Processing esp32-s3-devkitc1-n16r8 (platform: https://github.com/pioarduino/platform-espressif32/releases/download/stable/platform-espressif32.zip; board: esp32-s3-devkitc1-n16r8; framework: arduino)
--------------------------------------------------------------------------------
Verbose mode can be enabled via `-v, --verbose` option
CONFIGURATION: https://docs.platformio.org/page/boards/espressif32/esp32-s3-devkitc1-n16r8.html
PLATFORM: Espressif 32 (55.3.39) > Espressif ESP32-S3-DevKitC-1-N16R8V (16 MB Flash Quad, 8 MB PSRAM Octal)
HARDWARE: ESP32S3 240MHz, 320KB RAM, 16MB Flash
DEBUG: Current (esp-builtin) On-board (esp-builtin) External (cmsis-dap, esp-bridge, esp-prog, esp-prog-2, iot-bus-jtag, jlink, minimodule, olimex-arm-usb-ocd, olimex-arm-usb-ocd-h, olimex-arm-usb-tiny-h, olimex-jtag-tiny, tumpa)
PACKAGES: 
 - contrib-piohome @ 3.4.4 
 - framework-arduinoespressif32 @ 3.3.9 
 - framework-arduinoespressif32-libs @ 5.5.4+sha.735507283d 
 - tool-esptoolpy @ 5.3.0 
 - tool-xtensa-esp-elf-gdb @ 17.1.0+20260402 
 - toolchain-xtensa-esp-elf @ 14.2.0+20260121
*** WARNING: Windows Long Path Support is disabled ***
*** Enable it for better performance: ***
*** 1. Run as Administrator: gpedit.msc ***
*** 2. Navigate to: Computer Configuration > Administrative Templates > System > Filesystem ***
*** 3. Enable 'Enable Win32 long paths' ***
*** OR run PowerShell as Admin: ***
*** New-ItemProperty -Path 'HKLM:\SYSTEM\CurrentControlSet\Control\FileSystem' -Name 'LongPathsEnabled' -Value 1 -PropertyType DWORD -Force ***
*** Restart required after enabling ***
LDF: Library Dependency Finder -> https://bit.ly/configure-pio-ldf
LDF Modes: Finder ~ chain, Compatibility ~ soft
Found 49 compatible libraries
Scanning dependencies...
Dependency Graph
|-- TFT_eSPI @ 2.5.43
|-- ArduinoJson @ 7.4.3
|-- PubSubClient @ 2.8.0
|-- NimBLE-Arduino @ 2.5.0
|-- lvgl @ 9.5.0
|-- Preferences @ 3.3.9
|-- LittleFS @ 3.3.9
|-- WiFi @ 3.3.9
|-- USB @ 3.3.9
|-- opendroneid-core-c @ 0.0.0-local
Building in release mode
Compiling C:\PlatformIO\_build\Spectre\esp32-s3-devkitc1-n16r8\src\core\BootInfo.cpp.o
Compiling C:\PlatformIO\_build\Spectre\esp32-s3-devkitc1-n16r8\src\core\CrashBreadcrumb.cpp.o
Compiling C:\PlatformIO\_build\Spectre\esp32-s3-devkitc1-n16r8\src\core\DebugLog.cpp.o
Compiling C:\PlatformIO\_build\Spectre\esp32-s3-devkitc1-n16r8\src\core\MissionRuntime.cpp.o
Compiling C:\PlatformIO\_build\Spectre\esp32-s3-devkitc1-n16r8\src\core\RuntimeContracts.cpp.o
Compiling C:\PlatformIO\_build\Spectre\esp32-s3-devkitc1-n16r8\src\core\Session.cpp.o
Compiling C:\PlatformIO\_build\Spectre\esp32-s3-devkitc1-n16r8\src\core\SpectreState.cpp.o
Compiling C:\PlatformIO\_build\Spectre\esp32-s3-devkitc1-n16r8\src\core\StorageExclusiveWindow.cpp.o
Compiling C:\PlatformIO\_build\Spectre\esp32-s3-devkitc1-n16r8\src\core\StorageUiMirror.cpp.o
Compiling C:\PlatformIO\_build\Spectre\esp32-s3-devkitc1-n16r8\src\data\FieldVault.cpp.o
Compiling C:\PlatformIO\_build\Spectre\esp32-s3-devkitc1-n16r8\src\fonts\orbitron_bold_16.c.o
Compiling C:\PlatformIO\_build\Spectre\esp32-s3-devkitc1-n16r8\src\fonts\orbitron_bold_32.c.o
Compiling C:\PlatformIO\_build\Spectre\esp32-s3-devkitc1-n16r8\src\fonts\orbitron_bold_uncompressed_16.c.o
Compiling C:\PlatformIO\_build\Spectre\esp32-s3-devkitc1-n16r8\src\fonts\orbitron_bold_uncompressed_32.c.o
Compiling C:\PlatformIO\_build\Spectre\esp32-s3-devkitc1-n16r8\src\fonts\sharetech_14.c.o
Compiling C:\PlatformIO\_build\Spectre\esp32-s3-devkitc1-n16r8\src\fonts\sharetech_16.c.o
Compiling C:\PlatformIO\_build\Spectre\esp32-s3-devkitc1-n16r8\src\fonts\sharetech_uncompressed_14.c.o
Compiling C:\PlatformIO\_build\Spectre\esp32-s3-devkitc1-n16r8\src\fonts\sharetech_uncompressed_16.c.o
Compiling C:\PlatformIO\_build\Spectre\esp32-s3-devkitc1-n16r8\src\fonts\spacemono_bold_14.c.o
Compiling C:\PlatformIO\_build\Spectre\esp32-s3-devkitc1-n16r8\src\fonts\spacemono_bold_16.c.o
Compiling C:\PlatformIO\_build\Spectre\esp32-s3-devkitc1-n16r8\src\main.cpp.o
Compiling C:\PlatformIO\_build\Spectre\esp32-s3-devkitc1-n16r8\src\managers\AntennaManager.cpp.o
Compiling C:\PlatformIO\_build\Spectre\esp32-s3-devkitc1-n16r8\src\managers\BLEManager.cpp.o
Compiling C:\PlatformIO\_build\Spectre\esp32-s3-devkitc1-n16r8\src\managers\BadUsbManager.cpp.o
Compiling C:\PlatformIO\_build\Spectre\esp32-s3-devkitc1-n16r8\src\managers\BadUsbVault.cpp.o
Compiling C:\PlatformIO\_build\Spectre\esp32-s3-devkitc1-n16r8\src\managers\ButtonHandler.cpp.o
Compiling C:\PlatformIO\_build\Spectre\esp32-s3-devkitc1-n16r8\src\managers\CommandDispatcher.cpp.o
Compiling C:\PlatformIO\_build\Spectre\esp32-s3-devkitc1-n16r8\src\managers\CounterTrust.cpp.o
Compiling C:\PlatformIO\_build\Spectre\esp32-s3-devkitc1-n16r8\src\managers\DashboardStreamer.cpp.o
Compiling C:\PlatformIO\_build\Spectre\esp32-s3-devkitc1-n16r8\src\managers\DedupFilter.cpp.o
Compiling C:\PlatformIO\_build\Spectre\esp32-s3-devkitc1-n16r8\src\managers\DisplayManager.cpp.o
Compiling C:\PlatformIO\_build\Spectre\esp32-s3-devkitc1-n16r8\src\managers\EntityManager.cpp.o
Compiling C:\PlatformIO\_build\Spectre\esp32-s3-devkitc1-n16r8\src\managers\ExportManager.cpp.o
Compiling C:\PlatformIO\_build\Spectre\esp32-s3-devkitc1-n16r8\src\managers\FsAudit.cpp.o
Compiling C:\PlatformIO\_build\Spectre\esp32-s3-devkitc1-n16r8\src\managers\KnownLocationsStore.cpp.o
Compiling C:\PlatformIO\_build\Spectre\esp32-s3-devkitc1-n16r8\src\managers\LoRaManager.cpp.o
Compiling C:\PlatformIO\_build\Spectre\esp32-s3-devkitc1-n16r8\src\managers\LogStreamer.cpp.o
Compiling C:\PlatformIO\_build\Spectre\esp32-s3-devkitc1-n16r8\src\managers\MQTTManager.cpp.o
Compiling C:\PlatformIO\_build\Spectre\esp32-s3-devkitc1-n16r8\src\managers\MaintenanceContinuity.cpp.o
Compiling C:\PlatformIO\_build\Spectre\esp32-s3-devkitc1-n16r8\src\managers\MeshtasticManager.cpp.o
Compiling C:\PlatformIO\_build\Spectre\esp32-s3-devkitc1-n16r8\src\managers\NotificationCenter.cpp.o
Compiling C:\PlatformIO\_build\Spectre\esp32-s3-devkitc1-n16r8\src\managers\PhoneTransportRouter.cpp.o
Compiling C:\PlatformIO\_build\Spectre\esp32-s3-devkitc1-n16r8\src\managers\PowerManager.cpp.o
Compiling C:\PlatformIO\_build\Spectre\esp32-s3-devkitc1-n16r8\src\managers\RAMSpool.cpp.o
Compiling C:\PlatformIO\_build\Spectre\esp32-s3-devkitc1-n16r8\src\managers\RadioArbiter.cpp.o
Compiling C:\PlatformIO\_build\Spectre\esp32-s3-devkitc1-n16r8\src\managers\ReyaxBackend.cpp.o
Compiling C:\PlatformIO\_build\Spectre\esp32-s3-devkitc1-n16r8\src\managers\SettingsManager.cpp.o
Compiling C:\PlatformIO\_build\Spectre\esp32-s3-devkitc1-n16r8\src\managers\SpoolBinaryCodec.cpp.o
Compiling C:\PlatformIO\_build\Spectre\esp32-s3-devkitc1-n16r8\src\managers\SpoolPaths.cpp.o
Compiling C:\PlatformIO\_build\Spectre\esp32-s3-devkitc1-n16r8\src\managers\StorageFsUtil.cpp.o
Compiling C:\PlatformIO\_build\Spectre\esp32-s3-devkitc1-n16r8\src\managers\StorageManager.cpp.o
Compiling C:\PlatformIO\_build\Spectre\esp32-s3-devkitc1-n16r8\src\managers\SubGhzManager.cpp.o
Compiling C:\PlatformIO\_build\Spectre\esp32-s3-devkitc1-n16r8\src\managers\SubGhzRecordWriter.cpp.o
Compiling C:\PlatformIO\_build\Spectre\esp32-s3-devkitc1-n16r8\src\managers\TimeService.cpp.o
Compiling C:\PlatformIO\_build\Spectre\esp32-s3-devkitc1-n16r8\src\managers\WiFiManager.cpp.o
Compiling C:\PlatformIO\_build\Spectre\esp32-s3-devkitc1-n16r8\src\managers\WioNrfAccessory.cpp.o
Compiling C:\PlatformIO\_build\Spectre\esp32-s3-devkitc1-n16r8\src\managers\WioSx1262Backend.cpp.o
Compiling C:\PlatformIO\_build\Spectre\esp32-s3-devkitc1-n16r8\src\security\BleSecureSession.cpp.o
Compiling C:\PlatformIO\_build\Spectre\esp32-s3-devkitc1-n16r8\src\ui\BootSequence.cpp.o
Compiling C:\PlatformIO\_build\Spectre\esp32-s3-devkitc1-n16r8\src\ui\LVGLDriver.cpp.o
Compiling C:\PlatformIO\_build\Spectre\esp32-s3-devkitc1-n16r8\src\ui\Mascot.cpp.o
Compiling C:\PlatformIO\_build\Spectre\esp32-s3-devkitc1-n16r8\src\ui\Mascot_LVGL.cpp.o
Compiling C:\PlatformIO\_build\Spectre\esp32-s3-devkitc1-n16r8\src\ui\PrebootFallback.cpp.o
Building C:\PlatformIO\_build\Spectre\esp32-s3-devkitc1-n16r8\bootloader.bin
esptool v5.3.0
Creating ESP32-S3 image...
Merged 2 ELF sections.
Successfully created ESP32-S3 image.
Generating partitions C:\PlatformIO\_build\Spectre\esp32-s3-devkitc1-n16r8\partitions.bin
Compiling C:\PlatformIO\_build\Spectre\esp32-s3-devkitc1-n16r8\lib1dd\SPI\SPI.cpp.o
Compiling C:\PlatformIO\_build\Spectre\esp32-s3-devkitc1-n16r8\lib962\FS\FS.cpp.o
Compiling C:\PlatformIO\_build\Spectre\esp32-s3-devkitc1-n16r8\lib962\FS\vfs_api.cpp.o
Compiling C:\PlatformIO\_build\Spectre\esp32-s3-devkitc1-n16r8\lib601\SPIFFS\SPIFFS.cpp.o
Compiling C:\PlatformIO\_build\Spectre\esp32-s3-devkitc1-n16r8\lib3a5\LittleFS\LittleFS.cpp.o
Compiling C:\PlatformIO\_build\Spectre\esp32-s3-devkitc1-n16r8\lib87e\TFT_eSPI\TFT_eSPI.cpp.o
Archiving C:\PlatformIO\_build\Spectre\esp32-s3-devkitc1-n16r8\lib1dd\libSPI.a
Compiling C:\PlatformIO\_build\Spectre\esp32-s3-devkitc1-n16r8\lib143\PubSubClient\PubSubClient.cpp.o
Compiling C:\PlatformIO\_build\Spectre\esp32-s3-devkitc1-n16r8\lib054\NimBLE-Arduino\NimBLE2904.cpp.o
Compiling C:\PlatformIO\_build\Spectre\esp32-s3-devkitc1-n16r8\lib054\NimBLE-Arduino\NimBLEAddress.cpp.o
Compiling C:\PlatformIO\_build\Spectre\esp32-s3-devkitc1-n16r8\lib054\NimBLE-Arduino\NimBLEAdvertisedDevice.cpp.o
Compiling C:\PlatformIO\_build\Spectre\esp32-s3-devkitc1-n16r8\lib054\NimBLE-Arduino\NimBLEAdvertisementData.cpp.o
Compiling C:\PlatformIO\_build\Spectre\esp32-s3-devkitc1-n16r8\lib054\NimBLE-Arduino\NimBLEAdvertising.cpp.o
Compiling C:\PlatformIO\_build\Spectre\esp32-s3-devkitc1-n16r8\lib054\NimBLE-Arduino\NimBLEAttValue.cpp.o
Compiling C:\PlatformIO\_build\Spectre\esp32-s3-devkitc1-n16r8\lib054\NimBLE-Arduino\NimBLEBeacon.cpp.o
Compiling C:\PlatformIO\_build\Spectre\esp32-s3-devkitc1-n16r8\lib054\NimBLE-Arduino\NimBLECharacteristic.cpp.o
Compiling C:\PlatformIO\_build\Spectre\esp32-s3-devkitc1-n16r8\lib054\NimBLE-Arduino\NimBLEClient.cpp.o
Compiling C:\PlatformIO\_build\Spectre\esp32-s3-devkitc1-n16r8\lib054\NimBLE-Arduino\NimBLEDescriptor.cpp.o
Compiling C:\PlatformIO\_build\Spectre\esp32-s3-devkitc1-n16r8\lib054\NimBLE-Arduino\NimBLEDevice.cpp.o
Compiling C:\PlatformIO\_build\Spectre\esp32-s3-devkitc1-n16r8\lib054\NimBLE-Arduino\NimBLEEddystoneTLM.cpp.o
Archiving C:\PlatformIO\_build\Spectre\esp32-s3-devkitc1-n16r8\lib601\libSPIFFS.a
Compiling C:\PlatformIO\_build\Spectre\esp32-s3-devkitc1-n16r8\lib054\NimBLE-Arduino\NimBLEExtAdvertising.cpp.o
Archiving C:\PlatformIO\_build\Spectre\esp32-s3-devkitc1-n16r8\lib3a5\libLittleFS.a
Compiling C:\PlatformIO\_build\Spectre\esp32-s3-devkitc1-n16r8\lib054\NimBLE-Arduino\NimBLEHIDDevice.cpp.o
Compiling C:\PlatformIO\_build\Spectre\esp32-s3-devkitc1-n16r8\lib054\NimBLE-Arduino\NimBLEL2CAPChannel.cpp.o
Compiling C:\PlatformIO\_build\Spectre\esp32-s3-devkitc1-n16r8\lib054\NimBLE-Arduino\NimBLEL2CAPServer.cpp.o
Compiling C:\PlatformIO\_build\Spectre\esp32-s3-devkitc1-n16r8\lib054\NimBLE-Arduino\NimBLERemoteCharacteristic.cpp.o
Archiving C:\PlatformIO\_build\Spectre\esp32-s3-devkitc1-n16r8\lib143\libPubSubClient.a
Compiling C:\PlatformIO\_build\Spectre\esp32-s3-devkitc1-n16r8\lib054\NimBLE-Arduino\NimBLERemoteDescriptor.cpp.o
Compiling C:\PlatformIO\_build\Spectre\esp32-s3-devkitc1-n16r8\lib054\NimBLE-Arduino\NimBLERemoteService.cpp.o
Compiling C:\PlatformIO\_build\Spectre\esp32-s3-devkitc1-n16r8\lib054\NimBLE-Arduino\NimBLERemoteValueAttribute.cpp.o
Compiling C:\PlatformIO\_build\Spectre\esp32-s3-devkitc1-n16r8\lib054\NimBLE-Arduino\NimBLEScan.cpp.o
Archiving C:\PlatformIO\_build\Spectre\esp32-s3-devkitc1-n16r8\lib962\libFS.a
Compiling C:\PlatformIO\_build\Spectre\esp32-s3-devkitc1-n16r8\lib054\NimBLE-Arduino\NimBLEServer.cpp.o
Compiling C:\PlatformIO\_build\Spectre\esp32-s3-devkitc1-n16r8\lib054\NimBLE-Arduino\NimBLEService.cpp.o
Compiling C:\PlatformIO\_build\Spectre\esp32-s3-devkitc1-n16r8\lib054\NimBLE-Arduino\NimBLEStream.cpp.o
Compiling C:\PlatformIO\_build\Spectre\esp32-s3-devkitc1-n16r8\lib054\NimBLE-Arduino\NimBLEUUID.cpp.o
Compiling C:\PlatformIO\_build\Spectre\esp32-s3-devkitc1-n16r8\lib054\NimBLE-Arduino\NimBLEUtils.cpp.o
Compiling C:\PlatformIO\_build\Spectre\esp32-s3-devkitc1-n16r8\lib054\NimBLE-Arduino\nimble\esp_port\esp-hci\src\esp_nimble_hci.c.o
Compiling C:\PlatformIO\_build\Spectre\esp32-s3-devkitc1-n16r8\lib054\NimBLE-Arduino\nimble\esp_port\esp-hci\src\na_hci_driver.c.o
Compiling C:\PlatformIO\_build\Spectre\esp32-s3-devkitc1-n16r8\lib054\NimBLE-Arduino\nimble\esp_port\esp-hci\src\na_hci_transport.c.o
Compiling C:\PlatformIO\_build\Spectre\esp32-s3-devkitc1-n16r8\lib054\NimBLE-Arduino\nimble\esp_port\port\src\exp_nimble_mem.c.o
Compiling C:\PlatformIO\_build\Spectre\esp32-s3-devkitc1-n16r8\lib054\NimBLE-Arduino\nimble\ext\tinycrypt\src\aes_decrypt.c.o
Compiling C:\PlatformIO\_build\Spectre\esp32-s3-devkitc1-n16r8\lib054\NimBLE-Arduino\nimble\ext\tinycrypt\src\aes_encrypt.c.o
Compiling C:\PlatformIO\_build\Spectre\esp32-s3-devkitc1-n16r8\lib054\NimBLE-Arduino\nimble\ext\tinycrypt\src\cbc_mode.c.o
Compiling C:\PlatformIO\_build\Spectre\esp32-s3-devkitc1-n16r8\lib054\NimBLE-Arduino\nimble\ext\tinycrypt\src\ccm_mode.c.o
Compiling C:\PlatformIO\_build\Spectre\esp32-s3-devkitc1-n16r8\lib054\NimBLE-Arduino\nimble\ext\tinycrypt\src\cmac_mode.c.o
Compiling C:\PlatformIO\_build\Spectre\esp32-s3-devkitc1-n16r8\lib054\NimBLE-Arduino\nimble\ext\tinycrypt\src\ctr_mode.c.o
Compiling C:\PlatformIO\_build\Spectre\esp32-s3-devkitc1-n16r8\lib054\NimBLE-Arduino\nimble\ext\tinycrypt\src\ctr_prng.c.o
Compiling C:\PlatformIO\_build\Spectre\esp32-s3-devkitc1-n16r8\lib054\NimBLE-Arduino\nimble\ext\tinycrypt\src\ecc.c.o
Compiling C:\PlatformIO\_build\Spectre\esp32-s3-devkitc1-n16r8\lib054\NimBLE-Arduino\nimble\ext\tinycrypt\src\ecc_dh.c.o
Compiling C:\PlatformIO\_build\Spectre\esp32-s3-devkitc1-n16r8\lib054\NimBLE-Arduino\nimble\ext\tinycrypt\src\ecc_dsa.c.o
Compiling C:\PlatformIO\_build\Spectre\esp32-s3-devkitc1-n16r8\lib054\NimBLE-Arduino\nimble\ext\tinycrypt\src\ecc_platform_specific.c.o
Compiling C:\PlatformIO\_build\Spectre\esp32-s3-devkitc1-n16r8\lib054\NimBLE-Arduino\nimble\ext\tinycrypt\src\hmac.c.o
Compiling C:\PlatformIO\_build\Spectre\esp32-s3-devkitc1-n16r8\lib054\NimBLE-Arduino\nimble\ext\tinycrypt\src\hmac_prng.c.o
Compiling C:\PlatformIO\_build\Spectre\esp32-s3-devkitc1-n16r8\lib054\NimBLE-Arduino\nimble\ext\tinycrypt\src\sha256.c.o
Compiling C:\PlatformIO\_build\Spectre\esp32-s3-devkitc1-n16r8\lib054\NimBLE-Arduino\nimble\ext\tinycrypt\src\utils.c.o
Compiling C:\PlatformIO\_build\Spectre\esp32-s3-devkitc1-n16r8\lib054\NimBLE-Arduino\nimble\nimble\controller\src\ble_ll.c.o
Compiling C:\PlatformIO\_build\Spectre\esp32-s3-devkitc1-n16r8\lib054\NimBLE-Arduino\nimble\nimble\controller\src\ble_ll_adv.c.o
Compiling C:\PlatformIO\_build\Spectre\esp32-s3-devkitc1-n16r8\lib054\NimBLE-Arduino\nimble\nimble\controller\src\ble_ll_conn.c.o
Compiling C:\PlatformIO\_build\Spectre\esp32-s3-devkitc1-n16r8\lib054\NimBLE-Arduino\nimble\nimble\controller\src\ble_ll_conn_hci.c.o
Compiling C:\PlatformIO\_build\Spectre\esp32-s3-devkitc1-n16r8\lib054\NimBLE-Arduino\nimble\nimble\controller\src\ble_ll_crypto.c.o
Compiling C:\PlatformIO\_build\Spectre\esp32-s3-devkitc1-n16r8\lib054\NimBLE-Arduino\nimble\nimble\controller\src\ble_ll_ctrl.c.o
Compiling C:\PlatformIO\_build\Spectre\esp32-s3-devkitc1-n16r8\lib054\NimBLE-Arduino\nimble\nimble\controller\src\ble_ll_dtm.c.o
Compiling C:\PlatformIO\_build\Spectre\esp32-s3-devkitc1-n16r8\lib054\NimBLE-Arduino\nimble\nimble\controller\src\ble_ll_hci.c.o
Compiling C:\PlatformIO\_build\Spectre\esp32-s3-devkitc1-n16r8\lib054\NimBLE-Arduino\nimble\nimble\controller\src\ble_ll_hci_ev.c.o
Compiling C:\PlatformIO\_build\Spectre\esp32-s3-devkitc1-n16r8\lib054\NimBLE-Arduino\nimble\nimble\controller\src\ble_ll_hci_supp_cmd.c.o
Compiling C:\PlatformIO\_build\Spectre\esp32-s3-devkitc1-n16r8\lib054\NimBLE-Arduino\nimble\nimble\controller\src\ble_ll_hci_vs.c.o
Compiling C:\PlatformIO\_build\Spectre\esp32-s3-devkitc1-n16r8\lib054\NimBLE-Arduino\nimble\nimble\controller\src\ble_ll_iso.c.o
Compiling C:\PlatformIO\_build\Spectre\esp32-s3-devkitc1-n16r8\lib054\NimBLE-Arduino\nimble\nimble\controller\src\ble_ll_iso_big.c.o
Compiling C:\PlatformIO\_build\Spectre\esp32-s3-devkitc1-n16r8\lib054\NimBLE-Arduino\nimble\nimble\controller\src\ble_ll_isoal.c.o
Compiling C:\PlatformIO\_build\Spectre\esp32-s3-devkitc1-n16r8\lib054\NimBLE-Arduino\nimble\nimble\controller\src\ble_ll_pdu.c.o
Compiling C:\PlatformIO\_build\Spectre\esp32-s3-devkitc1-n16r8\lib054\NimBLE-Arduino\nimble\nimble\controller\src\ble_ll_rand.c.o
Compiling C:\PlatformIO\_build\Spectre\esp32-s3-devkitc1-n16r8\lib054\NimBLE-Arduino\nimble\nimble\controller\src\ble_ll_resolv.c.o
Compiling C:\PlatformIO\_build\Spectre\esp32-s3-devkitc1-n16r8\lib054\NimBLE-Arduino\nimble\nimble\controller\src\ble_ll_rfmgmt.c.o
Compiling C:\PlatformIO\_build\Spectre\esp32-s3-devkitc1-n16r8\lib054\NimBLE-Arduino\nimble\nimble\controller\src\ble_ll_scan.c.o
Compiling C:\PlatformIO\_build\Spectre\esp32-s3-devkitc1-n16r8\lib054\NimBLE-Arduino\nimble\nimble\controller\src\ble_ll_scan_aux.c.o
Compiling C:\PlatformIO\_build\Spectre\esp32-s3-devkitc1-n16r8\lib054\NimBLE-Arduino\nimble\nimble\controller\src\ble_ll_sched.c.o
Compiling C:\PlatformIO\_build\Spectre\esp32-s3-devkitc1-n16r8\lib054\NimBLE-Arduino\nimble\nimble\controller\src\ble_ll_sync.c.o
Compiling C:\PlatformIO\_build\Spectre\esp32-s3-devkitc1-n16r8\lib054\NimBLE-Arduino\nimble\nimble\controller\src\ble_ll_trace.c.o
Compiling C:\PlatformIO\_build\Spectre\esp32-s3-devkitc1-n16r8\lib054\NimBLE-Arduino\nimble\nimble\controller\src\ble_ll_utils.c.o
Compiling C:\PlatformIO\_build\Spectre\esp32-s3-devkitc1-n16r8\lib054\NimBLE-Arduino\nimble\nimble\controller\src\ble_ll_whitelist.c.o
Compiling C:\PlatformIO\_build\Spectre\esp32-s3-devkitc1-n16r8\lib054\NimBLE-Arduino\nimble\nimble\drivers\nrf51\src\ble_hw.c.o
Compiling C:\PlatformIO\_build\Spectre\esp32-s3-devkitc1-n16r8\lib054\NimBLE-Arduino\nimble\nimble\drivers\nrf51\src\ble_phy.c.o
Compiling C:\PlatformIO\_build\Spectre\esp32-s3-devkitc1-n16r8\lib054\NimBLE-Arduino\nimble\nimble\drivers\nrf5x\src\ble_hw.c.o
Compiling C:\PlatformIO\_build\Spectre\esp32-s3-devkitc1-n16r8\lib054\NimBLE-Arduino\nimble\nimble\drivers\nrf5x\src\ble_phy.c.o
Compiling C:\PlatformIO\_build\Spectre\esp32-s3-devkitc1-n16r8\lib054\NimBLE-Arduino\nimble\nimble\drivers\nrf5x\src\ble_phy_trace.c.o
Compiling C:\PlatformIO\_build\Spectre\esp32-s3-devkitc1-n16r8\lib054\NimBLE-Arduino\nimble\nimble\drivers\nrf5x\src\nrf52\phy.c.o
Compiling C:\PlatformIO\_build\Spectre\esp32-s3-devkitc1-n16r8\lib054\NimBLE-Arduino\nimble\nimble\drivers\nrf5x\src\nrf53\phy.c.o
Compiling C:\PlatformIO\_build\Spectre\esp32-s3-devkitc1-n16r8\lib054\NimBLE-Arduino\nimble\nimble\host\mesh\src\access.c.o
Compiling C:\PlatformIO\_build\Spectre\esp32-s3-devkitc1-n16r8\lib054\NimBLE-Arduino\nimble\nimble\host\mesh\src\adv.c.o
Compiling C:\PlatformIO\_build\Spectre\esp32-s3-devkitc1-n16r8\lib054\NimBLE-Arduino\nimble\nimble\host\mesh\src\adv_ext.c.o
Compiling C:\PlatformIO\_build\Spectre\esp32-s3-devkitc1-n16r8\lib054\NimBLE-Arduino\nimble\nimble\host\mesh\src\adv_legacy.c.o
Compiling C:\PlatformIO\_build\Spectre\esp32-s3-devkitc1-n16r8\lib054\NimBLE-Arduino\nimble\nimble\host\mesh\src\aes-ccm.c.o
Compiling C:\PlatformIO\_build\Spectre\esp32-s3-devkitc1-n16r8\lib054\NimBLE-Arduino\nimble\nimble\host\mesh\src\app_keys.c.o
Compiling C:\PlatformIO\_build\Spectre\esp32-s3-devkitc1-n16r8\lib054\NimBLE-Arduino\nimble\nimble\host\mesh\src\beacon.c.o
Compiling C:\PlatformIO\_build\Spectre\esp32-s3-devkitc1-n16r8\lib054\NimBLE-Arduino\nimble\nimble\host\mesh\src\cdb.c.o
Compiling C:\PlatformIO\_build\Spectre\esp32-s3-devkitc1-n16r8\lib054\NimBLE-Arduino\nimble\nimble\host\mesh\src\cfg.c.o
Compiling C:\PlatformIO\_build\Spectre\esp32-s3-devkitc1-n16r8\lib054\NimBLE-Arduino\nimble\nimble\host\mesh\src\cfg_cli.c.o
Compiling C:\PlatformIO\_build\Spectre\esp32-s3-devkitc1-n16r8\lib054\NimBLE-Arduino\nimble\nimble\host\mesh\src\cfg_srv.c.o
Compiling C:\PlatformIO\_build\Spectre\esp32-s3-devkitc1-n16r8\lib054\NimBLE-Arduino\nimble\nimble\host\mesh\src\crypto.c.o
Compiling C:\PlatformIO\_build\Spectre\esp32-s3-devkitc1-n16r8\lib054\NimBLE-Arduino\nimble\nimble\host\mesh\src\friend.c.o
Compiling C:\PlatformIO\_build\Spectre\esp32-s3-devkitc1-n16r8\lib054\NimBLE-Arduino\nimble\nimble\host\mesh\src\glue.c.o
Compiling C:\PlatformIO\_build\Spectre\esp32-s3-devkitc1-n16r8\lib054\NimBLE-Arduino\nimble\nimble\host\mesh\src\health_cli.c.o
Compiling C:\PlatformIO\_build\Spectre\esp32-s3-devkitc1-n16r8\lib054\NimBLE-Arduino\nimble\nimble\host\mesh\src\health_srv.c.o
Compiling C:\PlatformIO\_build\Spectre\esp32-s3-devkitc1-n16r8\lib054\NimBLE-Arduino\nimble\nimble\host\mesh\src\heartbeat.c.o
Compiling C:\PlatformIO\_build\Spectre\esp32-s3-devkitc1-n16r8\lib054\NimBLE-Arduino\nimble\nimble\host\mesh\src\light_model.c.o
Compiling C:\PlatformIO\_build\Spectre\esp32-s3-devkitc1-n16r8\lib054\NimBLE-Arduino\nimble\nimble\host\mesh\src\lpn.c.o
Compiling C:\PlatformIO\_build\Spectre\esp32-s3-devkitc1-n16r8\lib054\NimBLE-Arduino\nimble\nimble\host\mesh\src\mesh.c.o
Compiling C:\PlatformIO\_build\Spectre\esp32-s3-devkitc1-n16r8\lib054\NimBLE-Arduino\nimble\nimble\host\mesh\src\model_cli.c.o
Compiling C:\PlatformIO\_build\Spectre\esp32-s3-devkitc1-n16r8\lib054\NimBLE-Arduino\nimble\nimble\host\mesh\src\model_srv.c.o
Compiling C:\PlatformIO\_build\Spectre\esp32-s3-devkitc1-n16r8\lib054\NimBLE-Arduino\nimble\nimble\host\mesh\src\msg.c.o
Compiling C:\PlatformIO\_build\Spectre\esp32-s3-devkitc1-n16r8\lib054\NimBLE-Arduino\nimble\nimble\host\mesh\src\net.c.o
Compiling C:\PlatformIO\_build\Spectre\esp32-s3-devkitc1-n16r8\lib054\NimBLE-Arduino\nimble\nimble\host\mesh\src\pb_adv.c.o
Compiling C:\PlatformIO\_build\Spectre\esp32-s3-devkitc1-n16r8\lib054\NimBLE-Arduino\nimble\nimble\host\mesh\src\pb_gatt.c.o
Compiling C:\PlatformIO\_build\Spectre\esp32-s3-devkitc1-n16r8\lib054\NimBLE-Arduino\nimble\nimble\host\mesh\src\pb_gatt_srv.c.o
Compiling C:\PlatformIO\_build\Spectre\esp32-s3-devkitc1-n16r8\lib054\NimBLE-Arduino\nimble\nimble\host\mesh\src\prov.c.o
Compiling C:\PlatformIO\_build\Spectre\esp32-s3-devkitc1-n16r8\lib054\NimBLE-Arduino\nimble\nimble\host\mesh\src\prov_device.c.o
Compiling C:\PlatformIO\_build\Spectre\esp32-s3-devkitc1-n16r8\lib054\NimBLE-Arduino\nimble\nimble\host\mesh\src\provisioner.c.o
Compiling C:\PlatformIO\_build\Spectre\esp32-s3-devkitc1-n16r8\lib054\NimBLE-Arduino\nimble\nimble\host\mesh\src\proxy.c.o
Compiling C:\PlatformIO\_build\Spectre\esp32-s3-devkitc1-n16r8\lib054\NimBLE-Arduino\nimble\nimble\host\mesh\src\proxy_msg.c.o
Compiling C:\PlatformIO\_build\Spectre\esp32-s3-devkitc1-n16r8\lib054\NimBLE-Arduino\nimble\nimble\host\mesh\src\proxy_srv.c.o
Compiling C:\PlatformIO\_build\Spectre\esp32-s3-devkitc1-n16r8\lib054\NimBLE-Arduino\nimble\nimble\host\mesh\src\rpl.c.o
Compiling C:\PlatformIO\_build\Spectre\esp32-s3-devkitc1-n16r8\lib054\NimBLE-Arduino\nimble\nimble\host\mesh\src\settings.c.o
Compiling C:\PlatformIO\_build\Spectre\esp32-s3-devkitc1-n16r8\lib054\NimBLE-Arduino\nimble\nimble\host\mesh\src\shell.c.o
Compiling C:\PlatformIO\_build\Spectre\esp32-s3-devkitc1-n16r8\lib054\NimBLE-Arduino\nimble\nimble\host\mesh\src\subnet.c.o
Compiling C:\PlatformIO\_build\Spectre\esp32-s3-devkitc1-n16r8\lib054\NimBLE-Arduino\nimble\nimble\host\mesh\src\testing.c.o
Compiling C:\PlatformIO\_build\Spectre\esp32-s3-devkitc1-n16r8\lib054\NimBLE-Arduino\nimble\nimble\host\mesh\src\transport.c.o
Archiving C:\PlatformIO\_build\Spectre\esp32-s3-devkitc1-n16r8\lib87e\libTFT_eSPI.a
Compiling C:\PlatformIO\_build\Spectre\esp32-s3-devkitc1-n16r8\lib054\NimBLE-Arduino\nimble\nimble\host\services\gap\src\ble_svc_gap.c.o
Compiling C:\PlatformIO\_build\Spectre\esp32-s3-devkitc1-n16r8\lib054\NimBLE-Arduino\nimble\nimble\host\services\gatt\src\ble_svc_gatt.c.o
Compiling C:\PlatformIO\_build\Spectre\esp32-s3-devkitc1-n16r8\lib054\NimBLE-Arduino\nimble\nimble\host\src\ble_aes_ccm.c.o
Compiling C:\PlatformIO\_build\Spectre\esp32-s3-devkitc1-n16r8\lib054\NimBLE-Arduino\nimble\nimble\host\src\ble_att.c.o
Compiling C:\PlatformIO\_build\Spectre\esp32-s3-devkitc1-n16r8\lib054\NimBLE-Arduino\nimble\nimble\host\src\ble_att_clt.c.o
Compiling C:\PlatformIO\_build\Spectre\esp32-s3-devkitc1-n16r8\lib054\NimBLE-Arduino\nimble\nimble\host\src\ble_att_cmd.c.o
Compiling C:\PlatformIO\_build\Spectre\esp32-s3-devkitc1-n16r8\lib054\NimBLE-Arduino\nimble\nimble\host\src\ble_att_svr.c.o
Compiling C:\PlatformIO\_build\Spectre\esp32-s3-devkitc1-n16r8\lib054\NimBLE-Arduino\nimble\nimble\host\src\ble_dtm.c.o
Compiling C:\PlatformIO\_build\Spectre\esp32-s3-devkitc1-n16r8\lib054\NimBLE-Arduino\nimble\nimble\host\src\ble_ead.c.o
Compiling C:\PlatformIO\_build\Spectre\esp32-s3-devkitc1-n16r8\lib054\NimBLE-Arduino\nimble\nimble\host\src\ble_eatt.c.o
Compiling C:\PlatformIO\_build\Spectre\esp32-s3-devkitc1-n16r8\lib054\NimBLE-Arduino\nimble\nimble\host\src\ble_eddystone.c.o
Compiling C:\PlatformIO\_build\Spectre\esp32-s3-devkitc1-n16r8\lib054\NimBLE-Arduino\nimble\nimble\host\src\ble_gap.c.o
Compiling C:\PlatformIO\_build\Spectre\esp32-s3-devkitc1-n16r8\lib054\NimBLE-Arduino\nimble\nimble\host\src\ble_gattc.c.o
Compiling C:\PlatformIO\_build\Spectre\esp32-s3-devkitc1-n16r8\lib054\NimBLE-Arduino\nimble\nimble\host\src\ble_gattc_cache.c.o
Compiling C:\PlatformIO\_build\Spectre\esp32-s3-devkitc1-n16r8\lib054\NimBLE-Arduino\nimble\nimble\host\src\ble_gattc_cache_conn.c.o
Compiling C:\PlatformIO\_build\Spectre\esp32-s3-devkitc1-n16r8\lib054\NimBLE-Arduino\nimble\nimble\host\src\ble_gatts.c.o
Compiling C:\PlatformIO\_build\Spectre\esp32-s3-devkitc1-n16r8\lib054\NimBLE-Arduino\nimble\nimble\host\src\ble_gatts_lcl.c.o
Compiling C:\PlatformIO\_build\Spectre\esp32-s3-devkitc1-n16r8\lib054\NimBLE-Arduino\nimble\nimble\host\src\ble_hs.c.o
Compiling C:\PlatformIO\_build\Spectre\esp32-s3-devkitc1-n16r8\lib054\NimBLE-Arduino\nimble\nimble\host\src\ble_hs_adv.c.o
Compiling C:\PlatformIO\_build\Spectre\esp32-s3-devkitc1-n16r8\lib054\NimBLE-Arduino\nimble\nimble\host\src\ble_hs_atomic.c.o
Compiling C:\PlatformIO\_build\Spectre\esp32-s3-devkitc1-n16r8\lib054\NimBLE-Arduino\nimble\nimble\host\src\ble_hs_cfg.c.o
Compiling C:\PlatformIO\_build\Spectre\esp32-s3-devkitc1-n16r8\lib054\NimBLE-Arduino\nimble\nimble\host\src\ble_hs_conn.c.o
Compiling C:\PlatformIO\_build\Spectre\esp32-s3-devkitc1-n16r8\lib054\NimBLE-Arduino\nimble\nimble\host\src\ble_hs_flow.c.o
Compiling C:\PlatformIO\_build\Spectre\esp32-s3-devkitc1-n16r8\lib054\NimBLE-Arduino\nimble\nimble\host\src\ble_hs_hci.c.o
Compiling C:\PlatformIO\_build\Spectre\esp32-s3-devkitc1-n16r8\lib054\NimBLE-Arduino\nimble\nimble\host\src\ble_hs_hci_cmd.c.o
Compiling C:\PlatformIO\_build\Spectre\esp32-s3-devkitc1-n16r8\lib054\NimBLE-Arduino\nimble\nimble\host\src\ble_hs_hci_evt.c.o
Compiling C:\PlatformIO\_build\Spectre\esp32-s3-devkitc1-n16r8\lib054\NimBLE-Arduino\nimble\nimble\host\src\ble_hs_hci_util.c.o
Compiling C:\PlatformIO\_build\Spectre\esp32-s3-devkitc1-n16r8\lib054\NimBLE-Arduino\nimble\nimble\host\src\ble_hs_id.c.o
Compiling C:\PlatformIO\_build\Spectre\esp32-s3-devkitc1-n16r8\lib054\NimBLE-Arduino\nimble\nimble\host\src\ble_hs_log.c.o
Compiling C:\PlatformIO\_build\Spectre\esp32-s3-devkitc1-n16r8\lib054\NimBLE-Arduino\nimble\nimble\host\src\ble_hs_mbuf.c.o
Compiling C:\PlatformIO\_build\Spectre\esp32-s3-devkitc1-n16r8\lib054\NimBLE-Arduino\nimble\nimble\host\src\ble_hs_misc.c.o
Compiling C:\PlatformIO\_build\Spectre\esp32-s3-devkitc1-n16r8\lib054\NimBLE-Arduino\nimble\nimble\host\src\ble_hs_mqueue.c.o
Compiling C:\PlatformIO\_build\Spectre\esp32-s3-devkitc1-n16r8\lib054\NimBLE-Arduino\nimble\nimble\host\src\ble_hs_periodic_sync.c.o
Compiling C:\PlatformIO\_build\Spectre\esp32-s3-devkitc1-n16r8\lib054\NimBLE-Arduino\nimble\nimble\host\src\ble_hs_pvcy.c.o
Compiling C:\PlatformIO\_build\Spectre\esp32-s3-devkitc1-n16r8\lib054\NimBLE-Arduino\nimble\nimble\host\src\ble_hs_resolv.c.o
Compiling C:\PlatformIO\_build\Spectre\esp32-s3-devkitc1-n16r8\lib054\NimBLE-Arduino\nimble\nimble\host\src\ble_hs_shutdown.c.o
Compiling C:\PlatformIO\_build\Spectre\esp32-s3-devkitc1-n16r8\lib054\NimBLE-Arduino\nimble\nimble\host\src\ble_hs_startup.c.o
Compiling C:\PlatformIO\_build\Spectre\esp32-s3-devkitc1-n16r8\lib054\NimBLE-Arduino\nimble\nimble\host\src\ble_hs_stop.c.o
Compiling C:\PlatformIO\_build\Spectre\esp32-s3-devkitc1-n16r8\lib054\NimBLE-Arduino\nimble\nimble\host\src\ble_ibeacon.c.o
Compiling C:\PlatformIO\_build\Spectre\esp32-s3-devkitc1-n16r8\lib054\NimBLE-Arduino\nimble\nimble\host\src\ble_l2cap.c.o
Compiling C:\PlatformIO\_build\Spectre\esp32-s3-devkitc1-n16r8\lib054\NimBLE-Arduino\nimble\nimble\host\src\ble_l2cap_coc.c.o
Compiling C:\PlatformIO\_build\Spectre\esp32-s3-devkitc1-n16r8\lib054\NimBLE-Arduino\nimble\nimble\host\src\ble_l2cap_sig.c.o
Compiling C:\PlatformIO\_build\Spectre\esp32-s3-devkitc1-n16r8\lib054\NimBLE-Arduino\nimble\nimble\host\src\ble_l2cap_sig_cmd.c.o
Compiling C:\PlatformIO\_build\Spectre\esp32-s3-devkitc1-n16r8\lib054\NimBLE-Arduino\nimble\nimble\host\src\ble_sm.c.o
Compiling C:\PlatformIO\_build\Spectre\esp32-s3-devkitc1-n16r8\lib054\NimBLE-Arduino\nimble\nimble\host\src\ble_sm_alg.c.o
Compiling C:\PlatformIO\_build\Spectre\esp32-s3-devkitc1-n16r8\lib054\NimBLE-Arduino\nimble\nimble\host\src\ble_sm_cmd.c.o
Compiling C:\PlatformIO\_build\Spectre\esp32-s3-devkitc1-n16r8\lib054\NimBLE-Arduino\nimble\nimble\host\src\ble_sm_lgcy.c.o
Compiling C:\PlatformIO\_build\Spectre\esp32-s3-devkitc1-n16r8\lib054\NimBLE-Arduino\nimble\nimble\host\src\ble_sm_sc.c.o
Compiling C:\PlatformIO\_build\Spectre\esp32-s3-devkitc1-n16r8\lib054\NimBLE-Arduino\nimble\nimble\host\src\ble_store.c.o
Compiling C:\PlatformIO\_build\Spectre\esp32-s3-devkitc1-n16r8\lib054\NimBLE-Arduino\nimble\nimble\host\src\ble_store_util.c.o
Compiling C:\PlatformIO\_build\Spectre\esp32-s3-devkitc1-n16r8\lib054\NimBLE-Arduino\nimble\nimble\host\src\ble_uuid.c.o
Compiling C:\PlatformIO\_build\Spectre\esp32-s3-devkitc1-n16r8\lib054\NimBLE-Arduino\nimble\nimble\host\store\config\src\ble_store_config.c.o
Compiling C:\PlatformIO\_build\Spectre\esp32-s3-devkitc1-n16r8\lib054\NimBLE-Arduino\nimble\nimble\host\store\config\src\ble_store_config_conf.c.o
Compiling C:\PlatformIO\_build\Spectre\esp32-s3-devkitc1-n16r8\lib054\NimBLE-Arduino\nimble\nimble\host\store\config\src\ble_store_nvs.c.o
Compiling C:\PlatformIO\_build\Spectre\esp32-s3-devkitc1-n16r8\lib054\NimBLE-Arduino\nimble\nimble\host\store\ram\src\ble_store_ram.c.o
Compiling C:\PlatformIO\_build\Spectre\esp32-s3-devkitc1-n16r8\lib054\NimBLE-Arduino\nimble\nimble\host\util\src\addr.c.o
Compiling C:\PlatformIO\_build\Spectre\esp32-s3-devkitc1-n16r8\lib054\NimBLE-Arduino\nimble\nimble\transport\common\hci_h4\src\hci_h4.c.o
Compiling C:\PlatformIO\_build\Spectre\esp32-s3-devkitc1-n16r8\lib054\NimBLE-Arduino\nimble\nimble\transport\common\hci_ipc\src\hci_ipc.c.o
Compiling C:\PlatformIO\_build\Spectre\esp32-s3-devkitc1-n16r8\lib054\NimBLE-Arduino\nimble\nimble\transport\esp_ipc\src\hci_esp_ipc.c.o
Compiling C:\PlatformIO\_build\Spectre\esp32-s3-devkitc1-n16r8\lib054\NimBLE-Arduino\nimble\nimble\transport\esp_ipc_legacy\src\hci_esp_ipc_legacy.c.o
Compiling C:\PlatformIO\_build\Spectre\esp32-s3-devkitc1-n16r8\lib054\NimBLE-Arduino\nimble\nimble\transport\nrf5340\src\nrf5340_ble_hci.c.o
Compiling C:\PlatformIO\_build\Spectre\esp32-s3-devkitc1-n16r8\lib054\NimBLE-Arduino\nimble\nimble\transport\src\transport.c.o
Compiling C:\PlatformIO\_build\Spectre\esp32-s3-devkitc1-n16r8\lib054\NimBLE-Arduino\nimble\porting\nimble\src\endian.c.o
Compiling C:\PlatformIO\_build\Spectre\esp32-s3-devkitc1-n16r8\lib054\NimBLE-Arduino\nimble\porting\nimble\src\hal_timer.c.o
Compiling C:\PlatformIO\_build\Spectre\esp32-s3-devkitc1-n16r8\lib054\NimBLE-Arduino\nimble\porting\nimble\src\mem.c.o
Compiling C:\PlatformIO\_build\Spectre\esp32-s3-devkitc1-n16r8\lib054\NimBLE-Arduino\nimble\porting\nimble\src\nimble_port.c.o
Compiling C:\PlatformIO\_build\Spectre\esp32-s3-devkitc1-n16r8\lib054\NimBLE-Arduino\nimble\porting\nimble\src\os_cputime.c.o
Compiling C:\PlatformIO\_build\Spectre\esp32-s3-devkitc1-n16r8\lib054\NimBLE-Arduino\nimble\porting\nimble\src\os_cputime_pwr2.c.o
Compiling C:\PlatformIO\_build\Spectre\esp32-s3-devkitc1-n16r8\lib054\NimBLE-Arduino\nimble\porting\nimble\src\os_mbuf.c.o
Compiling C:\PlatformIO\_build\Spectre\esp32-s3-devkitc1-n16r8\lib054\NimBLE-Arduino\nimble\porting\nimble\src\os_mempool.c.o
Compiling C:\PlatformIO\_build\Spectre\esp32-s3-devkitc1-n16r8\lib054\NimBLE-Arduino\nimble\porting\nimble\src\os_msys_init.c.o
Compiling C:\PlatformIO\_build\Spectre\esp32-s3-devkitc1-n16r8\lib054\NimBLE-Arduino\nimble\porting\npl\freertos\src\nimble_port_freertos.c.o
Compiling C:\PlatformIO\_build\Spectre\esp32-s3-devkitc1-n16r8\lib054\NimBLE-Arduino\nimble\porting\npl\freertos\src\npl_os_freertos.c.o
Compiling C:\PlatformIO\_build\Spectre\esp32-s3-devkitc1-n16r8\libb1d\SD\SD.cpp.o
Compiling C:\PlatformIO\_build\Spectre\esp32-s3-devkitc1-n16r8\libb1d\SD\sd_diskio.cpp.o
Compiling C:\PlatformIO\_build\Spectre\esp32-s3-devkitc1-n16r8\libb1d\SD\sd_diskio_crc.c.o
Compiling C:\PlatformIO\_build\Spectre\esp32-s3-devkitc1-n16r8\liba9c\lvgl\core\lv_group.c.o
Archiving C:\PlatformIO\_build\Spectre\esp32-s3-devkitc1-n16r8\lib054\libNimBLE-Arduino.a
Compiling C:\PlatformIO\_build\Spectre\esp32-s3-devkitc1-n16r8\liba9c\lvgl\core\lv_obj.c.o
Compiling C:\PlatformIO\_build\Spectre\esp32-s3-devkitc1-n16r8\liba9c\lvgl\core\lv_obj_class.c.o
Compiling C:\PlatformIO\_build\Spectre\esp32-s3-devkitc1-n16r8\liba9c\lvgl\core\lv_obj_draw.c.o
Compiling C:\PlatformIO\_build\Spectre\esp32-s3-devkitc1-n16r8\liba9c\lvgl\core\lv_obj_event.c.o
Compiling C:\PlatformIO\_build\Spectre\esp32-s3-devkitc1-n16r8\liba9c\lvgl\core\lv_obj_id_builtin.c.o
Compiling C:\PlatformIO\_build\Spectre\esp32-s3-devkitc1-n16r8\liba9c\lvgl\core\lv_obj_pos.c.o
Compiling C:\PlatformIO\_build\Spectre\esp32-s3-devkitc1-n16r8\liba9c\lvgl\core\lv_obj_property.c.o
Compiling C:\PlatformIO\_build\Spectre\esp32-s3-devkitc1-n16r8\liba9c\lvgl\core\lv_obj_scroll.c.o
Compiling C:\PlatformIO\_build\Spectre\esp32-s3-devkitc1-n16r8\liba9c\lvgl\core\lv_obj_style.c.o
Compiling C:\PlatformIO\_build\Spectre\esp32-s3-devkitc1-n16r8\liba9c\lvgl\core\lv_obj_style_gen.c.o
Compiling C:\PlatformIO\_build\Spectre\esp32-s3-devkitc1-n16r8\liba9c\lvgl\core\lv_obj_tree.c.o
Compiling C:\PlatformIO\_build\Spectre\esp32-s3-devkitc1-n16r8\liba9c\lvgl\core\lv_observer.c.o
Compiling C:\PlatformIO\_build\Spectre\esp32-s3-devkitc1-n16r8\liba9c\lvgl\core\lv_refr.c.o
Compiling C:\PlatformIO\_build\Spectre\esp32-s3-devkitc1-n16r8\liba9c\lvgl\debugging\monkey\lv_monkey.c.o
Compiling C:\PlatformIO\_build\Spectre\esp32-s3-devkitc1-n16r8\liba9c\lvgl\debugging\sysmon\lv_sysmon.c.o
Compiling C:\PlatformIO\_build\Spectre\esp32-s3-devkitc1-n16r8\liba9c\lvgl\debugging\test\lv_test_display.c.o
Compiling C:\PlatformIO\_build\Spectre\esp32-s3-devkitc1-n16r8\liba9c\lvgl\debugging\test\lv_test_fs.c.o
Compiling C:\PlatformIO\_build\Spectre\esp32-s3-devkitc1-n16r8\liba9c\lvgl\debugging\test\lv_test_helpers.c.o
Compiling C:\PlatformIO\_build\Spectre\esp32-s3-devkitc1-n16r8\liba9c\lvgl\debugging\test\lv_test_indev.c.o
Compiling C:\PlatformIO\_build\Spectre\esp32-s3-devkitc1-n16r8\liba9c\lvgl\debugging\test\lv_test_indev_gesture.c.o
Compiling C:\PlatformIO\_build\Spectre\esp32-s3-devkitc1-n16r8\liba9c\lvgl\debugging\test\lv_test_screenshot_compare.c.o
Compiling C:\PlatformIO\_build\Spectre\esp32-s3-devkitc1-n16r8\liba9c\lvgl\debugging\vg_lite_tvg\vg_lite_matrix.c.o
Compiling C:\PlatformIO\_build\Spectre\esp32-s3-devkitc1-n16r8\liba9c\lvgl\debugging\vg_lite_tvg\vg_lite_tvg.cpp.o
Compiling C:\PlatformIO\_build\Spectre\esp32-s3-devkitc1-n16r8\liba9c\lvgl\display\lv_display.c.o
Compiling C:\PlatformIO\_build\Spectre\esp32-s3-devkitc1-n16r8\liba9c\lvgl\draw\convert\helium\lv_draw_buf_convert_helium.c.o
Compiling C:\PlatformIO\_build\Spectre\esp32-s3-devkitc1-n16r8\liba9c\lvgl\draw\convert\lv_draw_buf_convert.c.o
Compiling C:\PlatformIO\_build\Spectre\esp32-s3-devkitc1-n16r8\liba9c\lvgl\draw\convert\neon\lv_draw_buf_convert_neon.c.o
Compiling C:\PlatformIO\_build\Spectre\esp32-s3-devkitc1-n16r8\liba9c\lvgl\draw\dma2d\lv_draw_dma2d.c.o
Compiling C:\PlatformIO\_build\Spectre\esp32-s3-devkitc1-n16r8\liba9c\lvgl\draw\dma2d\lv_draw_dma2d_fill.c.o
Compiling C:\PlatformIO\_build\Spectre\esp32-s3-devkitc1-n16r8\liba9c\lvgl\draw\dma2d\lv_draw_dma2d_img.c.o
Compiling C:\PlatformIO\_build\Spectre\esp32-s3-devkitc1-n16r8\liba9c\lvgl\draw\espressif\ppa\lv_draw_ppa.c.o
Compiling C:\PlatformIO\_build\Spectre\esp32-s3-devkitc1-n16r8\liba9c\lvgl\draw\espressif\ppa\lv_draw_ppa_buf.c.o
Compiling C:\PlatformIO\_build\Spectre\esp32-s3-devkitc1-n16r8\liba9c\lvgl\draw\espressif\ppa\lv_draw_ppa_fill.c.o
Compiling C:\PlatformIO\_build\Spectre\esp32-s3-devkitc1-n16r8\liba9c\lvgl\draw\espressif\ppa\lv_draw_ppa_img.c.o
Compiling C:\PlatformIO\_build\Spectre\esp32-s3-devkitc1-n16r8\liba9c\lvgl\draw\eve\lv_draw_eve.c.o
Compiling C:\PlatformIO\_build\Spectre\esp32-s3-devkitc1-n16r8\liba9c\lvgl\draw\eve\lv_draw_eve_arc.c.o
Compiling C:\PlatformIO\_build\Spectre\esp32-s3-devkitc1-n16r8\liba9c\lvgl\draw\eve\lv_draw_eve_fill.c.o
Compiling C:\PlatformIO\_build\Spectre\esp32-s3-devkitc1-n16r8\liba9c\lvgl\draw\eve\lv_draw_eve_image.c.o
Compiling C:\PlatformIO\_build\Spectre\esp32-s3-devkitc1-n16r8\liba9c\lvgl\draw\eve\lv_draw_eve_letter.c.o
Compiling C:\PlatformIO\_build\Spectre\esp32-s3-devkitc1-n16r8\liba9c\lvgl\draw\eve\lv_draw_eve_line.c.o
Compiling C:\PlatformIO\_build\Spectre\esp32-s3-devkitc1-n16r8\liba9c\lvgl\draw\eve\lv_draw_eve_ram_g.c.o
Compiling C:\PlatformIO\_build\Spectre\esp32-s3-devkitc1-n16r8\liba9c\lvgl\draw\eve\lv_draw_eve_triangle.c.o
Compiling C:\PlatformIO\_build\Spectre\esp32-s3-devkitc1-n16r8\liba9c\lvgl\draw\eve\lv_eve.c.o
Compiling C:\PlatformIO\_build\Spectre\esp32-s3-devkitc1-n16r8\liba9c\lvgl\draw\lv_draw.c.o
Compiling C:\PlatformIO\_build\Spectre\esp32-s3-devkitc1-n16r8\liba9c\lvgl\draw\lv_draw_3d.c.o
Compiling C:\PlatformIO\_build\Spectre\esp32-s3-devkitc1-n16r8\liba9c\lvgl\draw\lv_draw_arc.c.o
Compiling C:\PlatformIO\_build\Spectre\esp32-s3-devkitc1-n16r8\liba9c\lvgl\draw\lv_draw_blur.c.o
Compiling C:\PlatformIO\_build\Spectre\esp32-s3-devkitc1-n16r8\liba9c\lvgl\draw\lv_draw_buf.c.o
Compiling C:\PlatformIO\_build\Spectre\esp32-s3-devkitc1-n16r8\liba9c\lvgl\draw\lv_draw_image.c.o
Compiling C:\PlatformIO\_build\Spectre\esp32-s3-devkitc1-n16r8\liba9c\lvgl\draw\lv_draw_label.c.o
Compiling C:\PlatformIO\_build\Spectre\esp32-s3-devkitc1-n16r8\liba9c\lvgl\draw\lv_draw_line.c.o
Compiling C:\PlatformIO\_build\Spectre\esp32-s3-devkitc1-n16r8\liba9c\lvgl\draw\lv_draw_mask.c.o
Compiling C:\PlatformIO\_build\Spectre\esp32-s3-devkitc1-n16r8\liba9c\lvgl\draw\lv_draw_rect.c.o
Compiling C:\PlatformIO\_build\Spectre\esp32-s3-devkitc1-n16r8\liba9c\lvgl\draw\lv_draw_triangle.c.o
Compiling C:\PlatformIO\_build\Spectre\esp32-s3-devkitc1-n16r8\liba9c\lvgl\draw\lv_draw_vector.c.o
Compiling C:\PlatformIO\_build\Spectre\esp32-s3-devkitc1-n16r8\liba9c\lvgl\draw\lv_image_decoder.c.o
Compiling C:\PlatformIO\_build\Spectre\esp32-s3-devkitc1-n16r8\liba9c\lvgl\draw\nanovg\lv_draw_nanovg.c.o
Compiling C:\PlatformIO\_build\Spectre\esp32-s3-devkitc1-n16r8\liba9c\lvgl\draw\nanovg\lv_draw_nanovg_3d.c.o
Compiling C:\PlatformIO\_build\Spectre\esp32-s3-devkitc1-n16r8\liba9c\lvgl\draw\nanovg\lv_draw_nanovg_arc.c.o
Compiling C:\PlatformIO\_build\Spectre\esp32-s3-devkitc1-n16r8\liba9c\lvgl\draw\nanovg\lv_draw_nanovg_border.c.o
Compiling C:\PlatformIO\_build\Spectre\esp32-s3-devkitc1-n16r8\liba9c\lvgl\draw\nanovg\lv_draw_nanovg_box_shadow.c.o
Compiling C:\PlatformIO\_build\Spectre\esp32-s3-devkitc1-n16r8\liba9c\lvgl\draw\nanovg\lv_draw_nanovg_fill.c.o
Compiling C:\PlatformIO\_build\Spectre\esp32-s3-devkitc1-n16r8\liba9c\lvgl\draw\nanovg\lv_draw_nanovg_grad.c.o
Compiling C:\PlatformIO\_build\Spectre\esp32-s3-devkitc1-n16r8\liba9c\lvgl\draw\nanovg\lv_draw_nanovg_image.c.o
Compiling C:\PlatformIO\_build\Spectre\esp32-s3-devkitc1-n16r8\liba9c\lvgl\draw\nanovg\lv_draw_nanovg_label.c.o
Compiling C:\PlatformIO\_build\Spectre\esp32-s3-devkitc1-n16r8\liba9c\lvgl\draw\nanovg\lv_draw_nanovg_layer.c.o
Compiling C:\PlatformIO\_build\Spectre\esp32-s3-devkitc1-n16r8\liba9c\lvgl\draw\nanovg\lv_draw_nanovg_line.c.o
Compiling C:\PlatformIO\_build\Spectre\esp32-s3-devkitc1-n16r8\liba9c\lvgl\draw\nanovg\lv_draw_nanovg_mask_rect.c.o
Compiling C:\PlatformIO\_build\Spectre\esp32-s3-devkitc1-n16r8\liba9c\lvgl\draw\nanovg\lv_draw_nanovg_triangle.c.o
Compiling C:\PlatformIO\_build\Spectre\esp32-s3-devkitc1-n16r8\liba9c\lvgl\draw\nanovg\lv_draw_nanovg_vector.c.o
Compiling C:\PlatformIO\_build\Spectre\esp32-s3-devkitc1-n16r8\liba9c\lvgl\draw\nanovg\lv_nanovg_fbo_cache.c.o
Compiling C:\PlatformIO\_build\Spectre\esp32-s3-devkitc1-n16r8\liba9c\lvgl\draw\nanovg\lv_nanovg_image_cache.c.o
Compiling C:\PlatformIO\_build\Spectre\esp32-s3-devkitc1-n16r8\liba9c\lvgl\draw\nanovg\lv_nanovg_utils.c.o
Compiling C:\PlatformIO\_build\Spectre\esp32-s3-devkitc1-n16r8\liba9c\lvgl\draw\nema_gfx\lv_draw_nema_gfx.c.o
Compiling C:\PlatformIO\_build\Spectre\esp32-s3-devkitc1-n16r8\liba9c\lvgl\draw\nema_gfx\lv_draw_nema_gfx_arc.c.o
Compiling C:\PlatformIO\_build\Spectre\esp32-s3-devkitc1-n16r8\liba9c\lvgl\draw\nema_gfx\lv_draw_nema_gfx_border.c.o
Archiving C:\PlatformIO\_build\Spectre\esp32-s3-devkitc1-n16r8\libb1d\libSD.a
Compiling C:\PlatformIO\_build\Spectre\esp32-s3-devkitc1-n16r8\liba9c\lvgl\draw\nema_gfx\lv_draw_nema_gfx_fill.c.o
Compiling C:\PlatformIO\_build\Spectre\esp32-s3-devkitc1-n16r8\liba9c\lvgl\draw\nema_gfx\lv_draw_nema_gfx_img.c.o
Compiling C:\PlatformIO\_build\Spectre\esp32-s3-devkitc1-n16r8\liba9c\lvgl\draw\nema_gfx\lv_draw_nema_gfx_label.c.o
Compiling C:\PlatformIO\_build\Spectre\esp32-s3-devkitc1-n16r8\liba9c\lvgl\draw\nema_gfx\lv_draw_nema_gfx_layer.c.o
Compiling C:\PlatformIO\_build\Spectre\esp32-s3-devkitc1-n16r8\liba9c\lvgl\draw\nema_gfx\lv_draw_nema_gfx_line.c.o
Compiling C:\PlatformIO\_build\Spectre\esp32-s3-devkitc1-n16r8\liba9c\lvgl\draw\nema_gfx\lv_draw_nema_gfx_stm32_hal.c.o
Compiling C:\PlatformIO\_build\Spectre\esp32-s3-devkitc1-n16r8\liba9c\lvgl\draw\nema_gfx\lv_draw_nema_gfx_triangle.c.o
Compiling C:\PlatformIO\_build\Spectre\esp32-s3-devkitc1-n16r8\liba9c\lvgl\draw\nema_gfx\lv_draw_nema_gfx_utils.c.o
Compiling C:\PlatformIO\_build\Spectre\esp32-s3-devkitc1-n16r8\liba9c\lvgl\draw\nema_gfx\lv_draw_nema_gfx_vector.c.o
Compiling C:\PlatformIO\_build\Spectre\esp32-s3-devkitc1-n16r8\liba9c\lvgl\draw\nema_gfx\lv_nema_gfx_path.c.o
Compiling C:\PlatformIO\_build\Spectre\esp32-s3-devkitc1-n16r8\liba9c\lvgl\draw\nxp\g2d\lv_draw_buf_g2d.c.o
Compiling C:\PlatformIO\_build\Spectre\esp32-s3-devkitc1-n16r8\liba9c\lvgl\draw\nxp\g2d\lv_draw_g2d.c.o
Compiling C:\PlatformIO\_build\Spectre\esp32-s3-devkitc1-n16r8\liba9c\lvgl\draw\nxp\g2d\lv_draw_g2d_fill.c.o
Compiling C:\PlatformIO\_build\Spectre\esp32-s3-devkitc1-n16r8\liba9c\lvgl\draw\nxp\g2d\lv_draw_g2d_img.c.o
Compiling C:\PlatformIO\_build\Spectre\esp32-s3-devkitc1-n16r8\liba9c\lvgl\draw\nxp\g2d\lv_g2d_buf_map.c.o
Compiling C:\PlatformIO\_build\Spectre\esp32-s3-devkitc1-n16r8\liba9c\lvgl\draw\nxp\g2d\lv_g2d_utils.c.o
Compiling C:\PlatformIO\_build\Spectre\esp32-s3-devkitc1-n16r8\liba9c\lvgl\draw\nxp\pxp\lv_draw_buf_pxp.c.o
Compiling C:\PlatformIO\_build\Spectre\esp32-s3-devkitc1-n16r8\liba9c\lvgl\draw\nxp\pxp\lv_draw_pxp.c.o
Compiling C:\PlatformIO\_build\Spectre\esp32-s3-devkitc1-n16r8\liba9c\lvgl\draw\nxp\pxp\lv_draw_pxp_fill.c.o
Compiling C:\PlatformIO\_build\Spectre\esp32-s3-devkitc1-n16r8\liba9c\lvgl\draw\nxp\pxp\lv_draw_pxp_img.c.o
Compiling C:\PlatformIO\_build\Spectre\esp32-s3-devkitc1-n16r8\liba9c\lvgl\draw\nxp\pxp\lv_draw_pxp_layer.c.o
Compiling C:\PlatformIO\_build\Spectre\esp32-s3-devkitc1-n16r8\liba9c\lvgl\draw\nxp\pxp\lv_pxp_cfg.c.o
Compiling C:\PlatformIO\_build\Spectre\esp32-s3-devkitc1-n16r8\liba9c\lvgl\draw\nxp\pxp\lv_pxp_osa.c.o
Compiling C:\PlatformIO\_build\Spectre\esp32-s3-devkitc1-n16r8\liba9c\lvgl\draw\nxp\pxp\lv_pxp_utils.c.o
Compiling C:\PlatformIO\_build\Spectre\esp32-s3-devkitc1-n16r8\liba9c\lvgl\draw\opengles\lv_draw_opengles.c.o
Compiling C:\PlatformIO\_build\Spectre\esp32-s3-devkitc1-n16r8\liba9c\lvgl\draw\renesas\dave2d\lv_draw_dave2d.c.o
Compiling C:\PlatformIO\_build\Spectre\esp32-s3-devkitc1-n16r8\liba9c\lvgl\draw\renesas\dave2d\lv_draw_dave2d_arc.c.o
Compiling C:\PlatformIO\_build\Spectre\esp32-s3-devkitc1-n16r8\liba9c\lvgl\draw\renesas\dave2d\lv_draw_dave2d_border.c.o
Compiling C:\PlatformIO\_build\Spectre\esp32-s3-devkitc1-n16r8\liba9c\lvgl\draw\renesas\dave2d\lv_draw_dave2d_fill.c.o
Compiling C:\PlatformIO\_build\Spectre\esp32-s3-devkitc1-n16r8\liba9c\lvgl\draw\renesas\dave2d\lv_draw_dave2d_image.c.o
Compiling C:\PlatformIO\_build\Spectre\esp32-s3-devkitc1-n16r8\liba9c\lvgl\draw\renesas\dave2d\lv_draw_dave2d_label.c.o
Compiling C:\PlatformIO\_build\Spectre\esp32-s3-devkitc1-n16r8\liba9c\lvgl\draw\renesas\dave2d\lv_draw_dave2d_line.c.o
Compiling C:\PlatformIO\_build\Spectre\esp32-s3-devkitc1-n16r8\liba9c\lvgl\draw\renesas\dave2d\lv_draw_dave2d_mask_rectangle.c.o
Compiling C:\PlatformIO\_build\Spectre\esp32-s3-devkitc1-n16r8\liba9c\lvgl\draw\renesas\dave2d\lv_draw_dave2d_triangle.c.o
Compiling C:\PlatformIO\_build\Spectre\esp32-s3-devkitc1-n16r8\liba9c\lvgl\draw\renesas\dave2d\lv_draw_dave2d_utils.c.o
Compiling C:\PlatformIO\_build\Spectre\esp32-s3-devkitc1-n16r8\liba9c\lvgl\draw\sdl\lv_draw_sdl.c.o
Compiling C:\PlatformIO\_build\Spectre\esp32-s3-devkitc1-n16r8\liba9c\lvgl\draw\snapshot\lv_snapshot.c.o
Compiling C:\PlatformIO\_build\Spectre\esp32-s3-devkitc1-n16r8\liba9c\lvgl\draw\sw\blend\lv_draw_sw_blend.c.o
Compiling C:\PlatformIO\_build\Spectre\esp32-s3-devkitc1-n16r8\liba9c\lvgl\draw\sw\blend\lv_draw_sw_blend_to_a8.c.o
Compiling C:\PlatformIO\_build\Spectre\esp32-s3-devkitc1-n16r8\liba9c\lvgl\draw\sw\blend\lv_draw_sw_blend_to_al88.c.o
Compiling C:\PlatformIO\_build\Spectre\esp32-s3-devkitc1-n16r8\liba9c\lvgl\draw\sw\blend\lv_draw_sw_blend_to_argb8888.c.o
Compiling C:\PlatformIO\_build\Spectre\esp32-s3-devkitc1-n16r8\liba9c\lvgl\draw\sw\blend\lv_draw_sw_blend_to_argb8888_premultiplied.c.o
Compiling C:\PlatformIO\_build\Spectre\esp32-s3-devkitc1-n16r8\liba9c\lvgl\draw\sw\blend\lv_draw_sw_blend_to_i1.c.o
Compiling C:\PlatformIO\_build\Spectre\esp32-s3-devkitc1-n16r8\liba9c\lvgl\draw\sw\blend\lv_draw_sw_blend_to_l8.c.o
Compiling C:\PlatformIO\_build\Spectre\esp32-s3-devkitc1-n16r8\liba9c\lvgl\draw\sw\blend\lv_draw_sw_blend_to_rgb565.c.o
Compiling C:\PlatformIO\_build\Spectre\esp32-s3-devkitc1-n16r8\liba9c\lvgl\draw\sw\blend\lv_draw_sw_blend_to_rgb565_swapped.c.o
Compiling C:\PlatformIO\_build\Spectre\esp32-s3-devkitc1-n16r8\liba9c\lvgl\draw\sw\blend\lv_draw_sw_blend_to_rgb888.c.o
Compiling C:\PlatformIO\_build\Spectre\esp32-s3-devkitc1-n16r8\liba9c\lvgl\draw\sw\blend\riscv_v\lv_draw_sw_blend_riscv_v_to_rgb888.c.o
Compiling C:\PlatformIO\_build\Spectre\esp32-s3-devkitc1-n16r8\liba9c\lvgl\draw\sw\lv_draw_sw.c.o
Compiling C:\PlatformIO\_build\Spectre\esp32-s3-devkitc1-n16r8\liba9c\lvgl\draw\sw\lv_draw_sw_arc.c.o
Compiling C:\PlatformIO\_build\Spectre\esp32-s3-devkitc1-n16r8\liba9c\lvgl\draw\sw\lv_draw_sw_blur.c.o
Compiling C:\PlatformIO\_build\Spectre\esp32-s3-devkitc1-n16r8\liba9c\lvgl\draw\sw\lv_draw_sw_border.c.o
Compiling C:\PlatformIO\_build\Spectre\esp32-s3-devkitc1-n16r8\liba9c\lvgl\draw\sw\lv_draw_sw_box_shadow.c.o
Compiling C:\PlatformIO\_build\Spectre\esp32-s3-devkitc1-n16r8\liba9c\lvgl\draw\sw\lv_draw_sw_fill.c.o
Compiling C:\PlatformIO\_build\Spectre\esp32-s3-devkitc1-n16r8\liba9c\lvgl\draw\sw\lv_draw_sw_grad.c.o
Compiling C:\PlatformIO\_build\Spectre\esp32-s3-devkitc1-n16r8\liba9c\lvgl\draw\sw\lv_draw_sw_img.c.o
Compiling C:\PlatformIO\_build\Spectre\esp32-s3-devkitc1-n16r8\liba9c\lvgl\draw\sw\lv_draw_sw_letter.c.o
Compiling C:\PlatformIO\_build\Spectre\esp32-s3-devkitc1-n16r8\liba9c\lvgl\draw\sw\lv_draw_sw_line.c.o
Compiling C:\PlatformIO\_build\Spectre\esp32-s3-devkitc1-n16r8\liba9c\lvgl\draw\sw\lv_draw_sw_mask.c.o
Compiling C:\PlatformIO\_build\Spectre\esp32-s3-devkitc1-n16r8\liba9c\lvgl\draw\sw\lv_draw_sw_mask_rect.c.o
Compiling C:\PlatformIO\_build\Spectre\esp32-s3-devkitc1-n16r8\liba9c\lvgl\draw\sw\lv_draw_sw_transform.c.o
Compiling C:\PlatformIO\_build\Spectre\esp32-s3-devkitc1-n16r8\liba9c\lvgl\draw\sw\lv_draw_sw_triangle.c.o
Compiling C:\PlatformIO\_build\Spectre\esp32-s3-devkitc1-n16r8\liba9c\lvgl\draw\sw\lv_draw_sw_utils.c.o
Compiling C:\PlatformIO\_build\Spectre\esp32-s3-devkitc1-n16r8\liba9c\lvgl\draw\sw\lv_draw_sw_vector.c.o
Compiling C:\PlatformIO\_build\Spectre\esp32-s3-devkitc1-n16r8\liba9c\lvgl\draw\vg_lite\lv_draw_buf_vg_lite.c.o
Compiling C:\PlatformIO\_build\Spectre\esp32-s3-devkitc1-n16r8\liba9c\lvgl\draw\vg_lite\lv_draw_vg_lite.c.o
Compiling C:\PlatformIO\_build\Spectre\esp32-s3-devkitc1-n16r8\liba9c\lvgl\draw\vg_lite\lv_draw_vg_lite_arc.c.o
Compiling C:\PlatformIO\_build\Spectre\esp32-s3-devkitc1-n16r8\liba9c\lvgl\draw\vg_lite\lv_draw_vg_lite_border.c.o
Compiling C:\PlatformIO\_build\Spectre\esp32-s3-devkitc1-n16r8\liba9c\lvgl\draw\vg_lite\lv_draw_vg_lite_box_shadow.c.o
Compiling C:\PlatformIO\_build\Spectre\esp32-s3-devkitc1-n16r8\liba9c\lvgl\draw\vg_lite\lv_draw_vg_lite_fill.c.o
Compiling C:\PlatformIO\_build\Spectre\esp32-s3-devkitc1-n16r8\liba9c\lvgl\draw\vg_lite\lv_draw_vg_lite_img.c.o
Compiling C:\PlatformIO\_build\Spectre\esp32-s3-devkitc1-n16r8\liba9c\lvgl\draw\vg_lite\lv_draw_vg_lite_label.c.o
Compiling C:\PlatformIO\_build\Spectre\esp32-s3-devkitc1-n16r8\liba9c\lvgl\draw\vg_lite\lv_draw_vg_lite_layer.c.o
Compiling C:\PlatformIO\_build\Spectre\esp32-s3-devkitc1-n16r8\liba9c\lvgl\draw\vg_lite\lv_draw_vg_lite_line.c.o
Compiling C:\PlatformIO\_build\Spectre\esp32-s3-devkitc1-n16r8\liba9c\lvgl\draw\vg_lite\lv_draw_vg_lite_mask_rect.c.o
Compiling C:\PlatformIO\_build\Spectre\esp32-s3-devkitc1-n16r8\liba9c\lvgl\draw\vg_lite\lv_draw_vg_lite_triangle.c.o
Compiling C:\PlatformIO\_build\Spectre\esp32-s3-devkitc1-n16r8\liba9c\lvgl\draw\vg_lite\lv_draw_vg_lite_vector.c.o
Compiling C:\PlatformIO\_build\Spectre\esp32-s3-devkitc1-n16r8\liba9c\lvgl\draw\vg_lite\lv_vg_lite_bitmap_font_cache.c.o
Compiling C:\PlatformIO\_build\Spectre\esp32-s3-devkitc1-n16r8\liba9c\lvgl\draw\vg_lite\lv_vg_lite_decoder.c.o
Compiling C:\PlatformIO\_build\Spectre\esp32-s3-devkitc1-n16r8\liba9c\lvgl\draw\vg_lite\lv_vg_lite_grad.c.o
Compiling C:\PlatformIO\_build\Spectre\esp32-s3-devkitc1-n16r8\liba9c\lvgl\draw\vg_lite\lv_vg_lite_math.c.o
Compiling C:\PlatformIO\_build\Spectre\esp32-s3-devkitc1-n16r8\liba9c\lvgl\draw\vg_lite\lv_vg_lite_path.c.o
Compiling C:\PlatformIO\_build\Spectre\esp32-s3-devkitc1-n16r8\liba9c\lvgl\draw\vg_lite\lv_vg_lite_pending.c.o
Compiling C:\PlatformIO\_build\Spectre\esp32-s3-devkitc1-n16r8\liba9c\lvgl\draw\vg_lite\lv_vg_lite_stroke.c.o
Compiling C:\PlatformIO\_build\Spectre\esp32-s3-devkitc1-n16r8\liba9c\lvgl\draw\vg_lite\lv_vg_lite_utils.c.o
Compiling C:\PlatformIO\_build\Spectre\esp32-s3-devkitc1-n16r8\liba9c\lvgl\drivers\display\drm\lv_linux_drm.c.o
Compiling C:\PlatformIO\_build\Spectre\esp32-s3-devkitc1-n16r8\liba9c\lvgl\drivers\display\drm\lv_linux_drm_common.c.o
Compiling C:\PlatformIO\_build\Spectre\esp32-s3-devkitc1-n16r8\liba9c\lvgl\drivers\display\drm\lv_linux_drm_egl.c.o
Compiling C:\PlatformIO\_build\Spectre\esp32-s3-devkitc1-n16r8\liba9c\lvgl\drivers\display\fb\lv_linux_fbdev.c.o
Compiling C:\PlatformIO\_build\Spectre\esp32-s3-devkitc1-n16r8\liba9c\lvgl\drivers\display\ft81x\lv_ft81x.c.o
Compiling C:\PlatformIO\_build\Spectre\esp32-s3-devkitc1-n16r8\liba9c\lvgl\drivers\display\ili9341\lv_ili9341.c.o
Compiling C:\PlatformIO\_build\Spectre\esp32-s3-devkitc1-n16r8\liba9c\lvgl\drivers\display\lcd\lv_lcd_generic_mipi.c.o
Compiling C:\PlatformIO\_build\Spectre\esp32-s3-devkitc1-n16r8\liba9c\lvgl\drivers\display\lovyan_gfx\lv_lovyan_gfx.cpp.o
Compiling C:\PlatformIO\_build\Spectre\esp32-s3-devkitc1-n16r8\liba9c\lvgl\drivers\display\nv3007\lv_nv3007.c.o
Compiling C:\PlatformIO\_build\Spectre\esp32-s3-devkitc1-n16r8\liba9c\lvgl\drivers\display\nxp_elcdif\lv_nxp_elcdif.c.o
Compiling C:\PlatformIO\_build\Spectre\esp32-s3-devkitc1-n16r8\liba9c\lvgl\drivers\display\renesas_glcdc\lv_renesas_glcdc.c.o
Compiling C:\PlatformIO\_build\Spectre\esp32-s3-devkitc1-n16r8\liba9c\lvgl\drivers\display\st7735\lv_st7735.c.o
Compiling C:\PlatformIO\_build\Spectre\esp32-s3-devkitc1-n16r8\liba9c\lvgl\drivers\display\st7789\lv_st7789.c.o
Compiling C:\PlatformIO\_build\Spectre\esp32-s3-devkitc1-n16r8\liba9c\lvgl\drivers\display\st7796\lv_st7796.c.o
Compiling C:\PlatformIO\_build\Spectre\esp32-s3-devkitc1-n16r8\liba9c\lvgl\drivers\display\st_ltdc\lv_st_ltdc.c.o
Compiling C:\PlatformIO\_build\Spectre\esp32-s3-devkitc1-n16r8\liba9c\lvgl\drivers\display\tft_espi\lv_tft_espi.cpp.o
Compiling C:\PlatformIO\_build\Spectre\esp32-s3-devkitc1-n16r8\liba9c\lvgl\drivers\draw\eve\lv_draw_eve_display.c.o
Compiling C:\PlatformIO\_build\Spectre\esp32-s3-devkitc1-n16r8\liba9c\lvgl\drivers\evdev\lv_evdev.c.o
Compiling C:\PlatformIO\_build\Spectre\esp32-s3-devkitc1-n16r8\liba9c\lvgl\drivers\libinput\lv_libinput.c.o
Compiling C:\PlatformIO\_build\Spectre\esp32-s3-devkitc1-n16r8\liba9c\lvgl\drivers\libinput\lv_xkb.c.o
Compiling C:\PlatformIO\_build\Spectre\esp32-s3-devkitc1-n16r8\liba9c\lvgl\drivers\nuttx\lv_nuttx_cache.c.o
Compiling C:\PlatformIO\_build\Spectre\esp32-s3-devkitc1-n16r8\liba9c\lvgl\drivers\nuttx\lv_nuttx_entry.c.o
Compiling C:\PlatformIO\_build\Spectre\esp32-s3-devkitc1-n16r8\liba9c\lvgl\drivers\nuttx\lv_nuttx_fbdev.c.o
Compiling C:\PlatformIO\_build\Spectre\esp32-s3-devkitc1-n16r8\liba9c\lvgl\drivers\nuttx\lv_nuttx_image_cache.c.o
Compiling C:\PlatformIO\_build\Spectre\esp32-s3-devkitc1-n16r8\liba9c\lvgl\drivers\nuttx\lv_nuttx_lcd.c.o
Compiling C:\PlatformIO\_build\Spectre\esp32-s3-devkitc1-n16r8\liba9c\lvgl\drivers\nuttx\lv_nuttx_libuv.c.o
Compiling C:\PlatformIO\_build\Spectre\esp32-s3-devkitc1-n16r8\liba9c\lvgl\drivers\nuttx\lv_nuttx_mouse.c.o
Compiling C:\PlatformIO\_build\Spectre\esp32-s3-devkitc1-n16r8\liba9c\lvgl\drivers\nuttx\lv_nuttx_profiler.c.o
Compiling C:\PlatformIO\_build\Spectre\esp32-s3-devkitc1-n16r8\liba9c\lvgl\drivers\nuttx\lv_nuttx_touchscreen.c.o
Compiling C:\PlatformIO\_build\Spectre\esp32-s3-devkitc1-n16r8\liba9c\lvgl\drivers\opengles\assets\lv_opengles_shader.c.o
Compiling C:\PlatformIO\_build\Spectre\esp32-s3-devkitc1-n16r8\liba9c\lvgl\drivers\opengles\glad\src\egl.c.o
Compiling C:\PlatformIO\_build\Spectre\esp32-s3-devkitc1-n16r8\liba9c\lvgl\drivers\opengles\glad\src\gl.c.o
Compiling C:\PlatformIO\_build\Spectre\esp32-s3-devkitc1-n16r8\liba9c\lvgl\drivers\opengles\glad\src\gles2.c.o
Compiling C:\PlatformIO\_build\Spectre\esp32-s3-devkitc1-n16r8\liba9c\lvgl\drivers\opengles\lv_opengles_debug.c.o
Compiling C:\PlatformIO\_build\Spectre\esp32-s3-devkitc1-n16r8\liba9c\lvgl\drivers\opengles\lv_opengles_driver.c.o
Compiling C:\PlatformIO\_build\Spectre\esp32-s3-devkitc1-n16r8\liba9c\lvgl\drivers\opengles\lv_opengles_egl.c.o
Compiling C:\PlatformIO\_build\Spectre\esp32-s3-devkitc1-n16r8\liba9c\lvgl\drivers\opengles\lv_opengles_glfw.c.o
Compiling C:\PlatformIO\_build\Spectre\esp32-s3-devkitc1-n16r8\liba9c\lvgl\drivers\opengles\lv_opengles_texture.c.o
Compiling C:\PlatformIO\_build\Spectre\esp32-s3-devkitc1-n16r8\liba9c\lvgl\drivers\opengles\opengl_shader\lv_opengl_shader_manager.c.o
Compiling C:\PlatformIO\_build\Spectre\esp32-s3-devkitc1-n16r8\liba9c\lvgl\drivers\opengles\opengl_shader\lv_opengl_shader_program.c.o
Compiling C:\PlatformIO\_build\Spectre\esp32-s3-devkitc1-n16r8\liba9c\lvgl\drivers\qnx\lv_qnx.c.o
Compiling C:\PlatformIO\_build\Spectre\esp32-s3-devkitc1-n16r8\liba9c\lvgl\drivers\sdl\lv_sdl_egl.c.o
Compiling C:\PlatformIO\_build\Spectre\esp32-s3-devkitc1-n16r8\liba9c\lvgl\drivers\sdl\lv_sdl_keyboard.c.o
Compiling C:\PlatformIO\_build\Spectre\esp32-s3-devkitc1-n16r8\liba9c\lvgl\drivers\sdl\lv_sdl_mouse.c.o
Compiling C:\PlatformIO\_build\Spectre\esp32-s3-devkitc1-n16r8\liba9c\lvgl\drivers\sdl\lv_sdl_mousewheel.c.o
Compiling C:\PlatformIO\_build\Spectre\esp32-s3-devkitc1-n16r8\liba9c\lvgl\drivers\sdl\lv_sdl_sw.c.o
Compiling C:\PlatformIO\_build\Spectre\esp32-s3-devkitc1-n16r8\liba9c\lvgl\drivers\sdl\lv_sdl_texture.c.o
Compiling C:\PlatformIO\_build\Spectre\esp32-s3-devkitc1-n16r8\liba9c\lvgl\drivers\sdl\lv_sdl_window.c.o
Compiling C:\PlatformIO\_build\Spectre\esp32-s3-devkitc1-n16r8\liba9c\lvgl\drivers\uefi\lv_uefi_context.c.o
Compiling C:\PlatformIO\_build\Spectre\esp32-s3-devkitc1-n16r8\liba9c\lvgl\drivers\uefi\lv_uefi_display.c.o
Compiling C:\PlatformIO\_build\Spectre\esp32-s3-devkitc1-n16r8\liba9c\lvgl\drivers\uefi\lv_uefi_indev_keyboard.c.o
Compiling C:\PlatformIO\_build\Spectre\esp32-s3-devkitc1-n16r8\liba9c\lvgl\drivers\uefi\lv_uefi_indev_pointer.c.o
Compiling C:\PlatformIO\_build\Spectre\esp32-s3-devkitc1-n16r8\liba9c\lvgl\drivers\uefi\lv_uefi_indev_touch.c.o
Compiling C:\PlatformIO\_build\Spectre\esp32-s3-devkitc1-n16r8\liba9c\lvgl\drivers\uefi\lv_uefi_private.c.o
Compiling C:\PlatformIO\_build\Spectre\esp32-s3-devkitc1-n16r8\liba9c\lvgl\drivers\wayland\lv_wayland.c.o
Compiling C:\PlatformIO\_build\Spectre\esp32-s3-devkitc1-n16r8\liba9c\lvgl\drivers\wayland\lv_wl_egl_backend.c.o
Compiling C:\PlatformIO\_build\Spectre\esp32-s3-devkitc1-n16r8\liba9c\lvgl\drivers\wayland\lv_wl_g2d_backend.c.o
Compiling C:\PlatformIO\_build\Spectre\esp32-s3-devkitc1-n16r8\liba9c\lvgl\drivers\wayland\lv_wl_keyboard.c.o
Compiling C:\PlatformIO\_build\Spectre\esp32-s3-devkitc1-n16r8\liba9c\lvgl\drivers\wayland\lv_wl_pointer.c.o
Compiling C:\PlatformIO\_build\Spectre\esp32-s3-devkitc1-n16r8\liba9c\lvgl\drivers\wayland\lv_wl_seat.c.o
Compiling C:\PlatformIO\_build\Spectre\esp32-s3-devkitc1-n16r8\liba9c\lvgl\drivers\wayland\lv_wl_shm_backend.c.o
Compiling C:\PlatformIO\_build\Spectre\esp32-s3-devkitc1-n16r8\liba9c\lvgl\drivers\wayland\lv_wl_touch.c.o
Compiling C:\PlatformIO\_build\Spectre\esp32-s3-devkitc1-n16r8\liba9c\lvgl\drivers\wayland\lv_wl_window.c.o
Compiling C:\PlatformIO\_build\Spectre\esp32-s3-devkitc1-n16r8\liba9c\lvgl\drivers\wayland\lv_wl_xdg_shell.c.o
Compiling C:\PlatformIO\_build\Spectre\esp32-s3-devkitc1-n16r8\liba9c\lvgl\drivers\windows\lv_windows_context.c.o
Compiling C:\PlatformIO\_build\Spectre\esp32-s3-devkitc1-n16r8\liba9c\lvgl\drivers\windows\lv_windows_display.c.o
Compiling C:\PlatformIO\_build\Spectre\esp32-s3-devkitc1-n16r8\liba9c\lvgl\drivers\windows\lv_windows_input.c.o
Compiling C:\PlatformIO\_build\Spectre\esp32-s3-devkitc1-n16r8\liba9c\lvgl\drivers\x11\lv_x11_display.c.o
Compiling C:\PlatformIO\_build\Spectre\esp32-s3-devkitc1-n16r8\liba9c\lvgl\drivers\x11\lv_x11_input.c.o
Compiling C:\PlatformIO\_build\Spectre\esp32-s3-devkitc1-n16r8\liba9c\lvgl\font\binfont_loader\lv_binfont_loader.c.o
Compiling C:\PlatformIO\_build\Spectre\esp32-s3-devkitc1-n16r8\liba9c\lvgl\font\fmt_txt\lv_font_fmt_txt.c.o
Compiling C:\PlatformIO\_build\Spectre\esp32-s3-devkitc1-n16r8\liba9c\lvgl\font\font_manager\lv_font_manager.c.o
Compiling C:\PlatformIO\_build\Spectre\esp32-s3-devkitc1-n16r8\liba9c\lvgl\font\font_manager\lv_font_manager_recycle.c.o
Compiling C:\PlatformIO\_build\Spectre\esp32-s3-devkitc1-n16r8\liba9c\lvgl\font\imgfont\lv_imgfont.c.o
Compiling C:\PlatformIO\_build\Spectre\esp32-s3-devkitc1-n16r8\liba9c\lvgl\font\lv_font.c.o
Compiling C:\PlatformIO\_build\Spectre\esp32-s3-devkitc1-n16r8\liba9c\lvgl\font\lv_font_dejavu_16_persian_hebrew.c.o
Compiling C:\PlatformIO\_build\Spectre\esp32-s3-devkitc1-n16r8\liba9c\lvgl\font\lv_font_montserrat_10.c.o
Compiling C:\PlatformIO\_build\Spectre\esp32-s3-devkitc1-n16r8\liba9c\lvgl\font\lv_font_montserrat_12.c.o
Compiling C:\PlatformIO\_build\Spectre\esp32-s3-devkitc1-n16r8\liba9c\lvgl\font\lv_font_montserrat_14.c.o
Compiling C:\PlatformIO\_build\Spectre\esp32-s3-devkitc1-n16r8\liba9c\lvgl\font\lv_font_montserrat_14_aligned.c.o
Compiling C:\PlatformIO\_build\Spectre\esp32-s3-devkitc1-n16r8\liba9c\lvgl\font\lv_font_montserrat_16.c.o
Compiling C:\PlatformIO\_build\Spectre\esp32-s3-devkitc1-n16r8\liba9c\lvgl\font\lv_font_montserrat_18.c.o
Compiling C:\PlatformIO\_build\Spectre\esp32-s3-devkitc1-n16r8\liba9c\lvgl\font\lv_font_montserrat_20.c.o
Compiling C:\PlatformIO\_build\Spectre\esp32-s3-devkitc1-n16r8\liba9c\lvgl\font\lv_font_montserrat_22.c.o
Compiling C:\PlatformIO\_build\Spectre\esp32-s3-devkitc1-n16r8\liba9c\lvgl\font\lv_font_montserrat_24.c.o
Compiling C:\PlatformIO\_build\Spectre\esp32-s3-devkitc1-n16r8\liba9c\lvgl\font\lv_font_montserrat_26.c.o
Compiling C:\PlatformIO\_build\Spectre\esp32-s3-devkitc1-n16r8\liba9c\lvgl\font\lv_font_montserrat_28.c.o
Compiling C:\PlatformIO\_build\Spectre\esp32-s3-devkitc1-n16r8\liba9c\lvgl\font\lv_font_montserrat_28_compressed.c.o
Compiling C:\PlatformIO\_build\Spectre\esp32-s3-devkitc1-n16r8\liba9c\lvgl\font\lv_font_montserrat_30.c.o
Compiling C:\PlatformIO\_build\Spectre\esp32-s3-devkitc1-n16r8\liba9c\lvgl\font\lv_font_montserrat_32.c.o
Compiling C:\PlatformIO\_build\Spectre\esp32-s3-devkitc1-n16r8\liba9c\lvgl\font\lv_font_montserrat_34.c.o
Compiling C:\PlatformIO\_build\Spectre\esp32-s3-devkitc1-n16r8\liba9c\lvgl\font\lv_font_montserrat_36.c.o
Compiling C:\PlatformIO\_build\Spectre\esp32-s3-devkitc1-n16r8\liba9c\lvgl\font\lv_font_montserrat_38.c.o
Compiling C:\PlatformIO\_build\Spectre\esp32-s3-devkitc1-n16r8\liba9c\lvgl\font\lv_font_montserrat_40.c.o
Compiling C:\PlatformIO\_build\Spectre\esp32-s3-devkitc1-n16r8\liba9c\lvgl\font\lv_font_montserrat_42.c.o
Compiling C:\PlatformIO\_build\Spectre\esp32-s3-devkitc1-n16r8\liba9c\lvgl\font\lv_font_montserrat_44.c.o
Compiling C:\PlatformIO\_build\Spectre\esp32-s3-devkitc1-n16r8\liba9c\lvgl\font\lv_font_montserrat_46.c.o
Compiling C:\PlatformIO\_build\Spectre\esp32-s3-devkitc1-n16r8\liba9c\lvgl\font\lv_font_montserrat_48.c.o
Compiling C:\PlatformIO\_build\Spectre\esp32-s3-devkitc1-n16r8\liba9c\lvgl\font\lv_font_montserrat_8.c.o
Compiling C:\PlatformIO\_build\Spectre\esp32-s3-devkitc1-n16r8\liba9c\lvgl\font\lv_font_source_han_sans_sc_14_cjk.c.o
Compiling C:\PlatformIO\_build\Spectre\esp32-s3-devkitc1-n16r8\liba9c\lvgl\font\lv_font_source_han_sans_sc_16_cjk.c.o
Compiling C:\PlatformIO\_build\Spectre\esp32-s3-devkitc1-n16r8\liba9c\lvgl\font\lv_font_unscii_16.c.o
Compiling C:\PlatformIO\_build\Spectre\esp32-s3-devkitc1-n16r8\liba9c\lvgl\font\lv_font_unscii_8.c.o
Compiling C:\PlatformIO\_build\Spectre\esp32-s3-devkitc1-n16r8\liba9c\lvgl\indev\lv_gridnav.c.o
Compiling C:\PlatformIO\_build\Spectre\esp32-s3-devkitc1-n16r8\liba9c\lvgl\indev\lv_indev.c.o
Compiling C:\PlatformIO\_build\Spectre\esp32-s3-devkitc1-n16r8\liba9c\lvgl\indev\lv_indev_gesture.c.o
Compiling C:\PlatformIO\_build\Spectre\esp32-s3-devkitc1-n16r8\liba9c\lvgl\indev\lv_indev_scroll.c.o
Compiling C:\PlatformIO\_build\Spectre\esp32-s3-devkitc1-n16r8\liba9c\lvgl\layouts\flex\lv_flex.c.o
Compiling C:\PlatformIO\_build\Spectre\esp32-s3-devkitc1-n16r8\liba9c\lvgl\layouts\grid\lv_grid.c.o
Compiling C:\PlatformIO\_build\Spectre\esp32-s3-devkitc1-n16r8\liba9c\lvgl\layouts\lv_layout.c.o
Compiling C:\PlatformIO\_build\Spectre\esp32-s3-devkitc1-n16r8\liba9c\lvgl\libs\FT800-FT813\EVE_commands.c.o
Compiling C:\PlatformIO\_build\Spectre\esp32-s3-devkitc1-n16r8\liba9c\lvgl\libs\FT800-FT813\EVE_supplemental.c.o
Compiling C:\PlatformIO\_build\Spectre\esp32-s3-devkitc1-n16r8\liba9c\lvgl\libs\barcode\code128.c.o
Compiling C:\PlatformIO\_build\Spectre\esp32-s3-devkitc1-n16r8\liba9c\lvgl\libs\barcode\lv_barcode.c.o
Compiling C:\PlatformIO\_build\Spectre\esp32-s3-devkitc1-n16r8\liba9c\lvgl\libs\bin_decoder\lv_bin_decoder.c.o
Compiling C:\PlatformIO\_build\Spectre\esp32-s3-devkitc1-n16r8\liba9c\lvgl\libs\bmp\lv_bmp.c.o
Compiling C:\PlatformIO\_build\Spectre\esp32-s3-devkitc1-n16r8\liba9c\lvgl\libs\ffmpeg\lv_ffmpeg.c.o
Compiling C:\PlatformIO\_build\Spectre\esp32-s3-devkitc1-n16r8\liba9c\lvgl\libs\freetype\lv_freetype.c.o
Compiling C:\PlatformIO\_build\Spectre\esp32-s3-devkitc1-n16r8\liba9c\lvgl\libs\freetype\lv_freetype_glyph.c.o
Compiling C:\PlatformIO\_build\Spectre\esp32-s3-devkitc1-n16r8\liba9c\lvgl\libs\freetype\lv_freetype_image.c.o
Compiling C:\PlatformIO\_build\Spectre\esp32-s3-devkitc1-n16r8\liba9c\lvgl\libs\freetype\lv_freetype_outline.c.o
Compiling C:\PlatformIO\_build\Spectre\esp32-s3-devkitc1-n16r8\liba9c\lvgl\libs\freetype\lv_ftsystem.c.o
Compiling C:\PlatformIO\_build\Spectre\esp32-s3-devkitc1-n16r8\liba9c\lvgl\libs\frogfs\src\decomp_raw.c.o
Compiling C:\PlatformIO\_build\Spectre\esp32-s3-devkitc1-n16r8\liba9c\lvgl\libs\frogfs\src\frogfs.c.o
Compiling C:\PlatformIO\_build\Spectre\esp32-s3-devkitc1-n16r8\liba9c\lvgl\libs\fsdrv\lv_fs_arduino_esp_littlefs.cpp.o
Compiling C:\PlatformIO\_build\Spectre\esp32-s3-devkitc1-n16r8\liba9c\lvgl\libs\fsdrv\lv_fs_arduino_sd.cpp.o
Compiling C:\PlatformIO\_build\Spectre\esp32-s3-devkitc1-n16r8\liba9c\lvgl\libs\fsdrv\lv_fs_cbfs.c.o
Compiling C:\PlatformIO\_build\Spectre\esp32-s3-devkitc1-n16r8\liba9c\lvgl\libs\fsdrv\lv_fs_fatfs.c.o
Compiling C:\PlatformIO\_build\Spectre\esp32-s3-devkitc1-n16r8\liba9c\lvgl\libs\fsdrv\lv_fs_frogfs.c.o
Compiling C:\PlatformIO\_build\Spectre\esp32-s3-devkitc1-n16r8\liba9c\lvgl\libs\fsdrv\lv_fs_littlefs.c.o
Compiling C:\PlatformIO\_build\Spectre\esp32-s3-devkitc1-n16r8\liba9c\lvgl\libs\fsdrv\lv_fs_memfs.c.o
Compiling C:\PlatformIO\_build\Spectre\esp32-s3-devkitc1-n16r8\liba9c\lvgl\libs\fsdrv\lv_fs_posix.c.o
Compiling C:\PlatformIO\_build\Spectre\esp32-s3-devkitc1-n16r8\liba9c\lvgl\libs\fsdrv\lv_fs_stdio.c.o
Compiling C:\PlatformIO\_build\Spectre\esp32-s3-devkitc1-n16r8\liba9c\lvgl\libs\fsdrv\lv_fs_uefi.c.o
Compiling C:\PlatformIO\_build\Spectre\esp32-s3-devkitc1-n16r8\liba9c\lvgl\libs\fsdrv\lv_fs_win32.c.o
Compiling C:\PlatformIO\_build\Spectre\esp32-s3-devkitc1-n16r8\liba9c\lvgl\libs\gif\gif.c.o
Compiling C:\PlatformIO\_build\Spectre\esp32-s3-devkitc1-n16r8\liba9c\lvgl\libs\gltf\gltf_data\lv_gltf_data.cpp.o
Compiling C:\PlatformIO\_build\Spectre\esp32-s3-devkitc1-n16r8\liba9c\lvgl\libs\gltf\gltf_data\lv_gltf_data_animations.cpp.o
Compiling C:\PlatformIO\_build\Spectre\esp32-s3-devkitc1-n16r8\liba9c\lvgl\libs\gltf\gltf_data\lv_gltf_data_cache.cpp.o
Compiling C:\PlatformIO\_build\Spectre\esp32-s3-devkitc1-n16r8\liba9c\lvgl\libs\gltf\gltf_data\lv_gltf_data_injest.cpp.o
Compiling C:\PlatformIO\_build\Spectre\esp32-s3-devkitc1-n16r8\liba9c\lvgl\libs\gltf\gltf_data\lv_gltf_data_mesh.cpp.o
Compiling C:\PlatformIO\_build\Spectre\esp32-s3-devkitc1-n16r8\liba9c\lvgl\libs\gltf\gltf_data\lv_gltf_data_primitive.cpp.o
Compiling C:\PlatformIO\_build\Spectre\esp32-s3-devkitc1-n16r8\liba9c\lvgl\libs\gltf\gltf_data\lv_gltf_data_shader.cpp.o
Compiling C:\PlatformIO\_build\Spectre\esp32-s3-devkitc1-n16r8\liba9c\lvgl\libs\gltf\gltf_data\lv_gltf_data_skin.cpp.o
Compiling C:\PlatformIO\_build\Spectre\esp32-s3-devkitc1-n16r8\liba9c\lvgl\libs\gltf\gltf_data\lv_gltf_data_texture.cpp.o
Compiling C:\PlatformIO\_build\Spectre\esp32-s3-devkitc1-n16r8\liba9c\lvgl\libs\gltf\gltf_data\lv_gltf_model_node.cpp.o
Compiling C:\PlatformIO\_build\Spectre\esp32-s3-devkitc1-n16r8\liba9c\lvgl\libs\gltf\gltf_data\lv_gltf_uniform_locations.cpp.o
Compiling C:\PlatformIO\_build\Spectre\esp32-s3-devkitc1-n16r8\liba9c\lvgl\libs\gltf\gltf_environment\lv_gltf_ibl_sampler.c.o
Compiling C:\PlatformIO\_build\Spectre\esp32-s3-devkitc1-n16r8\liba9c\lvgl\libs\gltf\gltf_view\assets\chromatic.c.o
Compiling C:\PlatformIO\_build\Spectre\esp32-s3-devkitc1-n16r8\liba9c\lvgl\libs\gltf\gltf_view\assets\lv_gltf_view_shader.c.o
Compiling C:\PlatformIO\_build\Spectre\esp32-s3-devkitc1-n16r8\liba9c\lvgl\libs\gltf\gltf_view\lv_gltf_view.cpp.o
Compiling C:\PlatformIO\_build\Spectre\esp32-s3-devkitc1-n16r8\liba9c\lvgl\libs\gltf\gltf_view\lv_gltf_view_render.cpp.o
Compiling C:\PlatformIO\_build\Spectre\esp32-s3-devkitc1-n16r8\liba9c\lvgl\libs\gltf\gltf_view\lv_gltf_view_shader.cpp.o
Compiling C:\PlatformIO\_build\Spectre\esp32-s3-devkitc1-n16r8\liba9c\lvgl\libs\gltf\math\lv_3dmath.c.o
Compiling C:\PlatformIO\_build\Spectre\esp32-s3-devkitc1-n16r8\liba9c\lvgl\libs\gltf\math\lv_gltf_math.cpp.o
Compiling C:\PlatformIO\_build\Spectre\esp32-s3-devkitc1-n16r8\liba9c\lvgl\libs\gstreamer\lv_gstreamer.c.o
Compiling C:\PlatformIO\_build\Spectre\esp32-s3-devkitc1-n16r8\liba9c\lvgl\libs\libjpeg_turbo\lv_libjpeg_turbo.c.o
Compiling C:\PlatformIO\_build\Spectre\esp32-s3-devkitc1-n16r8\liba9c\lvgl\libs\libpng\lv_libpng.c.o
Compiling C:\PlatformIO\_build\Spectre\esp32-s3-devkitc1-n16r8\liba9c\lvgl\libs\libwebp\lv_libwebp.c.o
Compiling C:\PlatformIO\_build\Spectre\esp32-s3-devkitc1-n16r8\liba9c\lvgl\libs\lodepng\lodepng.c.o
Compiling C:\PlatformIO\_build\Spectre\esp32-s3-devkitc1-n16r8\liba9c\lvgl\libs\lodepng\lv_lodepng.c.o
Compiling C:\PlatformIO\_build\Spectre\esp32-s3-devkitc1-n16r8\liba9c\lvgl\libs\lz4\lz4.c.o
Compiling C:\PlatformIO\_build\Spectre\esp32-s3-devkitc1-n16r8\liba9c\lvgl\libs\nanovg\nanovg.c.o
Compiling C:\PlatformIO\_build\Spectre\esp32-s3-devkitc1-n16r8\liba9c\lvgl\libs\qrcode\lv_qrcode.c.o
Compiling C:\PlatformIO\_build\Spectre\esp32-s3-devkitc1-n16r8\liba9c\lvgl\libs\qrcode\qrcodegen.c.o
Compiling C:\PlatformIO\_build\Spectre\esp32-s3-devkitc1-n16r8\liba9c\lvgl\libs\rle\lv_rle.c.o
Compiling C:\PlatformIO\_build\Spectre\esp32-s3-devkitc1-n16r8\liba9c\lvgl\libs\rlottie\lv_rlottie.c.o
Compiling C:\PlatformIO\_build\Spectre\esp32-s3-devkitc1-n16r8\liba9c\lvgl\libs\svg\lv_svg.c.o
Compiling C:\PlatformIO\_build\Spectre\esp32-s3-devkitc1-n16r8\liba9c\lvgl\libs\svg\lv_svg_decoder.c.o
Compiling C:\PlatformIO\_build\Spectre\esp32-s3-devkitc1-n16r8\liba9c\lvgl\libs\svg\lv_svg_parser.c.o
Compiling C:\PlatformIO\_build\Spectre\esp32-s3-devkitc1-n16r8\liba9c\lvgl\libs\svg\lv_svg_render.c.o
Compiling C:\PlatformIO\_build\Spectre\esp32-s3-devkitc1-n16r8\liba9c\lvgl\libs\svg\lv_svg_token.c.o
Compiling C:\PlatformIO\_build\Spectre\esp32-s3-devkitc1-n16r8\liba9c\lvgl\libs\thorvg\tvgAccessor.cpp.o
Compiling C:\PlatformIO\_build\Spectre\esp32-s3-devkitc1-n16r8\liba9c\lvgl\libs\thorvg\tvgAnimation.cpp.o
Compiling C:\PlatformIO\_build\Spectre\esp32-s3-devkitc1-n16r8\liba9c\lvgl\libs\thorvg\tvgCanvas.cpp.o
Compiling C:\PlatformIO\_build\Spectre\esp32-s3-devkitc1-n16r8\liba9c\lvgl\libs\thorvg\tvgCapi.cpp.o
Compiling C:\PlatformIO\_build\Spectre\esp32-s3-devkitc1-n16r8\liba9c\lvgl\libs\thorvg\tvgCompressor.cpp.o
Compiling C:\PlatformIO\_build\Spectre\esp32-s3-devkitc1-n16r8\liba9c\lvgl\libs\thorvg\tvgFill.cpp.o
Compiling C:\PlatformIO\_build\Spectre\esp32-s3-devkitc1-n16r8\liba9c\lvgl\libs\thorvg\tvgGlCanvas.cpp.o
Compiling C:\PlatformIO\_build\Spectre\esp32-s3-devkitc1-n16r8\liba9c\lvgl\libs\thorvg\tvgInitializer.cpp.o
Compiling C:\PlatformIO\_build\Spectre\esp32-s3-devkitc1-n16r8\liba9c\lvgl\libs\thorvg\tvgLoader.cpp.o
Compiling C:\PlatformIO\_build\Spectre\esp32-s3-devkitc1-n16r8\liba9c\lvgl\libs\thorvg\tvgLottieAnimation.cpp.o
Compiling C:\PlatformIO\_build\Spectre\esp32-s3-devkitc1-n16r8\liba9c\lvgl\libs\thorvg\tvgLottieBuilder.cpp.o
Compiling C:\PlatformIO\_build\Spectre\esp32-s3-devkitc1-n16r8\liba9c\lvgl\libs\thorvg\tvgLottieExpressions.cpp.o
Compiling C:\PlatformIO\_build\Spectre\esp32-s3-devkitc1-n16r8\liba9c\lvgl\libs\thorvg\tvgLottieInterpolator.cpp.o
Compiling C:\PlatformIO\_build\Spectre\esp32-s3-devkitc1-n16r8\liba9c\lvgl\libs\thorvg\tvgLottieLoader.cpp.o
Compiling C:\PlatformIO\_build\Spectre\esp32-s3-devkitc1-n16r8\liba9c\lvgl\libs\thorvg\tvgLottieModel.cpp.o
Compiling C:\PlatformIO\_build\Spectre\esp32-s3-devkitc1-n16r8\liba9c\lvgl\libs\thorvg\tvgLottieModifier.cpp.o
Compiling C:\PlatformIO\_build\Spectre\esp32-s3-devkitc1-n16r8\liba9c\lvgl\libs\thorvg\tvgLottieParser.cpp.o
Compiling C:\PlatformIO\_build\Spectre\esp32-s3-devkitc1-n16r8\liba9c\lvgl\libs\thorvg\tvgLottieParserHandler.cpp.o
Compiling C:\PlatformIO\_build\Spectre\esp32-s3-devkitc1-n16r8\liba9c\lvgl\libs\thorvg\tvgMath.cpp.o
Compiling C:\PlatformIO\_build\Spectre\esp32-s3-devkitc1-n16r8\liba9c\lvgl\libs\thorvg\tvgPaint.cpp.o
Compiling C:\PlatformIO\_build\Spectre\esp32-s3-devkitc1-n16r8\liba9c\lvgl\libs\thorvg\tvgPicture.cpp.o
Compiling C:\PlatformIO\_build\Spectre\esp32-s3-devkitc1-n16r8\liba9c\lvgl\libs\thorvg\tvgRawLoader.cpp.o
Compiling C:\PlatformIO\_build\Spectre\esp32-s3-devkitc1-n16r8\liba9c\lvgl\libs\thorvg\tvgRender.cpp.o
Compiling C:\PlatformIO\_build\Spectre\esp32-s3-devkitc1-n16r8\liba9c\lvgl\libs\thorvg\tvgSaver.cpp.o
Compiling C:\PlatformIO\_build\Spectre\esp32-s3-devkitc1-n16r8\liba9c\lvgl\libs\thorvg\tvgScene.cpp.o
Compiling C:\PlatformIO\_build\Spectre\esp32-s3-devkitc1-n16r8\liba9c\lvgl\libs\thorvg\tvgShape.cpp.o
Compiling C:\PlatformIO\_build\Spectre\esp32-s3-devkitc1-n16r8\liba9c\lvgl\libs\thorvg\tvgStr.cpp.o
Compiling C:\PlatformIO\_build\Spectre\esp32-s3-devkitc1-n16r8\liba9c\lvgl\libs\thorvg\tvgSvgCssStyle.cpp.o
Compiling C:\PlatformIO\_build\Spectre\esp32-s3-devkitc1-n16r8\liba9c\lvgl\libs\thorvg\tvgSvgLoader.cpp.o
Compiling C:\PlatformIO\_build\Spectre\esp32-s3-devkitc1-n16r8\liba9c\lvgl\libs\thorvg\tvgSvgPath.cpp.o
Compiling C:\PlatformIO\_build\Spectre\esp32-s3-devkitc1-n16r8\liba9c\lvgl\libs\thorvg\tvgSvgSceneBuilder.cpp.o
Compiling C:\PlatformIO\_build\Spectre\esp32-s3-devkitc1-n16r8\liba9c\lvgl\libs\thorvg\tvgSvgUtil.cpp.o
Compiling C:\PlatformIO\_build\Spectre\esp32-s3-devkitc1-n16r8\liba9c\lvgl\libs\thorvg\tvgSwCanvas.cpp.o
Compiling C:\PlatformIO\_build\Spectre\esp32-s3-devkitc1-n16r8\liba9c\lvgl\libs\thorvg\tvgSwFill.cpp.o
Compiling C:\PlatformIO\_build\Spectre\esp32-s3-devkitc1-n16r8\liba9c\lvgl\libs\thorvg\tvgSwImage.cpp.o
Compiling C:\PlatformIO\_build\Spectre\esp32-s3-devkitc1-n16r8\liba9c\lvgl\libs\thorvg\tvgSwMath.cpp.o
Compiling C:\PlatformIO\_build\Spectre\esp32-s3-devkitc1-n16r8\liba9c\lvgl\libs\thorvg\tvgSwMemPool.cpp.o
Compiling C:\PlatformIO\_build\Spectre\esp32-s3-devkitc1-n16r8\liba9c\lvgl\libs\thorvg\tvgSwPostEffect.cpp.o
Compiling C:\PlatformIO\_build\Spectre\esp32-s3-devkitc1-n16r8\liba9c\lvgl\libs\thorvg\tvgSwRaster.cpp.o
Compiling C:\PlatformIO\_build\Spectre\esp32-s3-devkitc1-n16r8\liba9c\lvgl\libs\thorvg\tvgSwRenderer.cpp.o
Compiling C:\PlatformIO\_build\Spectre\esp32-s3-devkitc1-n16r8\liba9c\lvgl\libs\thorvg\tvgSwRle.cpp.o
Compiling C:\PlatformIO\_build\Spectre\esp32-s3-devkitc1-n16r8\liba9c\lvgl\libs\thorvg\tvgSwShape.cpp.o
Compiling C:\PlatformIO\_build\Spectre\esp32-s3-devkitc1-n16r8\liba9c\lvgl\libs\thorvg\tvgSwStroke.cpp.o
Compiling C:\PlatformIO\_build\Spectre\esp32-s3-devkitc1-n16r8\liba9c\lvgl\libs\thorvg\tvgTaskScheduler.cpp.o
Compiling C:\PlatformIO\_build\Spectre\esp32-s3-devkitc1-n16r8\liba9c\lvgl\libs\thorvg\tvgText.cpp.o
Compiling C:\PlatformIO\_build\Spectre\esp32-s3-devkitc1-n16r8\liba9c\lvgl\libs\thorvg\tvgWgCanvas.cpp.o
Compiling C:\PlatformIO\_build\Spectre\esp32-s3-devkitc1-n16r8\liba9c\lvgl\libs\thorvg\tvgXmlParser.cpp.o
Compiling C:\PlatformIO\_build\Spectre\esp32-s3-devkitc1-n16r8\liba9c\lvgl\libs\tiny_ttf\lv_tiny_ttf.c.o
Compiling C:\PlatformIO\_build\Spectre\esp32-s3-devkitc1-n16r8\liba9c\lvgl\libs\tjpgd\lv_tjpgd.c.o
Compiling C:\PlatformIO\_build\Spectre\esp32-s3-devkitc1-n16r8\liba9c\lvgl\libs\tjpgd\tjpgd.c.o
Compiling C:\PlatformIO\_build\Spectre\esp32-s3-devkitc1-n16r8\liba9c\lvgl\libs\vg_lite_driver\VGLiteKernel\vg_lite_kernel.c.o
Compiling C:\PlatformIO\_build\Spectre\esp32-s3-devkitc1-n16r8\liba9c\lvgl\libs\vg_lite_driver\VGLite\vg_lite.c.o
Compiling C:\PlatformIO\_build\Spectre\esp32-s3-devkitc1-n16r8\liba9c\lvgl\libs\vg_lite_driver\VGLite\vg_lite_image.c.o
Compiling C:\PlatformIO\_build\Spectre\esp32-s3-devkitc1-n16r8\liba9c\lvgl\libs\vg_lite_driver\VGLite\vg_lite_matrix.c.o
Compiling C:\PlatformIO\_build\Spectre\esp32-s3-devkitc1-n16r8\liba9c\lvgl\libs\vg_lite_driver\VGLite\vg_lite_path.c.o
Compiling C:\PlatformIO\_build\Spectre\esp32-s3-devkitc1-n16r8\liba9c\lvgl\libs\vg_lite_driver\VGLite\vg_lite_stroke.c.o
Compiling C:\PlatformIO\_build\Spectre\esp32-s3-devkitc1-n16r8\liba9c\lvgl\libs\vg_lite_driver\lv_vg_lite_hal\lv_vg_lite_hal.c.o
Compiling C:\PlatformIO\_build\Spectre\esp32-s3-devkitc1-n16r8\liba9c\lvgl\libs\vg_lite_driver\lv_vg_lite_hal\vg_lite_os.c.o
Compiling C:\PlatformIO\_build\Spectre\esp32-s3-devkitc1-n16r8\liba9c\lvgl\lv_init.c.o
Compiling C:\PlatformIO\_build\Spectre\esp32-s3-devkitc1-n16r8\liba9c\lvgl\misc\cache\class\lv_cache_lru_ll.c.o
Compiling C:\PlatformIO\_build\Spectre\esp32-s3-devkitc1-n16r8\liba9c\lvgl\misc\cache\class\lv_cache_lru_rb.c.o
Compiling C:\PlatformIO\_build\Spectre\esp32-s3-devkitc1-n16r8\liba9c\lvgl\misc\cache\class\lv_cache_sc_da.c.o
Compiling C:\PlatformIO\_build\Spectre\esp32-s3-devkitc1-n16r8\liba9c\lvgl\misc\cache\instance\lv_image_cache.c.o
Compiling C:\PlatformIO\_build\Spectre\esp32-s3-devkitc1-n16r8\liba9c\lvgl\misc\cache\instance\lv_image_header_cache.c.o
Compiling C:\PlatformIO\_build\Spectre\esp32-s3-devkitc1-n16r8\liba9c\lvgl\misc\cache\lv_cache.c.o
Compiling C:\PlatformIO\_build\Spectre\esp32-s3-devkitc1-n16r8\liba9c\lvgl\misc\cache\lv_cache_entry.c.o
Compiling C:\PlatformIO\_build\Spectre\esp32-s3-devkitc1-n16r8\liba9c\lvgl\misc\lv_anim.c.o
Compiling C:\PlatformIO\_build\Spectre\esp32-s3-devkitc1-n16r8\liba9c\lvgl\misc\lv_anim_timeline.c.o
Compiling C:\PlatformIO\_build\Spectre\esp32-s3-devkitc1-n16r8\liba9c\lvgl\misc\lv_area.c.o
Compiling C:\PlatformIO\_build\Spectre\esp32-s3-devkitc1-n16r8\liba9c\lvgl\misc\lv_array.c.o
Compiling C:\PlatformIO\_build\Spectre\esp32-s3-devkitc1-n16r8\liba9c\lvgl\misc\lv_async.c.o
Compiling C:\PlatformIO\_build\Spectre\esp32-s3-devkitc1-n16r8\liba9c\lvgl\misc\lv_bidi.c.o
Compiling C:\PlatformIO\_build\Spectre\esp32-s3-devkitc1-n16r8\liba9c\lvgl\misc\lv_circle_buf.c.o
Compiling C:\PlatformIO\_build\Spectre\esp32-s3-devkitc1-n16r8\liba9c\lvgl\misc\lv_color.c.o
Compiling C:\PlatformIO\_build\Spectre\esp32-s3-devkitc1-n16r8\liba9c\lvgl\misc\lv_color_op.c.o
Compiling C:\PlatformIO\_build\Spectre\esp32-s3-devkitc1-n16r8\liba9c\lvgl\misc\lv_event.c.o
Compiling C:\PlatformIO\_build\Spectre\esp32-s3-devkitc1-n16r8\liba9c\lvgl\misc\lv_fs.c.o
Compiling C:\PlatformIO\_build\Spectre\esp32-s3-devkitc1-n16r8\liba9c\lvgl\misc\lv_grad.c.o
Compiling C:\PlatformIO\_build\Spectre\esp32-s3-devkitc1-n16r8\liba9c\lvgl\misc\lv_iter.c.o
Compiling C:\PlatformIO\_build\Spectre\esp32-s3-devkitc1-n16r8\liba9c\lvgl\misc\lv_ll.c.o
Compiling C:\PlatformIO\_build\Spectre\esp32-s3-devkitc1-n16r8\liba9c\lvgl\misc\lv_log.c.o
Compiling C:\PlatformIO\_build\Spectre\esp32-s3-devkitc1-n16r8\liba9c\lvgl\misc\lv_lru.c.o
Compiling C:\PlatformIO\_build\Spectre\esp32-s3-devkitc1-n16r8\liba9c\lvgl\misc\lv_math.c.o
Compiling C:\PlatformIO\_build\Spectre\esp32-s3-devkitc1-n16r8\liba9c\lvgl\misc\lv_matrix.c.o
Compiling C:\PlatformIO\_build\Spectre\esp32-s3-devkitc1-n16r8\liba9c\lvgl\misc\lv_palette.c.o
Compiling C:\PlatformIO\_build\Spectre\esp32-s3-devkitc1-n16r8\liba9c\lvgl\misc\lv_pending.c.o
Compiling C:\PlatformIO\_build\Spectre\esp32-s3-devkitc1-n16r8\liba9c\lvgl\misc\lv_profiler_builtin.c.o
Compiling C:\PlatformIO\_build\Spectre\esp32-s3-devkitc1-n16r8\liba9c\lvgl\misc\lv_profiler_builtin_posix.c.o
Compiling C:\PlatformIO\_build\Spectre\esp32-s3-devkitc1-n16r8\liba9c\lvgl\misc\lv_rb.c.o
Compiling C:\PlatformIO\_build\Spectre\esp32-s3-devkitc1-n16r8\liba9c\lvgl\misc\lv_style.c.o
Compiling C:\PlatformIO\_build\Spectre\esp32-s3-devkitc1-n16r8\liba9c\lvgl\misc\lv_style_gen.c.o
Compiling C:\PlatformIO\_build\Spectre\esp32-s3-devkitc1-n16r8\liba9c\lvgl\misc\lv_templ.c.o
Compiling C:\PlatformIO\_build\Spectre\esp32-s3-devkitc1-n16r8\liba9c\lvgl\misc\lv_text.c.o
Compiling C:\PlatformIO\_build\Spectre\esp32-s3-devkitc1-n16r8\liba9c\lvgl\misc\lv_text_ap.c.o
Compiling C:\PlatformIO\_build\Spectre\esp32-s3-devkitc1-n16r8\liba9c\lvgl\misc\lv_timer.c.o
Compiling C:\PlatformIO\_build\Spectre\esp32-s3-devkitc1-n16r8\liba9c\lvgl\misc\lv_tree.c.o
Compiling C:\PlatformIO\_build\Spectre\esp32-s3-devkitc1-n16r8\liba9c\lvgl\misc\lv_utils.c.o
Compiling C:\PlatformIO\_build\Spectre\esp32-s3-devkitc1-n16r8\liba9c\lvgl\osal\lv_cmsis_rtos2.c.o
Compiling C:\PlatformIO\_build\Spectre\esp32-s3-devkitc1-n16r8\liba9c\lvgl\osal\lv_freertos.c.o
Compiling C:\PlatformIO\_build\Spectre\esp32-s3-devkitc1-n16r8\liba9c\lvgl\osal\lv_linux.c.o
Compiling C:\PlatformIO\_build\Spectre\esp32-s3-devkitc1-n16r8\liba9c\lvgl\osal\lv_mqx.c.o
Compiling C:\PlatformIO\_build\Spectre\esp32-s3-devkitc1-n16r8\liba9c\lvgl\osal\lv_os.c.o
Compiling C:\PlatformIO\_build\Spectre\esp32-s3-devkitc1-n16r8\liba9c\lvgl\osal\lv_os_none.c.o
Compiling C:\PlatformIO\_build\Spectre\esp32-s3-devkitc1-n16r8\liba9c\lvgl\osal\lv_pthread.c.o
Compiling C:\PlatformIO\_build\Spectre\esp32-s3-devkitc1-n16r8\liba9c\lvgl\osal\lv_rtthread.c.o
Compiling C:\PlatformIO\_build\Spectre\esp32-s3-devkitc1-n16r8\liba9c\lvgl\osal\lv_sdl2.c.o
Compiling C:\PlatformIO\_build\Spectre\esp32-s3-devkitc1-n16r8\liba9c\lvgl\osal\lv_windows.c.o
Compiling C:\PlatformIO\_build\Spectre\esp32-s3-devkitc1-n16r8\liba9c\lvgl\others\file_explorer\lv_file_explorer.c.o
Compiling C:\PlatformIO\_build\Spectre\esp32-s3-devkitc1-n16r8\liba9c\lvgl\others\fragment\lv_fragment.c.o
Compiling C:\PlatformIO\_build\Spectre\esp32-s3-devkitc1-n16r8\liba9c\lvgl\others\fragment\lv_fragment_manager.c.o
Compiling C:\PlatformIO\_build\Spectre\esp32-s3-devkitc1-n16r8\liba9c\lvgl\others\translation\lv_translation.c.o
Compiling C:\PlatformIO\_build\Spectre\esp32-s3-devkitc1-n16r8\liba9c\lvgl\stdlib\builtin\lv_mem_core_builtin.c.o
Compiling C:\PlatformIO\_build\Spectre\esp32-s3-devkitc1-n16r8\liba9c\lvgl\stdlib\builtin\lv_sprintf_builtin.c.o
Compiling C:\PlatformIO\_build\Spectre\esp32-s3-devkitc1-n16r8\liba9c\lvgl\stdlib\builtin\lv_string_builtin.c.o
Compiling C:\PlatformIO\_build\Spectre\esp32-s3-devkitc1-n16r8\liba9c\lvgl\stdlib\builtin\lv_tlsf.c.o
Compiling C:\PlatformIO\_build\Spectre\esp32-s3-devkitc1-n16r8\liba9c\lvgl\stdlib\clib\lv_mem_core_clib.c.o
Compiling C:\PlatformIO\_build\Spectre\esp32-s3-devkitc1-n16r8\liba9c\lvgl\stdlib\clib\lv_sprintf_clib.c.o
Compiling C:\PlatformIO\_build\Spectre\esp32-s3-devkitc1-n16r8\liba9c\lvgl\stdlib\clib\lv_string_clib.c.o
Compiling C:\PlatformIO\_build\Spectre\esp32-s3-devkitc1-n16r8\liba9c\lvgl\stdlib\lv_mem.c.o
Compiling C:\PlatformIO\_build\Spectre\esp32-s3-devkitc1-n16r8\liba9c\lvgl\stdlib\micropython\lv_mem_core_micropython.c.o
Compiling C:\PlatformIO\_build\Spectre\esp32-s3-devkitc1-n16r8\liba9c\lvgl\stdlib\rtthread\lv_mem_core_rtthread.c.o
Compiling C:\PlatformIO\_build\Spectre\esp32-s3-devkitc1-n16r8\liba9c\lvgl\stdlib\rtthread\lv_sprintf_rtthread.c.o
Compiling C:\PlatformIO\_build\Spectre\esp32-s3-devkitc1-n16r8\liba9c\lvgl\stdlib\rtthread\lv_string_rtthread.c.o
Compiling C:\PlatformIO\_build\Spectre\esp32-s3-devkitc1-n16r8\liba9c\lvgl\stdlib\uefi\lv_mem_core_uefi.c.o
Compiling C:\PlatformIO\_build\Spectre\esp32-s3-devkitc1-n16r8\liba9c\lvgl\themes\default\lv_theme_default.c.o
Compiling C:\PlatformIO\_build\Spectre\esp32-s3-devkitc1-n16r8\liba9c\lvgl\themes\lv_theme.c.o
Compiling C:\PlatformIO\_build\Spectre\esp32-s3-devkitc1-n16r8\liba9c\lvgl\themes\mono\lv_theme_mono.c.o
Compiling C:\PlatformIO\_build\Spectre\esp32-s3-devkitc1-n16r8\liba9c\lvgl\themes\simple\lv_theme_simple.c.o
Compiling C:\PlatformIO\_build\Spectre\esp32-s3-devkitc1-n16r8\liba9c\lvgl\tick\lv_tick.c.o
Compiling C:\PlatformIO\_build\Spectre\esp32-s3-devkitc1-n16r8\liba9c\lvgl\widgets\3dtexture\lv_3dtexture.c.o
Compiling C:\PlatformIO\_build\Spectre\esp32-s3-devkitc1-n16r8\liba9c\lvgl\widgets\animimage\lv_animimage.c.o
Compiling C:\PlatformIO\_build\Spectre\esp32-s3-devkitc1-n16r8\liba9c\lvgl\widgets\arc\lv_arc.c.o
Compiling C:\PlatformIO\_build\Spectre\esp32-s3-devkitc1-n16r8\liba9c\lvgl\widgets\arclabel\lv_arclabel.c.o
Compiling C:\PlatformIO\_build\Spectre\esp32-s3-devkitc1-n16r8\liba9c\lvgl\widgets\bar\lv_bar.c.o
Compiling C:\PlatformIO\_build\Spectre\esp32-s3-devkitc1-n16r8\liba9c\lvgl\widgets\button\lv_button.c.o
Compiling C:\PlatformIO\_build\Spectre\esp32-s3-devkitc1-n16r8\liba9c\lvgl\widgets\buttonmatrix\lv_buttonmatrix.c.o
Compiling C:\PlatformIO\_build\Spectre\esp32-s3-devkitc1-n16r8\liba9c\lvgl\widgets\calendar\lv_calendar.c.o
Compiling C:\PlatformIO\_build\Spectre\esp32-s3-devkitc1-n16r8\liba9c\lvgl\widgets\calendar\lv_calendar_chinese.c.o
Compiling C:\PlatformIO\_build\Spectre\esp32-s3-devkitc1-n16r8\liba9c\lvgl\widgets\calendar\lv_calendar_header_arrow.c.o
Compiling C:\PlatformIO\_build\Spectre\esp32-s3-devkitc1-n16r8\liba9c\lvgl\widgets\calendar\lv_calendar_header_dropdown.c.o
Compiling C:\PlatformIO\_build\Spectre\esp32-s3-devkitc1-n16r8\liba9c\lvgl\widgets\canvas\lv_canvas.c.o
Compiling C:\PlatformIO\_build\Spectre\esp32-s3-devkitc1-n16r8\liba9c\lvgl\widgets\chart\lv_chart.c.o
Compiling C:\PlatformIO\_build\Spectre\esp32-s3-devkitc1-n16r8\liba9c\lvgl\widgets\checkbox\lv_checkbox.c.o
Compiling C:\PlatformIO\_build\Spectre\esp32-s3-devkitc1-n16r8\liba9c\lvgl\widgets\dropdown\lv_dropdown.c.o
Compiling C:\PlatformIO\_build\Spectre\esp32-s3-devkitc1-n16r8\liba9c\lvgl\widgets\gif\lv_gif.c.o
Compiling C:\PlatformIO\_build\Spectre\esp32-s3-devkitc1-n16r8\liba9c\lvgl\widgets\image\lv_image.c.o
Compiling C:\PlatformIO\_build\Spectre\esp32-s3-devkitc1-n16r8\liba9c\lvgl\widgets\imagebutton\lv_imagebutton.c.o
Compiling C:\PlatformIO\_build\Spectre\esp32-s3-devkitc1-n16r8\liba9c\lvgl\widgets\ime\lv_ime_pinyin.c.o
Compiling C:\PlatformIO\_build\Spectre\esp32-s3-devkitc1-n16r8\liba9c\lvgl\widgets\keyboard\lv_keyboard.c.o
Compiling C:\PlatformIO\_build\Spectre\esp32-s3-devkitc1-n16r8\liba9c\lvgl\widgets\label\lv_label.c.o
Compiling C:\PlatformIO\_build\Spectre\esp32-s3-devkitc1-n16r8\liba9c\lvgl\widgets\led\lv_led.c.o
Compiling C:\PlatformIO\_build\Spectre\esp32-s3-devkitc1-n16r8\liba9c\lvgl\widgets\line\lv_line.c.o
Compiling C:\PlatformIO\_build\Spectre\esp32-s3-devkitc1-n16r8\liba9c\lvgl\widgets\list\lv_list.c.o
Compiling C:\PlatformIO\_build\Spectre\esp32-s3-devkitc1-n16r8\liba9c\lvgl\widgets\lottie\lv_lottie.c.o
Compiling C:\PlatformIO\_build\Spectre\esp32-s3-devkitc1-n16r8\liba9c\lvgl\widgets\menu\lv_menu.c.o
Compiling C:\PlatformIO\_build\Spectre\esp32-s3-devkitc1-n16r8\liba9c\lvgl\widgets\msgbox\lv_msgbox.c.o
Compiling C:\PlatformIO\_build\Spectre\esp32-s3-devkitc1-n16r8\liba9c\lvgl\widgets\objx_templ\lv_objx_templ.c.o
Compiling C:\PlatformIO\_build\Spectre\esp32-s3-devkitc1-n16r8\liba9c\lvgl\widgets\property\lv_animimage_properties.c.o
Compiling C:\PlatformIO\_build\Spectre\esp32-s3-devkitc1-n16r8\liba9c\lvgl\widgets\property\lv_arc_properties.c.o
Compiling C:\PlatformIO\_build\Spectre\esp32-s3-devkitc1-n16r8\liba9c\lvgl\widgets\property\lv_bar_properties.c.o
Compiling C:\PlatformIO\_build\Spectre\esp32-s3-devkitc1-n16r8\liba9c\lvgl\widgets\property\lv_buttonmatrix_properties.c.o
Compiling C:\PlatformIO\_build\Spectre\esp32-s3-devkitc1-n16r8\liba9c\lvgl\widgets\property\lv_chart_properties.c.o
Compiling C:\PlatformIO\_build\Spectre\esp32-s3-devkitc1-n16r8\liba9c\lvgl\widgets\property\lv_checkbox_properties.c.o
Compiling C:\PlatformIO\_build\Spectre\esp32-s3-devkitc1-n16r8\liba9c\lvgl\widgets\property\lv_dropdown_properties.c.o
Compiling C:\PlatformIO\_build\Spectre\esp32-s3-devkitc1-n16r8\liba9c\lvgl\widgets\property\lv_image_properties.c.o
Compiling C:\PlatformIO\_build\Spectre\esp32-s3-devkitc1-n16r8\liba9c\lvgl\widgets\property\lv_keyboard_properties.c.o
Compiling C:\PlatformIO\_build\Spectre\esp32-s3-devkitc1-n16r8\liba9c\lvgl\widgets\property\lv_label_properties.c.o
Compiling C:\PlatformIO\_build\Spectre\esp32-s3-devkitc1-n16r8\liba9c\lvgl\widgets\property\lv_led_properties.c.o
Compiling C:\PlatformIO\_build\Spectre\esp32-s3-devkitc1-n16r8\liba9c\lvgl\widgets\property\lv_line_properties.c.o
Compiling C:\PlatformIO\_build\Spectre\esp32-s3-devkitc1-n16r8\liba9c\lvgl\widgets\property\lv_menu_properties.c.o
Compiling C:\PlatformIO\_build\Spectre\esp32-s3-devkitc1-n16r8\liba9c\lvgl\widgets\property\lv_obj_properties.c.o
Compiling C:\PlatformIO\_build\Spectre\esp32-s3-devkitc1-n16r8\liba9c\lvgl\widgets\property\lv_roller_properties.c.o
Compiling C:\PlatformIO\_build\Spectre\esp32-s3-devkitc1-n16r8\liba9c\lvgl\widgets\property\lv_scale_properties.c.o
Compiling C:\PlatformIO\_build\Spectre\esp32-s3-devkitc1-n16r8\liba9c\lvgl\widgets\property\lv_slider_properties.c.o
Compiling C:\PlatformIO\_build\Spectre\esp32-s3-devkitc1-n16r8\liba9c\lvgl\widgets\property\lv_span_properties.c.o
Compiling C:\PlatformIO\_build\Spectre\esp32-s3-devkitc1-n16r8\liba9c\lvgl\widgets\property\lv_spinbox_properties.c.o
Compiling C:\PlatformIO\_build\Spectre\esp32-s3-devkitc1-n16r8\liba9c\lvgl\widgets\property\lv_spinner_properties.c.o
Compiling C:\PlatformIO\_build\Spectre\esp32-s3-devkitc1-n16r8\liba9c\lvgl\widgets\property\lv_style_properties.c.o
Compiling C:\PlatformIO\_build\Spectre\esp32-s3-devkitc1-n16r8\liba9c\lvgl\widgets\property\lv_switch_properties.c.o
Compiling C:\PlatformIO\_build\Spectre\esp32-s3-devkitc1-n16r8\liba9c\lvgl\widgets\property\lv_table_properties.c.o
Compiling C:\PlatformIO\_build\Spectre\esp32-s3-devkitc1-n16r8\liba9c\lvgl\widgets\property\lv_tabview_properties.c.o
Compiling C:\PlatformIO\_build\Spectre\esp32-s3-devkitc1-n16r8\liba9c\lvgl\widgets\property\lv_textarea_properties.c.o
Compiling C:\PlatformIO\_build\Spectre\esp32-s3-devkitc1-n16r8\liba9c\lvgl\widgets\roller\lv_roller.c.o
Compiling C:\PlatformIO\_build\Spectre\esp32-s3-devkitc1-n16r8\liba9c\lvgl\widgets\scale\lv_scale.c.o
Compiling C:\PlatformIO\_build\Spectre\esp32-s3-devkitc1-n16r8\liba9c\lvgl\widgets\slider\lv_slider.c.o
Compiling C:\PlatformIO\_build\Spectre\esp32-s3-devkitc1-n16r8\liba9c\lvgl\widgets\span\lv_span.c.o
Compiling C:\PlatformIO\_build\Spectre\esp32-s3-devkitc1-n16r8\liba9c\lvgl\widgets\spinbox\lv_spinbox.c.o
Compiling C:\PlatformIO\_build\Spectre\esp32-s3-devkitc1-n16r8\liba9c\lvgl\widgets\spinner\lv_spinner.c.o
Compiling C:\PlatformIO\_build\Spectre\esp32-s3-devkitc1-n16r8\liba9c\lvgl\widgets\switch\lv_switch.c.o
Compiling C:\PlatformIO\_build\Spectre\esp32-s3-devkitc1-n16r8\liba9c\lvgl\widgets\table\lv_table.c.o
Compiling C:\PlatformIO\_build\Spectre\esp32-s3-devkitc1-n16r8\liba9c\lvgl\widgets\tabview\lv_tabview.c.o
Compiling C:\PlatformIO\_build\Spectre\esp32-s3-devkitc1-n16r8\liba9c\lvgl\widgets\textarea\lv_textarea.c.o
Compiling C:\PlatformIO\_build\Spectre\esp32-s3-devkitc1-n16r8\liba9c\lvgl\widgets\tileview\lv_tileview.c.o
Compiling C:\PlatformIO\_build\Spectre\esp32-s3-devkitc1-n16r8\liba9c\lvgl\widgets\win\lv_win.c.o
Compiling C:\PlatformIO\_build\Spectre\esp32-s3-devkitc1-n16r8\libafd\Preferences\Preferences.cpp.o
Compiling C:\PlatformIO\_build\Spectre\esp32-s3-devkitc1-n16r8\liba2e\Network\NetworkClient.cpp.o
Compiling C:\PlatformIO\_build\Spectre\esp32-s3-devkitc1-n16r8\liba2e\Network\NetworkEvents.cpp.o
Compiling C:\PlatformIO\_build\Spectre\esp32-s3-devkitc1-n16r8\liba2e\Network\NetworkInterface.cpp.o
Archiving C:\PlatformIO\_build\Spectre\esp32-s3-devkitc1-n16r8\liba9c\liblvgl.a
Compiling C:\PlatformIO\_build\Spectre\esp32-s3-devkitc1-n16r8\liba2e\Network\NetworkManager.cpp.o
Compiling C:\PlatformIO\_build\Spectre\esp32-s3-devkitc1-n16r8\liba2e\Network\NetworkServer.cpp.o
Compiling C:\PlatformIO\_build\Spectre\esp32-s3-devkitc1-n16r8\liba2e\Network\NetworkUdp.cpp.o
Compiling C:\PlatformIO\_build\Spectre\esp32-s3-devkitc1-n16r8\libd67\WiFi\AP.cpp.o
Compiling C:\PlatformIO\_build\Spectre\esp32-s3-devkitc1-n16r8\libd67\WiFi\STA.cpp.o
Compiling C:\PlatformIO\_build\Spectre\esp32-s3-devkitc1-n16r8\libd67\WiFi\WiFi.cpp.o
Compiling C:\PlatformIO\_build\Spectre\esp32-s3-devkitc1-n16r8\libd67\WiFi\WiFiAP.cpp.o
Compiling C:\PlatformIO\_build\Spectre\esp32-s3-devkitc1-n16r8\libd67\WiFi\WiFiGeneric.cpp.o
Compiling C:\PlatformIO\_build\Spectre\esp32-s3-devkitc1-n16r8\libd67\WiFi\WiFiMulti.cpp.o
Compiling C:\PlatformIO\_build\Spectre\esp32-s3-devkitc1-n16r8\libd67\WiFi\WiFiSTA.cpp.o
Compiling C:\PlatformIO\_build\Spectre\esp32-s3-devkitc1-n16r8\libd67\WiFi\WiFiScan.cpp.o
Compiling C:\PlatformIO\_build\Spectre\esp32-s3-devkitc1-n16r8\lib885\USB\USBAudioCard.cpp.o
Compiling C:\PlatformIO\_build\Spectre\esp32-s3-devkitc1-n16r8\lib885\USB\USBHID.cpp.o
Compiling C:\PlatformIO\_build\Spectre\esp32-s3-devkitc1-n16r8\lib885\USB\USBHIDConsumerControl.cpp.o
Compiling C:\PlatformIO\_build\Spectre\esp32-s3-devkitc1-n16r8\lib885\USB\USBHIDGamepad.cpp.o
Compiling C:\PlatformIO\_build\Spectre\esp32-s3-devkitc1-n16r8\lib885\USB\USBHIDKeyboard.cpp.o
Compiling C:\PlatformIO\_build\Spectre\esp32-s3-devkitc1-n16r8\lib885\USB\USBHIDMouse.cpp.o
Compiling C:\PlatformIO\_build\Spectre\esp32-s3-devkitc1-n16r8\lib885\USB\USBHIDSystemControl.cpp.o
Compiling C:\PlatformIO\_build\Spectre\esp32-s3-devkitc1-n16r8\lib885\USB\USBHIDVendor.cpp.o
Compiling C:\PlatformIO\_build\Spectre\esp32-s3-devkitc1-n16r8\lib885\USB\USBMIDI.cpp.o
Compiling C:\PlatformIO\_build\Spectre\esp32-s3-devkitc1-n16r8\lib885\USB\USBVendor.cpp.o
Compiling C:\PlatformIO\_build\Spectre\esp32-s3-devkitc1-n16r8\lib885\USB\keyboardLayout\KeyboardLayout_da_DK.cpp.o
Archiving C:\PlatformIO\_build\Spectre\esp32-s3-devkitc1-n16r8\libafd\libPreferences.a
Compiling C:\PlatformIO\_build\Spectre\esp32-s3-devkitc1-n16r8\lib885\USB\keyboardLayout\KeyboardLayout_de_DE.cpp.o
Compiling C:\PlatformIO\_build\Spectre\esp32-s3-devkitc1-n16r8\lib885\USB\keyboardLayout\KeyboardLayout_en_US.cpp.o
Compiling C:\PlatformIO\_build\Spectre\esp32-s3-devkitc1-n16r8\lib885\USB\keyboardLayout\KeyboardLayout_es_ES.cpp.o
Compiling C:\PlatformIO\_build\Spectre\esp32-s3-devkitc1-n16r8\lib885\USB\keyboardLayout\KeyboardLayout_fr_CH.cpp.o
Compiling C:\PlatformIO\_build\Spectre\esp32-s3-devkitc1-n16r8\lib885\USB\keyboardLayout\KeyboardLayout_fr_FR.cpp.o
Compiling C:\PlatformIO\_build\Spectre\esp32-s3-devkitc1-n16r8\lib885\USB\keyboardLayout\KeyboardLayout_hu_HU.cpp.o
Compiling C:\PlatformIO\_build\Spectre\esp32-s3-devkitc1-n16r8\lib885\USB\keyboardLayout\KeyboardLayout_it_IT.cpp.o
Compiling C:\PlatformIO\_build\Spectre\esp32-s3-devkitc1-n16r8\lib885\USB\keyboardLayout\KeyboardLayout_ja_JP.cpp.o
Compiling C:\PlatformIO\_build\Spectre\esp32-s3-devkitc1-n16r8\lib885\USB\keyboardLayout\KeyboardLayout_pt_BR.cpp.o
Compiling C:\PlatformIO\_build\Spectre\esp32-s3-devkitc1-n16r8\lib885\USB\keyboardLayout\KeyboardLayout_pt_PT.cpp.o
Archiving C:\PlatformIO\_build\Spectre\esp32-s3-devkitc1-n16r8\liba2e\libNetwork.a
Compiling C:\PlatformIO\_build\Spectre\esp32-s3-devkitc1-n16r8\lib885\USB\keyboardLayout\KeyboardLayout_sv_SE.cpp.o
Compiling C:\PlatformIO\_build\Spectre\esp32-s3-devkitc1-n16r8\lib5a0\opendroneid-core-c\opendroneid.c.o
Compiling C:\PlatformIO\_build\Spectre\esp32-s3-devkitc1-n16r8\FrameworkArduino\ColorFormat.c.o
Compiling C:\PlatformIO\_build\Spectre\esp32-s3-devkitc1-n16r8\FrameworkArduino\Esp.cpp.o
Archiving C:\PlatformIO\_build\Spectre\esp32-s3-devkitc1-n16r8\libd67\libWiFi.a
Compiling C:\PlatformIO\_build\Spectre\esp32-s3-devkitc1-n16r8\FrameworkArduino\FirmwareMSC.cpp.o
Compiling C:\PlatformIO\_build\Spectre\esp32-s3-devkitc1-n16r8\FrameworkArduino\FunctionalInterrupt.cpp.o
Compiling C:\PlatformIO\_build\Spectre\esp32-s3-devkitc1-n16r8\FrameworkArduino\HEXBuilder.cpp.o
Compiling C:\PlatformIO\_build\Spectre\esp32-s3-devkitc1-n16r8\FrameworkArduino\HWCDC.cpp.o
Compiling C:\PlatformIO\_build\Spectre\esp32-s3-devkitc1-n16r8\FrameworkArduino\HardwareSerial.cpp.o
Compiling C:\PlatformIO\_build\Spectre\esp32-s3-devkitc1-n16r8\FrameworkArduino\HashBuilder.cpp.o
Archiving C:\PlatformIO\_build\Spectre\esp32-s3-devkitc1-n16r8\lib5a0\libopendroneid-core-c.a
Compiling C:\PlatformIO\_build\Spectre\esp32-s3-devkitc1-n16r8\FrameworkArduino\IPAddress.cpp.o
Compiling C:\PlatformIO\_build\Spectre\esp32-s3-devkitc1-n16r8\FrameworkArduino\MD5Builder.cpp.o
Compiling C:\PlatformIO\_build\Spectre\esp32-s3-devkitc1-n16r8\FrameworkArduino\MacAddress.cpp.o
Compiling C:\PlatformIO\_build\Spectre\esp32-s3-devkitc1-n16r8\FrameworkArduino\Print.cpp.o
Compiling C:\PlatformIO\_build\Spectre\esp32-s3-devkitc1-n16r8\FrameworkArduino\Stream.cpp.o
Compiling C:\PlatformIO\_build\Spectre\esp32-s3-devkitc1-n16r8\FrameworkArduino\StreamString.cpp.o
Compiling C:\PlatformIO\_build\Spectre\esp32-s3-devkitc1-n16r8\FrameworkArduino\StringUtils.cpp.o
Compiling C:\PlatformIO\_build\Spectre\esp32-s3-devkitc1-n16r8\FrameworkArduino\Tone.cpp.o
Compiling C:\PlatformIO\_build\Spectre\esp32-s3-devkitc1-n16r8\FrameworkArduino\USB.cpp.o
Compiling C:\PlatformIO\_build\Spectre\esp32-s3-devkitc1-n16r8\FrameworkArduino\USBCDC.cpp.o
Compiling C:\PlatformIO\_build\Spectre\esp32-s3-devkitc1-n16r8\FrameworkArduino\USBMSC.cpp.o
Compiling C:\PlatformIO\_build\Spectre\esp32-s3-devkitc1-n16r8\FrameworkArduino\WMath.cpp.o
Compiling C:\PlatformIO\_build\Spectre\esp32-s3-devkitc1-n16r8\FrameworkArduino\WString.cpp.o
Compiling C:\PlatformIO\_build\Spectre\esp32-s3-devkitc1-n16r8\FrameworkArduino\base64.cpp.o
Compiling C:\PlatformIO\_build\Spectre\esp32-s3-devkitc1-n16r8\FrameworkArduino\cbuf.cpp.o
Compiling C:\PlatformIO\_build\Spectre\esp32-s3-devkitc1-n16r8\FrameworkArduino\chip-debug-report.cpp.o
Compiling C:\PlatformIO\_build\Spectre\esp32-s3-devkitc1-n16r8\FrameworkArduino\esp32-hal-adc.c.o
Compiling C:\PlatformIO\_build\Spectre\esp32-s3-devkitc1-n16r8\FrameworkArduino\esp32-hal-bt.c.o
Compiling C:\PlatformIO\_build\Spectre\esp32-s3-devkitc1-n16r8\FrameworkArduino\esp32-hal-cpu.c.o
Compiling C:\PlatformIO\_build\Spectre\esp32-s3-devkitc1-n16r8\FrameworkArduino\esp32-hal-dac.c.o
Compiling C:\PlatformIO\_build\Spectre\esp32-s3-devkitc1-n16r8\FrameworkArduino\esp32-hal-gpio.c.o
Archiving C:\PlatformIO\_build\Spectre\esp32-s3-devkitc1-n16r8\lib885\libUSB.a
Compiling C:\PlatformIO\_build\Spectre\esp32-s3-devkitc1-n16r8\FrameworkArduino\esp32-hal-hosted.c.o
Compiling C:\PlatformIO\_build\Spectre\esp32-s3-devkitc1-n16r8\FrameworkArduino\esp32-hal-i2c-ng.c.o
Compiling C:\PlatformIO\_build\Spectre\esp32-s3-devkitc1-n16r8\FrameworkArduino\esp32-hal-i2c-slave.c.o
Compiling C:\PlatformIO\_build\Spectre\esp32-s3-devkitc1-n16r8\FrameworkArduino\esp32-hal-i2c.c.o
Compiling C:\PlatformIO\_build\Spectre\esp32-s3-devkitc1-n16r8\FrameworkArduino\esp32-hal-ldo.c.o
Compiling C:\PlatformIO\_build\Spectre\esp32-s3-devkitc1-n16r8\FrameworkArduino\esp32-hal-ledc.c.o
Compiling C:\PlatformIO\_build\Spectre\esp32-s3-devkitc1-n16r8\FrameworkArduino\esp32-hal-log-wrapper.c.o
Compiling C:\PlatformIO\_build\Spectre\esp32-s3-devkitc1-n16r8\FrameworkArduino\esp32-hal-matrix.c.o
Compiling C:\PlatformIO\_build\Spectre\esp32-s3-devkitc1-n16r8\FrameworkArduino\esp32-hal-misc.c.o
Compiling C:\PlatformIO\_build\Spectre\esp32-s3-devkitc1-n16r8\FrameworkArduino\esp32-hal-periman.c.o
Compiling C:\PlatformIO\_build\Spectre\esp32-s3-devkitc1-n16r8\FrameworkArduino\esp32-hal-psram.c.o
Compiling C:\PlatformIO\_build\Spectre\esp32-s3-devkitc1-n16r8\FrameworkArduino\esp32-hal-rgb-led.c.o
Compiling C:\PlatformIO\_build\Spectre\esp32-s3-devkitc1-n16r8\FrameworkArduino\esp32-hal-rmt.c.o
Compiling C:\PlatformIO\_build\Spectre\esp32-s3-devkitc1-n16r8\FrameworkArduino\esp32-hal-sigmadelta.c.o
Compiling C:\PlatformIO\_build\Spectre\esp32-s3-devkitc1-n16r8\FrameworkArduino\esp32-hal-spi.c.o
Compiling C:\PlatformIO\_build\Spectre\esp32-s3-devkitc1-n16r8\FrameworkArduino\esp32-hal-time.c.o
Compiling C:\PlatformIO\_build\Spectre\esp32-s3-devkitc1-n16r8\FrameworkArduino\esp32-hal-timer.c.o
Compiling C:\PlatformIO\_build\Spectre\esp32-s3-devkitc1-n16r8\FrameworkArduino\esp32-hal-tinyusb.c.o
Compiling C:\PlatformIO\_build\Spectre\esp32-s3-devkitc1-n16r8\FrameworkArduino\esp32-hal-touch-ng.c.o
Compiling C:\PlatformIO\_build\Spectre\esp32-s3-devkitc1-n16r8\FrameworkArduino\esp32-hal-touch.c.o
Compiling C:\PlatformIO\_build\Spectre\esp32-s3-devkitc1-n16r8\FrameworkArduino\esp32-hal-uart.c.o
Compiling C:\PlatformIO\_build\Spectre\esp32-s3-devkitc1-n16r8\FrameworkArduino\firmware_msc_fat.c.o
Compiling C:\PlatformIO\_build\Spectre\esp32-s3-devkitc1-n16r8\FrameworkArduino\freertos_stats.cpp.o
Compiling C:\PlatformIO\_build\Spectre\esp32-s3-devkitc1-n16r8\FrameworkArduino\idf_openthread_mpool_wrapper.c.o
Compiling C:\PlatformIO\_build\Spectre\esp32-s3-devkitc1-n16r8\FrameworkArduino\libb64\cdecode.c.o
Compiling C:\PlatformIO\_build\Spectre\esp32-s3-devkitc1-n16r8\FrameworkArduino\libb64\cencode.c.o
Compiling C:\PlatformIO\_build\Spectre\esp32-s3-devkitc1-n16r8\FrameworkArduino\main.cpp.o
Compiling C:\PlatformIO\_build\Spectre\esp32-s3-devkitc1-n16r8\FrameworkArduino\stdlib_noniso.c.o
Compiling C:\PlatformIO\_build\Spectre\esp32-s3-devkitc1-n16r8\FrameworkArduino\wiring_pulse.c.o
Compiling C:\PlatformIO\_build\Spectre\esp32-s3-devkitc1-n16r8\FrameworkArduino\wiring_shift.c.o
Archiving C:\PlatformIO\_build\Spectre\esp32-s3-devkitc1-n16r8\libFrameworkArduino.a
Linking C:\PlatformIO\_build\Spectre\esp32-s3-devkitc1-n16r8\firmware.elf
