=== session opened 2026-08-07T14:03:10.0496194-05:00 ===
=== send: fieldvault dump ===
fieldvault dump
[FIELD] cursor=0 pending=1 nextSeq=2986
[FIELD] --- backup path=/config/vault/field/field.jsonl.1 bytes=65589 ---
{"type":"run_sample","seq":2567,"ts_ms":16265,"uptime_s":0,"session":"33e864-5541-cc21fb83","owner":5,"pending":1382,"enrich":0,"nets":0,"probes":0,"lora":0,"sg_mode":0,"sg_nodes":0,"wio":0,"wio_proxy":0,"wio_phone":0,"upload":0,"heap_kb":7730,"int_kb":75,"reason":"boot"}
{"type":"run_sample","seq":2568,"ts_ms":16586,"uptime_s":16,"session":"33e864-5541-cc21fb83","owner":1,"pending":1382,"enrich":0,"nets":0,"probes":0,"lora":0,"sg_mode":0,"sg_nodes":0,"wio":0,"wio_proxy":0,"wio_phone":0,"upload":0,"heap_kb":7695,"int_kb":45,"reason":"owner"}
{"type":"power_sample","seq":2569,"ts_ms":71995,"uptime_s":71,"mv":4579,"pct":100,"trend":400,"cap_mah":1100,"runtime_min":0,"source":"usb","state":"usb","charging":1,"owner":1,"reason":"source"}
{"type":"run_sample","seq":2570,"ts_ms":316588,"uptime_s":316,"session":"33e864-5541-cc21fb83","owner":1,"pending":1382,"enrich":0,"nets":6,"probes":171,"lora":0,"sg_mode":0,"sg_nodes":0,"wio":0,"wio_proxy":0,"wio_phone":0,"upload":0,"heap_kb":7686,"int_kb":42,"reason":"interval"}
{"type":"run_sample","seq":2571,"ts_ms":616591,"uptime_s":616,"session":"33e864-5541-cc21fb83","owner":1,"pending":1382,"enrich":0,"nets":6,"probes":357,"lora":0,"sg_mode":0,"sg_nodes":0,"wio":0,"wio_proxy":0,"wio_phone":0,"upload":0,"heap_kb":7686,"int_kb":42,"reason":"interval"}
{"type":"run_sample","seq":2572,"ts_ms":916600,"uptime_s":916,"session":"33e864-5541-cc21fb83","owner":1,"pending":1382,"enrich":0,"nets":8,"probes":563,"lora":0,"sg_mode":0,"sg_nodes":0,"wio":0,"wio_proxy":0,"wio_phone":0,"upload":0,"heap_kb":7686,"int_kb":42,"reason":"interval"}
{"type":"power_sample","seq":2573,"ts_ms":971999,"uptime_s":971,"mv":4663,"pct":100,"trend":5,"cap_mah":1100,"runtime_min":0,"source":"usb","state":"usb","charging":1,"owner":1,"reason":"interval"}
{"type":"run_sample","seq":2574,"ts_ms":1216600,"uptime_s":1216,"session":"33e864-5541-cc21fb83","owner":1,"pending":1382,"enrich":0,"nets":8,"probes":755,"lora":0,"sg_mode":0,"sg_nodes":0,"wio":0,"wio_proxy":0,"wio_phone":0,"upload":0,"heap_kb":7686,"int_kb":42,"reason":"interval"}
{"type":"run_sample","seq":2575,"ts_ms":1516607,"uptime_s":1516,"session":"33e864-5541-cc21fb83","owner":1,"pending":1382,"enrich":0,"nets":8,"probes":944,"lora":0,"sg_mode":0,"sg_nodes":0,"wio":0,"wio_proxy":0,"wio_phone":0,"upload":0,"heap_kb":7686,"int_kb":42,"reason":"interval"}
{"type":"run_sample","seq":2576,"ts_ms":1816609,"uptime_s":1816,"session":"33e864-5541-cc21fb83","owner":1,"pending":1382,"enrich":0,"nets":9,"probes":1139,"lora":0,"sg_mode":0,"sg_nodes":0,"wio":0,"wio_proxy":0,"wio_phone":0,"upload":0,"heap_kb":7686,"int_kb":42,"reason":"interval"}
{"type":"power_sample","seq":2577,"ts_ms":1871999,"uptime_s":1871,"mv":4686,"pct":100,"trend":1,"cap_mah":1100,"runtime_min":0,"source":"usb","state":"usb","charging":0,"owner":1,"reason":"interval"}
{"type":"run_sample","seq":2578,"ts_ms":2116611,"uptime_s":2116,"session":"33e864-5541-cc21fb83","owner":1,"pending":1382,"enrich":0,"nets":10,"probes":1352,"lora":0,"sg_mode":0,"sg_nodes":0,"wio":0,"wio_proxy":0,"wio_phone":0,"upload":0,"heap_kb":7686,"int_kb":42,"reason":"interval"}
{"type":"run_sample","seq":2579,"ts_ms":2416615,"uptime_s":2416,"session":"33e864-5541-cc21fb83","owner":1,"pending":1382,"enrich":0,"nets":10,"probes":1541,"lora":0,"sg_mode":0,"sg_nodes":0,"wio":0,"wio_proxy":0,"wio_phone":0,"upload":0,"heap_kb":7686,"int_kb":42,"reason":"interval"}
{"type":"run_sample","seq":2580,"ts_ms":2716619,"uptime_s":2716,"session":"33e864-5541-cc21fb83","owner":1,"pending":1382,"enrich":0,"nets":10,"probes":1740,"lora":0,"sg_mode":0,"sg_nodes":0,"wio":0,"wio_proxy":0,"wio_phone":0,"upload":0,"heap_kb":7686,"int_kb":42,"reason":"interval"}
{"type":"power_sample","seq":2581,"ts_ms":2772005,"uptime_s":2771,"mv":4762,"pct":100,"trend":13,"cap_mah":1100,"runtime_min":0,"source":"usb","state":"usb","charging":1,"owner":1,"reason":"interval"}
{"type":"run_sample","seq":2582,"ts_ms":3016619,"uptime_s":3016,"session":"33e864-5541-cc21fb83","owner":1,"pending":1382,"enrich":0,"nets":10,"probes":1938,"lora":0,"sg_mode":0,"sg_nodes":0,"wio":0,"wio_proxy":0,"wio_phone":0,"upload":0,"heap_kb":7686,"int_kb":42,"reason":"interval"}
{"type":"run_sample","seq":2583,"ts_ms":3316625,"uptime_s":3316,"session":"33e864-5541-cc21fb83","owner":1,"pending":1382,"enrich":0,"nets":12,"probes":2132,"lora":0,"sg_mode":0,"sg_nodes":0,"wio":0,"wio_proxy":0,"wio_phone":0,"upload":0,"heap_kb":7685,"int_kb":41,"reason":"interval"}
{"type":"run_sample","seq":2584,"ts_ms":3616626,"uptime_s":3616,"session":"33e864-5541-cc21fb83","owner":1,"pending":1382,"enrich":0,"nets":13,"probes":2317,"lora":0,"sg_mode":0,"sg_nodes":0,"wio":0,"wio_proxy":0,"wio_phone":0,"upload":0,"heap_kb":7685,"int_kb":41,"reason":"interval"}
{"type":"power_sample","seq":2585,"ts_ms":3672009,"uptime_s":3671,"mv":4761,"pct":100,"trend":0,"cap_mah":1100,"runtime_min":0,"source":"usb","state":"usb","charging":0,"owner":1,"reason":"interval"}
{"type":"run_sample","seq":2586,"ts_ms":3916635,"uptime_s":3916,"session":"33e864-5541-cc21fb83","owner":1,"pending":1382,"enrich":0,"nets":13,"probes":2492,"lora":0,"sg_mode":0,"sg_nodes":0,"wio":0,"wio_proxy":0,"wio_phone":0,"upload":0,"heap_kb":7685,"int_kb":41,"reason":"interval"}
{"type":"run_sample","seq":2587,"ts_ms":4216640,"uptime_s":4216,"session":"33e864-5541-cc21fb83","owner":1,"pending":1382,"enrich":0,"nets":13,"probes":2676,"lora":0,"sg_mode":0,"sg_nodes":0,"wio":0,"wio_proxy":0,"wio_phone":0,"upload":0,"heap_kb":7685,"int_kb":41,"reason":"interval"}
{"type":"run_sample","seq":2588,"ts_ms":4516649,"uptime_s":4516,"session":"33e864-5541-cc21fb83","owner":1,"pending":1382,"enrich":0,"nets":16,"probes":2901,"lora":0,"sg_mode":0,"sg_nodes":0,"wio":0,"wio_proxy":0,"wio_phone":0,"upload":0,"heap_kb":7685,"int_kb":41,"reason":"interval"}
{"type":"power_sample","seq":2589,"ts_ms":4572015,"uptime_s":4572,"mv":4759,"pct":100,"trend":0,"cap_mah":1100,"runtime_min":0,"source":"usb","state":"usb","charging":0,"owner":1,"reason":"interval"}
{"type":"run_sample","seq":2590,"ts_ms":4816654,"uptime_s":4816,"session":"33e864-5541-cc21fb83","owner":1,"pending":1382,"enrich":0,"nets":16,"probes":3074,"lora":0,"sg_mode":0,"sg_nodes":0,"wio":0,"wio_proxy":0,"wio_phone":0,"upload":0,"heap_kb":7685,"int_kb":41,"reason":"interval"}
{"type":"run_sample","seq":2591,"ts_ms":5116660,"uptime_s":5116,"session":"33e864-5541-cc21fb83","owner":1,"pending":1382,"enrich":0,"nets":16,"probes":3265,"lora":0,"sg_mode":0,"sg_nodes":0,"wio":0,"wio_proxy":0,"wio_phone":0,"upload":0,"heap_kb":7685,"int_kb":41,"reason":"interval"}
{"type":"run_sample","seq":2592,"ts_ms":5280477,"uptime_s":5280,"session":"33e864-5541-cc21fb83","owner":1,"pending":1431,"enrich":0,"nets":16,"probes":3354,"lora":0,"sg_mode":0,"sg_nodes":0,"wio":0,"wio_proxy":0,"wio_phone":0,"upload":0,"heap_kb":7685,"int_kb":41,"reason":"pending"}
{"type":"power_sample","seq":2593,"ts_ms":5921,"uptime_s":0,"mv":4082,"pct":93,"trend":0,"cap_mah":1100,"runtime_min":192,"source":"battery","state":"battery_normal","charging":0,"owner":5,"reason":"boot"}
{"type":"run_sample","seq":2594,"ts_ms":6097,"uptime_s":0,"session":"33e864-5580-99115ac0","owner":5,"pending":1382,"enrich":0,"nets":0,"probes":0,"lora":0,"sg_mode":0,"sg_nodes":0,"wio":0,"wio_proxy":0,"wio_phone":0,"upload":0,"heap_kb":7797,"int_kb":93,"reason":"boot"}
{"type":"run_sample","seq":2595,"ts_ms":6483,"uptime_s":6,"session":"33e864-5580-99115ac0","owner":1,"pending":1382,"enrich":0,"nets":0,"probes":0,"lora":0,"sg_mode":0,"sg_nodes":0,"wio":0,"wio_proxy":0,"wio_phone":0,"upload":0,"heap_kb":7745,"int_kb":46,"reason":"owner"}
{"type":"power_sample","seq":2596,"ts_ms":15458,"uptime_s":0,"mv":4042,"pct":89,"trend":0,"cap_mah":1100,"runtime_min":184,"source":"battery","state":"battery_normal","charging":0,"owner":5,"reason":"boot"}
{"type":"run_sample","seq":2597,"ts_ms":15618,"uptime_s":0,"session":"33e864-5475-b22d6518","owner":5,"pending":1382,"enrich":0,"nets":0,"probes":0,"lora":0,"sg_mode":0,"sg_nodes":0,"wio":0,"wio_proxy":0,"wio_phone":0,"upload":0,"heap_kb":7729,"int_kb":75,"reason":"boot"}
{"type":"run_sample","seq":2598,"ts_ms":15958,"uptime_s":15,"session":"33e864-5475-b22d6518","owner":1,"pending":1382,"enrich":0,"nets":0,"probes":0,"lora":0,"sg_mode":0,"sg_nodes":0,"wio":0,"wio_proxy":0,"wio_phone":0,"upload":0,"heap_kb":7695,"int_kb":45,"reason":"owner"}
{"type":"run_sample","seq":2599,"ts_ms":315960,"uptime_s":315,"session":"33e864-5475-b22d6518","owner":1,"pending":1382,"enrich":0,"nets":9,"probes":241,"lora":0,"sg_mode":0,"sg_nodes":0,"wio":0,"wio_proxy":0,"wio_phone":0,"upload":0,"heap_kb":7685,"int_kb":42,"reason":"interval"}
{"type":"run_sample","seq":2600,"ts_ms":615969,"uptime_s":615,"session":"33e864-5475-b22d6518","owner":1,"pending":1382,"enrich":0,"nets":26,"probes":654,"lora":0,"sg_mode":0,"sg_nodes":0,"wio":0,"wio_proxy":0,"wio_phone":0,"upload":0,"heap_kb":7684,"int_kb":41,"reason":"interval"}
{"type":"power_sample","seq":2601,"ts_ms":915281,"uptime_s":915,"mv":3991,"pct":81,"trend":-3,"cap_mah":1100,"runtime_min":167,"source":"battery","state":"battery_normal","charging":0,"owner":1,"reason":"interval"}
{"type":"run_sample","seq":2602,"ts_ms":915976,"uptime_s":915,"session":"33e864-5475-b22d6518","owner":1,"pending":1382,"enrich":0,"nets":26,"probes":831,"lora":0,"sg_mode":0,"sg_nodes":0,"wio":0,"wio_proxy":0,"wio_phone":0,"upload":0,"heap_kb":7684,"int_kb":41,"reason":"interval"}
{"type":"run_sample","seq":2603,"ts_ms":1215980,"uptime_s":1215,"session":"33e864-5475-b22d6518","owner":1,"pending":1382,"enrich":0,"nets":32,"probes":1119,"lora":0,"sg_mode":0,"sg_nodes":0,"wio":0,"wio_proxy":0,"wio_phone":0,"upload":0,"heap_kb":7684,"int_kb":41,"reason":"interval"}
{"type":"run_sample","seq":2604,"ts_ms":1515982,"uptime_s":1515,"session":"33e864-5475-b22d6518","owner":1,"pending":1382,"enrich":0,"nets":34,"probes":1424,"lora":0,"sg_mode":0,"sg_nodes":0,"wio":0,"wio_proxy":0,"wio_phone":0,"upload":0,"heap_kb":7684,"int_kb":41,"reason":"interval"}
{"type":"power_sample","seq":2605,"ts_ms":1815289,"uptime_s":1815,"mv":3947,"pct":73,"trend":-4,"cap_mah":1100,"runtime_min":114,"source":"battery","state":"battery_normal","charging":0,"owner":1,"reason":"interval"}
{"type":"run_sample","seq":2606,"ts_ms":1815990,"uptime_s":1815,"session":"33e864-5475-b22d6518","owner":1,"pending":1382,"enrich":0,"nets":36,"probes":1662,"lora":0,"sg_mode":0,"sg_nodes":0,"wio":0,"wio_proxy":0,"wio_phone":0,"upload":0,"heap_kb":7684,"int_kb":41,"reason":"interval"}
{"type":"run_sample","seq":2607,"ts_ms":2116000,"uptime_s":2115,"session":"33e864-5475-b22d6518","owner":1,"pending":1382,"enrich":0,"nets":38,"probes":1933,"lora":0,"sg_mode":0,"sg_nodes":0,"wio":0,"wio_proxy":0,"wio_phone":0,"upload":0,"heap_kb":7684,"int_kb":41,"reason":"interval"}
{"type":"run_sample","seq":2608,"ts_ms":2416009,"uptime_s":2415,"session":"33e864-5475-b22d6518","owner":1,"pending":1382,"enrich":0,"nets":43,"probes":2243,"lora":0,"sg_mode":0,"sg_nodes":0,"wio":0,"wio_proxy":0,"wio_phone":0,"upload":0,"heap_kb":7684,"int_kb":41,"reason":"interval"}
{"type":"power_sample","seq":2609,"ts_ms":2715293,"uptime_s":2715,"mv":3902,"pct":64,"trend":-3,"cap_mah":1100,"runtime_min":119,"source":"battery","state":"battery_normal","charging":0,"owner":1,"reason":"interval"}
{"type":"run_sample","seq":2610,"ts_ms":2716011,"uptime_s":2716,"session":"33e864-5475-b22d6518","owner":1,"pending":1382,"enrich":0,"nets":70,"probes":2401,"lora":0,"sg_mode":0,"sg_nodes":0,"wio":0,"wio_proxy":0,"wio_phone":0,"upload":0,"heap_kb":7684,"int_kb":41,"reason":"interval"}
{"type":"run_sample","seq":2611,"ts_ms":3016018,"uptime_s":3016,"session":"33e864-5475-b22d6518","owner":1,"pending":1382,"enrich":0,"nets":92,"probes":2491,"lora":0,"sg_mode":0,"sg_nodes":0,"wio":0,"wio_proxy":0,"wio_phone":0,"upload":0,"heap_kb":7682,"int_kb":39,"reason":"interval"}
{"type":"run_sample","seq":2612,"ts_ms":3316026,"uptime_s":3316,"session":"33e864-5475-b22d6518","owner":1,"pending":1382,"enrich":0,"nets":111,"probes":2559,"lora":0,"sg_mode":0,"sg_nodes":0,"wio":0,"wio_proxy":0,"wio_phone":0,"upload":0,"heap_kb":7682,"int_kb":39,"reason":"interval"}
{"type":"power_sample","seq":2613,"ts_ms":3615297,"uptime_s":3615,"mv":3861,"pct":56,"trend":-3,"cap_mah":1100,"runtime_min":98,"source":"battery","state":"battery_normal","charging":0,"owner":1,"reason":"interval"}
{"type":"run_sample","seq":2614,"ts_ms":3616028,"uptime_s":3616,"session":"33e864-5475-b22d6518","owner":1,"pending":1382,"enrich":0,"nets":142,"probes":2694,"lora":0,"sg_mode":0,"sg_nodes":0,"wio":0,"wio_proxy":0,"wio_phone":0,"upload":0,"heap_kb":7682,"int_kb":39,"reason":"interval"}
{"type":"run_sample","seq":2615,"ts_ms":3916031,"uptime_s":3916,"session":"33e864-5475-b22d6518","owner":1,"pending":1382,"enrich":0,"nets":172,"probes":2882,"lora":0,"sg_mode":0,"sg_nodes":0,"wio":0,"wio_proxy":0,"wio_phone":0,"upload":0,"heap_kb":7682,"int_kb":39,"reason":"interval"}
{"type":"run_sample","seq":2616,"ts_ms":4216040,"uptime_s":4216,"session":"33e864-5475-b22d6518","owner":1,"pending":1382,"enrich":0,"nets":195,"probes":3112,"lora":0,"sg_mode":0,"sg_nodes":0,"wio":0,"wio_proxy":0,"wio_phone":0,"upload":0,"heap_kb":7682,"int_kb":39,"reason":"interval"}
{"type":"power_sample","seq":2617,"ts_ms":4515299,"uptime_s":4515,"mv":3815,"pct":46,"trend":-2,"cap_mah":1100,"runtime_min":122,"source":"battery","state":"battery_normal","charging":0,"owner":1,"reason":"interval"}
{"type":"run_sample","seq":2618,"ts_ms":4516048,"uptime_s":4516,"session":"33e864-5475-b22d6518","owner":1,"pending":1382,"enrich":0,"nets":214,"probes":3281,"lora":0,"sg_mode":0,"sg_nodes":0,"wio":0,"wio_proxy":0,"wio_phone":0,"upload":0,"heap_kb":7682,"int_kb":39,"reason":"interval"}
{"type":"run_sample","seq":2619,"ts_ms":4816052,"uptime_s":4816,"session":"33e864-5475-b22d6518","owner":1,"pending":1382,"enrich":0,"nets":234,"probes":3432,"lora":0,"sg_mode":0,"sg_nodes":0,"wio":0,"wio_proxy":0,"wio_phone":0,"upload":0,"heap_kb":7682,"int_kb":39,"reason":"interval"}
{"type":"run_sample","seq":2620,"ts_ms":5116058,"uptime_s":5116,"session":"33e864-5475-b22d6518","owner":1,"pending":1382,"enrich":0,"nets":259,"probes":3604,"lora":0,"sg_mode":0,"sg_nodes":0,"wio":0,"wio_proxy":0,"wio_phone":0,"upload":0,"heap_kb":7682,"int_kb":39,"reason":"interval"}
{"type":"power_sample","seq":2621,"ts_ms":5415305,"uptime_s":5415,"mv":3776,"pct":39,"trend":-4,"cap_mah":1100,"runtime_min":64,"source":"battery","state":"battery_normal","charging":0,"owner":1,"reason":"interval"}
{"type":"run_sample","seq":2622,"ts_ms":5416059,"uptime_s":5416,"session":"33e864-5475-b22d6518","owner":1,"pending":1382,"enrich":0,"nets":288,"probes":3922,"lora":0,"sg_mode":0,"sg_nodes":0,"wio":0,"wio_proxy":0,"wio_phone":0,"upload":0,"heap_kb":7687,"int_kb":44,"reason":"interval"}
{"type":"run_sample","seq":2623,"ts_ms":5716063,"uptime_s":5716,"session":"33e864-5475-b22d6518","owner":1,"pending":1382,"enrich":0,"nets":316,"probes":4120,"lora":0,"sg_mode":0,"sg_nodes":0,"wio":0,"wio_proxy":0,"wio_phone":0,"upload":0,"heap_kb":7682,"int_kb":39,"reason":"interval"}
{"type":"run_sample","seq":2624,"ts_ms":6016070,"uptime_s":6016,"session":"33e864-5475-b22d6518","owner":1,"pending":1382,"enrich":0,"nets":334,"probes":4303,"lora":0,"sg_mode":0,"sg_nodes":0,"wio":0,"wio_proxy":0,"wio_phone":0,"upload":0,"heap_kb":7682,"int_kb":39,"reason":"interval"}
{"type":"power_sample","seq":2625,"ts_ms":6315311,"uptime_s":6315,"mv":3735,"pct":32,"trend":-3,"cap_mah":1100,"runtime_min":76,"source":"battery","state":"battery_normal","charging":0,"owner":1,"reason":"interval"}
{"type":"run_sample","seq":2626,"ts_ms":6316070,"uptime_s":6316,"session":"33e864-5475-b22d6518","owner":1,"pending":1382,"enrich":0,"nets":341,"probes":4647,"lora":0,"sg_mode":0,"sg_nodes":0,"wio":0,"wio_proxy":0,"wio_phone":0,"upload":0,"heap_kb":7682,"int_kb":39,"reason":"interval"}
{"type":"run_sample","seq":2627,"ts_ms":6595658,"uptime_s":6592,"session":"33e864-5475-b22d6518","owner":1,"pending":1901,"enrich":1904,"nets":342,"probes":4917,"lora":0,"sg_mode":0,"sg_nodes":0,"wio":0,"wio_proxy":0,"wio_phone":0,"upload":0,"heap_kb":7682,"int_kb":39,"reason":"pending"}
{"type":"power_sample","seq":2628,"ts_ms":15566,"uptime_s":0,"mv":3582,"pct":14,"trend":0,"cap_mah":1100,"runtime_min":41,"source":"battery","state":"battery_economy","charging":0,"owner":5,"reason":"boot"}
{"type":"run_sample","seq":2629,"ts_ms":15801,"uptime_s":0,"session":"33e864-5599-341fbee5","owner":5,"pending":1382,"enrich":0,"nets":0,"probes":0,"lora":0,"sg_mode":0,"sg_nodes":0,"wio":0,"wio_proxy":0,"wio_phone":0,"upload":0,"heap_kb":7729,"int_kb":75,"reason":"boot"}
{"type":"run_sample","seq":2630,"ts_ms":16118,"uptime_s":15,"session":"33e864-5599-341fbee5","owner":1,"pending":1382,"enrich":0,"nets":0,"probes":0,"lora":0,"sg_mode":0,"sg_nodes":0,"wio":0,"wio_proxy":0,"wio_phone":0,"upload":0,"heap_kb":7695,"int_kb":45,"reason":"owner"}
{"type":"run_sample","seq":2631,"ts_ms":316120,"uptime_s":316,"session":"33e864-5599-341fbee5","owner":1,"pending":1382,"enrich":0,"nets":26,"probes":293,"lora":0,"sg_mode":0,"sg_nodes":0,"wio":0,"wio_proxy":0,"wio_phone":0,"upload":0,"heap_kb":7684,"int_kb":41,"reason":"interval"}
{"type":"run_sample","seq":2632,"ts_ms":616120,"uptime_s":616,"session":"33e864-5599-341fbee5","owner":1,"pending":1382,"enrich":0,"nets":55,"probes":505,"lora":0,"sg_mode":0,"sg_nodes":0,"wio":0,"wio_proxy":0,"wio_phone":0,"upload":0,"heap_kb":7682,"int_kb":39,"reason":"interval"}
{"type":"power_sample","seq":2633,"ts_ms":915305,"uptime_s":915,"mv":3563,"pct":12,"trend":-1,"cap_mah":1100,"runtime_min":47,"source":"battery","state":"battery_economy","charging":0,"owner":1,"reason":"interval"}
{"type":"run_sample","seq":2634,"ts_ms":916122,"uptime_s":916,"session":"33e864-5599-341fbee5","owner":1,"pending":1382,"enrich":0,"nets":77,"probes":786,"lora":0,"sg_mode":0,"sg_nodes":0,"wio":0,"wio_proxy":0,"wio_phone":0,"upload":0,"heap_kb":7682,"int_kb":39,"reason":"interval"}
{"type":"power_sample","seq":2635,"ts_ms":928526,"uptime_s":928,"mv":3746,"pct":33,"trend":60,"cap_mah":1100,"runtime_min":124,"source":"battery","state":"battery_normal","charging":0,"owner":1,"reason":"state"}
{"type":"power_sample","seq":2636,"ts_ms":973756,"uptime_s":973,"mv":4442,"pct":100,"trend":292,"cap_mah":1100,"runtime_min":0,"source":"usb","state":"usb","charging":1,"owner":1,"reason":"source"}
{"type":"run_sample","seq":2637,"ts_ms":1216122,"uptime_s":1216,"session":"33e864-5599-341fbee5","owner":1,"pending":1382,"enrich":0,"nets":81,"probes":964,"lora":0,"sg_mode":0,"sg_nodes":0,"wio":0,"wio_proxy":0,"wio_phone":0,"upload":0,"heap_kb":7682,"int_kb":39,"reason":"interval"}
{"type":"run_sample","seq":2638,"ts_ms":1516124,"uptime_s":1516,"session":"33e864-5599-341fbee5","owner":1,"pending":1382,"enrich":0,"nets":83,"probes":1156,"lora":0,"sg_mode":0,"sg_nodes":0,"wio":0,"wio_proxy":0,"wio_phone":0,"upload":0,"heap_kb":7682,"int_kb":39,"reason":"interval"}
{"type":"run_sample","seq":2639,"ts_ms":1816131,"uptime_s":1816,"session":"33e864-5599-341fbee5","owner":1,"pending":1382,"enrich":0,"nets":85,"probes":1352,"lora":0,"sg_mode":0,"sg_nodes":0,"wio":0,"wio_proxy":0,"wio_phone":0,"upload":0,"heap_kb":7682,"int_kb":39,"reason":"interval"}
{"type":"power_sample","seq":2640,"ts_ms":1873760,"uptime_s":1873,"mv":4473,"pct":100,"trend":-1,"cap_mah":1100,"runtime_min":0,"source":"usb","state":"usb","charging":0,"owner":1,"reason":"interval"}
{"type":"run_sample","seq":2641,"ts_ms":2116131,"uptime_s":2116,"session":"33e864-5599-341fbee5","owner":1,"pending":1382,"enrich":0,"nets":85,"probes":1495,"lora":0,"sg_mode":0,"sg_nodes":0,"wio":0,"wio_proxy":0,"wio_phone":0,"upload":0,"heap_kb":7682,"int_kb":39,"reason":"interval"}
{"type":"run_sample","seq":2642,"ts_ms":2416140,"uptime_s":2416,"session":"33e864-5599-341fbee5","owner":1,"pending":1382,"enrich":0,"nets":88,"probes":1714,"lora":0,"sg_mode":0,"sg_nodes":0,"wio":0,"wio_proxy":0,"wio_phone":0,"upload":0,"heap_kb":7682,"int_kb":39,"reason":"interval"}
{"type":"run_sample","seq":2643,"ts_ms":2716148,"uptime_s":2716,"session":"33e864-5599-341fbee5","owner":1,"pending":1382,"enrich":0,"nets":88,"probes":1863,"lora":0,"sg_mode":0,"sg_nodes":0,"wio":0,"wio_proxy":0,"wio_phone":0,"upload":0,"heap_kb":7682,"int_kb":39,"reason":"interval"}
{"type":"power_sample","seq":2644,"ts_ms":2773769,"uptime_s":2773,"mv":4485,"pct":100,"trend":4,"cap_mah":1100,"runtime_min":0,"source":"usb","state":"usb","charging":1,"owner":1,"reason":"interval"}
{"type":"run_sample","seq":2645,"ts_ms":3016149,"uptime_s":3016,"session":"33e864-5599-341fbee5","owner":1,"pending":1382,"enrich":0,"nets":88,"probes":2032,"lora":0,"sg_mode":0,"sg_nodes":0,"wio":0,"wio_proxy":0,"wio_phone":0,"upload":0,"heap_kb":7682,"int_kb":39,"reason":"interval"}
{"type":"run_sample","seq":2646,"ts_ms":3316151,"uptime_s":3316,"session":"33e864-5599-341fbee5","owner":1,"pending":1382,"enrich":0,"nets":88,"probes":2206,"lora":0,"sg_mode":0,"sg_nodes":0,"wio":0,"wio_proxy":0,"wio_phone":0,"upload":0,"heap_kb":7682,"int_kb":39,"reason":"interval"}
{"type":"run_sample","seq":2647,"ts_ms":3616154,"uptime_s":3616,"session":"33e864-5599-341fbee5","owner":1,"pending":1382,"enrich":0,"nets":89,"probes":2382,"lora":0,"sg_mode":0,"sg_nodes":0,"wio":0,"wio_proxy":0,"wio_phone":0,"upload":0,"heap_kb":7682,"int_kb":39,"reason":"interval"}
{"type":"power_sample","seq":2648,"ts_ms":3673769,"uptime_s":3673,"mv":4561,"pct":100,"trend":6,"cap_mah":1100,"runtime_min":0,"source":"usb","state":"usb","charging":1,"owner":1,"reason":"interval"}
{"type":"run_sample","seq":2649,"ts_ms":3916154,"uptime_s":3916,"session":"33e864-5599-341fbee5","owner":1,"pending":1382,"enrich":0,"nets":89,"probes":2544,"lora":0,"sg_mode":0,"sg_nodes":0,"wio":0,"wio_proxy":0,"wio_phone":0,"upload":0,"heap_kb":7682,"int_kb":39,"reason":"interval"}
{"type":"run_sample","seq":2650,"ts_ms":4216159,"uptime_s":4216,"session":"33e864-5599-341fbee5","owner":1,"pending":1382,"enrich":0,"nets":89,"probes":2733,"lora":0,"sg_mode":0,"sg_nodes":0,"wio":0,"wio_proxy":0,"wio_phone":0,"upload":0,"heap_kb":7682,"int_kb":39,"reason":"interval"}
{"type":"run_sample","seq":2651,"ts_ms":4516159,"uptime_s":4516,"session":"33e864-5599-341fbee5","owner":1,"pending":1382,"enrich":0,"nets":89,"probes":2885,"lora":0,"sg_mode":0,"sg_nodes":0,"wio":0,"wio_proxy":0,"wio_phone":0,"upload":0,"heap_kb":7682,"int_kb":39,"reason":"interval"}
{"type":"power_sample","seq":2652,"ts_ms":4573774,"uptime_s":4573,"mv":4612,"pct":100,"trend":3,"cap_mah":1100,"runtime_min":0,"source":"usb","state":"usb","charging":1,"owner":1,"reason":"interval"}
{"type":"run_sample","seq":2653,"ts_ms":4816161,"uptime_s":4816,"session":"33e864-5599-341fbee5","owner":1,"pending":1382,"enrich":0,"nets":91,"probes":3067,"lora":0,"sg_mode":0,"sg_nodes":0,"wio":0,"wio_proxy":0,"wio_phone":0,"upload":0,"heap_kb":7682,"int_kb":39,"reason":"interval"}
{"type":"run_sample","seq":2654,"ts_ms":5116162,"uptime_s":5116,"session":"33e864-5599-341fbee5","owner":1,"pending":1382,"enrich":0,"nets":92,"probes":3297,"lora":0,"sg_mode":0,"sg_nodes":0,"wio":0,"wio_proxy":0,"wio_phone":0,"upload":0,"heap_kb":7682,"int_kb":39,"reason":"interval"}
{"type":"run_sample","seq":2655,"ts_ms":5416167,"uptime_s":5416,"session":"33e864-5599-341fbee5","owner":1,"pending":1382,"enrich":0,"nets":93,"probes":3452,"lora":0,"sg_mode":0,"sg_nodes":0,"wio":0,"wio_proxy":0,"wio_phone":0,"upload":0,"heap_kb":7682,"int_kb":39,"reason":"interval"}
{"type":"power_sample","seq":2656,"ts_ms":5473782,"uptime_s":5473,"mv":4642,"pct":100,"trend":1,"cap_mah":1100,"runtime_min":0,"source":"usb","state":"usb","charging":0,"owner":1,"reason":"interval"}
{"type":"run_sample","seq":2657,"ts_ms":5716171,"uptime_s":5716,"session":"33e864-5599-341fbee5","owner":1,"pending":1382,"enrich":0,"nets":93,"probes":3588,"lora":0,"sg_mode":0,"sg_nodes":0,"wio":0,"wio_proxy":0,"wio_phone":0,"upload":0,"heap_kb":7682,"int_kb":39,"reason":"interval"}
{"type":"run_sample","seq":2658,"ts_ms":6016174,"uptime_s":6016,"session":"33e864-5599-341fbee5","owner":1,"pending":1382,"enrich":0,"nets":95,"probes":3765,"lora":0,"sg_mode":0,"sg_nodes":0,"wio":0,"wio_proxy":0,"wio_phone":0,"upload":0,"heap_kb":7682,"int_kb":39,"reason":"interval"}
{"type":"run_sample","seq":2659,"ts_ms":6316182,"uptime_s":6316,"session":"33e864-5599-341fbee5","owner":1,"pending":1382,"enrich":0,"nets":95,"probes":3938,"lora":0,"sg_mode":0,"sg_nodes":0,"wio":0,"wio_proxy":0,"wio_phone":0,"upload":0,"heap_kb":7682,"int_kb":39,"reason":"interval"}
{"type":"power_sample","seq":2660,"ts_ms":6373782,"uptime_s":6373,"mv":4692,"pct":100,"trend":1,"cap_mah":1100,"runtime_min":0,"source":"usb","state":"usb","charging":0,"owner":1,"reason":"interval"}
{"type":"run_sample","seq":2661,"ts_ms":6616184,"uptime_s":6616,"session":"33e864-5599-341fbee5","owner":1,"pending":1382,"enrich":0,"nets":95,"probes":4094,"lora":0,"sg_mode":0,"sg_nodes":0,"wio":0,"wio_proxy":0,"wio_phone":0,"upload":0,"heap_kb":7682,"int_kb":39,"reason":"interval"}
{"type":"run_sample","seq":2662,"ts_ms":6916187,"uptime_s":6916,"session":"33e864-5599-341fbee5","owner":1,"pending":1382,"enrich":0,"nets":97,"probes":4259,"lora":0,"sg_mode":0,"sg_nodes":0,"wio":0,"wio_proxy":0,"wio_phone":0,"upload":0,"heap_kb":7682,"int_kb":39,"reason":"interval"}
{"type":"run_sample","seq":2663,"ts_ms":7216195,"uptime_s":7216,"session":"33e864-5599-341fbee5","owner":1,"pending":1382,"enrich":0,"nets":99,"probes":4438,"lora":0,"sg_mode":0,"sg_nodes":0,"wio":0,"wio_proxy":0,"wio_phone":0,"upload":0,"heap_kb":7682,"int_kb":39,"reason":"interval"}
{"type":"power_sample","seq":2664,"ts_ms":7273786,"uptime_s":7273,"mv":4709,"pct":100,"trend":0,"cap_mah":1100,"runtime_min":0,"source":"usb","state":"usb","charging":0,"owner":1,"reason":"interval"}
{"type":"run_sample","seq":2665,"ts_ms":7516196,"uptime_s":7516,"session":"33e864-5599-341fbee5","owner":1,"pending":1382,"enrich":0,"nets":99,"probes":4572,"lora":0,"sg_mode":0,"sg_nodes":0,"wio":0,"wio_proxy":0,"wio_phone":0,"upload":0,"heap_kb":7682,"int_kb":39,"reason":"interval"}
{"type":"run_sample","seq":2666,"ts_ms":7816202,"uptime_s":7816,"session":"33e864-5599-341fbee5","owner":1,"pending":1382,"enrich":0,"nets":101,"probes":4792,"lora":0,"sg_mode":0,"sg_nodes":0,"wio":0,"wio_proxy":0,"wio_phone":0,"upload":0,"heap_kb":7682,"int_kb":39,"reason":"interval"}
{"type":"run_sample","seq":2667,"ts_ms":8116211,"uptime_s":8116,"session":"33e864-5599-341fbee5","owner":1,"pending":1382,"enrich":0,"nets":101,"probes":4973,"lora":0,"sg_mode":0,"sg_nodes":0,"wio":0,"wio_proxy":0,"wio_phone":0,"upload":0,"heap_kb":7682,"int_kb":39,"reason":"interval"}
{"type":"power_sample","seq":2668,"ts_ms":8173789,"uptime_s":8173,"mv":4746,"pct":100,"trend":-1,"cap_mah":1100,"runtime_min":0,"source":"usb","state":"usb","charging":0,"owner":1,"reason":"interval"}
{"type":"run_sample","seq":2669,"ts_ms":8243823,"uptime_s":8243,"session":"33e864-5599-341fbee5","owner":1,"pending":1608,"enrich":0,"nets":101,"probes":5037,"lora":0,"sg_mode":0,"sg_nodes":0,"wio":0,"wio_proxy":0,"wio_phone":0,"upload":0,"heap_kb":7682,"int_kb":39,"reason":"pending"}
{"type":"power_sample","seq":2670,"ts_ms":15603,"uptime_s":0,"mv":4498,"pct":100,"trend":0,"cap_mah":1100,"runtime_min":0,"source":"usb","state":"usb","charging":0,"owner":5,"reason":"boot"}
{"type":"run_sample","seq":2671,"ts_ms":15763,"uptime_s":0,"session":"33e864-5526-0bc314e9","owner":5,"pending":1382,"enrich":0,"nets":0,"probes":0,"lora":0,"sg_mode":0,"sg_nodes":0,"wio":0,"wio_proxy":0,"wio_phone":0,"upload":0,"heap_kb":7729,"int_kb":75,"reason":"boot"}
{"type":"run_sample","seq":2672,"ts_ms":16092,"uptime_s":15,"session":"33e864-5526-0bc314e9","owner":1,"pending":1382,"enrich":0,"nets":0,"probes":0,"lora":0,"sg_mode":0,"sg_nodes":0,"wio":0,"wio_proxy":0,"wio_phone":0,"upload":0,"heap_kb":7695,"int_kb":45,"reason":"owner"}
{"type":"run_sample","seq":2673,"ts_ms":316097,"uptime_s":316,"session":"33e864-5526-0bc314e9","owner":1,"pending":1382,"enrich":0,"nets":5,"probes":85,"lora":0,"sg_mode":0,"sg_nodes":0,"wio":0,"wio_proxy":0,"wio_phone":0,"upload":0,"heap_kb":7685,"int_kb":42,"reason":"interval"}
{"type":"run_sample","seq":2674,"ts_ms":616108,"uptime_s":616,"session":"33e864-5526-0bc314e9","owner":1,"pending":1382,"enrich":0,"nets":6,"probes":197,"lora":0,"sg_mode":0,"sg_nodes":0,"wio":0,"wio_proxy":0,"wio_phone":0,"upload":0,"heap_kb":7685,"int_kb":42,"reason":"interval"}
{"type":"power_sample","seq":2675,"ts_ms":915241,"uptime_s":915,"mv":4600,"pct":100,"trend":5,"cap_mah":1100,"runtime_min":0,"source":"usb","state":"usb","charging":1,"owner":1,"reason":"interval"}
{"type":"run_sample","seq":2676,"ts_ms":916107,"uptime_s":916,"session":"33e864-5526-0bc314e9","owner":1,"pending":1382,"enrich":0,"nets":6,"probes":271,"lora":0,"sg_mode":0,"sg_nodes":0,"wio":0,"wio_proxy":0,"wio_phone":0,"upload":0,"heap_kb":7685,"int_kb":42,"reason":"interval"}
{"type":"run_sample","seq":2677,"ts_ms":1216114,"uptime_s":1216,"session":"33e864-5526-0bc314e9","owner":1,"pending":1382,"enrich":0,"nets":7,"probes":345,"lora":0,"sg_mode":0,"sg_nodes":0,"wio":0,"wio_proxy":0,"wio_phone":0,"upload":0,"heap_kb":7684,"int_kb":41,"reason":"interval"}
{"type":"run_sample","seq":2678,"ts_ms":1356081,"uptime_s":1355,"session":"33e864-5526-0bc314e9","owner":1,"pending":4209,"enrich":1386,"nets":7,"probes":392,"lora":0,"sg_mode":0,"sg_nodes":0,"wio":0,"wio_proxy":0,"wio_phone":0,"upload":0,"heap_kb":7684,"int_kb":41,"reason":"pending"}
{"type":"fs_audit_summary","seq":2679,"ts_ms":1548154,"files":53,"valid":53,"invalid":0,"legacy":0,"tmp":0,"unknown":0,"bytes":1160220,"ms":992,"done":1}
{"type":"run_sample","seq":2680,"ts_ms":1548520,"uptime_s":1543,"session":"33e864-5526-0bc314e9","owner":5,"pending":4211,"enrich":1388,"nets":8,"probes":460,"lora":0,"sg_mode":0,"sg_nodes":0,"wio":0,"wio_proxy":0,"wio_phone":0,"upload":0,"heap_kb":7714,"int_kb":67,"reason":"owner"}
{"type":"run_sample","seq":2681,"ts_ms":1608522,"uptime_s":1608,"session":"33e864-5526-0bc314e9","owner":1,"pending":4202,"enrich":4205,"nets":8,"probes":475,"lora":0,"sg_mode":0,"sg_nodes":0,"wio":0,"wio_proxy":0,"wio_phone":0,"upload":0,"heap_kb":7684,"int_kb":41,"reason":"owner"}
{"type":"power_sample","seq":2682,"ts_ms":1815244,"uptime_s":1815,"mv":4635,"pct":100,"trend":2,"cap_mah":1100,"runtime_min":0,"source":"usb","state":"usb","charging":0,"owner":1,"reason":"interval"}
{"type":"run_sample","seq":2683,"ts_ms":1908526,"uptime_s":1908,"session":"33e864-5526-0bc314e9","owner":1,"pending":4203,"enrich":4206,"nets":9,"probes":566,"lora":0,"sg_mode":0,"sg_nodes":0,"wio":0,"wio_proxy":0,"wio_phone":0,"upload":0,"heap_kb":7684,"int_kb":41,"reason":"interval"}
{"type":"run_sample","seq":2684,"ts_ms":2208530,"uptime_s":2208,"session":"33e864-5526-0bc314e9","owner":1,"pending":4209,"enrich":4212,"nets":12,"probes":680,"lora":0,"sg_mode":0,"sg_nodes":0,"wio":0,"wio_proxy":0,"wio_phone":0,"upload":0,"heap_kb":7684,"int_kb":41,"reason":"interval"}
{"type":"run_sample","seq":2685,"ts_ms":2508537,"uptime_s":2508,"session":"33e864-5526-0bc314e9","owner":1,"pending":4212,"enrich":4215,"nets":13,"probes":794,"lora":0,"sg_mode":0,"sg_nodes":0,"wio":0,"wio_proxy":0,"wio_phone":0,"upload":0,"heap_kb":7684,"int_kb":41,"reason":"interval"}
{"type":"power_sample","seq":2686,"ts_ms":2715247,"uptime_s":2715,"mv":4666,"pct":100,"trend":1,"cap_mah":1100,"runtime_min":0,"source":"usb","state":"usb","charging":0,"owner":1,"reason":"interval"}
{"type":"run_sample","seq":2687,"ts_ms":2808538,"uptime_s":2808,"session":"33e864-5526-0bc314e9","owner":1,"pending":4212,"enrich":4215,"nets":13,"probes":895,"lora":0,"sg_mode":0,"sg_nodes":0,"wio":0,"wio_proxy":0,"wio_phone":0,"upload":0,"heap_kb":7684,"int_kb":41,"reason":"interval"}
{"type":"run_sample","seq":2688,"ts_ms":3108541,"uptime_s":3108,"session":"33e864-5526-0bc314e9","owner":1,"pending":4214,"enrich":4217,"nets":14,"probes":994,"lora":0,"sg_mode":0,"sg_nodes":0,"wio":0,"wio_proxy":0,"wio_phone":0,"upload":0,"heap_kb":7684,"int_kb":41,"reason":"interval"}
{"type":"run_sample","seq":2689,"ts_ms":3408549,"uptime_s":3408,"session":"33e864-5526-0bc314e9","owner":1,"pending":4223,"enrich":4226,"nets":17,"probes":1168,"lora":0,"sg_mode":0,"sg_nodes":0,"wio":0,"wio_proxy":0,"wio_phone":0,"upload":0,"heap_kb":7684,"int_kb":41,"reason":"interval"}
{"type":"power_sample","seq":2690,"ts_ms":3615258,"uptime_s":3615,"mv":4740,"pct":100,"trend":15,"cap_mah":1100,"runtime_min":0,"source":"usb","state":"usb","charging":1,"owner":1,"reason":"interval"}
{"type":"run_sample","seq":2691,"ts_ms":3708551,"uptime_s":3708,"session":"33e864-5526-0bc314e9","owner":1,"pending":4226,"enrich":4229,"nets":17,"probes":1267,"lora":0,"sg_mode":0,"sg_nodes":0,"wio":0,"wio_proxy":0,"wio_phone":0,"upload":0,"heap_kb":7684,"int_kb":41,"reason":"interval"}
{"type":"run_sample","seq":2692,"ts_ms":4008553,"uptime_s":4008,"session":"33e864-5526-0bc314e9","owner":1,"pending":4226,"enrich":4229,"nets":17,"probes":1382,"lora":0,"sg_mode":0,"sg_nodes":0,"wio":0,"wio_proxy":0,"wio_phone":0,"upload":0,"heap_kb":7684,"int_kb":41,"reason":"interval"}
{"type":"run_sample","seq":2693,"ts_ms":4308560,"uptime_s":4308,"session":"33e864-5526-0bc314e9","owner":1,"pending":4226,"enrich":4229,"nets":17,"probes":1479,"lora":0,"sg_mode":0,"sg_nodes":0,"wio":0,"wio_proxy":0,"wio_phone":0,"upload":0,"heap_kb":7684,"int_kb":41,"reason":"interval"}
{"type":"power_sample","seq":2694,"ts_ms":4515261,"uptime_s":4515,"mv":4737,"pct":100,"trend":-1,"cap_mah":1100,"runtime_min":0,"source":"usb","state":"usb","charging":0,"owner":1,"reason":"interval"}
{"type":"run_sample","seq":2695,"ts_ms":4608566,"uptime_s":4608,"session":"33e864-5526-0bc314e9","owner":1,"pending":4232,"enrich":4235,"nets":18,"probes":1614,"lora":0,"sg_mode":0,"sg_nodes":0,"wio":0,"wio_proxy":0,"wio_phone":0,"upload":0,"heap_kb":7684,"int_kb":41,"reason":"interval"}
{"type":"run_sample","seq":2696,"ts_ms":4908572,"uptime_s":4908,"session":"33e864-5526-0bc314e9","owner":1,"pending":4232,"enrich":4235,"nets":18,"probes":1711,"lora":0,"sg_mode":0,"sg_nodes":0,"wio":0,"wio_proxy":0,"wio_phone":0,"upload":0,"heap_kb":7684,"int_kb":41,"reason":"interval"}
{"type":"run_sample","seq":2697,"ts_ms":5208579,"uptime_s":5208,"session":"33e864-5526-0bc314e9","owner":1,"pending":4233,"enrich":4236,"nets":18,"probes":1818,"lora":0,"sg_mode":0,"sg_nodes":0,"wio":0,"wio_proxy":0,"wio_phone":0,"upload":0,"heap_kb":7684,"int_kb":41,"reason":"interval"}
{"type":"power_sample","seq":2698,"ts_ms":5415268,"uptime_s":5415,"mv":4739,"pct":100,"trend":0,"cap_mah":1100,"runtime_min":0,"source":"usb","state":"usb","charging":0,"owner":1,"reason":"interval"}
{"type":"run_sample","seq":2699,"ts_ms":5508585,"uptime_s":5508,"session":"33e864-5526-0bc314e9","owner":1,"pending":4236,"enrich":4239,"nets":18,"probes":1941,"lora":0,"sg_mode":0,"sg_nodes":0,"wio":0,"wio_proxy":0,"wio_phone":0,"upload":0,"heap_kb":7683,"int_kb":40,"reason":"interval"}
{"type":"power_sample","seq":2700,"ts_ms":9747,"uptime_s":0,"mv":4500,"pct":100,"trend":0,"cap_mah":1100,"runtime_min":0,"source":"usb","state":"usb","charging":0,"owner":1,"reason":"boot"}
{"type":"run_sample","seq":2701,"ts_ms":9939,"uptime_s":0,"session":"33e864-5931-1d616a76","owner":1,"pending":4236,"enrich":0,"nets":0,"probes":0,"lora":0,"sg_mode":0,"sg_nodes":0,"wio":0,"wio_proxy":0,"wio_phone":0,"upload":0,"heap_kb":7741,"int_kb":47,"reason":"boot"}
{"type":"run_sample","seq":2702,"ts_ms":10393,"uptime_s":10,"session":"33e864-5931-1d616a76","owner":1,"pending":4236,"enrich":4239,"nets":3,"probes":0,"lora":0,"sg_mode":0,"sg_nodes":0,"wio":0,"wio_proxy":0,"wio_phone":0,"upload":0,"heap_kb":7741,"int_kb":47,"reason":"pending"}
{"type":"power_sample","seq":2703,"ts_ms":6492,"uptime_s":0,"mv":4504,"pct":100,"trend":0,"cap_mah":1100,"runtime_min":0,"source":"usb","state":"usb","charging":0,"owner":1,"reason":"boot"}
{"type":"run_sample","seq":2704,"ts_ms":6655,"uptime_s":0,"session":"33e864-5682-5a56c9a2","owner":1,"pending":4251,"enrich":0,"nets":0,"probes":0,"lora":0,"sg_mode":0,"sg_nodes":0,"wio":0,"wio_proxy":0,"wio_phone":0,"upload":0,"heap_kb":7742,"int_kb":48,"reason":"boot"}
{"type":"run_sample","seq":2705,"ts_ms":6994,"uptime_s":6,"session":"33e864-5682-5a56c9a2","owner":1,"pending":4251,"enrich":4254,"nets":3,"probes":0,"lora":0,"sg_mode":0,"sg_nodes":0,"wio":0,"wio_proxy":0,"wio_phone":0,"upload":0,"heap_kb":7742,"int_kb":48,"reason":"pending"}
{"type":"run_sample","seq":2706,"ts_ms":306999,"uptime_s":306,"session":"33e864-5682-5a56c9a2","owner":1,"pending":4264,"enrich":4267,"nets":5,"probes":128,"lora":0,"sg_mode":0,"sg_nodes":0,"wio":0,"wio_proxy":0,"wio_phone":0,"upload":0,"heap_kb":7686,"int_kb":42,"reason":"interval"}
{"type":"power_sample","seq":2707,"ts_ms":6612,"uptime_s":0,"mv":4480,"pct":100,"trend":0,"cap_mah":1100,"runtime_min":0,"source":"usb","state":"usb","charging":0,"owner":1,"reason":"boot"}
{"type":"run_sample","seq":2708,"ts_ms":6850,"uptime_s":0,"session":"33e864-5858-41e7dabf","owner":1,"pending":4264,"enrich":0,"nets":0,"probes":0,"lora":0,"sg_mode":0,"sg_nodes":0,"wio":0,"wio_proxy":0,"wio_phone":0,"upload":0,"heap_kb":7742,"int_kb":48,"reason":"boot"}
{"type":"run_sample","seq":2709,"ts_ms":7252,"uptime_s":6,"session":"33e864-5858-41e7dabf","owner":1,"pending":4264,"enrich":4267,"nets":3,"probes":0,"lora":0,"sg_mode":0,"sg_nodes":0,"wio":0,"wio_proxy":0,"wio_phone":0,"upload":0,"heap_kb":7742,"int_kb":48,"reason":"pending"}
{"type":"power_sample","seq":2710,"ts_ms":6504,"uptime_s":0,"mv":4514,"pct":100,"trend":0,"cap_mah":1100,"runtime_min":0,"source":"usb","state":"usb","charging":0,"owner":5,"reason":"boot"}
{"type":"run_sample","seq":2711,"ts_ms":6683,"uptime_s":0,"session":"33e864-5841-7c3c9c29","owner":5,"pending":4264,"enrich":0,"nets":0,"probes":0,"lora":0,"sg_mode":0,"sg_nodes":0,"wio":0,"wio_proxy":0,"wio_phone":0,"upload":0,"heap_kb":7794,"int_kb":95,"reason":"boot"}
{"type":"run_sample","seq":2712,"ts_ms":7057,"uptime_s":6,"session":"33e864-5841-7c3c9c29","owner":1,"pending":4264,"enrich":0,"nets":0,"probes":0,"lora":0,"sg_mode":0,"sg_nodes":0,"wio":0,"wio_proxy":0,"wio_phone":0,"upload":0,"heap_kb":7742,"int_kb":48,"reason":"owner"}
{"type":"power_sample","seq":2713,"ts_ms":6566,"uptime_s":0,"mv":4530,"pct":100,"trend":0,"cap_mah":1100,"runtime_min":0,"source":"usb","state":"usb","charging":0,"owner":5,"reason":"boot"}
{"type":"run_sample","seq":2714,"ts_ms":6756,"uptime_s":0,"session":"33e864-5892-ae047ca6","owner":5,"pending":4264,"enrich":0,"nets":0,"probes":0,"lora":0,"sg_mode":0,"sg_nodes":0,"wio":0,"wio_proxy":0,"wio_phone":0,"upload":0,"heap_kb":7794,"int_kb":95,"reason":"boot"}
{"type":"fs_audit_summary","seq":2715,"ts_ms":11151,"files":57,"valid":57,"invalid":0,"legacy":0,"tmp":0,"unknown":0,"bytes":1189994,"ms":1143,"done":1}
{"type":"run_sample","seq":2716,"ts_ms":11520,"uptime_s":6,"session":"33e864-5892-ae047ca6","owner":5,"pending":4264,"enrich":4267,"nets":0,"probes":0,"lora":0,"sg_mode":0,"sg_nodes":0,"wio":0,"wio_proxy":0,"wio_phone":0,"upload":0,"heap_kb":7789,"int_kb":91,"reason":"pending"}
{"type":"run_sample","seq":2717,"ts_ms":71517,"uptime_s":71,"session":"33e864-5892-ae047ca6","owner":7,"pending":4269,"enrich":4272,"nets":2,"probes":5,"lora":0,"sg_mode":0,"sg_nodes":0,"wio":0,"wio_proxy":0,"wio_phone":0,"upload":0,"heap_kb":7648,"int_kb":9,"reason":"owner"}
{"type":"run_sample","seq":2718,"ts_ms":131518,"uptime_s":131,"session":"33e864-5892-ae047ca6","owner":0,"pending":4269,"enrich":4272,"nets":2,"probes":5,"lora":0,"sg_mode":0,"sg_nodes":0,"wio":0,"wio_proxy":0,"wio_phone":0,"upload":0,"heap_kb":7658,"int_kb":9,"reason":"owner"}
{"type":"run_sample","seq":2719,"ts_ms":220226,"uptime_s":220,"session":"33e864-5892-ae047ca6","owner":7,"pending":4269,"enrich":4272,"nets":2,"probes":5,"lora":0,"sg_mode":0,"sg_nodes":0,"wio":0,"wio_proxy":0,"wio_phone":0,"upload":0,"heap_kb":7647,"int_kb":9,"reason":"owner"}
{"type":"power_sample","seq":2720,"ts_ms":6642,"uptime_s":0,"mv":4504,"pct":100,"trend":0,"cap_mah":1100,"runtime_min":0,"source":"usb","state":"usb","charging":0,"owner":1,"reason":"boot"}
{"type":"run_sample","seq":2721,"ts_ms":6800,"uptime_s":0,"session":"33e864-5840-1ee04a0e","owner":1,"pending":4269,"enrich":0,"nets":0,"probes":0,"lora":0,"sg_mode":0,"sg_nodes":0,"wio":0,"wio_proxy":0,"wio_phone":0,"upload":0,"heap_kb":7742,"int_kb":48,"reason":"boot"}
{"type":"run_sample","seq":2722,"ts_ms":7173,"uptime_s":6,"session":"33e864-5840-1ee04a0e","owner":1,"pending":4269,"enrich":4272,"nets":3,"probes":0,"lora":0,"sg_mode":0,"sg_nodes":0,"wio":0,"wio_proxy":0,"wio_phone":0,"upload":0,"heap_kb":7742,"int_kb":48,"reason":"pending"}
{"type":"run_sample","seq":2723,"ts_ms":67176,"uptime_s":67,"session":"33e864-5840-1ee04a0e","owner":7,"pending":4275,"enrich":4278,"nets":2,"probes":9,"lora":0,"sg_mode":0,"sg_nodes":0,"wio":0,"wio_proxy":0,"wio_phone":0,"upload":0,"heap_kb":7648,"int_kb":10,"reason":"owner"}
{"type":"run_sample","seq":2724,"ts_ms":127182,"uptime_s":127,"session":"33e864-5840-1ee04a0e","owner":0,"pending":4275,"enrich":4278,"nets":2,"probes":9,"lora":0,"sg_mode":0,"sg_nodes":0,"wio":0,"wio_proxy":0,"wio_phone":0,"upload":0,"heap_kb":7658,"int_kb":9,"reason":"owner"}
{"type":"run_sample","seq":2725,"ts_ms":187183,"uptime_s":187,"session":"33e864-5840-1ee04a0e","owner":7,"pending":4275,"enrich":4278,"nets":2,"probes":9,"lora":0,"sg_mode":0,"sg_nodes":0,"wio":0,"wio_proxy":0,"wio_phone":0,"upload":0,"heap_kb":7648,"int_kb":9,"reason":"owner"}
{"type":"run_sample","seq":2726,"ts_ms":247183,"uptime_s":247,"session":"33e864-5840-1ee04a0e","owner":0,"pending":4275,"enrich":4278,"nets":2,"probes":9,"lora":0,"sg_mode":0,"sg_nodes":0,"wio":0,"wio_proxy":0,"wio_phone":0,"upload":0,"heap_kb":7658,"int_kb":9,"reason":"owner"}
{"type":"power_sample","seq":2727,"ts_ms":6559,"uptime_s":0,"mv":4506,"pct":100,"trend":0,"cap_mah":1100,"runtime_min":0,"source":"usb","state":"usb","charging":0,"owner":1,"reason":"boot"}
{"type":"run_sample","seq":2728,"ts_ms":6718,"uptime_s":0,"session":"33e864-5778-ef96caef","owner":1,"pending":4275,"enrich":0,"nets":0,"probes":0,"lora":0,"sg_mode":0,"sg_nodes":0,"wio":0,"wio_proxy":0,"wio_phone":0,"upload":0,"heap_kb":7741,"int_kb":48,"reason":"boot"}
{"type":"run_sample","seq":2729,"ts_ms":7065,"uptime_s":6,"session":"33e864-5778-ef96caef","owner":1,"pending":4275,"enrich":4278,"nets":3,"probes":0,"lora":0,"sg_mode":0,"sg_nodes":0,"wio":0,"wio_proxy":0,"wio_phone":0,"upload":0,"heap_kb":7741,"int_kb":48,"reason":"pending"}
{"type":"run_sample","seq":2730,"ts_ms":307067,"uptime_s":307,"session":"33e864-5778-ef96caef","owner":1,"pending":4284,"enrich":4287,"nets":4,"probes":121,"lora":0,"sg_mode":0,"sg_nodes":0,"wio":0,"wio_proxy":0,"wio_phone":0,"upload":0,"heap_kb":7686,"int_kb":42,"reason":"interval"}
{"type":"power_sample","seq":2731,"ts_ms":6704,"uptime_s":0,"mv":4492,"pct":100,"trend":0,"cap_mah":1100,"runtime_min":0,"source":"usb","state":"usb","charging":0,"owner":1,"reason":"boot"}
{"type":"run_sample","seq":2732,"ts_ms":6858,"uptime_s":0,"session":"33e864-5866-d2256c0e","owner":1,"pending":4284,"enrich":0,"nets":0,"probes":0,"lora":0,"sg_mode":0,"sg_nodes":0,"wio":0,"wio_proxy":0,"wio_phone":0,"upload":0,"heap_kb":7742,"int_kb":48,"reason":"boot"}
{"type":"run_sample","seq":2733,"ts_ms":7236,"uptime_s":6,"session":"33e864-5866-d2256c0e","owner":1,"pending":4284,"enrich":4287,"nets":3,"probes":0,"lora":0,"sg_mode":0,"sg_nodes":0,"wio":0,"wio_proxy":0,"wio_phone":0,"upload":0,"heap_kb":7741,"int_kb":48,"reason":"pending"}
{"type":"run_sample","seq":2734,"ts_ms":76406,"uptime_s":76,"session":"33e864-5866-d2256c0e","owner":7,"pending":4298,"enrich":4301,"nets":6,"probes":40,"lora":0,"sg_mode":0,"sg_nodes":0,"wio":0,"wio_proxy":0,"wio_phone":0,"upload":0,"heap_kb":7647,"int_kb":9,"reason":"owner"}
{"type":"power_sample","seq":2735,"ts_ms":6830,"uptime_s":0,"mv":4516,"pct":100,"trend":0,"cap_mah":1100,"runtime_min":0,"source":"usb","state":"usb","charging":0,"owner":1,"reason":"boot"}
{"type":"run_sample","seq":2736,"ts_ms":7010,"uptime_s":0,"session":"33e864-6036-340ecd38","owner":1,"pending":4298,"enrich":0,"nets":0,"probes":0,"lora":0,"sg_mode":0,"sg_nodes":0,"wio":0,"wio_proxy":0,"wio_phone":0,"upload":0,"heap_kb":7742,"int_kb":48,"reason":"boot"}
{"type":"run_sample","seq":2737,"ts_ms":7453,"uptime_s":7,"session":"33e864-6036-340ecd38","owner":1,"pending":4298,"enrich":4301,"nets":3,"probes":0,"lora":0,"sg_mode":0,"sg_nodes":0,"wio":0,"wio_proxy":0,"wio_phone":0,"upload":0,"heap_kb":7741,"int_kb":48,"reason":"pending"}
{"type":"power_sample","seq":2738,"ts_ms":6743,"uptime_s":0,"mv":4496,"pct":100,"trend":0,"cap_mah":1100,"runtime_min":0,"source":"usb","state":"usb","charging":0,"owner":1,"reason":"boot"}
{"type":"run_sample","seq":2739,"ts_ms":6912,"uptime_s":0,"session":"33e864-5940-42d73a15","owner":1,"pending":4309,"enrich":0,"nets":0,"probes":0,"lora":0,"sg_mode":0,"sg_nodes":0,"wio":0,"wio_proxy":0,"wio_phone":0,"upload":0,"heap_kb":7741,"int_kb":48,"reason":"boot"}
{"type":"run_sample","seq":2740,"ts_ms":7346,"uptime_s":7,"session":"33e864-5940-42d73a15","owner":1,"pending":4309,"enrich":4312,"nets":3,"probes":0,"lora":0,"sg_mode":0,"sg_nodes":0,"wio":0,"wio_proxy":0,"wio_phone":0,"upload":0,"heap_kb":7741,"int_kb":48,"reason":"pending"}
{"type":"run_sample","seq":2741,"ts_ms":67349,"uptime_s":67,"session":"33e864-5940-42d73a15","owner":7,"pending":4316,"enrich":4319,"nets":3,"probes":12,"lora":0,"sg_mode":0,"sg_nodes":0,"wio":0,"wio_proxy":0,"wio_phone":0,"upload":0,"heap_kb":7648,"int_kb":9,"reason":"owner"}
{"type":"power_sample","seq":2742,"ts_ms":6651,"uptime_s":0,"mv":4518,"pct":100,"trend":0,"cap_mah":1100,"runtime_min":0,"source":"usb","state":"usb","charging":0,"owner":5,"reason":"boot"}
{"type":"run_sample","seq":2743,"ts_ms":6817,"uptime_s":0,"session":"33e864-5935-73c1afb2","owner":5,"pending":4309,"enrich":0,"nets":0,"probes":0,"lora":0,"sg_mode":0,"sg_nodes":0,"wio":0,"wio_proxy":0,"wio_phone":0,"upload":0,"heap_kb":7793,"int_kb":95,"reason":"boot"}
{"type":"fs_audit_summary","seq":2744,"ts_ms":11309,"files":63,"valid":63,"invalid":0,"legacy":0,"tmp":0,"unknown":0,"bytes":1218977,"ms":1109,"done":1}
{"type":"run_sample","seq":2745,"ts_ms":11660,"uptime_s":6,"session":"33e864-5935-73c1afb2","owner":5,"pending":4309,"enrich":4312,"nets":0,"probes":0,"lora":0,"sg_mode":0,"sg_nodes":0,"wio":0,"wio_proxy":0,"wio_phone":0,"upload":0,"heap_kb":7788,"int_kb":90,"reason":"pending"}
{"type":"run_sample","seq":2746,"ts_ms":71660,"uptime_s":71,"session":"33e864-5935-73c1afb2","owner":7,"pending":4314,"enrich":4317,"nets":2,"probes":9,"lora":0,"sg_mode":0,"sg_nodes":0,"wio":0,"wio_proxy":0,"wio_phone":0,"upload":0,"heap_kb":7648,"int_kb":9,"reason":"owner"}
{"type":"power_sample","seq":2747,"ts_ms":6838,"uptime_s":0,"mv":4498,"pct":100,"trend":0,"cap_mah":1100,"runtime_min":0,"source":"usb","state":"usb","charging":0,"owner":5,"reason":"boot"}
{"type":"run_sample","seq":2748,"ts_ms":7003,"uptime_s":0,"session":"33e864-6106-f164f2cc","owner":5,"pending":4309,"enrich":0,"nets":0,"probes":0,"lora":0,"sg_mode":0,"sg_nodes":0,"wio":0,"wio_proxy":0,"wio_phone":0,"upload":0,"heap_kb":7793,"int_kb":95,"reason":"boot"}
{"type":"fs_audit_summary","seq":2749,"ts_ms":11643,"files":64,"valid":64,"invalid":0,"legacy":0,"tmp":0,"unknown":0,"bytes":1220648,"ms":1321,"done":1}
{"type":"run_sample","seq":2750,"ts_ms":12006,"uptime_s":7,"session":"33e864-6106-f164f2cc","owner":5,"pending":4309,"enrich":4312,"nets":0,"probes":0,"lora":0,"sg_mode":0,"sg_nodes":0,"wio":0,"wio_proxy":0,"wio_phone":0,"upload":0,"heap_kb":7789,"int_kb":91,"reason":"pending"}
{"type":"run_sample","seq":2751,"ts_ms":72012,"uptime_s":72,"session":"33e864-6106-f164f2cc","owner":7,"pending":4309,"enrich":4312,"nets":6,"probes":0,"lora":0,"sg_mode":0,"sg_nodes":0,"wio":0,"wio_proxy":0,"wio_phone":0,"upload":0,"heap_kb":7653,"int_kb":15,"reason":"owner"}
{"type":"power_sample","seq":2752,"ts_ms":7349,"uptime_s":0,"mv":4454,"pct":100,"trend":0,"cap_mah":1100,"runtime_min":0,"source":"usb","state":"usb","charging":0,"owner":1,"reason":"boot"}
{"type":"run_sample","seq":2753,"ts_ms":7544,"uptime_s":0,"session":"33e864-6493-d206b7fb","owner":1,"pending":4309,"enrich":0,"nets":0,"probes":0,"lora":0,"sg_mode":0,"sg_nodes":0,"wio":0,"wio_proxy":0,"wio_phone":0,"upload":0,"heap_kb":7741,"int_kb":48,"reason":"boot"}
{"type":"run_sample","seq":2754,"ts_ms":8004,"uptime_s":7,"session":"33e864-6493-d206b7fb","owner":1,"pending":4309,"enrich":4312,"nets":3,"probes":0,"lora":0,"sg_mode":0,"sg_nodes":0,"wio":0,"wio_proxy":0,"wio_phone":0,"upload":0,"heap_kb":7741,"int_kb":48,"reason":"pending"}
{"type":"run_sample","seq":2755,"ts_ms":68010,"uptime_s":68,"session":"33e864-6493-d206b7fb","owner":7,"pending":4313,"enrich":4316,"nets":3,"probes":7,"lora":0,"sg_mode":0,"sg_nodes":0,"wio":0,"wio_proxy":0,"wio_phone":0,"upload":0,"heap_kb":7648,"int_kb":9,"reason":"owner"}
{"type":"run_sample","seq":2756,"ts_ms":128013,"uptime_s":128,"session":"33e864-6493-d206b7fb","owner":0,"pending":4313,"enrich":4316,"nets":3,"probes":7,"lora":0,"sg_mode":0,"sg_nodes":0,"wio":0,"wio_proxy":0,"wio_phone":0,"upload":0,"heap_kb":7658,"int_kb":9,"reason":"owner"}
{"type":"power_sample","seq":2757,"ts_ms":6923,"uptime_s":0,"mv":4484,"pct":100,"trend":0,"cap_mah":1100,"runtime_min":0,"source":"usb","state":"usb","charging":0,"owner":5,"reason":"boot"}
{"type":"run_sample","seq":2758,"ts_ms":7110,"uptime_s":0,"session":"33e864-6148-e746225d","owner":5,"pending":4309,"enrich":0,"nets":0,"probes":0,"lora":0,"sg_mode":0,"sg_nodes":0,"wio":0,"wio_proxy":0,"wio_phone":0,"upload":0,"heap_kb":7793,"int_kb":95,"reason":"boot"}
{"type":"fs_audit_summary","seq":2759,"ts_ms":11663,"files":65,"valid":65,"invalid":0,"legacy":0,"tmp":0,"unknown":0,"bytes":1229757,"ms":1308,"done":1}
{"type":"run_sample","seq":2760,"ts_ms":12031,"uptime_s":7,"session":"33e864-6148-e746225d","owner":5,"pending":4309,"enrich":4312,"nets":0,"probes":0,"lora":0,"sg_mode":0,"sg_nodes":0,"wio":0,"wio_proxy":0,"wio_phone":0,"upload":0,"heap_kb":7788,"int_kb":90,"reason":"pending"}
{"type":"power_sample","seq":2761,"ts_ms":7373,"uptime_s":0,"mv":4482,"pct":100,"trend":0,"cap_mah":1100,"runtime_min":0,"source":"usb","state":"usb","charging":0,"owner":1,"reason":"boot"}
{"type":"run_sample","seq":2762,"ts_ms":7565,"uptime_s":0,"session":"33e864-6475-69edfb2d","owner":1,"pending":4309,"enrich":0,"nets":0,"probes":0,"lora":0,"sg_mode":0,"sg_nodes":0,"wio":0,"wio_proxy":0,"wio_phone":0,"upload":0,"heap_kb":7741,"int_kb":48,"reason":"boot"}
{"type":"run_sample","seq":2763,"ts_ms":8095,"uptime_s":7,"session":"33e864-6475-69edfb2d","owner":1,"pending":4309,"enrich":4312,"nets":3,"probes":0,"lora":0,"sg_mode":0,"sg_nodes":0,"wio":0,"wio_proxy":0,"wio_phone":0,"upload":0,"heap_kb":7741,"int_kb":48,"reason":"pending"}
{"type":"power_sample","seq":2764,"ts_ms":13019,"uptime_s":0,"mv":4534,"pct":100,"trend":0,"cap_mah":1100,"runtime_min":0,"source":"usb","state":"usb","charging":0,"owner":5,"reason":"boot"}
{"type":"run_sample","seq":2765,"ts_ms":13124,"uptime_s":0,"session":"33e864-12224-ffebc1fa","owner":5,"pending":4339,"enrich":4274,"nets":0,"probes":0,"lora":0,"sg_mode":0,"sg_nodes":0,"wio":0,"wio_proxy":0,"wio_phone":0,"upload":0,"heap_kb":7793,"int_kb":95,"reason":"boot"}
{"type":"run_sample","seq":2766,"ts_ms":31397,"uptime_s":30,"session":"33e864-12224-ffebc1fa","owner":1,"pending":4339,"enrich":4274,"nets":0,"probes":0,"lora":0,"sg_mode":0,"sg_nodes":0,"wio":0,"wio_proxy":0,"wio_phone":0,"upload":0,"heap_kb":7741,"int_kb":47,"reason":"owner"}
{"type":"run_sample","seq":2767,"ts_ms":91396,"uptime_s":91,"session":"33e864-12224-ffebc1fa","owner":0,"pending":4339,"enrich":4274,"nets":0,"probes":0,"lora":0,"sg_mode":0,"sg_nodes":0,"wio":0,"wio_proxy":0,"wio_phone":0,"upload":0,"heap_kb":7663,"int_kb":14,"reason":"owner"}
{"type":"power_sample","seq":2768,"ts_ms":6914,"uptime_s":0,"mv":4476,"pct":100,"trend":0,"cap_mah":1100,"runtime_min":0,"source":"usb","state":"usb","charging":0,"owner":1,"reason":"boot"}
{"type":"run_sample","seq":2769,"ts_ms":7097,"uptime_s":0,"session":"33e864-6007-beaae261","owner":1,"pending":4339,"enrich":0,"nets":0,"probes":0,"lora":0,"sg_mode":0,"sg_nodes":0,"wio":0,"wio_proxy":0,"wio_phone":0,"upload":0,"heap_kb":7741,"int_kb":47,"reason":"boot"}
{"type":"run_sample","seq":2770,"ts_ms":7517,"uptime_s":7,"session":"33e864-6007-beaae261","owner":1,"pending":4339,"enrich":4342,"nets":3,"probes":0,"lora":0,"sg_mode":0,"sg_nodes":0,"wio":0,"wio_proxy":0,"wio_phone":0,"upload":0,"heap_kb":7741,"int_kb":47,"reason":"pending"}
{"type":"power_sample","seq":2771,"ts_ms":6810,"uptime_s":0,"mv":4504,"pct":100,"trend":0,"cap_mah":1100,"runtime_min":0,"source":"usb","state":"usb","charging":0,"owner":5,"reason":"boot"}
{"type":"run_sample","seq":2772,"ts_ms":7006,"uptime_s":0,"session":"33e864-5992-1a6886e5","owner":5,"pending":4339,"enrich":0,"nets":0,"probes":0,"lora":0,"sg_mode":0,"sg_nodes":0,"wio":0,"wio_proxy":0,"wio_phone":0,"upload":0,"heap_kb":7793,"int_kb":95,"reason":"boot"}
{"type":"fs_audit_summary","seq":2773,"ts_ms":11585,"files":62,"valid":62,"invalid":0,"legacy":0,"tmp":0,"unknown":0,"bytes":1234852,"ms":1420,"done":1}
{"type":"run_sample","seq":2774,"ts_ms":12035,"uptime_s":7,"session":"33e864-5992-1a6886e5","owner":5,"pending":4339,"enrich":4342,"nets":0,"probes":0,"lora":0,"sg_mode":0,"sg_nodes":0,"wio":0,"wio_proxy":0,"wio_phone":0,"upload":0,"heap_kb":7788,"int_kb":90,"reason":"pending"}
{"type":"run_sample","seq":2775,"ts_ms":72037,"uptime_s":72,"session":"33e864-5992-1a6886e5","owner":1,"pending":4330,"enrich":4333,"nets":3,"probes":29,"lora":0,"sg_mode":0,"sg_nodes":0,"wio":0,"wio_proxy":0,"wio_phone":0,"upload":0,"heap_kb":7686,"int_kb":41,"reason":"owner"}
{"type":"power_sample","seq":2776,"ts_ms":6922,"uptime_s":0,"mv":4462,"pct":100,"trend":0,"cap_mah":1100,"runtime_min":0,"source":"usb","state":"usb","charging":0,"owner":1,"reason":"boot"}
{"type":"run_sample","seq":2777,"ts_ms":7095,"uptime_s":0,"session":"33e864-6026-d4fbe753","owner":1,"pending":4332,"enrich":0,"nets":0,"probes":0,"lora":0,"sg_mode":0,"sg_nodes":0,"wio":0,"wio_proxy":0,"wio_phone":0,"upload":0,"heap_kb":7741,"int_kb":48,"reason":"boot"}
{"type":"run_sample","seq":2778,"ts_ms":7524,"uptime_s":7,"session":"33e864-6026-d4fbe753","owner":1,"pending":4332,"enrich":4335,"nets":3,"probes":0,"lora":0,"sg_mode":0,"sg_nodes":0,"wio":0,"wio_proxy":0,"wio_phone":0,"upload":0,"heap_kb":7741,"int_kb":48,"reason":"pending"}
{"type":"power_sample","seq":2779,"ts_ms":6792,"uptime_s":0,"mv":4506,"pct":100,"trend":0,"cap_mah":1100,"runtime_min":0,"source":"usb","state":"usb","charging":0,"owner":5,"reason":"boot"}
{"type":"run_sample","seq":2780,"ts_ms":6963,"uptime_s":0,"session":"33e864-6000-84b787d4","owner":5,"pending":4332,"enrich":0,"nets":0,"probes":0,"lora":0,"sg_mode":0,"sg_nodes":0,"wio":0,"wio_proxy":0,"wio_phone":0,"upload":0,"heap_kb":7793,"int_kb":95,"reason":"boot"}
{"type":"fs_audit_summary","seq":2781,"ts_ms":11432,"files":64,"valid":64,"invalid":0,"legacy":0,"tmp":0,"unknown":0,"bytes":1239908,"ms":1392,"done":1}
{"type":"run_sample","seq":2782,"ts_ms":11776,"uptime_s":7,"session":"33e864-6000-84b787d4","owner":5,"pending":4332,"enrich":4335,"nets":0,"probes":0,"lora":0,"sg_mode":0,"sg_nodes":0,"wio":0,"wio_proxy":0,"wio_phone":0,"upload":0,"heap_kb":7788,"int_kb":90,"reason":"pending"}
{"type":"run_sample","seq":2783,"ts_ms":71778,"uptime_s":71,"session":"33e864-6000-84b787d4","owner":7,"pending":4334,"enrich":4337,"nets":1,"probes":5,"lora":0,"sg_mode":0,"sg_nodes":0,"wio":0,"wio_proxy":0,"wio_phone":0,"upload":0,"heap_kb":7647,"int_kb":9,"reason":"owner"}
{"type":"power_sample","seq":2784,"ts_ms":7164,"uptime_s":0,"mv":4502,"pct":100,"trend":0,"cap_mah":1100,"runtime_min":0,"source":"usb","state":"usb","charging":0,"owner":5,"reason":"boot"}
{"type":"run_sample","seq":2785,"ts_ms":7343,"uptime_s":0,"session":"33e864-6344-cb18f282","owner":5,"pending":4332,"enrich":0,"nets":0,"probes":0,"lora":0,"sg_mode":0,"sg_nodes":0,"wio":0,"wio_proxy":0,"wio_phone":0,"upload":0,"heap_kb":7793,"int_kb":95,"reason":"boot"}
{"type":"fs_audit_summary","seq":2786,"ts_ms":11929,"files":65,"valid":65,"invalid":0,"legacy":0,"tmp":0,"unknown":0,"bytes":1241579,"ms":1158,"done":1}
{"type":"run_sample","seq":2787,"ts_ms":12295,"uptime_s":7,"session":"33e864-6344-cb18f282","owner":5,"pending":4332,"enrich":4335,"nets":0,"probes":0,"lora":0,"sg_mode":0,"sg_nodes":0,"wio":0,"wio_proxy":0,"wio_phone":0,"upload":0,"heap_kb":7788,"int_kb":90,"reason":"pending"}
{"type":"run_sample","seq":2788,"ts_ms":72301,"uptime_s":72,"session":"33e864-6344-cb18f282","owner":7,"pending":4332,"enrich":4335,"nets":0,"probes":0,"lora":0,"sg_mode":0,"sg_nodes":0,"wio":0,"wio_proxy":0,"wio_phone":0,"upload":0,"heap_kb":7653,"int_kb":15,"reason":"owner"}
{"type":"power_sample","seq":2789,"ts_ms":7186,"uptime_s":0,"mv":4472,"pct":100,"trend":0,"cap_mah":1100,"runtime_min":0,"source":"usb","state":"usb","charging":0,"owner":1,"reason":"boot"}
{"type":"run_sample","seq":2790,"ts_ms":7366,"uptime_s":0,"session":"33e864-6242-61da583b","owner":1,"pending":4332,"enrich":0,"nets":0,"probes":0,"lora":0,"sg_mode":0,"sg_nodes":0,"wio":0,"wio_proxy":0,"wio_phone":0,"upload":0,"heap_kb":7741,"int_kb":48,"reason":"boot"}
{"type":"run_sample","seq":2791,"ts_ms":7802,"uptime_s":7,"session":"33e864-6242-61da583b","owner":1,"pending":4332,"enrich":4335,"nets":3,"probes":0,"lora":0,"sg_mode":0,"sg_nodes":0,"wio":0,"wio_proxy":0,"wio_phone":0,"upload":0,"heap_kb":7741,"int_kb":48,"reason":"pending"}
{"type":"run_sample","seq":2792,"ts_ms":307808,"uptime_s":307,"session":"33e864-6242-61da583b","owner":1,"pending":4347,"enrich":4350,"nets":6,"probes":183,"lora":0,"sg_mode":0,"sg_nodes":0,"wio":0,"wio_proxy":0,"wio_phone":0,"upload":0,"heap_kb":7685,"int_kb":41,"reason":"interval"}
{"type":"run_sample","seq":2793,"ts_ms":607811,"uptime_s":607,"session":"33e864-6242-61da583b","owner":1,"pending":4354,"enrich":4357,"nets":10,"probes":387,"lora":0,"sg_mode":0,"sg_nodes":0,"wio":0,"wio_proxy":0,"wio_phone":0,"upload":0,"heap_kb":7685,"int_kb":40,"reason":"interval"}
{"type":"power_sample","seq":2794,"ts_ms":7045,"uptime_s":0,"mv":4458,"pct":100,"trend":0,"cap_mah":1100,"runtime_min":0,"source":"usb","state":"usb","charging":0,"owner":1,"reason":"boot"}
{"type":"run_sample","seq":2795,"ts_ms":7312,"uptime_s":0,"session":"33e864-6086-6fbe2a01","owner":1,"pending":4354,"enrich":0,"nets":0,"probes":0,"lora":0,"sg_mode":0,"sg_nodes":0,"wio":0,"wio_proxy":0,"wio_phone":0,"upload":0,"heap_kb":7741,"int_kb":47,"reason":"boot"}
{"type":"run_sample","seq":2796,"ts_ms":7713,"uptime_s":7,"session":"33e864-6086-6fbe2a01","owner":1,"pending":4354,"enrich":4357,"nets":3,"probes":0,"lora":0,"sg_mode":0,"sg_nodes":0,"wio":0,"wio_proxy":0,"wio_phone":0,"upload":0,"heap_kb":7741,"int_kb":47,"reason":"pending"}
{"type":"power_sample","seq":2797,"ts_ms":6944,"uptime_s":0,"mv":4534,"pct":100,"trend":0,"cap_mah":1100,"runtime_min":0,"source":"usb","state":"usb","charging":0,"owner":5,"reason":"boot"}
{"type":"run_sample","seq":2798,"ts_ms":7122,"uptime_s":0,"session":"33e864-6085-7c5c4cea","owner":5,"pending":4354,"enrich":0,"nets":0,"probes":0,"lora":0,"sg_mode":0,"sg_nodes":0,"wio":0,"wio_proxy":0,"wio_phone":0,"upload":0,"heap_kb":7793,"int_kb":94,"reason":"boot"}
{"type":"fs_audit_summary","seq":2799,"ts_ms":11769,"files":67,"valid":67,"invalid":0,"legacy":0,"tmp":0,"unknown":0,"bytes":1250772,"ms":1452,"done":1}
{"type":"run_sample","seq":2800,"ts_ms":12132,"uptime_s":7,"session":"33e864-6085-7c5c4cea","owner":5,"pending":4354,"enrich":4357,"nets":0,"probes":0,"lora":0,"sg_mode":0,"sg_nodes":0,"wio":0,"wio_proxy":0,"wio_phone":0,"upload":0,"heap_kb":7788,"int_kb":89,"reason":"pending"}
{"type":"run_sample","seq":2801,"ts_ms":72133,"uptime_s":72,"session":"33e864-6085-7c5c4cea","owner":7,"pending":4354,"enrich":4357,"nets":6,"probes":0,"lora":0,"sg_mode":0,"sg_nodes":0,"wio":0,"wio_proxy":0,"wio_phone":0,"upload":0,"heap_kb":7653,"int_kb":14,"reason":"owner"}
{"type":"run_sample","seq":2802,"ts_ms":136422,"uptime_s":136,"session":"33e864-6085-7c5c4cea","owner":0,"pending":4354,"enrich":4357,"nets":6,"probes":0,"lora":0,"sg_mode":0,"sg_nodes":0,"wio":0,"wio_proxy":0,"wio_phone":0,"upload":0,"heap_kb":7663,"int_kb":14,"reason":"owner"}
{"type":"power_sample","seq":2803,"ts_ms":13168,"uptime_s":0,"mv":4892,"pct":100,"trend":0,"cap_mah":1100,"runtime_min":0,"source":"usb","state":"usb","charging":0,"owner":1,"reason":"boot"}
{"type":"run_sample","seq":2804,"ts_ms":13384,"uptime_s":0,"session":"33e864-6688-158027d6","owner":1,"pending":4354,"enrich":0,"nets":0,"probes":0,"lora":0,"sg_mode":0,"sg_nodes":0,"wio":0,"wio_proxy":0,"wio_phone":0,"upload":0,"heap_kb":7740,"int_kb":46,"reason":"boot"}
{"type":"run_sample","seq":2805,"ts_ms":13916,"uptime_s":13,"session":"33e864-6688-158027d6","owner":1,"pending":4354,"enrich":4357,"nets":3,"probes":0,"lora":0,"sg_mode":0,"sg_nodes":0,"wio":0,"wio_proxy":0,"wio_phone":0,"upload":0,"heap_kb":7740,"int_kb":46,"reason":"pending"}
{"type":"power_sample","seq":2806,"ts_ms":7140,"uptime_s":0,"mv":4810,"pct":100,"trend":0,"cap_mah":1100,"runtime_min":0,"source":"usb","state":"usb","charging":0,"owner":1,"reason":"boot"}
{"type":"run_sample","seq":2807,"ts_ms":7379,"uptime_s":0,"session":"33e864-6078-a765c8fa","owner":1,"pending":4365,"enrich":0,"nets":0,"probes":0,"lora":0,"sg_mode":0,"sg_nodes":0,"wio":0,"wio_proxy":0,"wio_phone":0,"upload":0,"heap_kb":7741,"int_kb":47,"reason":"boot"}
{"type":"run_sample","seq":2808,"ts_ms":7762,"uptime_s":7,"session":"33e864-6078-a765c8fa","owner":1,"pending":4365,"enrich":4368,"nets":3,"probes":0,"lora":0,"sg_mode":0,"sg_nodes":0,"wio":0,"wio_proxy":0,"wio_phone":0,"upload":0,"heap_kb":7741,"int_kb":47,"reason":"pending"}
{"type":"run_sample","seq":2809,"ts_ms":67765,"uptime_s":67,"session":"33e864-6078-a765c8fa","owner":7,"pending":4370,"enrich":4373,"nets":2,"probes":18,"lora":0,"sg_mode":0,"sg_nodes":0,"wio":0,"wio_proxy":0,"wio_phone":0,"upload":0,"heap_kb":7644,"int_kb":5,"reason":"owner"}
{"type":"run_sample","seq":2810,"ts_ms":164011,"uptime_s":163,"session":"33e864-6078-a765c8fa","owner":0,"pending":4370,"enrich":4373,"nets":2,"probes":18,"lora":0,"sg_mode":0,"sg_nodes":0,"wio":0,"wio_proxy":0,"wio_phone":0,"upload":0,"heap_kb":7657,"int_kb":8,"reason":"owner"}
{"type":"power_sample","seq":2811,"ts_ms":6977,"uptime_s":0,"mv":4898,"pct":100,"trend":0,"cap_mah":1100,"runtime_min":0,"source":"usb","state":"usb","charging":0,"owner":5,"reason":"boot"}
{"type":"run_sample","seq":2812,"ts_ms":7143,"uptime_s":0,"session":"33e864-6073-a775c2e9","owner":5,"pending":4365,"enrich":0,"nets":0,"probes":0,"lora":0,"sg_mode":0,"sg_nodes":0,"wio":0,"wio_proxy":0,"wio_phone":0,"upload":0,"heap_kb":7793,"int_kb":94,"reason":"boot"}
{"type":"fs_audit_summary","seq":2813,"ts_ms":11727,"files":69,"valid":69,"invalid":0,"legacy":0,"tmp":0,"unknown":0,"bytes":1261909,"ms":1438,"done":1}
{"type":"run_sample","seq":2814,"ts_ms":12095,"uptime_s":7,"session":"33e864-6073-a775c2e9","owner":5,"pending":4365,"enrich":4368,"nets":0,"probes":0,"lora":0,"sg_mode":0,"sg_nodes":0,"wio":0,"wio_proxy":0,"wio_phone":0,"upload":0,"heap_kb":7787,"int_kb":93,"reason":"pending"}
{"type":"run_sample","seq":2815,"ts_ms":72097,"uptime_s":72,"session":"33e864-6073-a775c2e9","owner":7,"pending":4370,"enrich":4373,"nets":2,"probes":8,"lora":0,"sg_mode":0,"sg_nodes":0,"wio":0,"wio_proxy":0,"wio_phone":0,"upload":0,"heap_kb":7647,"int_kb":8,"reason":"owner"}
{"type":"run_sample","seq":2816,"ts_ms":139894,"uptime_s":139,"session":"33e864-6073-a775c2e9","owner":0,"pending":4370,"enrich":4373,"nets":2,"probes":8,"lora":0,"sg_mode":0,"sg_nodes":0,"wio":0,"wio_proxy":0,"wio_phone":0,"upload":0,"heap_kb":7657,"int_kb":8,"reason":"owner"}
{"type":"run_sample","seq":2817,"ts_ms":199900,"uptime_s":199,"session":"33e864-6073-a775c2e9","owner":7,"pending":4370,"enrich":4373,"nets":2,"probes":8,"lora":0,"sg_mode":0,"sg_nodes":0,"wio":0,"wio_proxy":0,"wio_phone":0,"upload":0,"heap_kb":7647,"int_kb":8,"reason":"owner"}
{"type":"run_sample","seq":2818,"ts_ms":297535,"uptime_s":297,"session":"33e864-6073-a775c2e9","owner":0,"pending":4370,"enrich":4373,"nets":2,"probes":8,"lora":0,"sg_mode":0,"sg_nodes":0,"wio":0,"wio_proxy":0,"wio_phone":0,"upload":0,"heap_kb":7657,"int_kb":8,"reason":"owner"}
{"type":"run_sample","seq":2819,"ts_ms":357541,"uptime_s":357,"session":"33e864-6073-a775c2e9","owner":7,"pending":4370,"enrich":4373,"nets":2,"probes":8,"lora":0,"sg_mode":0,"sg_nodes":0,"wio":0,"wio_proxy":0,"wio_phone":0,"upload":0,"heap_kb":7647,"int_kb":8,"reason":"owner"}
{"type":"run_sample","seq":2820,"ts_ms":455402,"uptime_s":455,"session":"33e864-6073-a775c2e9","owner":0,"pending":4370,"enrich":4373,"nets":2,"probes":8,"lora":0,"sg_mode":0,"sg_nodes":0,"wio":0,"wio_proxy":0,"wio_phone":0,"upload":0,"heap_kb":7657,"int_kb":8,"reason":"owner"}
{"type":"run_sample","seq":2821,"ts_ms":515407,"uptime_s":515,"session":"33e864-6073-a775c2e9","owner":7,"pending":4370,"enrich":4373,"nets":2,"probes":8,"lora":0,"sg_mode":0,"sg_nodes":0,"wio":0,"wio_proxy":0,"wio_phone":0,"upload":0,"heap_kb":7647,"int_kb":8,"reason":"owner"}
{"type":"run_sample","seq":2822,"ts_ms":583601,"uptime_s":583,"session":"33e864-6073-a775c2e9","owner":0,"pending":4370,"enrich":4373,"nets":2,"probes":8,"lora":0,"sg_mode":0,"sg_nodes":0,"wio":0,"wio_proxy":0,"wio_phone":0,"upload":0,"heap_kb":7657,"int_kb":8,"reason":"owner"}
[FIELD] --- end backup lines=256 ---
[FIELD] --- live path=/config/vault/field/field.jsonl bytes=39460 ---
{"type":"power_sample","seq":2823,"ts_ms":7350,"uptime_s":0,"mv":4878,"pct":100,"trend":0,"cap_mah":1100,"runtime_min":0,"source":"usb","state":"usb","charging":0,"owner":5,"reason":"boot"}
{"type":"run_sample","seq":2824,"ts_ms":7464,"uptime_s":0,"session":"33e864-6395-3e57e627","owner":5,"pending":4365,"enrich":0,"nets":0,"probes":0,"lora":0,"sg_mode":0,"sg_nodes":0,"wio":0,"wio_proxy":0,"wio_phone":0,"upload":0,"heap_kb":7793,"int_kb":94,"reason":"boot"}
{"type":"run_sample","seq":2825,"ts_ms":7860,"uptime_s":7,"session":"33e864-6395-3e57e627","owner":1,"pending":4365,"enrich":0,"nets":0,"probes":0,"lora":0,"sg_mode":0,"sg_nodes":0,"wio":0,"wio_proxy":0,"wio_phone":0,"upload":0,"heap_kb":7741,"int_kb":47,"reason":"owner"}
{"type":"power_sample","seq":2826,"ts_ms":6691,"uptime_s":0,"mv":4896,"pct":100,"trend":0,"cap_mah":1100,"runtime_min":0,"source":"usb","state":"usb","charging":0,"owner":5,"reason":"boot"}
{"type":"run_sample","seq":2827,"ts_ms":6891,"uptime_s":0,"session":"33e864-6392-26a835fa","owner":5,"pending":4365,"enrich":0,"nets":0,"probes":0,"lora":0,"sg_mode":0,"sg_nodes":0,"wio":0,"wio_proxy":0,"wio_phone":0,"upload":0,"heap_kb":7793,"int_kb":94,"reason":"boot"}
{"type":"run_sample","seq":2828,"ts_ms":7258,"uptime_s":6,"session":"33e864-6392-26a835fa","owner":1,"pending":4365,"enrich":0,"nets":0,"probes":0,"lora":0,"sg_mode":0,"sg_nodes":0,"wio":0,"wio_proxy":0,"wio_phone":0,"upload":0,"heap_kb":7741,"int_kb":47,"reason":"owner"}
{"type":"power_sample","seq":2829,"ts_ms":6765,"uptime_s":0,"mv":4834,"pct":100,"trend":0,"cap_mah":1100,"runtime_min":0,"source":"usb","state":"usb","charging":0,"owner":5,"reason":"boot"}
{"type":"run_sample","seq":2830,"ts_ms":6979,"uptime_s":0,"session":"33e864-6456-60e968c4","owner":5,"pending":4365,"enrich":0,"nets":0,"probes":0,"lora":0,"sg_mode":0,"sg_nodes":0,"wio":0,"wio_proxy":0,"wio_phone":0,"upload":0,"heap_kb":7792,"int_kb":94,"reason":"boot"}
{"type":"run_sample","seq":2831,"ts_ms":7348,"uptime_s":7,"session":"33e864-6456-60e968c4","owner":1,"pending":4365,"enrich":0,"nets":0,"probes":0,"lora":0,"sg_mode":0,"sg_nodes":0,"wio":0,"wio_proxy":0,"wio_phone":0,"upload":0,"heap_kb":7741,"int_kb":47,"reason":"owner"}
{"type":"power_sample","seq":2832,"ts_ms":6555,"uptime_s":0,"mv":4838,"pct":100,"trend":0,"cap_mah":1100,"runtime_min":0,"source":"usb","state":"usb","charging":0,"owner":5,"reason":"boot"}
{"type":"run_sample","seq":2833,"ts_ms":6741,"uptime_s":0,"session":"33e864-6233-66fa350d","owner":5,"pending":4365,"enrich":0,"nets":0,"probes":0,"lora":0,"sg_mode":0,"sg_nodes":0,"wio":0,"wio_proxy":0,"wio_phone":0,"upload":0,"heap_kb":7793,"int_kb":94,"reason":"boot"}
{"type":"fs_audit_summary","seq":2834,"ts_ms":11381,"files":73,"valid":73,"invalid":0,"legacy":0,"tmp":0,"unknown":0,"bytes":1146345,"ms":1343,"done":1}
{"type":"run_sample","seq":2835,"ts_ms":11768,"uptime_s":6,"session":"33e864-6233-66fa350d","owner":5,"pending":4365,"enrich":4368,"nets":0,"probes":0,"lora":0,"sg_mode":0,"sg_nodes":0,"wio":0,"wio_proxy":0,"wio_phone":0,"upload":0,"heap_kb":7787,"int_kb":93,"reason":"pending"}
{"type":"run_sample","seq":2836,"ts_ms":71770,"uptime_s":71,"session":"33e864-6233-66fa350d","owner":1,"pending":4375,"enrich":4378,"nets":4,"probes":32,"lora":0,"sg_mode":0,"sg_nodes":0,"wio":0,"wio_proxy":0,"wio_phone":0,"upload":0,"heap_kb":7686,"int_kb":41,"reason":"owner"}
{"type":"run_sample","seq":2837,"ts_ms":131774,"uptime_s":131,"session":"33e864-6233-66fa350d","owner":7,"pending":4375,"enrich":4378,"nets":4,"probes":42,"lora":0,"sg_mode":0,"sg_nodes":0,"wio":0,"wio_proxy":0,"wio_phone":0,"upload":0,"heap_kb":7646,"int_kb":7,"reason":"owner"}
{"type":"run_sample","seq":2838,"ts_ms":192136,"uptime_s":191,"session":"33e864-6233-66fa350d","owner":0,"pending":4375,"enrich":4378,"nets":4,"probes":42,"lora":0,"sg_mode":0,"sg_nodes":0,"wio":0,"wio_proxy":0,"wio_phone":0,"upload":0,"heap_kb":7657,"int_kb":8,"reason":"owner"}
{"type":"run_sample","seq":2839,"ts_ms":252142,"uptime_s":252,"session":"33e864-6233-66fa350d","owner":7,"pending":4375,"enrich":4378,"nets":4,"probes":42,"lora":0,"sg_mode":0,"sg_nodes":0,"wio":0,"wio_proxy":0,"wio_phone":0,"upload":0,"heap_kb":7646,"int_kb":7,"reason":"owner"}
{"type":"power_sample","seq":2840,"ts_ms":6522,"uptime_s":0,"mv":4830,"pct":100,"trend":0,"cap_mah":1100,"runtime_min":0,"source":"usb","state":"usb","charging":0,"owner":5,"reason":"boot"}
{"type":"run_sample","seq":2841,"ts_ms":6685,"uptime_s":0,"session":"33e864-6239-36fb2db0","owner":5,"pending":4365,"enrich":0,"nets":0,"probes":0,"lora":0,"sg_mode":0,"sg_nodes":0,"wio":0,"wio_proxy":0,"wio_phone":0,"upload":0,"heap_kb":7793,"int_kb":95,"reason":"boot"}
{"type":"fs_audit_summary","seq":2842,"ts_ms":11526,"files":74,"valid":74,"invalid":0,"legacy":0,"tmp":0,"unknown":0,"bytes":1152952,"ms":1287,"done":1}
{"type":"run_sample","seq":2843,"ts_ms":11860,"uptime_s":6,"session":"33e864-6239-36fb2db0","owner":5,"pending":4365,"enrich":4368,"nets":0,"probes":0,"lora":0,"sg_mode":0,"sg_nodes":0,"wio":0,"wio_proxy":0,"wio_phone":0,"upload":0,"heap_kb":7787,"int_kb":93,"reason":"pending"}
{"type":"run_sample","seq":2844,"ts_ms":71862,"uptime_s":71,"session":"33e864-6239-36fb2db0","owner":7,"pending":4378,"enrich":4381,"nets":6,"probes":51,"lora":0,"sg_mode":0,"sg_nodes":0,"wio":0,"wio_proxy":0,"wio_phone":0,"upload":0,"heap_kb":7647,"int_kb":8,"reason":"owner"}
{"type":"power_sample","seq":2845,"ts_ms":6517,"uptime_s":0,"mv":4832,"pct":100,"trend":0,"cap_mah":1100,"runtime_min":0,"source":"usb","state":"usb","charging":0,"owner":5,"reason":"boot"}
{"type":"run_sample","seq":2846,"ts_ms":6687,"uptime_s":0,"session":"33e864-6205-3d7a4c1c","owner":5,"pending":4365,"enrich":0,"nets":0,"probes":0,"lora":0,"sg_mode":0,"sg_nodes":0,"wio":0,"wio_proxy":0,"wio_phone":0,"upload":0,"heap_kb":7793,"int_kb":95,"reason":"boot"}
{"type":"fs_audit_summary","seq":2847,"ts_ms":11705,"files":75,"valid":75,"invalid":0,"legacy":0,"tmp":0,"unknown":0,"bytes":1156671,"ms":1468,"done":1}
{"type":"run_sample","seq":2848,"ts_ms":12063,"uptime_s":6,"session":"33e864-6205-3d7a4c1c","owner":5,"pending":4365,"enrich":4368,"nets":0,"probes":0,"lora":0,"sg_mode":0,"sg_nodes":0,"wio":0,"wio_proxy":0,"wio_phone":0,"upload":0,"heap_kb":7787,"int_kb":94,"reason":"pending"}
{"type":"power_sample","seq":2849,"ts_ms":6719,"uptime_s":0,"mv":4822,"pct":100,"trend":0,"cap_mah":1100,"runtime_min":0,"source":"usb","state":"usb","charging":0,"owner":5,"reason":"boot"}
{"type":"run_sample","seq":2850,"ts_ms":6911,"uptime_s":0,"session":"33e864-6383-fddd634a","owner":5,"pending":4365,"enrich":0,"nets":0,"probes":0,"lora":0,"sg_mode":0,"sg_nodes":0,"wio":0,"wio_proxy":0,"wio_phone":0,"upload":0,"heap_kb":7793,"int_kb":95,"reason":"boot"}
{"type":"fs_audit_summary","seq":2851,"ts_ms":11807,"files":76,"valid":76,"invalid":0,"legacy":0,"tmp":0,"unknown":0,"bytes":1158065,"ms":1431,"done":1}
{"type":"run_sample","seq":2852,"ts_ms":12178,"uptime_s":7,"session":"33e864-6383-fddd634a","owner":5,"pending":4365,"enrich":4368,"nets":0,"probes":0,"lora":0,"sg_mode":0,"sg_nodes":0,"wio":0,"wio_proxy":0,"wio_phone":0,"upload":0,"heap_kb":7787,"int_kb":93,"reason":"pending"}
{"type":"run_sample","seq":2853,"ts_ms":72179,"uptime_s":72,"session":"33e864-6383-fddd634a","owner":1,"pending":4377,"enrich":4380,"nets":5,"probes":47,"lora":0,"sg_mode":0,"sg_nodes":0,"wio":0,"wio_proxy":0,"wio_phone":0,"upload":0,"heap_kb":7686,"int_kb":41,"reason":"owner"}
{"type":"power_sample","seq":2854,"ts_ms":6675,"uptime_s":0,"mv":4864,"pct":100,"trend":0,"cap_mah":1100,"runtime_min":0,"source":"usb","state":"usb","charging":0,"owner":5,"reason":"boot"}
{"type":"run_sample","seq":2855,"ts_ms":6860,"uptime_s":0,"session":"33e864-6327-5624f070","owner":5,"pending":4365,"enrich":0,"nets":0,"probes":0,"lora":0,"sg_mode":0,"sg_nodes":0,"wio":0,"wio_proxy":0,"wio_phone":0,"upload":0,"heap_kb":7793,"int_kb":95,"reason":"boot"}
{"type":"fs_audit_summary","seq":2856,"ts_ms":11801,"files":77,"valid":77,"invalid":0,"legacy":0,"tmp":0,"unknown":0,"bytes":1159738,"ms":1619,"done":1}
{"type":"run_sample","seq":2857,"ts_ms":12175,"uptime_s":6,"session":"33e864-6327-5624f070","owner":5,"pending":4365,"enrich":4368,"nets":0,"probes":0,"lora":0,"sg_mode":0,"sg_nodes":0,"wio":0,"wio_proxy":0,"wio_phone":0,"upload":0,"heap_kb":7787,"int_kb":93,"reason":"pending"}
{"type":"run_sample","seq":2858,"ts_ms":72174,"uptime_s":72,"session":"33e864-6327-5624f070","owner":7,"pending":4370,"enrich":4373,"nets":2,"probes":13,"lora":0,"sg_mode":0,"sg_nodes":0,"wio":0,"wio_proxy":0,"wio_phone":0,"upload":0,"heap_kb":7644,"int_kb":5,"reason":"owner"}
{"type":"power_sample","seq":2859,"ts_ms":6942,"uptime_s":0,"mv":4842,"pct":100,"trend":0,"cap_mah":1100,"runtime_min":0,"source":"usb","state":"usb","charging":0,"owner":5,"reason":"boot"}
{"type":"run_sample","seq":2860,"ts_ms":7141,"uptime_s":0,"session":"33e864-6566-6bcb6838","owner":5,"pending":4365,"enrich":0,"nets":0,"probes":0,"lora":0,"sg_mode":0,"sg_nodes":0,"wio":0,"wio_proxy":0,"wio_phone":0,"upload":0,"heap_kb":7793,"int_kb":95,"reason":"boot"}
{"type":"fs_audit_summary","seq":2861,"ts_ms":12423,"files":78,"valid":78,"invalid":0,"legacy":0,"tmp":0,"unknown":0,"bytes":1163457,"ms":1525,"done":1}
{"type":"run_sample","seq":2862,"ts_ms":12793,"uptime_s":7,"session":"33e864-6566-6bcb6838","owner":5,"pending":4365,"enrich":4368,"nets":0,"probes":0,"lora":0,"sg_mode":0,"sg_nodes":0,"wio":0,"wio_proxy":0,"wio_phone":0,"upload":0,"heap_kb":7787,"int_kb":93,"reason":"pending"}
{"type":"run_sample","seq":2863,"ts_ms":72795,"uptime_s":72,"session":"33e864-6566-6bcb6838","owner":7,"pending":4372,"enrich":4375,"nets":3,"probes":19,"lora":0,"sg_mode":0,"sg_nodes":0,"wio":0,"wio_proxy":0,"wio_phone":0,"upload":0,"heap_kb":7644,"int_kb":6,"reason":"owner"}
{"type":"power_sample","seq":2864,"ts_ms":6508,"uptime_s":0,"mv":4850,"pct":100,"trend":0,"cap_mah":1100,"runtime_min":0,"source":"usb","state":"usb","charging":0,"owner":5,"reason":"boot"}
{"type":"run_sample","seq":2865,"ts_ms":6664,"uptime_s":0,"session":"33e864-6157-9cd578d0","owner":5,"pending":4365,"enrich":0,"nets":0,"probes":0,"lora":0,"sg_mode":0,"sg_nodes":0,"wio":0,"wio_proxy":0,"wio_phone":0,"upload":0,"heap_kb":7793,"int_kb":95,"reason":"boot"}
{"type":"fs_audit_summary","seq":2866,"ts_ms":11258,"files":79,"valid":79,"invalid":0,"legacy":0,"tmp":0,"unknown":0,"bytes":1167176,"ms":1418,"done":1}
{"type":"run_sample","seq":2867,"ts_ms":11613,"uptime_s":6,"session":"33e864-6157-9cd578d0","owner":5,"pending":4365,"enrich":4368,"nets":0,"probes":0,"lora":0,"sg_mode":0,"sg_nodes":0,"wio":0,"wio_proxy":0,"wio_phone":0,"upload":0,"heap_kb":7787,"int_kb":93,"reason":"pending"}
{"type":"run_sample","seq":2868,"ts_ms":71612,"uptime_s":71,"session":"33e864-6157-9cd578d0","owner":1,"pending":4374,"enrich":4377,"nets":4,"probes":28,"lora":0,"sg_mode":0,"sg_nodes":0,"wio":0,"wio_proxy":0,"wio_phone":0,"upload":0,"heap_kb":7686,"int_kb":41,"reason":"owner"}
{"type":"power_sample","seq":2869,"ts_ms":7037,"uptime_s":0,"mv":4794,"pct":100,"trend":0,"cap_mah":1100,"runtime_min":0,"source":"usb","state":"usb","charging":0,"owner":1,"reason":"boot"}
{"type":"run_sample","seq":2870,"ts_ms":7216,"uptime_s":0,"session":"33e864-6570-5dfa6a9e","owner":1,"pending":4376,"enrich":0,"nets":0,"probes":0,"lora":0,"sg_mode":0,"sg_nodes":0,"wio":0,"wio_proxy":0,"wio_phone":0,"upload":0,"heap_kb":7741,"int_kb":47,"reason":"boot"}
{"type":"run_sample","seq":2871,"ts_ms":12731,"uptime_s":12,"session":"33e864-6570-5dfa6a9e","owner":1,"pending":4378,"enrich":4381,"nets":1,"probes":2,"lora":0,"sg_mode":0,"sg_nodes":0,"wio":0,"wio_proxy":0,"wio_phone":0,"upload":0,"heap_kb":7735,"int_kb":42,"reason":"pending"}
{"type":"run_sample","seq":2872,"ts_ms":72731,"uptime_s":72,"session":"33e864-6570-5dfa6a9e","owner":7,"pending":4381,"enrich":4384,"nets":2,"probes":6,"lora":0,"sg_mode":0,"sg_nodes":0,"wio":0,"wio_proxy":0,"wio_phone":0,"upload":0,"heap_kb":7646,"int_kb":7,"reason":"owner"}
{"type":"power_sample","seq":2873,"ts_ms":6919,"uptime_s":0,"mv":4638,"pct":100,"trend":0,"cap_mah":1100,"runtime_min":0,"source":"usb","state":"usb","charging":0,"owner":5,"reason":"boot"}
{"type":"run_sample","seq":2874,"ts_ms":7119,"uptime_s":0,"session":"33e864-6539-c6a581ea","owner":5,"pending":4376,"enrich":0,"nets":0,"probes":0,"lora":0,"sg_mode":0,"sg_nodes":0,"wio":0,"wio_proxy":0,"wio_phone":0,"upload":0,"heap_kb":7793,"int_kb":95,"reason":"boot"}
{"type":"fs_audit_summary","seq":2875,"ts_ms":12224,"files":81,"valid":81,"invalid":0,"legacy":0,"tmp":0,"unknown":0,"bytes":1174957,"ms":1448,"done":1}
{"type":"run_sample","seq":2876,"ts_ms":12573,"uptime_s":7,"session":"33e864-6539-c6a581ea","owner":5,"pending":4376,"enrich":4379,"nets":0,"probes":0,"lora":0,"sg_mode":0,"sg_nodes":0,"wio":0,"wio_proxy":0,"wio_phone":0,"upload":0,"heap_kb":7786,"int_kb":93,"reason":"pending"}
{"type":"run_sample","seq":2877,"ts_ms":72574,"uptime_s":72,"session":"33e864-6539-c6a581ea","owner":1,"pending":4381,"enrich":4384,"nets":2,"probes":19,"lora":0,"sg_mode":0,"sg_nodes":0,"wio":0,"wio_proxy":0,"wio_phone":0,"upload":0,"heap_kb":7686,"int_kb":41,"reason":"owner"}
{"type":"power_sample","seq":2878,"ts_ms":7264,"uptime_s":0,"mv":4760,"pct":100,"trend":0,"cap_mah":1100,"runtime_min":0,"source":"usb","state":"usb","charging":0,"owner":1,"reason":"boot"}
{"type":"run_sample","seq":2879,"ts_ms":7465,"uptime_s":0,"session":"33e864-6759-0a3d6f9e","owner":1,"pending":4387,"enrich":0,"nets":0,"probes":0,"lora":0,"sg_mode":0,"sg_nodes":0,"wio":0,"wio_proxy":0,"wio_phone":0,"upload":0,"heap_kb":7741,"int_kb":47,"reason":"boot"}
{"type":"run_sample","seq":2880,"ts_ms":7997,"uptime_s":7,"session":"33e864-6759-0a3d6f9e","owner":1,"pending":4387,"enrich":4390,"nets":3,"probes":0,"lora":0,"sg_mode":0,"sg_nodes":0,"wio":0,"wio_proxy":0,"wio_phone":0,"upload":0,"heap_kb":7741,"int_kb":47,"reason":"pending"}
{"type":"power_sample","seq":2881,"ts_ms":7134,"uptime_s":0,"mv":4808,"pct":100,"trend":0,"cap_mah":1100,"runtime_min":0,"source":"usb","state":"usb","charging":0,"owner":5,"reason":"boot"}
{"type":"run_sample","seq":2882,"ts_ms":7346,"uptime_s":0,"session":"33e864-6719-fb1f4e62","owner":5,"pending":4387,"enrich":0,"nets":0,"probes":0,"lora":0,"sg_mode":0,"sg_nodes":0,"wio":0,"wio_proxy":0,"wio_phone":0,"upload":0,"heap_kb":7792,"int_kb":94,"reason":"boot"}
{"type":"fs_audit_summary","seq":2883,"ts_ms":12933,"files":83,"valid":83,"invalid":0,"legacy":0,"tmp":0,"unknown":0,"bytes":1180412,"ms":1692,"done":1}
{"type":"run_sample","seq":2884,"ts_ms":13299,"uptime_s":7,"session":"33e864-6719-fb1f4e62","owner":5,"pending":4387,"enrich":4390,"nets":0,"probes":0,"lora":0,"sg_mode":0,"sg_nodes":0,"wio":0,"wio_proxy":0,"wio_phone":0,"upload":0,"heap_kb":7786,"int_kb":93,"reason":"pending"}
{"type":"run_sample","seq":2885,"ts_ms":73302,"uptime_s":73,"session":"33e864-6719-fb1f4e62","owner":7,"pending":4396,"enrich":4399,"nets":4,"probes":20,"lora":0,"sg_mode":0,"sg_nodes":0,"wio":0,"wio_proxy":0,"wio_phone":0,"upload":0,"heap_kb":7644,"int_kb":5,"reason":"owner"}
{"type":"power_sample","seq":2886,"ts_ms":7135,"uptime_s":0,"mv":4812,"pct":100,"trend":0,"cap_mah":1100,"runtime_min":0,"source":"usb","state":"usb","charging":0,"owner":5,"reason":"boot"}
{"type":"run_sample","seq":2887,"ts_ms":7319,"uptime_s":0,"session":"33e864-6704-ddc06d74","owner":5,"pending":4387,"enrich":0,"nets":0,"probes":0,"lora":0,"sg_mode":0,"sg_nodes":0,"wio":0,"wio_proxy":0,"wio_phone":0,"upload":0,"heap_kb":7792,"int_kb":94,"reason":"boot"}
{"type":"fs_audit_summary","seq":2888,"ts_ms":12811,"files":84,"valid":84,"invalid":0,"legacy":0,"tmp":0,"unknown":0,"bytes":1184131,"ms":1433,"done":1}
{"type":"run_sample","seq":2889,"ts_ms":13191,"uptime_s":7,"session":"33e864-6704-ddc06d74","owner":5,"pending":4387,"enrich":4390,"nets":0,"probes":0,"lora":0,"sg_mode":0,"sg_nodes":0,"wio":0,"wio_proxy":0,"wio_phone":0,"upload":0,"heap_kb":7786,"int_kb":93,"reason":"pending"}
{"type":"run_sample","seq":2890,"ts_ms":73190,"uptime_s":73,"session":"33e864-6704-ddc06d74","owner":1,"pending":4394,"enrich":4397,"nets":3,"probes":19,"lora":0,"sg_mode":0,"sg_nodes":0,"wio":0,"wio_proxy":0,"wio_phone":0,"upload":0,"heap_kb":7681,"int_kb":41,"reason":"owner"}
{"type":"run_sample","seq":2891,"ts_ms":373190,"uptime_s":373,"session":"33e864-6704-ddc06d74","owner":1,"pending":4402,"enrich":4405,"nets":6,"probes":166,"lora":0,"sg_mode":0,"sg_nodes":0,"wio":0,"wio_proxy":0,"wio_phone":0,"upload":0,"heap_kb":7680,"int_kb":41,"reason":"interval"}
{"type":"run_sample","seq":2892,"ts_ms":673196,"uptime_s":673,"session":"33e864-6704-ddc06d74","owner":1,"pending":4404,"enrich":4407,"nets":7,"probes":291,"lora":0,"sg_mode":0,"sg_nodes":0,"wio":0,"wio_proxy":0,"wio_phone":0,"upload":0,"heap_kb":7680,"int_kb":40,"reason":"interval"}
{"type":"power_sample","seq":2893,"ts_ms":906886,"uptime_s":906,"mv":4846,"pct":100,"trend":-1,"cap_mah":1100,"runtime_min":0,"source":"usb","state":"usb","charging":0,"owner":1,"reason":"interval"}
{"type":"run_sample","seq":2894,"ts_ms":973199,"uptime_s":973,"session":"33e864-6704-ddc06d74","owner":1,"pending":4404,"enrich":4407,"nets":7,"probes":456,"lora":0,"sg_mode":0,"sg_nodes":0,"wio":0,"wio_proxy":0,"wio_phone":0,"upload":0,"heap_kb":7679,"int_kb":40,"reason":"interval"}
{"type":"run_sample","seq":2895,"ts_ms":1273204,"uptime_s":1273,"session":"33e864-6704-ddc06d74","owner":1,"pending":4408,"enrich":4411,"nets":9,"probes":624,"lora":0,"sg_mode":0,"sg_nodes":0,"wio":0,"wio_proxy":0,"wio_phone":0,"upload":0,"heap_kb":7679,"int_kb":40,"reason":"interval"}
{"type":"power_sample","seq":2896,"ts_ms":7428,"uptime_s":0,"mv":4632,"pct":100,"trend":0,"cap_mah":1100,"runtime_min":0,"source":"usb","state":"usb","charging":0,"owner":1,"reason":"boot"}
{"type":"run_sample","seq":2897,"ts_ms":7638,"uptime_s":0,"session":"33e864-6855-854533af","owner":1,"pending":4412,"enrich":0,"nets":0,"probes":0,"lora":0,"sg_mode":0,"sg_nodes":0,"wio":0,"wio_proxy":0,"wio_phone":0,"upload":0,"heap_kb":7735,"int_kb":47,"reason":"boot"}
{"type":"run_sample","seq":2898,"ts_ms":8181,"uptime_s":7,"session":"33e864-6855-854533af","owner":1,"pending":4412,"enrich":4415,"nets":3,"probes":0,"lora":0,"sg_mode":0,"sg_nodes":0,"wio":0,"wio_proxy":0,"wio_phone":0,"upload":0,"heap_kb":7735,"int_kb":47,"reason":"pending"}
{"type":"run_sample","seq":2899,"ts_ms":68179,"uptime_s":68,"session":"33e864-6855-854533af","owner":7,"pending":4417,"enrich":4420,"nets":2,"probes":17,"lora":0,"sg_mode":0,"sg_nodes":0,"wio":0,"wio_proxy":0,"wio_phone":0,"upload":0,"heap_kb":7641,"int_kb":7,"reason":"owner"}
{"type":"power_sample","seq":2900,"ts_ms":7300,"uptime_s":0,"mv":4678,"pct":100,"trend":0,"cap_mah":1100,"runtime_min":0,"source":"usb","state":"usb","charging":0,"owner":5,"reason":"boot"}
{"type":"run_sample","seq":2901,"ts_ms":7613,"uptime_s":0,"session":"33e864-6815-87d710e4","owner":5,"pending":4412,"enrich":0,"nets":0,"probes":0,"lora":0,"sg_mode":0,"sg_nodes":0,"wio":0,"wio_proxy":0,"wio_phone":0,"upload":0,"heap_kb":7787,"int_kb":94,"reason":"boot"}
{"type":"fs_audit_summary","seq":2902,"ts_ms":13218,"files":86,"valid":86,"invalid":0,"legacy":0,"tmp":0,"unknown":0,"bytes":1194339,"ms":1720,"done":1}
{"type":"run_sample","seq":2903,"ts_ms":13598,"uptime_s":7,"session":"33e864-6815-87d710e4","owner":5,"pending":4412,"enrich":4415,"nets":0,"probes":0,"lora":0,"sg_mode":0,"sg_nodes":0,"wio":0,"wio_proxy":0,"wio_phone":0,"upload":0,"heap_kb":7780,"int_kb":93,"reason":"pending"}
{"type":"run_sample","seq":2904,"ts_ms":73601,"uptime_s":73,"session":"33e864-6815-87d710e4","owner":1,"pending":4417,"enrich":4420,"nets":2,"probes":7,"lora":0,"sg_mode":0,"sg_nodes":0,"wio":0,"wio_proxy":0,"wio_phone":0,"upload":0,"heap_kb":7680,"int_kb":41,"reason":"owner"}
{"type":"power_sample","seq":2905,"ts_ms":7190,"uptime_s":0,"mv":4638,"pct":100,"trend":0,"cap_mah":1100,"runtime_min":0,"source":"usb","state":"usb","charging":0,"owner":1,"reason":"boot"}
{"type":"run_sample","seq":2906,"ts_ms":7363,"uptime_s":0,"session":"33e864-6653-a281db97","owner":1,"pending":4422,"enrich":0,"nets":0,"probes":0,"lora":0,"sg_mode":0,"sg_nodes":0,"wio":0,"wio_proxy":0,"wio_phone":0,"upload":0,"heap_kb":7735,"int_kb":47,"reason":"boot"}
{"type":"run_sample","seq":2907,"ts_ms":7787,"uptime_s":7,"session":"33e864-6653-a281db97","owner":1,"pending":4422,"enrich":4425,"nets":3,"probes":0,"lora":0,"sg_mode":0,"sg_nodes":0,"wio":0,"wio_proxy":0,"wio_phone":0,"upload":0,"heap_kb":7735,"int_kb":47,"reason":"pending"}
{"type":"run_sample","seq":2908,"ts_ms":67791,"uptime_s":67,"session":"33e864-6653-a281db97","owner":7,"pending":4427,"enrich":4430,"nets":2,"probes":6,"lora":0,"sg_mode":0,"sg_nodes":0,"wio":0,"wio_proxy":0,"wio_phone":0,"upload":0,"heap_kb":7641,"int_kb":7,"reason":"owner"}
{"type":"power_sample","seq":2909,"ts_ms":7000,"uptime_s":0,"mv":4682,"pct":100,"trend":0,"cap_mah":1100,"runtime_min":0,"source":"usb","state":"usb","charging":0,"owner":5,"reason":"boot"}
{"type":"run_sample","seq":2910,"ts_ms":7163,"uptime_s":0,"session":"33e864-6549-6d7f8253","owner":5,"pending":4422,"enrich":0,"nets":0,"probes":0,"lora":0,"sg_mode":0,"sg_nodes":0,"wio":0,"wio_proxy":0,"wio_phone":0,"upload":0,"heap_kb":7787,"int_kb":94,"reason":"boot"}
{"type":"fs_audit_summary","seq":2911,"ts_ms":12522,"files":88,"valid":88,"invalid":0,"legacy":0,"tmp":0,"unknown":0,"bytes":1201901,"ms":1455,"done":1}
{"type":"run_sample","seq":2912,"ts_ms":12866,"uptime_s":7,"session":"33e864-6549-6d7f8253","owner":5,"pending":4422,"enrich":4425,"nets":0,"probes":0,"lora":0,"sg_mode":0,"sg_nodes":0,"wio":0,"wio_proxy":0,"wio_phone":0,"upload":0,"heap_kb":7780,"int_kb":93,"reason":"pending"}
{"type":"run_sample","seq":2913,"ts_ms":72864,"uptime_s":72,"session":"33e864-6549-6d7f8253","owner":1,"pending":4429,"enrich":4432,"nets":3,"probes":23,"lora":0,"sg_mode":0,"sg_nodes":0,"wio":0,"wio_proxy":0,"wio_phone":0,"upload":0,"heap_kb":7680,"int_kb":41,"reason":"owner"}
{"type":"power_sample","seq":2914,"ts_ms":7328,"uptime_s":0,"mv":4632,"pct":100,"trend":0,"cap_mah":1100,"runtime_min":0,"source":"usb","state":"usb","charging":0,"owner":1,"reason":"boot"}
{"type":"run_sample","seq":2915,"ts_ms":7515,"uptime_s":0,"session":"33e864-6748-9247b965","owner":1,"pending":4431,"enrich":0,"nets":0,"probes":0,"lora":0,"sg_mode":0,"sg_nodes":0,"wio":0,"wio_proxy":0,"wio_phone":0,"upload":0,"heap_kb":7735,"int_kb":47,"reason":"boot"}
{"type":"run_sample","seq":2916,"ts_ms":7975,"uptime_s":7,"session":"33e864-6748-9247b965","owner":1,"pending":4431,"enrich":4434,"nets":3,"probes":0,"lora":0,"sg_mode":0,"sg_nodes":0,"wio":0,"wio_proxy":0,"wio_phone":0,"upload":0,"heap_kb":7735,"int_kb":47,"reason":"pending"}
{"type":"power_sample","seq":2917,"ts_ms":7186,"uptime_s":0,"mv":4658,"pct":100,"trend":0,"cap_mah":1100,"runtime_min":0,"source":"usb","state":"usb","charging":0,"owner":5,"reason":"boot"}
{"type":"run_sample","seq":2918,"ts_ms":7369,"uptime_s":0,"session":"33e864-6708-9db7742a","owner":5,"pending":4431,"enrich":0,"nets":0,"probes":0,"lora":0,"sg_mode":0,"sg_nodes":0,"wio":0,"wio_proxy":0,"wio_phone":0,"upload":0,"heap_kb":7787,"int_kb":94,"reason":"boot"}
{"type":"fs_audit_summary","seq":2919,"ts_ms":12840,"files":90,"valid":90,"invalid":0,"legacy":0,"tmp":0,"unknown":0,"bytes":1206903,"ms":1537,"done":1}
{"type":"run_sample","seq":2920,"ts_ms":13195,"uptime_s":7,"session":"33e864-6708-9db7742a","owner":5,"pending":4431,"enrich":4434,"nets":0,"probes":0,"lora":0,"sg_mode":0,"sg_nodes":0,"wio":0,"wio_proxy":0,"wio_phone":0,"upload":0,"heap_kb":7780,"int_kb":93,"reason":"pending"}
{"type":"power_sample","seq":2921,"ts_ms":7474,"uptime_s":0,"mv":4632,"pct":100,"trend":0,"cap_mah":1100,"runtime_min":0,"source":"usb","state":"usb","charging":0,"owner":1,"reason":"boot"}
{"type":"run_sample","seq":2922,"ts_ms":7658,"uptime_s":0,"session":"33e864-6869-0b593a5a","owner":1,"pending":4431,"enrich":0,"nets":0,"probes":0,"lora":0,"sg_mode":0,"sg_nodes":0,"wio":0,"wio_proxy":0,"wio_phone":0,"upload":0,"heap_kb":7735,"int_kb":47,"reason":"boot"}
{"type":"run_sample","seq":2923,"ts_ms":8113,"uptime_s":7,"session":"33e864-6869-0b593a5a","owner":1,"pending":4431,"enrich":4434,"nets":3,"probes":0,"lora":0,"sg_mode":0,"sg_nodes":0,"wio":0,"wio_proxy":0,"wio_phone":0,"upload":0,"heap_kb":7735,"int_kb":47,"reason":"pending"}
{"type":"run_sample","seq":2924,"ts_ms":68116,"uptime_s":68,"session":"33e864-6869-0b593a5a","owner":7,"pending":4436,"enrich":4439,"nets":2,"probes":8,"lora":0,"sg_mode":0,"sg_nodes":0,"wio":0,"wio_proxy":0,"wio_phone":0,"upload":0,"heap_kb":7641,"int_kb":7,"reason":"owner"}
{"type":"power_sample","seq":2925,"ts_ms":7191,"uptime_s":0,"mv":4666,"pct":100,"trend":0,"cap_mah":1100,"runtime_min":0,"source":"usb","state":"usb","charging":0,"owner":5,"reason":"boot"}
{"type":"run_sample","seq":2926,"ts_ms":7374,"uptime_s":0,"session":"33e864-6673-008e729c","owner":5,"pending":4431,"enrich":0,"nets":0,"probes":0,"lora":0,"sg_mode":0,"sg_nodes":0,"wio":0,"wio_proxy":0,"wio_phone":0,"upload":0,"heap_kb":7787,"int_kb":94,"reason":"boot"}
{"type":"fs_audit_summary","seq":2927,"ts_ms":12982,"files":91,"valid":91,"invalid":0,"legacy":0,"tmp":0,"unknown":0,"bytes":1209314,"ms":1803,"done":1}
{"type":"run_sample","seq":2928,"ts_ms":13344,"uptime_s":7,"session":"33e864-6673-008e729c","owner":5,"pending":4431,"enrich":4434,"nets":0,"probes":0,"lora":0,"sg_mode":0,"sg_nodes":0,"wio":0,"wio_proxy":0,"wio_phone":0,"upload":0,"heap_kb":7780,"int_kb":93,"reason":"pending"}
{"type":"power_sample","seq":2929,"ts_ms":7942,"uptime_s":0,"mv":4628,"pct":100,"trend":0,"cap_mah":1100,"runtime_min":0,"source":"usb","state":"usb","charging":0,"owner":1,"reason":"boot"}
{"type":"run_sample","seq":2930,"ts_ms":8143,"uptime_s":0,"session":"33e864-7305-86af62d6","owner":1,"pending":4431,"enrich":0,"nets":0,"probes":0,"lora":0,"sg_mode":0,"sg_nodes":0,"wio":0,"wio_proxy":0,"wio_phone":0,"upload":0,"heap_kb":7735,"int_kb":47,"reason":"boot"}
{"type":"run_sample","seq":2931,"ts_ms":8660,"uptime_s":8,"session":"33e864-7305-86af62d6","owner":1,"pending":4431,"enrich":4434,"nets":3,"probes":0,"lora":0,"sg_mode":0,"sg_nodes":0,"wio":0,"wio_proxy":0,"wio_phone":0,"upload":0,"heap_kb":7735,"int_kb":47,"reason":"pending"}
{"type":"power_sample","seq":2932,"ts_ms":8008,"uptime_s":0,"mv":4628,"pct":100,"trend":0,"cap_mah":1100,"runtime_min":0,"source":"usb","state":"usb","charging":0,"owner":1,"reason":"boot"}
{"type":"run_sample","seq":2933,"ts_ms":8299,"uptime_s":0,"session":"33e864-7303-180f5f5d","owner":1,"pending":4431,"enrich":0,"nets":0,"probes":0,"lora":0,"sg_mode":0,"sg_nodes":0,"wio":0,"wio_proxy":0,"wio_phone":0,"upload":0,"heap_kb":7735,"int_kb":47,"reason":"boot"}
{"type":"run_sample","seq":2934,"ts_ms":8801,"uptime_s":8,"session":"33e864-7303-180f5f5d","owner":1,"pending":4431,"enrich":4434,"nets":3,"probes":0,"lora":0,"sg_mode":0,"sg_nodes":0,"wio":0,"wio_proxy":0,"wio_phone":0,"upload":0,"heap_kb":7735,"int_kb":47,"reason":"pending"}
{"type":"power_sample","seq":2935,"ts_ms":7330,"uptime_s":0,"mv":4614,"pct":100,"trend":0,"cap_mah":1100,"runtime_min":0,"source":"usb","state":"usb","charging":0,"owner":1,"reason":"boot"}
{"type":"run_sample","seq":2936,"ts_ms":7501,"uptime_s":0,"session":"33e864-6682-f2d572a6","owner":1,"pending":4442,"enrich":0,"nets":0,"probes":0,"lora":0,"sg_mode":0,"sg_nodes":0,"wio":0,"wio_proxy":0,"wio_phone":0,"upload":0,"heap_kb":7735,"int_kb":47,"reason":"boot"}
{"type":"run_sample","seq":2937,"ts_ms":7899,"uptime_s":7,"session":"33e864-6682-f2d572a6","owner":1,"pending":4442,"enrich":4445,"nets":3,"probes":0,"lora":0,"sg_mode":0,"sg_nodes":0,"wio":0,"wio_proxy":0,"wio_phone":0,"upload":0,"heap_kb":7735,"int_kb":47,"reason":"pending"}
{"type":"power_sample","seq":2938,"ts_ms":7482,"uptime_s":0,"mv":4646,"pct":100,"trend":0,"cap_mah":1100,"runtime_min":0,"source":"usb","state":"usb","charging":0,"owner":1,"reason":"boot"}
{"type":"run_sample","seq":2939,"ts_ms":7682,"uptime_s":0,"session":"33e864-6827-f259be51","owner":1,"pending":4449,"enrich":0,"nets":0,"probes":0,"lora":0,"sg_mode":0,"sg_nodes":0,"wio":0,"wio_proxy":0,"wio_phone":0,"upload":0,"heap_kb":7735,"int_kb":47,"reason":"boot"}
{"type":"run_sample","seq":2940,"ts_ms":8148,"uptime_s":7,"session":"33e864-6827-f259be51","owner":1,"pending":4449,"enrich":4452,"nets":3,"probes":0,"lora":0,"sg_mode":0,"sg_nodes":0,"wio":0,"wio_proxy":0,"wio_phone":0,"upload":0,"heap_kb":7735,"int_kb":47,"reason":"pending"}
{"type":"power_sample","seq":2941,"ts_ms":7631,"uptime_s":0,"mv":4648,"pct":100,"trend":0,"cap_mah":1100,"runtime_min":0,"source":"usb","state":"usb","charging":0,"owner":1,"reason":"boot"}
{"type":"run_sample","seq":2942,"ts_ms":7893,"uptime_s":0,"session":"33e864-6966-f51390b5","owner":1,"pending":4458,"enrich":0,"nets":0,"probes":0,"lora":0,"sg_mode":0,"sg_nodes":0,"wio":0,"wio_proxy":0,"wio_phone":0,"upload":0,"heap_kb":7735,"int_kb":47,"reason":"boot"}
{"type":"run_sample","seq":2943,"ts_ms":8384,"uptime_s":7,"session":"33e864-6966-f51390b5","owner":1,"pending":4458,"enrich":4461,"nets":3,"probes":0,"lora":0,"sg_mode":0,"sg_nodes":0,"wio":0,"wio_proxy":0,"wio_phone":0,"upload":0,"heap_kb":7735,"int_kb":47,"reason":"pending"}
{"type":"run_sample","seq":2944,"ts_ms":68391,"uptime_s":68,"session":"33e864-6966-f51390b5","owner":7,"pending":4462,"enrich":4465,"nets":2,"probes":2,"lora":0,"sg_mode":0,"sg_nodes":0,"wio":0,"wio_proxy":0,"wio_phone":0,"upload":0,"heap_kb":7641,"int_kb":7,"reason":"owner"}
{"type":"power_sample","seq":2945,"ts_ms":7506,"uptime_s":0,"mv":4684,"pct":100,"trend":0,"cap_mah":1100,"runtime_min":0,"source":"usb","state":"usb","charging":0,"owner":5,"reason":"boot"}
{"type":"run_sample","seq":2946,"ts_ms":7710,"uptime_s":0,"session":"33e864-6929-39215cc8","owner":5,"pending":4458,"enrich":0,"nets":0,"probes":0,"lora":0,"sg_mode":0,"sg_nodes":0,"wio":0,"wio_proxy":0,"wio_phone":0,"upload":0,"heap_kb":7787,"int_kb":94,"reason":"boot"}
{"type":"fs_audit_summary","seq":2947,"ts_ms":13397,"files":95,"valid":95,"invalid":0,"legacy":0,"tmp":0,"unknown":0,"bytes":1226543,"ms":1766,"done":1}
{"type":"run_sample","seq":2948,"ts_ms":13771,"uptime_s":7,"session":"33e864-6929-39215cc8","owner":5,"pending":4458,"enrich":4461,"nets":0,"probes":0,"lora":0,"sg_mode":0,"sg_nodes":0,"wio":0,"wio_proxy":0,"wio_phone":0,"upload":0,"heap_kb":7779,"int_kb":93,"reason":"pending"}
{"type":"run_sample","seq":2949,"ts_ms":73777,"uptime_s":73,"session":"33e864-6929-39215cc8","owner":1,"pending":4468,"enrich":4471,"nets":4,"probes":20,"lora":0,"sg_mode":0,"sg_nodes":0,"wio":0,"wio_proxy":0,"wio_phone":0,"upload":0,"heap_kb":7680,"int_kb":41,"reason":"owner"}
{"type":"power_sample","seq":2950,"ts_ms":7735,"uptime_s":0,"mv":4656,"pct":100,"trend":0,"cap_mah":1100,"runtime_min":0,"source":"usb","state":"usb","charging":0,"owner":1,"reason":"boot"}
{"type":"run_sample","seq":2951,"ts_ms":7928,"uptime_s":0,"session":"33e864-7044-d3d231ad","owner":1,"pending":4474,"enrich":0,"nets":0,"probes":0,"lora":0,"sg_mode":0,"sg_nodes":0,"wio":0,"wio_proxy":0,"wio_phone":0,"upload":0,"heap_kb":7741,"int_kb":53,"reason":"boot"}
{"type":"run_sample","seq":2952,"ts_ms":8426,"uptime_s":8,"session":"33e864-7044-d3d231ad","owner":1,"pending":4474,"enrich":4477,"nets":3,"probes":0,"lora":0,"sg_mode":0,"sg_nodes":0,"wio":0,"wio_proxy":0,"wio_phone":0,"upload":0,"heap_kb":7741,"int_kb":53,"reason":"pending"}
{"type":"run_sample","seq":2953,"ts_ms":68427,"uptime_s":68,"session":"33e864-7044-d3d231ad","owner":7,"pending":4476,"enrich":4479,"nets":1,"probes":2,"lora":0,"sg_mode":0,"sg_nodes":0,"wio":0,"wio_proxy":0,"wio_phone":0,"upload":0,"heap_kb":7622,"int_kb":15,"reason":"owner"}
{"type":"power_sample","seq":2954,"ts_ms":17247,"uptime_s":0,"mv":4680,"pct":100,"trend":0,"cap_mah":1100,"runtime_min":0,"source":"usb","state":"usb","charging":0,"owner":5,"reason":"boot"}
{"type":"run_sample","seq":2955,"ts_ms":17359,"uptime_s":0,"session":"33e864-16642-05626385","owner":5,"pending":4493,"enrich":3996,"nets":0,"probes":0,"lora":0,"sg_mode":0,"sg_nodes":0,"wio":0,"wio_proxy":0,"wio_phone":0,"upload":0,"heap_kb":7793,"int_kb":100,"reason":"boot"}
{"type":"run_sample","seq":2956,"ts_ms":39694,"uptime_s":38,"session":"33e864-16642-05626385","owner":1,"pending":4493,"enrich":3996,"nets":0,"probes":0,"lora":0,"sg_mode":0,"sg_nodes":0,"wio":0,"wio_proxy":0,"wio_phone":0,"upload":0,"heap_kb":7740,"int_kb":52,"reason":"owner"}
{"type":"run_sample","seq":2957,"ts_ms":99697,"uptime_s":99,"session":"33e864-16642-05626385","owner":1,"pending":4504,"enrich":4064,"nets":5,"probes":42,"lora":0,"sg_mode":0,"sg_nodes":0,"wio":0,"wio_proxy":0,"wio_phone":0,"upload":0,"heap_kb":7685,"int_kb":46,"reason":"pending"}
{"type":"power_sample","seq":2958,"ts_ms":7173,"uptime_s":0,"mv":4684,"pct":100,"trend":0,"cap_mah":1100,"runtime_min":0,"source":"usb","state":"usb","charging":0,"owner":5,"reason":"boot"}
{"type":"run_sample","seq":2959,"ts_ms":7439,"uptime_s":0,"session":"33e864-6554-24378ecb","owner":5,"pending":4504,"enrich":0,"nets":0,"probes":0,"lora":0,"sg_mode":0,"sg_nodes":0,"wio":0,"wio_proxy":0,"wio_phone":0,"upload":0,"heap_kb":7798,"int_kb":100,"reason":"boot"}
{"type":"fs_audit_summary","seq":2960,"ts_ms":11917,"files":76,"valid":76,"invalid":0,"legacy":0,"tmp":0,"unknown":0,"bytes":1233040,"ms":1449,"done":1}
{"type":"run_sample","seq":2961,"ts_ms":12295,"uptime_s":7,"session":"33e864-6554-24378ecb","owner":5,"pending":4504,"enrich":4064,"nets":0,"probes":0,"lora":0,"sg_mode":0,"sg_nodes":0,"wio":0,"wio_proxy":0,"wio_phone":0,"upload":0,"heap_kb":7792,"int_kb":98,"reason":"pending"}
{"type":"run_sample","seq":2962,"ts_ms":72292,"uptime_s":72,"session":"33e864-6554-24378ecb","owner":7,"pending":4487,"enrich":4490,"nets":0,"probes":0,"lora":0,"sg_mode":0,"sg_nodes":0,"wio":0,"wio_proxy":0,"wio_phone":0,"upload":0,"heap_kb":7628,"int_kb":16,"reason":"owner"}
{"type":"power_sample","seq":2963,"ts_ms":7406,"uptime_s":0,"mv":4682,"pct":100,"trend":0,"cap_mah":1100,"runtime_min":0,"source":"usb","state":"usb","charging":0,"owner":5,"reason":"boot"}
{"type":"run_sample","seq":2964,"ts_ms":7569,"uptime_s":0,"session":"33e864-6810-8695a2bc","owner":5,"pending":4487,"enrich":0,"nets":0,"probes":0,"lora":0,"sg_mode":0,"sg_nodes":0,"wio":0,"wio_proxy":0,"wio_phone":0,"upload":0,"heap_kb":7793,"int_kb":100,"reason":"boot"}
{"type":"fs_audit_summary","seq":2965,"ts_ms":14251,"files":89,"valid":89,"invalid":0,"legacy":0,"tmp":0,"unknown":0,"bytes":1264628,"ms":1625,"done":1}
{"type":"run_sample","seq":2966,"ts_ms":14591,"uptime_s":7,"session":"33e864-6810-8695a2bc","owner":5,"pending":4487,"enrich":3735,"nets":0,"probes":0,"lora":0,"sg_mode":0,"sg_nodes":0,"wio":0,"wio_proxy":0,"wio_phone":0,"upload":0,"heap_kb":7786,"int_kb":99,"reason":"pending"}
{"type":"run_sample","seq":2967,"ts_ms":74588,"uptime_s":74,"session":"33e864-6810-8695a2bc","owner":1,"pending":4497,"enrich":4500,"nets":4,"probes":23,"lora":0,"sg_mode":0,"sg_nodes":0,"wio":0,"wio_proxy":0,"wio_phone":0,"upload":0,"heap_kb":7686,"int_kb":47,"reason":"owner"}
{"type":"run_sample","seq":2968,"ts_ms":374596,"uptime_s":374,"session":"33e864-6810-8695a2bc","owner":1,"pending":4499,"enrich":4502,"nets":5,"probes":173,"lora":0,"sg_mode":0,"sg_nodes":0,"wio":0,"wio_proxy":0,"wio_phone":0,"upload":0,"heap_kb":7686,"int_kb":46,"reason":"interval"}
{"type":"power_sample","seq":2969,"ts_ms":7545,"uptime_s":0,"mv":4658,"pct":100,"trend":0,"cap_mah":1100,"runtime_min":0,"source":"usb","state":"usb","charging":0,"owner":1,"reason":"boot"}
{"type":"run_sample","seq":2970,"ts_ms":7740,"uptime_s":0,"session":"33e864-6831-da5596e3","owner":1,"pending":4504,"enrich":0,"nets":0,"probes":0,"lora":0,"sg_mode":0,"sg_nodes":0,"wio":0,"wio_proxy":0,"wio_phone":0,"upload":0,"heap_kb":7741,"int_kb":53,"reason":"boot"}
{"type":"run_sample","seq":2971,"ts_ms":8223,"uptime_s":7,"session":"33e864-6831-da5596e3","owner":1,"pending":4504,"enrich":4507,"nets":3,"probes":0,"lora":0,"sg_mode":0,"sg_nodes":0,"wio":0,"wio_proxy":0,"wio_phone":0,"upload":0,"heap_kb":7741,"int_kb":53,"reason":"pending"}
{"type":"power_sample","seq":2972,"ts_ms":7398,"uptime_s":0,"mv":4694,"pct":100,"trend":0,"cap_mah":1100,"runtime_min":0,"source":"usb","state":"usb","charging":0,"owner":5,"reason":"boot"}
{"type":"run_sample","seq":2973,"ts_ms":7603,"uptime_s":0,"session":"33e864-6775-cb9b0fb8","owner":5,"pending":4504,"enrich":0,"nets":0,"probes":0,"lora":0,"sg_mode":0,"sg_nodes":0,"wio":0,"wio_proxy":0,"wio_phone":0,"upload":0,"heap_kb":7793,"int_kb":100,"reason":"boot"}
{"type":"fs_audit_summary","seq":2974,"ts_ms":15030,"files":91,"valid":91,"invalid":0,"legacy":0,"tmp":0,"unknown":0,"bytes":1275493,"ms":1939,"done":1}
{"type":"run_sample","seq":2975,"ts_ms":15396,"uptime_s":7,"session":"33e864-6775-cb9b0fb8","owner":5,"pending":4504,"enrich":4507,"nets":0,"probes":0,"lora":0,"sg_mode":0,"sg_nodes":0,"wio":0,"wio_proxy":0,"wio_phone":0,"upload":0,"heap_kb":7785,"int_kb":99,"reason":"pending"}
{"type":"run_sample","seq":2976,"ts_ms":75396,"uptime_s":75,"session":"33e864-6775-cb9b0fb8","owner":1,"pending":4511,"enrich":4514,"nets":3,"probes":23,"lora":0,"sg_mode":0,"sg_nodes":0,"wio":0,"wio_proxy":0,"wio_phone":0,"upload":0,"heap_kb":7686,"int_kb":46,"reason":"owner"}
{"type":"power_sample","seq":2977,"ts_ms":7454,"uptime_s":0,"mv":4688,"pct":100,"trend":0,"cap_mah":1100,"runtime_min":0,"source":"usb","state":"usb","charging":0,"owner":5,"reason":"boot"}
{"type":"run_sample","seq":2978,"ts_ms":7652,"uptime_s":0,"session":"33e864-6806-185f449c","owner":5,"pending":4504,"enrich":0,"nets":0,"probes":0,"lora":0,"sg_mode":0,"sg_nodes":0,"wio":0,"wio_proxy":0,"wio_phone":0,"upload":0,"heap_kb":7793,"int_kb":100,"reason":"boot"}
{"type":"fs_audit_summary","seq":2979,"ts_ms":15272,"files":92,"valid":92,"invalid":0,"legacy":0,"tmp":0,"unknown":0,"bytes":1277125,"ms":1920,"done":1}
{"type":"run_sample","seq":2980,"ts_ms":15637,"uptime_s":7,"session":"33e864-6806-185f449c","owner":5,"pending":4504,"enrich":4507,"nets":0,"probes":0,"lora":0,"sg_mode":0,"sg_nodes":0,"wio":0,"wio_proxy":0,"wio_phone":0,"upload":0,"heap_kb":7785,"int_kb":99,"reason":"pending"}
{"type":"run_sample","seq":2981,"ts_ms":75638,"uptime_s":75,"session":"33e864-6806-185f449c","owner":1,"pending":4511,"enrich":4514,"nets":2,"probes":30,"lora":0,"sg_mode":0,"sg_nodes":0,"wio":0,"wio_proxy":0,"wio_phone":0,"upload":0,"heap_kb":7686,"int_kb":47,"reason":"owner"}
{"type":"run_sample","seq":2982,"ts_ms":375644,"uptime_s":375,"session":"33e864-6806-185f449c","owner":1,"pending":4520,"enrich":4523,"nets":5,"probes":247,"lora":0,"sg_mode":0,"sg_nodes":0,"wio":0,"wio_proxy":0,"wio_phone":0,"upload":0,"heap_kb":7685,"int_kb":46,"reason":"interval"}
{"type":"power_sample","seq":2983,"ts_ms":7866,"uptime_s":0,"mv":4662,"pct":100,"trend":0,"cap_mah":1100,"runtime_min":0,"source":"usb","state":"usb","charging":0,"owner":1,"reason":"boot"}
{"type":"run_sample","seq":2984,"ts_ms":8063,"uptime_s":0,"session":"33e864-7097-de74ab05","owner":1,"pending":4523,"enrich":0,"nets":0,"probes":0,"lora":0,"sg_mode":0,"sg_nodes":0,"wio":0,"wio_proxy":0,"wio_phone":0,"upload":0,"heap_kb":7741,"int_kb":53,"reason":"boot"}
{"type":"run_sample","seq":2985,"ts_ms":8551,"uptime_s":8,"session":"33e864-7097-de74ab05","owner":1,"pending":4523,"enrich":4526,"nets":3,"probes":0,"lora":0,"sg_mode":0,"sg_nodes":0,"wio":0,"wio_proxy":0,"wio_phone":0,"upload":0,"heap_kb":7741,"int_kb":53,"reason":"pending"}
[FIELD] --- end live lines=163 ---
[FIELD] dump complete
[FIELD] retained after dump
[18740][I][STORAGE] worker ui refresh serviced uiRefreshServiceCount=3 uiDeferred=14 uiFlush=3 pressure=0 usedPct=19 pending=4528
[18750][W][CORE] TaskHardware loop gap=1346ms owner=WIFI_CAPTURE pendingUpload=4528 maintPending=1 suppressed=1
[23744][I][STORAGE] worker ui refresh serviced uiRefreshServiceCount=4 uiDeferred=18 uiFlush=4 pressure=0 usedPct=19 pending=4528
[28745][I][STORAGE] worker ui refresh serviced uiRefreshServiceCount=5 uiDeferred=24 uiFlush=5 pressure=0 usedPct=19 pending=4530
[30010][I][HEAP] heap free=7686KB min=7681KB largest=7552KB frag=1% internalFree=47KB internalLargest=31KB psramFree=7639KB core=0/0% owner=WIFI_CAPTURE nets=6 pendingUpload=4530 pendingEnrich=4533
[HEALTH] time=2026-08-07 14:02:57 src=ntp
[HEALTH] heap used=738/8424KB free=7686KB min=7681KB largest=7552KB frag=1%
[HEALTH] internal used=185/232KB free=47KB min=41KB largest=31KB
[HEALTH] psram used=553/8192KB free=7639KB largest=7552KB
[HEALTH] stack free_min: core0=17KB/22KB core1=13KB/18KB
[HEALTH] core usage: core0=0% core1=0%
[HEALTH] power=usb state=usb batt=100% 4662mV trend=0mV/min runtime=0min cap=1100mAh charging=0
[HEALTH] radio=WIFI_CAPTURE wifi=0 ble=0 gps=0 nets=6 pendingUpload=4530 pendingEnrich=4533
[HEALTH] subghz=NONE mode=OFF pkts=0 nodes=0
[30013][I][STORAGE] RAMSpool enq=24 cons=24 inflight=0/1024 high=4 pressure=0 drop[full=0 big=0 noise=0 p3Evict=0 p3Drop=0 p2Drop=0 p1Fail=0] free=1024
[30013][I][STORAGE] RAMSpool enqueue probe[ok=21 drop=0] device[ok=3 drop=0]
[30013][I][STORAGE] RAMSpool worker probe[ok=4 sup=17 drop=0 fail=0 slow=0] device[ok=3 sup=0 drop=0 fail=0 slow=0] slowTotal=0 maxMs=0
[30014][I][STORAGE] RAMSpool prioEnq p0=0 p1=0 p2=24 p3=0
[30014][I][STORAGE] RAMSpool lanes p1=0/0 p2=0/3 p3=0/0
[31056][I][STACK] TaskDisplay watermark=13120B min=13120B
[31085][I][STACK] TaskHardware watermark=17160B min=17160B
[34600][I][STORAGE] worker ui refresh serviced uiRefreshServiceCount=6 uiDeferred=26 uiFlush=6 pressure=0 usedPct=19 pending=4532
=== send: companion status ===
companion status
[COMP] enabled=1
[COMP] external accessory=0 bleProxy=0 phoneConnected=0 phone=unknown rssi=0 ageMs=0
[COMP] wio link=idle sx1262=0 textInput=0
[COMP] phone=UNKNOWN work=IDLE
[COMP] bleBegun=0 bleRadio=0 bleState=IDLE
[COMP] ready link=0 gps=0 freshGps=0 ctrl=0 enrich=0
[COMP] bleInitAgeMs=0 scanStartAgeMs=0 disconnReason=0
[COMP] pendingEnrichMission=0 pendingEnrichNoise=4533 pendingEnrichTotal=4533
[COMP] lastProbeAgeMs=0 lastEnrichAgeMs=0
[COMP] radioOwner=wifi_capture
[39600][I][STORAGE] worker ui refresh serviced uiRefreshServiceCount=7 uiDeferred=29 uiFlush=7 pressure=0 usedPct=19 pending=4532
=== send: companion enrich ===
companion enrich
[COMP] manual enrich queued
[40497][I][COMP] Manual enrich request received; probe backoff bypassed
[40498][I][WIFI] Radio paused
[40659][I][WIFI] Radio suspended
[40659][I][BLE] BLE payload buffers in PSRAM bytes=6204
[40736][I][BLE] begin phase=nimble_pre bt=idle/0 heap=78392 largest=31732 stack=17160 devLen=14
[40736][I][BLE] begin phase=nimble_init
[40746][I][BLE] begin phase=nimble_init_ok bt=enabled/2 heap=15356 largest=7412 stack=17160
[40747][I][BLE] BLE SM disabled; app-layer P-256/AES-GCM required
[40748][I][BLE] begin phase=server_ok
[40748][I][BLE] scanner configured legacy=1 active=0 interval=30 window=30 srTimeout=200
[40749][I][BLE] begin phase=scanner_ok
[40749][I][BLE] begin phase=worker_ok
[40749][I][BLE] begin ready
[40750][I][BLE] radio enabled settle=500ms
[40750][I][BLE] companion link requested reason=manual_probe mode=fresh_scan timeout=15s settle=500ms cacheAge=0ms rssi=0
[40755][I][BLE] Phone probe lease granted reason=manual_probe cachedFirst=0 hold=60000ms
[40766][W][CORE] TaskHardware loop gap=270ms owner=BLE_GPS pendingUpload=4532 maintPending=1 suppressed=0
[41360][I][BLE] scan start
[41360][I][BLE] scan start diag=1 deliverDuplicates=1 diagLeft=44390 state=1 window=8000ms weakRecent=0 lastRssi=0
[41390][I][BLE] adv check addr=1c:37:f2:9b:09:f0 addrType=1 targetSvc=0 matchedBy=none rssi=-62
[41391][I][BLE] adv raw name='' addr=1c:37:f2:9b:09:f0 addrType=1 rssi=-62 hasName=0 hasSvc=0 targetSvc=0 rawTargetSvc=0 svcCount=0 matchedBy=none
[41391][I][BLE] adv raw payload len=31 hex=1E FF 06 00 01 09 20 22 3E D1 70 32 53 1E 12 81 47 32 AD 68 B4 6C F0 3A...
[41410][I][BLE] adv check addr=71:b6:46:f1:9c:fb addrType=1 targetSvc=0 matchedBy=none rssi=-66
[41410][I][BLE] adv raw name='' addr=71:b6:46:f1:9c:fb addrType=1 rssi=-66 hasName=0 hasSvc=1 targetSvc=0 rawTargetSvc=0 svcCount=2 matchedBy=none
[41411][I][BLE] adv raw payload len=30 hex=02 01 1A 05 03 0A 18 F3 FE 14 16 F3 FE 51 20 04 00 30 06 20 00 03 00 04...
[41411][I][BLE] adv svc=0x180a
[41493][I][BLE] adv check addr=77:f6:ba:f7:60:c8 addrType=1 targetSvc=1 matchedBy=service rssi=-63
[41494][I][BLE] adv raw name='' addr=77:f6:ba:f7:60:c8 addrType=1 rssi=-63 hasName=0 hasSvc=1 targetSvc=1 rawTargetSvc=1 svcCount=1 matchedBy=service
[41494][I][BLE] adv raw payload len=21 hex=02 01 02 11 07 01 00 3A 6F 2D 6B 64 9A 4D 4D 7B 6D 80 3A F0 84
[41495][I][BLE] adv svc=84f03a80-6d7b-4d4d-9a64-6b2d6f3a0001
[41495][I][BLE] target found matchedBy=service cachePeer=0 addr=77:f6:ba:f7:60:c8 name=SpectrePhone rssi=-63
[41496][I][BLE] adv check addr=77:f6:ba:f7:60:c8 addrType=1 targetSvc=1 matchedBy=service rssi=-63
[41496][I][BLE] adv raw name='' addr=77:f6:ba:f7:60:c8 addrType=1 rssi=-63 hasName=0 hasSvc=1 targetSvc=1 rawTargetSvc=1 svcCount=1 matchedBy=service
[41497][I][BLE] adv raw payload len=21 hex=02 01 02 11 07 01 00 3A 6F 2D 6B 64 9A 4D 4D 7B 6D 80 3A F0 84
[41498][I][BLE] adv svc=84f03a80-6d7b-4d4d-9a64-6b2d6f3a0001
[41498][I][BLE] target found matchedBy=service cachePeer=0 addr=77:f6:ba:f7:60:c8 name=SpectrePhone rssi=-63
[41499][I][BLE] adv check addr=1c:37:f2:9b:09:f0 addrType=1 targetSvc=0 matchedBy=none rssi=-67
[41499][I][BLE] adv raw name='' addr=1c:37:f2:9b:09:f0 addrType=1 rssi=-67 hasName=0 hasSvc=0 targetSvc=0 rawTargetSvc=0 svcCount=0 matchedBy=none
[41500][I][BLE] adv raw payload len=31 hex=1E FF 06 00 01 09 20 22 3E D1 70 32 53 1E 12 81 47 32 AD 68 B4 6C F0 3A...
[41513][I][BLE] scan stop; connect pending addr=77:f6:ba:f7:60:c8
[41813][I][BLE] connect pending settled addr=77:f6:ba:f7:60:c8
[41814][I][BLE] connect attempt addr=77:f6:ba:f7:60:c8 name=SpectrePhone
[41814][I][BLE] connect params timeoutMs=45000 scanItvl=16 scanWin=16 addrType=1
[41999][I][BLE] connect result ok=1 err=0 addr=77:f6:ba:f7:60:c8
[41999][I][BLE] BLE link connected; starting app-layer auth watchdog=50000ms
[42000][I][BLE] remote service lookup begin core=1 internalFree=13628 largest=7156
[42058][I][BLE] remote service lookup end found=1 err=0
[42058][I][BLE] remote characteristic discovery begin
[42237][I][BLE] remote characteristic discovery end count=13 err=0
[42298][I][BLE] remote descriptor discovery char=auth count=2 err=0
[42298][I][BLE] auth notify subscribe begin
[42357][I][BLE] auth notify subscribe end ok=1 err=0
[42629][I][BLE] auth challenge write bytes=163 mtu=247 attPayload=244 mode=response
[43646][I][BLE] app secure session ready alg=P-256+ECDH+AES-256-GCM
[43647][I][BLE] phone auth confirmed; caching peer addr=77:f6:ba:f7:60:c8 ttl=300000ms rssi=-63
[43708][I][BLE] remote descriptor discovery char=enrichment count=2 err=0
[43948][I][BLE] remote bound gps=1 ctrl=1 meta=1 batch=1 enrich=1 auth=1 authReq=1 storage=1 cmdReq=1 cmdResp=1 logStream=1 dashStream=1 notification=1 notify(gps=0 ctrl=0 enrich=1 auth=1 cmdReq=0) mtu=247 a
[43948][I][BLE] probe_summary seen=1 matchedBy=service rssi=-63 scanMs=2288
[43949][I][BLE] phone_session_summary auth=ok mtu=247 gps=1 ctrl=1 enrich=1 storage=1
[44007][I][BLE] storage snapshot sent pendingUp=0/4532 pendingEnrich=0/4535 usedPct=19
[44012][I][BLE] Phone probe succeeded ??? backoff reset
[44016][I][BLE] Phone probe promoted to enrichment pendingEnrich=4535 maxBatch=18
[44016][I][STORAGE] RAMSpool worker paused inflight=0 lastInflight=0
[44017][I][STORAGE] Exclusive window begin kind=enrichment reason=manual_enrich_window workerPaused=1 displaySuspended=1
[44018][I][STORAGE] prepare_assigned records=1024 freeInternal=10536 freePsram=7789272
[44018][I][STORAGE] batch_load_ids_enter freeInternal=10536 segments=74
[44019][I][STORAGE] load_ids_reserve count=976 freeInternal=10536 largest=7156
[44019][I][STORAGE] load_ids_reserved freeInternal=10536
[44019][I][STORAGE] load_ids_scan seg=308 enrichDeltas=78 freeInternal=10536 largest=7156
[44107][I][STORAGE] load_ids_scan seg=314 enrichDeltas=66 freeInternal=10536 largest=7156
[44193][I][STORAGE] load_ids_scan seg=315 enrichDeltas=64 freeInternal=10536 largest=7156
[44281][I][STORAGE] load_ids_scan seg=316 enrichDeltas=64 freeInternal=10536 largest=7156
[44367][I][STORAGE] load_ids_scan seg=317 enrichDeltas=64 freeInternal=10536 largest=7156
[44452][I][STORAGE] load_ids_scan seg=318 enrichDeltas=64 freeInternal=10536 largest=7156
[44537][I][STORAGE] load_ids_scan seg=319 enrichDeltas=64 freeInternal=10536 largest=7156
[44621][I][STORAGE] load_ids_scan seg=320 enrichDeltas=64 freeInternal=10536 largest=7156
[44706][I][STORAGE] load_ids_scan seg=321 enrichDeltas=64 freeInternal=10536 largest=7156
[44790][I][STORAGE] load_ids_scan seg=322 enrichDeltas=64 freeInternal=10536 largest=7156
[44874][I][STORAGE] load_ids_scan seg=323 enrichDeltas=64 freeInternal=10536 largest=7156
[44958][I][STORAGE] load_ids_scan seg=324 enrichDeltas=64 freeInternal=10536 largest=7156
[45042][I][STORAGE] load_ids_scan seg=325 enrichDeltas=64 freeInternal=10536 largest=7156
[45124][I][STORAGE] load_ids_scan seg=326 enrichDeltas=64 freeInternal=10536 largest=7156
[45207][I][STORAGE] load_ids_scan seg=327 enrichDeltas=64 freeInternal=10536 largest=7156
[45289][I][STORAGE] load_ids_loop_done scanned=15 skipped=59 idsCollected=976 freeInternal=10536
[45290][I][STORAGE] batch_load_ids_done count=888 capacity=976 freeInternal=10536
[45290][I][STORAGE] batch_pending_loop_enter segments=74 maxCount=1024 streaming=0 freeInternal=10536
[45291][I][STORAGE] batch_pending_scan seg=207 pending=10 events=10 freeInternal=10536 largest=7156 outCount=0
[45346][I][STORAGE] batch_pending_scan seg=210 pending=13 events=13 freeInternal=10536 largest=7156 outCount=0
[45401][I][STORAGE] batch_pending_scan seg=211 pending=8 events=8 freeInternal=10536 largest=7156 outCount=0
[45455][I][STORAGE] batch_pending_scan seg=214 pending=5 events=5 freeInternal=10536 largest=7156 outCount=0
[45509][I][STORAGE] batch_pending_scan seg=219 pending=51 events=51 freeInternal=10536 largest=7156 outCount=0
[45568][I][STORAGE] batch_pending_scan seg=220 pending=138 events=138 freeInternal=10536 largest=7156 outCount=0
[45640][I][STORAGE] batch_pending_scan seg=221 pending=154 events=154 freeInternal=10536 largest=7156 outCount=87
[45712][I][STORAGE] batch_pending_scan seg=222 pending=8 events=8 freeInternal=10536 largest=7156 outCount=87
[45765][I][STORAGE] batch_pending_scan seg=223 pending=9 events=9 freeInternal=10536 largest=7156 outCount=87
[45818][I][STORAGE] batch_pending_scan seg=226 pending=13 events=13 freeInternal=10536 largest=7156 outCount=87
[45871][I][STORAGE] batch_pending_scan seg=227 pending=3 events=3 freeInternal=10536 largest=7156 outCount=87
[45922][I][STORAGE] batch_pending_scan seg=228 pending=15 events=15 freeInternal=10536 largest=7156 outCount=87
[45975][I][STORAGE] batch_pending_scan seg=229 pending=11 events=11 freeInternal=10536 largest=7156 outCount=87
[46026][I][STORAGE] batch_pending_scan seg=230 pending=10 events=10 freeInternal=10536 largest=7156 outCount=87
[46078][I][STORAGE] batch_pending_scan seg=232 pending=200 events=200 freeInternal=10536 largest=7156 outCount=87
[46154][I][STORAGE] batch_pending_scan seg=233 pending=197 events=197 freeInternal=10536 largest=7156 outCount=87
[46229][I][STORAGE] batch_pending_scan seg=234 pending=194 events=194 freeInternal=10536 largest=7156 outCount=113
[46307][I][STORAGE] batch_pending_scan seg=235 pending=198 events=198 freeInternal=10536 largest=7156 outCount=307
[46382][I][STORAGE] batch_pending_scan seg=236 pending=147 events=147 freeInternal=10536 largest=7156 outCount=505
[46450][I][STORAGE] batch_pending_scan seg=238 pending=443 events=443 freeInternal=10536 largest=7156 outCount=652
[46598][I][STORAGE] batch_pending_scan seg=240 pending=397 events=397 freeInternal=10536 largest=7156 outCount=926
[46743][I][STORAGE] batch_pending_loop_done scanned=21 skipped=0 outCount=1024 timeHit=1 elapsedMs=1453 freeInternal=10536
[46743][I][STORAGE] prepare_batch_done ok=1 outCount=1024 freeInternal=10536
[46743][I][STORAGE] Enrichment window ready records=1024 truncated=1 ms=2726
[46744][I][BLE] Manual enrichment window batch count=18 active=1 noData=0 budgetExhausted=0 timeHit=0
[46744][I][STORAGE] RAMSpool worker resumed
[46745][I][STORAGE] Exclusive window end kind=enrichment result=manual_batch_built reason=manual_enrich_window
[46745][I][BLE] enrichment request queued count=18 bytes=180
[46745][I][BLE] Requested enrichment batch count=18 queued=0
[46758][I][BLE] link ready state=4
[46858][I][BLE] enrichment send mtu=247 attPayload=244 bytes=180 count=18
[46909][W][BLE] gps decrypt failed: secure decrypt replay/stale counter
[46910][I][BLE] enrichment batch sent plain=180 sealed=202 count=18 writeOk=1
=== serial read failed 2026-08-07T14:03:41.3635277-05:00: Exception calling "ReadExisting" with "0" argument(s): "The port is closed." ===
