=== session opened 2026-08-07T14:07:56.1409534-05:00 ===
[13359][I][STORAGE] worker ui refresh serviced uiRefreshServiceCount=2 uiDeferred=3 uiFlush=2 pressure=0 usedPct=19 pending=4535
=== send: companion status ===
companion status
[COMP] enabled=1
[COMP] external accessory=0 bleProxy=0 phoneConnected=0 phone=unknown rssi=0 ageMs=0
[COMP] wio link=idle sx1262=0 textInput=0
[COMP] phone=UNKNOWN work=IDLE
[COMP] bleBegun=0 bleRadio=0 bleState=IDLE
[COMP] ready link=0 gps=0 freshGps=0 ctrl=0 enrich=0
[COMP] bleInitAgeMs=0 scanStartAgeMs=0 disconnReason=0
[COMP] pendingEnrichMission=0 pendingEnrichNoise=0 pendingEnrichTotal=0
[COMP] lastProbeAgeMs=0 lastEnrichAgeMs=0
[COMP] radioOwner=wifi_capture
=== send: companion enrich ===
companion enrich
[COMP] manual enrich queued
[17545][I][COMP] Manual enrich request received; probe backoff bypassed
[17546][I][WIFI] Radio paused
[17710][I][WIFI] Radio suspended
[17711][I][BLE] BLE payload buffers in PSRAM bytes=6204
[17787][I][BLE] begin phase=nimble_pre bt=idle/0 heap=78912 largest=31732 stack=17208 devLen=14
[17787][I][BLE] begin phase=nimble_init
[17797][I][BLE] begin phase=nimble_init_ok bt=enabled/2 heap=15924 largest=7668 stack=17208
[17798][I][BLE] BLE SM disabled; app-layer P-256/AES-GCM required
[17799][I][BLE] begin phase=server_ok
[17800][I][BLE] scanner configured legacy=1 active=0 interval=30 window=30 srTimeout=200
[17800][I][BLE] begin phase=scanner_ok
[17800][I][BLE] begin phase=worker_ok
[17801][I][BLE] begin ready
[17801][I][BLE] radio enabled settle=500ms
[17801][I][BLE] companion link requested reason=manual_probe mode=fresh_scan timeout=15s settle=500ms cacheAge=0ms rssi=0
[17807][I][BLE] Phone probe lease granted reason=manual_probe cachedFirst=0 hold=60000ms
[17818][W][CORE] TaskHardware loop gap=274ms owner=BLE_GPS pendingUpload=4535 maintPending=1 suppressed=1
[18413][I][BLE] scan start
[18413][I][BLE] scan start diag=1 deliverDuplicates=1 diagLeft=44388 state=1 window=8000ms weakRecent=0 lastRssi=0
[18428][I][BLE] adv check addr=49:9b:5c:eb:dc:4d addrType=1 targetSvc=0 matchedBy=none rssi=-61
[18429][I][BLE] adv raw name='' addr=49:9b:5c:eb:dc:4d addrType=1 rssi=-61 hasName=0 hasSvc=1 targetSvc=0 rawTargetSvc=0 svcCount=2 matchedBy=none
[18429][I][BLE] adv raw payload len=30 hex=02 01 1A 05 03 0A 18 F3 FE 14 16 F3 FE 51 24 00 00 10 82 00 08 03 12 00...
[18430][I][BLE] adv svc=0x180a
[18468][I][BLE] adv check addr=3b:f0:b7:8c:c3:b1 addrType=1 targetSvc=0 matchedBy=none rssi=-64
[18469][I][BLE] adv raw name='' addr=3b:f0:b7:8c:c3:b1 addrType=1 rssi=-64 hasName=0 hasSvc=0 targetSvc=0 rawTargetSvc=0 svcCount=0 matchedBy=none
[18469][I][BLE] adv raw payload len=31 hex=1E FF 06 00 01 09 20 22 89 7A 5D 74 22 66 1F 2A 9D 58 88 FD 82 44 4B 35...
[18484][I][BLE] adv check addr=4d:eb:d1:a3:a5:b5 addrType=1 targetSvc=1 matchedBy=service rssi=-62
[18484][I][BLE] adv raw name='' addr=4d:eb:d1:a3:a5:b5 addrType=1 rssi=-62 hasName=0 hasSvc=1 targetSvc=1 rawTargetSvc=1 svcCount=1 matchedBy=service
[18485][I][BLE] adv raw payload len=21 hex=02 01 02 11 07 01 00 3A 6F 2D 6B 64 9A 4D 4D 7B 6D 80 3A F0 84
[18485][I][BLE] adv svc=84f03a80-6d7b-4d4d-9a64-6b2d6f3a0001
[18486][I][BLE] target found matchedBy=service cachePeer=0 addr=4d:eb:d1:a3:a5:b5 name=SpectrePhone rssi=-62
[18486][I][BLE] adv check addr=4d:eb:d1:a3:a5:b5 addrType=1 targetSvc=1 matchedBy=service rssi=-62
[18487][I][BLE] adv raw name='' addr=4d:eb:d1:a3:a5:b5 addrType=1 rssi=-62 hasName=0 hasSvc=1 targetSvc=1 rawTargetSvc=1 svcCount=1 matchedBy=service
[18487][I][BLE] adv raw payload len=21 hex=02 01 02 11 07 01 00 3A 6F 2D 6B 64 9A 4D 4D 7B 6D 80 3A F0 84
[18488][I][BLE] adv svc=84f03a80-6d7b-4d4d-9a64-6b2d6f3a0001
[18488][I][BLE] target found matchedBy=service cachePeer=0 addr=4d:eb:d1:a3:a5:b5 name=SpectrePhone rssi=-62
[18498][I][BLE] adv check addr=16:6e:b8:5c:4d:0f addrType=1 targetSvc=0 matchedBy=none rssi=-62
[18499][I][BLE] adv raw name='' addr=16:6e:b8:5c:4d:0f addrType=1 rssi=-62 hasName=0 hasSvc=0 targetSvc=0 rawTargetSvc=0 svcCount=0 matchedBy=none
[18499][I][BLE] adv raw payload len=31 hex=1E 16 F3 FE 4A 17 23 43 34 46 58 11 32 7C 91 EE C4 C2 69 8F E5 67 BC 48...
[18502][I][BLE] adv check addr=6c:0b:5e:94:c7:92 addrType=0 targetSvc=0 matchedBy=none rssi=-87
[18503][I][BLE] adv raw name='' addr=6c:0b:5e:94:c7:92 addrType=0 rssi=-87 hasName=0 hasSvc=0 targetSvc=0 rawTargetSvc=0 svcCount=0 matchedBy=none
[18504][I][BLE] adv raw payload len=29 hex=02 01 06 19 16 F7 FD 01 93 53 B3 79 C7 2C 41 E9 95 11 7C AC 46 7C 95 2E...
[18536][I][BLE] adv check addr=49:9b:5c:eb:dc:4d addrType=1 targetSvc=0 matchedBy=none rssi=-61
[18536][I][BLE] adv raw name='' addr=49:9b:5c:eb:dc:4d addrType=1 rssi=-61 hasName=0 hasSvc=1 targetSvc=0 rawTargetSvc=0 svcCount=2 matchedBy=none
[18537][I][BLE] adv raw payload len=30 hex=02 01 1A 05 03 0A 18 F3 FE 14 16 F3 FE 51 24 00 00 10 82 00 08 03 12 00...
[18537][I][BLE] adv svc=0x180a
[18571][I][BLE] scan stop; connect pending addr=4d:eb:d1:a3:a5:b5
[18873][I][BLE] connect pending settled addr=4d:eb:d1:a3:a5:b5
[18874][I][BLE] connect attempt addr=4d:eb:d1:a3:a5:b5 name=SpectrePhone
[18874][I][BLE] connect params timeoutMs=45000 scanItvl=16 scanWin=16 addrType=1
[19020][I][BLE] connect result ok=1 err=0 addr=4d:eb:d1:a3:a5:b5
[19020][I][BLE] BLE link connected; starting app-layer auth watchdog=50000ms
[19020][I][BLE] remote service lookup begin core=1 internalFree=14340 largest=7156
[19079][I][BLE] remote service lookup end found=1 err=0
[19079][I][BLE] remote characteristic discovery begin
[19289][I][BLE] remote characteristic discovery end count=13 err=0
[19349][I][BLE] remote descriptor discovery char=auth count=2 err=0
[19349][I][BLE] auth notify subscribe begin
[19409][I][BLE] auth notify subscribe end ok=1 err=0
[19730][I][BLE] auth challenge write bytes=163 mtu=247 attPayload=244 mode=response
[20779][I][BLE] app secure session ready alg=P-256+ECDH+AES-256-GCM
[20780][I][BLE] phone auth confirmed; caching peer addr=4d:eb:d1:a3:a5:b5 ttl=300000ms rssi=-62
[20819][I][BLE] remote descriptor discovery char=enrichment count=2 err=0
[21089][I][BLE] remote bound gps=1 ctrl=1 meta=1 batch=1 enrich=1 auth=1 authReq=1 storage=1 cmdReq=1 cmdResp=1 logStream=1 dashStream=1 notification=1 notify(gps=0 ctrl=0 enrich=1 auth=1 cmdReq=0) mtu=247 a
[21090][I][BLE] probe_summary seen=1 matchedBy=service rssi=-62 scanMs=2368
[21090][I][BLE] phone_session_summary auth=ok mtu=247 gps=1 ctrl=1 enrich=1 storage=1
[21179][I][BLE] storage snapshot sent pendingUp=0/4535 pendingEnrich=0/4538 usedPct=19
[21183][I][BLE] Phone probe succeeded ??? backoff reset
[21250][I][BLE] Phone probe promoted to enrichment pendingEnrich=4538 maxBatch=18
[21251][I][STORAGE] RAMSpool worker paused inflight=0 lastInflight=0
[21251][I][STORAGE] Exclusive window begin kind=enrichment reason=manual_enrich_window workerPaused=1 displaySuspended=1
[21253][I][STORAGE] prepare_assigned records=1024 freeInternal=11392 freePsram=7789284
[21253][I][STORAGE] batch_load_ids_enter freeInternal=11392 segments=76
[21253][I][STORAGE] load_ids_reserve count=976 freeInternal=11392 largest=7156
[21254][I][STORAGE] load_ids_reserved freeInternal=11392
[21254][I][STORAGE] load_ids_scan seg=308 enrichDeltas=78 freeInternal=11392 largest=7156
[21348][I][STORAGE] load_ids_scan seg=314 enrichDeltas=66 freeInternal=10940 largest=7156
[21441][I][STORAGE] load_ids_scan seg=315 enrichDeltas=64 freeInternal=10952 largest=7156
[21536][I][STORAGE] load_ids_scan seg=316 enrichDeltas=64 freeInternal=10952 largest=7156
[21629][I][STORAGE] load_ids_scan seg=317 enrichDeltas=64 freeInternal=10952 largest=7156
[21722][I][STORAGE] load_ids_scan seg=318 enrichDeltas=64 freeInternal=10952 largest=7156
[21814][I][STORAGE] load_ids_scan seg=319 enrichDeltas=64 freeInternal=10952 largest=7156
[21906][I][STORAGE] load_ids_scan seg=320 enrichDeltas=64 freeInternal=10952 largest=7156
[21997][I][STORAGE] load_ids_scan seg=321 enrichDeltas=64 freeInternal=10952 largest=7156
[22089][I][STORAGE] load_ids_scan seg=322 enrichDeltas=64 freeInternal=10952 largest=7156
[22179][I][STORAGE] load_ids_scan seg=323 enrichDeltas=64 freeInternal=10952 largest=7156
[22270][I][STORAGE] load_ids_scan seg=324 enrichDeltas=64 freeInternal=10952 largest=7156
[22361][I][STORAGE] load_ids_scan seg=325 enrichDeltas=64 freeInternal=10952 largest=7156
[22451][I][STORAGE] load_ids_scan seg=326 enrichDeltas=64 freeInternal=10952 largest=7156
[22541][I][STORAGE] load_ids_scan seg=327 enrichDeltas=64 freeInternal=10952 largest=7156
[22630][I][STORAGE] load_ids_loop_done scanned=15 skipped=61 idsCollected=976 freeInternal=10952
[22631][I][STORAGE] batch_load_ids_done count=888 capacity=976 freeInternal=10952
[22631][I][STORAGE] batch_pending_loop_enter segments=76 maxCount=1024 streaming=0 freeInternal=10952
[22632][I][STORAGE] batch_pending_scan seg=207 pending=10 events=10 freeInternal=10952 largest=7156 outCount=0
[22681][I][STORAGE] batch_pending_scan seg=210 pending=13 events=13 freeInternal=10952 largest=7156 outCount=0
[22730][I][STORAGE] batch_pending_scan seg=211 pending=8 events=8 freeInternal=10952 largest=7156 outCount=0
[22780][I][STORAGE] batch_pending_scan seg=214 pending=5 events=5 freeInternal=10952 largest=7156 outCount=0
[22828][I][STORAGE] batch_pending_scan seg=219 pending=51 events=51 freeInternal=10952 largest=7156 outCount=0
[22882][I][STORAGE] batch_pending_scan seg=220 pending=138 events=138 freeInternal=10952 largest=7156 outCount=0
[22948][I][STORAGE] batch_pending_scan seg=221 pending=154 events=154 freeInternal=10952 largest=7156 outCount=87
[23015][I][STORAGE] batch_pending_scan seg=222 pending=8 events=8 freeInternal=10952 largest=7156 outCount=87
[23062][I][STORAGE] batch_pending_scan seg=223 pending=9 events=9 freeInternal=10952 largest=7156 outCount=87
[23110][I][STORAGE] batch_pending_scan seg=226 pending=13 events=13 freeInternal=10952 largest=7156 outCount=87
[23157][I][STORAGE] batch_pending_scan seg=227 pending=3 events=3 freeInternal=10952 largest=7156 outCount=87
[23203][I][STORAGE] batch_pending_scan seg=228 pending=15 events=15 freeInternal=10952 largest=7156 outCount=87
[23250][I][STORAGE] batch_pending_scan seg=229 pending=11 events=11 freeInternal=10952 largest=7156 outCount=87
[23296][I][STORAGE] batch_pending_scan seg=230 pending=10 events=10 freeInternal=10952 largest=7156 outCount=87
[23342][I][STORAGE] batch_pending_scan seg=232 pending=200 events=200 freeInternal=10952 largest=7156 outCount=87
[23413][I][STORAGE] batch_pending_scan seg=233 pending=197 events=197 freeInternal=10952 largest=7156 outCount=87
[23485][I][STORAGE] batch_pending_scan seg=234 pending=194 events=194 freeInternal=10952 largest=7156 outCount=113
[23560][I][STORAGE] batch_pending_scan seg=235 pending=198 events=198 freeInternal=10952 largest=7156 outCount=307
[23632][I][STORAGE] batch_pending_scan seg=236 pending=147 events=147 freeInternal=10952 largest=7156 outCount=505
[23697][I][STORAGE] batch_pending_scan seg=238 pending=443 events=443 freeInternal=10952 largest=7156 outCount=652
[23842][I][STORAGE] batch_pending_scan seg=240 pending=397 events=397 freeInternal=10952 largest=7156 outCount=926
[23983][I][STORAGE] batch_pending_loop_done scanned=21 skipped=0 outCount=1024 timeHit=1 elapsedMs=1351 freeInternal=10952
[23983][I][STORAGE] prepare_batch_done ok=1 outCount=1024 freeInternal=10952
[23983][I][STORAGE] Enrichment window ready records=1024 truncated=1 ms=2731
[23984][I][BLE] Manual enrichment window batch count=18 active=1 noData=0 budgetExhausted=0 timeHit=0
[23984][I][STORAGE] RAMSpool worker resumed
[23985][I][STORAGE] Exclusive window end kind=enrichment result=manual_batch_built reason=manual_enrich_window
[23985][I][BLE] enrichment request queued count=18 bytes=180
[23986][I][BLE] Requested enrichment batch count=18 queued=0
[24001][I][BLE] link ready state=4
[24149][I][BLE] enrichment send mtu=247 attPayload=244 bytes=180 count=18
[24152][I][BLE] enrichment batch sent plain=180 sealed=202 count=18 writeOk=1
[24452][I][BLE] enrichment rx chunk cipher=222 queued=0
[24603][I][BLE] enrichment rx chunk cipher=222 queued=1
[24604][I][BLE] enrichment rx chunk cipher=222 queued=0
[24755][I][BLE] enrichment rx chunk cipher=222 queued=0
[24906][I][BLE] enrichment rx chunk cipher=68 queued=0
[24907][I][BLE] enrich_xfer_perf count=18 sendMs=3 waitMs=755 rxBytes=846
[24907][I][BLE] enrichment batch received count=18 bytes=846
[24908][I][BLE] enrichment batch consumed count=18
[24908][I][BLE] Enrich batch queued count=18 queueSize=1
[24908][I][BLE] Enrichment batch received count=18 claimed=0 queued=1
[24909][I][BLE] Enrich drain begin count=18 queueSize=1 ageMs=1
[24909][I][BLE] enrich_perf count=18 applied=0 failed=0 deferred=18 storageMs=0 pendingUpload=4535
[24910][I][BLE] Enrich drain done applied=0 failed=0 deferred=18 queueSize=0
[24910][I][BLE] Enrich torrent done drained=1 remaining=0 tookLease=0 preempt=0 elapsedMs=1
[24921][I][STORAGE] RAMSpool worker paused inflight=0 lastInflight=0
[24922][I][STORAGE] Exclusive window begin kind=enrichment reason=manual_enrich_window workerPaused=1 displaySuspended=1
[24922][I][BLE] Manual enrichment window batch count=18 active=1 noData=0 budgetExhausted=0 timeHit=0
[24923][I][STORAGE] RAMSpool worker resumed
[24923][I][STORAGE] Exclusive window end kind=enrichment result=manual_batch_built reason=manual_enrich_window
[24924][I][BLE] enrichment request queued count=18 bytes=180
[24925][I][BLE] Requested enrichment batch count=18 queued=0
[25058][I][BLE] enrichment send mtu=247 attPayload=244 bytes=180 count=18
[25111][I][BLE] enrichment batch sent plain=180 sealed=202 count=18 writeOk=1
[25509][I][BLE] enrichment rx chunk cipher=222 queued=1
[25510][I][BLE] enrichment rx chunk cipher=222 queued=0
[25661][I][BLE] enrichment rx chunk cipher=222 queued=1
[25662][I][BLE] enrichment rx chunk cipher=222 queued=0
[25813][I][BLE] enrichment rx chunk cipher=68 queued=0
[25814][I][BLE] enrich_xfer_perf count=18 sendMs=52 waitMs=704 rxBytes=846
[25815][I][BLE] enrichment batch received count=18 bytes=846
[25815][I][BLE] enrichment batch consumed count=18
[25815][I][BLE] Enrich batch queued count=18 queueSize=1
[25816][I][BLE] Enrichment batch received count=18 claimed=0 queued=1
[25816][I][BLE] Enrich drain begin count=18 queueSize=1 ageMs=1
[25817][I][BLE] enrich_perf count=18 applied=0 failed=0 deferred=18 storageMs=0 pendingUpload=4535
[25818][I][BLE] Enrich drain done applied=0 failed=0 deferred=18 queueSize=0
[25818][I][BLE] Enrich torrent done drained=1 remaining=0 tookLease=0 preempt=0 elapsedMs=2
[25829][I][STORAGE] RAMSpool worker paused inflight=0 lastInflight=0
[25830][I][STORAGE] Exclusive window begin kind=enrichment reason=manual_enrich_window workerPaused=1 displaySuspended=1
[25830][I][BLE] Manual enrichment window batch count=18 active=1 noData=0 budgetExhausted=0 timeHit=0
[25831][I][STORAGE] RAMSpool worker resumed
[25831][I][STORAGE] Exclusive window end kind=enrichment result=manual_batch_built reason=manual_enrich_window
[25831][I][BLE] enrichment request queued count=18 bytes=180
[25831][I][BLE] Requested enrichment batch count=18 queued=0
[25972][I][BLE] enrichment send mtu=247 attPayload=244 bytes=180 count=18
[26009][I][BLE] enrichment batch sent plain=180 sealed=202 count=18 writeOk=1
[26276][I][BLE] enrichment batch acknowledged by phone
[26276][I][BLE] enrichment rx chunk cipher=222 queued=0
[26427][I][BLE] enrichment rx chunk cipher=222 queued=0
[26578][I][BLE] enrichment rx chunk cipher=222 queued=1
[26579][I][BLE] enrichment rx chunk cipher=222 queued=0
[26730][I][BLE] enrichment rx chunk cipher=68 queued=0
[26731][I][BLE] enrich_xfer_perf count=18 sendMs=37 waitMs=723 rxBytes=846
[26732][I][BLE] enrichment batch received count=18 bytes=846
[26732][I][BLE] enrichment batch consumed count=18
[26732][I][BLE] Enrich batch queued count=18 queueSize=1
[26733][I][BLE] Enrichment batch received count=18 claimed=0 queued=1
[26733][I][BLE] Enrich drain begin count=18 queueSize=1 ageMs=1
[26734][I][BLE] enrich_perf count=18 applied=0 failed=0 deferred=18 storageMs=0 pendingUpload=4535
[26734][I][BLE] Enrich drain done applied=0 failed=0 deferred=18 queueSize=0
[26734][I][BLE] Enrich torrent done drained=1 remaining=0 tookLease=0 preempt=0 elapsedMs=1
[26745][I][STORAGE] RAMSpool worker paused inflight=0 lastInflight=0
[26746][I][STORAGE] Exclusive window begin kind=enrichment reason=manual_enrich_window workerPaused=1 displaySuspended=1
[26746][I][BLE] Manual enrichment window batch count=18 active=1 noData=0 budgetExhausted=0 timeHit=0
[26747][I][STORAGE] RAMSpool worker resumed
[26747][I][STORAGE] Exclusive window end kind=enrichment result=manual_batch_built reason=manual_enrich_window
[26747][I][BLE] enrichment request queued count=18 bytes=180
[26747][I][BLE] Requested enrichment batch count=18 queued=0
[26887][I][BLE] enrichment send mtu=247 attPayload=244 bytes=180 count=18
[26939][I][BLE] enrichment batch sent plain=180 sealed=202 count=18 writeOk=1
[27191][I][BLE] enrichment rx chunk cipher=222 queued=0
[27342][I][BLE] enrichment rx chunk cipher=222 queued=1
[27343][I][BLE] enrichment rx chunk cipher=222 queued=0
[27494][I][BLE] enrichment rx chunk cipher=222 queued=0
[27645][I][BLE] enrichment rx chunk cipher=68 queued=0
[27646][I][BLE] enrich_xfer_perf count=18 sendMs=51 waitMs=708 rxBytes=846
[27646][I][BLE] enrichment batch received count=18 bytes=846
[27647][I][BLE] enrichment batch consumed count=18
[27647][I][BLE] Enrich batch queued count=18 queueSize=1
[27647][I][BLE] Enrichment batch received count=18 claimed=0 queued=1
[27648][I][BLE] Enrich drain begin count=18 queueSize=1 ageMs=1
[27648][I][BLE] enrich_perf count=18 applied=0 failed=0 deferred=18 storageMs=0 pendingUpload=4535
[27649][I][BLE] Enrich drain done applied=0 failed=0 deferred=18 queueSize=0
[27649][I][BLE] Enrich torrent done drained=1 remaining=0 tookLease=0 preempt=0 elapsedMs=1
[27659][I][STORAGE] RAMSpool worker paused inflight=0 lastInflight=0
[27660][I][STORAGE] Exclusive window begin kind=enrichment reason=manual_enrich_window workerPaused=1 displaySuspended=1
[27660][I][BLE] Manual enrichment window batch count=18 active=1 noData=0 budgetExhausted=0 timeHit=0
[27661][I][STORAGE] RAMSpool worker resumed
[27661][I][STORAGE] Exclusive window end kind=enrichment result=manual_batch_built reason=manual_enrich_window
[27661][I][BLE] enrichment request queued count=18 bytes=180
[27661][I][BLE] Requested enrichment batch count=18 queued=0
[27801][I][BLE] enrichment send mtu=247 attPayload=244 bytes=180 count=18
[27870][I][BLE] enrichment batch sent plain=180 sealed=202 count=18 writeOk=1
[28104][I][BLE] enrichment rx chunk cipher=222 queued=0
[28255][I][BLE] enrichment rx chunk cipher=222 queued=0
[28406][I][BLE] enrichment batch acknowledged by phone
[28407][I][BLE] enrichment rx chunk cipher=222 queued=1
[28408][I][BLE] enrichment rx chunk cipher=222 queued=0
[28559][I][BLE] enrichment rx chunk cipher=68 queued=0
[28560][I][BLE] enrich_xfer_perf count=18 sendMs=68 waitMs=691 rxBytes=846
[28561][I][BLE] enrichment batch received count=18 bytes=846
[28561][I][BLE] enrichment batch consumed count=18
[28561][I][BLE] Enrich batch queued count=18 queueSize=1
[28561][I][BLE] Enrichment batch received count=18 claimed=0 queued=1
[28562][I][BLE] Enrich drain begin count=18 queueSize=1 ageMs=1
[28563][I][BLE] enrich_perf count=18 applied=0 failed=0 deferred=18 storageMs=0 pendingUpload=4535
[28563][I][BLE] Enrich drain done applied=0 failed=0 deferred=18 queueSize=0
[28563][I][BLE] Enrich torrent done drained=1 remaining=0 tookLease=0 preempt=0 elapsedMs=1
[28573][I][STORAGE] RAMSpool worker paused inflight=0 lastInflight=0
[28574][I][STORAGE] Exclusive window begin kind=enrichment reason=manual_enrich_window workerPaused=1 displaySuspended=1
[28574][I][BLE] Manual enrichment window batch count=18 active=1 noData=0 budgetExhausted=0 timeHit=0
[28575][I][STORAGE] RAMSpool worker resumed
[28575][I][STORAGE] Exclusive window end kind=enrichment result=manual_batch_built reason=manual_enrich_window
[28575][I][BLE] enrichment request queued count=18 bytes=180
[28575][I][BLE] Requested enrichment batch count=18 queued=0
[28716][I][BLE] enrichment send mtu=247 attPayload=244 bytes=180 count=18
[28830][I][BLE] enrichment batch sent plain=180 sealed=202 count=18 writeOk=1
[29170][W][BLE] gps decrypt failed: secure decrypt replay/stale counter
[29171][I][BLE] enrichment rx chunk cipher=222 queued=1
[29172][I][BLE] enrichment rx chunk cipher=222 queued=0
[29324][I][BLE] enrichment rx chunk cipher=222 queued=1
[29326][I][BLE] enrichment rx chunk cipher=222 queued=0
[29486][I][BLE] enrichment rx chunk cipher=68 queued=0
[29487][I][BLE] enrich_xfer_perf count=18 sendMs=114 waitMs=658 rxBytes=846
[29488][I][BLE] enrichment batch received count=18 bytes=846
[29488][I][BLE] enrichment batch consumed count=18
[29488][I][BLE] Enrich batch queued count=18 queueSize=1
[29489][I][BLE] Enrichment batch received count=18 claimed=0 queued=1
[29489][I][BLE] Enrich drain begin count=18 queueSize=1 ageMs=1
[29490][I][BLE] enrich_perf count=18 applied=0 failed=0 deferred=18 storageMs=0 pendingUpload=4535
[29490][I][BLE] Enrich drain done applied=0 failed=0 deferred=18 queueSize=0
[29490][I][BLE] Enrich torrent done drained=1 remaining=0 tookLease=0 preempt=0 elapsedMs=1
[29501][I][STORAGE] RAMSpool worker paused inflight=0 lastInflight=0
[29502][I][STORAGE] Exclusive window begin kind=enrichment reason=manual_enrich_window workerPaused=1 displaySuspended=1
[29502][I][BLE] Manual enrichment window batch count=18 active=1 noData=0 budgetExhausted=0 timeHit=0
[29503][I][STORAGE] RAMSpool worker resumed
[29503][I][STORAGE] Exclusive window end kind=enrichment result=manual_batch_built reason=manual_enrich_window
[29503][I][BLE] enrichment request queued count=18 bytes=180
[29503][I][BLE] Requested enrichment batch count=18 queued=0
[29643][I][BLE] enrichment send mtu=247 attPayload=244 bytes=180 count=18
[29701][I][BLE] enrichment batch sent plain=180 sealed=202 count=18 writeOk=1
[29943][I][BLE] enrichment rx chunk cipher=222 queued=0
[30006][I][HEAP] heap free=7617KB min=7603KB largest=7552KB frag=0% internalFree=11KB internalLargest=7KB psramFree=7607KB core=0/0% owner=BLE_GPS nets=6 pendingUpload=4535 pendingEnrich=4538
[HEALTH] time=2026-08-07 14:07:44 src=ntp
[HEALTH] heap used=807/8424KB free=7617KB min=7603KB largest=7552KB frag=0%
[HEALTH] internal used=222/232KB free=11KB min=1KB largest=7KB
[HEALTH] psram used=585/8192KB free=7607KB largest=7552KB
[HEALTH] stack free_min: core0=17KB/22KB core1=13KB/18KB
[HEALTH] core usage: core0=0% core1=0%
[HEALTH] power=usb state=usb batt=100% 4685mV trend=0mV/min runtime=0min cap=1100mAh charging=0
[HEALTH] radio=BLE_GPS wifi=0 ble=1 gps=0 nets=6 pendingUpload=4535 pendingEnrich=4538
[HEALTH] subghz=NONE mode=OFF pkts=0 nodes=0
[30009][I][STORAGE] RAMSpool enq=3 cons=3 inflight=0/1024 high=3 pressure=0 drop[full=0 big=0 noise=0 p3Evict=0 p3Drop=0 p2Drop=0 p1Fail=0] free=1024
[30009][I][STORAGE] RAMSpool enqueue probe[ok=2 drop=0] device[ok=1 drop=0]
[30009][I][STORAGE] RAMSpool worker probe[ok=2 sup=0 drop=0 fail=0 slow=0] device[ok=1 sup=0 drop=0 fail=0 slow=0] slowTotal=0 maxMs=0
[30010][I][STORAGE] RAMSpool prioEnq p0=0 p1=0 p2=3 p3=0
[30010][I][STORAGE] RAMSpool lanes p1=0/0 p2=0/2 p3=0/0
[30103][I][BLE] enrichment rx chunk cipher=222 queued=1
[30104][I][BLE] enrichment rx chunk cipher=222 queued=0
[30255][I][BLE] enrichment rx chunk cipher=222 queued=0
[30406][I][BLE] enrichment batch acknowledged by phone
[30407][I][BLE] enrichment rx chunk cipher=68 queued=0
[30408][I][BLE] enrich_xfer_perf count=18 sendMs=57 waitMs=708 rxBytes=846
[30408][I][BLE] enrichment batch received count=18 bytes=846
[30409][I][BLE] enrichment batch consumed count=18
[30409][I][BLE] Enrich batch queued count=18 queueSize=1
[30409][I][BLE] Enrichment batch received count=18 claimed=0 queued=1
[30409][I][BLE] Enrich drain begin count=18 queueSize=1 ageMs=0
[30410][I][BLE] enrich_perf count=18 applied=0 failed=0 deferred=18 storageMs=0 pendingUpload=4535
[30411][I][BLE] Enrich drain done applied=0 failed=0 deferred=18 queueSize=0
[30411][I][BLE] Enrich torrent done drained=1 remaining=0 tookLease=0 preempt=0 elapsedMs=2
[30422][I][STORAGE] RAMSpool worker paused inflight=0 lastInflight=0
[30423][I][STORAGE] Exclusive window begin kind=enrichment reason=manual_enrich_window workerPaused=1 displaySuspended=1
[30423][I][BLE] Manual enrichment window batch count=18 active=1 noData=0 budgetExhausted=0 timeHit=0
[30424][I][STORAGE] RAMSpool worker resumed
[30424][I][STORAGE] Exclusive window end kind=enrichment result=manual_batch_built reason=manual_enrich_window
[30425][I][BLE] enrichment request queued count=18 bytes=180
[30425][I][BLE] Requested enrichment batch count=18 queued=0
[30566][I][BLE] enrichment send mtu=247 attPayload=244 bytes=180 count=18
[30632][I][BLE] enrichment batch sent plain=180 sealed=202 count=18 writeOk=1
[31015][I][BLE] enrichment rx chunk cipher=222 queued=0
[31027][I][STACK] TaskHardware watermark=17208B min=17208B
[31027][I][STACK] TaskDisplay watermark=13120B min=13120B
[31170][I][BLE] enrichment rx chunk cipher=222 queued=2
[31171][I][BLE] enrichment rx chunk cipher=222 queued=1
[31172][I][BLE] enrichment rx chunk cipher=222 queued=0
[31324][I][BLE] enrichment rx chunk cipher=68 queued=0
[31325][I][BLE] enrich_xfer_perf count=18 sendMs=66 waitMs=694 rxBytes=846
[31326][I][BLE] enrichment batch received count=18 bytes=846
[31326][I][BLE] enrichment batch consumed count=18
[31326][I][BLE] Enrich batch queued count=18 queueSize=1
[31326][I][BLE] Enrichment batch received count=18 claimed=0 queued=1
[31327][I][BLE] Enrich drain begin count=18 queueSize=1 ageMs=1
[31327][I][BLE] enrich_perf count=18 applied=0 failed=0 deferred=18 storageMs=0 pendingUpload=4535
[31328][I][BLE] Enrich drain done applied=0 failed=0 deferred=18 queueSize=0
[31328][I][BLE] Enrich torrent done drained=1 remaining=0 tookLease=0 preempt=0 elapsedMs=1
[31338][I][STORAGE] RAMSpool worker paused inflight=0 lastInflight=0
[31339][I][STORAGE] Exclusive window begin kind=enrichment reason=manual_enrich_window workerPaused=1 displaySuspended=1
[31339][I][BLE] Manual enrichment window batch count=18 active=1 noData=0 budgetExhausted=0 timeHit=0
[31340][I][STORAGE] RAMSpool worker resumed
[31340][I][STORAGE] Exclusive window end kind=enrichment result=manual_batch_built reason=manual_enrich_window
[31340][I][BLE] enrichment request queued count=18 bytes=180
[31340][I][BLE] Requested enrichment batch count=18 queued=0
[31481][I][BLE] enrichment send mtu=247 attPayload=244 bytes=180 count=18
[31530][I][BLE] enrichment batch sent plain=180 sealed=202 count=18 writeOk=1
[31931][I][BLE] enrichment rx chunk cipher=222 queued=1
[31932][I][BLE] enrichment rx chunk cipher=222 queued=0
[32086][I][BLE] enrichment rx chunk cipher=222 queued=1
[32087][I][BLE] enrichment rx chunk cipher=222 queued=0
[32238][I][BLE] enrichment rx chunk cipher=68 queued=0
[32239][I][BLE] enrich_xfer_perf count=18 sendMs=49 waitMs=710 rxBytes=846
[32240][I][BLE] enrichment batch received count=18 bytes=846
[32240][I][BLE] enrichment batch consumed count=18
[32240][I][BLE] Enrich batch queued count=18 queueSize=1
[32240][I][BLE] Enrichment batch received count=18 claimed=0 queued=1
[32241][I][BLE] Enrich drain begin count=18 queueSize=1 ageMs=1
[32241][I][BLE] enrich_perf count=18 applied=0 failed=0 deferred=18 storageMs=0 pendingUpload=4535
[32242][I][BLE] Enrich drain done applied=0 failed=0 deferred=18 queueSize=0
[32242][I][BLE] Enrich torrent done drained=1 remaining=0 tookLease=0 preempt=0 elapsedMs=1
[32252][I][STORAGE] RAMSpool worker paused inflight=0 lastInflight=0
[32253][I][STORAGE] Exclusive window begin kind=enrichment reason=manual_enrich_window workerPaused=1 displaySuspended=1
[32253][I][BLE] Manual enrichment window batch count=18 active=1 noData=0 budgetExhausted=0 timeHit=0
[32254][I][STORAGE] RAMSpool worker resumed
[32254][I][STORAGE] Exclusive window end kind=enrichment result=manual_batch_built reason=manual_enrich_window
[32254][I][BLE] enrichment request queued count=18 bytes=180
[32254][I][BLE] Requested enrichment batch count=18 queued=0
[32430][I][BLE] enrichment send mtu=247 attPayload=244 bytes=180 count=18
[32489][I][BLE] enrichment batch sent plain=180 sealed=202 count=18 writeOk=1
[32544][I][BLE] enrichment batch acknowledged by phone
[32845][I][BLE] enrichment rx chunk cipher=222 queued=1
[32846][I][BLE] enrichment rx chunk cipher=222 queued=0
[32997][I][BLE] enrichment rx chunk cipher=222 queued=1
[32998][I][BLE] enrichment rx chunk cipher=222 queued=0
[33152][I][BLE] enrichment rx chunk cipher=68 queued=0
[33153][I][BLE] enrich_xfer_perf count=18 sendMs=59 waitMs=665 rxBytes=846
[33154][I][BLE] enrichment batch received count=18 bytes=846
[33154][I][BLE] enrichment batch consumed count=18
[33154][I][BLE] Enrich batch queued count=18 queueSize=1
[33154][I][BLE] Enrichment batch received count=18 claimed=0 queued=1
[33155][I][BLE] Enrich drain begin count=18 queueSize=1 ageMs=1
[33155][I][BLE] enrich_perf count=18 applied=0 failed=0 deferred=18 storageMs=0 pendingUpload=4535
[33156][I][BLE] Enrich drain done applied=0 failed=0 deferred=18 queueSize=0
[33156][I][BLE] Enrich torrent done drained=1 remaining=0 tookLease=0 preempt=0 elapsedMs=1
[33167][I][STORAGE] RAMSpool worker paused inflight=0 lastInflight=0
[33168][I][STORAGE] Exclusive window begin kind=enrichment reason=manual_enrich_window workerPaused=1 displaySuspended=1
[33168][I][BLE] Manual enrichment window batch count=18 active=1 noData=0 budgetExhausted=0 timeHit=0
[33168][I][STORAGE] RAMSpool worker resumed
[33169][I][STORAGE] Exclusive window end kind=enrichment result=manual_batch_built reason=manual_enrich_window
[33170][I][BLE] enrichment request queued count=18 bytes=180
[33170][I][BLE] Requested enrichment batch count=18 queued=0
[33310][I][BLE] enrichment send mtu=247 attPayload=244 bytes=180 count=18
[33359][I][BLE] enrichment batch sent plain=180 sealed=202 count=18 writeOk=1
[33611][I][BLE] enrichment rx chunk cipher=222 queued=0
[33762][I][BLE] enrichment rx chunk cipher=222 queued=1
[33763][I][BLE] enrichment rx chunk cipher=222 queued=0
[33914][I][BLE] enrichment rx chunk cipher=222 queued=0
[34068][I][BLE] enrichment rx chunk cipher=68 queued=0
[34069][I][BLE] enrich_xfer_perf count=18 sendMs=48 waitMs=711 rxBytes=846
[34070][I][BLE] enrichment batch received count=18 bytes=846
[34070][I][BLE] enrichment batch consumed count=18
[34071][I][BLE] Enrich batch queued count=18 queueSize=1
[34071][I][BLE] Enrichment batch received count=18 claimed=0 queued=1
[34072][I][BLE] Enrich drain begin count=18 queueSize=1 ageMs=0
[34072][I][BLE] enrich_perf count=18 applied=0 failed=0 deferred=18 storageMs=0 pendingUpload=4535
[34073][I][BLE] Enrich drain done applied=0 failed=0 deferred=18 queueSize=0
[34073][I][BLE] Enrich torrent done drained=1 remaining=0 tookLease=0 preempt=0 elapsedMs=2
[34083][I][STORAGE] RAMSpool worker paused inflight=0 lastInflight=0
[34084][I][STORAGE] Exclusive window begin kind=enrichment reason=manual_enrich_window workerPaused=1 displaySuspended=1
[34084][I][BLE] Manual enrichment window batch count=18 active=1 noData=0 budgetExhausted=0 timeHit=0
[34085][I][STORAGE] RAMSpool worker resumed
[34085][I][STORAGE] Exclusive window end kind=enrichment result=manual_batch_built reason=manual_enrich_window
[34085][I][BLE] enrichment request queued count=18 bytes=180
[34085][I][BLE] Requested enrichment batch count=18 queued=0
[34226][W][BLE] gps decrypt failed: secure decrypt replay/stale counter
[34229][I][BLE] enrichment send mtu=247 attPayload=244 bytes=180 count=18
[34289][I][BLE] enrichment batch sent plain=180 sealed=202 count=18 writeOk=1
[34677][I][BLE] enrichment batch acknowledged by phone
[34678][I][BLE] enrichment rx chunk cipher=222 queued=1
[34679][I][BLE] enrichment rx chunk cipher=222 queued=0
[34830][I][BLE] enrichment rx chunk cipher=222 queued=1
[34831][I][BLE] enrichment rx chunk cipher=222 queued=0
[34982][I][BLE] enrichment rx chunk cipher=68 queued=0
[34983][I][BLE] enrich_xfer_perf count=18 sendMs=60 waitMs=695 rxBytes=846
[34984][I][BLE] enrichment batch received count=18 bytes=846
[34984][I][BLE] enrichment batch consumed count=18
[34984][I][BLE] Enrich batch queued count=18 queueSize=1
[34985][I][BLE] Enrichment batch received count=18 claimed=0 queued=1
[34985][I][BLE] Enrich drain begin count=18 queueSize=1 ageMs=1
[34986][I][BLE] enrich_perf count=18 applied=0 failed=0 deferred=18 storageMs=0 pendingUpload=4535
[34986][I][BLE] Enrich drain done applied=0 failed=0 deferred=18 queueSize=0
[34986][I][BLE] Enrich torrent done drained=1 remaining=0 tookLease=0 preempt=0 elapsedMs=1
[34996][I][STORAGE] RAMSpool worker paused inflight=0 lastInflight=0
[34997][I][STORAGE] Exclusive window begin kind=enrichment reason=manual_enrich_window workerPaused=1 displaySuspended=1
[34997][I][BLE] Manual enrichment window batch count=18 active=1 noData=0 budgetExhausted=0 timeHit=0
[34998][I][STORAGE] RAMSpool worker resumed
[34998][I][STORAGE] Exclusive window end kind=enrichment result=manual_batch_built reason=manual_enrich_window
[34998][I][BLE] enrichment request queued count=18 bytes=180
[34998][I][BLE] Requested enrichment batch count=18 queued=0
[35142][I][BLE] enrichment send mtu=247 attPayload=244 bytes=180 count=18
[35189][I][BLE] enrichment batch sent plain=180 sealed=202 count=18 writeOk=1
[35441][I][BLE] enrichment rx chunk cipher=222 queued=0
[35592][I][BLE] enrichment rx chunk cipher=222 queued=1
[35593][I][BLE] enrichment rx chunk cipher=222 queued=0
[35744][I][BLE] enrichment rx chunk cipher=222 queued=0
[35895][I][BLE] enrichment rx chunk cipher=68 queued=0
[35896][I][BLE] enrich_xfer_perf count=18 sendMs=47 waitMs=708 rxBytes=846
[35897][I][BLE] enrichment batch received count=18 bytes=846
[35897][I][BLE] enrichment batch consumed count=18
[35897][I][BLE] Enrich batch queued count=18 queueSize=1
[35898][I][BLE] Enrichment batch received count=18 claimed=0 queued=1
[35898][I][BLE] Enrich drain begin count=18 queueSize=1 ageMs=1
[35899][I][BLE] enrich_perf count=18 applied=0 failed=0 deferred=18 storageMs=0 pendingUpload=4535
[35899][I][BLE] Enrich drain done applied=0 failed=0 deferred=18 queueSize=0
[35899][I][BLE] Enrich torrent done drained=1 remaining=0 tookLease=0 preempt=0 elapsedMs=1
[35909][I][STORAGE] RAMSpool worker paused inflight=0 lastInflight=0
[35910][I][STORAGE] Exclusive window begin kind=enrichment reason=manual_enrich_window workerPaused=1 displaySuspended=1
[35910][I][BLE] Manual enrichment window batch count=18 active=1 noData=0 budgetExhausted=0 timeHit=0
[35910][I][STORAGE] RAMSpool worker resumed
[35911][I][STORAGE] Exclusive window end kind=enrichment result=manual_batch_built reason=manual_enrich_window
[35911][I][BLE] enrichment request queued count=18 bytes=180
[35911][I][BLE] Requested enrichment batch count=18 queued=0
[36051][I][BLE] enrichment send mtu=247 attPayload=244 bytes=180 count=18
[36089][I][BLE] enrichment batch sent plain=180 sealed=202 count=18 writeOk=1
[36149][I][BLE] storage snapshot sent pendingUp=0/4535 pendingEnrich=0/4538 usedPct=19
[36359][I][BLE] enrichment rx chunk cipher=222 queued=0
[36511][I][BLE] enrichment rx chunk cipher=222 queued=1
[36512][I][BLE] enrichment rx chunk cipher=222 queued=0
[36673][I][BLE] enrichment rx chunk cipher=222 queued=0
[36825][I][BLE] enrichment batch acknowledged by phone
[36825][I][BLE] enrichment rx chunk cipher=68 queued=0
[36826][I][BLE] enrich_xfer_perf count=18 sendMs=37 waitMs=738 rxBytes=846
[36826][I][BLE] enrichment batch received count=18 bytes=846
[36827][I][BLE] enrichment batch consumed count=18
[36827][I][BLE] Enrich batch queued count=18 queueSize=1
[36827][I][BLE] Enrichment batch received count=18 claimed=0 queued=1
[36827][I][BLE] Enrich drain begin count=18 queueSize=1 ageMs=0
[36828][I][BLE] enrich_perf count=18 applied=0 failed=0 deferred=18 storageMs=0 pendingUpload=4535
[36829][I][BLE] Enrich drain done applied=0 failed=0 deferred=18 queueSize=0
[36830][I][BLE] Enrich torrent done drained=1 remaining=0 tookLease=0 preempt=0 elapsedMs=3
[36841][I][STORAGE] RAMSpool worker paused inflight=0 lastInflight=0
[36842][I][STORAGE] Exclusive window begin kind=enrichment reason=manual_enrich_window workerPaused=1 displaySuspended=1
[36842][I][BLE] Manual enrichment window batch count=18 active=1 noData=0 budgetExhausted=0 timeHit=0
[36843][I][STORAGE] RAMSpool worker resumed
[36843][I][STORAGE] Exclusive window end kind=enrichment result=manual_batch_built reason=manual_enrich_window
[36843][I][BLE] enrichment request queued count=18 bytes=180
[36843][I][BLE] Requested enrichment batch count=18 queued=0
[36984][I][BLE] enrichment send mtu=247 attPayload=244 bytes=180 count=18
[37020][I][BLE] enrichment batch sent plain=180 sealed=202 count=18 writeOk=1
[37286][I][BLE] enrichment rx chunk cipher=222 queued=0
[37437][I][BLE] enrichment rx chunk cipher=222 queued=1
[37438][I][BLE] enrichment rx chunk cipher=222 queued=0
[37589][I][BLE] enrichment rx chunk cipher=222 queued=1
[37590][I][BLE] enrichment rx chunk cipher=68 queued=0
[37591][I][BLE] enrich_xfer_perf count=18 sendMs=36 waitMs=572 rxBytes=846
[37591][I][BLE] enrichment batch received count=18 bytes=846
[37591][I][BLE] enrichment batch consumed count=18
[37592][I][BLE] Enrich batch queued count=18 queueSize=1
[37592][I][BLE] Enrichment batch received count=18 claimed=0 queued=1
[37592][I][BLE] Enrich drain begin count=18 queueSize=1 ageMs=0
[37593][I][BLE] enrich_perf count=18 applied=0 failed=0 deferred=18 storageMs=0 pendingUpload=4535
[37593][I][BLE] Enrich drain done applied=0 failed=0 deferred=18 queueSize=0
[37594][I][BLE] Enrich torrent done drained=1 remaining=0 tookLease=0 preempt=0 elapsedMs=2
[37604][I][STORAGE] RAMSpool worker paused inflight=0 lastInflight=0
[37605][I][STORAGE] Exclusive window begin kind=enrichment reason=manual_enrich_window workerPaused=1 displaySuspended=1
[37605][I][BLE] Manual enrichment window batch count=18 active=1 noData=0 budgetExhausted=0 timeHit=0
[37606][I][STORAGE] RAMSpool worker resumed
[37606][I][STORAGE] Exclusive window end kind=enrichment result=manual_batch_built reason=manual_enrich_window
[37606][I][BLE] enrichment request queued count=18 bytes=180
[37606][I][BLE] Requested enrichment batch count=18 queued=0
[37746][I][BLE] enrichment send mtu=247 attPayload=244 bytes=180 count=18
[37798][I][BLE] enrichment batch sent plain=180 sealed=202 count=18 writeOk=1
[38046][I][BLE] enrichment rx chunk cipher=222 queued=0
[38200][I][BLE] enrichment rx chunk cipher=222 queued=1
[38201][I][BLE] enrichment rx chunk cipher=222 queued=0
[38352][I][BLE] enrichment rx chunk cipher=222 queued=1
[38353][I][BLE] enrichment rx chunk cipher=68 queued=0
[38354][I][BLE] enrich_xfer_perf count=18 sendMs=52 waitMs=556 rxBytes=846
[38354][I][BLE] enrichment batch received count=18 bytes=846
[38355][I][BLE] enrichment batch consumed count=18
[38355][I][BLE] Enrich batch queued count=18 queueSize=1
[38355][I][BLE] Enrichment batch received count=18 claimed=0 queued=1
[38355][I][BLE] Enrich drain begin count=18 queueSize=1 ageMs=0
[38356][I][BLE] enrich_perf count=18 applied=0 failed=0 deferred=18 storageMs=0 pendingUpload=4535
[38356][I][BLE] Enrich drain done applied=0 failed=0 deferred=18 queueSize=0
[38357][I][BLE] Enrich torrent done drained=1 remaining=0 tookLease=0 preempt=0 elapsedMs=2
[38367][I][STORAGE] RAMSpool worker paused inflight=0 lastInflight=0
[38368][I][STORAGE] Exclusive window begin kind=enrichment reason=manual_enrich_window workerPaused=1 displaySuspended=1
[38368][I][BLE] Manual enrichment window batch count=18 active=1 noData=0 budgetExhausted=0 timeHit=0
[38369][I][STORAGE] RAMSpool worker resumed
[38369][I][STORAGE] Exclusive window end kind=enrichment result=manual_batch_built reason=manual_enrich_window
[38369][I][BLE] enrichment request queued count=18 bytes=180
[38369][I][BLE] Requested enrichment batch count=18 queued=0
[38509][I][BLE] enrichment send mtu=247 attPayload=244 bytes=180 count=18
[38548][I][BLE] enrichment batch sent plain=180 sealed=202 count=18 writeOk=1
[38809][I][BLE] enrichment rx chunk cipher=222 queued=0
[38961][I][BLE] enrichment batch acknowledged by phone
[38962][I][BLE] enrichment rx chunk cipher=222 queued=1
[38963][I][BLE] enrichment rx chunk cipher=222 queued=0
[39116][I][BLE] enrichment rx chunk cipher=222 queued=1
[39117][I][BLE] enrichment rx chunk cipher=68 queued=0
[39118][I][BLE] enrich_xfer_perf count=18 sendMs=39 waitMs=570 rxBytes=846
[39118][I][BLE] enrichment batch received count=18 bytes=846
[39119][I][BLE] enrichment batch consumed count=18
[39120][I][BLE] Enrich batch queued count=18 queueSize=1
[39120][I][BLE] Enrichment batch received count=18 claimed=0 queued=1
[39121][I][BLE] Enrich drain begin count=18 queueSize=1 ageMs=0
[39121][I][BLE] enrich_perf count=18 applied=0 failed=0 deferred=18 storageMs=0 pendingUpload=4535
[39122][I][BLE] Enrich drain done applied=0 failed=0 deferred=18 queueSize=0
[39122][I][BLE] Enrich torrent done drained=1 remaining=0 tookLease=0 preempt=0 elapsedMs=2
[39132][I][STORAGE] RAMSpool worker paused inflight=0 lastInflight=0
[39133][I][STORAGE] Exclusive window begin kind=enrichment reason=manual_enrich_window workerPaused=1 displaySuspended=1
[39133][I][BLE] Manual enrichment window batch count=18 active=1 noData=0 budgetExhausted=0 timeHit=0
[39134][I][STORAGE] RAMSpool worker resumed
[39134][I][STORAGE] Exclusive window end kind=enrichment result=manual_batch_built reason=manual_enrich_window
[39134][I][BLE] enrichment request queued count=18 bytes=180
[39134][I][BLE] Requested enrichment batch count=18 queued=0
[39274][W][BLE] gps decrypt failed: secure decrypt replay/stale counter
[39275][I][BLE] enrichment send mtu=247 attPayload=244 bytes=180 count=18
[39328][I][BLE] enrichment batch sent plain=180 sealed=202 count=18 writeOk=1
[39575][I][BLE] enrichment rx chunk cipher=222 queued=1
[39576][I][BLE] enrichment rx chunk cipher=222 queued=0
[39727][I][BLE] enrichment rx chunk cipher=222 queued=0
[39878][I][BLE] enrichment rx chunk cipher=222 queued=1
[39879][I][BLE] enrichment rx chunk cipher=68 queued=0
[39880][I][BLE] enrich_xfer_perf count=18 sendMs=53 waitMs=552 rxBytes=846
[39880][I][BLE] enrichment batch received count=18 bytes=846
[39880][I][BLE] enrichment batch consumed count=18
[39881][I][BLE] Enrich batch queued count=18 queueSize=1
[39881][I][BLE] Enrichment batch received count=18 claimed=0 queued=1
[39881][I][BLE] Enrich drain begin count=18 queueSize=1 ageMs=0
[39882][I][BLE] enrich_perf count=18 applied=0 failed=0 deferred=18 storageMs=0 pendingUpload=4535
[39882][I][BLE] Enrich drain done applied=0 failed=0 deferred=18 queueSize=0
[39883][I][BLE] Enrich torrent done drained=1 remaining=0 tookLease=0 preempt=0 elapsedMs=2
[39893][I][STORAGE] RAMSpool worker paused inflight=0 lastInflight=0
[39894][I][STORAGE] Exclusive window begin kind=enrichment reason=manual_enrich_window workerPaused=1 displaySuspended=1
[39894][I][BLE] Manual enrichment window batch count=18 active=1 noData=0 budgetExhausted=0 timeHit=0
[39895][I][STORAGE] RAMSpool worker resumed
[39895][I][STORAGE] Exclusive window end kind=enrichment result=manual_batch_built reason=manual_enrich_window
[39895][I][BLE] enrichment request queued count=18 bytes=180
[39895][I][BLE] Requested enrichment batch count=18 queued=0
[40035][I][BLE] enrichment send mtu=247 attPayload=244 bytes=180 count=18
[40079][I][BLE] enrichment batch sent plain=180 sealed=202 count=18 writeOk=1
[40338][I][BLE] enrichment rx chunk cipher=222 queued=0
[40489][I][BLE] enrichment rx chunk cipher=222 queued=1
[40490][I][BLE] enrichment rx chunk cipher=222 queued=0
[40641][I][BLE] enrichment rx chunk cipher=222 queued=1
[40642][I][BLE] enrichment rx chunk cipher=68 queued=0
[40643][I][BLE] enrich_xfer_perf count=18 sendMs=43 waitMs=565 rxBytes=846
[40643][I][BLE] enrichment batch received count=18 bytes=846
[40643][I][BLE] enrichment batch consumed count=18
[40644][I][BLE] Enrich batch queued count=18 queueSize=1
[40644][I][BLE] Enrichment batch received count=18 claimed=0 queued=1
[40644][I][BLE] Enrich drain begin count=18 queueSize=1 ageMs=0
[40645][I][BLE] enrich_perf count=18 applied=0 failed=0 deferred=18 storageMs=0 pendingUpload=4535
[40645][I][BLE] Enrich drain done applied=0 failed=0 deferred=18 queueSize=0
[40646][I][BLE] Enrich torrent done drained=1 remaining=0 tookLease=0 preempt=0 elapsedMs=2
[40656][I][STORAGE] RAMSpool worker paused inflight=0 lastInflight=0
[40657][I][STORAGE] Exclusive window begin kind=enrichment reason=manual_enrich_window workerPaused=1 displaySuspended=1
[40657][I][BLE] Manual enrichment window batch count=18 active=1 noData=0 budgetExhausted=0 timeHit=0
[40658][I][STORAGE] RAMSpool worker resumed
[40658][I][STORAGE] Exclusive window end kind=enrichment result=manual_batch_built reason=manual_enrich_window
[40658][I][BLE] enrichment request queued count=18 bytes=180
[40658][I][BLE] Requested enrichment batch count=18 queued=0
[40798][I][BLE] enrichment send mtu=247 attPayload=244 bytes=180 count=18
[40859][I][BLE] enrichment batch sent plain=180 sealed=202 count=18 writeOk=1
[41101][I][BLE] enrichment batch acknowledged by phone
[41102][I][BLE] enrichment rx chunk cipher=222 queued=0
[41253][I][BLE] enrichment rx chunk cipher=222 queued=1
[41254][I][BLE] enrichment rx chunk cipher=222 queued=0
[41405][I][BLE] enrichment rx chunk cipher=222 queued=1
[41406][I][BLE] enrichment rx chunk cipher=68 queued=0
[41407][I][BLE] enrich_xfer_perf count=18 sendMs=60 waitMs=549 rxBytes=846
[41407][I][BLE] enrichment batch received count=18 bytes=846
[41407][I][BLE] enrichment batch consumed count=18
[41408][I][BLE] Enrich batch queued count=18 queueSize=1
[41408][I][BLE] Enrichment batch received count=18 claimed=0 queued=1
[41408][I][BLE] Enrich drain begin count=18 queueSize=1 ageMs=0
[41409][I][BLE] enrich_perf count=18 applied=0 failed=0 deferred=18 storageMs=0 pendingUpload=4535
[41409][I][BLE] Enrich drain done applied=0 failed=0 deferred=18 queueSize=0
[41410][I][BLE] Enrich torrent done drained=1 remaining=0 tookLease=0 preempt=0 elapsedMs=2
[41420][I][STORAGE] RAMSpool worker paused inflight=0 lastInflight=0
[41421][I][STORAGE] Exclusive window begin kind=enrichment reason=manual_enrich_window workerPaused=1 displaySuspended=1
[41421][I][BLE] Manual enrichment window batch count=18 active=1 noData=0 budgetExhausted=0 timeHit=0
[41422][I][STORAGE] RAMSpool worker resumed
[41422][I][STORAGE] Exclusive window end kind=enrichment result=manual_batch_built reason=manual_enrich_window
[41422][I][BLE] enrichment request queued count=18 bytes=180
[41422][I][BLE] Requested enrichment batch count=18 queued=0
[41562][I][BLE] enrichment send mtu=247 attPayload=244 bytes=180 count=18
[41608][I][BLE] enrichment batch sent plain=180 sealed=202 count=18 writeOk=1
[41862][I][BLE] enrichment rx chunk cipher=222 queued=0
[42013][I][BLE] enrichment rx chunk cipher=222 queued=1
[42014][I][BLE] enrichment rx chunk cipher=222 queued=0
[42168][I][BLE] enrichment rx chunk cipher=222 queued=1
[42169][I][BLE] enrichment rx chunk cipher=68 queued=0
[42170][I][BLE] enrich_xfer_perf count=18 sendMs=46 waitMs=562 rxBytes=846
[42170][I][BLE] enrichment batch received count=18 bytes=846
[42171][I][BLE] enrichment batch consumed count=18
[42171][I][BLE] Enrich batch queued count=18 queueSize=1
[42171][I][BLE] Enrichment batch received count=18 claimed=0 queued=1
[42171][I][BLE] Enrich drain begin count=18 queueSize=1 ageMs=0
[42172][I][BLE] enrich_perf count=18 applied=0 failed=0 deferred=18 storageMs=0 pendingUpload=4535
[42173][I][BLE] Enrich drain done applied=0 failed=0 deferred=18 queueSize=0
[42173][I][BLE] Enrich torrent done drained=1 remaining=0 tookLease=0 preempt=0 elapsedMs=2
[42183][I][STORAGE] RAMSpool worker paused inflight=0 lastInflight=0
[42184][I][STORAGE] Exclusive window begin kind=enrichment reason=manual_enrich_window workerPaused=1 displaySuspended=1
[42184][I][BLE] Manual enrichment window batch count=18 active=1 noData=0 budgetExhausted=0 timeHit=0
[42184][I][STORAGE] RAMSpool worker resumed
[42185][I][STORAGE] Exclusive window end kind=enrichment result=manual_batch_built reason=manual_enrich_window
[42185][I][BLE] enrichment request queued count=18 bytes=180
[42185][I][BLE] Requested enrichment batch count=18 queued=0
[42325][I][BLE] enrichment send mtu=247 attPayload=244 bytes=180 count=18
[42359][I][BLE] enrichment batch sent plain=180 sealed=202 count=18 writeOk=1
[42625][I][BLE] enrichment rx chunk cipher=222 queued=0
[42776][I][BLE] enrichment rx chunk cipher=222 queued=1
[42777][I][BLE] enrichment rx chunk cipher=222 queued=0
[42928][I][BLE] enrichment rx chunk cipher=222 queued=1
[42929][I][BLE] enrichment rx chunk cipher=68 queued=0
[42930][I][BLE] enrich_xfer_perf count=18 sendMs=33 waitMs=572 rxBytes=846
[42930][I][BLE] enrichment batch received count=18 bytes=846
[42931][I][BLE] enrichment batch consumed count=18
[42931][I][BLE] Enrich batch queued count=18 queueSize=1
[42931][I][BLE] Enrichment batch received count=18 claimed=0 queued=1
[42931][I][BLE] Enrich drain begin count=18 queueSize=1 ageMs=0
[42932][I][BLE] enrich_perf count=18 applied=0 failed=0 deferred=18 storageMs=0 pendingUpload=4535
[42932][I][BLE] Enrich drain done applied=0 failed=0 deferred=18 queueSize=0
[42933][I][BLE] Enrich torrent done drained=1 remaining=0 tookLease=0 preempt=0 elapsedMs=2
[42943][I][STORAGE] RAMSpool worker paused inflight=0 lastInflight=0
[42944][I][STORAGE] Exclusive window begin kind=enrichment reason=manual_enrich_window workerPaused=1 displaySuspended=1
[42944][I][BLE] Manual enrichment window batch count=18 active=1 noData=0 budgetExhausted=0 timeHit=0
[42945][I][STORAGE] RAMSpool worker resumed
[42945][I][STORAGE] Exclusive window end kind=enrichment result=manual_batch_built reason=manual_enrich_window
[42945][I][BLE] enrichment request queued count=18 bytes=180
[42945][I][BLE] Requested enrichment batch count=18 queued=0
[43139][I][BLE] enrichment send mtu=247 attPayload=244 bytes=180 count=18
[43199][I][BLE] enrichment batch sent plain=180 sealed=202 count=18 writeOk=1
[43238][I][BLE] enrichment batch acknowledged by phone
[43389][I][BLE] enrichment rx chunk cipher=222 queued=0
[43540][I][BLE] enrichment rx chunk cipher=222 queued=1
[43541][I][BLE] enrichment rx chunk cipher=222 queued=0
[43692][I][BLE] enrichment rx chunk cipher=222 queued=1
[43693][I][BLE] enrichment rx chunk cipher=68 queued=0
[43694][I][BLE] enrich_xfer_perf count=18 sendMs=59 waitMs=496 rxBytes=846
[43694][I][BLE] enrichment batch received count=18 bytes=846
[43695][I][BLE] enrichment batch consumed count=18
[43695][I][BLE] Enrich batch queued count=18 queueSize=1
[43695][I][BLE] Enrichment batch received count=18 claimed=0 queued=1
[43695][I][BLE] Enrich drain begin count=18 queueSize=1 ageMs=0
[43696][I][BLE] enrich_perf count=18 applied=0 failed=0 deferred=18 storageMs=0 pendingUpload=4535
[43696][I][BLE] Enrich drain done applied=0 failed=0 deferred=18 queueSize=0
[43697][I][BLE] Enrich torrent done drained=1 remaining=0 tookLease=0 preempt=0 elapsedMs=2
[43707][I][STORAGE] RAMSpool worker paused inflight=0 lastInflight=0
[43708][I][STORAGE] Exclusive window begin kind=enrichment reason=manual_enrich_window workerPaused=1 displaySuspended=1
[43708][I][BLE] Manual enrichment window batch count=18 active=1 noData=0 budgetExhausted=0 timeHit=0
[43708][I][STORAGE] RAMSpool worker resumed
[43709][I][STORAGE] Exclusive window end kind=enrichment result=manual_batch_built reason=manual_enrich_window
[43709][I][BLE] enrichment request queued count=18 bytes=180
[43709][I][BLE] Requested enrichment batch count=18 queued=0
[43849][I][BLE] enrichment send mtu=247 attPayload=244 bytes=180 count=18
[43888][I][BLE] enrichment batch sent plain=180 sealed=202 count=18 writeOk=1
[44152][I][BLE] enrichment rx chunk cipher=222 queued=1
[44153][I][BLE] enrichment rx chunk cipher=222 queued=0
[44304][W][BLE] gps decrypt failed: secure decrypt replay/stale counter
[44305][I][BLE] enrichment rx chunk cipher=222 queued=0
[44455][I][BLE] enrichment rx chunk cipher=222 queued=1
[44456][I][BLE] enrichment rx chunk cipher=68 queued=0
[44457][I][BLE] enrich_xfer_perf count=18 sendMs=39 waitMs=569 rxBytes=846
[44457][I][BLE] enrichment batch received count=18 bytes=846
[44458][I][BLE] enrichment batch consumed count=18
[44458][I][BLE] Enrich batch queued count=18 queueSize=1
[44458][I][BLE] Enrichment batch received count=18 claimed=0 queued=1
[44459][I][BLE] Enrich drain begin count=18 queueSize=1 ageMs=1
[44460][I][BLE] enrich_perf count=18 applied=0 failed=0 deferred=18 storageMs=0 pendingUpload=4535
[44460][I][BLE] Enrich drain done applied=0 failed=0 deferred=18 queueSize=0
[44460][I][BLE] Enrich torrent done drained=1 remaining=0 tookLease=0 preempt=0 elapsedMs=1
[44470][I][STORAGE] RAMSpool worker paused inflight=0 lastInflight=0
[44471][I][STORAGE] Exclusive window begin kind=enrichment reason=manual_enrich_window workerPaused=1 displaySuspended=1
[44471][I][BLE] Manual enrichment window batch count=18 active=1 noData=0 budgetExhausted=0 timeHit=0
[44472][I][STORAGE] RAMSpool worker resumed
[44472][I][STORAGE] Exclusive window end kind=enrichment result=manual_batch_built reason=manual_enrich_window
[44472][I][BLE] enrichment request queued count=18 bytes=180
[44472][I][BLE] Requested enrichment batch count=18 queued=0
[44612][I][BLE] enrichment send mtu=247 attPayload=244 bytes=180 count=18
[44668][I][BLE] enrichment batch sent plain=180 sealed=202 count=18 writeOk=1
[44912][I][BLE] enrichment rx chunk cipher=222 queued=1
[44913][I][BLE] enrichment rx chunk cipher=222 queued=0
[45064][I][BLE] enrichment rx chunk cipher=222 queued=0
[45218][I][BLE] enrichment rx chunk cipher=222 queued=1
[45219][I][BLE] enrichment rx chunk cipher=68 queued=0
[45220][I][BLE] enrich_xfer_perf count=18 sendMs=56 waitMs=552 rxBytes=846
[45220][I][BLE] enrichment batch received count=18 bytes=846
[45221][I][BLE] enrichment batch consumed count=18
[45221][I][BLE] Enrich batch queued count=18 queueSize=1
[45222][I][BLE] Enrichment batch received count=18 claimed=0 queued=1
[45222][I][BLE] Enrich drain begin count=18 queueSize=1 ageMs=1
[45223][I][BLE] enrich_perf count=18 applied=0 failed=0 deferred=18 storageMs=0 pendingUpload=4535
[45223][I][BLE] Enrich drain done applied=0 failed=0 deferred=18 queueSize=0
[45223][I][BLE] Enrich torrent done drained=1 remaining=0 tookLease=0 preempt=0 elapsedMs=1
[45233][I][STORAGE] RAMSpool worker paused inflight=0 lastInflight=0
[45234][I][STORAGE] Exclusive window begin kind=enrichment reason=manual_enrich_window workerPaused=1 displaySuspended=1
[45234][I][BLE] Manual enrichment window batch count=18 active=1 noData=0 budgetExhausted=0 timeHit=0
[45234][I][STORAGE] RAMSpool worker resumed
[45235][I][STORAGE] Exclusive window end kind=enrichment result=manual_batch_built reason=manual_enrich_window
[45235][I][BLE] enrichment request queued count=18 bytes=180
[45235][I][BLE] Requested enrichment batch count=18 queued=0
[45375][I][BLE] enrichment batch acknowledged by phone
[45376][I][BLE] enrichment send mtu=247 attPayload=244 bytes=180 count=18
[45418][I][BLE] enrichment batch sent plain=180 sealed=202 count=18 writeOk=1
[45676][I][BLE] enrichment rx chunk cipher=222 queued=0
[45827][I][BLE] enrichment rx chunk cipher=222 queued=1
[45828][I][BLE] enrichment rx chunk cipher=222 queued=0
[45979][I][BLE] enrichment rx chunk cipher=222 queued=1
[45980][I][BLE] enrichment rx chunk cipher=68 queued=0
[45981][I][BLE] enrich_xfer_perf count=18 sendMs=42 waitMs=563 rxBytes=846
[45981][I][BLE] enrichment batch received count=18 bytes=846
[45981][I][BLE] enrichment batch consumed count=18
[45982][I][BLE] Enrich batch queued count=18 queueSize=1
[45982][I][BLE] Enrichment batch received count=18 claimed=0 queued=1
[45982][I][BLE] Enrich drain begin count=18 queueSize=1 ageMs=0
[45983][I][BLE] enrich_perf count=18 applied=0 failed=0 deferred=18 storageMs=0 pendingUpload=4535
[45983][I][BLE] Enrich drain done applied=0 failed=0 deferred=18 queueSize=0
[45984][I][BLE] Enrich torrent done drained=1 remaining=0 tookLease=0 preempt=0 elapsedMs=2
[45994][I][STORAGE] RAMSpool worker paused inflight=0 lastInflight=0
[45995][I][STORAGE] Exclusive window begin kind=enrichment reason=manual_enrich_window workerPaused=1 displaySuspended=1
[45995][I][BLE] Manual enrichment window batch count=18 active=1 noData=0 budgetExhausted=0 timeHit=0
[45996][I][STORAGE] RAMSpool worker resumed
[45996][I][STORAGE] Exclusive window end kind=enrichment result=manual_batch_built reason=manual_enrich_window
[45996][I][BLE] enrichment request queued count=18 bytes=180
[45996][I][BLE] Requested enrichment batch count=18 queued=0
[46139][I][BLE] enrichment send mtu=247 attPayload=244 bytes=180 count=18
[46198][I][BLE] enrichment batch sent plain=180 sealed=202 count=18 writeOk=1
[46439][I][BLE] enrichment rx chunk cipher=222 queued=0
[46590][I][BLE] enrichment rx chunk cipher=222 queued=1
[46591][I][BLE] enrichment rx chunk cipher=222 queued=0
[46742][I][BLE] enrichment rx chunk cipher=222 queued=1
[46743][I][BLE] enrichment rx chunk cipher=68 queued=0
[46744][I][BLE] enrich_xfer_perf count=18 sendMs=59 waitMs=546 rxBytes=846
[46744][I][BLE] enrichment batch received count=18 bytes=846
[46744][I][BLE] enrichment batch consumed count=18
[46745][I][BLE] Enrich batch queued count=18 queueSize=1
[46745][I][BLE] Enrichment batch received count=18 claimed=0 queued=1
[46745][I][BLE] Enrich drain begin count=18 queueSize=1 ageMs=0
[46746][I][BLE] enrich_perf count=18 applied=0 failed=0 deferred=18 storageMs=0 pendingUpload=4535
[46746][I][BLE] Enrich drain done applied=0 failed=0 deferred=18 queueSize=0
[46747][I][BLE] Enrich torrent done drained=1 remaining=0 tookLease=0 preempt=0 elapsedMs=2
[46757][I][STORAGE] RAMSpool worker paused inflight=0 lastInflight=0
[46758][I][STORAGE] Exclusive window begin kind=enrichment reason=manual_enrich_window workerPaused=1 displaySuspended=1
[46758][I][BLE] Manual enrichment window batch count=18 active=1 noData=0 budgetExhausted=0 timeHit=0
[46759][I][STORAGE] RAMSpool worker resumed
[46759][I][STORAGE] Exclusive window end kind=enrichment result=manual_batch_built reason=manual_enrich_window
[46759][I][BLE] enrichment request queued count=18 bytes=180
[46759][I][BLE] Requested enrichment batch count=18 queued=0
[46899][I][BLE] enrichment send mtu=247 attPayload=244 bytes=180 count=18
[46948][I][BLE] enrichment batch sent plain=180 sealed=202 count=18 writeOk=1
[47202][I][BLE] enrichment rx chunk cipher=222 queued=0
[47353][I][BLE] enrichment rx chunk cipher=222 queued=1
[47354][I][BLE] enrichment rx chunk cipher=222 queued=0
[47505][I][BLE] enrichment batch acknowledged by phone
[47506][I][BLE] enrichment rx chunk cipher=222 queued=1
[47507][I][BLE] enrichment rx chunk cipher=68 queued=0
[47507][I][BLE] enrich_xfer_perf count=18 sendMs=49 waitMs=559 rxBytes=846
[47508][I][BLE] enrichment batch received count=18 bytes=846
[47508][I][BLE] enrichment batch consumed count=18
[47508][I][BLE] Enrich batch queued count=18 queueSize=1
[47509][I][BLE] Enrichment batch received count=18 claimed=0 queued=1
[47509][I][BLE] Enrich drain begin count=18 queueSize=1 ageMs=1
[47510][I][BLE] enrich_perf count=18 applied=0 failed=0 deferred=18 storageMs=0 pendingUpload=4535
[47510][I][BLE] Enrich drain done applied=0 failed=0 deferred=18 queueSize=0
[47510][I][BLE] Enrich torrent done drained=1 remaining=0 tookLease=0 preempt=0 elapsedMs=1
[47520][I][STORAGE] RAMSpool worker paused inflight=0 lastInflight=0
[47521][I][STORAGE] Exclusive window begin kind=enrichment reason=manual_enrich_window workerPaused=1 displaySuspended=1
[47521][I][BLE] Manual enrichment window batch count=18 active=1 noData=0 budgetExhausted=0 timeHit=0
[47522][I][STORAGE] RAMSpool worker resumed
[47522][I][STORAGE] Exclusive window end kind=enrichment result=manual_batch_built reason=manual_enrich_window
[47522][I][BLE] enrichment request queued count=18 bytes=180
[47522][I][BLE] Requested enrichment batch count=18 queued=0
[47662][I][BLE] enrichment send mtu=247 attPayload=244 bytes=180 count=18
[47698][I][BLE] enrichment batch sent plain=180 sealed=202 count=18 writeOk=1
[47812][I][BLE] worker stack free=7376B min=7376B
[47963][I][BLE] enrichment rx chunk cipher=222 queued=1
[47964][I][BLE] enrichment rx chunk cipher=222 queued=0
[48118][I][BLE] enrichment rx chunk cipher=222 queued=0
[48269][I][BLE] enrichment rx chunk cipher=222 queued=1
[48270][I][BLE] enrichment rx chunk cipher=68 queued=0
[48271][I][BLE] enrich_xfer_perf count=18 sendMs=36 waitMs=573 rxBytes=846
[48271][I][BLE] enrichment batch received count=18 bytes=846
[48272][I][BLE] enrichment batch consumed count=18
[48272][I][BLE] Enrich batch queued count=18 queueSize=1
[48272][I][BLE] Enrichment batch received count=18 claimed=0 queued=1
[48272][I][BLE] Enrich drain begin count=18 queueSize=1 ageMs=0
[48273][I][BLE] enrich_perf count=18 applied=0 failed=0 deferred=18 storageMs=0 pendingUpload=4535
[48273][I][BLE] Enrich drain done applied=0 failed=0 deferred=18 queueSize=0
[48274][I][BLE] Enrich torrent done drained=1 remaining=0 tookLease=0 preempt=0 elapsedMs=2
[48284][I][STORAGE] RAMSpool worker paused inflight=0 lastInflight=0
[48285][I][STORAGE] Exclusive window begin kind=enrichment reason=manual_enrich_window workerPaused=1 displaySuspended=1
[48285][I][BLE] Manual enrichment window batch count=18 active=1 noData=0 budgetExhausted=0 timeHit=0
[48286][I][STORAGE] RAMSpool worker resumed
[48286][I][STORAGE] Exclusive window end kind=enrichment result=manual_batch_built reason=manual_enrich_window
[48286][I][BLE] enrichment request queued count=18 bytes=180
[48286][I][BLE] Requested enrichment batch count=18 queued=0
[48426][I][BLE] enrichment send mtu=247 attPayload=244 bytes=180 count=18
[48478][I][BLE] enrichment batch sent plain=180 sealed=202 count=18 writeOk=1
[48726][I][BLE] enrichment rx chunk cipher=222 queued=1
[48727][I][BLE] enrichment rx chunk cipher=222 queued=0
[48878][I][BLE] enrichment rx chunk cipher=222 queued=0
[49029][I][BLE] enrichment rx chunk cipher=222 queued=1
[49030][I][BLE] enrichment rx chunk cipher=68 queued=0
[49031][I][BLE] enrich_xfer_perf count=18 sendMs=52 waitMs=553 rxBytes=846
[49031][I][BLE] enrichment batch received count=18 bytes=846
[49032][I][BLE] enrichment batch consumed count=18
[49032][I][BLE] Enrich batch queued count=18 queueSize=1
[49032][I][BLE] Enrichment batch received count=18 claimed=0 queued=1
[49032][I][BLE] Enrich drain begin count=18 queueSize=1 ageMs=0
[49033][I][BLE] enrich_perf count=18 applied=0 failed=0 deferred=18 storageMs=0 pendingUpload=4535
[49033][I][BLE] Enrich drain done applied=0 failed=0 deferred=18 queueSize=0
[49034][I][BLE] Enrich torrent done drained=1 remaining=0 tookLease=0 preempt=0 elapsedMs=2
[49044][I][STORAGE] RAMSpool worker paused inflight=0 lastInflight=0
[49045][I][STORAGE] Exclusive window begin kind=enrichment reason=manual_enrich_window workerPaused=1 displaySuspended=1
[49045][I][BLE] Manual enrichment window batch count=18 active=1 noData=0 budgetExhausted=0 timeHit=0
[49046][I][STORAGE] RAMSpool worker resumed
[49046][I][STORAGE] Exclusive window end kind=enrichment result=manual_batch_built reason=manual_enrich_window
[49046][I][BLE] enrichment request queued count=18 bytes=180
[49046][I][BLE] Requested enrichment batch count=18 queued=0
[49229][I][BLE] enrichment send mtu=247 attPayload=244 bytes=180 count=18
[49288][I][BLE] enrichment batch sent plain=180 sealed=202 count=18 writeOk=1
[49340][W][BLE] gps decrypt failed: secure decrypt replay/stale counter
[49500][I][BLE] enrichment rx chunk cipher=222 queued=0
[49651][I][BLE] enrichment batch acknowledged by phone
[49652][I][BLE] enrichment rx chunk cipher=222 queued=1
[49653][I][BLE] enrichment rx chunk cipher=222 queued=0
[49803][I][BLE] enrichment rx chunk cipher=222 queued=1
[49804][I][BLE] enrichment rx chunk cipher=68 queued=0
[49805][I][BLE] enrich_xfer_perf count=18 sendMs=59 waitMs=517 rxBytes=846
[49805][I][BLE] enrichment batch received count=18 bytes=846
[49806][I][BLE] enrichment batch consumed count=18
[49806][I][BLE] Enrich batch queued count=18 queueSize=1
[49806][I][BLE] Enrichment batch received count=18 claimed=0 queued=1
[49806][I][BLE] Enrich drain begin count=18 queueSize=1 ageMs=0
[49807][I][BLE] enrich_perf count=18 applied=0 failed=0 deferred=18 storageMs=0 pendingUpload=4535
[49807][I][BLE] Enrich drain done applied=0 failed=0 deferred=18 queueSize=0
[49808][I][BLE] Enrich torrent done drained=1 remaining=0 tookLease=0 preempt=0 elapsedMs=2
[49818][I][STORAGE] RAMSpool worker paused inflight=0 lastInflight=0
[49819][I][STORAGE] Exclusive window begin kind=enrichment reason=manual_enrich_window workerPaused=1 displaySuspended=1
[49819][I][BLE] Manual enrichment window batch count=18 active=1 noData=0 budgetExhausted=0 timeHit=0
[49819][I][STORAGE] RAMSpool worker resumed
[49820][I][STORAGE] Exclusive window end kind=enrichment result=manual_batch_built reason=manual_enrich_window
[49820][I][BLE] enrichment request queued count=18 bytes=180
[49820][I][BLE] Requested enrichment batch count=18 queued=0
[49960][I][BLE] enrichment send mtu=247 attPayload=244 bytes=180 count=18
[50008][I][BLE] enrichment batch sent plain=180 sealed=202 count=18 writeOk=1
[50263][I][BLE] enrichment rx chunk cipher=222 queued=0
[50414][I][BLE] enrichment rx chunk cipher=222 queued=1
[50415][I][BLE] enrichment rx chunk cipher=222 queued=0
[50566][I][BLE] enrichment rx chunk cipher=222 queued=1
[50567][I][BLE] enrichment rx chunk cipher=68 queued=0
[50568][I][BLE] enrich_xfer_perf count=18 sendMs=48 waitMs=560 rxBytes=846
[50568][I][BLE] enrichment batch received count=18 bytes=846
[50568][I][BLE] enrichment batch consumed count=18
[50569][I][BLE] Enrich batch queued count=18 queueSize=1
[50569][I][BLE] Enrichment batch received count=18 claimed=0 queued=1
[50569][I][BLE] Enrich drain begin count=18 queueSize=1 ageMs=0
[50570][I][BLE] enrich_perf count=18 applied=0 failed=0 deferred=18 storageMs=0 pendingUpload=4535
[50570][I][BLE] Enrich drain done applied=0 failed=0 deferred=18 queueSize=0
[50571][I][BLE] Enrich torrent done drained=1 remaining=0 tookLease=0 preempt=0 elapsedMs=2
[50581][I][STORAGE] RAMSpool worker paused inflight=0 lastInflight=0
[50582][I][STORAGE] Exclusive window begin kind=enrichment reason=manual_enrich_window workerPaused=1 displaySuspended=1
[50582][I][BLE] Manual enrichment window batch count=18 active=1 noData=0 budgetExhausted=0 timeHit=0
[50583][I][STORAGE] RAMSpool worker resumed
[50583][I][STORAGE] Exclusive window end kind=enrichment result=manual_batch_built reason=manual_enrich_window
[50583][I][BLE] enrichment request queued count=18 bytes=180
[50583][I][BLE] Requested enrichment batch count=18 queued=0
[50723][I][BLE] enrichment send mtu=247 attPayload=244 bytes=180 count=18
[50759][I][BLE] enrichment batch sent plain=180 sealed=202 count=18 writeOk=1
[51023][I][BLE] enrichment rx chunk cipher=222 queued=0
[51148][I][BLE] storage snapshot sent pendingUp=0/4535 pendingEnrich=0/4538 usedPct=19
[51182][I][BLE] enrichment rx chunk cipher=222 queued=2
[51183][I][BLE] enrichment rx chunk cipher=222 queued=1
[51184][I][BLE] enrichment rx chunk cipher=222 queued=0
[51344][I][BLE] enrichment rx chunk cipher=68 queued=0
[51345][I][BLE] enrich_xfer_perf count=18 sendMs=35 waitMs=587 rxBytes=846
[51345][I][BLE] enrichment batch received count=18 bytes=846
[51346][I][BLE] enrichment batch consumed count=18
[51346][I][BLE] Enrich batch queued count=18 queueSize=1
[51346][I][BLE] Enrichment batch received count=18 claimed=0 queued=1
[51347][I][BLE] Enrich drain begin count=18 queueSize=1 ageMs=0
[51347][I][BLE] enrich_perf count=18 applied=0 failed=0 deferred=18 storageMs=0 pendingUpload=4535
[51348][I][BLE] Enrich drain done applied=0 failed=0 deferred=18 queueSize=0
[51348][I][BLE] Enrich torrent done drained=1 remaining=0 tookLease=0 preempt=0 elapsedMs=2
[51358][I][STORAGE] RAMSpool worker paused inflight=0 lastInflight=0
[51359][I][STORAGE] Exclusive window begin kind=enrichment reason=manual_enrich_window workerPaused=1 displaySuspended=1
[51359][I][BLE] Manual enrichment window batch count=18 active=1 noData=0 budgetExhausted=0 timeHit=0
[51360][I][STORAGE] RAMSpool worker resumed
[51360][I][STORAGE] Exclusive window end kind=enrichment result=manual_batch_built reason=manual_enrich_window
[51360][I][BLE] enrichment request queued count=18 bytes=180
[51360][I][BLE] Requested enrichment batch count=18 queued=0
[51539][I][BLE] enrichment send mtu=247 attPayload=244 bytes=180 count=18
[51598][I][BLE] enrichment batch sent plain=180 sealed=202 count=18 writeOk=1
[51650][I][BLE] enrichment batch acknowledged by phone
[51801][I][BLE] enrichment rx chunk cipher=222 queued=0
[51952][I][BLE] enrichment rx chunk cipher=222 queued=1
[51953][I][BLE] enrichment rx chunk cipher=222 queued=0
[52104][I][BLE] enrichment rx chunk cipher=222 queued=1
[52105][I][BLE] enrichment rx chunk cipher=68 queued=0
[52106][I][BLE] enrich_xfer_perf count=18 sendMs=59 waitMs=508 rxBytes=846
[52106][I][BLE] enrichment batch received count=18 bytes=846
[52106][I][BLE] enrichment batch consumed count=18
[52107][I][BLE] Enrich batch queued count=18 queueSize=1
[52107][I][BLE] Enrichment batch received count=18 claimed=0 queued=1
[52107][I][BLE] Enrich drain begin count=18 queueSize=1 ageMs=0
[52108][I][BLE] enrich_perf count=18 applied=0 failed=0 deferred=18 storageMs=0 pendingUpload=4535
[52109][I][BLE] Enrich drain done applied=0 failed=0 deferred=18 queueSize=0
[52109][I][BLE] Enrich torrent done drained=1 remaining=0 tookLease=0 preempt=0 elapsedMs=2
[52119][I][STORAGE] RAMSpool worker paused inflight=0 lastInflight=0
[52120][I][STORAGE] Exclusive window begin kind=enrichment reason=manual_enrich_window workerPaused=1 displaySuspended=1
[52120][I][BLE] Manual enrichment window batch count=18 active=1 noData=0 budgetExhausted=0 timeHit=0
[52121][I][STORAGE] RAMSpool worker resumed
[52121][I][STORAGE] Exclusive window end kind=enrichment result=manual_batch_built reason=manual_enrich_window
[52121][I][BLE] enrichment request queued count=18 bytes=180
[52121][I][BLE] Requested enrichment batch count=18 queued=0
[52264][I][BLE] enrichment send mtu=247 attPayload=244 bytes=180 count=18
[52318][I][BLE] enrichment batch sent plain=180 sealed=202 count=18 writeOk=1
[52564][I][BLE] enrichment rx chunk cipher=222 queued=0
[52715][I][BLE] enrichment rx chunk cipher=222 queued=1
[52716][I][BLE] enrichment rx chunk cipher=222 queued=0
[52867][I][BLE] enrichment rx chunk cipher=222 queued=1
[52868][I][BLE] enrichment rx chunk cipher=68 queued=0
[52869][I][BLE] enrich_xfer_perf count=18 sendMs=54 waitMs=551 rxBytes=846
[52869][I][BLE] enrichment batch received count=18 bytes=846
[52870][I][BLE] enrichment batch consumed count=18
[52870][I][BLE] Enrich batch queued count=18 queueSize=1
[52870][I][BLE] Enrichment batch received count=18 claimed=0 queued=1
[52870][I][BLE] Enrich drain begin count=18 queueSize=1 ageMs=0
[52871][I][BLE] enrich_perf count=18 applied=0 failed=0 deferred=18 storageMs=0 pendingUpload=4535
[52872][I][BLE] Enrich drain done applied=0 failed=0 deferred=18 queueSize=0
[52872][I][BLE] Enrich torrent done drained=1 remaining=0 tookLease=0 preempt=0 elapsedMs=2
[52882][I][STORAGE] RAMSpool worker paused inflight=0 lastInflight=0
[52883][I][STORAGE] Exclusive window begin kind=enrichment reason=manual_enrich_window workerPaused=1 displaySuspended=1
[52883][I][BLE] Manual enrichment window batch count=18 active=1 noData=0 budgetExhausted=0 timeHit=0
[52884][I][STORAGE] RAMSpool worker resumed
[52884][I][STORAGE] Exclusive window end kind=enrichment result=manual_batch_built reason=manual_enrich_window
[52884][I][BLE] enrichment request queued count=18 bytes=180
[52884][I][BLE] Requested enrichment batch count=18 queued=0
[53024][I][BLE] enrichment send mtu=247 attPayload=244 bytes=180 count=18
[53068][I][BLE] enrichment batch sent plain=180 sealed=202 count=18 writeOk=1
[53327][I][BLE] enrichment rx chunk cipher=222 queued=0
[53478][I][BLE] enrichment rx chunk cipher=222 queued=1
[53479][I][BLE] enrichment rx chunk cipher=222 queued=0
[53630][I][BLE] enrichment rx chunk cipher=222 queued=1
[53631][I][BLE] enrichment rx chunk cipher=68 queued=0
[53632][I][BLE] enrich_xfer_perf count=18 sendMs=44 waitMs=564 rxBytes=846
[53632][I][BLE] enrichment batch received count=18 bytes=846
[53633][I][BLE] enrichment batch consumed count=18
[53633][I][BLE] Enrich batch queued count=18 queueSize=1
[53634][I][BLE] Enrichment batch received count=18 claimed=0 queued=1
[53634][I][BLE] Enrich drain begin count=18 queueSize=1 ageMs=1
[53635][I][BLE] enrich_perf count=18 applied=0 failed=0 deferred=18 storageMs=0 pendingUpload=4535
[53635][I][BLE] Enrich drain done applied=0 failed=0 deferred=18 queueSize=0
[53635][I][BLE] Enrich torrent done drained=1 remaining=0 tookLease=0 preempt=0 elapsedMs=1
[53645][I][STORAGE] RAMSpool worker paused inflight=0 lastInflight=0
[53646][I][STORAGE] Exclusive window begin kind=enrichment reason=manual_enrich_window workerPaused=1 displaySuspended=1
[53646][I][BLE] Manual enrichment window batch count=18 active=1 noData=0 budgetExhausted=0 timeHit=0
[53647][I][STORAGE] RAMSpool worker resumed
[53647][I][STORAGE] Exclusive window end kind=enrichment result=manual_batch_built reason=manual_enrich_window
[53647][I][BLE] enrichment request queued count=18 bytes=180
[53647][I][BLE] Requested enrichment batch count=18 queued=0
[53787][I][BLE] enrichment batch acknowledged by phone
[53788][I][BLE] enrichment send mtu=247 attPayload=244 bytes=180 count=18
[53849][I][BLE] enrichment batch sent plain=180 sealed=202 count=18 writeOk=1
[54088][I][BLE] enrichment rx chunk cipher=222 queued=0
[54242][I][BLE] enrichment rx chunk cipher=222 queued=1
[54243][I][BLE] enrichment rx chunk cipher=222 queued=0
[54394][W][BLE] gps decrypt failed: secure decrypt replay/stale counter
[54394][I][BLE] enrichment rx chunk cipher=222 queued=1
[54395][I][BLE] enrichment rx chunk cipher=68 queued=0
[54396][I][BLE] enrich_xfer_perf count=18 sendMs=60 waitMs=548 rxBytes=846
[54396][I][BLE] enrichment batch received count=18 bytes=846
[54397][I][BLE] enrichment batch consumed count=18
[54397][I][BLE] Enrich batch queued count=18 queueSize=1
[54397][I][BLE] Enrichment batch received count=18 claimed=0 queued=1
[54397][I][BLE] Enrich drain begin count=18 queueSize=1 ageMs=0
[54398][I][BLE] enrich_perf count=18 applied=0 failed=0 deferred=18 storageMs=0 pendingUpload=4535
[54399][I][BLE] Enrich drain done applied=0 failed=0 deferred=18 queueSize=0
[54399][I][BLE] Enrich torrent done drained=1 remaining=0 tookLease=0 preempt=0 elapsedMs=2
[54409][I][STORAGE] RAMSpool worker paused inflight=0 lastInflight=0
[54410][I][STORAGE] Exclusive window begin kind=enrichment reason=manual_enrich_window workerPaused=1 displaySuspended=1
[54410][I][BLE] Manual enrichment window batch count=18 active=1 noData=0 budgetExhausted=0 timeHit=0
[54411][I][STORAGE] RAMSpool worker resumed
[54411][I][STORAGE] Exclusive window end kind=enrichment result=manual_batch_built reason=manual_enrich_window
[54411][I][BLE] enrichment request queued count=18 bytes=180
[54411][I][BLE] Requested enrichment batch count=18 queued=0
[54551][I][BLE] enrichment send mtu=247 attPayload=244 bytes=180 count=18
[54598][I][BLE] enrichment batch sent plain=180 sealed=202 count=18 writeOk=1
[54851][I][BLE] enrichment rx chunk cipher=222 queued=0
[55002][I][BLE] enrichment rx chunk cipher=222 queued=1
[55003][I][BLE] enrichment rx chunk cipher=222 queued=0
[55154][I][BLE] enrichment rx chunk cipher=222 queued=1
[55155][I][BLE] enrichment rx chunk cipher=68 queued=0
[55156][I][BLE] enrich_xfer_perf count=18 sendMs=47 waitMs=558 rxBytes=846
[55156][I][BLE] enrichment batch received count=18 bytes=846
[55156][I][BLE] enrichment batch consumed count=18
[55157][I][BLE] Enrich batch queued count=18 queueSize=1
[55157][I][BLE] Enrichment batch received count=18 claimed=0 queued=1
[55157][I][BLE] Enrich drain begin count=18 queueSize=1 ageMs=0
[55158][I][BLE] enrich_perf count=18 applied=0 failed=0 deferred=18 storageMs=0 pendingUpload=4535
[55158][I][BLE] Enrich drain done applied=0 failed=0 deferred=18 queueSize=0
[55159][I][BLE] Enrich torrent done drained=1 remaining=0 tookLease=0 preempt=0 elapsedMs=2
[55172][I][STORAGE] RAMSpool worker paused inflight=0 lastInflight=0
[55172][I][STORAGE] Exclusive window begin kind=enrichment reason=manual_enrich_window workerPaused=1 displaySuspended=1
[55173][I][BLE] Manual enrichment window batch count=18 active=1 noData=0 budgetExhausted=0 timeHit=0
[55173][I][STORAGE] RAMSpool worker resumed
[55173][I][STORAGE] Exclusive window end kind=enrichment result=manual_batch_built reason=manual_enrich_window
[55174][I][BLE] enrichment request queued count=18 bytes=180
[55174][I][BLE] Requested enrichment batch count=18 queued=0
[55314][I][BLE] enrichment send mtu=247 attPayload=244 bytes=180 count=18
[55349][I][BLE] enrichment batch sent plain=180 sealed=202 count=18 writeOk=1
[55614][I][BLE] enrichment rx chunk cipher=222 queued=0
[55765][I][BLE] enrichment rx chunk cipher=222 queued=1
[55766][I][BLE] enrichment rx chunk cipher=222 queued=0
[55917][I][BLE] enrichment batch acknowledged by phone
[55918][I][BLE] enrichment rx chunk cipher=222 queued=1
[55919][I][BLE] enrichment rx chunk cipher=68 queued=0
[55919][I][BLE] enrich_xfer_perf count=18 sendMs=34 waitMs=571 rxBytes=846
[55920][I][BLE] enrichment batch received count=18 bytes=846
[55920][I][BLE] enrichment batch consumed count=18
[55920][I][BLE] Enrich batch queued count=18 queueSize=1
[55921][I][BLE] Enrichment batch received count=18 claimed=0 queued=1
[55921][I][BLE] Enrich drain begin count=18 queueSize=1 ageMs=1
[55922][I][BLE] enrich_perf count=18 applied=0 failed=0 deferred=18 storageMs=0 pendingUpload=4535
[55922][I][BLE] Enrich drain done applied=0 failed=0 deferred=18 queueSize=0
[55922][I][BLE] Enrich torrent done drained=1 remaining=0 tookLease=0 preempt=0 elapsedMs=1
[55932][I][STORAGE] RAMSpool worker paused inflight=0 lastInflight=0
[55933][I][STORAGE] Exclusive window begin kind=enrichment reason=manual_enrich_window workerPaused=1 displaySuspended=1
[55933][I][BLE] Manual enrichment window batch count=18 active=1 noData=0 budgetExhausted=0 timeHit=0
[55933][I][STORAGE] RAMSpool worker resumed
[55934][I][STORAGE] Exclusive window end kind=enrichment result=manual_batch_built reason=manual_enrich_window
[55934][I][BLE] enrichment request queued count=18 bytes=180
[55934][I][BLE] Requested enrichment batch count=18 queued=0
[56074][I][BLE] enrichment send mtu=247 attPayload=244 bytes=180 count=18
[56128][I][BLE] enrichment batch sent plain=180 sealed=202 count=18 writeOk=1
[56377][I][BLE] enrichment rx chunk cipher=222 queued=1
[56378][I][BLE] enrichment rx chunk cipher=222 queued=0
[56529][I][BLE] enrichment rx chunk cipher=222 queued=0
[56680][I][BLE] enrichment rx chunk cipher=222 queued=1
[56681][I][BLE] enrichment rx chunk cipher=68 queued=0
[56682][I][BLE] enrich_xfer_perf count=18 sendMs=54 waitMs=554 rxBytes=846
[56682][I][BLE] enrichment batch received count=18 bytes=846
[56682][I][BLE] enrichment batch consumed count=18
[56683][I][BLE] Enrich batch queued count=18 queueSize=1
[56683][I][BLE] Enrichment batch received count=18 claimed=0 queued=1
[56683][I][BLE] Enrich drain begin count=18 queueSize=1 ageMs=0
[56684][I][BLE] enrich_perf count=18 applied=0 failed=0 deferred=18 storageMs=0 pendingUpload=4535
[56684][I][BLE] Enrich drain done applied=0 failed=0 deferred=18 queueSize=0
[56685][I][BLE] Enrich torrent done drained=1 remaining=0 tookLease=0 preempt=0 elapsedMs=2
[56695][I][STORAGE] RAMSpool worker paused inflight=0 lastInflight=0
[56696][I][STORAGE] Exclusive window begin kind=enrichment reason=manual_enrich_window workerPaused=1 displaySuspended=1
[56696][I][BLE] Manual enrichment window batch count=18 active=1 noData=0 budgetExhausted=0 timeHit=0
[56696][I][STORAGE] RAMSpool worker resumed
[56697][I][STORAGE] Exclusive window end kind=enrichment result=manual_batch_built reason=manual_enrich_window
[56697][I][BLE] enrichment request queued count=18 bytes=180
[56697][I][BLE] Requested enrichment batch count=18 queued=0
[56837][I][BLE] enrichment send mtu=247 attPayload=244 bytes=180 count=18
[56878][I][BLE] enrichment batch sent plain=180 sealed=202 count=18 writeOk=1
[57137][I][BLE] enrichment rx chunk cipher=222 queued=1
[57138][I][BLE] enrichment rx chunk cipher=222 queued=0
[57292][I][BLE] enrichment rx chunk cipher=222 queued=0
[57443][I][BLE] enrichment rx chunk cipher=222 queued=1
[57444][I][BLE] enrichment rx chunk cipher=68 queued=0
[57445][I][BLE] enrich_xfer_perf count=18 sendMs=41 waitMs=567 rxBytes=846
[57445][I][BLE] enrichment batch received count=18 bytes=846
[57445][I][BLE] enrichment batch consumed count=18
[57446][I][BLE] Enrich batch queued count=18 queueSize=1
[57446][I][BLE] Enrichment batch received count=18 claimed=0 queued=1
[57446][I][BLE] Enrich drain begin count=18 queueSize=1 ageMs=0
[57447][I][BLE] enrich_perf count=18 applied=0 failed=0 deferred=18 storageMs=0 pendingUpload=4535
[57448][I][BLE] Enrich drain done applied=0 failed=0 deferred=18 queueSize=0
[57448][I][BLE] Enrich torrent done drained=1 remaining=0 tookLease=0 preempt=0 elapsedMs=2
[57458][I][STORAGE] RAMSpool worker paused inflight=0 lastInflight=0
[57459][I][STORAGE] Exclusive window begin kind=enrichment reason=manual_enrich_window workerPaused=1 displaySuspended=1
[57459][I][BLE] Manual enrichment window batch count=18 active=1 noData=0 budgetExhausted=0 timeHit=0
[57459][I][STORAGE] RAMSpool worker resumed
[57460][I][STORAGE] Exclusive window end kind=enrichment result=manual_batch_built reason=manual_enrich_window
[57460][I][BLE] enrichment request queued count=18 bytes=180
[57460][I][BLE] Requested enrichment batch count=18 queued=0
[57600][I][BLE] enrichment send mtu=247 attPayload=244 bytes=180 count=18
[57658][I][BLE] enrichment batch sent plain=180 sealed=202 count=18 writeOk=1
[57900][I][BLE] enrichment rx chunk cipher=222 queued=0
[58051][I][BLE] enrichment batch acknowledged by phone
[58052][I][BLE] enrichment rx chunk cipher=222 queued=1
[58053][I][BLE] enrichment rx chunk cipher=222 queued=0
[58206][I][BLE] enrichment rx chunk cipher=222 queued=1
[58207][I][BLE] enrichment rx chunk cipher=68 queued=0
[58208][I][BLE] enrich_xfer_perf count=18 sendMs=58 waitMs=550 rxBytes=846
[58208][I][BLE] enrichment batch received count=18 bytes=846
[58209][I][BLE] enrichment batch consumed count=18
[58209][I][BLE] Enrich batch queued count=18 queueSize=1
[58209][I][BLE] Enrichment batch received count=18 claimed=0 queued=1
[58209][I][BLE] Enrich drain begin count=18 queueSize=1 ageMs=0
[58210][I][BLE] enrich_perf count=18 applied=0 failed=0 deferred=18 storageMs=0 pendingUpload=4535
[58211][I][BLE] Enrich drain done applied=0 failed=0 deferred=18 queueSize=0
[58211][I][BLE] Enrich torrent done drained=1 remaining=0 tookLease=0 preempt=0 elapsedMs=2
[58221][I][STORAGE] RAMSpool worker paused inflight=0 lastInflight=0
[58222][I][STORAGE] Exclusive window begin kind=enrichment reason=manual_enrich_window workerPaused=1 displaySuspended=1
[58222][I][BLE] Manual enrichment window batch count=18 active=1 noData=0 budgetExhausted=0 timeHit=0
[58223][I][STORAGE] RAMSpool worker resumed
[58223][I][STORAGE] Exclusive window end kind=enrichment result=manual_batch_built reason=manual_enrich_window
[58223][I][BLE] enrichment request queued count=18 bytes=180
[58223][I][BLE] Requested enrichment batch count=18 queued=0
[58364][I][BLE] enrichment send mtu=247 attPayload=244 bytes=180 count=18
[58408][I][BLE] enrichment batch sent plain=180 sealed=202 count=18 writeOk=1
[58663][I][BLE] enrichment rx chunk cipher=222 queued=0
[58814][I][BLE] enrichment rx chunk cipher=222 queued=1
[58815][I][BLE] enrichment rx chunk cipher=222 queued=0
[58966][I][BLE] enrichment rx chunk cipher=222 queued=1
[58967][I][BLE] enrichment rx chunk cipher=68 queued=0
[58968][I][BLE] enrich_xfer_perf count=18 sendMs=45 waitMs=560 rxBytes=846
[58968][I][BLE] enrichment batch received count=18 bytes=846
[58968][I][BLE] enrichment batch consumed count=18
[58969][I][BLE] Enrich batch queued count=18 queueSize=1
[58969][I][BLE] Enrichment batch received count=18 claimed=0 queued=1
[58969][I][BLE] Enrich drain begin count=18 queueSize=1 ageMs=0
[58970][I][BLE] enrich_perf count=18 applied=0 failed=0 deferred=18 storageMs=0 pendingUpload=4535
[58970][I][BLE] Enrich drain done applied=0 failed=0 deferred=18 queueSize=0
[58971][I][BLE] Enrich torrent done drained=1 remaining=0 tookLease=0 preempt=0 elapsedMs=2
[58981][I][STORAGE] RAMSpool worker paused inflight=0 lastInflight=0
[58982][I][STORAGE] Exclusive window begin kind=enrichment reason=manual_enrich_window workerPaused=1 displaySuspended=1
[58982][I][BLE] Manual enrichment window batch count=18 active=1 noData=0 budgetExhausted=0 timeHit=0
[58982][I][STORAGE] RAMSpool worker resumed
[58983][I][STORAGE] Exclusive window end kind=enrichment result=manual_batch_built reason=manual_enrich_window
[58983][I][BLE] enrichment request queued count=18 bytes=180
[58983][I][BLE] Requested enrichment batch count=18 queued=0
[59123][I][BLE] enrichment send mtu=247 attPayload=244 bytes=180 count=18
[59158][I][BLE] enrichment batch sent plain=180 sealed=202 count=18 writeOk=1
[59426][W][BLE] gps decrypt failed: secure decrypt replay/stale counter
[59427][I][BLE] enrichment rx chunk cipher=222 queued=0
[59577][I][BLE] enrichment rx chunk cipher=222 queued=1
[59578][I][BLE] enrichment rx chunk cipher=222 queued=0
[59729][I][BLE] enrichment rx chunk cipher=222 queued=1
[59730][I][BLE] enrichment rx chunk cipher=68 queued=0
[59731][I][BLE] enrich_xfer_perf count=18 sendMs=35 waitMs=573 rxBytes=846
[59731][I][BLE] enrichment batch received count=18 bytes=846
[59731][I][BLE] enrichment batch consumed count=18
[59732][I][BLE] Enrich batch queued count=18 queueSize=1
[59732][I][BLE] Enrichment batch received count=18 claimed=0 queued=1
[59732][I][BLE] Enrich drain begin count=18 queueSize=1 ageMs=0
[59733][I][BLE] enrich_perf count=18 applied=0 failed=0 deferred=18 storageMs=0 pendingUpload=4535
[59733][I][BLE] Enrich drain done applied=0 failed=0 deferred=18 queueSize=0
[59734][I][BLE] Enrich torrent done drained=1 remaining=0 tookLease=0 preempt=0 elapsedMs=2
[59744][I][STORAGE] RAMSpool worker paused inflight=0 lastInflight=0
[59745][I][STORAGE] Exclusive window begin kind=enrichment reason=manual_enrich_window workerPaused=1 displaySuspended=1
[59745][I][BLE] Manual enrichment window batch count=18 active=1 noData=0 budgetExhausted=0 timeHit=0
[59745][I][STORAGE] RAMSpool worker resumed
[59746][I][STORAGE] Exclusive window end kind=enrichment result=manual_batch_built reason=manual_enrich_window
[59746][I][BLE] enrichment request queued count=18 bytes=180
[59746][I][BLE] Requested enrichment batch count=18 queued=0
[59886][I][BLE] enrichment send mtu=247 attPayload=244 bytes=180 count=18
[59938][I][BLE] enrichment batch sent plain=180 sealed=202 count=18 writeOk=1
[60008][I][HEAP] heap free=7617KB min=7603KB largest=7552KB frag=0% internalFree=11KB internalLargest=7KB psramFree=7607KB core=0/0% owner=BLE_GPS nets=6 pendingUpload=4535 pendingEnrich=4538
[HEALTH] time=2026-08-07 14:08:14 src=ntp
[HEALTH] heap used=807/8424KB free=7617KB min=7603KB largest=7552KB frag=0%
[HEALTH] internal used=222/232KB free=11KB min=1KB largest=7KB
[HEALTH] psram used=585/8192KB free=7607KB largest=7552KB
[HEALTH] stack free_min: core0=17KB/22KB core1=13KB/18KB
[HEALTH] core usage: core0=0% core1=0%
[HEALTH] power=usb state=usb batt=100% 4740mV trend=88mV/min runtime=0min cap=1100mAh charging=1
[HEALTH] radio=BLE_GPS wifi=0 ble=1 gps=0 nets=6 pendingUpload=4535 pendingEnrich=4538
[HEALTH] subghz=NONE mode=OFF pkts=0 nodes=0
[60010][I][STORAGE] RAMSpool enq=3 cons=3 inflight=0/1024 high=3 pressure=0 drop[full=0 big=0 noise=0 p3Evict=0 p3Drop=0 p2Drop=0 p1Fail=0] free=1024
[60011][I][STORAGE] RAMSpool enqueue probe[ok=2 drop=0] device[ok=1 drop=0]
[60011][I][STORAGE] RAMSpool worker probe[ok=2 sup=0 drop=0 fail=0 slow=0] device[ok=1 sup=0 drop=0 fail=0 slow=0] slowTotal=0 maxMs=0
[60011][I][STORAGE] RAMSpool prioEnq p0=0 p1=0 p2=3 p3=0
[60012][I][STORAGE] RAMSpool lanes p1=0/0 p2=0/2 p3=0/0
[60194][I][BLE] enrichment batch acknowledged by phone
[60195][I][BLE] enrichment rx chunk cipher=222 queued=1
[60196][I][BLE] enrichment rx chunk cipher=222 queued=0
[60346][I][BLE] enrichment rx chunk cipher=222 queued=1
[60347][I][BLE] enrichment rx chunk cipher=222 queued=0
[60498][I][BLE] enrichment rx chunk cipher=68 queued=0
[60499][I][BLE] enrich_xfer_perf count=18 sendMs=52 waitMs=561 rxBytes=846
[60499][I][BLE] enrichment batch received count=18 bytes=846
[60500][I][BLE] enrichment batch consumed count=18
[60500][I][BLE] Enrich batch queued count=18 queueSize=1
[60500][I][BLE] Enrichment batch received count=18 claimed=0 queued=1
[60500][I][BLE] Enrich drain begin count=18 queueSize=1 ageMs=0
[60501][I][BLE] enrich_perf count=18 applied=0 failed=0 deferred=18 storageMs=0 pendingUpload=4535
[60502][I][BLE] Enrich drain done applied=0 failed=0 deferred=18 queueSize=0
[60502][I][BLE] Enrich torrent done drained=1 remaining=0 tookLease=0 preempt=0 elapsedMs=2
[60512][I][STORAGE] RAMSpool worker paused inflight=0 lastInflight=0
[60513][I][STORAGE] Exclusive window begin kind=enrichment reason=manual_enrich_window workerPaused=1 displaySuspended=1
[60513][I][BLE] Manual enrichment window batch count=18 active=1 noData=0 budgetExhausted=0 timeHit=0
[60513][I][STORAGE] RAMSpool worker resumed
[60514][I][STORAGE] Exclusive window end kind=enrichment result=manual_batch_built reason=manual_enrich_window
[60514][I][BLE] enrichment request queued count=18 bytes=180
[60514][I][BLE] Requested enrichment batch count=18 queued=0
[60654][I][BLE] enrichment send mtu=247 attPayload=244 bytes=180 count=18
[60688][I][BLE] enrichment batch sent plain=180 sealed=202 count=18 writeOk=1
[60954][I][BLE] enrichment rx chunk cipher=222 queued=1
[60955][I][BLE] enrichment rx chunk cipher=222 queued=0
[61027][I][STACK] TaskHardware watermark=17208B min=17208B
[61107][I][BLE] enrichment rx chunk cipher=222 queued=0
[61261][I][BLE] enrichment rx chunk cipher=222 queued=1
[61262][I][BLE] enrichment rx chunk cipher=68 queued=0
[61263][I][BLE] enrich_xfer_perf count=18 sendMs=34 waitMs=575 rxBytes=846
[61263][I][BLE] enrichment batch received count=18 bytes=846
[61263][I][BLE] enrichment batch consumed count=18
[61264][I][BLE] Enrich batch queued count=18 queueSize=1
[61264][I][BLE] Enrichment batch received count=18 claimed=0 queued=1
[61264][I][BLE] Enrich drain begin count=18 queueSize=1 ageMs=0
[61265][I][BLE] enrich_perf count=18 applied=0 failed=0 deferred=18 storageMs=0 pendingUpload=4535
[61265][I][BLE] Enrich drain done applied=0 failed=0 deferred=18 queueSize=0
[61266][I][BLE] Enrich torrent done drained=1 remaining=0 tookLease=0 preempt=0 elapsedMs=2
[61276][I][STORAGE] RAMSpool worker paused inflight=0 lastInflight=0
[61277][I][STORAGE] Exclusive window begin kind=enrichment reason=manual_enrich_window workerPaused=1 displaySuspended=1
[61277][I][BLE] Manual enrichment window batch count=18 active=1 noData=0 budgetExhausted=0 timeHit=0
[61278][I][STORAGE] RAMSpool worker resumed
[61278][I][STORAGE] Exclusive window end kind=enrichment result=manual_batch_built reason=manual_enrich_window
[61278][I][BLE] enrichment request queued count=18 bytes=180
[61278][I][BLE] Requested enrichment batch count=18 queued=0
[61418][I][BLE] enrichment send mtu=247 attPayload=244 bytes=180 count=18
[61499][I][BLE] enrichment batch sent plain=180 sealed=202 count=18 writeOk=1
[61718][I][BLE] enrichment rx chunk cipher=222 queued=0
[61869][I][BLE] enrichment rx chunk cipher=222 queued=1
[61870][I][BLE] enrichment rx chunk cipher=222 queued=0
[62021][I][BLE] enrichment rx chunk cipher=222 queued=1
[62022][I][BLE] enrichment rx chunk cipher=68 queued=0
[62023][I][BLE] enrich_xfer_perf count=18 sendMs=80 waitMs=525 rxBytes=846
[62023][I][BLE] enrichment batch received count=18 bytes=846
[62023][I][BLE] enrichment batch consumed count=18
[62024][I][BLE] Enrich batch queued count=18 queueSize=1
[62024][I][BLE] Enrichment batch received count=18 claimed=0 queued=1
[62024][I][BLE] Enrich drain begin count=18 queueSize=1 ageMs=0
[62025][I][BLE] enrich_perf count=18 applied=0 failed=0 deferred=18 storageMs=0 pendingUpload=4535
[62025][I][BLE] Enrich drain done applied=0 failed=0 deferred=18 queueSize=0
[62026][I][BLE] Enrich torrent done drained=1 remaining=0 tookLease=0 preempt=0 elapsedMs=2
[62036][I][STORAGE] RAMSpool worker paused inflight=0 lastInflight=0
[62037][I][STORAGE] Exclusive window begin kind=enrichment reason=manual_enrich_window workerPaused=1 displaySuspended=1
[62037][I][BLE] Manual enrichment window batch count=18 active=1 noData=0 budgetExhausted=0 timeHit=0
[62038][I][STORAGE] RAMSpool worker resumed
[62038][I][STORAGE] Exclusive window end kind=enrichment result=manual_batch_built reason=manual_enrich_window
[62038][I][BLE] enrichment request queued count=18 bytes=180
[62038][I][BLE] Requested enrichment batch count=18 queued=0
[62219][I][BLE] enrichment send mtu=247 attPayload=244 bytes=180 count=18
[62278][I][BLE] enrichment batch sent plain=180 sealed=202 count=18 writeOk=1
[62331][I][BLE] enrichment batch acknowledged by phone
[62482][I][BLE] enrichment rx chunk cipher=222 queued=0
[62633][I][BLE] enrichment rx chunk cipher=222 queued=1
[62634][I][BLE] enrichment rx chunk cipher=222 queued=0
[62785][I][BLE] enrichment rx chunk cipher=222 queued=0
[62936][I][BLE] enrichment rx chunk cipher=68 queued=0
[62937][I][BLE] enrich_xfer_perf count=18 sendMs=59 waitMs=659 rxBytes=846
[62937][I][BLE] enrichment batch received count=18 bytes=846
[62938][I][BLE] enrichment batch consumed count=18
[62938][I][BLE] Enrich batch queued count=18 queueSize=1
[62938][I][BLE] Enrichment batch received count=18 claimed=0 queued=1
[62939][I][BLE] Enrich drain begin count=18 queueSize=1 ageMs=1
[62939][I][BLE] enrich_perf count=18 applied=0 failed=0 deferred=18 storageMs=0 pendingUpload=4535
[62940][I][BLE] Enrich drain done applied=0 failed=0 deferred=18 queueSize=0
[62940][I][BLE] Enrich torrent done drained=1 remaining=0 tookLease=0 preempt=0 elapsedMs=1
[62950][I][STORAGE] RAMSpool worker paused inflight=0 lastInflight=0
[62951][I][STORAGE] Exclusive window begin kind=enrichment reason=manual_enrich_window workerPaused=1 displaySuspended=1
[62951][I][BLE] Manual enrichment window batch count=18 active=1 noData=0 budgetExhausted=0 timeHit=0
[62951][I][STORAGE] RAMSpool worker resumed
[62952][I][STORAGE] Exclusive window end kind=enrichment result=manual_batch_built reason=manual_enrich_window
[62952][I][BLE] enrichment request queued count=18 bytes=180
[62952][I][BLE] Requested enrichment batch count=18 queued=0
[63092][I][BLE] enrichment send mtu=247 attPayload=244 bytes=180 count=18
[63148][I][BLE] enrichment batch sent plain=180 sealed=202 count=18 writeOk=1
[63395][I][BLE] enrichment rx chunk cipher=222 queued=1
[63396][I][BLE] enrichment rx chunk cipher=222 queued=0
[63547][I][BLE] enrichment rx chunk cipher=222 queued=1
[63548][I][BLE] enrichment rx chunk cipher=222 queued=0
[63699][I][BLE] enrichment rx chunk cipher=68 queued=0
[63700][I][BLE] enrich_xfer_perf count=18 sendMs=56 waitMs=552 rxBytes=846
[63700][I][BLE] enrichment batch received count=18 bytes=846
[63701][I][BLE] enrichment batch consumed count=18
[63701][I][BLE] Enrich batch queued count=18 queueSize=1
[63701][I][BLE] Enrichment batch received count=18 claimed=0 queued=1
[63702][I][BLE] Enrich drain begin count=18 queueSize=1 ageMs=1
[63702][I][BLE] enrich_perf count=18 applied=0 failed=0 deferred=18 storageMs=0 pendingUpload=4535
[63703][I][BLE] Enrich drain done applied=0 failed=0 deferred=18 queueSize=0
[63703][I][BLE] Enrich torrent done drained=1 remaining=0 tookLease=0 preempt=0 elapsedMs=2
[63713][I][STORAGE] RAMSpool worker paused inflight=0 lastInflight=0
[63714][I][STORAGE] Exclusive window begin kind=enrichment reason=manual_enrich_window workerPaused=1 displaySuspended=1
[63714][I][BLE] Manual enrichment window batch count=18 active=1 noData=0 budgetExhausted=0 timeHit=0
[63714][I][STORAGE] RAMSpool worker resumed
[63715][I][STORAGE] Exclusive window end kind=enrichment result=manual_batch_built reason=manual_enrich_window
[63715][I][BLE] enrichment request queued count=18 bytes=180
[63715][I][BLE] Requested enrichment batch count=18 queued=0
[63855][I][BLE] enrichment send mtu=247 attPayload=244 bytes=180 count=18
[63898][I][BLE] enrichment batch sent plain=180 sealed=202 count=18 writeOk=1
[64155][I][BLE] enrichment rx chunk cipher=222 queued=0
[64309][I][BLE] enrichment rx chunk cipher=222 queued=1
[64310][I][BLE] enrichment rx chunk cipher=222 queued=0
[64461][W][BLE] gps decrypt failed: secure decrypt replay/stale counter
[64462][I][BLE] enrichment batch acknowledged by phone
[64462][I][BLE] enrichment rx chunk cipher=222 queued=1
[64463][I][BLE] enrichment rx chunk cipher=68 queued=0
[64464][I][BLE] enrich_xfer_perf count=18 sendMs=43 waitMs=566 rxBytes=846
[64464][I][BLE] enrichment batch received count=18 bytes=846
[64465][I][BLE] enrichment batch consumed count=18
[64465][I][BLE] Enrich batch queued count=18 queueSize=1
[64465][I][BLE] Enrichment batch received count=18 claimed=0 queued=1
[64465][I][BLE] Enrich drain begin count=18 queueSize=1 ageMs=0
[64466][I][BLE] enrich_perf count=18 applied=0 failed=0 deferred=18 storageMs=0 pendingUpload=4535
[64466][I][BLE] Enrich drain done applied=0 failed=0 deferred=18 queueSize=0
[64467][I][BLE] Enrich torrent done drained=1 remaining=0 tookLease=0 preempt=0 elapsedMs=2
[64477][I][STORAGE] RAMSpool worker paused inflight=0 lastInflight=0
[64478][I][STORAGE] Exclusive window begin kind=enrichment reason=manual_enrich_window workerPaused=1 displaySuspended=1
[64478][I][BLE] Manual enrichment window batch count=18 active=1 noData=0 budgetExhausted=0 timeHit=0
[64478][I][STORAGE] RAMSpool worker resumed
[64479][I][STORAGE] Exclusive window end kind=enrichment result=manual_batch_built reason=manual_enrich_window
[64479][I][BLE] enrichment request queued count=18 bytes=180
[64479][I][BLE] Requested enrichment batch count=18 queued=0
[64619][I][BLE] enrichment send mtu=247 attPayload=244 bytes=180 count=18
[64679][I][BLE] enrichment batch sent plain=180 sealed=202 count=18 writeOk=1
[64919][I][BLE] enrichment rx chunk cipher=222 queued=0
[65070][I][BLE] enrichment rx chunk cipher=222 queued=1
[65071][I][BLE] enrichment rx chunk cipher=222 queued=0
[65225][I][BLE] enrichment rx chunk cipher=222 queued=1
[65226][I][BLE] enrichment rx chunk cipher=68 queued=0
[65227][I][BLE] enrich_xfer_perf count=18 sendMs=59 waitMs=549 rxBytes=846
[65227][I][BLE] enrichment batch received count=18 bytes=846
[65228][I][BLE] enrichment batch consumed count=18
[65228][I][BLE] Enrich batch queued count=18 queueSize=1
[65228][I][BLE] Enrichment batch received count=18 claimed=0 queued=1
[65228][I][BLE] Enrich drain begin count=18 queueSize=1 ageMs=0
[65229][I][BLE] enrich_perf count=18 applied=0 failed=0 deferred=18 storageMs=0 pendingUpload=4535
[65230][I][BLE] Enrich drain done applied=0 failed=0 deferred=18 queueSize=0
[65230][I][BLE] Enrich torrent done drained=1 remaining=0 tookLease=0 preempt=0 elapsedMs=2
[65240][I][STORAGE] RAMSpool worker paused inflight=0 lastInflight=0
[65241][I][STORAGE] Exclusive window begin kind=enrichment reason=manual_enrich_window workerPaused=1 displaySuspended=1
[65241][I][BLE] Manual enrichment window batch count=18 active=1 noData=0 budgetExhausted=0 timeHit=0
[65241][I][STORAGE] RAMSpool worker resumed
[65242][I][STORAGE] Exclusive window end kind=enrichment result=manual_batch_built reason=manual_enrich_window
[65242][I][BLE] enrichment request queued count=18 bytes=180
[65242][I][BLE] Requested enrichment batch count=18 queued=0
[65382][I][BLE] enrichment send mtu=247 attPayload=244 bytes=180 count=18
[65428][I][BLE] enrichment batch sent plain=180 sealed=202 count=18 writeOk=1
[65682][I][BLE] enrichment rx chunk cipher=222 queued=1
[65683][I][BLE] enrichment rx chunk cipher=222 queued=0
[65834][I][BLE] enrichment rx chunk cipher=222 queued=0
[65985][I][BLE] enrichment rx chunk cipher=222 queued=1
[65986][I][BLE] enrichment rx chunk cipher=68 queued=0
[65987][I][BLE] enrich_xfer_perf count=18 sendMs=46 waitMs=559 rxBytes=846
[65987][I][BLE] enrichment batch received count=18 bytes=846
[65987][I][BLE] enrichment batch consumed count=18
[65988][I][BLE] Enrich batch queued count=18 queueSize=1
[65988][I][BLE] Enrichment batch received count=18 claimed=0 queued=1
[65988][I][BLE] Enrich drain begin count=18 queueSize=1 ageMs=0
[65989][I][BLE] enrich_perf count=18 applied=0 failed=0 deferred=18 storageMs=0 pendingUpload=4535
[65989][I][BLE] Enrich drain done applied=0 failed=0 deferred=18 queueSize=0
[65990][I][BLE] Enrich torrent done drained=1 remaining=0 tookLease=0 preempt=0 elapsedMs=1
[66000][I][STORAGE] RAMSpool worker paused inflight=0 lastInflight=0
[66001][I][STORAGE] Exclusive window begin kind=enrichment reason=manual_enrich_window workerPaused=1 displaySuspended=1
[66001][I][BLE] Manual enrichment window batch count=18 active=1 noData=0 budgetExhausted=0 timeHit=0
[66002][I][STORAGE] RAMSpool worker resumed
[66002][I][STORAGE] Exclusive window end kind=enrichment result=manual_batch_built reason=manual_enrich_window
[66002][I][BLE] enrichment request queued count=18 bytes=180
[66002][I][BLE] Requested enrichment batch count=18 queued=0
[66148][I][BLE] storage snapshot sent pendingUp=0/4535 pendingEnrich=0/4538 usedPct=19
[66160][I][BLE] enrichment send mtu=247 attPayload=244 bytes=180 count=18
[66208][I][BLE] enrichment batch sent plain=180 sealed=202 count=18 writeOk=1
[66462][I][BLE] enrichment batch acknowledged by phone
[66463][I][BLE] enrichment rx chunk cipher=222 queued=1
[66464][I][BLE] enrichment rx chunk cipher=222 queued=0
[66614][I][BLE] enrichment rx chunk cipher=222 queued=1
[66615][I][BLE] enrichment rx chunk cipher=222 queued=0
[66766][I][BLE] enrichment rx chunk cipher=68 queued=0
[66767][I][BLE] enrich_xfer_perf count=18 sendMs=49 waitMs=559 rxBytes=846
[66767][I][BLE] enrichment batch received count=18 bytes=846
[66768][I][BLE] enrichment batch consumed count=18
[66768][I][BLE] Enrich batch queued count=18 queueSize=1
[66768][I][BLE] Enrichment batch received count=18 claimed=0 queued=1
[66769][I][BLE] Enrich drain begin count=18 queueSize=1 ageMs=0
[66769][I][BLE] enrich_perf count=18 applied=0 failed=0 deferred=18 storageMs=0 pendingUpload=4535
[66770][I][BLE] Enrich drain done applied=0 failed=0 deferred=18 queueSize=0
[66770][I][BLE] Enrich torrent done drained=1 remaining=0 tookLease=0 preempt=0 elapsedMs=2
[66780][I][STORAGE] RAMSpool worker paused inflight=0 lastInflight=0
[66781][I][STORAGE] Exclusive window begin kind=enrichment reason=manual_enrich_window workerPaused=1 displaySuspended=1
[66781][I][BLE] Manual enrichment window batch count=18 active=1 noData=0 budgetExhausted=0 timeHit=0
[66782][I][STORAGE] RAMSpool worker resumed
[66782][I][STORAGE] Exclusive window end kind=enrichment result=manual_batch_built reason=manual_enrich_window
[66782][I][BLE] enrichment request queued count=18 bytes=180
[66782][I][BLE] Requested enrichment batch count=18 queued=0
[66922][I][BLE] enrichment send mtu=247 attPayload=244 bytes=180 count=18
[66958][I][BLE] enrichment batch sent plain=180 sealed=202 count=18 writeOk=1
[67225][I][BLE] enrichment rx chunk cipher=222 queued=0
[67376][I][BLE] enrichment rx chunk cipher=222 queued=1
[67377][I][BLE] enrichment rx chunk cipher=222 queued=0
[67528][I][BLE] enrichment rx chunk cipher=222 queued=1
[67529][I][BLE] enrichment rx chunk cipher=68 queued=0
[67530][I][BLE] enrich_xfer_perf count=18 sendMs=36 waitMs=572 rxBytes=846
[67530][I][BLE] enrichment batch received count=18 bytes=846
[67531][I][BLE] enrichment batch consumed count=18
[67531][I][BLE] Enrich batch queued count=18 queueSize=1
[67531][I][BLE] Enrichment batch received count=18 claimed=0 queued=1
[67531][I][BLE] Enrich drain begin count=18 queueSize=1 ageMs=0
[67532][I][BLE] enrich_perf count=18 applied=0 failed=0 deferred=18 storageMs=0 pendingUpload=4535
[67533][I][BLE] Enrich drain done applied=0 failed=0 deferred=18 queueSize=0
[67533][I][BLE] Enrich torrent done drained=1 remaining=0 tookLease=0 preempt=0 elapsedMs=2
[67543][I][STORAGE] RAMSpool worker paused inflight=0 lastInflight=0
[67544][I][STORAGE] Exclusive window begin kind=enrichment reason=manual_enrich_window workerPaused=1 displaySuspended=1
[67544][I][BLE] Manual enrichment window batch count=18 active=1 noData=0 budgetExhausted=0 timeHit=0
[67544][I][STORAGE] RAMSpool worker resumed
[67545][I][STORAGE] Exclusive window end kind=enrichment result=manual_batch_built reason=manual_enrich_window
[67545][I][BLE] enrichment request queued count=18 bytes=180
[67545][I][BLE] Requested enrichment batch count=18 queued=0
[67685][I][BLE] enrichment send mtu=247 attPayload=244 bytes=180 count=18
[67738][I][BLE] enrichment batch sent plain=180 sealed=202 count=18 writeOk=1
[67985][I][BLE] enrichment rx chunk cipher=222 queued=0
[68136][I][BLE] enrichment rx chunk cipher=222 queued=1
[68137][I][BLE] enrichment rx chunk cipher=222 queued=0
[68291][I][BLE] enrichment rx chunk cipher=222 queued=1
[68292][I][BLE] enrichment rx chunk cipher=68 queued=0
[68293][I][BLE] enrich_xfer_perf count=18 sendMs=53 waitMs=555 rxBytes=846
[68293][I][BLE] enrichment batch received count=18 bytes=846
[68293][I][BLE] enrichment batch consumed count=18
[68294][I][BLE] Enrich batch queued count=18 queueSize=1
[68294][I][BLE] Enrichment batch received count=18 claimed=0 queued=1
[68294][I][BLE] Enrich drain begin count=18 queueSize=1 ageMs=0
[68295][I][BLE] enrich_perf count=18 applied=0 failed=0 deferred=18 storageMs=0 pendingUpload=4535
[68295][I][BLE] Enrich drain done applied=0 failed=0 deferred=18 queueSize=0
[68296][I][BLE] Enrich torrent done drained=1 remaining=0 tookLease=0 preempt=0 elapsedMs=2
[68306][I][STORAGE] RAMSpool worker paused inflight=0 lastInflight=0
[68307][I][STORAGE] Exclusive window begin kind=enrichment reason=manual_enrich_window workerPaused=1 displaySuspended=1
[68307][I][BLE] Manual enrichment window batch count=18 active=1 noData=0 budgetExhausted=0 timeHit=0
[68308][I][STORAGE] RAMSpool worker resumed
[68308][I][STORAGE] Exclusive window end kind=enrichment result=manual_batch_built reason=manual_enrich_window
[68308][I][BLE] enrichment request queued count=18 bytes=180
[68308][I][BLE] Requested enrichment batch count=18 queued=0
[68489][I][BLE] enrichment send mtu=247 attPayload=244 bytes=180 count=18
[68549][I][BLE] enrichment batch sent plain=180 sealed=202 count=18 writeOk=1
[68598][I][BLE] enrichment batch acknowledged by phone
[68749][I][BLE] enrichment rx chunk cipher=222 queued=0
[68900][I][BLE] enrichment rx chunk cipher=222 queued=1
[68901][I][BLE] enrichment rx chunk cipher=222 queued=0
[69052][I][BLE] enrichment rx chunk cipher=222 queued=1
[69053][I][BLE] enrichment rx chunk cipher=68 queued=0
[69054][I][BLE] enrich_xfer_perf count=18 sendMs=59 waitMs=506 rxBytes=846
[69054][I][BLE] enrichment batch received count=18 bytes=846
[69055][I][BLE] enrichment batch consumed count=18
[69055][I][BLE] Enrich batch queued count=18 queueSize=1
[69055][I][BLE] Enrichment batch received count=18 claimed=0 queued=1
[69055][I][BLE] Enrich drain begin count=18 queueSize=1 ageMs=0
[69056][I][BLE] enrich_perf count=18 applied=0 failed=0 deferred=18 storageMs=0 pendingUpload=4535
[69056][I][BLE] Enrich drain done applied=0 failed=0 deferred=18 queueSize=0
[69057][I][BLE] Enrich torrent done drained=1 remaining=0 tookLease=0 preempt=0 elapsedMs=2
[69067][I][STORAGE] RAMSpool worker paused inflight=0 lastInflight=0
[69068][I][STORAGE] Exclusive window begin kind=enrichment reason=manual_enrich_window workerPaused=1 displaySuspended=1
[69068][I][STORAGE] Enrichment window released reason=manual_cursor_done
[69069][I][BLE] Manual enrichment window batch count=16 active=0 noData=0 budgetExhausted=0 timeHit=0
[69069][I][STORAGE] RAMSpool worker resumed
[69069][I][STORAGE] Exclusive window end kind=enrichment result=manual_batch_built reason=manual_enrich_window
[69069][I][BLE] enrichment request queued count=16 bytes=160
[69070][I][BLE] Requested enrichment batch count=16 queued=0
[69210][I][BLE] enrichment send mtu=247 attPayload=244 bytes=160 count=16
[69269][I][BLE] enrichment batch sent plain=160 sealed=182 count=16 writeOk=1
[69513][W][BLE] gps decrypt failed: secure decrypt replay/stale counter
[69514][I][BLE] enrichment rx chunk cipher=222 queued=0
[69664][I][BLE] enrichment rx chunk cipher=222 queued=1
[69665][I][BLE] enrichment rx chunk cipher=222 queued=0
[69816][I][BLE] enrichment rx chunk cipher=174 queued=0
[69817][I][BLE] enrich_xfer_perf count=16 sendMs=58 waitMs=549 rxBytes=752
[69817][I][BLE] enrichment batch received count=16 bytes=752
[69818][I][BLE] enrichment batch consumed count=16
[69818][I][BLE] Enrich batch queued count=16 queueSize=1
[69818][I][BLE] Enrichment batch received count=16 claimed=0 queued=1
[69819][I][BLE] Enrich drain begin count=16 queueSize=1 ageMs=1
[69819][I][BLE] enrich_perf count=16 applied=0 failed=0 deferred=16 storageMs=0 pendingUpload=4535
[69820][I][BLE] Enrich drain done applied=0 failed=0 deferred=16 queueSize=0
[69820][I][BLE] Enrich torrent done drained=1 remaining=0 tookLease=0 preempt=0 elapsedMs=2
[69830][I][BLE] Manual enrich: window drained nothing (deferred pass 1/2); re-offering to phone
[69831][I][STORAGE] RAMSpool worker paused inflight=0 lastInflight=0
[69831][I][STORAGE] Exclusive window begin kind=enrichment reason=manual_enrich_window workerPaused=1 displaySuspended=1
[69832][I][STORAGE] prepare_assigned records=1024 freeInternal=10756 freePsram=7789284
[69832][I][STORAGE] batch_load_ids_enter freeInternal=10756 segments=76
[69833][I][STORAGE] load_ids_reserve count=976 freeInternal=10756 largest=7156
[69833][I][STORAGE] load_ids_reserved freeInternal=10756
[69833][I][STORAGE] load_ids_scan seg=308 enrichDeltas=78 freeInternal=10756 largest=7156
[69928][I][STORAGE] load_ids_scan seg=314 enrichDeltas=66 freeInternal=10756 largest=7156
[70021][I][STORAGE] load_ids_scan seg=315 enrichDeltas=64 freeInternal=10756 largest=7156
[70115][I][STORAGE] load_ids_scan seg=316 enrichDeltas=64 freeInternal=10756 largest=7156
[70208][I][STORAGE] load_ids_scan seg=317 enrichDeltas=64 freeInternal=10756 largest=7156
[70300][I][STORAGE] load_ids_scan seg=318 enrichDeltas=64 freeInternal=10756 largest=7156
[70392][I][STORAGE] load_ids_scan seg=319 enrichDeltas=64 freeInternal=10756 largest=7156
[70484][I][STORAGE] load_ids_scan seg=320 enrichDeltas=64 freeInternal=10756 largest=7156
[70576][I][STORAGE] load_ids_scan seg=321 enrichDeltas=64 freeInternal=10756 largest=7156
[70667][I][STORAGE] load_ids_scan seg=322 enrichDeltas=64 freeInternal=10756 largest=7156
[70758][I][STORAGE] load_ids_scan seg=323 enrichDeltas=64 freeInternal=10756 largest=7156
[70849][I][STORAGE] load_ids_scan seg=324 enrichDeltas=64 freeInternal=10756 largest=7156
[70939][I][STORAGE] load_ids_scan seg=325 enrichDeltas=64 freeInternal=10756 largest=7156
[71029][I][STORAGE] load_ids_scan seg=326 enrichDeltas=64 freeInternal=10756 largest=7156
[71119][I][STORAGE] load_ids_scan seg=327 enrichDeltas=64 freeInternal=10756 largest=7156
[71208][I][STORAGE] load_ids_loop_done scanned=15 skipped=61 idsCollected=976 freeInternal=10756
[71209][I][STORAGE] batch_load_ids_done count=888 capacity=976 freeInternal=10756
[71209][I][STORAGE] batch_pending_loop_enter segments=76 maxCount=1024 streaming=0 freeInternal=10756
[71210][I][STORAGE] batch_pending_scan seg=207 pending=10 events=10 freeInternal=10756 largest=7156 outCount=0
[71259][I][STORAGE] batch_pending_scan seg=210 pending=13 events=13 freeInternal=10756 largest=7156 outCount=0
[71309][I][STORAGE] batch_pending_scan seg=211 pending=8 events=8 freeInternal=10756 largest=7156 outCount=0
[71358][I][STORAGE] batch_pending_scan seg=214 pending=5 events=5 freeInternal=10756 largest=7156 outCount=0
[71406][I][STORAGE] batch_pending_scan seg=219 pending=51 events=51 freeInternal=10756 largest=7156 outCount=0
[71460][I][STORAGE] batch_pending_scan seg=220 pending=138 events=138 freeInternal=10756 largest=7156 outCount=0
[71527][I][STORAGE] batch_pending_scan seg=221 pending=154 events=154 freeInternal=10756 largest=7156 outCount=87
[71594][I][STORAGE] batch_pending_scan seg=222 pending=8 events=8 freeInternal=10756 largest=7156 outCount=87
[71641][I][STORAGE] batch_pending_scan seg=223 pending=9 events=9 freeInternal=10756 largest=7156 outCount=87
[71689][I][STORAGE] batch_pending_scan seg=226 pending=13 events=13 freeInternal=10756 largest=7156 outCount=87
[71736][I][STORAGE] batch_pending_scan seg=227 pending=3 events=3 freeInternal=10756 largest=7156 outCount=87
[71782][I][STORAGE] batch_pending_scan seg=228 pending=15 events=15 freeInternal=10756 largest=7156 outCount=87
[71830][I][STORAGE] batch_pending_scan seg=229 pending=11 events=11 freeInternal=10756 largest=7156 outCount=87
[71876][I][STORAGE] batch_pending_scan seg=230 pending=10 events=10 freeInternal=10756 largest=7156 outCount=87
[71922][I][STORAGE] batch_pending_scan seg=232 pending=200 events=200 freeInternal=10756 largest=7156 outCount=87
[71993][I][STORAGE] batch_pending_scan seg=233 pending=197 events=197 freeInternal=10756 largest=7156 outCount=87
[72066][I][STORAGE] batch_pending_scan seg=234 pending=194 events=194 freeInternal=10756 largest=7156 outCount=113
[72142][I][STORAGE] batch_pending_scan seg=235 pending=198 events=198 freeInternal=10756 largest=7156 outCount=307
[72216][I][STORAGE] batch_pending_scan seg=236 pending=147 events=147 freeInternal=10756 largest=7156 outCount=505
[72281][I][STORAGE] batch_pending_scan seg=238 pending=443 events=443 freeInternal=10756 largest=7156 outCount=652
[72427][I][STORAGE] batch_pending_scan seg=240 pending=397 events=397 freeInternal=10756 largest=7156 outCount=926
[72570][I][STORAGE] batch_pending_loop_done scanned=21 skipped=0 outCount=1024 timeHit=1 elapsedMs=1361 freeInternal=10756
[72570][I][STORAGE] prepare_batch_done ok=1 outCount=1024 freeInternal=10756
[72570][I][STORAGE] Enrichment window ready records=1024 truncated=1 ms=2738
[72571][I][BLE] Manual enrichment window batch count=18 active=1 noData=0 budgetExhausted=0 timeHit=0
[72571][I][STORAGE] RAMSpool worker resumed
[72571][I][STORAGE] Exclusive window end kind=enrichment result=manual_batch_built reason=manual_enrich_window
[72572][I][BLE] enrichment request queued count=18 bytes=180
[72572][I][BLE] Requested enrichment batch count=18 queued=0
[72582][W][CORE] TaskHardware loop gap=2752ms owner=BLE_GPS pendingUpload=4535 maintPending=1 suppressed=1
[72629][I][BLE] enrichment send mtu=247 attPayload=244 bytes=180 count=18
[72688][I][BLE] enrichment batch sent plain=180 sealed=202 count=18 writeOk=1
[72736][I][BLE] enrichment batch acknowledged by phone
[73037][I][BLE] enrichment rx chunk cipher=222 queued=0
[73188][I][BLE] enrichment rx chunk cipher=222 queued=1
[73189][I][BLE] enrichment rx chunk cipher=222 queued=0
[73340][I][BLE] enrichment rx chunk cipher=222 queued=1
[73341][I][BLE] enrichment rx chunk cipher=68 queued=0
[73342][I][BLE] enrich_xfer_perf count=18 sendMs=59 waitMs=654 rxBytes=846
[73342][I][BLE] enrichment batch received count=18 bytes=846
[73343][I][BLE] enrichment batch consumed count=18
[73343][I][BLE] Enrich batch queued count=18 queueSize=1
[73343][I][BLE] Enrichment batch received count=18 claimed=0 queued=1
[73343][I][BLE] Enrich drain begin count=18 queueSize=1 ageMs=0
[73344][I][BLE] enrich_perf count=18 applied=0 failed=0 deferred=18 storageMs=0 pendingUpload=4535
[73344][I][BLE] Enrich drain done applied=0 failed=0 deferred=18 queueSize=0
[73345][I][BLE] Enrich torrent done drained=1 remaining=0 tookLease=0 preempt=0 elapsedMs=2
[73355][I][STORAGE] RAMSpool worker paused inflight=0 lastInflight=0
[73356][I][STORAGE] Exclusive window begin kind=enrichment reason=manual_enrich_window workerPaused=1 displaySuspended=1
[73356][I][BLE] Manual enrichment window batch count=18 active=1 noData=0 budgetExhausted=0 timeHit=0
[73357][I][STORAGE] RAMSpool worker resumed
[73357][I][STORAGE] Exclusive window end kind=enrichment result=manual_batch_built reason=manual_enrich_window
[73357][I][BLE] enrichment request queued count=18 bytes=180
[73357][I][BLE] Requested enrichment batch count=18 queued=0
[73497][I][BLE] enrichment send mtu=247 attPayload=244 bytes=180 count=18
[73558][I][BLE] enrichment batch sent plain=180 sealed=202 count=18 writeOk=1
[73801][I][BLE] enrichment rx chunk cipher=222 queued=1
[73802][I][BLE] enrichment rx chunk cipher=222 queued=0
[73952][I][BLE] enrichment rx chunk cipher=222 queued=0
[74103][I][BLE] enrichment rx chunk cipher=222 queued=1
[74104][I][BLE] enrichment rx chunk cipher=68 queued=0
[74105][I][BLE] enrich_xfer_perf count=18 sendMs=61 waitMs=547 rxBytes=846
[74105][I][BLE] enrichment batch received count=18 bytes=846
[74105][I][BLE] enrichment batch consumed count=18
[74106][I][BLE] Enrich batch queued count=18 queueSize=1
[74106][I][BLE] Enrichment batch received count=18 claimed=0 queued=1
[74106][I][BLE] Enrich drain begin count=18 queueSize=1 ageMs=0
[74107][I][BLE] enrich_perf count=18 applied=0 failed=0 deferred=18 storageMs=0 pendingUpload=4535
[74107][I][BLE] Enrich drain done applied=0 failed=0 deferred=18 queueSize=0
[74108][I][BLE] Enrich torrent done drained=1 remaining=0 tookLease=0 preempt=0 elapsedMs=2
[74118][I][STORAGE] RAMSpool worker paused inflight=0 lastInflight=0
[74119][I][STORAGE] Exclusive window begin kind=enrichment reason=manual_enrich_window workerPaused=1 displaySuspended=1
[74119][I][BLE] Manual enrichment window batch count=18 active=1 noData=0 budgetExhausted=0 timeHit=0
[74120][I][STORAGE] RAMSpool worker resumed
[74120][I][STORAGE] Exclusive window end kind=enrichment result=manual_batch_built reason=manual_enrich_window
[74120][I][BLE] enrichment request queued count=18 bytes=180
[74120][I][BLE] Requested enrichment batch count=18 queued=0
[74260][I][BLE] enrichment send mtu=247 attPayload=244 bytes=180 count=18
[74308][I][BLE] enrichment batch sent plain=180 sealed=202 count=18 writeOk=1
[74560][W][BLE] gps decrypt failed: secure decrypt replay/stale counter
[74561][I][BLE] enrichment rx chunk cipher=222 queued=1
[74561][I][BLE] enrichment rx chunk cipher=222 queued=0
[74715][I][BLE] enrichment rx chunk cipher=222 queued=0
[74867][I][BLE] enrichment batch acknowledged by phone
[74867][I][BLE] enrichment rx chunk cipher=222 queued=1
[74868][I][BLE] enrichment rx chunk cipher=68 queued=0
[74868][I][BLE] enrich_xfer_perf count=18 sendMs=48 waitMs=560 rxBytes=846
[74869][I][BLE] enrichment batch received count=18 bytes=846
[74869][I][BLE] enrichment batch consumed count=18
[74869][I][BLE] Enrich batch queued count=18 queueSize=1
[74870][I][BLE] Enrichment batch received count=18 claimed=0 queued=1
[74870][I][BLE] Enrich drain begin count=18 queueSize=1 ageMs=1
[74871][I][BLE] enrich_perf count=18 applied=0 failed=0 deferred=18 storageMs=0 pendingUpload=4535
[74871][I][BLE] Enrich drain done applied=0 failed=0 deferred=18 queueSize=0
[74871][I][BLE] Enrich torrent done drained=1 remaining=0 tookLease=0 preempt=0 elapsedMs=1
[74881][I][STORAGE] RAMSpool worker paused inflight=0 lastInflight=0
[74882][I][STORAGE] Exclusive window begin kind=enrichment reason=manual_enrich_window workerPaused=1 displaySuspended=1
[74882][I][BLE] Manual enrichment window batch count=18 active=1 noData=0 budgetExhausted=0 timeHit=0
[74883][I][STORAGE] RAMSpool worker resumed
[74883][I][STORAGE] Exclusive window end kind=enrichment result=manual_batch_built reason=manual_enrich_window
[74883][I][BLE] enrichment request queued count=18 bytes=180
[74883][I][BLE] Requested enrichment batch count=18 queued=0
[75023][I][BLE] enrichment send mtu=247 attPayload=244 bytes=180 count=18
[75059][I][BLE] enrichment batch sent plain=180 sealed=202 count=18 writeOk=1
[75323][I][BLE] enrichment rx chunk cipher=222 queued=1
[75324][I][BLE] enrichment rx chunk cipher=222 queued=0
[75475][I][BLE] enrichment rx chunk cipher=222 queued=0
[75629][I][BLE] enrichment rx chunk cipher=222 queued=1
[75630][I][BLE] enrichment rx chunk cipher=68 queued=0
[75631][I][BLE] enrich_xfer_perf count=18 sendMs=35 waitMs=573 rxBytes=846
[75631][I][BLE] enrichment batch received count=18 bytes=846
[75632][I][BLE] enrichment batch consumed count=18
[75632][I][BLE] Enrich batch queued count=18 queueSize=1
[75632][I][BLE] Enrichment batch received count=18 claimed=0 queued=1
[75632][I][BLE] Enrich drain begin count=18 queueSize=1 ageMs=0
[75633][I][BLE] enrich_perf count=18 applied=0 failed=0 deferred=18 storageMs=0 pendingUpload=4535
[75633][I][BLE] Enrich drain done applied=0 failed=0 deferred=18 queueSize=0
[75634][I][BLE] Enrich torrent done drained=1 remaining=0 tookLease=0 preempt=0 elapsedMs=2
[75644][I][STORAGE] RAMSpool worker paused inflight=0 lastInflight=0
[75645][I][STORAGE] Exclusive window begin kind=enrichment reason=manual_enrich_window workerPaused=1 displaySuspended=1
[75645][I][BLE] Manual enrichment window batch count=18 active=1 noData=0 budgetExhausted=0 timeHit=0
[75646][I][STORAGE] RAMSpool worker resumed
[75646][I][STORAGE] Exclusive window end kind=enrichment result=manual_batch_built reason=manual_enrich_window
[75646][I][BLE] enrichment request queued count=18 bytes=180
[75646][I][BLE] Requested enrichment batch count=18 queued=0
[75786][I][BLE] enrichment send mtu=247 attPayload=244 bytes=180 count=18
[75838][I][BLE] enrichment batch sent plain=180 sealed=202 count=18 writeOk=1
[76086][I][BLE] enrichment rx chunk cipher=222 queued=1
[76087][I][BLE] enrichment rx chunk cipher=222 queued=0
[76238][I][BLE] enrichment rx chunk cipher=222 queued=0
[76389][I][BLE] enrichment rx chunk cipher=222 queued=1
[76390][I][BLE] enrichment rx chunk cipher=68 queued=0
[76391][I][BLE] enrich_xfer_perf count=18 sendMs=52 waitMs=553 rxBytes=846
[76391][I][BLE] enrichment batch received count=18 bytes=846
[76391][I][BLE] enrichment batch consumed count=18
[76392][I][BLE] Enrich batch queued count=18 queueSize=1
[76392][I][BLE] Enrichment batch received count=18 claimed=0 queued=1
[76392][I][BLE] Enrich drain begin count=18 queueSize=1 ageMs=0
[76393][I][BLE] enrich_perf count=18 applied=0 failed=0 deferred=18 storageMs=0 pendingUpload=4535
[76393][I][BLE] Enrich drain done applied=0 failed=0 deferred=18 queueSize=0
[76394][I][BLE] Enrich torrent done drained=1 remaining=0 tookLease=0 preempt=0 elapsedMs=2
[76404][I][STORAGE] RAMSpool worker paused inflight=0 lastInflight=0
[76405][I][STORAGE] Exclusive window begin kind=enrichment reason=manual_enrich_window workerPaused=1 displaySuspended=1
[76405][I][BLE] Manual enrichment window batch count=18 active=1 noData=0 budgetExhausted=0 timeHit=0
[76406][I][STORAGE] RAMSpool worker resumed
[76406][I][STORAGE] Exclusive window end kind=enrichment result=manual_batch_built reason=manual_enrich_window
[76406][I][BLE] enrichment request queued count=18 bytes=180
[76406][I][BLE] Requested enrichment batch count=18 queued=0
[76546][I][BLE] enrichment send mtu=247 attPayload=244 bytes=180 count=18
[76588][I][BLE] enrichment batch sent plain=180 sealed=202 count=18 writeOk=1
[76849][I][BLE] enrichment rx chunk cipher=222 queued=0
[77001][I][BLE] enrichment batch acknowledged by phone
[77002][I][BLE] enrichment rx chunk cipher=222 queued=1
[77003][I][BLE] enrichment rx chunk cipher=222 queued=0
[77153][I][BLE] enrichment rx chunk cipher=222 queued=1
[77154][I][BLE] enrichment rx chunk cipher=68 queued=0
[77155][I][BLE] enrich_xfer_perf count=18 sendMs=42 waitMs=567 rxBytes=846
[77155][I][BLE] enrichment batch received count=18 bytes=846
[77156][I][BLE] enrichment batch consumed count=18
[77156][I][BLE] Enrich batch queued count=18 queueSize=1
[77156][I][BLE] Enrichment batch received count=18 claimed=0 queued=1
[77156][I][BLE] Enrich drain begin count=18 queueSize=1 ageMs=0
[77157][I][BLE] enrich_perf count=18 applied=0 failed=0 deferred=18 storageMs=0 pendingUpload=4535
[77157][I][BLE] Enrich drain done applied=0 failed=0 deferred=18 queueSize=0
[77158][I][BLE] Enrich torrent done drained=1 remaining=0 tookLease=0 preempt=0 elapsedMs=2
[77168][I][STORAGE] RAMSpool worker paused inflight=0 lastInflight=0
[77169][I][STORAGE] Exclusive window begin kind=enrichment reason=manual_enrich_window workerPaused=1 displaySuspended=1
[77169][I][BLE] Manual enrichment window batch count=18 active=1 noData=0 budgetExhausted=0 timeHit=0
[77169][I][STORAGE] RAMSpool worker resumed
[77170][I][STORAGE] Exclusive window end kind=enrichment result=manual_batch_built reason=manual_enrich_window
[77170][I][BLE] enrichment request queued count=18 bytes=180
[77170][I][BLE] Requested enrichment batch count=18 queued=0
[77310][I][BLE] enrichment send mtu=247 attPayload=244 bytes=180 count=18
[77368][I][BLE] enrichment batch sent plain=180 sealed=202 count=18 writeOk=1
[77613][I][BLE] enrichment rx chunk cipher=222 queued=0
[77764][I][BLE] enrichment rx chunk cipher=222 queued=1
[77765][I][BLE] enrichment rx chunk cipher=222 queued=0
[77916][I][BLE] worker stack free=7376B min=7376B
[77917][I][BLE] enrichment rx chunk cipher=222 queued=1
[77918][I][BLE] enrichment rx chunk cipher=68 queued=0
[77918][I][BLE] enrich_xfer_perf count=18 sendMs=58 waitMs=550 rxBytes=846
[77919][I][BLE] enrichment batch received count=18 bytes=846
[77919][I][BLE] enrichment batch consumed count=18
[77920][I][BLE] Enrich batch queued count=18 queueSize=1
[77920][I][BLE] Enrichment batch received count=18 claimed=0 queued=1
[77920][I][BLE] Enrich drain begin count=18 queueSize=1 ageMs=1
[77921][I][BLE] enrich_perf count=18 applied=0 failed=0 deferred=18 storageMs=0 pendingUpload=4535
[77921][I][BLE] Enrich drain done applied=0 failed=0 deferred=18 queueSize=0
[77921][I][BLE] Enrich torrent done drained=1 remaining=0 tookLease=0 preempt=0 elapsedMs=1
[77931][I][STORAGE] RAMSpool worker paused inflight=0 lastInflight=0
[77932][I][STORAGE] Exclusive window begin kind=enrichment reason=manual_enrich_window workerPaused=1 displaySuspended=1
[77932][I][BLE] Manual enrichment window batch count=18 active=1 noData=0 budgetExhausted=0 timeHit=0
[77933][I][STORAGE] RAMSpool worker resumed
[77933][I][STORAGE] Exclusive window end kind=enrichment result=manual_batch_built reason=manual_enrich_window
[77933][I][BLE] enrichment request queued count=18 bytes=180
[77933][I][BLE] Requested enrichment batch count=18 queued=0
[78073][I][BLE] enrichment send mtu=247 attPayload=244 bytes=180 count=18
[78118][I][BLE] enrichment batch sent plain=180 sealed=202 count=18 writeOk=1
[78373][I][BLE] enrichment rx chunk cipher=222 queued=0
[78524][I][BLE] enrichment rx chunk cipher=222 queued=1
[78525][I][BLE] enrichment rx chunk cipher=222 queued=0
[78679][I][BLE] enrichment rx chunk cipher=222 queued=1
[78680][I][BLE] enrichment rx chunk cipher=68 queued=0
[78681][I][BLE] enrich_xfer_perf count=18 sendMs=45 waitMs=563 rxBytes=846
[78681][I][BLE] enrichment batch received count=18 bytes=846
[78681][I][BLE] enrichment batch consumed count=18
[78682][I][BLE] Enrich batch queued count=18 queueSize=1
[78682][I][BLE] Enrichment batch received count=18 claimed=0 queued=1
[78682][I][BLE] Enrich drain begin count=18 queueSize=1 ageMs=0
[78683][I][BLE] enrich_perf count=18 applied=0 failed=0 deferred=18 storageMs=0 pendingUpload=4535
[78683][I][BLE] Enrich drain done applied=0 failed=0 deferred=18 queueSize=0
[78684][I][BLE] Enrich torrent done drained=1 remaining=0 tookLease=0 preempt=0 elapsedMs=2
[78694][I][STORAGE] RAMSpool worker paused inflight=0 lastInflight=0
[78695][I][STORAGE] Exclusive window begin kind=enrichment reason=manual_enrich_window workerPaused=1 displaySuspended=1
[78695][I][BLE] Manual enrichment window batch count=18 active=1 noData=0 budgetExhausted=0 timeHit=0
[78696][I][STORAGE] RAMSpool worker resumed
[78696][I][STORAGE] Exclusive window end kind=enrichment result=manual_batch_built reason=manual_enrich_window
[78696][I][BLE] enrichment request queued count=18 bytes=180
[78696][I][BLE] Requested enrichment batch count=18 queued=0
[78836][I][BLE] enrichment send mtu=247 attPayload=244 bytes=180 count=18
[78898][I][BLE] enrichment batch sent plain=180 sealed=202 count=18 writeOk=1
[79136][I][BLE] enrichment batch acknowledged by phone
[79137][I][BLE] enrichment rx chunk cipher=222 queued=0
[79288][I][BLE] enrichment rx chunk cipher=222 queued=1
[79289][I][BLE] enrichment rx chunk cipher=222 queued=0
[79440][I][BLE] enrichment rx chunk cipher=222 queued=1
[79441][I][BLE] enrichment rx chunk cipher=68 queued=0
[79442][I][BLE] enrich_xfer_perf count=18 sendMs=62 waitMs=544 rxBytes=846
[79442][I][BLE] enrichment batch received count=18 bytes=846
[79443][I][BLE] enrichment batch consumed count=18
[79443][I][BLE] Enrich batch queued count=18 queueSize=1
[79444][I][BLE] Enrichment batch received count=18 claimed=0 queued=1
[79444][I][BLE] Enrich drain begin count=18 queueSize=1 ageMs=1
[79445][I][BLE] enrich_perf count=18 applied=0 failed=0 deferred=18 storageMs=0 pendingUpload=4535
[79445][I][BLE] Enrich drain done applied=0 failed=0 deferred=18 queueSize=0
[79445][I][BLE] Enrich torrent done drained=1 remaining=0 tookLease=0 preempt=0 elapsedMs=1
[79455][I][STORAGE] RAMSpool worker paused inflight=0 lastInflight=0
[79456][I][STORAGE] Exclusive window begin kind=enrichment reason=manual_enrich_window workerPaused=1 displaySuspended=1
[79456][I][BLE] Manual enrichment window batch count=18 active=1 noData=0 budgetExhausted=0 timeHit=0
[79457][I][STORAGE] RAMSpool worker resumed
[79457][I][STORAGE] Exclusive window end kind=enrichment result=manual_batch_built reason=manual_enrich_window
[79457][I][BLE] enrichment request queued count=18 bytes=180
[79457][I][BLE] Requested enrichment batch count=18 queued=0
[79597][W][BLE] gps decrypt failed: secure decrypt replay/stale counter
[79598][I][BLE] enrichment send mtu=247 attPayload=244 bytes=180 count=18
[79648][I][BLE] enrichment batch sent plain=180 sealed=202 count=18 writeOk=1
[79901][I][BLE] enrichment rx chunk cipher=222 queued=1
[79902][I][BLE] enrichment rx chunk cipher=222 queued=0
[80053][I][BLE] enrichment rx chunk cipher=222 queued=0
[80204][I][BLE] enrichment rx chunk cipher=222 queued=1
[80205][I][BLE] enrichment rx chunk cipher=68 queued=0
[80206][I][BLE] enrich_xfer_perf count=18 sendMs=50 waitMs=558 rxBytes=846
[80206][I][BLE] enrichment batch received count=18 bytes=846
[80207][I][BLE] enrichment batch consumed count=18
[80207][I][BLE] Enrich batch queued count=18 queueSize=1
[80207][I][BLE] Enrichment batch received count=18 claimed=0 queued=1
[80207][I][BLE] Enrich drain begin count=18 queueSize=1 ageMs=0
[80208][I][BLE] enrich_perf count=18 applied=0 failed=0 deferred=18 storageMs=0 pendingUpload=4535
[80208][I][BLE] Enrich drain done applied=0 failed=0 deferred=18 queueSize=0
[80209][I][BLE] Enrich torrent done drained=1 remaining=0 tookLease=0 preempt=0 elapsedMs=2
[80219][I][STORAGE] RAMSpool worker paused inflight=0 lastInflight=0
[80220][I][STORAGE] Exclusive window begin kind=enrichment reason=manual_enrich_window workerPaused=1 displaySuspended=1
[80220][I][BLE] Manual enrichment window batch count=18 active=1 noData=0 budgetExhausted=0 timeHit=0
[80220][I][STORAGE] RAMSpool worker resumed
[80221][I][STORAGE] Exclusive window end kind=enrichment result=manual_batch_built reason=manual_enrich_window
[80221][I][BLE] enrichment request queued count=18 bytes=180
[80221][I][BLE] Requested enrichment batch count=18 queued=0
[80361][I][BLE] enrichment send mtu=247 attPayload=244 bytes=180 count=18
[80399][I][BLE] enrichment batch sent plain=180 sealed=202 count=18 writeOk=1
[80664][I][BLE] enrichment rx chunk cipher=222 queued=0
[80815][I][BLE] enrichment rx chunk cipher=222 queued=1
[80816][I][BLE] enrichment rx chunk cipher=222 queued=0
[80967][I][BLE] enrichment rx chunk cipher=222 queued=1
[80968][I][BLE] enrichment rx chunk cipher=68 queued=0
[80969][I][BLE] enrich_xfer_perf count=18 sendMs=37 waitMs=571 rxBytes=846
[80969][I][BLE] enrichment batch received count=18 bytes=846
[80970][I][BLE] enrichment batch consumed count=18
[80970][I][BLE] Enrich batch queued count=18 queueSize=1
[80970][I][BLE] Enrichment batch received count=18 claimed=0 queued=1
[80970][I][BLE] Enrich drain begin count=18 queueSize=1 ageMs=0
[80971][I][BLE] enrich_perf count=18 applied=0 failed=0 deferred=18 storageMs=0 pendingUpload=4535
[80972][I][BLE] Enrich drain done applied=0 failed=0 deferred=18 queueSize=0
[80972][I][BLE] Enrich torrent done drained=1 remaining=0 tookLease=0 preempt=0 elapsedMs=2
[80982][I][STORAGE] RAMSpool worker paused inflight=0 lastInflight=0
[80983][I][STORAGE] Exclusive window begin kind=enrichment reason=manual_enrich_window workerPaused=1 displaySuspended=1
[80983][I][BLE] Manual enrichment window batch count=18 active=1 noData=0 budgetExhausted=0 timeHit=0
[80984][I][STORAGE] RAMSpool worker resumed
[80984][I][STORAGE] Exclusive window end kind=enrichment result=manual_batch_built reason=manual_enrich_window
[80984][I][BLE] enrichment request queued count=18 bytes=180
[80984][I][BLE] Requested enrichment batch count=18 queued=0
[81148][I][BLE] storage snapshot sent pendingUp=0/4535 pendingEnrich=0/4538 usedPct=19
[81209][I][BLE] enrichment send mtu=247 attPayload=244 bytes=180 count=18
[81268][I][BLE] enrichment batch sent plain=180 sealed=202 count=18 writeOk=1
[81310][I][BLE] enrichment batch acknowledged by phone
[81614][I][BLE] enrichment rx chunk cipher=222 queued=2
[81615][I][BLE] enrichment rx chunk cipher=222 queued=1
[81616][I][BLE] enrichment rx chunk cipher=222 queued=0
[81766][I][BLE] enrichment rx chunk cipher=222 queued=1
[81767][I][BLE] enrichment rx chunk cipher=68 queued=0
[81768][I][BLE] enrich_xfer_perf count=18 sendMs=59 waitMs=500 rxBytes=846
[81768][I][BLE] enrichment batch received count=18 bytes=846
[81769][I][BLE] enrichment batch consumed count=18
[81769][I][BLE] Enrich batch queued count=18 queueSize=1
[81769][I][BLE] Enrichment batch received count=18 claimed=0 queued=1
[81769][I][BLE] Enrich drain begin count=18 queueSize=1 ageMs=0
[81770][I][BLE] enrich_perf count=18 applied=0 failed=0 deferred=18 storageMs=0 pendingUpload=4535
[81770][I][BLE] Enrich drain done applied=0 failed=0 deferred=18 queueSize=0
[81771][I][BLE] Enrich torrent done drained=1 remaining=0 tookLease=0 preempt=0 elapsedMs=2
[81781][I][STORAGE] RAMSpool worker paused inflight=0 lastInflight=0
[81782][I][STORAGE] Exclusive window begin kind=enrichment reason=manual_enrich_window workerPaused=1 displaySuspended=1
[81782][I][BLE] Manual enrichment window batch count=18 active=1 noData=0 budgetExhausted=0 timeHit=0
[81783][I][STORAGE] RAMSpool worker resumed
[81783][I][STORAGE] Exclusive window end kind=enrichment result=manual_batch_built reason=manual_enrich_window
[81783][I][BLE] enrichment request queued count=18 bytes=180
[81783][I][BLE] Requested enrichment batch count=18 queued=0
[81923][I][BLE] enrichment send mtu=247 attPayload=244 bytes=180 count=18
[81959][I][BLE] enrichment batch sent plain=180 sealed=202 count=18 writeOk=1
[82223][I][BLE] enrichment rx chunk cipher=222 queued=1
[82224][I][BLE] enrichment rx chunk cipher=222 queued=0
[82375][I][BLE] enrichment rx chunk cipher=222 queued=1
[82376][I][BLE] enrichment rx chunk cipher=222 queued=0
[82527][I][BLE] enrichment rx chunk cipher=68 queued=0
[82528][I][BLE] enrich_xfer_perf count=18 sendMs=35 waitMs=570 rxBytes=846
[82529][I][BLE] enrichment batch received count=18 bytes=846
[82529][I][BLE] enrichment batch consumed count=18
[82530][I][BLE] Enrich batch queued count=18 queueSize=1
[82530][I][BLE] Enrichment batch received count=18 claimed=0 queued=1
[82530][I][BLE] Enrich drain begin count=18 queueSize=1 ageMs=0
[82531][I][BLE] enrich_perf count=18 applied=0 failed=0 deferred=18 storageMs=0 pendingUpload=4535
[82531][I][BLE] Enrich drain done applied=0 failed=0 deferred=18 queueSize=0
[82532][I][BLE] Enrich torrent done drained=1 remaining=0 tookLease=0 preempt=0 elapsedMs=1
[82542][I][STORAGE] RAMSpool worker paused inflight=0 lastInflight=0
[82543][I][STORAGE] Exclusive window begin kind=enrichment reason=manual_enrich_window workerPaused=1 displaySuspended=1
[82543][I][BLE] Manual enrichment window batch count=18 active=1 noData=0 budgetExhausted=0 timeHit=0
[82543][I][STORAGE] RAMSpool worker resumed
[82544][I][STORAGE] Exclusive window end kind=enrichment result=manual_batch_built reason=manual_enrich_window
[82544][I][BLE] enrichment request queued count=18 bytes=180
[82544][I][BLE] Requested enrichment batch count=18 queued=0
[82687][I][BLE] enrichment send mtu=247 attPayload=244 bytes=180 count=18
[82738][I][BLE] enrichment batch sent plain=180 sealed=202 count=18 writeOk=1
[82987][I][BLE] enrichment rx chunk cipher=222 queued=0
[83138][I][BLE] enrichment rx chunk cipher=222 queued=1
[83139][I][BLE] enrichment rx chunk cipher=222 queued=0
[83290][I][BLE] enrichment rx chunk cipher=222 queued=1
[83291][I][BLE] enrichment rx chunk cipher=68 queued=0
[83292][I][BLE] enrich_xfer_perf count=18 sendMs=51 waitMs=554 rxBytes=846
[83292][I][BLE] enrichment batch received count=18 bytes=846
[83293][I][BLE] enrichment batch consumed count=18
[83293][I][BLE] Enrich batch queued count=18 queueSize=1
[83294][I][BLE] Enrichment batch received count=18 claimed=0 queued=1
[83294][I][BLE] Enrich drain begin count=18 queueSize=1 ageMs=1
[83295][I][BLE] enrich_perf count=18 applied=0 failed=0 deferred=18 storageMs=0 pendingUpload=4535
[83295][I][BLE] Enrich drain done applied=0 failed=0 deferred=18 queueSize=0
[83295][I][BLE] Enrich torrent done drained=1 remaining=0 tookLease=0 preempt=0 elapsedMs=1
[83305][I][STORAGE] RAMSpool worker paused inflight=0 lastInflight=0
[83306][I][STORAGE] Exclusive window begin kind=enrichment reason=manual_enrich_window workerPaused=1 displaySuspended=1
[83306][I][BLE] Manual enrichment window batch count=18 active=1 noData=0 budgetExhausted=0 timeHit=0
[83306][I][STORAGE] RAMSpool worker resumed
[83307][I][STORAGE] Exclusive window end kind=enrichment result=manual_batch_built reason=manual_enrich_window
[83307][I][BLE] enrichment request queued count=18 bytes=180
[83307][I][BLE] Requested enrichment batch count=18 queued=0
[83447][I][BLE] enrichment batch acknowledged by phone
[83448][I][BLE] enrichment send mtu=247 attPayload=244 bytes=180 count=18
[83489][I][BLE] enrichment batch sent plain=180 sealed=202 count=18 writeOk=1
[83751][I][BLE] enrichment rx chunk cipher=222 queued=1
[83752][I][BLE] enrichment rx chunk cipher=222 queued=0
[83903][I][BLE] enrichment rx chunk cipher=222 queued=0
[84054][I][BLE] enrichment rx chunk cipher=222 queued=1
[84055][I][BLE] enrichment rx chunk cipher=68 queued=0
[84056][I][BLE] enrich_xfer_perf count=18 sendMs=40 waitMs=568 rxBytes=846
[84056][I][BLE] enrichment batch received count=18 bytes=846
[84057][I][BLE] enrichment batch consumed count=18
[84057][I][BLE] Enrich batch queued count=18 queueSize=1
[84057][I][BLE] Enrichment batch received count=18 claimed=0 queued=1
[84057][I][BLE] Enrich drain begin count=18 queueSize=1 ageMs=0
[84058][I][BLE] enrich_perf count=18 applied=0 failed=0 deferred=18 storageMs=0 pendingUpload=4535
[84059][I][BLE] Enrich drain done applied=0 failed=0 deferred=18 queueSize=0
[84059][I][BLE] Enrich torrent done drained=1 remaining=0 tookLease=0 preempt=0 elapsedMs=2
[84069][I][STORAGE] RAMSpool worker paused inflight=0 lastInflight=0
[84070][I][STORAGE] Exclusive window begin kind=enrichment reason=manual_enrich_window workerPaused=1 displaySuspended=1
[84070][I][BLE] Manual enrichment window batch count=18 active=1 noData=0 budgetExhausted=0 timeHit=0
[84070][I][STORAGE] RAMSpool worker resumed
[84071][I][STORAGE] Exclusive window end kind=enrichment result=manual_batch_built reason=manual_enrich_window
[84071][I][BLE] enrichment request queued count=18 bytes=180
[84071][I][BLE] Requested enrichment batch count=18 queued=0
[84211][I][BLE] enrichment send mtu=247 attPayload=244 bytes=180 count=18
[84268][I][BLE] enrichment batch sent plain=180 sealed=202 count=18 writeOk=1
[84511][I][BLE] enrichment rx chunk cipher=222 queued=1
[84512][I][BLE] enrichment rx chunk cipher=222 queued=0
[84666][W][BLE] gps decrypt failed: secure decrypt replay/stale counter
[84667][I][BLE] enrichment rx chunk cipher=222 queued=0
[84817][I][BLE] enrichment rx chunk cipher=222 queued=1
[84818][I][BLE] enrichment rx chunk cipher=68 queued=0
[84819][I][BLE] enrich_xfer_perf count=18 sendMs=57 waitMs=551 rxBytes=846
[84819][I][BLE] enrichment batch received count=18 bytes=846
[84819][I][BLE] enrichment batch consumed count=18
[84820][I][BLE] Enrich batch queued count=18 queueSize=1
[84820][I][BLE] Enrichment batch received count=18 claimed=0 queued=1
[84820][I][BLE] Enrich drain begin count=18 queueSize=1 ageMs=0
[84821][I][BLE] enrich_perf count=18 applied=0 failed=0 deferred=18 storageMs=0 pendingUpload=4535
[84821][I][BLE] Enrich drain done applied=0 failed=0 deferred=18 queueSize=0
[84822][I][BLE] Enrich torrent done drained=1 remaining=0 tookLease=0 preempt=0 elapsedMs=2
[84832][I][STORAGE] RAMSpool worker paused inflight=0 lastInflight=0
[84833][I][STORAGE] Exclusive window begin kind=enrichment reason=manual_enrich_window workerPaused=1 displaySuspended=1
[84833][I][BLE] Manual enrichment window batch count=18 active=1 noData=0 budgetExhausted=0 timeHit=0
[84834][I][STORAGE] RAMSpool worker resumed
[84834][I][STORAGE] Exclusive window end kind=enrichment result=manual_batch_built reason=manual_enrich_window
[84834][I][BLE] enrichment request queued count=18 bytes=180
[84834][I][BLE] Requested enrichment batch count=18 queued=0
[84974][I][BLE] enrichment send mtu=247 attPayload=244 bytes=180 count=18
[85018][I][BLE] enrichment batch sent plain=180 sealed=202 count=18 writeOk=1
[85274][I][BLE] enrichment rx chunk cipher=222 queued=0
[85425][I][BLE] enrichment rx chunk cipher=222 queued=1
[85426][I][BLE] enrichment rx chunk cipher=222 queued=0
[85577][I][BLE] enrichment batch acknowledged by phone
[85578][I][BLE] enrichment rx chunk cipher=222 queued=1
[85579][I][BLE] enrichment rx chunk cipher=68 queued=0
[85579][I][BLE] enrich_xfer_perf count=18 sendMs=44 waitMs=561 rxBytes=846
[85580][I][BLE] enrichment batch received count=18 bytes=846
[85580][I][BLE] enrichment batch consumed count=18
[85580][I][BLE] Enrich batch queued count=18 queueSize=1
[85581][I][BLE] Enrichment batch received count=18 claimed=0 queued=1
[85581][I][BLE] Enrich drain begin count=18 queueSize=1 ageMs=1
[85581][I][BLE] enrich_perf count=18 applied=0 failed=0 deferred=18 storageMs=0 pendingUpload=4535
[85582][I][BLE] Enrich drain done applied=0 failed=0 deferred=18 queueSize=0
[85582][I][BLE] Enrich torrent done drained=1 remaining=0 tookLease=0 preempt=0 elapsedMs=1
[85592][I][STORAGE] RAMSpool worker paused inflight=0 lastInflight=0
[85593][I][STORAGE] Exclusive window begin kind=enrichment reason=manual_enrich_window workerPaused=1 displaySuspended=1
[85593][I][BLE] Manual enrichment window batch count=18 active=1 noData=0 budgetExhausted=0 timeHit=0
[85593][I][STORAGE] RAMSpool worker resumed
[85594][I][STORAGE] Exclusive window end kind=enrichment result=manual_batch_built reason=manual_enrich_window
[85594][I][BLE] enrichment request queued count=18 bytes=180
[85594][I][BLE] Requested enrichment batch count=18 queued=0
[85737][I][BLE] enrichment send mtu=247 attPayload=244 bytes=180 count=18
[85798][I][BLE] enrichment batch sent plain=180 sealed=202 count=18 writeOk=1
[86037][I][BLE] enrichment rx chunk cipher=222 queued=0
[86188][I][BLE] enrichment rx chunk cipher=222 queued=1
[86189][I][BLE] enrichment rx chunk cipher=222 queued=0
[86340][I][BLE] enrichment rx chunk cipher=222 queued=1
[86341][I][BLE] enrichment rx chunk cipher=68 queued=0
[86342][I][BLE] enrich_xfer_perf count=18 sendMs=61 waitMs=544 rxBytes=846
[86342][I][BLE] enrichment batch received count=18 bytes=846
[86342][I][BLE] enrichment batch consumed count=18
[86343][I][BLE] Enrich batch queued count=18 queueSize=1
[86343][I][BLE] Enrichment batch received count=18 claimed=0 queued=1
[86343][I][BLE] Enrich drain begin count=18 queueSize=1 ageMs=0
[86344][I][BLE] enrich_perf count=18 applied=0 failed=0 deferred=18 storageMs=0 pendingUpload=4535
[86344][I][BLE] Enrich drain done applied=0 failed=0 deferred=18 queueSize=0
[86345][I][BLE] Enrich torrent done drained=1 remaining=0 tookLease=0 preempt=0 elapsedMs=2
[86355][I][STORAGE] RAMSpool worker paused inflight=0 lastInflight=0
[86356][I][STORAGE] Exclusive window begin kind=enrichment reason=manual_enrich_window workerPaused=1 displaySuspended=1
[86356][I][BLE] Manual enrichment window batch count=18 active=1 noData=0 budgetExhausted=0 timeHit=0
[86357][I][STORAGE] RAMSpool worker resumed
[86357][I][STORAGE] Exclusive window end kind=enrichment result=manual_batch_built reason=manual_enrich_window
[86357][I][BLE] enrichment request queued count=18 bytes=180
[86357][I][BLE] Requested enrichment batch count=18 queued=0
[86497][I][BLE] enrichment send mtu=247 attPayload=244 bytes=180 count=18
[86548][I][BLE] enrichment batch sent plain=180 sealed=202 count=18 writeOk=1
[86800][I][BLE] enrichment rx chunk cipher=222 queued=0
[86951][I][BLE] enrichment rx chunk cipher=222 queued=1
[86952][I][BLE] enrichment rx chunk cipher=222 queued=0
[87103][I][BLE] enrichment rx chunk cipher=222 queued=1
[87104][I][BLE] enrichment rx chunk cipher=68 queued=0
[87105][I][BLE] enrich_xfer_perf count=18 sendMs=51 waitMs=557 rxBytes=846
[87105][I][BLE] enrichment batch received count=18 bytes=846
[87106][I][BLE] enrichment batch consumed count=18
[87106][I][BLE] Enrich batch queued count=18 queueSize=1
[87106][I][BLE] Enrichment batch received count=18 claimed=0 queued=1
[87106][I][BLE] Enrich drain begin count=18 queueSize=1 ageMs=0
[87107][I][BLE] enrich_perf count=18 applied=0 failed=0 deferred=18 storageMs=0 pendingUpload=4535
[87107][I][BLE] Enrich drain done applied=0 failed=0 deferred=18 queueSize=0
[87108][I][BLE] Enrich torrent done drained=1 remaining=0 tookLease=0 preempt=0 elapsedMs=2
[87118][I][STORAGE] RAMSpool worker paused inflight=0 lastInflight=0
[87119][I][STORAGE] Exclusive window begin kind=enrichment reason=manual_enrich_window workerPaused=1 displaySuspended=1
[87119][I][BLE] Manual enrichment window batch count=18 active=1 noData=0 budgetExhausted=0 timeHit=0
[87120][I][STORAGE] RAMSpool worker resumed
[87120][I][STORAGE] Exclusive window end kind=enrichment result=manual_batch_built reason=manual_enrich_window
[87120][I][BLE] enrichment request queued count=18 bytes=180
[87120][I][BLE] Requested enrichment batch count=18 queued=0
[87260][I][BLE] enrichment send mtu=247 attPayload=244 bytes=180 count=18
[87298][I][BLE] enrichment batch sent plain=180 sealed=202 count=18 writeOk=1
[87560][I][BLE] enrichment rx chunk cipher=222 queued=0
[87714][I][BLE] enrichment batch acknowledged by phone
[87715][I][BLE] enrichment rx chunk cipher=222 queued=1
[87716][I][BLE] enrichment rx chunk cipher=222 queued=0
[87866][I][BLE] enrichment rx chunk cipher=222 queued=1
[87867][I][BLE] enrichment rx chunk cipher=68 queued=0
[87868][I][BLE] enrich_xfer_perf count=18 sendMs=38 waitMs=570 rxBytes=846
[87868][I][BLE] enrichment batch received count=18 bytes=846
[87869][I][BLE] enrichment batch consumed count=18
[87869][I][BLE] Enrich batch queued count=18 queueSize=1
[87869][I][BLE] Enrichment batch received count=18 claimed=0 queued=1
[87870][I][BLE] Enrich drain begin count=18 queueSize=1 ageMs=0
[87870][I][BLE] enrich_perf count=18 applied=0 failed=0 deferred=18 storageMs=0 pendingUpload=4535
[87871][I][BLE] Enrich drain done applied=0 failed=0 deferred=18 queueSize=0
[87871][I][BLE] Enrich torrent done drained=1 remaining=0 tookLease=0 preempt=0 elapsedMs=2
[87881][I][STORAGE] RAMSpool worker paused inflight=0 lastInflight=0
[87882][I][STORAGE] Exclusive window begin kind=enrichment reason=manual_enrich_window workerPaused=1 displaySuspended=1
[87882][I][BLE] Manual enrichment window batch count=18 active=1 noData=0 budgetExhausted=0 timeHit=0
[87882][I][STORAGE] RAMSpool worker resumed
[87883][I][STORAGE] Exclusive window end kind=enrichment result=manual_batch_built reason=manual_enrich_window
[87883][I][BLE] enrichment request queued count=18 bytes=180
[87883][I][BLE] Requested enrichment batch count=18 queued=0
[88023][I][BLE] enrichment send mtu=247 attPayload=244 bytes=180 count=18
[88078][I][BLE] enrichment batch sent plain=180 sealed=202 count=18 writeOk=1
[88323][I][BLE] enrichment rx chunk cipher=222 queued=1
[88324][I][BLE] enrichment rx chunk cipher=222 queued=0
[88475][I][BLE] enrichment rx chunk cipher=222 queued=0
[88626][I][BLE] enrichment rx chunk cipher=222 queued=1
[88627][I][BLE] enrichment rx chunk cipher=68 queued=0
[88628][I][BLE] enrich_xfer_perf count=18 sendMs=55 waitMs=550 rxBytes=846
[88628][I][BLE] enrichment batch received count=18 bytes=846
[88629][I][BLE] enrichment batch consumed count=18
[88629][I][BLE] Enrich batch queued count=18 queueSize=1
[88629][I][BLE] Enrichment batch received count=18 claimed=0 queued=1
[88629][I][BLE] Enrich drain begin count=18 queueSize=1 ageMs=0
[88630][I][BLE] enrich_perf count=18 applied=0 failed=0 deferred=18 storageMs=0 pendingUpload=4535
[88630][I][BLE] Enrich drain done applied=0 failed=0 deferred=18 queueSize=0
[88631][I][BLE] Enrich torrent done drained=1 remaining=0 tookLease=0 preempt=0 elapsedMs=2
[88644][I][STORAGE] RAMSpool worker paused inflight=0 lastInflight=0
[88644][I][STORAGE] Exclusive window begin kind=enrichment reason=manual_enrich_window workerPaused=1 displaySuspended=1
[88645][I][BLE] Manual enrichment window batch count=18 active=1 noData=0 budgetExhausted=0 timeHit=0
[88645][I][STORAGE] RAMSpool worker resumed
[88645][I][STORAGE] Exclusive window end kind=enrichment result=manual_batch_built reason=manual_enrich_window
[88646][I][BLE] enrichment request queued count=18 bytes=180
[88646][I][BLE] Requested enrichment batch count=18 queued=0
[88786][I][BLE] enrichment send mtu=247 attPayload=244 bytes=180 count=18
[88828][I][BLE] enrichment batch sent plain=180 sealed=202 count=18 writeOk=1
[89086][I][BLE] enrichment rx chunk cipher=222 queued=1
[89087][I][BLE] enrichment rx chunk cipher=222 queued=0
[89238][I][BLE] enrichment rx chunk cipher=222 queued=0
[89389][I][BLE] enrichment rx chunk cipher=222 queued=1
[89390][I][BLE] enrichment rx chunk cipher=68 queued=0
[89391][I][BLE] enrich_xfer_perf count=18 sendMs=42 waitMs=563 rxBytes=846
[89391][I][BLE] enrichment batch received count=18 bytes=846
[89391][I][BLE] enrichment batch consumed count=18
[89392][I][BLE] Enrich batch queued count=18 queueSize=1
[89392][I][BLE] Enrichment batch received count=18 claimed=0 queued=1
[89392][I][BLE] Enrich drain begin count=18 queueSize=1 ageMs=0
[89393][I][BLE] enrich_perf count=18 applied=0 failed=0 deferred=18 storageMs=0 pendingUpload=4535
[89393][I][BLE] Enrich drain done applied=0 failed=0 deferred=18 queueSize=0
[89394][I][BLE] Enrich torrent done drained=1 remaining=0 tookLease=0 preempt=0 elapsedMs=2
[89404][I][STORAGE] RAMSpool worker paused inflight=0 lastInflight=0
[89405][I][STORAGE] Exclusive window begin kind=enrichment reason=manual_enrich_window workerPaused=1 displaySuspended=1
[89405][I][BLE] Manual enrichment window batch count=18 active=1 noData=0 budgetExhausted=0 timeHit=0
[89406][I][STORAGE] RAMSpool worker resumed
[89406][I][STORAGE] Exclusive window end kind=enrichment result=manual_batch_built reason=manual_enrich_window
[89406][I][BLE] enrichment request queued count=18 bytes=180
[89406][I][BLE] Requested enrichment batch count=18 queued=0
[89579][I][BLE] enrichment send mtu=247 attPayload=244 bytes=180 count=18
[89638][I][BLE] enrichment batch sent plain=180 sealed=202 count=18 writeOk=1
[89699][W][BLE] gps decrypt failed: secure decrypt replay/stale counter
[89850][I][BLE] enrichment batch acknowledged by phone
[89851][I][BLE] enrichment rx chunk cipher=222 queued=0
[90011][I][BLE] enrichment rx chunk cipher=222 queued=1
[90012][I][BLE] enrichment rx chunk cipher=222 queued=0
[90015][I][HEAP] heap free=7617KB min=7603KB largest=7552KB frag=0% internalFree=11KB internalLargest=7KB psramFree=7607KB core=9/0% owner=BLE_GPS nets=6 pendingUpload=4535 pendingEnrich=4538
[HEALTH] time=2026-08-07 14:08:44 src=ntp
[HEALTH] heap used=807/8424KB free=7617KB min=7603KB largest=7552KB frag=0%
[HEALTH] internal used=222/232KB free=11KB min=1KB largest=7KB
[HEALTH] psram used=585/8192KB free=7607KB largest=7552KB
[HEALTH] stack free_min: core0=17KB/22KB core1=13KB/18KB
[HEALTH] core usage: core0=9% core1=0%
[HEALTH] power=usb state=usb batt=100% 4740mV trend=55mV/min runtime=0min cap=1100mAh charging=1
[HEALTH] radio=BLE_GPS wifi=0 ble=1 gps=0 nets=6 pendingUpload=4535 pendingEnrich=4538
[HEALTH] subghz=NONE mode=OFF pkts=0 nodes=0
[90017][I][STORAGE] RAMSpool enq=3 cons=3 inflight=0/1024 high=3 pressure=0 drop[full=0 big=0 noise=0 p3Evict=0 p3Drop=0 p2Drop=0 p1Fail=0] free=1024
[90018][I][STORAGE] RAMSpool enqueue probe[ok=2 drop=0] device[ok=1 drop=0]
[90018][I][STORAGE] RAMSpool worker probe[ok=2 sup=0 drop=0 fail=0 slow=0] device[ok=1 sup=0 drop=0 fail=0 slow=0] slowTotal=0 maxMs=0
[90018][I][STORAGE] RAMSpool prioEnq p0=0 p1=0 p2=3 p3=0
[90018][I][STORAGE] RAMSpool lanes p1=0/0 p2=0/2 p3=0/0
[90168][I][BLE] enrichment rx chunk cipher=222 queued=1
[90169][I][BLE] enrichment rx chunk cipher=68 queued=0
[90170][I][BLE] enrich_xfer_perf count=18 sendMs=59 waitMs=532 rxBytes=846
[90170][I][BLE] enrichment batch received count=18 bytes=846
[90170][I][BLE] enrichment batch consumed count=18
[90171][I][BLE] Enrich batch queued count=18 queueSize=1
[90171][I][BLE] Enrichment batch received count=18 claimed=0 queued=1
[90171][I][BLE] Enrich drain begin count=18 queueSize=1 ageMs=0
[90172][I][BLE] enrich_perf count=18 applied=0 failed=0 deferred=18 storageMs=0 pendingUpload=4535
[90172][I][BLE] Enrich drain done applied=0 failed=0 deferred=18 queueSize=0
[90173][I][BLE] Enrich torrent done drained=1 remaining=0 tookLease=0 preempt=0 elapsedMs=2
[90183][I][STORAGE] RAMSpool worker paused inflight=0 lastInflight=0
[90184][I][STORAGE] Exclusive window begin kind=enrichment reason=manual_enrich_window workerPaused=1 displaySuspended=1
[90184][I][BLE] Manual enrichment window batch count=18 active=1 noData=0 budgetExhausted=0 timeHit=0
[90185][I][STORAGE] RAMSpool worker resumed
[90185][I][STORAGE] Exclusive window end kind=enrichment result=manual_batch_built reason=manual_enrich_window
[90185][I][BLE] enrichment request queued count=18 bytes=180
[90185][I][BLE] Requested enrichment batch count=18 queued=0
[90325][I][BLE] enrichment send mtu=247 attPayload=244 bytes=180 count=18
[90358][I][BLE] enrichment batch sent plain=180 sealed=202 count=18 writeOk=1
[90625][I][BLE] enrichment rx chunk cipher=222 queued=1
[90626][I][BLE] enrichment rx chunk cipher=222 queued=0
[90780][I][BLE] enrichment rx chunk cipher=222 queued=1
[90781][I][BLE] enrichment rx chunk cipher=222 queued=0
[90932][I][BLE] enrichment rx chunk cipher=68 queued=0
[90933][I][BLE] enrich_xfer_perf count=18 sendMs=33 waitMs=575 rxBytes=846
[90933][I][BLE] enrichment batch received count=18 bytes=846
[90934][I][BLE] enrichment batch consumed count=18
[90934][I][BLE] Enrich batch queued count=18 queueSize=1
[90934][I][BLE] Enrichment batch received count=18 claimed=0 queued=1
[90935][I][BLE] Enrich drain begin count=18 queueSize=1 ageMs=0
[90935][I][BLE] enrich_perf count=18 applied=0 failed=0 deferred=18 storageMs=0 pendingUpload=4535
[90936][I][BLE] Enrich drain done applied=0 failed=0 deferred=18 queueSize=0
[90936][I][BLE] Enrich torrent done drained=1 remaining=0 tookLease=0 preempt=0 elapsedMs=2
[90946][I][STORAGE] RAMSpool worker paused inflight=0 lastInflight=0
[90947][I][STORAGE] Exclusive window begin kind=enrichment reason=manual_enrich_window workerPaused=1 displaySuspended=1
[90947][I][BLE] Manual enrichment window batch count=18 active=1 noData=0 budgetExhausted=0 timeHit=0
[90948][I][STORAGE] RAMSpool worker resumed
[90948][I][STORAGE] Exclusive window end kind=enrichment result=manual_batch_built reason=manual_enrich_window
[90948][I][BLE] enrichment request queued count=18 bytes=180
[90948][I][BLE] Requested enrichment batch count=18 queued=0
[91029][I][STACK] TaskHardware watermark=17208B min=17208B
[91089][I][BLE] enrichment send mtu=247 attPayload=244 bytes=180 count=18
[91138][I][BLE] enrichment batch sent plain=180 sealed=202 count=18 writeOk=1
[91389][I][BLE] enrichment rx chunk cipher=222 queued=1
[91390][I][BLE] enrichment rx chunk cipher=222 queued=0
[91541][I][BLE] enrichment rx chunk cipher=222 queued=0
[91695][I][BLE] enrichment rx chunk cipher=222 queued=1
[91696][I][BLE] enrichment rx chunk cipher=68 queued=0
[91697][I][BLE] enrich_xfer_perf count=18 sendMs=49 waitMs=559 rxBytes=846
[91697][I][BLE] enrichment batch received count=18 bytes=846
[91698][I][BLE] enrichment batch consumed count=18
[91698][I][BLE] Enrich batch queued count=18 queueSize=1
[91698][I][BLE] Enrichment batch received count=18 claimed=0 queued=1
[91698][I][BLE] Enrich drain begin count=18 queueSize=1 ageMs=0
[91699][I][BLE] enrich_perf count=18 applied=0 failed=0 deferred=18 storageMs=0 pendingUpload=4535
[91699][I][BLE] Enrich drain done applied=0 failed=0 deferred=18 queueSize=0
[91700][I][BLE] Enrich torrent done drained=1 remaining=0 tookLease=0 preempt=0 elapsedMs=2
[91710][I][STORAGE] RAMSpool worker paused inflight=0 lastInflight=0
[91711][I][STORAGE] Exclusive window begin kind=enrichment reason=manual_enrich_window workerPaused=1 displaySuspended=1
[91711][I][BLE] Manual enrichment window batch count=18 active=1 noData=0 budgetExhausted=0 timeHit=0
[91712][I][STORAGE] RAMSpool worker resumed
[91712][I][STORAGE] Exclusive window end kind=enrichment result=manual_batch_built reason=manual_enrich_window
[91712][I][BLE] enrichment request queued count=18 bytes=180
[91712][I][BLE] Requested enrichment batch count=18 queued=0
[91889][I][BLE] enrichment send mtu=247 attPayload=244 bytes=180 count=18
[91948][I][BLE] enrichment batch sent plain=180 sealed=202 count=18 writeOk=1
[92002][I][BLE] enrichment batch acknowledged by phone
[92153][I][BLE] enrichment rx chunk cipher=222 queued=0
[92304][I][BLE] enrichment rx chunk cipher=222 queued=1
[92305][I][BLE] enrichment rx chunk cipher=222 queued=0
[92456][I][BLE] enrichment rx chunk cipher=222 queued=1
[92457][I][BLE] enrichment rx chunk cipher=68 queued=0
[92458][I][BLE] enrich_xfer_perf count=18 sendMs=59 waitMs=510 rxBytes=846
[92458][I][BLE] enrichment batch received count=18 bytes=846
[92459][I][BLE] enrichment batch consumed count=18
[92459][I][BLE] Enrich batch queued count=18 queueSize=1
[92459][I][BLE] Enrichment batch received count=18 claimed=0 queued=1
[92459][I][BLE] Enrich drain begin count=18 queueSize=1 ageMs=0
[92460][I][BLE] enrich_perf count=18 applied=0 failed=0 deferred=18 storageMs=0 pendingUpload=4535
[92461][I][BLE] Enrich drain done applied=0 failed=0 deferred=18 queueSize=0
[92461][I][BLE] Enrich torrent done drained=1 remaining=0 tookLease=0 preempt=0 elapsedMs=2
[92471][I][STORAGE] RAMSpool worker paused inflight=0 lastInflight=0
[92472][I][STORAGE] Exclusive window begin kind=enrichment reason=manual_enrich_window workerPaused=1 displaySuspended=1
[92472][I][BLE] Manual enrichment window batch count=18 active=1 noData=0 budgetExhausted=0 timeHit=0
[92473][I][STORAGE] RAMSpool worker resumed
[92473][I][STORAGE] Exclusive window end kind=enrichment result=manual_batch_built reason=manual_enrich_window
[92473][I][BLE] enrichment request queued count=18 bytes=180
[92473][I][BLE] Requested enrichment batch count=18 queued=0
[92613][I][BLE] enrichment send mtu=247 attPayload=244 bytes=180 count=18
[92669][I][BLE] enrichment batch sent plain=180 sealed=202 count=18 writeOk=1
[92916][I][BLE] enrichment rx chunk cipher=222 queued=1
[92917][I][BLE] enrichment rx chunk cipher=222 queued=0
[93068][I][BLE] enrichment rx chunk cipher=222 queued=0
[93219][I][BLE] enrichment rx chunk cipher=222 queued=1
[93220][I][BLE] enrichment rx chunk cipher=68 queued=0
[93221][I][BLE] enrich_xfer_perf count=18 sendMs=55 waitMs=553 rxBytes=846
[93221][I][BLE] enrichment batch received count=18 bytes=846
[93221][I][BLE] enrichment batch consumed count=18
[93222][I][BLE] Enrich batch queued count=18 queueSize=1
[93222][I][BLE] Enrichment batch received count=18 claimed=0 queued=1
[93222][I][BLE] Enrich drain begin count=18 queueSize=1 ageMs=0
[93223][I][BLE] enrich_perf count=18 applied=0 failed=0 deferred=18 storageMs=0 pendingUpload=4535
[93223][I][BLE] Enrich drain done applied=0 failed=0 deferred=18 queueSize=0
[93224][I][BLE] Enrich torrent done drained=1 remaining=0 tookLease=0 preempt=0 elapsedMs=2
[93234][I][STORAGE] RAMSpool worker paused inflight=0 lastInflight=0
[93235][I][STORAGE] Exclusive window begin kind=enrichment reason=manual_enrich_window workerPaused=1 displaySuspended=1
[93235][I][BLE] Manual enrichment window batch count=18 active=1 noData=0 budgetExhausted=0 timeHit=0
[93235][I][STORAGE] RAMSpool worker resumed
[93236][I][STORAGE] Exclusive window end kind=enrichment result=manual_batch_built reason=manual_enrich_window
[93236][I][BLE] enrichment request queued count=18 bytes=180
[93236][I][BLE] Requested enrichment batch count=18 queued=0
[93376][I][BLE] enrichment send mtu=247 attPayload=244 bytes=180 count=18
[93418][I][BLE] enrichment batch sent plain=180 sealed=202 count=18 writeOk=1
[93679][I][BLE] enrichment rx chunk cipher=222 queued=1
[93680][I][BLE] enrichment rx chunk cipher=222 queued=0
[93831][I][BLE] enrichment rx chunk cipher=222 queued=0
[93982][I][BLE] enrichment rx chunk cipher=222 queued=1
[93983][I][BLE] enrichment rx chunk cipher=68 queued=0
[93984][I][BLE] enrich_xfer_perf count=18 sendMs=42 waitMs=566 rxBytes=846
[93984][I][BLE] enrichment batch received count=18 bytes=846
[93985][I][BLE] enrichment batch consumed count=18
[93985][I][BLE] Enrich batch queued count=18 queueSize=1
[93986][I][BLE] Enrichment batch received count=18 claimed=0 queued=1
[93986][I][BLE] Enrich drain begin count=18 queueSize=1 ageMs=1
[93987][I][BLE] enrich_perf count=18 applied=0 failed=0 deferred=18 storageMs=0 pendingUpload=4535
[93987][I][BLE] Enrich drain done applied=0 failed=0 deferred=18 queueSize=0
[93987][I][BLE] Enrich torrent done drained=1 remaining=0 tookLease=0 preempt=0 elapsedMs=1
[93998][I][STORAGE] RAMSpool worker paused inflight=0 lastInflight=0
[93999][I][STORAGE] Exclusive window begin kind=enrichment reason=manual_enrich_window workerPaused=1 displaySuspended=1
[93999][I][BLE] Manual enrichment window batch count=18 active=1 noData=0 budgetExhausted=0 timeHit=0
[93999][I][STORAGE] RAMSpool worker resumed
[94000][I][STORAGE] Exclusive window end kind=enrichment result=manual_batch_built reason=manual_enrich_window
[94000][I][BLE] enrichment request queued count=18 bytes=180
[94000][I][BLE] Requested enrichment batch count=18 queued=0
[94140][I][BLE] enrichment batch acknowledged by phone
[94141][I][BLE] enrichment send mtu=247 attPayload=244 bytes=180 count=18
[94198][I][BLE] enrichment batch sent plain=180 sealed=202 count=18 writeOk=1
[94441][I][BLE] enrichment rx chunk cipher=222 queued=0
[94592][I][BLE] enrichment rx chunk cipher=222 queued=1
[94593][I][BLE] enrichment rx chunk cipher=222 queued=0
[94747][W][BLE] gps decrypt failed: secure decrypt replay/stale counter
[94748][I][BLE] enrichment rx chunk cipher=222 queued=1
[94748][I][BLE] enrichment rx chunk cipher=68 queued=0
[94749][I][BLE] enrich_xfer_perf count=18 sendMs=57 waitMs=551 rxBytes=846
[94749][I][BLE] enrichment batch received count=18 bytes=846
[94750][I][BLE] enrichment batch consumed count=18
[94750][I][BLE] Enrich batch queued count=18 queueSize=1
[94750][I][BLE] Enrichment batch received count=18 claimed=0 queued=1
[94751][I][BLE] Enrich drain begin count=18 queueSize=1 ageMs=0
[94751][I][BLE] enrich_perf count=18 applied=0 failed=0 deferred=18 storageMs=0 pendingUpload=4535
[94752][I][BLE] Enrich drain done applied=0 failed=0 deferred=18 queueSize=0
[94752][I][BLE] Enrich torrent done drained=1 remaining=0 tookLease=0 preempt=0 elapsedMs=2
[94762][I][STORAGE] RAMSpool worker paused inflight=0 lastInflight=0
[94763][I][STORAGE] Exclusive window begin kind=enrichment reason=manual_enrich_window workerPaused=1 displaySuspended=1
[94763][I][BLE] Manual enrichment window batch count=18 active=1 noData=0 budgetExhausted=0 timeHit=0
[94764][I][STORAGE] RAMSpool worker resumed
[94764][I][STORAGE] Exclusive window end kind=enrichment result=manual_batch_built reason=manual_enrich_window
[94764][I][BLE] enrichment request queued count=18 bytes=180
[94764][I][BLE] Requested enrichment batch count=18 queued=0
[94904][I][BLE] enrichment send mtu=247 attPayload=244 bytes=180 count=18
[94948][I][BLE] enrichment batch sent plain=180 sealed=202 count=18 writeOk=1
[95204][I][BLE] enrichment rx chunk cipher=222 queued=0
[95355][I][BLE] enrichment rx chunk cipher=222 queued=1
[95356][I][BLE] enrichment rx chunk cipher=222 queued=0
[95507][I][BLE] enrichment rx chunk cipher=222 queued=1
[95508][I][BLE] enrichment rx chunk cipher=68 queued=0
[95509][I][BLE] enrich_xfer_perf count=18 sendMs=44 waitMs=561 rxBytes=846
[95509][I][BLE] enrichment batch received count=18 bytes=846
[95509][I][BLE] enrichment batch consumed count=18
[95510][I][BLE] Enrich batch queued count=18 queueSize=1
[95510][I][BLE] Enrichment batch received count=18 claimed=0 queued=1
[95510][I][BLE] Enrich drain begin count=18 queueSize=1 ageMs=0
[95511][I][BLE] enrich_perf count=18 applied=0 failed=0 deferred=18 storageMs=0 pendingUpload=4535
[95511][I][BLE] Enrich drain done applied=0 failed=0 deferred=18 queueSize=0
[95512][I][BLE] Enrich torrent done drained=1 remaining=0 tookLease=0 preempt=0 elapsedMs=2
[95522][I][STORAGE] RAMSpool worker paused inflight=0 lastInflight=0
[95523][I][STORAGE] Exclusive window begin kind=enrichment reason=manual_enrich_window workerPaused=1 displaySuspended=1
[95523][I][BLE] Manual enrichment window batch count=18 active=1 noData=0 budgetExhausted=0 timeHit=0
[95523][I][STORAGE] RAMSpool worker resumed
[95524][I][STORAGE] Exclusive window end kind=enrichment result=manual_batch_built reason=manual_enrich_window
[95524][I][BLE] enrichment request queued count=18 bytes=180
[95524][I][BLE] Requested enrichment batch count=18 queued=0
[95667][I][BLE] enrichment send mtu=247 attPayload=244 bytes=180 count=18
[95728][I][BLE] enrichment batch sent plain=180 sealed=202 count=18 writeOk=1
[95967][I][BLE] enrichment rx chunk cipher=222 queued=0
[96151][I][BLE] storage snapshot sent pendingUp=0/4535 pendingEnrich=0/4538 usedPct=19
[96161][I][BLE] enrichment rx chunk cipher=222 queued=2
[96162][I][BLE] enrichment rx chunk cipher=222 queued=1
[96163][I][BLE] enrichment rx chunk cipher=222 queued=0
[96314][I][BLE] enrichment batch acknowledged by phone
[96315][I][BLE] enrichment rx chunk cipher=68 queued=0
[96316][I][BLE] enrich_xfer_perf count=18 sendMs=61 waitMs=588 rxBytes=846
[96316][I][BLE] enrichment batch received count=18 bytes=846
[96316][I][BLE] enrichment batch consumed count=18
[96316][I][BLE] Enrich batch queued count=18 queueSize=1
[96317][I][BLE] Enrichment batch received count=18 claimed=0 queued=1
[96317][I][BLE] Enrich drain begin count=18 queueSize=1 ageMs=1
[96318][I][BLE] enrich_perf count=18 applied=0 failed=0 deferred=18 storageMs=0 pendingUpload=4535
[96318][I][BLE] Enrich drain done applied=0 failed=0 deferred=18 queueSize=0
[96318][I][BLE] Enrich torrent done drained=1 remaining=0 tookLease=0 preempt=0 elapsedMs=1
[96329][I][STORAGE] RAMSpool worker paused inflight=0 lastInflight=0
[96330][I][STORAGE] Exclusive window begin kind=enrichment reason=manual_enrich_window workerPaused=1 displaySuspended=1
[96330][I][BLE] Manual enrichment window batch count=18 active=1 noData=0 budgetExhausted=0 timeHit=0
[96331][I][STORAGE] RAMSpool worker resumed
[96331][I][STORAGE] Exclusive window end kind=enrichment result=manual_batch_built reason=manual_enrich_window
[96331][I][BLE] enrichment request queued count=18 bytes=180
[96331][I][BLE] Requested enrichment batch count=18 queued=0
[96471][I][BLE] enrichment send mtu=247 attPayload=244 bytes=180 count=18
[96508][I][BLE] enrichment batch sent plain=180 sealed=202 count=18 writeOk=1
[96774][I][BLE] enrichment rx chunk cipher=222 queued=1
[96775][I][BLE] enrichment rx chunk cipher=222 queued=0
[96926][I][BLE] enrichment rx chunk cipher=222 queued=0
[97077][I][BLE] enrichment rx chunk cipher=222 queued=1
[97078][I][BLE] enrichment rx chunk cipher=68 queued=0
[97079][I][BLE] enrich_xfer_perf count=18 sendMs=37 waitMs=571 rxBytes=846
[97079][I][BLE] enrichment batch received count=18 bytes=846
[97080][I][BLE] enrichment batch consumed count=18
[97080][I][BLE] Enrich batch queued count=18 queueSize=1
[97080][I][BLE] Enrichment batch received count=18 claimed=0 queued=1
[97080][I][BLE] Enrich drain begin count=18 queueSize=1 ageMs=0
[97081][I][BLE] enrich_perf count=18 applied=0 failed=0 deferred=18 storageMs=0 pendingUpload=4535
[97082][I][BLE] Enrich drain done applied=0 failed=0 deferred=18 queueSize=0
[97082][I][BLE] Enrich torrent done drained=1 remaining=0 tookLease=0 preempt=0 elapsedMs=2
[97092][I][STORAGE] RAMSpool worker paused inflight=0 lastInflight=0
[97093][I][STORAGE] Exclusive window begin kind=enrichment reason=manual_enrich_window workerPaused=1 displaySuspended=1
[97093][I][BLE] Manual enrichment window batch count=18 active=1 noData=0 budgetExhausted=0 timeHit=0
[97094][I][STORAGE] RAMSpool worker resumed
[97094][I][STORAGE] Exclusive window end kind=enrichment result=manual_batch_built reason=manual_enrich_window
[97094][I][BLE] enrichment request queued count=18 bytes=180
[97094][I][BLE] Requested enrichment batch count=18 queued=0
[97234][I][BLE] enrichment send mtu=247 attPayload=244 bytes=180 count=18
[97288][I][BLE] enrichment batch sent plain=180 sealed=202 count=18 writeOk=1
[97534][I][BLE] enrichment rx chunk cipher=222 queued=0
[97688][I][BLE] enrichment rx chunk cipher=222 queued=1
[97689][I][BLE] enrichment rx chunk cipher=222 queued=0
[97840][I][BLE] enrichment rx chunk cipher=222 queued=1
[97841][I][BLE] enrichment rx chunk cipher=68 queued=0
[97842][I][BLE] enrich_xfer_perf count=18 sendMs=54 waitMs=554 rxBytes=846
[97842][I][BLE] enrichment batch received count=18 bytes=846
[97842][I][BLE] enrichment batch consumed count=18
[97843][I][BLE] Enrich batch queued count=18 queueSize=1
[97843][I][BLE] Enrichment batch received count=18 claimed=0 queued=1
[97843][I][BLE] Enrich drain begin count=18 queueSize=1 ageMs=0
[97844][I][BLE] enrich_perf count=18 applied=0 failed=0 deferred=18 storageMs=0 pendingUpload=4535
[97844][I][BLE] Enrich drain done applied=0 failed=0 deferred=18 queueSize=0
[97845][I][BLE] Enrich torrent done drained=1 remaining=0 tookLease=0 preempt=0 elapsedMs=2
[97855][I][STORAGE] RAMSpool worker paused inflight=0 lastInflight=0
[97856][I][STORAGE] Exclusive window begin kind=enrichment reason=manual_enrich_window workerPaused=1 displaySuspended=1
[97856][I][BLE] Manual enrichment window batch count=18 active=1 noData=0 budgetExhausted=0 timeHit=0
[97857][I][STORAGE] RAMSpool worker resumed
[97857][I][STORAGE] Exclusive window end kind=enrichment result=manual_batch_built reason=manual_enrich_window
[97857][I][BLE] enrichment request queued count=18 bytes=180
[97857][I][BLE] Requested enrichment batch count=18 queued=0
[97997][I][BLE] enrichment send mtu=247 attPayload=244 bytes=180 count=18
[98038][I][BLE] enrichment batch sent plain=180 sealed=202 count=18 writeOk=1
[98297][I][BLE] enrichment rx chunk cipher=222 queued=0
[98448][I][BLE] enrichment batch acknowledged by phone
[98449][I][BLE] enrichment rx chunk cipher=222 queued=1
[98450][I][BLE] enrichment rx chunk cipher=222 queued=0
[98600][I][BLE] enrichment rx chunk cipher=222 queued=1
[98601][I][BLE] enrichment rx chunk cipher=68 queued=0
[98602][I][BLE] enrich_xfer_perf count=18 sendMs=41 waitMs=564 rxBytes=846
[98602][I][BLE] enrichment batch received count=18 bytes=846
[98602][I][BLE] enrichment batch consumed count=18
[98603][I][BLE] Enrich batch queued count=18 queueSize=1
[98603][I][BLE] Enrichment batch received count=18 claimed=0 queued=1
[98603][I][BLE] Enrich drain begin count=18 queueSize=1 ageMs=0
[98604][I][BLE] enrich_perf count=18 applied=0 failed=0 deferred=18 storageMs=0 pendingUpload=4535
[98604][I][BLE] Enrich drain done applied=0 failed=0 deferred=18 queueSize=0
[98605][I][BLE] Enrich torrent done drained=1 remaining=0 tookLease=0 preempt=0 elapsedMs=1
[98615][I][STORAGE] RAMSpool worker paused inflight=0 lastInflight=0
[98616][I][STORAGE] Exclusive window begin kind=enrichment reason=manual_enrich_window workerPaused=1 displaySuspended=1
[98616][I][BLE] Manual enrichment window batch count=18 active=1 noData=0 budgetExhausted=0 timeHit=0
[98617][I][STORAGE] RAMSpool worker resumed
[98617][I][STORAGE] Exclusive window end kind=enrichment result=manual_batch_built reason=manual_enrich_window
[98617][I][BLE] enrichment request queued count=18 bytes=180
[98617][I][BLE] Requested enrichment batch count=18 queued=0
[98760][I][BLE] enrichment send mtu=247 attPayload=244 bytes=180 count=18
[98818][I][BLE] enrichment batch sent plain=180 sealed=202 count=18 writeOk=1
[99060][I][BLE] enrichment rx chunk cipher=222 queued=0
[99211][I][BLE] enrichment rx chunk cipher=222 queued=1
[99212][I][BLE] enrichment rx chunk cipher=222 queued=0
[99363][I][BLE] enrichment rx chunk cipher=222 queued=1
[99364][I][BLE] enrichment rx chunk cipher=68 queued=0
[99365][I][BLE] enrich_xfer_perf count=18 sendMs=58 waitMs=547 rxBytes=846
[99365][I][BLE] enrichment batch received count=18 bytes=846
[99366][I][BLE] enrichment batch consumed count=18
[99366][I][BLE] Enrich batch queued count=18 queueSize=1
[99366][I][BLE] Enrichment batch received count=18 claimed=0 queued=1
[99367][I][BLE] Enrich drain begin count=18 queueSize=1 ageMs=0
[99367][I][BLE] enrich_perf count=18 applied=0 failed=0 deferred=18 storageMs=0 pendingUpload=4535
[99368][I][BLE] Enrich drain done applied=0 failed=0 deferred=18 queueSize=0
[99368][I][BLE] Enrich torrent done drained=1 remaining=0 tookLease=0 preempt=0 elapsedMs=2
[99378][I][STORAGE] RAMSpool worker paused inflight=0 lastInflight=0
[99379][I][STORAGE] Exclusive window begin kind=enrichment reason=manual_enrich_window workerPaused=1 displaySuspended=1
[99379][I][BLE] Manual enrichment window batch count=18 active=1 noData=0 budgetExhausted=0 timeHit=0
[99380][I][STORAGE] RAMSpool worker resumed
[99380][I][STORAGE] Exclusive window end kind=enrichment result=manual_batch_built reason=manual_enrich_window
[99380][I][BLE] enrichment request queued count=18 bytes=180
[99380][I][BLE] Requested enrichment batch count=18 queued=0
[99520][I][BLE] enrichment send mtu=247 attPayload=244 bytes=180 count=18
[99568][I][BLE] enrichment batch sent plain=180 sealed=202 count=18 writeOk=1
[99823][W][BLE] gps decrypt failed: secure decrypt replay/stale counter
[99824][I][BLE] enrichment rx chunk cipher=222 queued=0
[99974][I][BLE] enrichment rx chunk cipher=222 queued=1
[99975][I][BLE] enrichment rx chunk cipher=222 queued=0
[100126][I][BLE] enrichment rx chunk cipher=222 queued=1
[100127][I][BLE] enrichment rx chunk cipher=68 queued=0
[100128][I][BLE] enrich_xfer_perf count=18 sendMs=48 waitMs=560 rxBytes=846
[100128][I][BLE] enrichment batch received count=18 bytes=846
[100129][I][BLE] enrichment batch consumed count=18
[100129][I][BLE] Enrich batch queued count=18 queueSize=1
[100129][I][BLE] Enrichment batch received count=18 claimed=0 queued=1
[100129][I][BLE] Enrich drain begin count=18 queueSize=1 ageMs=0
[100130][I][BLE] enrich_perf count=18 applied=0 failed=0 deferred=18 storageMs=0 pendingUpload=4535
[100130][I][BLE] Enrich drain done applied=0 failed=0 deferred=18 queueSize=0
[100131][I][BLE] Enrich torrent done drained=1 remaining=0 tookLease=0 preempt=0 elapsedMs=2
[100141][I][STORAGE] RAMSpool worker paused inflight=0 lastInflight=0
[100142][I][STORAGE] Exclusive window begin kind=enrichment reason=manual_enrich_window workerPaused=1 displaySuspended=1
[100142][I][BLE] Manual enrichment window batch count=18 active=1 noData=0 budgetExhausted=0 timeHit=0
[100143][I][STORAGE] RAMSpool worker resumed
[100143][I][STORAGE] Exclusive window end kind=enrichment result=manual_batch_built reason=manual_enrich_window
[100143][I][BLE] enrichment request queued count=18 bytes=180
[100143][I][BLE] Requested enrichment batch count=18 queued=0
[100283][I][BLE] enrichment send mtu=247 attPayload=244 bytes=180 count=18
[100319][I][BLE] enrichment batch sent plain=180 sealed=202 count=18 writeOk=1
[100583][I][BLE] enrichment batch acknowledged by phone
[100584][I][BLE] enrichment rx chunk cipher=222 queued=1
[100585][I][BLE] enrichment rx chunk cipher=222 queued=0
[100738][I][BLE] enrichment rx chunk cipher=222 queued=0
[100889][I][BLE] enrichment rx chunk cipher=222 queued=1
[100890][I][BLE] enrichment rx chunk cipher=68 queued=0
[100891][I][BLE] enrich_xfer_perf count=18 sendMs=35 waitMs=573 rxBytes=846
[100891][I][BLE] enrichment batch received count=18 bytes=846
[100891][I][BLE] enrichment batch consumed count=18
[100892][I][BLE] Enrich batch queued count=18 queueSize=1
[100892][I][BLE] Enrichment batch received count=18 claimed=0 queued=1
[100892][I][BLE] Enrich drain begin count=18 queueSize=1 ageMs=0
[100893][I][BLE] enrich_perf count=18 applied=0 failed=0 deferred=18 storageMs=0 pendingUpload=4535
[100893][I][BLE] Enrich drain done applied=0 failed=0 deferred=18 queueSize=0
[100894][I][BLE] Enrich torrent done drained=1 remaining=0 tookLease=0 preempt=0 elapsedMs=2
[100904][I][STORAGE] RAMSpool worker paused inflight=0 lastInflight=0
[100905][I][STORAGE] Exclusive window begin kind=enrichment reason=manual_enrich_window workerPaused=1 displaySuspended=1
[100905][I][BLE] Manual enrichment window batch count=18 active=1 noData=0 budgetExhausted=0 timeHit=0
[100905][I][STORAGE] RAMSpool worker resumed
[100906][I][STORAGE] Exclusive window end kind=enrichment result=manual_batch_built reason=manual_enrich_window
[100906][I][BLE] enrichment request queued count=18 bytes=180
[100906][I][BLE] Requested enrichment batch count=18 queued=0
[101046][I][BLE] enrichment send mtu=247 attPayload=244 bytes=180 count=18
[101098][I][BLE] enrichment batch sent plain=180 sealed=202 count=18 writeOk=1
[101346][I][BLE] enrichment rx chunk cipher=222 queued=0
[101497][I][BLE] enrichment rx chunk cipher=222 queued=1
[101498][I][BLE] enrichment rx chunk cipher=222 queued=0
[101649][I][BLE] enrichment rx chunk cipher=222 queued=1
[101650][I][BLE] enrichment rx chunk cipher=68 queued=0
[101651][I][BLE] enrich_xfer_perf count=18 sendMs=52 waitMs=553 rxBytes=846
[101651][I][BLE] enrichment batch received count=18 bytes=846
[101651][I][BLE] enrichment batch consumed count=18
[101652][I][BLE] Enrich batch queued count=18 queueSize=1
[101652][I][BLE] Enrichment batch received count=18 claimed=0 queued=1
[101652][I][BLE] Enrich drain begin count=18 queueSize=1 ageMs=0
[101653][I][BLE] enrich_perf count=18 applied=0 failed=0 deferred=18 storageMs=0 pendingUpload=4535
[101653][I][BLE] Enrich drain done applied=0 failed=0 deferred=18 queueSize=0
[101654][I][BLE] Enrich torrent done drained=1 remaining=0 tookLease=0 preempt=0 elapsedMs=2
[101664][I][STORAGE] RAMSpool worker paused inflight=0 lastInflight=0
[101665][I][STORAGE] Exclusive window begin kind=enrichment reason=manual_enrich_window workerPaused=1 displaySuspended=1
[101665][I][BLE] Manual enrichment window batch count=18 active=1 noData=0 budgetExhausted=0 timeHit=0
[101666][I][STORAGE] RAMSpool worker resumed
[101666][I][STORAGE] Exclusive window end kind=enrichment result=manual_batch_built reason=manual_enrich_window
[101666][I][BLE] enrichment request queued count=18 bytes=180
[101666][I][BLE] Requested enrichment batch count=18 queued=0
[101809][I][BLE] enrichment send mtu=247 attPayload=244 bytes=180 count=18
[101848][I][BLE] enrichment batch sent plain=180 sealed=202 count=18 writeOk=1
[102109][I][BLE] enrichment rx chunk cipher=222 queued=0
[102260][I][BLE] enrichment rx chunk cipher=222 queued=1
[102261][I][BLE] enrichment rx chunk cipher=222 queued=0
[102412][I][BLE] enrichment rx chunk cipher=222 queued=1
[102413][I][BLE] enrichment rx chunk cipher=68 queued=0
[102414][I][BLE] enrich_xfer_perf count=18 sendMs=39 waitMs=566 rxBytes=846
[102414][I][BLE] enrichment batch received count=18 bytes=846
[102414][I][BLE] enrichment batch consumed count=18
[102415][I][BLE] Enrich batch queued count=18 queueSize=1
[102415][I][BLE] Enrichment batch received count=18 claimed=0 queued=1
[102415][I][BLE] Enrich drain begin count=18 queueSize=1 ageMs=0
[102416][I][BLE] enrich_perf count=18 applied=0 failed=0 deferred=18 storageMs=0 pendingUpload=4535
[102416][I][BLE] Enrich drain done applied=0 failed=0 deferred=18 queueSize=0
[102417][I][BLE] Enrich torrent done drained=1 remaining=0 tookLease=0 preempt=0 elapsedMs=2
[102427][I][STORAGE] RAMSpool worker paused inflight=0 lastInflight=0
[102428][I][STORAGE] Exclusive window begin kind=enrichment reason=manual_enrich_window workerPaused=1 displaySuspended=1
[102428][I][BLE] Manual enrichment window batch count=18 active=1 noData=0 budgetExhausted=0 timeHit=0
[102428][I][STORAGE] RAMSpool worker resumed
[102429][I][STORAGE] Exclusive window end kind=enrichment result=manual_batch_built reason=manual_enrich_window
[102429][I][BLE] enrichment request queued count=18 bytes=180
[102429][I][BLE] Requested enrichment batch count=18 queued=0
[102629][I][BLE] enrichment send mtu=247 attPayload=244 bytes=180 count=18
[102688][I][BLE] enrichment batch sent plain=180 sealed=202 count=18 writeOk=1
[102723][I][BLE] enrichment batch acknowledged by phone
[102874][I][BLE] enrichment rx chunk cipher=222 queued=0
[103025][I][BLE] enrichment rx chunk cipher=222 queued=1
[103026][I][BLE] enrichment rx chunk cipher=222 queued=0
[103177][I][BLE] enrichment rx chunk cipher=222 queued=1
[103178][I][BLE] enrichment rx chunk cipher=68 queued=0
[103179][I][BLE] enrich_xfer_perf count=18 sendMs=59 waitMs=491 rxBytes=846
[103179][I][BLE] enrichment batch received count=18 bytes=846
[103180][I][BLE] enrichment batch consumed count=18
[103180][I][BLE] Enrich batch queued count=18 queueSize=1
[103180][I][BLE] Enrichment batch received count=18 claimed=0 queued=1
[103180][I][BLE] Enrich drain begin count=18 queueSize=1 ageMs=0
[103181][I][BLE] enrich_perf count=18 applied=0 failed=0 deferred=18 storageMs=0 pendingUpload=4535
[103182][I][BLE] Enrich drain done applied=0 failed=0 deferred=18 queueSize=0
[103182][I][BLE] Enrich torrent done drained=1 remaining=0 tookLease=0 preempt=0 elapsedMs=2
[103192][I][STORAGE] RAMSpool worker paused inflight=0 lastInflight=0
[103193][I][STORAGE] Exclusive window begin kind=enrichment reason=manual_enrich_window workerPaused=1 displaySuspended=1
[103193][I][BLE] Manual enrichment window batch count=18 active=1 noData=0 budgetExhausted=0 timeHit=0
[103193][I][STORAGE] RAMSpool worker resumed
[103194][I][STORAGE] Exclusive window end kind=enrichment result=manual_batch_built reason=manual_enrich_window
[103194][I][BLE] enrichment request queued count=18 bytes=180
[103194][I][BLE] Requested enrichment batch count=18 queued=0
[103334][I][BLE] enrichment send mtu=247 attPayload=244 bytes=180 count=18
[103378][I][BLE] enrichment batch sent plain=180 sealed=202 count=18 writeOk=1
[103634][I][BLE] enrichment rx chunk cipher=222 queued=0
[103788][I][BLE] enrichment rx chunk cipher=222 queued=1
[103789][I][BLE] enrichment rx chunk cipher=222 queued=0
[103940][I][BLE] enrichment rx chunk cipher=222 queued=1
[103941][I][BLE] enrichment rx chunk cipher=68 queued=0
[103942][I][BLE] enrich_xfer_perf count=18 sendMs=44 waitMs=564 rxBytes=846
[103942][I][BLE] enrichment batch received count=18 bytes=846
[103942][I][BLE] enrichment batch consumed count=18
[103943][I][BLE] Enrich batch queued count=18 queueSize=1
[103943][I][BLE] Enrichment batch received count=18 claimed=0 queued=1
[103943][I][BLE] Enrich drain begin count=18 queueSize=1 ageMs=0
[103944][I][BLE] enrich_perf count=18 applied=0 failed=0 deferred=18 storageMs=0 pendingUpload=4535
[103944][I][BLE] Enrich drain done applied=0 failed=0 deferred=18 queueSize=0
[103945][I][BLE] Enrich torrent done drained=1 remaining=0 tookLease=0 preempt=0 elapsedMs=2
[103955][I][STORAGE] RAMSpool worker paused inflight=0 lastInflight=0
[103956][I][STORAGE] Exclusive window begin kind=enrichment reason=manual_enrich_window workerPaused=1 displaySuspended=1
[103956][I][BLE] Manual enrichment window batch count=18 active=1 noData=0 budgetExhausted=0 timeHit=0
[103956][I][STORAGE] RAMSpool worker resumed
[103957][I][STORAGE] Exclusive window end kind=enrichment result=manual_batch_built reason=manual_enrich_window
[103957][I][BLE] enrichment request queued count=18 bytes=180
[103957][I][BLE] Requested enrichment batch count=18 queued=0
[104097][I][BLE] enrichment send mtu=247 attPayload=244 bytes=180 count=18
[104158][I][BLE] enrichment batch sent plain=180 sealed=202 count=18 writeOk=1
[104397][I][BLE] enrichment rx chunk cipher=222 queued=0
[104548][I][BLE] enrichment rx chunk cipher=222 queued=1
[104549][I][BLE] enrichment rx chunk cipher=222 queued=0
[104703][I][BLE] enrichment rx chunk cipher=222 queued=1
[104704][I][BLE] enrichment rx chunk cipher=68 queued=0
[104705][I][BLE] enrich_xfer_perf count=18 sendMs=61 waitMs=546 rxBytes=846
[104705][I][BLE] enrichment batch received count=18 bytes=846
[104705][I][BLE] enrichment batch consumed count=18
[104706][I][BLE] Enrich batch queued count=18 queueSize=1
[104706][I][BLE] Enrichment batch received count=18 claimed=0 queued=1
[104707][I][BLE] Enrich drain begin count=18 queueSize=1 ageMs=1
[104707][I][BLE] enrich_perf count=18 applied=0 failed=0 deferred=18 storageMs=0 pendingUpload=4535
[104708][I][BLE] Enrich drain done applied=0 failed=0 deferred=18 queueSize=0
[104708][I][BLE] Enrich torrent done drained=1 remaining=0 tookLease=0 preempt=0 elapsedMs=1
[104718][I][STORAGE] RAMSpool worker paused inflight=0 lastInflight=0
[104719][I][STORAGE] Exclusive window begin kind=enrichment reason=manual_enrich_window workerPaused=1 displaySuspended=1
[104719][I][BLE] Manual enrichment window batch count=18 active=1 noData=0 budgetExhausted=0 timeHit=0
[104720][I][STORAGE] RAMSpool worker resumed
[104720][I][STORAGE] Exclusive window end kind=enrichment result=manual_batch_built reason=manual_enrich_window
[104720][I][BLE] enrichment request queued count=18 bytes=180
[104720][I][BLE] Requested enrichment batch count=18 queued=0
[104860][W][BLE] gps decrypt failed: secure decrypt replay/stale counter
[104861][I][BLE] enrichment batch acknowledged by phone
[104862][I][BLE] enrichment send mtu=247 attPayload=244 bytes=180 count=18
[104908][I][BLE] enrichment batch sent plain=180 sealed=202 count=18 writeOk=1
[105161][I][BLE] enrichment rx chunk cipher=222 queued=1
[105162][I][BLE] enrichment rx chunk cipher=222 queued=0
[105313][I][BLE] enrichment rx chunk cipher=222 queued=0
[105464][I][BLE] enrichment rx chunk cipher=222 queued=1
[105465][I][BLE] enrichment rx chunk cipher=68 queued=0
[105466][I][BLE] enrich_xfer_perf count=18 sendMs=47 waitMs=558 rxBytes=846
[105466][I][BLE] enrichment batch received count=18 bytes=846
[105466][I][BLE] enrichment batch consumed count=18
[105467][I][BLE] Enrich batch queued count=18 queueSize=1
[105467][I][BLE] Enrichment batch received count=18 claimed=0 queued=1
[105467][I][BLE] Enrich drain begin count=18 queueSize=1 ageMs=0
[105468][I][BLE] enrich_perf count=18 applied=0 failed=0 deferred=18 storageMs=0 pendingUpload=4535
[105468][I][BLE] Enrich drain done applied=0 failed=0 deferred=18 queueSize=0
[105469][I][BLE] Enrich torrent done drained=1 remaining=0 tookLease=0 preempt=0 elapsedMs=2
[105479][I][STORAGE] RAMSpool worker paused inflight=0 lastInflight=0
[105480][I][STORAGE] Exclusive window begin kind=enrichment reason=manual_enrich_window workerPaused=1 displaySuspended=1
[105480][I][BLE] Manual enrichment window batch count=18 active=1 noData=0 budgetExhausted=0 timeHit=0
[105481][I][STORAGE] RAMSpool worker resumed
[105481][I][STORAGE] Exclusive window end kind=enrichment result=manual_batch_built reason=manual_enrich_window
[105481][I][BLE] enrichment request queued count=18 bytes=180
[105481][I][BLE] Requested enrichment batch count=18 queued=0
[105621][I][BLE] enrichment send mtu=247 attPayload=244 bytes=180 count=18
[105658][I][BLE] enrichment batch sent plain=180 sealed=202 count=18 writeOk=1
[105924][I][BLE] enrichment rx chunk cipher=222 queued=0
[106075][I][BLE] enrichment rx chunk cipher=222 queued=1
[106076][I][BLE] enrichment rx chunk cipher=222 queued=0
[106227][I][BLE] enrichment rx chunk cipher=222 queued=1
[106228][I][BLE] enrichment rx chunk cipher=68 queued=0
[106229][I][BLE] enrich_xfer_perf count=18 sendMs=37 waitMs=571 rxBytes=846
[106229][I][BLE] enrichment batch received count=18 bytes=846
[106230][I][BLE] enrichment batch consumed count=18
[106230][I][BLE] Enrich batch queued count=18 queueSize=1
[106230][I][BLE] Enrichment batch received count=18 claimed=0 queued=1
[106230][I][BLE] Enrich drain begin count=18 queueSize=1 ageMs=0
[106231][I][BLE] enrich_perf count=18 applied=0 failed=0 deferred=18 storageMs=0 pendingUpload=4535
[106231][I][BLE] Enrich drain done applied=0 failed=0 deferred=18 queueSize=0
[106232][I][BLE] Enrich torrent done drained=1 remaining=0 tookLease=0 preempt=0 elapsedMs=2
[106242][I][STORAGE] RAMSpool worker paused inflight=0 lastInflight=0
[106243][I][STORAGE] Exclusive window begin kind=enrichment reason=manual_enrich_window workerPaused=1 displaySuspended=1
[106243][I][BLE] Manual enrichment window batch count=18 active=1 noData=0 budgetExhausted=0 timeHit=0
[106244][I][STORAGE] RAMSpool worker resumed
[106244][I][STORAGE] Exclusive window end kind=enrichment result=manual_batch_built reason=manual_enrich_window
[106244][I][BLE] enrichment request queued count=18 bytes=180
[106244][I][BLE] Requested enrichment batch count=18 queued=0
[106384][I][BLE] enrichment send mtu=247 attPayload=244 bytes=180 count=18
[106438][I][BLE] enrichment batch sent plain=180 sealed=202 count=18 writeOk=1
[106684][I][BLE] enrichment rx chunk cipher=222 queued=0
[106838][I][BLE] enrichment rx chunk cipher=222 queued=1
[106839][I][BLE] enrichment rx chunk cipher=222 queued=0
[106991][I][BLE] enrichment batch acknowledged by phone
[106992][I][BLE] enrichment rx chunk cipher=222 queued=1
[106993][I][BLE] enrichment rx chunk cipher=68 queued=0
[106993][I][BLE] enrich_xfer_perf count=18 sendMs=54 waitMs=555 rxBytes=846
[106994][I][BLE] enrichment batch received count=18 bytes=846
[106994][I][BLE] enrichment batch consumed count=18
[106994][I][BLE] Enrich batch queued count=18 queueSize=1
[106995][I][BLE] Enrichment batch received count=18 claimed=0 queued=1
[106995][I][BLE] Enrich drain begin count=18 queueSize=1 ageMs=1
[106996][I][BLE] enrich_perf count=18 applied=0 failed=0 deferred=18 storageMs=0 pendingUpload=4535
[106996][I][BLE] Enrich drain done applied=0 failed=0 deferred=18 queueSize=0
[106996][I][BLE] Enrich torrent done drained=1 remaining=0 tookLease=0 preempt=0 elapsedMs=1
[107006][I][STORAGE] RAMSpool worker paused inflight=0 lastInflight=0
[107007][I][STORAGE] Exclusive window begin kind=enrichment reason=manual_enrich_window workerPaused=1 displaySuspended=1
[107007][I][BLE] Manual enrichment window batch count=18 active=1 noData=0 budgetExhausted=0 timeHit=0
[107008][I][STORAGE] RAMSpool worker resumed
[107008][I][STORAGE] Exclusive window end kind=enrichment result=manual_batch_built reason=manual_enrich_window
[107008][I][BLE] enrichment request queued count=18 bytes=180
[107008][I][BLE] Requested enrichment batch count=18 queued=0
[107148][I][BLE] enrichment send mtu=247 attPayload=244 bytes=180 count=18
[107189][I][BLE] enrichment batch sent plain=180 sealed=202 count=18 writeOk=1
[107448][I][BLE] enrichment rx chunk cipher=222 queued=1
[107449][I][BLE] enrichment rx chunk cipher=222 queued=0
[107600][I][BLE] enrichment rx chunk cipher=222 queued=0
[107754][I][BLE] enrichment rx chunk cipher=222 queued=1
[107755][I][BLE] enrichment rx chunk cipher=68 queued=0
[107756][I][BLE] enrich_xfer_perf count=18 sendMs=40 waitMs=568 rxBytes=846
[107756][I][BLE] enrichment batch received count=18 bytes=846
[107756][I][BLE] enrichment batch consumed count=18
[107757][I][BLE] Enrich batch queued count=18 queueSize=1
[107757][I][BLE] Enrichment batch received count=18 claimed=0 queued=1
[107757][I][BLE] Enrich drain begin count=18 queueSize=1 ageMs=0
[107758][I][BLE] enrich_perf count=18 applied=0 failed=0 deferred=18 storageMs=0 pendingUpload=4535
[107759][I][BLE] Enrich drain done applied=0 failed=0 deferred=18 queueSize=0
[107759][I][BLE] Enrich torrent done drained=1 remaining=0 tookLease=0 preempt=0 elapsedMs=2
[107769][I][STORAGE] RAMSpool worker paused inflight=0 lastInflight=0
[107770][I][STORAGE] Exclusive window begin kind=enrichment reason=manual_enrich_window workerPaused=1 displaySuspended=1
[107770][I][BLE] Manual enrichment window batch count=18 active=1 noData=0 budgetExhausted=0 timeHit=0
[107770][I][STORAGE] RAMSpool worker resumed
[107771][I][STORAGE] Exclusive window end kind=enrichment result=manual_batch_built reason=manual_enrich_window
[107771][I][BLE] enrichment request queued count=18 bytes=180
[107771][I][BLE] Requested enrichment batch count=18 queued=0
[107911][I][BLE] enrichment send mtu=247 attPayload=244 bytes=180 count=18
[107968][I][BLE] enrichment batch sent plain=180 sealed=202 count=18 writeOk=1
[108061][I][BLE] worker stack free=7376B min=7376B
[108212][I][BLE] enrichment rx chunk cipher=222 queued=0
[108363][I][BLE] enrichment rx chunk cipher=222 queued=1
[108364][I][BLE] enrichment rx chunk cipher=222 queued=0
[108515][I][BLE] enrichment rx chunk cipher=222 queued=1
[108516][I][BLE] enrichment rx chunk cipher=68 queued=0
[108517][I][BLE] enrich_xfer_perf count=18 sendMs=57 waitMs=549 rxBytes=846
[108517][I][BLE] enrichment batch received count=18 bytes=846
[108517][I][BLE] enrichment batch consumed count=18
[108518][I][BLE] Enrich batch queued count=18 queueSize=1
[108518][I][BLE] Enrichment batch received count=18 claimed=0 queued=1
[108518][I][BLE] Enrich drain begin count=18 queueSize=1 ageMs=0
[108519][I][BLE] enrich_perf count=18 applied=0 failed=0 deferred=18 storageMs=0 pendingUpload=4535
[108519][I][BLE] Enrich drain done applied=0 failed=0 deferred=18 queueSize=0
[108520][I][BLE] Enrich torrent done drained=1 remaining=0 tookLease=0 preempt=0 elapsedMs=2
[108530][I][STORAGE] RAMSpool worker paused inflight=0 lastInflight=0
[108531][I][STORAGE] Exclusive window begin kind=enrichment reason=manual_enrich_window workerPaused=1 displaySuspended=1
[108531][I][BLE] Manual enrichment window batch count=18 active=1 noData=0 budgetExhausted=0 timeHit=0
[108532][I][STORAGE] RAMSpool worker resumed
[108532][I][STORAGE] Exclusive window end kind=enrichment result=manual_batch_built reason=manual_enrich_window
[108532][I][BLE] enrichment request queued count=18 bytes=180
[108532][I][BLE] Requested enrichment batch count=18 queued=0
[108672][I][BLE] enrichment send mtu=247 attPayload=244 bytes=180 count=18
[108718][I][BLE] enrichment batch sent plain=180 sealed=202 count=18 writeOk=1
[108975][I][BLE] enrichment rx chunk cipher=222 queued=0
[109126][I][BLE] enrichment batch acknowledged by phone
[109127][I][BLE] enrichment rx chunk cipher=222 queued=1
[109128][I][BLE] enrichment rx chunk cipher=222 queued=0
[109278][I][BLE] enrichment rx chunk cipher=222 queued=1
[109279][I][BLE] enrichment rx chunk cipher=68 queued=0
[109280][I][BLE] enrich_xfer_perf count=18 sendMs=46 waitMs=562 rxBytes=846
[109280][I][BLE] enrichment batch received count=18 bytes=846
[109280][I][BLE] enrichment batch consumed count=18
[109281][I][BLE] Enrich batch queued count=18 queueSize=1
[109281][I][BLE] Enrichment batch received count=18 claimed=0 queued=1
[109281][I][BLE] Enrich drain begin count=18 queueSize=1 ageMs=0
[109282][I][BLE] enrich_perf count=18 applied=0 failed=0 deferred=18 storageMs=0 pendingUpload=4535
[109282][I][BLE] Enrich drain done applied=0 failed=0 deferred=18 queueSize=0
[109283][I][BLE] Enrich torrent done drained=1 remaining=0 tookLease=0 preempt=0 elapsedMs=2
[109293][I][STORAGE] RAMSpool worker paused inflight=0 lastInflight=0
[109294][I][STORAGE] Exclusive window begin kind=enrichment reason=manual_enrich_window workerPaused=1 displaySuspended=1
[109294][I][BLE] Manual enrichment window batch count=18 active=1 noData=0 budgetExhausted=0 timeHit=0
[109295][I][STORAGE] RAMSpool worker resumed
[109295][I][STORAGE] Exclusive window end kind=enrichment result=manual_batch_built reason=manual_enrich_window
[109295][I][BLE] enrichment request queued count=18 bytes=180
[109295][I][BLE] Requested enrichment batch count=18 queued=0
[109435][I][BLE] enrichment send mtu=247 attPayload=244 bytes=180 count=18
[109468][I][BLE] enrichment batch sent plain=180 sealed=202 count=18 writeOk=1
[109738][I][BLE] enrichment rx chunk cipher=222 queued=1
[109739][I][BLE] enrichment rx chunk cipher=222 queued=0
[109891][W][BLE] gps decrypt failed: secure decrypt replay/stale counter
[109891][I][BLE] enrichment rx chunk cipher=222 queued=1
[109892][I][BLE] enrichment rx chunk cipher=222 queued=0
[110052][I][BLE] enrichment rx chunk cipher=68 queued=0
[110053][I][BLE] enrich_xfer_perf count=18 sendMs=33 waitMs=585 rxBytes=846
[110053][I][BLE] enrichment batch received count=18 bytes=846
[110054][I][BLE] enrichment batch consumed count=18
[110054][I][BLE] Enrich batch queued count=18 queueSize=1
[110054][I][BLE] Enrichment batch received count=18 claimed=0 queued=1
[110055][I][BLE] Enrich drain begin count=18 queueSize=1 ageMs=1
[110055][I][BLE] enrich_perf count=18 applied=0 failed=0 deferred=18 storageMs=0 pendingUpload=4535
[110056][I][BLE] Enrich drain done applied=0 failed=0 deferred=18 queueSize=0
[110056][I][BLE] Enrich torrent done drained=1 remaining=0 tookLease=0 preempt=0 elapsedMs=1
[110066][I][STORAGE] RAMSpool worker paused inflight=0 lastInflight=0
[110067][I][STORAGE] Exclusive window begin kind=enrichment reason=manual_enrich_window workerPaused=1 displaySuspended=1
[110067][I][BLE] Manual enrichment window batch count=18 active=1 noData=0 budgetExhausted=0 timeHit=0
[110068][I][STORAGE] RAMSpool worker resumed
[110068][I][STORAGE] Exclusive window end kind=enrichment result=manual_batch_built reason=manual_enrich_window
[110068][I][BLE] enrichment request queued count=18 bytes=180
[110068][I][BLE] Requested enrichment batch count=18 queued=0
[110208][I][BLE] enrichment send mtu=247 attPayload=244 bytes=180 count=18
[110249][I][BLE] enrichment batch sent plain=180 sealed=202 count=18 writeOk=1
[110508][I][BLE] enrichment rx chunk cipher=222 queued=0
[110659][I][BLE] enrichment rx chunk cipher=222 queued=1
[110660][I][BLE] enrichment rx chunk cipher=222 queued=0
[110814][I][BLE] enrichment rx chunk cipher=222 queued=1
[110815][I][BLE] enrichment rx chunk cipher=68 queued=0
[110816][I][BLE] enrich_xfer_perf count=18 sendMs=40 waitMs=568 rxBytes=846
[110816][I][BLE] enrichment batch received count=18 bytes=846
[110817][I][BLE] enrichment batch consumed count=18
[110817][I][BLE] Enrich batch queued count=18 queueSize=1
[110817][I][BLE] Enrichment batch received count=18 claimed=0 queued=1
[110817][I][BLE] Enrich drain begin count=18 queueSize=1 ageMs=0
[110818][I][BLE] enrich_perf count=18 applied=0 failed=0 deferred=18 storageMs=0 pendingUpload=4535
[110819][I][BLE] Enrich drain done applied=0 failed=0 deferred=18 queueSize=0
[110819][I][BLE] Enrich torrent done drained=1 remaining=0 tookLease=0 preempt=0 elapsedMs=2
[110829][I][STORAGE] RAMSpool worker paused inflight=0 lastInflight=0
[110830][I][STORAGE] Exclusive window begin kind=enrichment reason=manual_enrich_window workerPaused=1 displaySuspended=1
[110830][I][BLE] Manual enrichment window batch count=18 active=1 noData=0 budgetExhausted=0 timeHit=0
[110831][I][STORAGE] RAMSpool worker resumed
[110831][I][STORAGE] Exclusive window end kind=enrichment result=manual_batch_built reason=manual_enrich_window
[110831][I][BLE] enrichment request queued count=18 bytes=180
[110831][I][BLE] Requested enrichment batch count=18 queued=0
[110971][I][BLE] enrichment send mtu=247 attPayload=244 bytes=180 count=18
[111028][I][BLE] enrichment batch sent plain=180 sealed=202 count=18 writeOk=1
[111148][I][BLE] storage snapshot sent pendingUp=0/4535 pendingEnrich=0/4538 usedPct=19
[111310][I][BLE] enrichment batch acknowledged by phone
[111311][I][BLE] enrichment rx chunk cipher=222 queued=1
[111312][I][BLE] enrichment rx chunk cipher=222 queued=0
[111462][I][BLE] enrichment rx chunk cipher=222 queued=1
[111463][I][BLE] enrichment rx chunk cipher=222 queued=0
[111614][I][BLE] enrichment rx chunk cipher=68 queued=0
[111615][I][BLE] enrich_xfer_perf count=18 sendMs=57 waitMs=587 rxBytes=846
[111615][I][BLE] enrichment batch received count=18 bytes=846
[111616][I][BLE] enrichment batch consumed count=18
[111616][I][BLE] Enrich batch queued count=18 queueSize=1
[111616][I][BLE] Enrichment batch received count=18 claimed=0 queued=1
[111617][I][BLE] Enrich drain begin count=18 queueSize=1 ageMs=0
[111617][I][BLE] enrich_perf count=18 applied=0 failed=0 deferred=18 storageMs=0 pendingUpload=4535
[111618][I][BLE] Enrich drain done applied=0 failed=0 deferred=18 queueSize=0
[111618][I][BLE] Enrich torrent done drained=1 remaining=0 tookLease=0 preempt=0 elapsedMs=2
[111628][I][STORAGE] RAMSpool worker paused inflight=0 lastInflight=0
[111629][I][STORAGE] Exclusive window begin kind=enrichment reason=manual_enrich_window workerPaused=1 displaySuspended=1
[111629][I][BLE] Manual enrichment window batch count=18 active=1 noData=0 budgetExhausted=0 timeHit=0
[111630][I][STORAGE] RAMSpool worker resumed
[111630][I][STORAGE] Exclusive window end kind=enrichment result=manual_batch_built reason=manual_enrich_window
[111630][I][BLE] enrichment request queued count=18 bytes=180
[111630][I][BLE] Requested enrichment batch count=18 queued=0
[111773][I][BLE] enrichment send mtu=247 attPayload=244 bytes=180 count=18
[111809][I][BLE] enrichment batch sent plain=180 sealed=202 count=18 writeOk=1
[112073][I][BLE] enrichment rx chunk cipher=222 queued=1
[112074][I][BLE] enrichment rx chunk cipher=222 queued=0
[112225][I][BLE] enrichment rx chunk cipher=222 queued=0
[112376][I][BLE] enrichment rx chunk cipher=222 queued=1
[112377][I][BLE] enrichment rx chunk cipher=68 queued=0
[112378][I][BLE] enrich_xfer_perf count=18 sendMs=35 waitMs=570 rxBytes=846
[112378][I][BLE] enrichment batch received count=18 bytes=846
[112379][I][BLE] enrichment batch consumed count=18
[112379][I][BLE] Enrich batch queued count=18 queueSize=1
[112379][I][BLE] Enrichment batch received count=18 claimed=0 queued=1
[112379][I][BLE] Enrich drain begin count=18 queueSize=1 ageMs=0
[112380][I][BLE] enrich_perf count=18 applied=0 failed=0 deferred=18 storageMs=0 pendingUpload=4535
[112381][I][BLE] Enrich drain done applied=0 failed=0 deferred=18 queueSize=0
[112381][I][BLE] Enrich torrent done drained=1 remaining=0 tookLease=0 preempt=0 elapsedMs=2
[112391][I][STORAGE] RAMSpool worker paused inflight=0 lastInflight=0
[112392][I][STORAGE] Exclusive window begin kind=enrichment reason=manual_enrich_window workerPaused=1 displaySuspended=1
[112392][I][BLE] Manual enrichment window batch count=18 active=1 noData=0 budgetExhausted=0 timeHit=0
[112392][I][STORAGE] RAMSpool worker resumed
[112393][I][STORAGE] Exclusive window end kind=enrichment result=manual_batch_built reason=manual_enrich_window
[112393][I][BLE] enrichment request queued count=18 bytes=180
[112393][I][BLE] Requested enrichment batch count=18 queued=0
[112533][I][BLE] enrichment send mtu=247 attPayload=244 bytes=180 count=18
[112588][I][BLE] enrichment batch sent plain=180 sealed=202 count=18 writeOk=1
[112836][I][BLE] enrichment rx chunk cipher=222 queued=1
[112837][I][BLE] enrichment rx chunk cipher=222 queued=0
[112988][I][BLE] enrichment rx chunk cipher=222 queued=0
[113139][I][BLE] enrichment rx chunk cipher=222 queued=1
[113140][I][BLE] enrichment rx chunk cipher=68 queued=0
[113141][I][BLE] enrich_xfer_perf count=18 sendMs=55 waitMs=553 rxBytes=846
[113141][I][BLE] enrichment batch received count=18 bytes=846
[113142][I][BLE] enrichment batch consumed count=18
[113142][I][BLE] Enrich batch queued count=18 queueSize=1
[113142][I][BLE] Enrichment batch received count=18 claimed=0 queued=1
[113142][I][BLE] Enrich drain begin count=18 queueSize=1 ageMs=0
[113143][I][BLE] enrich_perf count=18 applied=0 failed=0 deferred=18 storageMs=0 pendingUpload=4535
[113143][I][BLE] Enrich drain done applied=0 failed=0 deferred=18 queueSize=0
[113144][I][BLE] Enrich torrent done drained=1 remaining=0 tookLease=0 preempt=0 elapsedMs=2
[113154][I][STORAGE] RAMSpool worker paused inflight=0 lastInflight=0
[113155][I][STORAGE] Exclusive window begin kind=enrichment reason=manual_enrich_window workerPaused=1 displaySuspended=1
[113155][I][BLE] Manual enrichment window batch count=18 active=1 noData=0 budgetExhausted=0 timeHit=0
[113155][I][STORAGE] RAMSpool worker resumed
[113156][I][STORAGE] Exclusive window end kind=enrichment result=manual_batch_built reason=manual_enrich_window
[113156][I][BLE] enrichment request queued count=18 bytes=180
[113156][I][BLE] Requested enrichment batch count=18 queued=0
[113339][I][BLE] enrichment send mtu=247 attPayload=244 bytes=180 count=18
[113398][I][BLE] enrichment batch sent plain=180 sealed=202 count=18 writeOk=1
[113446][I][BLE] enrichment batch acknowledged by phone
[113597][I][BLE] enrichment rx chunk cipher=222 queued=0
[113751][I][BLE] enrichment rx chunk cipher=222 queued=1
[113752][I][BLE] enrichment rx chunk cipher=222 queued=0
[113903][I][BLE] enrichment rx chunk cipher=222 queued=0
[114054][I][BLE] enrichment rx chunk cipher=68 queued=0
[114055][I][BLE] enrich_xfer_perf count=18 sendMs=59 waitMs=657 rxBytes=846
[114055][I][BLE] enrichment batch received count=18 bytes=846
[114056][I][BLE] enrichment batch consumed count=18
[114056][I][BLE] Enrich batch queued count=18 queueSize=1
[114056][I][BLE] Enrichment batch received count=18 claimed=0 queued=1
[114056][I][BLE] Enrich drain begin count=18 queueSize=1 ageMs=0
[114057][I][BLE] enrich_perf count=18 applied=0 failed=0 deferred=18 storageMs=0 pendingUpload=4535
[114058][I][BLE] Enrich drain done applied=0 failed=0 deferred=18 queueSize=0
[114058][I][BLE] Enrich torrent done drained=1 remaining=0 tookLease=0 preempt=0 elapsedMs=2
[114068][I][STORAGE] RAMSpool worker paused inflight=0 lastInflight=0
[114069][I][STORAGE] Exclusive window begin kind=enrichment reason=manual_enrich_window workerPaused=1 displaySuspended=1
[114069][I][BLE] Manual enrichment window batch count=18 active=1 noData=0 budgetExhausted=0 timeHit=0
[114070][I][STORAGE] RAMSpool worker resumed
[114070][I][STORAGE] Exclusive window end kind=enrichment result=manual_batch_built reason=manual_enrich_window
[114070][I][BLE] enrichment request queued count=18 bytes=180
[114070][I][BLE] Requested enrichment batch count=18 queued=0
[114210][I][BLE] enrichment send mtu=247 attPayload=244 bytes=180 count=18
[114268][I][BLE] enrichment batch sent plain=180 sealed=202 count=18 writeOk=1
[114511][I][BLE] enrichment rx chunk cipher=222 queued=1
[114512][I][BLE] enrichment rx chunk cipher=222 queued=0
[114662][I][BLE] enrichment rx chunk cipher=222 queued=0
[114816][I][BLE] enrichment rx chunk cipher=222 queued=1
[114817][I][BLE] enrichment rx chunk cipher=68 queued=0
[114818][I][BLE] enrich_xfer_perf count=18 sendMs=58 waitMs=550 rxBytes=846
[114818][I][BLE] enrichment batch received count=18 bytes=846
[114819][I][BLE] enrichment batch consumed count=18
[114819][I][BLE] Enrich batch queued count=18 queueSize=1
[114820][I][BLE] Enrichment batch received count=18 claimed=0 queued=1
[114820][I][BLE] Enrich drain begin count=18 queueSize=1 ageMs=1
[114821][I][BLE] enrich_perf count=18 applied=0 failed=0 deferred=18 storageMs=0 pendingUpload=4535
[114821][I][BLE] Enrich drain done applied=0 failed=0 deferred=18 queueSize=0
[114821][I][BLE] Enrich torrent done drained=1 remaining=0 tookLease=0 preempt=0 elapsedMs=1
[114831][I][STORAGE] RAMSpool worker paused inflight=0 lastInflight=0
[114832][I][STORAGE] Exclusive window begin kind=enrichment reason=manual_enrich_window workerPaused=1 displaySuspended=1
[114832][I][BLE] Manual enrichment window batch count=18 active=1 noData=0 budgetExhausted=0 timeHit=0
[114832][I][STORAGE] RAMSpool worker resumed
[114833][I][STORAGE] Exclusive window end kind=enrichment result=manual_batch_built reason=manual_enrich_window
[114833][I][BLE] enrichment request queued count=18 bytes=180
[114833][I][BLE] Requested enrichment batch count=18 queued=0
[114973][W][BLE] gps decrypt failed: secure decrypt replay/stale counter
[114974][I][BLE] enrichment send mtu=247 attPayload=244 bytes=180 count=18
[115018][I][BLE] enrichment batch sent plain=180 sealed=202 count=18 writeOk=1
[115274][I][BLE] enrichment rx chunk cipher=222 queued=0
[115425][I][BLE] enrichment rx chunk cipher=222 queued=1
[115426][I][BLE] enrichment rx chunk cipher=222 queued=0
[115577][I][BLE] enrichment batch acknowledged by phone
[115578][I][BLE] enrichment rx chunk cipher=222 queued=1
[115579][I][BLE] enrichment rx chunk cipher=68 queued=0
[115579][I][BLE] enrich_xfer_perf count=18 sendMs=44 waitMs=561 rxBytes=846
[115580][I][BLE] enrichment batch received count=18 bytes=846
[115580][I][BLE] enrichment batch consumed count=18
[115580][I][BLE] Enrich batch queued count=18 queueSize=1
[115580][I][BLE] Enrichment batch received count=18 claimed=0 queued=1
[115581][I][BLE] Enrich drain begin count=18 queueSize=1 ageMs=1
[115581][I][BLE] enrich_perf count=18 applied=0 failed=0 deferred=18 storageMs=0 pendingUpload=4535
[115582][I][BLE] Enrich drain done applied=0 failed=0 deferred=18 queueSize=0
[115582][I][BLE] Enrich torrent done drained=1 remaining=0 tookLease=0 preempt=0 elapsedMs=1
[115592][I][STORAGE] RAMSpool worker paused inflight=0 lastInflight=0
[115593][I][STORAGE] Exclusive window begin kind=enrichment reason=manual_enrich_window workerPaused=1 displaySuspended=1
[115593][I][STORAGE] Enrichment window released reason=manual_cursor_done
[115594][I][BLE] Manual enrichment window batch count=16 active=0 noData=0 budgetExhausted=0 timeHit=0
[115594][I][STORAGE] RAMSpool worker resumed
[115594][I][STORAGE] Exclusive window end kind=enrichment result=manual_batch_built reason=manual_enrich_window
[115594][I][BLE] enrichment request queued count=16 bytes=160
[115595][I][BLE] Requested enrichment batch count=16 queued=0
[115735][I][BLE] enrichment send mtu=247 attPayload=244 bytes=160 count=16
[115769][I][BLE] enrichment batch sent plain=160 sealed=182 count=16 writeOk=1
[116038][I][BLE] enrichment rx chunk cipher=222 queued=0
[116189][I][BLE] enrichment rx chunk cipher=222 queued=1
[116191][I][BLE] enrichment rx chunk cipher=222 queued=1
[116191][I][BLE] enrichment rx chunk cipher=174 queued=0
[116192][I][BLE] enrich_xfer_perf count=16 sendMs=33 waitMs=424 rxBytes=752
[116193][I][BLE] enrichment batch received count=16 bytes=752
[116193][I][BLE] enrichment batch consumed count=16
[116193][I][BLE] Enrich batch queued count=16 queueSize=1
[116193][I][BLE] Enrichment batch received count=16 claimed=0 queued=1
[116194][I][BLE] Enrich drain begin count=16 queueSize=1 ageMs=1
[116194][I][BLE] enrich_perf count=16 applied=0 failed=0 deferred=16 storageMs=0 pendingUpload=4535
[116195][I][BLE] Enrich drain done applied=0 failed=0 deferred=16 queueSize=0
[116195][I][BLE] Enrich torrent done drained=1 remaining=0 tookLease=0 preempt=0 elapsedMs=2
[116205][I][BLE] Manual enrich: phone declined 2 passes; retiring remaining records as NO_DATA
[116206][I][STORAGE] RAMSpool worker paused inflight=0 lastInflight=0
[116206][I][STORAGE] Exclusive window begin kind=enrichment reason=manual_enrich_window workerPaused=1 displaySuspended=1
[116207][I][STORAGE] prepare_assigned records=1024 freeInternal=10756 freePsram=7789284
[116207][I][STORAGE] batch_load_ids_enter freeInternal=10756 segments=76
[116208][I][STORAGE] load_ids_reserve count=976 freeInternal=10756 largest=7156
[116208][I][STORAGE] load_ids_reserved freeInternal=10756
[116209][I][STORAGE] load_ids_scan seg=308 enrichDeltas=78 freeInternal=10756 largest=7156
[116303][I][STORAGE] load_ids_scan seg=314 enrichDeltas=66 freeInternal=10756 largest=7156
[116396][I][STORAGE] load_ids_scan seg=315 enrichDeltas=64 freeInternal=10756 largest=7156
[116490][I][STORAGE] load_ids_scan seg=316 enrichDeltas=64 freeInternal=10756 largest=7156
[116583][I][STORAGE] load_ids_scan seg=317 enrichDeltas=64 freeInternal=10756 largest=7156
[116676][I][STORAGE] load_ids_scan seg=318 enrichDeltas=64 freeInternal=10756 largest=7156
[116767][I][STORAGE] load_ids_scan seg=319 enrichDeltas=64 freeInternal=10756 largest=7156
[116859][I][STORAGE] load_ids_scan seg=320 enrichDeltas=64 freeInternal=10756 largest=7156
[116951][I][STORAGE] load_ids_scan seg=321 enrichDeltas=64 freeInternal=10756 largest=7156
[117042][I][STORAGE] load_ids_scan seg=322 enrichDeltas=64 freeInternal=10756 largest=7156
[117133][I][STORAGE] load_ids_scan seg=323 enrichDeltas=64 freeInternal=10756 largest=7156
[117223][I][STORAGE] load_ids_scan seg=324 enrichDeltas=64 freeInternal=10756 largest=7156
[117314][I][STORAGE] load_ids_scan seg=325 enrichDeltas=64 freeInternal=10756 largest=7156
[117404][I][STORAGE] load_ids_scan seg=326 enrichDeltas=64 freeInternal=10756 largest=7156
[117494][I][STORAGE] load_ids_scan seg=327 enrichDeltas=64 freeInternal=10756 largest=7156
[117583][I][STORAGE] load_ids_loop_done scanned=15 skipped=61 idsCollected=976 freeInternal=10756
[117584][I][STORAGE] batch_load_ids_done count=888 capacity=976 freeInternal=10756
[117584][I][STORAGE] batch_pending_loop_enter segments=76 maxCount=1024 streaming=0 freeInternal=10756
[117584][I][STORAGE] batch_pending_scan seg=207 pending=10 events=10 freeInternal=10756 largest=7156 outCount=0
[117634][I][STORAGE] batch_pending_scan seg=210 pending=13 events=13 freeInternal=10756 largest=7156 outCount=0
[117683][I][STORAGE] batch_pending_scan seg=211 pending=8 events=8 freeInternal=10756 largest=7156 outCount=0
[117733][I][STORAGE] batch_pending_scan seg=214 pending=5 events=5 freeInternal=10756 largest=7156 outCount=0
[117781][I][STORAGE] batch_pending_scan seg=219 pending=51 events=51 freeInternal=10756 largest=7156 outCount=0
[117835][I][STORAGE] batch_pending_scan seg=220 pending=138 events=138 freeInternal=10756 largest=7156 outCount=0
[117901][I][STORAGE] batch_pending_scan seg=221 pending=154 events=154 freeInternal=10756 largest=7156 outCount=87
[117968][I][STORAGE] batch_pending_scan seg=222 pending=8 events=8 freeInternal=10756 largest=7156 outCount=87
[118015][I][STORAGE] batch_pending_scan seg=223 pending=9 events=9 freeInternal=10756 largest=7156 outCount=87
[118063][I][STORAGE] batch_pending_scan seg=226 pending=13 events=13 freeInternal=10756 largest=7156 outCount=87
[118110][I][STORAGE] batch_pending_scan seg=227 pending=3 events=3 freeInternal=10756 largest=7156 outCount=87
[118156][I][STORAGE] batch_pending_scan seg=228 pending=15 events=15 freeInternal=10756 largest=7156 outCount=87
[118203][I][STORAGE] batch_pending_scan seg=229 pending=11 events=11 freeInternal=10756 largest=7156 outCount=87
[118250][I][STORAGE] batch_pending_scan seg=230 pending=10 events=10 freeInternal=10756 largest=7156 outCount=87
[118296][I][STORAGE] batch_pending_scan seg=232 pending=200 events=200 freeInternal=10756 largest=7156 outCount=87
[118366][I][STORAGE] batch_pending_scan seg=233 pending=197 events=197 freeInternal=10756 largest=7156 outCount=87
[118439][I][STORAGE] batch_pending_scan seg=234 pending=194 events=194 freeInternal=10756 largest=7156 outCount=113
[118515][I][STORAGE] batch_pending_scan seg=235 pending=198 events=198 freeInternal=10756 largest=7156 outCount=307
[118589][I][STORAGE] batch_pending_scan seg=236 pending=147 events=147 freeInternal=10756 largest=7156 outCount=505
[118654][I][STORAGE] batch_pending_scan seg=238 pending=443 events=443 freeInternal=10756 largest=7156 outCount=652
[118800][I][STORAGE] batch_pending_scan seg=240 pending=397 events=397 freeInternal=10756 largest=7156 outCount=926
[118944][I][STORAGE] batch_pending_loop_done scanned=21 skipped=0 outCount=1024 timeHit=1 elapsedMs=1360 freeInternal=10756
[118944][I][STORAGE] prepare_batch_done ok=1 outCount=1024 freeInternal=10756
[118944][I][STORAGE] Enrichment window ready records=1024 truncated=1 ms=2737
[119995][I][STORAGE] Spool enrich_batch applied=32 failed=0 batchFirstEventId=23627 batchLastEventId=23634 firstRecord=27134 lastRecord=27165 ms=720
[120468][I][STORAGE] Spool enrich_batch applied=32 failed=0 batchFirstEventId=24325 batchLastEventId=24345 firstRecord=27166 lastRecord=27197 ms=135
[120622][I][STORAGE] Enrichment window released reason=manual_no_data_budget
[120622][W][BLE] Manual enrichment retired 64 no-data records this pass; more remain (budget=1 timeHit=0)
[120623][I][BLE] Manual enrichment window batch count=0 active=0 noData=64 budgetExhausted=1 timeHit=0
[120623][I][STORAGE] RAMSpool worker resumed
[120623][I][STORAGE] Exclusive window end kind=enrichment result=manual_no_data_budget reason=manual_enrich_window
[120625][I][HEAP] heap free=7643KB min=7603KB largest=7552KB frag=1% internalFree=16KB internalLargest=7KB psramFree=7627KB core=14/4% owner=BLE_GPS nets=6 pendingUpload=4535 pendingEnrich=4538
[HEALTH] time=2026-08-07 14:09:10 src=ntp
[HEALTH] heap used=781/8424KB free=7643KB min=7603KB largest=7552KB frag=1%
[HEALTH] internal used=216/232KB free=16KB min=0KB largest=7KB
[HEALTH] psram used=565/8192KB free=7627KB largest=7552KB
[HEALTH] stack free_min: core0=13KB/22KB core1=13KB/18KB
[HEALTH] core usage: core0=14% core1=4%
[HEALTH] power=usb state=usb batt=100% 4738mV trend=41mV/min runtime=0min cap=1100mAh charging=1
[HEALTH] radio=BLE_GPS wifi=0 ble=1 gps=0 nets=6 pendingUpload=4535 pendingEnrich=4538
[HEALTH] subghz=NONE mode=OFF pkts=0 nodes=0
[120628][I][STORAGE] RAMSpool enq=3 cons=3 inflight=0/1024 high=3 pressure=0 drop[full=0 big=0 noise=0 p3Evict=0 p3Drop=0 p2Drop=0 p1Fail=0] free=1024
[120628][I][STORAGE] RAMSpool enqueue probe[ok=2 drop=0] device[ok=1 drop=0]
[120628][I][STORAGE] RAMSpool worker probe[ok=2 sup=0 drop=0 fail=0 slow=0] device[ok=1 sup=0 drop=0 fail=0 slow=0] slowTotal=0 maxMs=0
[120629][I][STORAGE] RAMSpool prioEnq p0=0 p1=0 p2=3 p3=0
[120629][I][STORAGE] RAMSpool lanes p1=0/0 p2=0/2 p3=0/0
[120639][W][CORE] TaskHardware loop gap=4434ms owner=BLE_GPS pendingUpload=4535 maintPending=1 suppressed=0
[120643][I][STORAGE] RAMSpool worker paused inflight=0 lastInflight=0
[120644][I][STORAGE] Exclusive window begin kind=enrichment reason=manual_enrich_window workerPaused=1 displaySuspended=1
[120645][I][STORAGE] prepare_assigned records=1024 freeInternal=15936 freePsram=7789284
[120645][I][STORAGE] batch_load_ids_enter freeInternal=15936 segments=76
[120645][I][STORAGE] load_ids_reserve count=1040 freeInternal=15936 largest=7156
[120646][I][STORAGE] load_ids_reserved freeInternal=15936
[120646][I][STORAGE] load_ids_scan seg=308 enrichDeltas=78 freeInternal=15936 largest=7156
[120725][I][STORAGE] load_ids_scan seg=314 enrichDeltas=66 freeInternal=15968 largest=7156
[120803][I][STORAGE] load_ids_scan seg=315 enrichDeltas=64 freeInternal=16008 largest=7156
[120881][I][STORAGE] load_ids_scan seg=316 enrichDeltas=64 freeInternal=16008 largest=7156
[120957][I][STORAGE] load_ids_scan seg=317 enrichDeltas=64 freeInternal=16008 largest=7156
[121033][I][STORAGE] load_ids_scan seg=318 enrichDeltas=64 freeInternal=16008 largest=7156
[121109][I][STORAGE] load_ids_scan seg=319 enrichDeltas=64 freeInternal=16008 largest=7156
[121184][I][STORAGE] load_ids_scan seg=320 enrichDeltas=64 freeInternal=16008 largest=7156
[121259][I][STORAGE] load_ids_scan seg=321 enrichDeltas=64 freeInternal=16008 largest=7156
[121334][I][STORAGE] load_ids_scan seg=322 enrichDeltas=64 freeInternal=16008 largest=7156
[121409][I][STORAGE] load_ids_scan seg=323 enrichDeltas=64 freeInternal=16008 largest=7156
[121483][I][STORAGE] load_ids_scan seg=324 enrichDeltas=64 freeInternal=16008 largest=7156
[121557][I][STORAGE] load_ids_scan seg=325 enrichDeltas=64 freeInternal=16008 largest=7156
[121630][I][STORAGE] load_ids_scan seg=326 enrichDeltas=64 freeInternal=16008 largest=7156
[121704][I][STORAGE] load_ids_scan seg=327 enrichDeltas=64 freeInternal=16008 largest=7156
[121776][I][STORAGE] load_ids_scan seg=335 enrichDeltas=64 freeInternal=16008 largest=7156
[121845][I][STORAGE] load_ids_loop_done scanned=16 skipped=60 idsCollected=1040 freeInternal=16008
[121847][I][STORAGE] batch_load_ids_done count=950 capacity=1040 freeInternal=16008
[121847][I][STORAGE] batch_pending_loop_enter segments=76 maxCount=1024 streaming=0 freeInternal=16008
[121847][I][STORAGE] batch_pending_scan seg=207 pending=10 events=10 freeInternal=16008 largest=7156 outCount=0
[121897][I][STORAGE] batch_pending_scan seg=210 pending=13 events=13 freeInternal=16008 largest=7156 outCount=0
[121946][I][STORAGE] batch_pending_scan seg=211 pending=8 events=8 freeInternal=16008 largest=7156 outCount=0
[121995][I][STORAGE] batch_pending_scan seg=214 pending=5 events=5 freeInternal=16008 largest=7156 outCount=0
[122043][I][STORAGE] batch_pending_scan seg=219 pending=51 events=51 freeInternal=16008 largest=7156 outCount=0
[122097][I][STORAGE] batch_pending_scan seg=220 pending=127 events=138 freeInternal=16008 largest=7156 outCount=0
[122163][I][STORAGE] batch_pending_scan seg=221 pending=154 events=154 freeInternal=16008 largest=7156 outCount=76
[122229][I][STORAGE] batch_pending_scan seg=222 pending=8 events=8 freeInternal=16008 largest=7156 outCount=76
[122276][I][STORAGE] batch_pending_scan seg=223 pending=9 events=9 freeInternal=16008 largest=7156 outCount=76
[122323][I][STORAGE] batch_pending_scan seg=226 pending=13 events=13 freeInternal=16008 largest=7156 outCount=76
[122371][I][STORAGE] batch_pending_scan seg=227 pending=3 events=3 freeInternal=16008 largest=7156 outCount=76
[122417][I][STORAGE] batch_pending_scan seg=228 pending=15 events=15 freeInternal=16008 largest=7156 outCount=76
[122464][I][STORAGE] batch_pending_scan seg=229 pending=11 events=11 freeInternal=16008 largest=7156 outCount=76
[122511][I][STORAGE] batch_pending_scan seg=230 pending=10 events=10 freeInternal=16008 largest=7156 outCount=76
[122556][I][STORAGE] batch_pending_scan seg=232 pending=200 events=200 freeInternal=16008 largest=7156 outCount=76
[122626][I][STORAGE] batch_pending_scan seg=233 pending=171 events=197 freeInternal=16008 largest=7156 outCount=76
[122695][I][STORAGE] batch_pending_scan seg=234 pending=182 events=194 freeInternal=16008 largest=7156 outCount=76
[122770][I][STORAGE] batch_pending_scan seg=235 pending=198 events=198 freeInternal=16008 largest=7156 outCount=258
[122841][I][STORAGE] batch_pending_scan seg=236 pending=147 events=147 freeInternal=16008 largest=7156 outCount=456
[122906][I][STORAGE] batch_pending_scan seg=238 pending=428 events=443 freeInternal=16008 largest=7156 outCount=603
[123044][I][STORAGE] batch_pending_scan seg=240 pending=397 events=397 freeInternal=16008 largest=7156 outCount=864
[123181][I][STORAGE] batch_pending_loop_done scanned=21 skipped=0 outCount=1024 timeHit=1 elapsedMs=1333 freeInternal=16008
[123181][I][STORAGE] prepare_batch_done ok=1 outCount=1024 freeInternal=16008
[123181][I][STORAGE] Enrichment window ready records=1024 truncated=1 ms=2537
[123397][I][STORAGE] Spool enrich preflight rotate seg=335 bytes=2552 records=67 enrich=64 expected=32
[124810][I][STORAGE] Spool rotate newSeg=336 format=bin_v2
[124810][I][STORAGE] Spool diag[rotate] validSegments=77 untrustedSegments=0 invalidSegments=0 activeSegment=336 totalRecords=5595 storedEvents=4547 pendingUpload=4535 nextEventId=27198
[124976][I][STORAGE] Spool enrich_batch applied=32 failed=0 batchFirstEventId=24346 batchLastEventId=23643 firstRecord=27198 lastRecord=27229 ms=117
[125381][I][STORAGE] Spool enrich_batch applied=32 failed=0 batchFirstEventId=24364 batchLastEventId=23652 firstRecord=27230 lastRecord=27261 ms=125
[125382][I][STORAGE] Enrichment window released reason=manual_no_data_budget
[125382][W][BLE] Manual enrichment retired 64 no-data records this pass; more remain (budget=1 timeHit=0)
[125383][I][BLE] Manual enrichment window batch count=0 active=0 noData=64 budgetExhausted=1 timeHit=0
[125383][I][STORAGE] RAMSpool worker resumed
[125383][I][STORAGE] Exclusive window end kind=enrichment result=manual_no_data_budget reason=manual_enrich_window
[125384][I][STACK] TaskHardware watermark=13240B min=13240B
[125397][W][BLE] gps decrypt failed: secure decrypt replay/stale counter
[125398][I][BLE] enrichment batch acknowledged by phone
[125399][I][STORAGE] RAMSpool worker paused inflight=0 lastInflight=0
[125400][I][STORAGE] Exclusive window begin kind=enrichment reason=manual_enrich_window workerPaused=1 displaySuspended=1
[125401][I][STORAGE] prepare_assigned records=1024 freeInternal=15836 freePsram=7789284
[125401][I][STORAGE] batch_load_ids_enter freeInternal=15836 segments=77
[125402][I][STORAGE] load_ids_reserve count=1104 freeInternal=15836 largest=7156
[125402][I][STORAGE] load_ids_reserved freeInternal=15836
[125402][I][STORAGE] load_ids_scan seg=308 enrichDeltas=78 freeInternal=15836 largest=7156
[125491][I][STORAGE] load_ids_scan seg=314 enrichDeltas=66 freeInternal=15908 largest=7156
[125577][I][STORAGE] load_ids_scan seg=315 enrichDeltas=64 freeInternal=15908 largest=7156
[125665][I][STORAGE] load_ids_scan seg=316 enrichDeltas=64 freeInternal=15908 largest=7156
[125751][I][STORAGE] load_ids_scan seg=317 enrichDeltas=64 freeInternal=15908 largest=7156
[125837][I][STORAGE] load_ids_scan seg=318 enrichDeltas=64 freeInternal=15908 largest=7156
[125923][I][STORAGE] load_ids_scan seg=319 enrichDeltas=64 freeInternal=15908 largest=7156
[126008][I][STORAGE] load_ids_scan seg=320 enrichDeltas=64 freeInternal=15908 largest=7156
[126093][I][STORAGE] load_ids_scan seg=321 enrichDeltas=64 freeInternal=15908 largest=7156
[126177][I][STORAGE] load_ids_scan seg=322 enrichDeltas=64 freeInternal=15908 largest=7156
[126261][I][STORAGE] load_ids_scan seg=323 enrichDeltas=64 freeInternal=15908 largest=7156
[126346][I][STORAGE] load_ids_scan seg=324 enrichDeltas=64 freeInternal=15908 largest=7156
[126430][I][STORAGE] load_ids_scan seg=325 enrichDeltas=64 freeInternal=15908 largest=7156
[126513][I][STORAGE] load_ids_scan seg=326 enrichDeltas=64 freeInternal=15908 largest=7156
[126596][I][STORAGE] load_ids_scan seg=327 enrichDeltas=64 freeInternal=15908 largest=7156
[126678][I][STORAGE] load_ids_scan seg=335 enrichDeltas=64 freeInternal=15908 largest=7156
[126757][I][STORAGE] load_ids_scan seg=336 enrichDeltas=64 freeInternal=15908 largest=7156
[126831][I][STORAGE] load_ids_loop_done scanned=17 skipped=60 idsCollected=1104 freeInternal=15908
[126832][I][STORAGE] batch_load_ids_done count=1008 capacity=1104 freeInternal=15908
[126832][I][STORAGE] batch_pending_loop_enter segments=77 maxCount=1024 streaming=0 freeInternal=15908
[126833][I][STORAGE] batch_pending_scan seg=207 pending=10 events=10 freeInternal=15908 largest=7156 outCount=0
[126890][I][STORAGE] batch_pending_scan seg=210 pending=13 events=13 freeInternal=15908 largest=7156 outCount=0
[126947][I][STORAGE] batch_pending_scan seg=211 pending=8 events=8 freeInternal=15908 largest=7156 outCount=0
[127003][I][STORAGE] batch_pending_scan seg=214 pending=5 events=5 freeInternal=15908 largest=7156 outCount=0
[127059][I][STORAGE] batch_pending_scan seg=219 pending=51 events=51 freeInternal=15908 largest=7156 outCount=0
[127120][I][STORAGE] batch_pending_scan seg=220 pending=112 events=138 freeInternal=15908 largest=7156 outCount=0
[127193][I][STORAGE] batch_pending_scan seg=221 pending=154 events=154 freeInternal=15908 largest=7156 outCount=61
[127267][I][STORAGE] batch_pending_scan seg=222 pending=8 events=8 freeInternal=15908 largest=7156 outCount=61
[127322][I][STORAGE] batch_pending_scan seg=223 pending=9 events=9 freeInternal=15908 largest=7156 outCount=61
[127377][I][STORAGE] batch_pending_scan seg=226 pending=13 events=13 freeInternal=15908 largest=7156 outCount=61
[127431][I][STORAGE] batch_pending_scan seg=227 pending=3 events=3 freeInternal=15908 largest=7156 outCount=61
[127484][I][STORAGE] batch_pending_scan seg=228 pending=15 events=15 freeInternal=15908 largest=7156 outCount=61
[127539][I][STORAGE] batch_pending_scan seg=229 pending=11 events=11 freeInternal=15908 largest=7156 outCount=61
[127593][I][STORAGE] batch_pending_scan seg=230 pending=10 events=10 freeInternal=15908 largest=7156 outCount=61
[127646][I][STORAGE] batch_pending_scan seg=232 pending=200 events=200 freeInternal=15908 largest=7156 outCount=61
[127723][I][STORAGE] batch_pending_scan seg=233 pending=171 events=197 freeInternal=15908 largest=7156 outCount=61
[127796][I][STORAGE] batch_pending_scan seg=234 pending=148 events=194 freeInternal=15908 largest=7156 outCount=61
[127871][I][STORAGE] batch_pending_scan seg=235 pending=198 events=198 freeInternal=15908 largest=7156 outCount=209
[127945][I][STORAGE] batch_pending_scan seg=236 pending=147 events=147 freeInternal=15908 largest=7156 outCount=407
[128012][I][STORAGE] batch_pending_scan seg=238 pending=413 events=443 freeInternal=15908 largest=7156 outCount=554
[128150][I][STORAGE] batch_pending_scan seg=240 pending=397 events=397 freeInternal=15908 largest=7156 outCount=806
[128287][I][STORAGE] batch_pending_scan seg=241 pending=436 events=436 freeInternal=15908 largest=7156 outCount=1012
[128497][I][STORAGE] batch_pending_loop_done scanned=22 skipped=0 outCount=1024 timeHit=1 elapsedMs=1664 freeInternal=15908
[128497][I][STORAGE] prepare_batch_done ok=1 outCount=1024 freeInternal=15908
[128497][I][STORAGE] Enrichment window ready records=1024 truncated=1 ms=3097
[128580][I][STORAGE] Spool enrich preflight rotate seg=336 bytes=1826 records=64 enrich=64 expected=32
[129926][I][STORAGE] Spool rotate newSeg=337 format=bin_v2
[129927][I][STORAGE] Spool diag[rotate] validSegments=78 untrustedSegments=0 invalidSegments=0 activeSegment=337 totalRecords=5659 storedEvents=4547 pendingUpload=4535 nextEventId=27262
[130090][I][STORAGE] Spool enrich_batch applied=32 failed=0 batchFirstEventId=25064 batchLastEventId=25095 firstRecord=27262 lastRecord=27293 ms=111
[130345][I][STORAGE] Spool enrich_batch applied=32 failed=0 batchFirstEventId=25096 batchLastEventId=25127 firstRecord=27294 lastRecord=27325 ms=113
[130346][I][STORAGE] Enrichment window released reason=manual_no_data_budget
[130346][W][BLE] Manual enrichment retired 64 no-data records this pass; more remain (budget=1 timeHit=0)
[130346][I][BLE] Manual enrichment window batch count=0 active=0 noData=64 budgetExhausted=1 timeHit=0
[130347][I][STORAGE] RAMSpool worker resumed
[130347][I][STORAGE] Exclusive window end kind=enrichment result=manual_no_data_budget reason=manual_enrich_window
[130469][I][BLE] storage snapshot sent pendingUp=0/4535 pendingEnrich=0/4538 usedPct=19
[130469][I][STORAGE] RAMSpool worker paused inflight=0 lastInflight=0
[130469][I][STORAGE] Exclusive window begin kind=enrichment reason=manual_enrich_window workerPaused=1 displaySuspended=1
[130470][I][STORAGE] prepare_assigned records=1024 freeInternal=15736 freePsram=7789284
[130471][I][STORAGE] batch_load_ids_enter freeInternal=15736 segments=78
[130471][I][STORAGE] load_ids_reserve count=1168 freeInternal=15736 largest=7156
[130472][I][STORAGE] load_ids_reserved freeInternal=15736
[130472][I][STORAGE] load_ids_scan seg=308 enrichDeltas=78 freeInternal=15736 largest=7156
[130570][I][STORAGE] load_ids_scan seg=314 enrichDeltas=66 freeInternal=15808 largest=7156
[130665][I][STORAGE] load_ids_scan seg=315 enrichDeltas=64 freeInternal=15808 largest=7156
[130763][I][STORAGE] load_ids_scan seg=316 enrichDeltas=64 freeInternal=15808 largest=7156
[130858][I][STORAGE] load_ids_scan seg=317 enrichDeltas=64 freeInternal=15808 largest=7156
[130954][I][STORAGE] load_ids_scan seg=318 enrichDeltas=64 freeInternal=15808 largest=7156
[131048][I][STORAGE] load_ids_scan seg=319 enrichDeltas=64 freeInternal=15808 largest=7156
[131142][I][STORAGE] load_ids_scan seg=320 enrichDeltas=64 freeInternal=15808 largest=7156
[131236][I][STORAGE] load_ids_scan seg=321 enrichDeltas=64 freeInternal=15808 largest=7156
[131330][I][STORAGE] load_ids_scan seg=322 enrichDeltas=64 freeInternal=15808 largest=7156
[131424][I][STORAGE] load_ids_scan seg=323 enrichDeltas=64 freeInternal=15808 largest=7156
[131517][I][STORAGE] load_ids_scan seg=324 enrichDeltas=64 freeInternal=15808 largest=7156
[131610][I][STORAGE] load_ids_scan seg=325 enrichDeltas=64 freeInternal=15808 largest=7156
[131703][I][STORAGE] load_ids_scan seg=326 enrichDeltas=64 freeInternal=15808 largest=7156
[131795][I][STORAGE] load_ids_scan seg=327 enrichDeltas=64 freeInternal=15808 largest=7156
[131887][I][STORAGE] load_ids_scan seg=335 enrichDeltas=64 freeInternal=15808 largest=7156
[131975][I][STORAGE] load_ids_scan seg=336 enrichDeltas=64 freeInternal=15808 largest=7156
[132058][I][STORAGE] load_ids_scan seg=337 enrichDeltas=64 freeInternal=15808 largest=7156
[132134][I][STORAGE] load_ids_loop_done scanned=18 skipped=60 idsCollected=1168 freeInternal=15808
[132136][I][STORAGE] batch_load_ids_done count=1072 capacity=1168 freeInternal=15808
[132136][I][STORAGE] batch_pending_loop_enter segments=78 maxCount=1024 streaming=0 freeInternal=15808
[132136][I][STORAGE] batch_pending_scan seg=207 pending=10 events=10 freeInternal=15808 largest=7156 outCount=0
[132198][I][STORAGE] batch_pending_scan seg=210 pending=13 events=13 freeInternal=15808 largest=7156 outCount=0
[132261][I][STORAGE] batch_pending_scan seg=211 pending=8 events=8 freeInternal=15808 largest=7156 outCount=0
[132323][I][STORAGE] batch_pending_scan seg=214 pending=5 events=5 freeInternal=15808 largest=7156 outCount=0
[132384][I][STORAGE] batch_pending_scan seg=219 pending=51 events=51 freeInternal=15808 largest=7156 outCount=0
[132450][I][STORAGE] batch_pending_scan seg=220 pending=112 events=138 freeInternal=15808 largest=7156 outCount=0
[132528][I][STORAGE] batch_pending_scan seg=221 pending=154 events=154 freeInternal=15808 largest=7156 outCount=61
[132607][I][STORAGE] batch_pending_scan seg=222 pending=8 events=8 freeInternal=15808 largest=7156 outCount=61
[132667][I][STORAGE] batch_pending_scan seg=223 pending=9 events=9 freeInternal=15808 largest=7156 outCount=61
[132727][I][STORAGE] batch_pending_scan seg=226 pending=13 events=13 freeInternal=15808 largest=7156 outCount=61
[132787][I][STORAGE] batch_pending_scan seg=227 pending=3 events=3 freeInternal=15808 largest=7156 outCount=61
[132846][I][STORAGE] batch_pending_scan seg=228 pending=15 events=15 freeInternal=15808 largest=7156 outCount=61
[132906][I][STORAGE] batch_pending_scan seg=229 pending=11 events=11 freeInternal=15808 largest=7156 outCount=61
[132965][I][STORAGE] batch_pending_scan seg=230 pending=10 events=10 freeInternal=15808 largest=7156 outCount=61
[133024][I][STORAGE] batch_pending_scan seg=232 pending=200 events=200 freeInternal=15808 largest=7156 outCount=61
[133106][I][STORAGE] batch_pending_scan seg=233 pending=171 events=197 freeInternal=15808 largest=7156 outCount=61
[133180][I][STORAGE] batch_pending_scan seg=234 pending=148 events=194 freeInternal=15808 largest=7156 outCount=61
[133256][I][STORAGE] batch_pending_scan seg=235 pending=198 events=198 freeInternal=15808 largest=7156 outCount=209
[133331][I][STORAGE] batch_pending_scan seg=236 pending=147 events=147 freeInternal=15808 largest=7156 outCount=407
[133399][I][STORAGE] batch_pending_scan seg=238 pending=349 events=443 freeInternal=15808 largest=7156 outCount=554
[133525][I][STORAGE] batch_pending_scan seg=240 pending=397 events=397 freeInternal=15808 largest=7156 outCount=742
[133644][I][STORAGE] batch_pending_scan seg=241 pending=436 events=436 freeInternal=15808 largest=7156 outCount=884
[133825][I][STORAGE] batch_pending_loop_done scanned=22 skipped=0 outCount=1024 timeHit=1 elapsedMs=1689 freeInternal=15808
[133826][I][STORAGE] prepare_batch_done ok=1 outCount=1024 freeInternal=15808
[133826][I][STORAGE] Enrichment window ready records=1024 truncated=1 ms=3356
[133921][I][STORAGE] Spool enrich preflight rotate seg=337 bytes=1217 records=64 enrich=64 expected=32
[135389][I][STORAGE] Spool rotate newSeg=338 format=bin_v2
[135390][I][STORAGE] Spool diag[rotate] validSegments=79 untrustedSegments=0 invalidSegments=0 activeSegment=338 totalRecords=5723 storedEvents=4547 pendingUpload=4535 nextEventId=27326
[135912][I][STORAGE] Spool enrich_batch applied=32 failed=0 batchFirstEventId=25128 batchLastEventId=25159 firstRecord=27326 lastRecord=27357 ms=474
[136172][I][STORAGE] Spool enrich_batch applied=32 failed=0 batchFirstEventId=25160 batchLastEventId=25191 firstRecord=27358 lastRecord=27389 ms=122
[136173][I][STORAGE] Enrichment window released reason=manual_no_data_budget
[136173][W][BLE] Manual enrichment retired 64 no-data records this pass; more remain (budget=1 timeHit=0)
[136173][I][BLE] Manual enrichment window batch count=0 active=0 noData=64 budgetExhausted=1 timeHit=0
[136174][I][STORAGE] RAMSpool worker resumed
[136174][I][STORAGE] Exclusive window end kind=enrichment result=manual_no_data_budget reason=manual_enrich_window
[136184][W][CORE] TaskHardware loop gap=5827ms owner=BLE_GPS pendingUpload=4535 maintPending=1 suppressed=2
[136188][W][BLE] gps decrypt failed: secure decrypt replay/stale counter
[136188][W][BLE] control decrypt failed: secure decrypt replay/stale counter
[136189][I][STORAGE] RAMSpool worker paused inflight=0 lastInflight=0
[136189][I][STORAGE] Exclusive window begin kind=enrichment reason=manual_enrich_window workerPaused=1 displaySuspended=1
[136191][I][STORAGE] prepare_assigned records=1024 freeInternal=15636 freePsram=7789284
[136191][I][STORAGE] batch_load_ids_enter freeInternal=15636 segments=79
[136191][I][STORAGE] load_ids_reserve count=1232 freeInternal=15636 largest=7156
[136192][I][STORAGE] load_ids_reserved freeInternal=15636
[136192][I][STORAGE] load_ids_scan seg=308 enrichDeltas=78 freeInternal=15636 largest=7156
[136269][I][STORAGE] load_ids_scan seg=314 enrichDeltas=66 freeInternal=15668 largest=7156
[136343][I][STORAGE] load_ids_scan seg=315 enrichDeltas=64 freeInternal=15708 largest=7156
[136419][I][STORAGE] load_ids_scan seg=316 enrichDeltas=64 freeInternal=15708 largest=7156
[136493][I][STORAGE] load_ids_scan seg=317 enrichDeltas=64 freeInternal=15708 largest=7156
[136566][I][STORAGE] load_ids_scan seg=318 enrichDeltas=64 freeInternal=15708 largest=7156
[136639][I][STORAGE] load_ids_scan seg=319 enrichDeltas=64 freeInternal=15708 largest=7156
[136711][I][STORAGE] load_ids_scan seg=320 enrichDeltas=64 freeInternal=15708 largest=7156
[136784][I][STORAGE] load_ids_scan seg=321 enrichDeltas=64 freeInternal=15708 largest=7156
[136856][I][STORAGE] load_ids_scan seg=322 enrichDeltas=64 freeInternal=15708 largest=7156
[136928][I][STORAGE] load_ids_scan seg=323 enrichDeltas=64 freeInternal=15708 largest=7156
[136999][I][STORAGE] load_ids_scan seg=324 enrichDeltas=64 freeInternal=15708 largest=7156
[137071][I][STORAGE] load_ids_scan seg=325 enrichDeltas=64 freeInternal=15708 largest=7156
[137141][I][STORAGE] load_ids_scan seg=326 enrichDeltas=64 freeInternal=15708 largest=7156
[137212][I][STORAGE] load_ids_scan seg=327 enrichDeltas=64 freeInternal=15708 largest=7156
[137282][I][STORAGE] load_ids_scan seg=335 enrichDeltas=64 freeInternal=15708 largest=7156
[137350][I][STORAGE] load_ids_scan seg=336 enrichDeltas=64 freeInternal=15708 largest=7156
[137417][I][STORAGE] load_ids_scan seg=337 enrichDeltas=64 freeInternal=15708 largest=7156
[137483][I][STORAGE] load_ids_scan seg=338 enrichDeltas=64 freeInternal=15708 largest=7156
[137547][I][STORAGE] load_ids_loop_done scanned=19 skipped=60 idsCollected=1232 freeInternal=15708
[137548][I][STORAGE] batch_load_ids_done count=1136 capacity=1232 freeInternal=15708
[137549][I][STORAGE] batch_pending_loop_enter segments=79 maxCount=1024 streaming=0 freeInternal=15708
[137549][I][STORAGE] batch_pending_scan seg=207 pending=10 events=10 freeInternal=15708 largest=7156 outCount=0
[137591][I][STORAGE] batch_pending_scan seg=210 pending=13 events=13 freeInternal=15708 largest=7156 outCount=0
[137634][I][STORAGE] batch_pending_scan seg=211 pending=8 events=8 freeInternal=15708 largest=7156 outCount=0
[137676][I][STORAGE] batch_pending_scan seg=214 pending=5 events=5 freeInternal=15708 largest=7156 outCount=0
[137717][I][STORAGE] batch_pending_scan seg=219 pending=51 events=51 freeInternal=15708 largest=7156 outCount=0
[137764][I][STORAGE] batch_pending_scan seg=220 pending=112 events=138 freeInternal=15708 largest=7156 outCount=0
[137823][I][STORAGE] batch_pending_scan seg=221 pending=154 events=154 freeInternal=15708 largest=7156 outCount=61
[137882][I][STORAGE] batch_pending_scan seg=222 pending=8 events=8 freeInternal=15708 largest=7156 outCount=61
[137922][I][STORAGE] batch_pending_scan seg=223 pending=9 events=9 freeInternal=15708 largest=7156 outCount=61
[137963][I][STORAGE] batch_pending_scan seg=226 pending=13 events=13 freeInternal=15708 largest=7156 outCount=61
[138003][I][STORAGE] batch_pending_scan seg=227 pending=3 events=3 freeInternal=15708 largest=7156 outCount=61
[138042][I][STORAGE] batch_pending_scan seg=228 pending=15 events=15 freeInternal=15708 largest=7156 outCount=61
[138082][I][STORAGE] batch_pending_scan seg=229 pending=11 events=11 freeInternal=15708 largest=7156 outCount=61
[138121][I][STORAGE] batch_pending_scan seg=230 pending=10 events=10 freeInternal=15708 largest=7156 outCount=61
[138160][I][STORAGE] batch_pending_scan seg=232 pending=200 events=200 freeInternal=15708 largest=7156 outCount=61
[138223][I][STORAGE] batch_pending_scan seg=233 pending=171 events=197 freeInternal=15708 largest=7156 outCount=61
[138292][I][STORAGE] batch_pending_scan seg=234 pending=148 events=194 freeInternal=15708 largest=7156 outCount=61
[138363][I][STORAGE] batch_pending_scan seg=235 pending=198 events=198 freeInternal=15708 largest=7156 outCount=209
[138434][I][STORAGE] batch_pending_scan seg=236 pending=147 events=147 freeInternal=15708 largest=7156 outCount=407
[138497][I][STORAGE] batch_pending_scan seg=238 pending=285 events=443 freeInternal=15708 largest=7156 outCount=554
[138609][I][STORAGE] batch_pending_scan seg=240 pending=397 events=397 freeInternal=15708 largest=7156 outCount=678
[138711][I][STORAGE] batch_pending_scan seg=241 pending=436 events=436 freeInternal=15708 largest=7156 outCount=756
[138853][I][STORAGE] batch_pending_scan seg=243 pending=2 events=2 freeInternal=15708 largest=7156 outCount=873
[138898][I][STORAGE] batch_pending_scan seg=244 pending=53 events=53 freeInternal=15708 largest=7156 outCount=873
[138946][I][STORAGE] batch_pending_scan seg=245 pending=436 events=436 freeInternal=15708 largest=7156 outCount=873
[139092][I][STORAGE] batch_pending_scan seg=246 pending=101 events=101 freeInternal=15708 largest=7156 outCount=990
[139182][I][STORAGE] batch_pending_loop_done scanned=26 skipped=0 outCount=1024 timeHit=1 elapsedMs=1633 freeInternal=15708
[139182][I][STORAGE] prepare_batch_done ok=1 outCount=1024 freeInternal=15708
[139182][I][STORAGE] Enrichment window ready records=1024 truncated=1 ms=2992
[139280][I][STORAGE] Spool enrich preflight rotate seg=338 bytes=1217 records=64 enrich=64 expected=32
[140515][I][STORAGE] Spool rotate newSeg=339 format=bin_v2
[140515][I][STORAGE] Spool diag[rotate] validSegments=80 untrustedSegments=0 invalidSegments=0 activeSegment=339 totalRecords=5787 storedEvents=4547 pendingUpload=4535 nextEventId=27390
[140671][I][STORAGE] Spool enrich_batch applied=32 failed=0 batchFirstEventId=25192 batchLastEventId=25219 firstRecord=27390 lastRecord=27421 ms=109
[140939][I][STORAGE] Spool enrich_batch applied=32 failed=0 batchFirstEventId=25220 batchLastEventId=25209 firstRecord=27422 lastRecord=27453 ms=117
[140940][I][STORAGE] Enrichment window released reason=manual_no_data_budget
[140940][W][BLE] Manual enrichment retired 64 no-data records this pass; more remain (budget=1 timeHit=0)
[140940][I][BLE] Manual enrichment window batch count=0 active=0 noData=64 budgetExhausted=1 timeHit=0
[140941][I][STORAGE] RAMSpool worker resumed
[140941][I][STORAGE] Exclusive window end kind=enrichment result=manual_no_data_budget reason=manual_enrich_window
[140954][I][BLE] worker stack free=7376B min=7376B
[140955][W][BLE] gps decrypt failed: secure decrypt replay/stale counter
[140955][W][BLE] control decrypt failed: secure decrypt replay/stale counter
[140956][I][STORAGE] RAMSpool worker paused inflight=0 lastInflight=0
[140957][I][STORAGE] Exclusive window begin kind=enrichment reason=manual_enrich_window workerPaused=1 displaySuspended=1
[140958][I][STORAGE] prepare_assigned records=1024 freeInternal=15540 freePsram=7789284
[140958][I][STORAGE] batch_load_ids_enter freeInternal=15540 segments=80
[140958][I][STORAGE] load_ids_reserve count=1296 freeInternal=15540 largest=7156
[140959][I][STORAGE] load_ids_reserved freeInternal=15540
[140959][I][STORAGE] load_ids_scan seg=308 enrichDeltas=78 freeInternal=15540 largest=7156
[141044][I][STORAGE] load_ids_scan seg=314 enrichDeltas=66 freeInternal=15608 largest=7156
[141127][I][STORAGE] load_ids_scan seg=315 enrichDeltas=64 freeInternal=15608 largest=7156
[141212][I][STORAGE] load_ids_scan seg=316 enrichDeltas=64 freeInternal=15608 largest=7156
[141295][I][STORAGE] load_ids_scan seg=317 enrichDeltas=64 freeInternal=15608 largest=7156
[141378][I][STORAGE] load_ids_scan seg=318 enrichDeltas=64 freeInternal=15608 largest=7156
[141460][I][STORAGE] load_ids_scan seg=319 enrichDeltas=64 freeInternal=15608 largest=7156
[141542][I][STORAGE] load_ids_scan seg=320 enrichDeltas=64 freeInternal=15608 largest=7156
[141623][I][STORAGE] load_ids_scan seg=321 enrichDeltas=64 freeInternal=15608 largest=7156
[141704][I][STORAGE] load_ids_scan seg=322 enrichDeltas=64 freeInternal=15608 largest=7156
[141785][I][STORAGE] load_ids_scan seg=323 enrichDeltas=64 freeInternal=15608 largest=7156
[141866][I][STORAGE] load_ids_scan seg=324 enrichDeltas=64 freeInternal=15608 largest=7156
[141947][I][STORAGE] load_ids_scan seg=325 enrichDeltas=64 freeInternal=15608 largest=7156
[142027][I][STORAGE] load_ids_scan seg=326 enrichDeltas=64 freeInternal=15608 largest=7156
[142107][I][STORAGE] load_ids_scan seg=327 enrichDeltas=64 freeInternal=15608 largest=7156
[142186][I][STORAGE] load_ids_scan seg=335 enrichDeltas=64 freeInternal=15608 largest=7156
[142263][I][STORAGE] load_ids_scan seg=336 enrichDeltas=64 freeInternal=15608 largest=7156
[142339][I][STORAGE] load_ids_scan seg=337 enrichDeltas=64 freeInternal=15608 largest=7156
[142415][I][STORAGE] load_ids_scan seg=338 enrichDeltas=64 freeInternal=15608 largest=7156
[142488][I][STORAGE] load_ids_scan seg=339 enrichDeltas=64 freeInternal=15608 largest=7156
[142556][I][STORAGE] load_ids_loop_done scanned=20 skipped=60 idsCollected=1296 freeInternal=15608
[142558][I][STORAGE] batch_load_ids_done count=1182 capacity=1296 freeInternal=15608
[142558][I][STORAGE] batch_pending_loop_enter segments=80 maxCount=1024 streaming=0 freeInternal=15608
[142559][I][STORAGE] batch_pending_scan seg=207 pending=10 events=10 freeInternal=15608 largest=7156 outCount=0
[142606][I][STORAGE] batch_pending_scan seg=210 pending=13 events=13 freeInternal=15608 largest=7156 outCount=0
[142654][I][STORAGE] batch_pending_scan seg=211 pending=8 events=8 freeInternal=15608 largest=7156 outCount=0
[142702][I][STORAGE] batch_pending_scan seg=214 pending=5 events=5 freeInternal=15608 largest=7156 outCount=0
[142748][I][STORAGE] batch_pending_scan seg=219 pending=51 events=51 freeInternal=15608 largest=7156 outCount=0
[142800][I][STORAGE] batch_pending_scan seg=220 pending=112 events=138 freeInternal=15608 largest=7156 outCount=0
[142865][I][STORAGE] batch_pending_scan seg=221 pending=154 events=154 freeInternal=15608 largest=7156 outCount=61
[142930][I][STORAGE] batch_pending_scan seg=222 pending=8 events=8 freeInternal=15608 largest=7156 outCount=61
[142975][I][STORAGE] batch_pending_scan seg=223 pending=9 events=9 freeInternal=15608 largest=7156 outCount=61
[143021][I][STORAGE] batch_pending_scan seg=226 pending=13 events=13 freeInternal=15608 largest=7156 outCount=61
[143067][I][STORAGE] batch_pending_scan seg=227 pending=3 events=3 freeInternal=15608 largest=7156 outCount=61
[143111][I][STORAGE] batch_pending_scan seg=228 pending=15 events=15 freeInternal=15608 largest=7156 outCount=61
[143157][I][STORAGE] batch_pending_scan seg=229 pending=11 events=11 freeInternal=15608 largest=7156 outCount=61
[143202][I][STORAGE] batch_pending_scan seg=230 pending=10 events=10 freeInternal=15608 largest=7156 outCount=61
[143246][I][STORAGE] batch_pending_scan seg=232 pending=200 events=200 freeInternal=15608 largest=7156 outCount=61
[143314][I][STORAGE] batch_pending_scan seg=233 pending=171 events=197 freeInternal=15608 largest=7156 outCount=61
[143385][I][STORAGE] batch_pending_scan seg=234 pending=148 events=194 freeInternal=15608 largest=7156 outCount=61
[143458][I][STORAGE] batch_pending_scan seg=235 pending=198 events=198 freeInternal=15608 largest=7156 outCount=209
[143530][I][STORAGE] batch_pending_scan seg=236 pending=147 events=147 freeInternal=15608 largest=7156 outCount=407
[143595][I][STORAGE] batch_pending_scan seg=238 pending=221 events=443 freeInternal=15608 largest=7156 outCount=554
[143703][I][STORAGE] batch_pending_scan seg=240 pending=397 events=397 freeInternal=15608 largest=7156 outCount=632
[143800][I][STORAGE] batch_pending_scan seg=241 pending=436 events=436 freeInternal=15608 largest=7156 outCount=664
[143924][I][STORAGE] batch_pending_scan seg=243 pending=2 events=2 freeInternal=15608 largest=7156 outCount=735
[143969][I][STORAGE] batch_pending_scan seg=244 pending=53 events=53 freeInternal=15608 largest=7156 outCount=735
[144019][I][STORAGE] batch_pending_scan seg=245 pending=436 events=436 freeInternal=15608 largest=7156 outCount=735
[144142][I][STORAGE] batch_pending_scan seg=246 pending=101 events=101 freeInternal=15608 largest=7156 outCount=806
[144230][I][STORAGE] batch_pending_scan seg=247 pending=9 events=9 freeInternal=15608 largest=7156 outCount=907
[144273][I][STORAGE] batch_pending_scan seg=253 pending=191 events=191 freeInternal=15608 largest=7156 outCount=907
[144340][I][STORAGE] batch_pending_scan seg=255 pending=3 events=3 freeInternal=15608 largest=7156 outCount=907
[144382][I][STORAGE] batch_pending_scan seg=256 pending=435 events=435 freeInternal=15608 largest=7156 outCount=907
[144501][I][STORAGE] batch_pending_scan seg=257 pending=85 events=85 freeInternal=15608 largest=7156 outCount=977
[144579][I][STORAGE] batch_pending_loop_done scanned=31 skipped=0 outCount=1024 timeHit=1 elapsedMs=2021 freeInternal=15608
[144580][I][STORAGE] prepare_batch_done ok=1 outCount=1024 freeInternal=15608
[144580][I][STORAGE] Enrichment window ready records=1024 truncated=1 ms=3623
[144687][I][STORAGE] Spool enrich preflight rotate seg=339 bytes=1217 records=64 enrich=64 expected=32
[145976][I][STORAGE] Spool rotate newSeg=340 format=bin_v2
[145976][I][STORAGE] Spool diag[rotate] validSegments=81 untrustedSegments=0 invalidSegments=0 activeSegment=340 totalRecords=5851 storedEvents=4547 pendingUpload=4535 nextEventId=27454
[146134][I][STORAGE] Spool enrich_batch applied=32 failed=0 batchFirstEventId=25238 batchLastEventId=25269 firstRecord=27454 lastRecord=27485 ms=108
[146417][I][STORAGE] Spool enrich_batch applied=32 failed=0 batchFirstEventId=25270 batchLastEventId=25282 firstRecord=27486 lastRecord=27517 ms=120
[146418][I][STORAGE] Enrichment window released reason=manual_no_data_budget
[146418][W][BLE] Manual enrichment retired 64 no-data records this pass; more remain (budget=1 timeHit=0)
[146418][I][BLE] Manual enrichment window batch count=0 active=0 noData=64 budgetExhausted=1 timeHit=0
[146419][I][STORAGE] RAMSpool worker resumed
[146419][I][STORAGE] Exclusive window end kind=enrichment result=manual_no_data_budget reason=manual_enrich_window
[146429][W][CORE] TaskHardware loop gap=5478ms owner=BLE_GPS pendingUpload=4535 maintPending=1 suppressed=1
[146433][W][BLE] control decrypt failed: secure decrypt replay/stale counter
[146549][I][BLE] storage snapshot sent pendingUp=0/4535 pendingEnrich=0/4538 usedPct=19
[146549][I][STORAGE] RAMSpool worker paused inflight=0 lastInflight=0
[146549][I][STORAGE] Exclusive window begin kind=enrichment reason=manual_enrich_window workerPaused=1 displaySuspended=1
[146550][I][STORAGE] prepare_assigned records=1024 freeInternal=15432 freePsram=7789284
[146551][I][STORAGE] batch_load_ids_enter freeInternal=15432 segments=81
[146551][I][STORAGE] load_ids_reserve count=1360 freeInternal=15432 largest=7156
[146552][I][STORAGE] load_ids_reserved freeInternal=15432
[146552][I][STORAGE] load_ids_scan seg=308 enrichDeltas=78 freeInternal=15432 largest=7156
[146647][I][STORAGE] load_ids_scan seg=314 enrichDeltas=66 freeInternal=15500 largest=7156
[146740][I][STORAGE] load_ids_scan seg=315 enrichDeltas=64 freeInternal=15500 largest=7156
[146834][I][STORAGE] load_ids_scan seg=316 enrichDeltas=64 freeInternal=15500 largest=7156
[146927][I][STORAGE] load_ids_scan seg=317 enrichDeltas=64 freeInternal=15500 largest=7156
[147020][I][STORAGE] load_ids_scan seg=318 enrichDeltas=64 freeInternal=15500 largest=7156
[147112][I][STORAGE] load_ids_scan seg=319 enrichDeltas=64 freeInternal=15500 largest=7156
[147203][I][STORAGE] load_ids_scan seg=320 enrichDeltas=64 freeInternal=15500 largest=7156
[147295][I][STORAGE] load_ids_scan seg=321 enrichDeltas=64 freeInternal=15500 largest=7156
[147386][I][STORAGE] load_ids_scan seg=322 enrichDeltas=64 freeInternal=15500 largest=7156
[147477][I][STORAGE] load_ids_scan seg=323 enrichDeltas=64 freeInternal=15500 largest=7156
[147567][I][STORAGE] load_ids_scan seg=324 enrichDeltas=64 freeInternal=15500 largest=7156
[147658][I][STORAGE] load_ids_scan seg=325 enrichDeltas=64 freeInternal=15500 largest=7156
[147747][I][STORAGE] load_ids_scan seg=326 enrichDeltas=64 freeInternal=15500 largest=7156
[147837][I][STORAGE] load_ids_scan seg=327 enrichDeltas=64 freeInternal=15500 largest=7156
[147926][I][STORAGE] load_ids_scan seg=335 enrichDeltas=64 freeInternal=15500 largest=7156
[148013][I][STORAGE] load_ids_scan seg=336 enrichDeltas=64 freeInternal=15500 largest=7156
[148099][I][STORAGE] load_ids_scan seg=337 enrichDeltas=64 freeInternal=15500 largest=7156
[148184][I][STORAGE] load_ids_scan seg=338 enrichDeltas=64 freeInternal=15500 largest=7156
[148267][I][STORAGE] load_ids_scan seg=339 enrichDeltas=64 freeInternal=15500 largest=7156
[148346][I][STORAGE] load_ids_scan seg=340 enrichDeltas=64 freeInternal=15500 largest=7156
[148419][I][STORAGE] load_ids_loop_done scanned=21 skipped=60 idsCollected=1360 freeInternal=15500
[148420][I][STORAGE] batch_load_ids_done count=1227 capacity=1360 freeInternal=15500
[148420][I][STORAGE] batch_pending_loop_enter segments=81 maxCount=1024 streaming=0 freeInternal=15500
[148421][I][STORAGE] batch_pending_scan seg=207 pending=10 events=10 freeInternal=15500 largest=7156 outCount=0
[148476][I][STORAGE] batch_pending_scan seg=210 pending=13 events=13 freeInternal=15500 largest=7156 outCount=0
[148531][I][STORAGE] batch_pending_scan seg=211 pending=8 events=8 freeInternal=15500 largest=7156 outCount=0
[148586][I][STORAGE] batch_pending_scan seg=214 pending=5 events=5 freeInternal=15500 largest=7156 outCount=0
[148640][I][STORAGE] batch_pending_scan seg=219 pending=51 events=51 freeInternal=15500 largest=7156 outCount=0
[148699][I][STORAGE] batch_pending_scan seg=220 pending=112 events=138 freeInternal=15500 largest=7156 outCount=0
[148771][I][STORAGE] batch_pending_scan seg=221 pending=154 events=154 freeInternal=15500 largest=7156 outCount=61
[148843][I][STORAGE] batch_pending_scan seg=222 pending=8 events=8 freeInternal=15500 largest=7156 outCount=61
[148896][I][STORAGE] batch_pending_scan seg=223 pending=9 events=9 freeInternal=15500 largest=7156 outCount=61
[148949][I][STORAGE] batch_pending_scan seg=226 pending=13 events=13 freeInternal=15500 largest=7156 outCount=61
[149002][I][STORAGE] batch_pending_scan seg=227 pending=3 events=3 freeInternal=15500 largest=7156 outCount=61
[149054][I][STORAGE] batch_pending_scan seg=228 pending=15 events=15 freeInternal=15500 largest=7156 outCount=61
[149107][I][STORAGE] batch_pending_scan seg=229 pending=11 events=11 freeInternal=15500 largest=7156 outCount=61
[149159][I][STORAGE] batch_pending_scan seg=230 pending=10 events=10 freeInternal=15500 largest=7156 outCount=61
[149211][I][STORAGE] batch_pending_scan seg=232 pending=200 events=200 freeInternal=15500 largest=7156 outCount=61
[149287][I][STORAGE] batch_pending_scan seg=233 pending=171 events=197 freeInternal=15500 largest=7156 outCount=61
[149360][I][STORAGE] batch_pending_scan seg=234 pending=148 events=194 freeInternal=15500 largest=7156 outCount=61
[149435][I][STORAGE] batch_pending_scan seg=235 pending=198 events=198 freeInternal=15500 largest=7156 outCount=209
[149509][I][STORAGE] batch_pending_scan seg=236 pending=147 events=147 freeInternal=15500 largest=7156 outCount=407
[149576][I][STORAGE] batch_pending_scan seg=238 pending=157 events=443 freeInternal=15500 largest=7156 outCount=554
[149680][I][STORAGE] batch_pending_scan seg=240 pending=397 events=397 freeInternal=15500 largest=7156 outCount=587
[149779][I][STORAGE] batch_pending_scan seg=241 pending=436 events=436 freeInternal=15500 largest=7156 outCount=587
[149889][I][STORAGE] batch_pending_scan seg=243 pending=2 events=2 freeInternal=15500 largest=7156 outCount=613
[149936][I][STORAGE] batch_pending_scan seg=244 pending=53 events=53 freeInternal=15500 largest=7156 outCount=613
[149987][I][STORAGE] batch_pending_scan seg=245 pending=436 events=436 freeInternal=15500 largest=7156 outCount=613
[150097][I][STORAGE] batch_pending_scan seg=246 pending=101 events=101 freeInternal=15500 largest=7156 outCount=639
[150183][I][STORAGE] batch_pending_scan seg=247 pending=9 events=9 freeInternal=15500 largest=7156 outCount=740
[150228][I][STORAGE] batch_pending_scan seg=253 pending=191 events=191 freeInternal=15500 largest=7156 outCount=740
[150296][I][STORAGE] batch_pending_scan seg=255 pending=3 events=3 freeInternal=15500 largest=7156 outCount=740
[150339][I][STORAGE] batch_pending_scan seg=256 pending=435 events=435 freeInternal=15500 largest=7156 outCount=740
[150445][I][STORAGE] batch_pending_scan seg=257 pending=85 events=85 freeInternal=15500 largest=7156 outCount=765
[150523][I][STORAGE] batch_pending_scan seg=258 pending=226 events=226 freeInternal=15500 largest=7156 outCount=850
[150593][I][STORAGE] batch_pending_scan seg=259 pending=38 events=47 freeInternal=15500 largest=7156 outCount=850
[150656][I][STORAGE] batch_pending_scan seg=260 pending=15 events=15 freeInternal=15500 largest=7156 outCount=888
[150706][I][STORAGE] batch_pending_scan seg=261 pending=13 events=13 freeInternal=15500 largest=7156 outCount=903
[150771][I][STORAGE] batch_pending_scan seg=264 pending=5 events=5 freeInternal=15500 largest=7156 outCount=916
[150832][I][STORAGE] batch_pending_scan seg=265 pending=6 events=6 freeInternal=15500 largest=7156 outCount=921
[150894][I][STORAGE] batch_pending_scan seg=266 pending=9 events=9 freeInternal=15500 largest=7156 outCount=927
[150956][I][STORAGE] batch_pending_scan seg=267 pending=14 events=14 freeInternal=15500 largest=7156 outCount=936
[151021][I][STORAGE] batch_pending_scan seg=268 pending=11 events=11 freeInternal=15500 largest=7156 outCount=950
[151085][I][STORAGE] batch_pending_scan seg=272 pending=13 events=13 freeInternal=15500 largest=7156 outCount=961
[151148][I][STORAGE] batch_pending_scan seg=274 pending=10 events=10 freeInternal=15500 largest=7156 outCount=974
[151210][I][STORAGE] batch_pending_scan seg=277 pending=22 events=22 freeInternal=15500 largest=7156 outCount=984
[151277][I][STORAGE] batch_pending_scan seg=279 pending=11 events=11 freeInternal=15500 largest=7156 outCount=1006
[151337][I][STORAGE] batch_pending_scan seg=291 pending=11 events=11 freeInternal=15500 largest=7156 outCount=1017
[151411][I][STORAGE] batch_pending_loop_done scanned=45 skipped=0 outCount=1024 timeHit=1 elapsedMs=2991 freeInternal=15500
[151411][I][STORAGE] prepare_batch_done ok=1 outCount=1024 freeInternal=15500
[151411][I][STORAGE] Enrichment window ready records=1024 truncated=1 ms=4861
[151855][I][STORAGE] Spool enrich preflight rotate seg=340 bytes=1217 records=64 enrich=64 expected=32
[153116][I][STORAGE] Spool rotate newSeg=341 format=bin_v2
[153117][I][STORAGE] Spool diag[rotate] validSegments=82 untrustedSegments=0 invalidSegments=0 activeSegment=341 totalRecords=5915 storedEvents=4547 pendingUpload=4535 nextEventId=27518
[153848][I][STORAGE] Spool enrich_batch applied=32 failed=0 batchFirstEventId=25511 batchLastEventId=25518 firstRecord=27518 lastRecord=27549 ms=288
[154592][I][STORAGE] Spool enrich_batch applied=32 failed=0 batchFirstEventId=25510 batchLastEventId=25448 firstRecord=27550 lastRecord=27581 ms=123
[154593][I][STORAGE] Enrichment window released reason=manual_no_data_budget
[154593][W][BLE] Manual enrichment retired 64 no-data records this pass; more remain (budget=0 timeHit=1)
[154594][I][BLE] Manual enrichment window batch count=0 active=0 noData=64 budgetExhausted=0 timeHit=1
[154594][I][STORAGE] RAMSpool worker resumed
[154594][I][STORAGE] Exclusive window end kind=enrichment result=manual_no_data_budget reason=manual_enrich_window
[154596][I][HEAP] heap free=7642KB min=7544KB largest=7552KB frag=1% internalFree=15KB internalLargest=7KB psramFree=7627KB core=98/50% owner=BLE_GPS nets=6 pendingUpload=4535 pendingEnrich=4538
[HEALTH] time=2026-08-07 14:09:41 src=ntp
[HEALTH] heap used=782/8424KB free=7642KB min=7544KB largest=7552KB frag=1%
[HEALTH] internal used=217/232KB free=15KB min=0KB largest=7KB
[HEALTH] psram used=565/8192KB free=7627KB largest=7552KB
[HEALTH] stack free_min: core0=13KB/22KB core1=13KB/18KB
[HEALTH] core usage: core0=98% core1=50%
[HEALTH] power=usb state=usb batt=100% 4736mV trend=31mV/min runtime=0min cap=1100mAh charging=1
[HEALTH] radio=BLE_GPS wifi=0 ble=1 gps=0 nets=6 pendingUpload=4535 pendingEnrich=4538
[HEALTH] subghz=NONE mode=OFF pkts=0 nodes=0
[154599][I][STORAGE] RAMSpool enq=3 cons=3 inflight=0/1024 high=3 pressure=0 drop[full=0 big=0 noise=0 p3Evict=0 p3Drop=0 p2Drop=0 p1Fail=0] free=1024
[154599][I][STORAGE] RAMSpool enqueue probe[ok=2 drop=0] device[ok=1 drop=0]
[154599][I][STORAGE] RAMSpool worker probe[ok=2 sup=0 drop=0 fail=0 slow=0] device[ok=1 sup=0 drop=0 fail=0 slow=0] slowTotal=0 maxMs=0
[154600][I][STORAGE] RAMSpool prioEnq p0=0 p1=0 p2=3 p3=0
[154600][I][STORAGE] RAMSpool lanes p1=0/0 p2=0/2 p3=0/0
[154613][W][BLE] gps decrypt failed: secure decrypt replay/stale counter
[154613][W][BLE] control decrypt failed: secure decrypt replay/stale counter
[154614][I][STORAGE] RAMSpool worker paused inflight=0 lastInflight=0
[154615][I][STORAGE] Exclusive window begin kind=enrichment reason=manual_enrich_window workerPaused=1 displaySuspended=1
[154616][I][STORAGE] prepare_assigned records=1024 freeInternal=15324 freePsram=7789284
[154616][I][STORAGE] batch_load_ids_enter freeInternal=15324 segments=82
[154617][I][STORAGE] load_ids_reserve count=1424 freeInternal=15324 largest=7156
[154617][I][STORAGE] load_ids_reserved freeInternal=15324
[154618][I][STORAGE] load_ids_scan seg=308 enrichDeltas=78 freeInternal=15324 largest=7156
[154702][I][STORAGE] load_ids_scan seg=314 enrichDeltas=66 freeInternal=15352 largest=7156
[154784][I][STORAGE] load_ids_scan seg=315 enrichDeltas=64 freeInternal=15392 largest=7156
[154867][I][STORAGE] load_ids_scan seg=316 enrichDeltas=64 freeInternal=15392 largest=7156
[154948][I][STORAGE] load_ids_scan seg=317 enrichDeltas=64 freeInternal=15392 largest=7156
[155029][I][STORAGE] load_ids_scan seg=318 enrichDeltas=64 freeInternal=15392 largest=7156
[155109][I][STORAGE] load_ids_scan seg=319 enrichDeltas=64 freeInternal=15392 largest=7156
[155189][I][STORAGE] load_ids_scan seg=320 enrichDeltas=64 freeInternal=15392 largest=7156
[155269][I][STORAGE] load_ids_scan seg=321 enrichDeltas=64 freeInternal=15392 largest=7156
[155348][I][STORAGE] load_ids_scan seg=322 enrichDeltas=64 freeInternal=15392 largest=7156
[155427][I][STORAGE] load_ids_scan seg=323 enrichDeltas=64 freeInternal=15392 largest=7156
[155506][I][STORAGE] load_ids_scan seg=324 enrichDeltas=64 freeInternal=15392 largest=7156
[155585][I][STORAGE] load_ids_scan seg=325 enrichDeltas=64 freeInternal=15392 largest=7156
[155663][I][STORAGE] load_ids_scan seg=326 enrichDeltas=64 freeInternal=15392 largest=7156
[155741][I][STORAGE] load_ids_scan seg=327 enrichDeltas=64 freeInternal=15392 largest=7156
[155819][I][STORAGE] load_ids_scan seg=335 enrichDeltas=64 freeInternal=15392 largest=7156
[155894][I][STORAGE] load_ids_scan seg=336 enrichDeltas=64 freeInternal=15392 largest=7156
[155969][I][STORAGE] load_ids_scan seg=337 enrichDeltas=64 freeInternal=15392 largest=7156
[156042][I][STORAGE] load_ids_scan seg=338 enrichDeltas=64 freeInternal=15392 largest=7156
[156115][I][STORAGE] load_ids_scan seg=339 enrichDeltas=64 freeInternal=15392 largest=7156
[156188][I][STORAGE] load_ids_scan seg=340 enrichDeltas=64 freeInternal=15392 largest=7156
[156260][I][STORAGE] load_ids_scan seg=341 enrichDeltas=64 freeInternal=15392 largest=7156
[156332][I][STORAGE] load_ids_loop_done scanned=22 skipped=60 idsCollected=1424 freeInternal=15392
[156333][I][STORAGE] batch_load_ids_done count=1291 capacity=1424 freeInternal=15392
[156333][I][STORAGE] batch_pending_loop_enter segments=82 maxCount=1024 streaming=0 freeInternal=15392
[156334][I][STORAGE] batch_pending_scan seg=207 pending=10 events=10 freeInternal=15392 largest=7156 outCount=0
[156394][I][STORAGE] batch_pending_scan seg=210 pending=13 events=13 freeInternal=15392 largest=7156 outCount=0
[156455][I][STORAGE] batch_pending_scan seg=211 pending=8 events=8 freeInternal=15392 largest=7156 outCount=0
[156516][I][STORAGE] batch_pending_scan seg=214 pending=5 events=5 freeInternal=15392 largest=7156 outCount=0
[156575][I][STORAGE] batch_pending_scan seg=219 pending=51 events=51 freeInternal=15392 largest=7156 outCount=0
[156640][I][STORAGE] batch_pending_scan seg=220 pending=112 events=138 freeInternal=15392 largest=7156 outCount=0
[156717][I][STORAGE] batch_pending_scan seg=221 pending=154 events=154 freeInternal=15392 largest=7156 outCount=61
[156795][I][STORAGE] batch_pending_scan seg=222 pending=8 events=8 freeInternal=15392 largest=7156 outCount=61
[156853][I][STORAGE] batch_pending_scan seg=223 pending=9 events=9 freeInternal=15392 largest=7156 outCount=61
[156912][I][STORAGE] batch_pending_scan seg=226 pending=13 events=13 freeInternal=15392 largest=7156 outCount=61
[156971][I][STORAGE] batch_pending_scan seg=227 pending=3 events=3 freeInternal=15392 largest=7156 outCount=61
[157028][I][STORAGE] batch_pending_scan seg=228 pending=15 events=15 freeInternal=15392 largest=7156 outCount=61
[157086][I][STORAGE] batch_pending_scan seg=229 pending=11 events=11 freeInternal=15392 largest=7156 outCount=61
[157144][I][STORAGE] batch_pending_scan seg=230 pending=10 events=10 freeInternal=15392 largest=7156 outCount=61
[157201][I][STORAGE] batch_pending_scan seg=232 pending=200 events=200 freeInternal=15392 largest=7156 outCount=61
[157282][I][STORAGE] batch_pending_scan seg=233 pending=171 events=197 freeInternal=15392 largest=7156 outCount=61
[157356][I][STORAGE] batch_pending_scan seg=234 pending=148 events=194 freeInternal=15392 largest=7156 outCount=61
[157432][I][STORAGE] batch_pending_scan seg=235 pending=198 events=198 freeInternal=15392 largest=7156 outCount=209
[157507][I][STORAGE] batch_pending_scan seg=236 pending=147 events=147 freeInternal=15392 largest=7156 outCount=407
[157575][I][STORAGE] batch_pending_scan seg=238 pending=157 events=443 freeInternal=15392 largest=7156 outCount=554
[157682][I][STORAGE] batch_pending_scan seg=240 pending=397 events=397 freeInternal=15392 largest=7156 outCount=587
[157783][I][STORAGE] batch_pending_scan seg=241 pending=436 events=436 freeInternal=15392 largest=7156 outCount=587
[157895][I][STORAGE] batch_pending_scan seg=243 pending=2 events=2 freeInternal=15392 largest=7156 outCount=613
[157943][I][STORAGE] batch_pending_scan seg=244 pending=53 events=53 freeInternal=15392 largest=7156 outCount=613
[157996][I][STORAGE] batch_pending_scan seg=245 pending=436 events=436 freeInternal=15392 largest=7156 outCount=613
[158107][I][STORAGE] batch_pending_scan seg=246 pending=101 events=101 freeInternal=15392 largest=7156 outCount=639
[158194][I][STORAGE] batch_pending_scan seg=247 pending=9 events=9 freeInternal=15392 largest=7156 outCount=740
[158240][I][STORAGE] batch_pending_scan seg=253 pending=191 events=191 freeInternal=15392 largest=7156 outCount=740
[158310][I][STORAGE] batch_pending_scan seg=255 pending=3 events=3 freeInternal=15392 largest=7156 outCount=740
[158355][I][STORAGE] batch_pending_scan seg=256 pending=435 events=435 freeInternal=15392 largest=7156 outCount=740
[158462][I][STORAGE] batch_pending_scan seg=257 pending=85 events=85 freeInternal=15392 largest=7156 outCount=765
[158541][I][STORAGE] batch_pending_scan seg=258 pending=226 events=226 freeInternal=15392 largest=7156 outCount=850
[158613][I][STORAGE] batch_pending_scan seg=259 pending=38 events=47 freeInternal=15392 largest=7156 outCount=850
[158678][I][STORAGE] batch_pending_scan seg=260 pending=7 events=15 freeInternal=15392 largest=7156 outCount=888
[158725][I][STORAGE] batch_pending_scan seg=261 pending=9 events=13 freeInternal=15392 largest=7156 outCount=895
[158790][I][STORAGE] batch_pending_scan seg=264 pending=1 events=5 freeInternal=15392 largest=7156 outCount=904
[158851][I][STORAGE] batch_pending_scan seg=266 pending=6 events=9 freeInternal=15392 largest=7156 outCount=905
[158913][I][STORAGE] batch_pending_scan seg=267 pending=4 events=14 freeInternal=15392 largest=7156 outCount=911
[158975][I][STORAGE] batch_pending_scan seg=268 pending=2 events=11 freeInternal=15392 largest=7156 outCount=915
[159036][I][STORAGE] batch_pending_scan seg=272 pending=4 events=13 freeInternal=15392 largest=7156 outCount=917
[159097][I][STORAGE] batch_pending_scan seg=274 pending=10 events=10 freeInternal=15392 largest=7156 outCount=921
[159160][I][STORAGE] batch_pending_scan seg=277 pending=15 events=22 freeInternal=15392 largest=7156 outCount=931
[159225][I][STORAGE] batch_pending_scan seg=279 pending=7 events=11 freeInternal=15392 largest=7156 outCount=946
[159285][I][STORAGE] batch_pending_scan seg=291 pending=11 events=11 freeInternal=15392 largest=7156 outCount=953
[159360][I][STORAGE] batch_pending_scan seg=293 pending=11 events=11 freeInternal=15392 largest=7156 outCount=964
[159434][I][STORAGE] batch_pending_scan seg=296 pending=25 events=25 freeInternal=15392 largest=7156 outCount=975
[159526][I][STORAGE] batch_pending_scan seg=298 pending=10 events=10 freeInternal=15392 largest=7156 outCount=1000
[159609][I][STORAGE] batch_pending_scan seg=300 pending=9 events=9 freeInternal=15392 largest=7156 outCount=1010
[159693][I][STORAGE] batch_pending_scan seg=303 pending=11 events=11 freeInternal=15392 largest=7156 outCount=1019
[159776][I][STORAGE] batch_pending_loop_done scanned=49 skipped=1 outCount=1024 timeHit=1 elapsedMs=3443 freeInternal=15392
[159776][I][STORAGE] prepare_batch_done ok=1 outCount=1024 freeInternal=15392
[159777][W][STORAGE] Enrichment window prepare exceeded budget records=1024 ms=5161 budget=5000
[159777][I][STORAGE] Routine maintenance requests coalesced count=2 latest=dirty_summary source=enrichment_window_budget_exceeded flags=dirty_spool_index|dirty_summary|snapshot_lagged
[159777][I][STORAGE] Enrichment window ready records=1024 truncated=1 ms=5161
[160497][I][STORAGE] Spool enrich preflight rotate seg=341 bytes=1847 records=64 enrich=64 expected=32
[161930][I][STORAGE] Spool rotate newSeg=342 format=bin_v2
[161931][I][STORAGE] Spool diag[rotate] validSegments=83 untrustedSegments=0 invalidSegments=0 activeSegment=342 totalRecords=5979 storedEvents=4547 pendingUpload=4535 nextEventId=27582
[162091][I][STORAGE] Spool enrich_batch applied=32 failed=0 batchFirstEventId=25644 batchLastEventId=25580 firstRecord=27582 lastRecord=27613 ms=116
[163050][I][STORAGE] Spool enrich_batch applied=32 failed=0 batchFirstEventId=25581 batchLastEventId=25583 firstRecord=27614 lastRecord=27645 ms=120
[163050][I][STORAGE] Enrichment window released reason=manual_no_data_budget
[163051][W][BLE] Manual enrichment retired 64 no-data records this pass; more remain (budget=0 timeHit=1)
[163051][I][BLE] Manual enrichment window batch count=0 active=0 noData=64 budgetExhausted=0 timeHit=1
[163051][I][STORAGE] RAMSpool worker resumed
[163051][I][STORAGE] Exclusive window end kind=enrichment result=manual_no_data_budget reason=manual_enrich_window
[163052][I][STACK] TaskHardware watermark=13240B min=13240B
[163062][W][CORE] TaskHardware loop gap=8452ms owner=BLE_GPS pendingUpload=4535 maintPending=1 suppressed=1
[163065][W][BLE] gps decrypt failed: secure decrypt replay/stale counter
[163066][W][BLE] control decrypt failed: secure decrypt replay/stale counter
[163169][I][BLE] storage snapshot sent pendingUp=0/4535 pendingEnrich=0/4538 usedPct=19
[163169][I][STORAGE] RAMSpool worker paused inflight=0 lastInflight=0
[163169][I][STORAGE] Exclusive window begin kind=enrichment reason=manual_enrich_window workerPaused=1 displaySuspended=1
[163170][I][STORAGE] prepare_assigned records=1024 freeInternal=15216 freePsram=7789284
[163171][I][STORAGE] batch_load_ids_enter freeInternal=15216 segments=83
[163171][I][STORAGE] load_ids_reserve count=1488 freeInternal=15216 largest=7156
[163172][I][STORAGE] load_ids_reserved freeInternal=15216
[163172][I][STORAGE] load_ids_scan seg=308 enrichDeltas=78 freeInternal=15216 largest=7156
[163255][I][STORAGE] load_ids_scan seg=314 enrichDeltas=66 freeInternal=15284 largest=7156
[163337][I][STORAGE] load_ids_scan seg=315 enrichDeltas=64 freeInternal=15284 largest=7156
[163420][I][STORAGE] load_ids_scan seg=316 enrichDeltas=64 freeInternal=15284 largest=7156
[163501][I][STORAGE] load_ids_scan seg=317 enrichDeltas=64 freeInternal=15284 largest=7156
[163582][I][STORAGE] load_ids_scan seg=318 enrichDeltas=64 freeInternal=15284 largest=7156
[163662][I][STORAGE] load_ids_scan seg=319 enrichDeltas=64 freeInternal=15284 largest=7156
[163742][I][STORAGE] load_ids_scan seg=320 enrichDeltas=64 freeInternal=15284 largest=7156
[163822][I][STORAGE] load_ids_scan seg=321 enrichDeltas=64 freeInternal=15284 largest=7156
[163902][I][STORAGE] load_ids_scan seg=322 enrichDeltas=64 freeInternal=15284 largest=7156
[163981][I][STORAGE] load_ids_scan seg=323 enrichDeltas=64 freeInternal=15284 largest=7156
[164060][I][STORAGE] load_ids_scan seg=324 enrichDeltas=64 freeInternal=15284 largest=7156
[164139][I][STORAGE] load_ids_scan seg=325 enrichDeltas=64 freeInternal=15284 largest=7156
[164217][I][STORAGE] load_ids_scan seg=326 enrichDeltas=64 freeInternal=15284 largest=7156
[164295][I][STORAGE] load_ids_scan seg=327 enrichDeltas=64 freeInternal=15284 largest=7156
[164372][I][STORAGE] load_ids_scan seg=335 enrichDeltas=64 freeInternal=15284 largest=7156
[164448][I][STORAGE] load_ids_scan seg=336 enrichDeltas=64 freeInternal=15284 largest=7156
[164522][I][STORAGE] load_ids_scan seg=337 enrichDeltas=64 freeInternal=15284 largest=7156
[164596][I][STORAGE] load_ids_scan seg=338 enrichDeltas=64 freeInternal=15284 largest=7156
[164669][I][STORAGE] load_ids_scan seg=339 enrichDeltas=64 freeInternal=15284 largest=7156
[164742][I][STORAGE] load_ids_scan seg=340 enrichDeltas=64 freeInternal=15284 largest=7156
[164814][I][STORAGE] load_ids_scan seg=341 enrichDeltas=64 freeInternal=15284 largest=7156
[164886][I][STORAGE] load_ids_scan seg=342 enrichDeltas=64 freeInternal=15284 largest=7156
[164953][I][STORAGE] load_ids_loop_done scanned=23 skipped=60 idsCollected=1488 freeInternal=15284
[164954][I][STORAGE] batch_load_ids_done count=1355 capacity=1488 freeInternal=15284
[164955][I][STORAGE] batch_pending_loop_enter segments=83 maxCount=1024 streaming=0 freeInternal=15284
[164955][I][STORAGE] batch_pending_scan seg=207 pending=10 events=10 freeInternal=15284 largest=7156 outCount=0
[164994][I][STORAGE] batch_pending_scan seg=210 pending=13 events=13 freeInternal=15284 largest=7156 outCount=0
[165034][I][STORAGE] batch_pending_scan seg=211 pending=8 events=8 freeInternal=15284 largest=7156 outCount=0
[165072][I][STORAGE] batch_pending_scan seg=214 pending=5 events=5 freeInternal=15284 largest=7156 outCount=0
[165110][I][STORAGE] batch_pending_scan seg=219 pending=51 events=51 freeInternal=15284 largest=7156 outCount=0
[165154][I][STORAGE] batch_pending_scan seg=220 pending=112 events=138 freeInternal=15284 largest=7156 outCount=0
[165209][I][STORAGE] batch_pending_scan seg=221 pending=154 events=154 freeInternal=15284 largest=7156 outCount=61
[165265][I][STORAGE] batch_pending_scan seg=222 pending=8 events=8 freeInternal=15284 largest=7156 outCount=61
[165302][I][STORAGE] batch_pending_scan seg=223 pending=9 events=9 freeInternal=15284 largest=7156 outCount=61
[165339][I][STORAGE] batch_pending_scan seg=226 pending=13 events=13 freeInternal=15284 largest=7156 outCount=61
[165377][I][STORAGE] batch_pending_scan seg=227 pending=3 events=3 freeInternal=15284 largest=7156 outCount=61
[165412][I][STORAGE] batch_pending_scan seg=228 pending=15 events=15 freeInternal=15284 largest=7156 outCount=61
[165449][I][STORAGE] batch_pending_scan seg=229 pending=11 events=11 freeInternal=15284 largest=7156 outCount=61
[165485][I][STORAGE] batch_pending_scan seg=230 pending=10 events=10 freeInternal=15284 largest=7156 outCount=61
[165521][I][STORAGE] batch_pending_scan seg=232 pending=200 events=200 freeInternal=15284 largest=7156 outCount=61
[165581][I][STORAGE] batch_pending_scan seg=233 pending=171 events=197 freeInternal=15284 largest=7156 outCount=61
[165649][I][STORAGE] batch_pending_scan seg=234 pending=148 events=194 freeInternal=15284 largest=7156 outCount=61
[165719][I][STORAGE] batch_pending_scan seg=235 pending=198 events=198 freeInternal=15284 largest=7156 outCount=209
[165788][I][STORAGE] batch_pending_scan seg=236 pending=147 events=147 freeInternal=15284 largest=7156 outCount=407
[165850][I][STORAGE] batch_pending_scan seg=238 pending=157 events=443 freeInternal=15284 largest=7156 outCount=554
[165951][I][STORAGE] batch_pending_scan seg=240 pending=397 events=397 freeInternal=15284 largest=7156 outCount=587
[166046][I][STORAGE] batch_pending_scan seg=241 pending=436 events=436 freeInternal=15284 largest=7156 outCount=587
[166152][I][STORAGE] batch_pending_scan seg=243 pending=2 events=2 freeInternal=15284 largest=7156 outCount=613
[166194][I][STORAGE] batch_pending_scan seg=244 pending=53 events=53 freeInternal=15284 largest=7156 outCount=613
[166241][I][STORAGE] batch_pending_scan seg=245 pending=436 events=436 freeInternal=15284 largest=7156 outCount=613
[166346][I][STORAGE] batch_pending_scan seg=246 pending=101 events=101 freeInternal=15284 largest=7156 outCount=639
[166427][I][STORAGE] batch_pending_scan seg=247 pending=9 events=9 freeInternal=15284 largest=7156 outCount=740
[166468][I][STORAGE] batch_pending_scan seg=253 pending=191 events=191 freeInternal=15284 largest=7156 outCount=740
[166532][I][STORAGE] batch_pending_scan seg=255 pending=3 events=3 freeInternal=15284 largest=7156 outCount=740
[166571][I][STORAGE] batch_pending_scan seg=256 pending=435 events=435 freeInternal=15284 largest=7156 outCount=740
[166672][I][STORAGE] batch_pending_scan seg=257 pending=85 events=85 freeInternal=15284 largest=7156 outCount=765
[166745][I][STORAGE] batch_pending_scan seg=258 pending=226 events=226 freeInternal=15284 largest=7156 outCount=850
[166811][I][STORAGE] batch_pending_scan seg=259 pending=38 events=47 freeInternal=15284 largest=7156 outCount=850
[166870][I][STORAGE] batch_pending_scan seg=260 pending=4 events=15 freeInternal=15284 largest=7156 outCount=888
[166910][I][STORAGE] batch_pending_scan seg=261 pending=7 events=13 freeInternal=15284 largest=7156 outCount=892
[166969][I][STORAGE] batch_pending_scan seg=272 pending=4 events=13 freeInternal=15284 largest=7156 outCount=899
[167024][I][STORAGE] batch_pending_scan seg=274 pending=6 events=10 freeInternal=15284 largest=7156 outCount=903
[167079][I][STORAGE] batch_pending_scan seg=277 pending=10 events=22 freeInternal=15284 largest=7156 outCount=909
[167136][I][STORAGE] batch_pending_scan seg=291 pending=5 events=11 freeInternal=15284 largest=7156 outCount=919
[167202][I][STORAGE] batch_pending_scan seg=293 pending=7 events=11 freeInternal=15284 largest=7156 outCount=924
[167268][I][STORAGE] batch_pending_scan seg=296 pending=21 events=25 freeInternal=15284 largest=7156 outCount=931
[167358][I][STORAGE] batch_pending_scan seg=298 pending=6 events=10 freeInternal=15284 largest=7156 outCount=952
[167440][I][STORAGE] batch_pending_scan seg=300 pending=5 events=9 freeInternal=15284 largest=7156 outCount=958
[167522][I][STORAGE] batch_pending_scan seg=303 pending=3 events=11 freeInternal=15284 largest=7156 outCount=963
[167601][I][STORAGE] batch_pending_scan seg=304 pending=7 events=7 freeInternal=15284 largest=7156 outCount=966
[167682][I][STORAGE] batch_pending_scan seg=305 pending=9 events=9 freeInternal=15284 largest=7156 outCount=973
[167764][I][STORAGE] batch_pending_scan seg=307 pending=16 events=16 freeInternal=15284 largest=7156 outCount=982
[167850][I][STORAGE] batch_pending_scan seg=308 pending=2 events=2 freeInternal=15284 largest=7156 outCount=998
[167934][I][STORAGE] batch_pending_scan seg=315 pending=11 events=11 freeInternal=15284 largest=7156 outCount=1000
[168022][I][STORAGE] batch_pending_scan seg=329 pending=17 events=17 freeInternal=15284 largest=7156 outCount=1011
[168103][I][STORAGE] batch_pending_loop_done scanned=50 skipped=20 outCount=1024 timeHit=1 elapsedMs=3148 freeInternal=15284
[168103][I][STORAGE] prepare_batch_done ok=1 outCount=1024 freeInternal=15284
[168104][I][STORAGE] Enrichment window ready records=1024 truncated=1 ms=4933
[169704][I][STORAGE] Spool enrich preflight rotate seg=342 bytes=1910 records=64 enrich=64 expected=32
[170920][I][STORAGE] Spool rotate newSeg=343 format=bin_v2
[170921][I][STORAGE] Spool diag[rotate] validSegments=84 untrustedSegments=0 invalidSegments=0 activeSegment=343 totalRecords=6043 storedEvents=4547 pendingUpload=4535 nextEventId=27646
[171079][I][STORAGE] Spool enrich_batch applied=32 failed=0 batchFirstEventId=25655 batchLastEventId=26266 firstRecord=27646 lastRecord=27677 ms=111
[171080][I][STORAGE] Enrichment window released reason=manual_no_data_budget
[171080][W][BLE] Manual enrichment retired 32 no-data records this pass; more remain (budget=0 timeHit=1)
[171081][I][BLE] Manual enrichment window batch count=0 active=0 noData=32 budgetExhausted=0 timeHit=1
[171081][I][STORAGE] RAMSpool worker resumed
[171081][I][STORAGE] Exclusive window end kind=enrichment result=manual_no_data_budget reason=manual_enrich_window
[171094][I][BLE] worker stack free=7376B min=7376B
[171095][W][BLE] gps decrypt failed: secure decrypt replay/stale counter
[171095][W][BLE] control decrypt failed: secure decrypt replay/stale counter
[171096][I][STORAGE] RAMSpool worker paused inflight=0 lastInflight=0
[171097][I][STORAGE] Exclusive window begin kind=enrichment reason=manual_enrich_window workerPaused=1 displaySuspended=1
[171098][I][STORAGE] prepare_assigned records=1024 freeInternal=15116 freePsram=7789284
[171098][I][STORAGE] batch_load_ids_enter freeInternal=15116 segments=84
[171098][I][STORAGE] load_ids_reserve count=1520 freeInternal=15116 largest=7156
[171099][I][STORAGE] load_ids_reserved freeInternal=15116
[171099][I][STORAGE] load_ids_scan seg=308 enrichDeltas=78 freeInternal=15116 largest=7156
[171191][I][STORAGE] load_ids_scan seg=314 enrichDeltas=66 freeInternal=15144 largest=7156
[171281][I][STORAGE] load_ids_scan seg=315 enrichDeltas=64 freeInternal=15184 largest=7156
[171373][I][STORAGE] load_ids_scan seg=316 enrichDeltas=64 freeInternal=15184 largest=7156
[171462][I][STORAGE] load_ids_scan seg=317 enrichDeltas=64 freeInternal=15184 largest=7156
[171551][I][STORAGE] load_ids_scan seg=318 enrichDeltas=64 freeInternal=15184 largest=7156
[171639][I][STORAGE] load_ids_scan seg=319 enrichDeltas=64 freeInternal=15184 largest=7156
[171727][I][STORAGE] load_ids_scan seg=320 enrichDeltas=64 freeInternal=15184 largest=7156
[171816][I][STORAGE] load_ids_scan seg=321 enrichDeltas=64 freeInternal=15184 largest=7156
[171903][I][STORAGE] load_ids_scan seg=322 enrichDeltas=64 freeInternal=15184 largest=7156
[171990][I][STORAGE] load_ids_scan seg=323 enrichDeltas=64 freeInternal=15184 largest=7156
[172078][I][STORAGE] load_ids_scan seg=324 enrichDeltas=64 freeInternal=15184 largest=7156
[172165][I][STORAGE] load_ids_scan seg=325 enrichDeltas=64 freeInternal=15184 largest=7156
[172251][I][STORAGE] load_ids_scan seg=326 enrichDeltas=64 freeInternal=15184 largest=7156
[172337][I][STORAGE] load_ids_scan seg=327 enrichDeltas=64 freeInternal=15184 largest=7156
[172423][I][STORAGE] load_ids_scan seg=335 enrichDeltas=64 freeInternal=15184 largest=7156
[172507][I][STORAGE] load_ids_scan seg=336 enrichDeltas=64 freeInternal=15184 largest=7156
[172589][I][STORAGE] load_ids_scan seg=337 enrichDeltas=64 freeInternal=15184 largest=7156
[172671][I][STORAGE] load_ids_scan seg=338 enrichDeltas=64 freeInternal=15184 largest=7156
[172752][I][STORAGE] load_ids_scan seg=339 enrichDeltas=64 freeInternal=15184 largest=7156
[172833][I][STORAGE] load_ids_scan seg=340 enrichDeltas=64 freeInternal=15184 largest=7156
[172914][I][STORAGE] load_ids_scan seg=341 enrichDeltas=64 freeInternal=15184 largest=7156
[172994][I][STORAGE] load_ids_scan seg=342 enrichDeltas=64 freeInternal=15184 largest=7156
[173069][I][STORAGE] load_ids_scan seg=343 enrichDeltas=32 freeInternal=15184 largest=7156
[173136][I][STORAGE] load_ids_loop_done scanned=24 skipped=60 idsCollected=1520 freeInternal=15184
[173138][I][STORAGE] batch_load_ids_done count=1387 capacity=1520 freeInternal=15184
[173138][I][STORAGE] batch_pending_loop_enter segments=84 maxCount=1024 streaming=0 freeInternal=15184
[173138][I][STORAGE] batch_pending_scan seg=207 pending=10 events=10 freeInternal=15184 largest=7156 outCount=0
[173183][I][STORAGE] batch_pending_scan seg=210 pending=13 events=13 freeInternal=15184 largest=7156 outCount=0
[173228][I][STORAGE] batch_pending_scan seg=211 pending=8 events=8 freeInternal=15184 largest=7156 outCount=0
[173272][I][STORAGE] batch_pending_scan seg=214 pending=5 events=5 freeInternal=15184 largest=7156 outCount=0
[173315][I][STORAGE] batch_pending_scan seg=219 pending=51 events=51 freeInternal=15184 largest=7156 outCount=0
[173364][I][STORAGE] batch_pending_scan seg=220 pending=112 events=138 freeInternal=15184 largest=7156 outCount=0
[173425][I][STORAGE] batch_pending_scan seg=221 pending=154 events=154 freeInternal=15184 largest=7156 outCount=61
[173486][I][STORAGE] batch_pending_scan seg=222 pending=8 events=8 freeInternal=15184 largest=7156 outCount=61
[173528][I][STORAGE] batch_pending_scan seg=223 pending=9 events=9 freeInternal=15184 largest=7156 outCount=61
[173571][I][STORAGE] batch_pending_scan seg=226 pending=13 events=13 freeInternal=15184 largest=7156 outCount=61
[173614][I][STORAGE] batch_pending_scan seg=227 pending=3 events=3 freeInternal=15184 largest=7156 outCount=61
[173655][I][STORAGE] batch_pending_scan seg=228 pending=15 events=15 freeInternal=15184 largest=7156 outCount=61
[173697][I][STORAGE] batch_pending_scan seg=229 pending=11 events=11 freeInternal=15184 largest=7156 outCount=61
[173739][I][STORAGE] batch_pending_scan seg=230 pending=10 events=10 freeInternal=15184 largest=7156 outCount=61
[173779][I][STORAGE] batch_pending_scan seg=232 pending=200 events=200 freeInternal=15184 largest=7156 outCount=61
[173845][I][STORAGE] batch_pending_scan seg=233 pending=171 events=197 freeInternal=15184 largest=7156 outCount=61
[173914][I][STORAGE] batch_pending_scan seg=234 pending=148 events=194 freeInternal=15184 largest=7156 outCount=61
[173985][I][STORAGE] batch_pending_scan seg=235 pending=198 events=198 freeInternal=15184 largest=7156 outCount=209
[174055][I][STORAGE] batch_pending_scan seg=236 pending=147 events=147 freeInternal=15184 largest=7156 outCount=407
[174119][I][STORAGE] batch_pending_scan seg=238 pending=157 events=443 freeInternal=15184 largest=7156 outCount=554
[174220][I][STORAGE] batch_pending_scan seg=240 pending=397 events=397 freeInternal=15184 largest=7156 outCount=587
[174316][I][STORAGE] batch_pending_scan seg=241 pending=436 events=436 freeInternal=15184 largest=7156 outCount=587
[174423][I][STORAGE] batch_pending_scan seg=243 pending=2 events=2 freeInternal=15184 largest=7156 outCount=613
[174466][I][STORAGE] batch_pending_scan seg=244 pending=53 events=53 freeInternal=15184 largest=7156 outCount=613
[174515][I][STORAGE] batch_pending_scan seg=245 pending=436 events=436 freeInternal=15184 largest=7156 outCount=613
[174620][I][STORAGE] batch_pending_scan seg=246 pending=101 events=101 freeInternal=15184 largest=7156 outCount=639
[174702][I][STORAGE] batch_pending_scan seg=247 pending=9 events=9 freeInternal=15184 largest=7156 outCount=740
[174744][I][STORAGE] batch_pending_scan seg=253 pending=191 events=191 freeInternal=15184 largest=7156 outCount=740
[174809][I][STORAGE] batch_pending_scan seg=255 pending=3 events=3 freeInternal=15184 largest=7156 outCount=740
[174849][I][STORAGE] batch_pending_scan seg=256 pending=435 events=435 freeInternal=15184 largest=7156 outCount=740
[174952][I][STORAGE] batch_pending_scan seg=257 pending=85 events=85 freeInternal=15184 largest=7156 outCount=765
[175027][I][STORAGE] batch_pending_scan seg=258 pending=226 events=226 freeInternal=15184 largest=7156 outCount=850
[175093][I][STORAGE] batch_pending_scan seg=259 pending=38 events=47 freeInternal=15184 largest=7156 outCount=850
[175153][I][STORAGE] batch_pending_scan seg=260 pending=4 events=15 freeInternal=15184 largest=7156 outCount=888
[175195][I][STORAGE] batch_pending_scan seg=261 pending=7 events=13 freeInternal=15184 largest=7156 outCount=892
[175254][I][STORAGE] batch_pending_scan seg=272 pending=4 events=13 freeInternal=15184 largest=7156 outCount=899
[175311][I][STORAGE] batch_pending_scan seg=274 pending=6 events=10 freeInternal=15184 largest=7156 outCount=903
[175367][I][STORAGE] batch_pending_scan seg=277 pending=10 events=22 freeInternal=15184 largest=7156 outCount=909
[175426][I][STORAGE] batch_pending_scan seg=291 pending=5 events=11 freeInternal=15184 largest=7156 outCount=919
[175493][I][STORAGE] batch_pending_scan seg=293 pending=7 events=11 freeInternal=15184 largest=7156 outCount=924
[175561][I][STORAGE] batch_pending_scan seg=296 pending=21 events=25 freeInternal=15184 largest=7156 outCount=931
[175659][I][STORAGE] batch_pending_scan seg=298 pending=6 events=10 freeInternal=15184 largest=7156 outCount=952
[175749][I][STORAGE] batch_pending_scan seg=300 pending=5 events=9 freeInternal=15184 largest=7156 outCount=958
[175838][I][STORAGE] batch_pending_scan seg=303 pending=3 events=11 freeInternal=15184 largest=7156 outCount=963
[175926][I][STORAGE] batch_pending_scan seg=304 pending=2 events=7 freeInternal=15184 largest=7156 outCount=966
[176013][I][STORAGE] batch_pending_scan seg=307 pending=9 events=16 freeInternal=15184 largest=7156 outCount=968
[176103][I][STORAGE] batch_pending_scan seg=315 pending=4 events=11 freeInternal=15184 largest=7156 outCount=977
[176196][I][STORAGE] batch_pending_scan seg=329 pending=15 events=17 freeInternal=15184 largest=7156 outCount=981
[176284][I][STORAGE] batch_pending_scan seg=332 pending=19 events=19 freeInternal=15184 largest=7156 outCount=996
[176374][I][STORAGE] batch_pending_scan seg=334 pending=9 events=9 freeInternal=15184 largest=7156 outCount=1015
[176457][I][STORAGE] batch_pending_loop_done scanned=50 skipped=25 outCount=1024 timeHit=1 elapsedMs=3318 freeInternal=15184
[176457][I][STORAGE] prepare_batch_done ok=1 outCount=1024 freeInternal=15184
[176457][W][STORAGE] Enrichment window prepare exceeded budget records=1024 ms=5360 budget=5000
[176458][I][STORAGE] Enrichment window ready records=1024 truncated=1 ms=5360
[178945][I][STORAGE] Spool enrich_batch applied=32 failed=0 batchFirstEventId=27123 batchLastEventId=25651 firstRecord=27678 lastRecord=27709 ms=117
[181425][I][STORAGE] Spool enrich preflight rotate seg=343 bytes=1893 records=64 enrich=64 expected=32
[183099][I][STORAGE] Spool rotate newSeg=344 format=bin_v2
[183100][I][STORAGE] Spool diag[rotate] validSegments=85 untrustedSegments=0 invalidSegments=0 activeSegment=344 totalRecords=6107 storedEvents=4547 pendingUpload=4535 nextEventId=27710
[183266][I][STORAGE] Spool enrich_batch applied=32 failed=0 batchFirstEventId=25652 batchLastEventId=25543 firstRecord=27710 lastRecord=27741 ms=118
[183267][I][STORAGE] Enrichment window released reason=manual_no_data_budget
[183267][W][BLE] Manual enrichment retired 64 no-data records this pass; more remain (budget=0 timeHit=1)
[183268][I][BLE] Manual enrichment window batch count=0 active=0 noData=64 budgetExhausted=0 timeHit=1
[183268][I][STORAGE] RAMSpool worker resumed
[183268][I][STORAGE] Exclusive window end kind=enrichment result=manual_no_data_budget reason=manual_enrich_window
[183278][W][CORE] TaskHardware loop gap=12187ms owner=BLE_GPS pendingUpload=4535 maintPending=1 suppressed=1
[183282][W][BLE] gps decrypt failed: secure decrypt replay/stale counter
[183282][W][BLE] control decrypt failed: secure decrypt replay/stale counter
[183389][I][BLE] storage snapshot sent pendingUp=0/4535 pendingEnrich=0/4538 usedPct=19
[183389][I][STORAGE] RAMSpool worker paused inflight=0 lastInflight=0
[183389][I][STORAGE] Exclusive window begin kind=enrichment reason=manual_enrich_window workerPaused=1 displaySuspended=1
[183391][I][STORAGE] prepare_assigned records=1024 freeInternal=15008 freePsram=7789284
[183391][I][STORAGE] batch_load_ids_enter freeInternal=15008 segments=85
[183391][I][STORAGE] load_ids_reserve count=1584 freeInternal=15008 largest=7156
[183392][I][STORAGE] load_ids_reserved freeInternal=15008
[183392][I][STORAGE] load_ids_scan seg=308 enrichDeltas=78 freeInternal=15008 largest=7156
[183476][I][STORAGE] load_ids_scan seg=314 enrichDeltas=66 freeInternal=15076 largest=7156
[183558][I][STORAGE] load_ids_scan seg=315 enrichDeltas=64 freeInternal=15076 largest=7156
[183642][I][STORAGE] load_ids_scan seg=316 enrichDeltas=64 freeInternal=15076 largest=7156
[183724][I][STORAGE] load_ids_scan seg=317 enrichDeltas=64 freeInternal=15076 largest=7156
[183805][I][STORAGE] load_ids_scan seg=318 enrichDeltas=64 freeInternal=15076 largest=7156
[183887][I][STORAGE] load_ids_scan seg=319 enrichDeltas=64 freeInternal=15076 largest=7156
[183967][I][STORAGE] load_ids_scan seg=320 enrichDeltas=64 freeInternal=15076 largest=7156
[184048][I][STORAGE] load_ids_scan seg=321 enrichDeltas=64 freeInternal=15076 largest=7156
[184128][I][STORAGE] load_ids_scan seg=322 enrichDeltas=64 freeInternal=15076 largest=7156
[184208][I][STORAGE] load_ids_scan seg=323 enrichDeltas=64 freeInternal=15076 largest=7156
[184288][I][STORAGE] load_ids_scan seg=324 enrichDeltas=64 freeInternal=15076 largest=7156
[184368][I][STORAGE] load_ids_scan seg=325 enrichDeltas=64 freeInternal=15076 largest=7156
[184447][I][STORAGE] load_ids_scan seg=326 enrichDeltas=64 freeInternal=15076 largest=7156
[184525][I][STORAGE] load_ids_scan seg=327 enrichDeltas=64 freeInternal=15076 largest=7156
[184603][I][STORAGE] load_ids_scan seg=335 enrichDeltas=64 freeInternal=15076 largest=7156
[184680][I][STORAGE] load_ids_scan seg=336 enrichDeltas=64 freeInternal=15076 largest=7156
[184755][I][STORAGE] load_ids_scan seg=337 enrichDeltas=64 freeInternal=15076 largest=7156
[184829][I][STORAGE] load_ids_scan seg=338 enrichDeltas=64 freeInternal=15076 largest=7156
[184903][I][STORAGE] load_ids_scan seg=339 enrichDeltas=64 freeInternal=15076 largest=7156
[184977][I][STORAGE] load_ids_scan seg=340 enrichDeltas=64 freeInternal=15076 largest=7156
[185050][I][STORAGE] load_ids_scan seg=341 enrichDeltas=64 freeInternal=15076 largest=7156
[185124][I][STORAGE] load_ids_scan seg=342 enrichDeltas=64 freeInternal=15076 largest=7156
[185198][I][STORAGE] load_ids_scan seg=343 enrichDeltas=64 freeInternal=15076 largest=7156
[185271][I][STORAGE] load_ids_scan seg=344 enrichDeltas=32 freeInternal=15076 largest=7156
[185340][I][STORAGE] load_ids_loop_done scanned=25 skipped=60 idsCollected=1584 freeInternal=15076
[185341][I][STORAGE] batch_load_ids_done count=1451 capacity=1584 freeInternal=15076
[185341][I][STORAGE] batch_pending_loop_enter segments=85 maxCount=1024 streaming=0 freeInternal=15076
[185342][I][STORAGE] batch_pending_scan seg=207 pending=10 events=10 freeInternal=15076 largest=7156 outCount=0
[185394][I][STORAGE] batch_pending_scan seg=210 pending=13 events=13 freeInternal=15076 largest=7156 outCount=0
[185446][I][STORAGE] batch_pending_scan seg=211 pending=8 events=8 freeInternal=15076 largest=7156 outCount=0
[185498][I][STORAGE] batch_pending_scan seg=214 pending=5 events=5 freeInternal=15076 largest=7156 outCount=0
[185549][I][STORAGE] batch_pending_scan seg=219 pending=51 events=51 freeInternal=15076 largest=7156 outCount=0
[185605][I][STORAGE] batch_pending_scan seg=220 pending=112 events=138 freeInternal=15076 largest=7156 outCount=0
[185673][I][STORAGE] batch_pending_scan seg=221 pending=154 events=154 freeInternal=15076 largest=7156 outCount=61
[185742][I][STORAGE] batch_pending_scan seg=222 pending=8 events=8 freeInternal=15076 largest=7156 outCount=61
[185792][I][STORAGE] batch_pending_scan seg=223 pending=9 events=9 freeInternal=15076 largest=7156 outCount=61
[185842][I][STORAGE] batch_pending_scan seg=226 pending=13 events=13 freeInternal=15076 largest=7156 outCount=61
[185892][I][STORAGE] batch_pending_scan seg=227 pending=3 events=3 freeInternal=15076 largest=7156 outCount=61
[185941][I][STORAGE] batch_pending_scan seg=228 pending=15 events=15 freeInternal=15076 largest=7156 outCount=61
[185990][I][STORAGE] batch_pending_scan seg=229 pending=11 events=11 freeInternal=15076 largest=7156 outCount=61
[186039][I][STORAGE] batch_pending_scan seg=230 pending=10 events=10 freeInternal=15076 largest=7156 outCount=61
[186088][I][STORAGE] batch_pending_scan seg=232 pending=200 events=200 freeInternal=15076 largest=7156 outCount=61
[186160][I][STORAGE] batch_pending_scan seg=233 pending=171 events=197 freeInternal=15076 largest=7156 outCount=61
[186230][I][STORAGE] batch_pending_scan seg=234 pending=148 events=194 freeInternal=15076 largest=7156 outCount=61
[186304][I][STORAGE] batch_pending_scan seg=235 pending=198 events=198 freeInternal=15076 largest=7156 outCount=209
[186376][I][STORAGE] batch_pending_scan seg=236 pending=147 events=147 freeInternal=15076 largest=7156 outCount=407
[186441][I][STORAGE] batch_pending_scan seg=238 pending=157 events=443 freeInternal=15076 largest=7156 outCount=554
[186545][I][STORAGE] batch_pending_scan seg=240 pending=397 events=397 freeInternal=15076 largest=7156 outCount=587
[186643][I][STORAGE] batch_pending_scan seg=241 pending=436 events=436 freeInternal=15076 largest=7156 outCount=587
[186752][I][STORAGE] batch_pending_scan seg=243 pending=2 events=2 freeInternal=15076 largest=7156 outCount=613
[186797][I][STORAGE] batch_pending_scan seg=244 pending=53 events=53 freeInternal=15076 largest=7156 outCount=613
[186847][I][STORAGE] batch_pending_scan seg=245 pending=436 events=436 freeInternal=15076 largest=7156 outCount=613
[186955][I][STORAGE] batch_pending_scan seg=246 pending=101 events=101 freeInternal=15076 largest=7156 outCount=639
[187039][I][STORAGE] batch_pending_scan seg=247 pending=9 events=9 freeInternal=15076 largest=7156 outCount=740
[187083][I][STORAGE] batch_pending_scan seg=253 pending=191 events=191 freeInternal=15076 largest=7156 outCount=740
[187150][I][STORAGE] batch_pending_scan seg=255 pending=3 events=3 freeInternal=15076 largest=7156 outCount=740
[187192][I][STORAGE] batch_pending_scan seg=256 pending=435 events=435 freeInternal=15076 largest=7156 outCount=740
[187296][I][STORAGE] batch_pending_scan seg=257 pending=85 events=85 freeInternal=15076 largest=7156 outCount=765
[187373][I][STORAGE] batch_pending_scan seg=258 pending=226 events=226 freeInternal=15076 largest=7156 outCount=850
[187442][I][STORAGE] batch_pending_scan seg=259 pending=38 events=47 freeInternal=15076 largest=7156 outCount=850
[187504][I][STORAGE] batch_pending_scan seg=260 pending=2 events=15 freeInternal=15076 largest=7156 outCount=888
[187547][I][STORAGE] batch_pending_scan seg=261 pending=3 events=13 freeInternal=15076 largest=7156 outCount=890
[187606][I][STORAGE] batch_pending_scan seg=272 pending=4 events=13 freeInternal=15076 largest=7156 outCount=893
[187665][I][STORAGE] batch_pending_scan seg=277 pending=8 events=22 freeInternal=15076 largest=7156 outCount=897
[187724][I][STORAGE] batch_pending_scan seg=291 pending=2 events=11 freeInternal=15076 largest=7156 outCount=905
[187792][I][STORAGE] batch_pending_scan seg=293 pending=6 events=11 freeInternal=15076 largest=7156 outCount=907
[187861][I][STORAGE] batch_pending_scan seg=296 pending=16 events=25 freeInternal=15076 largest=7156 outCount=913
[187950][I][STORAGE] batch_pending_scan seg=298 pending=5 events=10 freeInternal=15076 largest=7156 outCount=929
[188032][I][STORAGE] batch_pending_scan seg=300 pending=2 events=9 freeInternal=15076 largest=7156 outCount=934
[188112][I][STORAGE] batch_pending_scan seg=307 pending=6 events=16 freeInternal=15076 largest=7156 outCount=936
[188194][I][STORAGE] batch_pending_scan seg=329 pending=6 events=17 freeInternal=15076 largest=7156 outCount=942
[188270][I][STORAGE] batch_pending_scan seg=332 pending=12 events=19 freeInternal=15076 largest=7156 outCount=948
[188349][I][STORAGE] batch_pending_scan seg=335 pending=3 events=3 freeInternal=15076 largest=7156 outCount=960
[188426][I][STORAGE] batch_pending_loop_done scanned=46 skipped=39 outCount=963 timeHit=0 elapsedMs=3085 freeInternal=15076
[188427][I][STORAGE] prepare_batch_done ok=1 outCount=963 freeInternal=15076
[188427][W][STORAGE] Enrichment window prepare exceeded budget records=963 ms=5037 budget=5000
[188428][I][STORAGE] Enrichment window ready records=963 truncated=0 ms=5037
[190717][I][STORAGE] Spool enrich_batch applied=32 failed=0 batchFirstEventId=27132 batchLastEventId=25532 firstRecord=27742 lastRecord=27773 ms=125
[192562][I][STORAGE] Spool enrich preflight rotate seg=344 bytes=1931 records=64 enrich=64 expected=32
[193907][I][STORAGE] Spool rotate newSeg=345 format=bin_v2
[193907][I][STORAGE] Spool diag[rotate] validSegments=86 untrustedSegments=0 invalidSegments=0 activeSegment=345 totalRecords=6171 storedEvents=4547 pendingUpload=4535 nextEventId=27774
[194075][I][STORAGE] Spool enrich_batch applied=32 failed=0 batchFirstEventId=25533 batchLastEventId=25564 firstRecord=27774 lastRecord=27805 ms=117
[194075][I][STORAGE] Enrichment window released reason=manual_no_data_budget
[194076][W][BLE] Manual enrichment retired 64 no-data records this pass; more remain (budget=0 timeHit=1)
[194076][I][BLE] Manual enrichment window batch count=0 active=0 noData=64 budgetExhausted=0 timeHit=1
[194076][I][STORAGE] RAMSpool worker resumed
[194076][I][STORAGE] Exclusive window end kind=enrichment result=manual_no_data_budget reason=manual_enrich_window
[194077][I][STACK] TaskHardware watermark=13240B min=13240B
[194079][I][HEAP] heap free=7642KB min=7539KB largest=7552KB frag=1% internalFree=15KB internalLargest=7KB psramFree=7627KB core=99/51% owner=BLE_GPS nets=6 pendingUpload=4535 pendingEnrich=4538
[HEALTH] time=2026-08-07 14:10:18 src=ntp
[HEALTH] heap used=782/8424KB free=7642KB min=7539KB largest=7552KB frag=1%
[HEALTH] internal used=217/232KB free=15KB min=0KB largest=7KB
[HEALTH] psram used=565/8192KB free=7627KB largest=7552KB
[HEALTH] stack free_min: core0=13KB/22KB core1=13KB/18KB
[HEALTH] core usage: core0=99% core1=51%
[HEALTH] power=usb state=usb batt=100% 4736mV trend=25mV/min runtime=0min cap=1100mAh charging=1
[HEALTH] radio=BLE_GPS wifi=0 ble=1 gps=0 nets=6 pendingUpload=4535 pendingEnrich=4538
[HEALTH] subghz=NONE mode=OFF pkts=0 nodes=0
[194082][I][STORAGE] RAMSpool enq=3 cons=3 inflight=0/1024 high=3 pressure=0 drop[full=0 big=0 noise=0 p3Evict=0 p3Drop=0 p2Drop=0 p1Fail=0] free=1024
[194082][I][STORAGE] RAMSpool enqueue probe[ok=2 drop=0] device[ok=1 drop=0]
[194082][I][STORAGE] RAMSpool worker probe[ok=2 sup=0 drop=0 fail=0 slow=0] device[ok=1 sup=0 drop=0 fail=0 slow=0] slowTotal=0 maxMs=0
[194083][I][STORAGE] RAMSpool prioEnq p0=0 p1=0 p2=3 p3=0
[194083][I][STORAGE] RAMSpool lanes p1=0/0 p2=0/2 p3=0/0
[194093][W][CORE] TaskHardware loop gap=10815ms owner=BLE_GPS pendingUpload=4535 maintPending=1 suppressed=0
[194096][W][BLE] gps decrypt failed: secure decrypt replay/stale counter
[194097][W][BLE] control decrypt failed: secure decrypt replay/stale counter
[194098][I][STORAGE] RAMSpool worker paused inflight=0 lastInflight=0
[194099][I][STORAGE] Exclusive window begin kind=enrichment reason=manual_enrich_window workerPaused=1 displaySuspended=1
[194100][I][STORAGE] prepare_assigned records=1024 freeInternal=14908 freePsram=7789284
[194100][I][STORAGE] batch_load_ids_enter freeInternal=14908 segments=86
[194101][I][STORAGE] load_ids_reserve count=1648 freeInternal=14908 largest=7156
[194101][I][STORAGE] load_ids_reserved freeInternal=14908
[194101][I][STORAGE] load_ids_scan seg=308 enrichDeltas=78 freeInternal=14908 largest=7156
[194195][I][STORAGE] load_ids_scan seg=314 enrichDeltas=66 freeInternal=14936 largest=7156
[194287][I][STORAGE] load_ids_scan seg=315 enrichDeltas=64 freeInternal=14976 largest=7156
[194380][I][STORAGE] load_ids_scan seg=316 enrichDeltas=64 freeInternal=14976 largest=7156
[194471][I][STORAGE] load_ids_scan seg=317 enrichDeltas=64 freeInternal=14976 largest=7156
[194562][I][STORAGE] load_ids_scan seg=318 enrichDeltas=64 freeInternal=14976 largest=7156
[194652][I][STORAGE] load_ids_scan seg=319 enrichDeltas=64 freeInternal=14976 largest=7156
[194742][I][STORAGE] load_ids_scan seg=320 enrichDeltas=64 freeInternal=14976 largest=7156
[194832][I][STORAGE] load_ids_scan seg=321 enrichDeltas=64 freeInternal=14976 largest=7156
[194922][I][STORAGE] load_ids_scan seg=322 enrichDeltas=64 freeInternal=14976 largest=7156
[195011][I][STORAGE] load_ids_scan seg=323 enrichDeltas=64 freeInternal=14976 largest=7156
[195100][I][STORAGE] load_ids_scan seg=324 enrichDeltas=64 freeInternal=14976 largest=7156
[195189][I][STORAGE] load_ids_scan seg=325 enrichDeltas=64 freeInternal=14976 largest=7156
[195277][I][STORAGE] load_ids_scan seg=326 enrichDeltas=64 freeInternal=14976 largest=7156
[195366][I][STORAGE] load_ids_scan seg=327 enrichDeltas=64 freeInternal=14976 largest=7156
[195453][I][STORAGE] load_ids_scan seg=335 enrichDeltas=64 freeInternal=14976 largest=7156
[195538][I][STORAGE] load_ids_scan seg=336 enrichDeltas=64 freeInternal=14976 largest=7156
[195623][I][STORAGE] load_ids_scan seg=337 enrichDeltas=64 freeInternal=14976 largest=7156
[195706][I][STORAGE] load_ids_scan seg=338 enrichDeltas=64 freeInternal=14976 largest=7156
[195789][I][STORAGE] load_ids_scan seg=339 enrichDeltas=64 freeInternal=14976 largest=7156
[195872][I][STORAGE] load_ids_scan seg=340 enrichDeltas=64 freeInternal=14976 largest=7156
[195955][I][STORAGE] load_ids_scan seg=341 enrichDeltas=64 freeInternal=14976 largest=7156
[196038][I][STORAGE] load_ids_scan seg=342 enrichDeltas=64 freeInternal=14976 largest=7156
[196121][I][STORAGE] load_ids_scan seg=343 enrichDeltas=64 freeInternal=14976 largest=7156
[196204][I][STORAGE] load_ids_scan seg=344 enrichDeltas=64 freeInternal=14976 largest=7156
[196283][I][STORAGE] load_ids_scan seg=345 enrichDeltas=32 freeInternal=14976 largest=7156
[196356][I][STORAGE] load_ids_loop_done scanned=26 skipped=60 idsCollected=1648 freeInternal=14976
[196357][I][STORAGE] batch_load_ids_done count=1515 capacity=1648 freeInternal=14976
[196357][I][STORAGE] batch_pending_loop_enter segments=86 maxCount=1024 streaming=0 freeInternal=14976
[196358][I][STORAGE] batch_pending_scan seg=207 pending=10 events=10 freeInternal=14976 largest=7156 outCount=0
[196415][I][STORAGE] batch_pending_scan seg=210 pending=13 events=13 freeInternal=14976 largest=7156 outCount=0
[196473][I][STORAGE] batch_pending_scan seg=211 pending=8 events=8 freeInternal=14976 largest=7156 outCount=0
[196530][I][STORAGE] batch_pending_scan seg=214 pending=5 events=5 freeInternal=14976 largest=7156 outCount=0
[196586][I][STORAGE] batch_pending_scan seg=219 pending=51 events=51 freeInternal=14976 largest=7156 outCount=0
[196648][I][STORAGE] batch_pending_scan seg=220 pending=112 events=138 freeInternal=14976 largest=7156 outCount=0
[196722][I][STORAGE] batch_pending_scan seg=221 pending=154 events=154 freeInternal=14976 largest=7156 outCount=61
[196796][I][STORAGE] batch_pending_scan seg=222 pending=8 events=8 freeInternal=14976 largest=7156 outCount=61
[196851][I][STORAGE] batch_pending_scan seg=223 pending=9 events=9 freeInternal=14976 largest=7156 outCount=61
[196907][I][STORAGE] batch_pending_scan seg=226 pending=13 events=13 freeInternal=14976 largest=7156 outCount=61
[196962][I][STORAGE] batch_pending_scan seg=227 pending=3 events=3 freeInternal=14976 largest=7156 outCount=61
[197016][I][STORAGE] batch_pending_scan seg=228 pending=15 events=15 freeInternal=14976 largest=7156 outCount=61
[197071][I][STORAGE] batch_pending_scan seg=229 pending=11 events=11 freeInternal=14976 largest=7156 outCount=61
[197126][I][STORAGE] batch_pending_scan seg=230 pending=10 events=10 freeInternal=14976 largest=7156 outCount=61
[197179][I][STORAGE] batch_pending_scan seg=232 pending=200 events=200 freeInternal=14976 largest=7156 outCount=61
[197257][I][STORAGE] batch_pending_scan seg=233 pending=171 events=197 freeInternal=14976 largest=7156 outCount=61
[197330][I][STORAGE] batch_pending_scan seg=234 pending=148 events=194 freeInternal=14976 largest=7156 outCount=61
[197405][I][STORAGE] batch_pending_scan seg=235 pending=198 events=198 freeInternal=14976 largest=7156 outCount=209
[197479][I][STORAGE] batch_pending_scan seg=236 pending=147 events=147 freeInternal=14976 largest=7156 outCount=407
[197546][I][STORAGE] batch_pending_scan seg=238 pending=157 events=443 freeInternal=14976 largest=7156 outCount=554
[197651][I][STORAGE] batch_pending_scan seg=240 pending=397 events=397 freeInternal=14976 largest=7156 outCount=587
[197750][I][STORAGE] batch_pending_scan seg=241 pending=436 events=436 freeInternal=14976 largest=7156 outCount=587
[197860][I][STORAGE] batch_pending_scan seg=243 pending=2 events=2 freeInternal=14976 largest=7156 outCount=613
[197908][I][STORAGE] batch_pending_scan seg=244 pending=53 events=53 freeInternal=14976 largest=7156 outCount=613
[197959][I][STORAGE] batch_pending_scan seg=245 pending=436 events=436 freeInternal=14976 largest=7156 outCount=613
[198069][I][STORAGE] batch_pending_scan seg=246 pending=101 events=101 freeInternal=14976 largest=7156 outCount=639
[198155][I][STORAGE] batch_pending_scan seg=247 pending=9 events=9 freeInternal=14976 largest=7156 outCount=740
[198200][I][STORAGE] batch_pending_scan seg=253 pending=191 events=191 freeInternal=14976 largest=7156 outCount=740
[198268][I][STORAGE] batch_pending_scan seg=255 pending=3 events=3 freeInternal=14976 largest=7156 outCount=740
[198311][I][STORAGE] batch_pending_scan seg=256 pending=435 events=435 freeInternal=14976 largest=7156 outCount=740
[198418][I][STORAGE] batch_pending_scan seg=257 pending=85 events=85 freeInternal=14976 largest=7156 outCount=765
[198496][I][STORAGE] batch_pending_scan seg=258 pending=226 events=226 freeInternal=14976 largest=7156 outCount=850
[198566][I][STORAGE] batch_pending_scan seg=259 pending=38 events=47 freeInternal=14976 largest=7156 outCount=850
[198629][I][STORAGE] batch_pending_scan seg=277 pending=1 events=22 freeInternal=14976 largest=7156 outCount=888
[198687][I][STORAGE] batch_pending_scan seg=296 pending=8 events=25 freeInternal=14976 largest=7156 outCount=889
[198782][I][STORAGE] batch_pending_scan seg=329 pending=2 events=17 freeInternal=14976 largest=7156 outCount=897
[198866][I][STORAGE] batch_pending_loop_done scanned=36 skipped=50 outCount=899 timeHit=0 elapsedMs=2509 freeInternal=14976
[198866][I][STORAGE] prepare_batch_done ok=1 outCount=899 freeInternal=14976
[198867][I][STORAGE] Enrichment window ready records=899 truncated=0 ms=4767
[200587][I][STORAGE] Spool enrich_batch applied=32 failed=0 batchFirstEventId=25565 batchLastEventId=25430 firstRecord=27806 lastRecord=27837 ms=121
[200750][I][STORAGE] Spool enrich preflight rotate seg=345 bytes=1616 records=64 enrich=64 expected=32
[202131][I][STORAGE] Spool rotate newSeg=346 format=bin_v2
[202132][I][STORAGE] Spool diag[rotate] validSegments=87 untrustedSegments=0 invalidSegments=0 activeSegment=346 totalRecords=6235 storedEvents=4547 pendingUpload=4535 nextEventId=27838
[202297][I][STORAGE] Spool enrich_batch applied=32 failed=0 batchFirstEventId=25431 batchLastEventId=25307 firstRecord=27838 lastRecord=27869 ms=113
[202298][I][STORAGE] Enrichment window released reason=manual_no_data_budget
[202298][W][BLE] Manual enrichment retired 64 no-data records this pass; more remain (budget=0 timeHit=1)
[202299][I][BLE] Manual enrichment window batch count=0 active=0 noData=64 budgetExhausted=0 timeHit=1
[202299][I][STORAGE] RAMSpool worker resumed
[202299][I][STORAGE] Exclusive window end kind=enrichment result=manual_no_data_budget reason=manual_enrich_window
[202312][I][BLE] worker stack free=7376B min=7376B
[202313][W][BLE] gps decrypt failed: secure decrypt replay/stale counter
[202313][W][BLE] control decrypt failed: secure decrypt replay/stale counter
[202409][I][BLE] storage snapshot sent pendingUp=0/4535 pendingEnrich=0/4538 usedPct=19
[202409][I][STORAGE] RAMSpool worker paused inflight=0 lastInflight=0
[202409][I][STORAGE] Exclusive window begin kind=enrichment reason=manual_enrich_window workerPaused=1 displaySuspended=1
[202410][I][STORAGE] prepare_assigned records=1024 freeInternal=14808 freePsram=7789284
[202411][I][STORAGE] batch_load_ids_enter freeInternal=14808 segments=87
[202411][I][STORAGE] load_ids_reserve count=1712 freeInternal=14808 largest=7156
[202412][I][STORAGE] load_ids_reserved freeInternal=14808
[202412][I][STORAGE] load_ids_scan seg=308 enrichDeltas=78 freeInternal=14808 largest=7156
[202512][I][STORAGE] load_ids_scan seg=314 enrichDeltas=66 freeInternal=14876 largest=7156
[202611][I][STORAGE] load_ids_scan seg=315 enrichDeltas=64 freeInternal=14876 largest=7156
[202711][I][STORAGE] load_ids_scan seg=316 enrichDeltas=64 freeInternal=14876 largest=7156
[202809][I][STORAGE] load_ids_scan seg=317 enrichDeltas=64 freeInternal=14876 largest=7156
[202907][I][STORAGE] load_ids_scan seg=318 enrichDeltas=64 freeInternal=14876 largest=7156
[203004][I][STORAGE] load_ids_scan seg=319 enrichDeltas=64 freeInternal=14876 largest=7156
[203101][I][STORAGE] load_ids_scan seg=320 enrichDeltas=64 freeInternal=14876 largest=7156
[203198][I][STORAGE] load_ids_scan seg=321 enrichDeltas=64 freeInternal=14876 largest=7156
[203294][I][STORAGE] load_ids_scan seg=322 enrichDeltas=64 freeInternal=14876 largest=7156
[203390][I][STORAGE] load_ids_scan seg=323 enrichDeltas=64 freeInternal=14876 largest=7156
[203486][I][STORAGE] load_ids_scan seg=324 enrichDeltas=64 freeInternal=14876 largest=7156
[203582][I][STORAGE] load_ids_scan seg=325 enrichDeltas=64 freeInternal=14876 largest=7156
[203678][I][STORAGE] load_ids_scan seg=326 enrichDeltas=64 freeInternal=14876 largest=7156
[203773][I][STORAGE] load_ids_scan seg=327 enrichDeltas=64 freeInternal=14876 largest=7156
[203867][I][STORAGE] load_ids_scan seg=335 enrichDeltas=64 freeInternal=14876 largest=7156
[203959][I][STORAGE] load_ids_scan seg=336 enrichDeltas=64 freeInternal=14876 largest=7156
[204051][I][STORAGE] load_ids_scan seg=337 enrichDeltas=64 freeInternal=14876 largest=7156
[204141][I][STORAGE] load_ids_scan seg=338 enrichDeltas=64 freeInternal=14876 largest=7156
[204231][I][STORAGE] load_ids_scan seg=339 enrichDeltas=64 freeInternal=14876 largest=7156
[204321][I][STORAGE] load_ids_scan seg=340 enrichDeltas=64 freeInternal=14876 largest=7156
[204411][I][STORAGE] load_ids_scan seg=341 enrichDeltas=64 freeInternal=14876 largest=7156
[204501][I][STORAGE] load_ids_scan seg=342 enrichDeltas=64 freeInternal=14876 largest=7156
[204591][I][STORAGE] load_ids_scan seg=343 enrichDeltas=64 freeInternal=14876 largest=7156
[204681][I][STORAGE] load_ids_scan seg=344 enrichDeltas=64 freeInternal=14876 largest=7156
[204767][I][STORAGE] load_ids_scan seg=345 enrichDeltas=64 freeInternal=14876 largest=7156
[204849][I][STORAGE] load_ids_scan seg=346 enrichDeltas=32 freeInternal=14876 largest=7156
[204922][I][STORAGE] load_ids_loop_done scanned=27 skipped=60 idsCollected=1712 freeInternal=14876
[204924][I][STORAGE] batch_load_ids_done count=1579 capacity=1712 freeInternal=14876
[204924][I][STORAGE] batch_pending_loop_enter segments=87 maxCount=1024 streaming=0 freeInternal=14876
[204925][I][STORAGE] batch_pending_scan seg=207 pending=10 events=10 freeInternal=14876 largest=7156 outCount=0
[204987][I][STORAGE] batch_pending_scan seg=210 pending=13 events=13 freeInternal=14876 largest=7156 outCount=0
[205050][I][STORAGE] batch_pending_scan seg=211 pending=8 events=8 freeInternal=14876 largest=7156 outCount=0
[205112][I][STORAGE] batch_pending_scan seg=214 pending=5 events=5 freeInternal=14876 largest=7156 outCount=0
[205174][I][STORAGE] batch_pending_scan seg=219 pending=51 events=51 freeInternal=14876 largest=7156 outCount=0
[205240][I][STORAGE] batch_pending_scan seg=220 pending=112 events=138 freeInternal=14876 largest=7156 outCount=0
[205319][I][STORAGE] batch_pending_scan seg=221 pending=154 events=154 freeInternal=14876 largest=7156 outCount=61
[205399][I][STORAGE] batch_pending_scan seg=222 pending=8 events=8 freeInternal=14876 largest=7156 outCount=61
[205459][I][STORAGE] batch_pending_scan seg=223 pending=9 events=9 freeInternal=14876 largest=7156 outCount=61
[205520][I][STORAGE] batch_pending_scan seg=226 pending=13 events=13 freeInternal=14876 largest=7156 outCount=61
[205580][I][STORAGE] batch_pending_scan seg=227 pending=3 events=3 freeInternal=14876 largest=7156 outCount=61
[205639][I][STORAGE] batch_pending_scan seg=228 pending=15 events=15 freeInternal=14876 largest=7156 outCount=61
[205700][I][STORAGE] batch_pending_scan seg=229 pending=11 events=11 freeInternal=14876 largest=7156 outCount=61
[205759][I][STORAGE] batch_pending_scan seg=230 pending=10 events=10 freeInternal=14876 largest=7156 outCount=61
[205818][I][STORAGE] batch_pending_scan seg=232 pending=200 events=200 freeInternal=14876 largest=7156 outCount=61
[205902][I][STORAGE] batch_pending_scan seg=233 pending=171 events=197 freeInternal=14876 largest=7156 outCount=61
[205976][I][STORAGE] batch_pending_scan seg=234 pending=148 events=194 freeInternal=14876 largest=7156 outCount=61
[206052][I][STORAGE] batch_pending_scan seg=235 pending=198 events=198 freeInternal=14876 largest=7156 outCount=209
[206127][I][STORAGE] batch_pending_scan seg=236 pending=147 events=147 freeInternal=14876 largest=7156 outCount=407
[206195][I][STORAGE] batch_pending_scan seg=238 pending=132 events=443 freeInternal=14876 largest=7156 outCount=554
[206300][I][STORAGE] batch_pending_scan seg=240 pending=397 events=397 freeInternal=14876 largest=7156 outCount=562
[206400][I][STORAGE] batch_pending_scan seg=241 pending=436 events=436 freeInternal=14876 largest=7156 outCount=562
[206504][I][STORAGE] batch_pending_scan seg=243 pending=2 events=2 freeInternal=14876 largest=7156 outCount=563
[206553][I][STORAGE] batch_pending_scan seg=244 pending=53 events=53 freeInternal=14876 largest=7156 outCount=563
[206605][I][STORAGE] batch_pending_scan seg=245 pending=436 events=436 freeInternal=14876 largest=7156 outCount=563
[206708][I][STORAGE] batch_pending_scan seg=246 pending=101 events=101 freeInternal=14876 largest=7156 outCount=564
[206794][I][STORAGE] batch_pending_scan seg=247 pending=9 events=9 freeInternal=14876 largest=7156 outCount=665
[206840][I][STORAGE] batch_pending_scan seg=253 pending=191 events=191 freeInternal=14876 largest=7156 outCount=665
[206910][I][STORAGE] batch_pending_scan seg=255 pending=3 events=3 freeInternal=14876 largest=7156 outCount=665
[206955][I][STORAGE] batch_pending_scan seg=256 pending=435 events=435 freeInternal=14876 largest=7156 outCount=665
[207055][I][STORAGE] batch_pending_scan seg=257 pending=85 events=85 freeInternal=14876 largest=7156 outCount=665
[207133][I][STORAGE] batch_pending_scan seg=258 pending=226 events=226 freeInternal=14876 largest=7156 outCount=750
[207204][I][STORAGE] batch_pending_scan seg=259 pending=10 events=47 freeInternal=14876 largest=7156 outCount=750
[207257][I][STORAGE] batch_pending_loop_done scanned=33 skipped=54 outCount=760 timeHit=0 elapsedMs=2332 freeInternal=14876
[207257][I][STORAGE] prepare_batch_done ok=1 outCount=760 freeInternal=14876
[207257][I][STORAGE] Enrichment window ready records=760 truncated=0 ms=4847
[208025][I][STORAGE] Spool enrich_batch applied=32 failed=0 batchFirstEventId=25308 batchLastEventId=25338 firstRecord=27870 lastRecord=27901 ms=549
[208138][I][STORAGE] Spool enrich preflight rotate seg=346 bytes=1301 records=64 enrich=64 expected=32
[209778][I][STORAGE] Spool rotate newSeg=347 format=bin_v2
[209779][I][STORAGE] Spool diag[rotate] validSegments=88 untrustedSegments=0 invalidSegments=0 activeSegment=347 totalRecords=6299 storedEvents=4547 pendingUpload=4535 nextEventId=27902
[209937][I][STORAGE] Spool enrich_batch applied=32 failed=0 batchFirstEventId=25339 batchLastEventId=25364 firstRecord=27902 lastRecord=27933 ms=113
[209938][I][STORAGE] Enrichment window released reason=manual_no_data_budget
[209938][W][BLE] Manual enrichment retired 64 no-data records this pass; more remain (budget=0 timeHit=1)
[209939][I][BLE] Manual enrichment window batch count=0 active=0 noData=64 budgetExhausted=0 timeHit=1
[209939][I][STORAGE] RAMSpool worker resumed
[209939][I][STORAGE] Exclusive window end kind=enrichment result=manual_no_data_budget reason=manual_enrich_window
[209949][W][CORE] TaskHardware loop gap=7640ms owner=BLE_GPS pendingUpload=4535 maintPending=1 suppressed=1
[209953][W][BLE] gps decrypt failed: secure decrypt replay/stale counter
[209953][W][BLE] control decrypt failed: secure decrypt replay/stale counter
[209954][I][STORAGE] RAMSpool worker paused inflight=0 lastInflight=0
[209954][I][STORAGE] Exclusive window begin kind=enrichment reason=manual_enrich_window workerPaused=1 displaySuspended=1
[209956][I][STORAGE] prepare_assigned records=1024 freeInternal=14708 freePsram=7789284
[209956][I][STORAGE] batch_load_ids_enter freeInternal=14708 segments=88
[209956][I][STORAGE] load_ids_reserve count=1776 freeInternal=14708 largest=7156
[209957][I][STORAGE] load_ids_reserved freeInternal=14708
[209957][I][STORAGE] load_ids_scan seg=308 enrichDeltas=78 freeInternal=14708 largest=7156
[210041][I][STORAGE] load_ids_scan seg=314 enrichDeltas=66 freeInternal=14736 largest=7156
[210123][I][STORAGE] load_ids_scan seg=315 enrichDeltas=64 freeInternal=14776 largest=7156
[210207][I][STORAGE] load_ids_scan seg=316 enrichDeltas=64 freeInternal=14776 largest=7156
[210288][I][STORAGE] load_ids_scan seg=317 enrichDeltas=64 freeInternal=14776 largest=7156
[210369][I][STORAGE] load_ids_scan seg=318 enrichDeltas=64 freeInternal=14776 largest=7156
[210449][I][STORAGE] load_ids_scan seg=319 enrichDeltas=64 freeInternal=14776 largest=7156
[210529][I][STORAGE] load_ids_scan seg=320 enrichDeltas=64 freeInternal=14776 largest=7156
[210609][I][STORAGE] load_ids_scan seg=321 enrichDeltas=64 freeInternal=14776 largest=7156
[210689][I][STORAGE] load_ids_scan seg=322 enrichDeltas=64 freeInternal=14776 largest=7156
[210768][I][STORAGE] load_ids_scan seg=323 enrichDeltas=64 freeInternal=14776 largest=7156
[210848][I][STORAGE] load_ids_scan seg=324 enrichDeltas=64 freeInternal=14776 largest=7156
[210927][I][STORAGE] load_ids_scan seg=325 enrichDeltas=64 freeInternal=14776 largest=7156
[211005][I][STORAGE] load_ids_scan seg=326 enrichDeltas=64 freeInternal=14776 largest=7156
[211084][I][STORAGE] load_ids_scan seg=327 enrichDeltas=64 freeInternal=14776 largest=7156
[211161][I][STORAGE] load_ids_scan seg=335 enrichDeltas=64 freeInternal=14776 largest=7156
[211237][I][STORAGE] load_ids_scan seg=336 enrichDeltas=64 freeInternal=14776 largest=7156
[211311][I][STORAGE] load_ids_scan seg=337 enrichDeltas=64 freeInternal=14776 largest=7156
[211385][I][STORAGE] load_ids_scan seg=338 enrichDeltas=64 freeInternal=14776 largest=7156
[211458][I][STORAGE] load_ids_scan seg=339 enrichDeltas=64 freeInternal=14776 largest=7156
[211531][I][STORAGE] load_ids_scan seg=340 enrichDeltas=64 freeInternal=14776 largest=7156
[211604][I][STORAGE] load_ids_scan seg=341 enrichDeltas=64 freeInternal=14776 largest=7156
[211677][I][STORAGE] load_ids_scan seg=342 enrichDeltas=64 freeInternal=14776 largest=7156
[211750][I][STORAGE] load_ids_scan seg=343 enrichDeltas=64 freeInternal=14776 largest=7156
[211823][I][STORAGE] load_ids_scan seg=344 enrichDeltas=64 freeInternal=14776 largest=7156
[211896][I][STORAGE] load_ids_scan seg=345 enrichDeltas=64 freeInternal=14776 largest=7156
[211968][I][STORAGE] load_ids_scan seg=346 enrichDeltas=64 freeInternal=14776 largest=7156
[212039][I][STORAGE] load_ids_scan seg=347 enrichDeltas=32 freeInternal=14776 largest=7156
[212104][I][STORAGE] load_ids_loop_done scanned=28 skipped=60 idsCollected=1776 freeInternal=14776
[212106][I][STORAGE] batch_load_ids_done count=1642 capacity=1776 freeInternal=14776
[212106][I][STORAGE] batch_pending_loop_enter segments=88 maxCount=1024 streaming=0 freeInternal=14776
[212107][I][STORAGE] batch_pending_scan seg=207 pending=10 events=10 freeInternal=14776 largest=7156 outCount=0
[212148][I][STORAGE] batch_pending_scan seg=210 pending=13 events=13 freeInternal=14776 largest=7156 outCount=0
[212190][I][STORAGE] batch_pending_scan seg=211 pending=8 events=8 freeInternal=14776 largest=7156 outCount=0
[212232][I][STORAGE] batch_pending_scan seg=214 pending=5 events=5 freeInternal=14776 largest=7156 outCount=0
[212273][I][STORAGE] batch_pending_scan seg=219 pending=51 events=51 freeInternal=14776 largest=7156 outCount=0
[212319][I][STORAGE] batch_pending_scan seg=220 pending=112 events=138 freeInternal=14776 largest=7156 outCount=0
[212377][I][STORAGE] batch_pending_scan seg=221 pending=154 events=154 freeInternal=14776 largest=7156 outCount=61
[212436][I][STORAGE] batch_pending_scan seg=222 pending=8 events=8 freeInternal=14776 largest=7156 outCount=61
[212476][I][STORAGE] batch_pending_scan seg=223 pending=9 events=9 freeInternal=14776 largest=7156 outCount=61
[212516][I][STORAGE] batch_pending_scan seg=226 pending=13 events=13 freeInternal=14776 largest=7156 outCount=61
[212555][I][STORAGE] batch_pending_scan seg=227 pending=3 events=3 freeInternal=14776 largest=7156 outCount=61
[212594][I][STORAGE] batch_pending_scan seg=228 pending=15 events=15 freeInternal=14776 largest=7156 outCount=61
[212633][I][STORAGE] batch_pending_scan seg=229 pending=11 events=11 freeInternal=14776 largest=7156 outCount=61
[212672][I][STORAGE] batch_pending_scan seg=230 pending=10 events=10 freeInternal=14776 largest=7156 outCount=61
[212710][I][STORAGE] batch_pending_scan seg=232 pending=200 events=200 freeInternal=14776 largest=7156 outCount=61
[212773][I][STORAGE] batch_pending_scan seg=233 pending=171 events=197 freeInternal=14776 largest=7156 outCount=61
[212842][I][STORAGE] batch_pending_scan seg=234 pending=148 events=194 freeInternal=14776 largest=7156 outCount=61
[212913][I][STORAGE] batch_pending_scan seg=235 pending=198 events=198 freeInternal=14776 largest=7156 outCount=209
[212983][I][STORAGE] batch_pending_scan seg=236 pending=147 events=147 freeInternal=14776 largest=7156 outCount=407
[213046][I][STORAGE] batch_pending_scan seg=238 pending=123 events=443 freeInternal=14776 largest=7156 outCount=554
[213146][I][STORAGE] batch_pending_scan seg=240 pending=397 events=397 freeInternal=14776 largest=7156 outCount=554
[213242][I][STORAGE] batch_pending_scan seg=241 pending=436 events=436 freeInternal=14776 largest=7156 outCount=554
[213341][I][STORAGE] batch_pending_scan seg=243 pending=2 events=2 freeInternal=14776 largest=7156 outCount=554
[213385][I][STORAGE] batch_pending_scan seg=244 pending=53 events=53 freeInternal=14776 largest=7156 outCount=554
[213433][I][STORAGE] batch_pending_scan seg=245 pending=436 events=436 freeInternal=14776 largest=7156 outCount=554
[213531][I][STORAGE] batch_pending_scan seg=246 pending=52 events=101 freeInternal=14776 largest=7156 outCount=554
[213596][I][STORAGE] batch_pending_scan seg=247 pending=9 events=9 freeInternal=14776 largest=7156 outCount=599
[213638][I][STORAGE] batch_pending_scan seg=253 pending=191 events=191 freeInternal=14776 largest=7156 outCount=599
[213703][I][STORAGE] batch_pending_scan seg=255 pending=3 events=3 freeInternal=14776 largest=7156 outCount=599
[213743][I][STORAGE] batch_pending_scan seg=256 pending=435 events=435 freeInternal=14776 largest=7156 outCount=599
[213838][I][STORAGE] batch_pending_scan seg=257 pending=85 events=85 freeInternal=14776 largest=7156 outCount=599
[213896][I][STORAGE] batch_pending_scan seg=258 pending=226 events=226 freeInternal=14776 largest=7156 outCount=627
[213962][I][STORAGE] batch_pending_scan seg=259 pending=4 events=47 freeInternal=14776 largest=7156 outCount=627
[214008][I][STORAGE] batch_pending_loop_done scanned=33 skipped=55 outCount=631 timeHit=0 elapsedMs=1902 freeInternal=14776
[214008][I][STORAGE] prepare_batch_done ok=1 outCount=631 freeInternal=14776
[214009][I][STORAGE] Enrichment window ready records=631 truncated=0 ms=4053
[214225][I][STORAGE] Spool enrich_batch applied=32 failed=0 batchFirstEventId=25365 batchLastEventId=25396 firstRecord=27934 lastRecord=27965 ms=115
[214328][I][STORAGE] Spool enrich preflight rotate seg=347 bytes=1259 records=64 enrich=64 expected=32
[215622][I][STORAGE] Spool rotate newSeg=348 format=bin_v2
[215622][I][STORAGE] Spool diag[rotate] validSegments=89 untrustedSegments=0 invalidSegments=0 activeSegment=348 totalRecords=6363 storedEvents=4547 pendingUpload=4535 nextEventId=27966
[215781][I][STORAGE] Spool enrich_batch applied=32 failed=0 batchFirstEventId=25397 batchLastEventId=25379 firstRecord=27966 lastRecord=27997 ms=110
[215782][I][STORAGE] Enrichment window released reason=manual_no_data_budget
[215783][W][BLE] Manual enrichment retired 64 no-data records this pass; more remain (budget=1 timeHit=0)
[215783][I][BLE] Manual enrichment window batch count=0 active=0 noData=64 budgetExhausted=1 timeHit=0
[215783][I][STORAGE] RAMSpool worker resumed
[215783][I][STORAGE] Exclusive window end kind=enrichment result=manual_no_data_budget reason=manual_enrich_window
[215796][W][BLE] gps decrypt failed: secure decrypt replay/stale counter
[215796][W][BLE] control decrypt failed: secure decrypt replay/stale counter
[215797][I][STORAGE] RAMSpool worker paused inflight=0 lastInflight=0
[215798][I][STORAGE] Exclusive window begin kind=enrichment reason=manual_enrich_window workerPaused=1 displaySuspended=1
[215799][I][STORAGE] prepare_assigned records=1024 freeInternal=14608 freePsram=7789284
[215799][I][STORAGE] batch_load_ids_enter freeInternal=14608 segments=89
[215800][I][STORAGE] load_ids_reserve count=1840 freeInternal=14608 largest=7156
[215800][I][STORAGE] load_ids_reserved freeInternal=14608
[215800][I][STORAGE] load_ids_scan seg=308 enrichDeltas=78 freeInternal=14608 largest=7156
[215892][I][STORAGE] load_ids_scan seg=314 enrichDeltas=66 freeInternal=14636 largest=7156
[215981][I][STORAGE] load_ids_scan seg=315 enrichDeltas=64 freeInternal=14676 largest=7156
[216072][I][STORAGE] load_ids_scan seg=316 enrichDeltas=64 freeInternal=14676 largest=7156
[216160][I][STORAGE] load_ids_scan seg=317 enrichDeltas=64 freeInternal=14676 largest=7156
[216248][I][STORAGE] load_ids_scan seg=318 enrichDeltas=64 freeInternal=14676 largest=7156
[216336][I][STORAGE] load_ids_scan seg=319 enrichDeltas=64 freeInternal=14676 largest=7156
[216424][I][STORAGE] load_ids_scan seg=320 enrichDeltas=64 freeInternal=14676 largest=7156
[216511][I][STORAGE] load_ids_scan seg=321 enrichDeltas=64 freeInternal=14676 largest=7156
[216598][I][STORAGE] load_ids_scan seg=322 enrichDeltas=64 freeInternal=14676 largest=7156
[216684][I][STORAGE] load_ids_scan seg=323 enrichDeltas=64 freeInternal=14676 largest=7156
[216770][I][STORAGE] load_ids_scan seg=324 enrichDeltas=64 freeInternal=14676 largest=7156
[216857][I][STORAGE] load_ids_scan seg=325 enrichDeltas=64 freeInternal=14676 largest=7156
[216943][I][STORAGE] load_ids_scan seg=326 enrichDeltas=64 freeInternal=14676 largest=7156
[217028][I][STORAGE] load_ids_scan seg=327 enrichDeltas=64 freeInternal=14676 largest=7156
[217113][I][STORAGE] load_ids_scan seg=335 enrichDeltas=64 freeInternal=14676 largest=7156
[217195][I][STORAGE] load_ids_scan seg=336 enrichDeltas=64 freeInternal=14676 largest=7156
[217277][I][STORAGE] load_ids_scan seg=337 enrichDeltas=64 freeInternal=14676 largest=7156
[217358][I][STORAGE] load_ids_scan seg=338 enrichDeltas=64 freeInternal=14676 largest=7156
[217439][I][STORAGE] load_ids_scan seg=339 enrichDeltas=64 freeInternal=14676 largest=7156
[217519][I][STORAGE] load_ids_scan seg=340 enrichDeltas=64 freeInternal=14676 largest=7156
[217599][I][STORAGE] load_ids_scan seg=341 enrichDeltas=64 freeInternal=14676 largest=7156
[217679][I][STORAGE] load_ids_scan seg=342 enrichDeltas=64 freeInternal=14676 largest=7156
[217760][I][STORAGE] load_ids_scan seg=343 enrichDeltas=64 freeInternal=14676 largest=7156
[217840][I][STORAGE] load_ids_scan seg=344 enrichDeltas=64 freeInternal=14676 largest=7156
[217920][I][STORAGE] load_ids_scan seg=345 enrichDeltas=64 freeInternal=14676 largest=7156
[217999][I][STORAGE] load_ids_scan seg=346 enrichDeltas=64 freeInternal=14676 largest=7156
[218077][I][STORAGE] load_ids_scan seg=347 enrichDeltas=64 freeInternal=14676 largest=7156
[218151][I][STORAGE] load_ids_scan seg=348 enrichDeltas=32 freeInternal=14676 largest=7156
[218219][I][STORAGE] load_ids_loop_done scanned=29 skipped=60 idsCollected=1840 freeInternal=14676
[218220][I][STORAGE] batch_load_ids_done count=1691 capacity=1840 freeInternal=14676
[218221][I][STORAGE] batch_pending_loop_enter segments=89 maxCount=1024 streaming=0 freeInternal=14676
[218221][I][STORAGE] batch_pending_scan seg=207 pending=10 events=10 freeInternal=14676 largest=7156 outCount=0
[218268][I][STORAGE] batch_pending_scan seg=210 pending=13 events=13 freeInternal=14676 largest=7156 outCount=0
[218316][I][STORAGE] batch_pending_scan seg=211 pending=8 events=8 freeInternal=14676 largest=7156 outCount=0
[218363][I][STORAGE] batch_pending_scan seg=214 pending=5 events=5 freeInternal=14676 largest=7156 outCount=0
[218409][I][STORAGE] batch_pending_scan seg=219 pending=51 events=51 freeInternal=14676 largest=7156 outCount=0
[218460][I][STORAGE] batch_pending_scan seg=220 pending=112 events=138 freeInternal=14676 largest=7156 outCount=0
[218524][I][STORAGE] batch_pending_scan seg=221 pending=154 events=154 freeInternal=14676 largest=7156 outCount=61
[218588][I][STORAGE] batch_pending_scan seg=222 pending=8 events=8 freeInternal=14676 largest=7156 outCount=61
[218633][I][STORAGE] batch_pending_scan seg=223 pending=9 events=9 freeInternal=14676 largest=7156 outCount=61
[218678][I][STORAGE] batch_pending_scan seg=226 pending=13 events=13 freeInternal=14676 largest=7156 outCount=61
[218724][I][STORAGE] batch_pending_scan seg=227 pending=3 events=3 freeInternal=14676 largest=7156 outCount=61
[218767][I][STORAGE] batch_pending_scan seg=228 pending=15 events=15 freeInternal=14676 largest=7156 outCount=61
[218812][I][STORAGE] batch_pending_scan seg=229 pending=11 events=11 freeInternal=14676 largest=7156 outCount=61
[218857][I][STORAGE] batch_pending_scan seg=230 pending=10 events=10 freeInternal=14676 largest=7156 outCount=61
[218901][I][STORAGE] batch_pending_scan seg=232 pending=200 events=200 freeInternal=14676 largest=7156 outCount=61
[218969][I][STORAGE] batch_pending_scan seg=233 pending=171 events=197 freeInternal=14676 largest=7156 outCount=61
[219040][I][STORAGE] batch_pending_scan seg=234 pending=148 events=194 freeInternal=14676 largest=7156 outCount=61
[219112][I][STORAGE] batch_pending_scan seg=235 pending=198 events=198 freeInternal=14676 largest=7156 outCount=209
[219183][I][STORAGE] batch_pending_scan seg=236 pending=147 events=147 freeInternal=14676 largest=7156 outCount=407
[219248][I][STORAGE] batch_pending_scan seg=238 pending=123 events=443 freeInternal=14676 largest=7156 outCount=554
[219349][I][STORAGE] batch_pending_scan seg=240 pending=397 events=397 freeInternal=14676 largest=7156 outCount=554
[219446][I][STORAGE] batch_pending_scan seg=241 pending=436 events=436 freeInternal=14676 largest=7156 outCount=554
[219546][I][STORAGE] batch_pending_scan seg=243 pending=2 events=2 freeInternal=14676 largest=7156 outCount=554
[219591][I][STORAGE] batch_pending_scan seg=244 pending=53 events=53 freeInternal=14676 largest=7156 outCount=554
[219640][I][STORAGE] batch_pending_scan seg=245 pending=436 events=436 freeInternal=14676 largest=7156 outCount=554
[219740][I][STORAGE] batch_pending_scan seg=247 pending=9 events=9 freeInternal=14676 largest=7156 outCount=554
[219783][I][STORAGE] batch_pending_scan seg=253 pending=191 events=191 freeInternal=14676 largest=7156 outCount=554
[219849][I][STORAGE] batch_pending_scan seg=255 pending=3 events=3 freeInternal=14676 largest=7156 outCount=554
[219890][I][STORAGE] batch_pending_scan seg=256 pending=435 events=435 freeInternal=14676 largest=7156 outCount=554
[219987][I][STORAGE] batch_pending_scan seg=257 pending=85 events=85 freeInternal=14676 largest=7156 outCount=554
[220038][I][STORAGE] batch_pending_scan seg=258 pending=226 events=226 freeInternal=14676 largest=7156 outCount=554
[220106][I][STORAGE] batch_pending_loop_done scanned=31 skipped=58 outCount=554 timeHit=0 elapsedMs=1885 freeInternal=14676
[220106][I][STORAGE] prepare_batch_done ok=1 outCount=554 freeInternal=14676
[220107][I][STORAGE] Enrichment window ready records=554 truncated=0 ms=4309
[220396][I][STORAGE] Spool enrich_batch applied=32 failed=0 batchFirstEventId=24380 batchLastEventId=24399 firstRecord=27998 lastRecord=28029 ms=116
[220524][I][STORAGE] Spool enrich preflight rotate seg=348 bytes=1532 records=64 enrich=64 expected=32
[221803][I][STORAGE] Spool rotate newSeg=349 format=bin_v2
[221803][I][STORAGE] Spool diag[rotate] validSegments=90 untrustedSegments=0 invalidSegments=0 activeSegment=349 totalRecords=6427 storedEvents=4547 pendingUpload=4535 nextEventId=28030
[222644][I][STORAGE] Spool enrich_batch applied=32 failed=0 batchFirstEventId=24400 batchLastEventId=24421 firstRecord=28030 lastRecord=28061 ms=339
[222645][I][STORAGE] Enrichment window released reason=manual_no_data_budget
[222645][W][BLE] Manual enrichment retired 64 no-data records this pass; more remain (budget=0 timeHit=1)
[222646][I][BLE] Manual enrichment window batch count=0 active=0 noData=64 budgetExhausted=0 timeHit=1
[222646][I][STORAGE] RAMSpool worker resumed
[222646][I][STORAGE] Exclusive window end kind=enrichment result=manual_no_data_budget reason=manual_enrich_window
[222656][W][CORE] TaskHardware loop gap=6863ms owner=BLE_GPS pendingUpload=4535 maintPending=1 suppressed=1
[222660][W][BLE] gps decrypt failed: secure decrypt replay/stale counter
[222660][W][BLE] control decrypt failed: secure decrypt replay/stale counter
[222778][I][BLE] storage snapshot sent pendingUp=0/4535 pendingEnrich=0/4538 usedPct=19
[222779][I][STORAGE] RAMSpool worker paused inflight=0 lastInflight=0
[222779][I][STORAGE] Exclusive window begin kind=enrichment reason=manual_enrich_window workerPaused=1 displaySuspended=1
[222780][I][STORAGE] prepare_assigned records=1024 freeInternal=14504 freePsram=7789284
[222781][I][STORAGE] batch_load_ids_enter freeInternal=14504 segments=90
[222781][I][STORAGE] load_ids_reserve count=1904 freeInternal=14504 largest=7156
[222782][I][STORAGE] load_ids_reserved freeInternal=14504
[222782][I][STORAGE] load_ids_scan seg=308 enrichDeltas=78 freeInternal=14504 largest=7156
[222865][I][STORAGE] load_ids_scan seg=314 enrichDeltas=66 freeInternal=14572 largest=7156
[222946][I][STORAGE] load_ids_scan seg=315 enrichDeltas=64 freeInternal=14572 largest=7156
[223028][I][STORAGE] load_ids_scan seg=316 enrichDeltas=64 freeInternal=14572 largest=7156
[223109][I][STORAGE] load_ids_scan seg=317 enrichDeltas=64 freeInternal=14572 largest=7156
[223189][I][STORAGE] load_ids_scan seg=318 enrichDeltas=64 freeInternal=14572 largest=7156
[223269][I][STORAGE] load_ids_scan seg=319 enrichDeltas=64 freeInternal=14572 largest=7156
[223348][I][STORAGE] load_ids_scan seg=320 enrichDeltas=64 freeInternal=14572 largest=7156
[223428][I][STORAGE] load_ids_scan seg=321 enrichDeltas=64 freeInternal=14572 largest=7156
[223507][I][STORAGE] load_ids_scan seg=322 enrichDeltas=64 freeInternal=14572 largest=7156
[223585][I][STORAGE] load_ids_scan seg=323 enrichDeltas=64 freeInternal=14572 largest=7156
[223664][I][STORAGE] load_ids_scan seg=324 enrichDeltas=64 freeInternal=14572 largest=7156
[223742][I][STORAGE] load_ids_scan seg=325 enrichDeltas=64 freeInternal=14572 largest=7156
[223820][I][STORAGE] load_ids_scan seg=326 enrichDeltas=64 freeInternal=14572 largest=7156
[223897][I][STORAGE] load_ids_scan seg=327 enrichDeltas=64 freeInternal=14572 largest=7156
[223974][I][STORAGE] load_ids_scan seg=335 enrichDeltas=64 freeInternal=14572 largest=7156
[224049][I][STORAGE] load_ids_scan seg=336 enrichDeltas=64 freeInternal=14572 largest=7156
[224123][I][STORAGE] load_ids_scan seg=337 enrichDeltas=64 freeInternal=14572 largest=7156
[224196][I][STORAGE] load_ids_scan seg=338 enrichDeltas=64 freeInternal=14572 largest=7156
[224268][I][STORAGE] load_ids_scan seg=339 enrichDeltas=64 freeInternal=14572 largest=7156
[224341][I][STORAGE] load_ids_scan seg=340 enrichDeltas=64 freeInternal=14572 largest=7156
[224413][I][STORAGE] load_ids_scan seg=341 enrichDeltas=64 freeInternal=14572 largest=7156
[224485][I][STORAGE] load_ids_scan seg=342 enrichDeltas=64 freeInternal=14572 largest=7156
[224558][I][STORAGE] load_ids_scan seg=343 enrichDeltas=64 freeInternal=14572 largest=7156
[224630][I][STORAGE] load_ids_scan seg=344 enrichDeltas=64 freeInternal=14572 largest=7156
[224702][I][STORAGE] load_ids_scan seg=345 enrichDeltas=64 freeInternal=14572 largest=7156
[224773][I][STORAGE] load_ids_scan seg=346 enrichDeltas=64 freeInternal=14572 largest=7156
[224843][I][STORAGE] load_ids_scan seg=347 enrichDeltas=64 freeInternal=14572 largest=7156
[224914][I][STORAGE] load_ids_scan seg=348 enrichDeltas=64 freeInternal=14572 largest=7156
[224984][I][STORAGE] load_ids_scan seg=349 enrichDeltas=32 freeInternal=14572 largest=7156
[225050][I][STORAGE] load_ids_loop_done scanned=30 skipped=60 idsCollected=1904 freeInternal=14572
[225052][I][STORAGE] batch_load_ids_done count=1755 capacity=1904 freeInternal=14572
[225052][I][STORAGE] batch_pending_loop_enter segments=90 maxCount=1024 streaming=0 freeInternal=14572
[225053][I][STORAGE] batch_pending_scan seg=207 pending=10 events=10 freeInternal=14572 largest=7156 outCount=0
[225107][I][STORAGE] batch_pending_scan seg=210 pending=13 events=13 freeInternal=14572 largest=7156 outCount=0
[225162][I][STORAGE] batch_pending_scan seg=211 pending=8 events=8 freeInternal=14572 largest=7156 outCount=0
[225217][I][STORAGE] batch_pending_scan seg=214 pending=5 events=5 freeInternal=14572 largest=7156 outCount=0
[225270][I][STORAGE] batch_pending_scan seg=219 pending=51 events=51 freeInternal=14572 largest=7156 outCount=0
[225329][I][STORAGE] batch_pending_scan seg=220 pending=90 events=138 freeInternal=14572 largest=7156 outCount=0
[225400][I][STORAGE] batch_pending_scan seg=221 pending=154 events=154 freeInternal=14572 largest=7156 outCount=39
[225472][I][STORAGE] batch_pending_scan seg=222 pending=8 events=8 freeInternal=14572 largest=7156 outCount=39
[225524][I][STORAGE] batch_pending_scan seg=223 pending=9 events=9 freeInternal=14572 largest=7156 outCount=39
[225577][I][STORAGE] batch_pending_scan seg=226 pending=13 events=13 freeInternal=14572 largest=7156 outCount=39
[225630][I][STORAGE] batch_pending_scan seg=227 pending=3 events=3 freeInternal=14572 largest=7156 outCount=39
[225681][I][STORAGE] batch_pending_scan seg=228 pending=15 events=15 freeInternal=14572 largest=7156 outCount=39
[225733][I][STORAGE] batch_pending_scan seg=229 pending=11 events=11 freeInternal=14572 largest=7156 outCount=39
[225785][I][STORAGE] batch_pending_scan seg=230 pending=10 events=10 freeInternal=14572 largest=7156 outCount=39
[225836][I][STORAGE] batch_pending_scan seg=232 pending=200 events=200 freeInternal=14572 largest=7156 outCount=39
[225912][I][STORAGE] batch_pending_scan seg=233 pending=171 events=197 freeInternal=14572 largest=7156 outCount=39
[225985][I][STORAGE] batch_pending_scan seg=234 pending=106 events=194 freeInternal=14572 largest=7156 outCount=39
[226058][I][STORAGE] batch_pending_scan seg=235 pending=198 events=198 freeInternal=14572 largest=7156 outCount=145
[226131][I][STORAGE] batch_pending_scan seg=236 pending=147 events=147 freeInternal=14572 largest=7156 outCount=343
[226198][I][STORAGE] batch_pending_scan seg=238 pending=123 events=443 freeInternal=14572 largest=7156 outCount=490
[226301][I][STORAGE] batch_pending_scan seg=240 pending=397 events=397 freeInternal=14572 largest=7156 outCount=490
[226400][I][STORAGE] batch_pending_scan seg=241 pending=436 events=436 freeInternal=14572 largest=7156 outCount=490
[226502][I][STORAGE] batch_pending_scan seg=243 pending=2 events=2 freeInternal=14572 largest=7156 outCount=490
[226549][I][STORAGE] batch_pending_scan seg=244 pending=53 events=53 freeInternal=14572 largest=7156 outCount=490
[226600][I][STORAGE] batch_pending_scan seg=245 pending=436 events=436 freeInternal=14572 largest=7156 outCount=490
[226702][I][STORAGE] batch_pending_scan seg=247 pending=9 events=9 freeInternal=14572 largest=7156 outCount=490
[226747][I][STORAGE] batch_pending_scan seg=253 pending=191 events=191 freeInternal=14572 largest=7156 outCount=490
[226815][I][STORAGE] batch_pending_scan seg=255 pending=3 events=3 freeInternal=14572 largest=7156 outCount=490
[226858][I][STORAGE] batch_pending_scan seg=256 pending=435 events=435 freeInternal=14572 largest=7156 outCount=490
[226957][I][STORAGE] batch_pending_scan seg=257 pending=85 events=85 freeInternal=14572 largest=7156 outCount=490
[227010][I][STORAGE] batch_pending_scan seg=258 pending=226 events=226 freeInternal=14572 largest=7156 outCount=490
[227080][I][STORAGE] batch_pending_loop_done scanned=31 skipped=59 outCount=490 timeHit=0 elapsedMs=2028 freeInternal=14572
[227080][I][STORAGE] prepare_batch_done ok=1 outCount=490 freeInternal=14572
[227081][I][STORAGE] Enrichment window ready records=490 truncated=0 ms=4301
[227384][I][STORAGE] Spool enrich_batch applied=32 failed=0 batchFirstEventId=24422 batchLastEventId=24441 firstRecord=28062 lastRecord=28093 ms=117
[227528][I][STORAGE] Spool enrich preflight rotate seg=349 bytes=1595 records=64 enrich=64 expected=32
=== serial read failed 2026-08-07T14:11:31.0092663-05:00: Exception calling "ReadExisting" with "0" argument(s): "The port is closed." ===
