=== session opened 2026-08-07T13:36:47.6386719-05:00 ===
[18764][I][STORAGE] Maintenance done reason=radio_owner_window actions=dirty_spool_index|boot_safe_deferred_persist|snapshot_lagged|upload_enrich_cursor_dirty|segment_audit skipped=segment_audit remaining=snapsh
[18765][I][STORAGE] RAMSpool worker resumed
[18765][I][STORAGE] Exclusive window end kind=maintenance result=capture_safe reason=radio_owner_window
[18765][I][STORAGE] maintenance owner window ms=3042 captureSafe=1 remaining=snapshot_lagged|segment_audit
[18924][I][WIFI] Radio suspended
[18928][I][STORAGE] RAMSpool worker paused inflight=0 lastInflight=0
[18928][I][STORAGE] Exclusive window begin kind=maintenance reason=radio_owner_window workerPaused=1 displaySuspended=1
[18928][I][STORAGE] Maintenance start reason=radio_owner_window budgetMs=5000 flags=snapshot_lagged|segment_audit captureSafe=1
=== send: companion status ===
[20452][I][STORAGE] Spool repair checkpoint seg=245 off=98519 records=436 events=436 enrich=0
=== send: companion enrich ===
[22413][I][STORAGE] Maintenance done reason=radio_owner_window actions=dirty_spool_index|boot_safe_deferred_persist|snapshot_lagged|upload_enrich_cursor_dirty|segment_audit skipped=segment_audit remaining=snapsh
[22414][I][STORAGE] RAMSpool worker resumed
[22414][I][STORAGE] Exclusive window end kind=maintenance result=capture_safe reason=radio_owner_window
[22415][I][STORAGE] maintenance owner window ms=3488 captureSafe=1 remaining=snapshot_lagged|segment_audit
[22574][I][WIFI] Radio suspended
[22574][W][CORE] TaskHardware loop gap=3650ms owner=STORAGE_MAINT pendingUpload=4504 maintPending=1 suppressed=2
companion status
[COMP] enabled=0
[COMP] external accessory=0 bleProxy=0 phoneConnected=0 phone=unknown rssi=0 ageMs=0
[COMP] wio link=n/a sx1262=0 textInput=0
[COMP] phone=UNKNOWN work=IDLE
[COMP] bleBegun=0 bleRadio=0 bleState=IDLE
[COMP] ready link=0 gps=0 freshGps=0 ctrl=0 enrich=0
[COMP] bleInitAgeMs=0 scanStartAgeMs=0 disconnReason=0
[COMP] pendingEnrichMission=0 pendingEnrichNoise=0 pendingEnrichTotal=0
[COMP] lastProbeAgeMs=0 lastEnrichAgeMs=0
[COMP] radioOwner=none
companion enrich
[COMP] manual enrich queued
[22581][I][STORAGE] RAMSpool worker paused inflight=0 lastInflight=0
[22582][I][STORAGE] Exclusive window begin kind=maintenance reason=radio_owner_window workerPaused=1 displaySuspended=1
[22582][I][STORAGE] Maintenance start reason=radio_owner_window budgetMs=5000 flags=snapshot_lagged|segment_audit captureSafe=1
[23534][I][STORAGE] Spool repair checkpoint seg=256 off=98557 records=435 events=435 enrich=0
[24546][I][STORAGE] Spool repair checkpoint seg=259 off=11305 records=51 events=43 enrich=0
[25644][I][STORAGE] Maintenance done reason=radio_owner_window actions=dirty_spool_index|boot_safe_deferred_persist|snapshot_lagged|upload_enrich_cursor_dirty|segment_audit skipped=segment_audit remaining=snapsh
[25645][I][STORAGE] RAMSpool worker resumed
[25645][I][STORAGE] Exclusive window end kind=maintenance result=capture_safe reason=radio_owner_window
[25646][I][STORAGE] maintenance owner window ms=3065 captureSafe=1 remaining=snapshot_lagged|segment_audit
[25805][I][WIFI] Radio suspended
[25809][I][STORAGE] RAMSpool worker paused inflight=0 lastInflight=0
[25809][I][STORAGE] Exclusive window begin kind=maintenance reason=radio_owner_window workerPaused=1 displaySuspended=1
[25809][I][STORAGE] Maintenance start reason=radio_owner_window budgetMs=5000 flags=snapshot_lagged|segment_audit captureSafe=1
[29219][I][STORAGE] Maintenance done reason=radio_owner_window actions=dirty_spool_index|boot_safe_deferred_persist|snapshot_lagged|upload_enrich_cursor_dirty|segment_audit skipped=segment_audit remaining=snapsh
[29219][I][STORAGE] RAMSpool worker resumed
[29220][I][STORAGE] Exclusive window end kind=maintenance result=capture_safe reason=radio_owner_window
[29220][I][STORAGE] maintenance owner window ms=3412 captureSafe=1 remaining=snapshot_lagged|segment_audit
[29380][I][WIFI] Radio suspended
[29384][I][STORAGE] RAMSpool worker paused inflight=0 lastInflight=0
[29384][I][STORAGE] Exclusive window begin kind=maintenance reason=radio_owner_window workerPaused=1 displaySuspended=1
[29384][I][STORAGE] Maintenance start reason=radio_owner_window budgetMs=5000 flags=snapshot_lagged|segment_audit captureSafe=1
[32412][I][STORAGE] Maintenance done reason=radio_owner_window actions=dirty_spool_index|boot_safe_deferred_persist|snapshot_lagged|upload_enrich_cursor_dirty|segment_audit skipped=segment_audit remaining=snapsh
[32412][I][STORAGE] RAMSpool worker resumed
[32413][I][STORAGE] Exclusive window end kind=maintenance result=capture_safe reason=radio_owner_window
[32414][I][STORAGE] maintenance owner window ms=3030 captureSafe=1 remaining=snapshot_lagged|segment_audit
[32573][I][WIFI] Radio suspended
[32577][I][STORAGE] RAMSpool worker paused inflight=0 lastInflight=0
[32577][I][STORAGE] Exclusive window begin kind=maintenance reason=radio_owner_window workerPaused=1 displaySuspended=1
[32577][I][STORAGE] Maintenance start reason=radio_owner_window budgetMs=5000 flags=snapshot_lagged|segment_audit captureSafe=1
[34101][I][STORAGE] Spool repair checkpoint seg=308 off=649 records=3 events=2 enrich=1
[35348][W][STORAGE] Spool repair slow reason=maintenance_repair segs=55 recs=1642 ms=26084
[35348][I][STORAGE] Spool audit[maintenance_repair] scannedSegs=55 scannedRecords=1642 validEvents=1499 uploadedRetained=0 validEnrichDeltas=143 invalidRecords=0 skippedRecords=0 quarantined=0 unreadable=0 pendi
[36476][W][STORAGE] Counter trust=trusted reason=worker_metadata_flush since=36476
[36476][W][STORAGE] worker metadata flush reason=radio_owner_window ms=805 ok=1 dirty=0
[36477][I][STORAGE] worker metadata flush metadataFlushCount=14 reason=radio_owner_window entryMetadataDirtyPending=1 entryUiRefreshPending=0 metadataDirtyPending=0 uiDeferred=0 uiFlush=1 uiRefreshServiceCount=1
[37252][I][STORAGE] Maintenance continuity log wrote clean=1 reason=radio_owner_window completed=dirty_spool_index|boot_safe_deferred_persist|snapshot_lagged|upload_enrich_cursor_dirty|segment_audit remaining=no
[37253][I][STORAGE] Maintenance done reason=radio_owner_window actions=dirty_spool_index|boot_safe_deferred_persist|snapshot_lagged|upload_enrich_cursor_dirty|segment_audit|continuity_pass skipped=none remaining
[37254][I][STORAGE] RAMSpool worker resumed
[37254][I][STORAGE] Exclusive window end kind=maintenance result=capture_safe reason=radio_owner_window
[37255][I][STORAGE] maintenance owner window ms=4679 captureSafe=1 remaining=none
[37509][I][WIFI] Promiscuous: YES
[37509][I][WIFI] Promiscuous mode started data=0
[37514][W][CORE] TaskHardware loop gap=4941ms owner=WIFI_CAPTURE pendingUpload=4487 maintPending=0 suppressed=3
[37518][I][COMP] Manual enrich request received; probe backoff bypassed
[37519][I][WIFI] Radio paused
[37682][I][WIFI] Radio suspended
[37682][I][BLE] BLE payload buffers in PSRAM bytes=6204
[37758][I][BLE] begin phase=nimble_pre bt=idle/0 heap=84692 largest=31732 stack=10920 devLen=14
[37758][I][BLE] begin phase=nimble_init
[37771][I][BLE] begin phase=nimble_init_ok bt=enabled/2 heap=21692 largest=11252 stack=10920
[37771][I][BLE] BLE SM disabled; app-layer P-256/AES-GCM required
[37773][I][BLE] begin phase=server_ok
[37773][I][BLE] scanner configured legacy=1 active=0 interval=30 window=30 srTimeout=200
[37773][I][BLE] begin phase=scanner_ok
[37774][I][BLE] begin phase=worker_ok
[37774][I][BLE] begin ready
[37774][I][BLE] radio enabled settle=500ms
[37774][I][BLE] companion link requested reason=manual_probe mode=fresh_scan timeout=15s settle=500ms cacheAge=0ms rssi=0
[37779][I][BLE] Phone probe lease granted reason=manual_probe cachedFirst=0 hold=60000ms
[37781][I][STACK] TaskHardware watermark=10920B min=10920B
[37783][I][HEAP] heap free=7701KB min=7701KB largest=7680KB frag=0% internalFree=20KB internalLargest=11KB psramFree=7682KB core=0/0% owner=BLE_GPS nets=0 pendingUpload=4487 pendingEnrich=4490
[HEALTH] time=2026-08-07 13:36:45 src=ntp
[HEALTH] heap used=723/8424KB free=7701KB min=7701KB largest=7680KB frag=0%
[HEALTH] internal used=212/232KB free=20KB min=19KB largest=11KB
[HEALTH] psram used=510/8192KB free=7682KB largest=7680KB
[HEALTH] stack free_min: core0=11KB/22KB core1=14KB/18KB
[HEALTH] core usage: core0=0% core1=0%
[HEALTH] power=usb state=usb batt=100% 4670mV trend=-27mV/min runtime=0min cap=1100mAh charging=0
[HEALTH] radio=BLE_GPS wifi=0 ble=0 gps=0 nets=0 pendingUpload=4487 pendingEnrich=4490
[HEALTH] subghz=NONE mode=OFF pkts=0 nodes=0
[37785][I][STORAGE] RAMSpool enq=0 cons=0 inflight=0/1024 high=0 pressure=0 drop[full=0 big=0 noise=0 p3Evict=0 p3Drop=0 p2Drop=0 p1Fail=0] free=1024
[37785][I][STORAGE] RAMSpool enqueue probe[ok=0 drop=0] device[ok=0 drop=0]
[37785][I][STORAGE] RAMSpool worker probe[ok=0 sup=0 drop=0 fail=0 slow=0] device[ok=0 sup=0 drop=0 fail=0 slow=0] slowTotal=0 maxMs=0
[37786][I][STORAGE] RAMSpool prioEnq p0=0 p1=0 p2=0 p3=0
[37786][I][STORAGE] RAMSpool lanes p1=0/0 p2=0/0 p3=0/0
[38397][I][BLE] scan start
[38398][I][BLE] scan start diag=1 deliverDuplicates=1 diagLeft=44377 state=1 window=8000ms weakRecent=0 lastRssi=0
[38402][I][BLE] adv check addr=6c:0b:5e:94:c7:92 addrType=0 targetSvc=0 matchedBy=none rssi=-80
[38403][I][BLE] adv raw name='' addr=6c:0b:5e:94:c7:92 addrType=0 rssi=-80 hasName=0 hasSvc=0 targetSvc=0 rawTargetSvc=0 svcCount=0 matchedBy=none
[38403][I][BLE] adv raw payload len=29 hex=02 01 06 19 16 F7 FD 01 93 53 B3 79 C7 2C 41 E9 95 11 7C AC 46 7C 95 2E...
[38459][I][BLE] adv check addr=30:75:52:a3:e7:a2 addrType=1 targetSvc=0 matchedBy=none rssi=-92
[38460][I][BLE] adv raw name='' addr=30:75:52:a3:e7:a2 addrType=1 rssi=-92 hasName=0 hasSvc=0 targetSvc=0 rawTargetSvc=0 svcCount=0 matchedBy=none
[38461][I][BLE] adv raw payload len=31 hex=1E FF 06 00 01 09 20 02 BD 5C A4 51 5C E9 DC E7 2C 8D 94 B1 38 33 F5 16...
[38473][I][BLE] adv check addr=2e:73:5d:7e:c3:cd addrType=1 targetSvc=0 matchedBy=none rssi=-69
[38474][I][BLE] adv raw name='' addr=2e:73:5d:7e:c3:cd addrType=1 rssi=-69 hasName=0 hasSvc=0 targetSvc=0 rawTargetSvc=0 svcCount=0 matchedBy=none
[38474][I][BLE] adv raw payload len=31 hex=1E FF 06 00 01 09 20 22 1C EE 1B F1 29 65 BB BA B9 98 3D 6C 7E 67 E0 85...
[38486][I][BLE] adv check addr=68:33:38:46:7e:42 addrType=1 targetSvc=0 matchedBy=none rssi=-67
[38487][I][BLE] adv raw name='' addr=68:33:38:46:7e:42 addrType=1 rssi=-67 hasName=0 hasSvc=1 targetSvc=0 rawTargetSvc=0 svcCount=2 matchedBy=none
[38487][I][BLE] adv raw payload len=30 hex=02 01 1A 05 03 0A 18 F3 FE 14 16 F3 FE 51 20 08 00 10 02 00 08 03 10 00...
[38487][I][BLE] adv svc=0x180a
[38507][I][BLE] adv check addr=6c:0b:5e:94:c7:92 addrType=0 targetSvc=0 matchedBy=none rssi=-79
[38508][I][BLE] adv raw name='' addr=6c:0b:5e:94:c7:92 addrType=0 rssi=-79 hasName=0 hasSvc=0 targetSvc=0 rawTargetSvc=0 svcCount=0 matchedBy=none
[38508][I][BLE] adv raw payload len=29 hex=02 01 06 19 16 F7 FD 01 93 53 B3 79 C7 2C 41 E9 95 11 7C AC 46 7C 95 2E...
[38521][I][BLE] adv check addr=66:7c:ca:6c:8a:40 addrType=1 targetSvc=1 matchedBy=service rssi=-64
[38522][I][BLE] adv raw name='' addr=66:7c:ca:6c:8a:40 addrType=1 rssi=-64 hasName=0 hasSvc=1 targetSvc=1 rawTargetSvc=1 svcCount=1 matchedBy=service
[38523][I][BLE] adv raw payload len=21 hex=02 01 02 11 07 01 00 3A 6F 2D 6B 64 9A 4D 4D 7B 6D 80 3A F0 84
[38524][I][BLE] adv svc=84f03a80-6d7b-4d4d-9a64-6b2d6f3a0001
[38525][I][BLE] target found matchedBy=service cachePeer=0 addr=66:7c:ca:6c:8a:40 name=SpectrePhone rssi=-64
[38526][I][BLE] adv check addr=66:7c:ca:6c:8a:40 addrType=1 targetSvc=1 matchedBy=service rssi=-64
[38527][I][BLE] adv raw name='' addr=66:7c:ca:6c:8a:40 addrType=1 rssi=-64 hasName=0 hasSvc=1 targetSvc=1 rawTargetSvc=1 svcCount=1 matchedBy=service
[38528][I][BLE] adv raw payload len=21 hex=02 01 02 11 07 01 00 3A 6F 2D 6B 64 9A 4D 4D 7B 6D 80 3A F0 84
[38529][I][BLE] adv svc=84f03a80-6d7b-4d4d-9a64-6b2d6f3a0001
[38530][I][BLE] target found matchedBy=service cachePeer=0 addr=66:7c:ca:6c:8a:40 name=SpectrePhone rssi=-64
[38554][I][BLE] scan stop; connect pending addr=66:7c:ca:6c:8a:40
[38855][I][BLE] connect pending settled addr=66:7c:ca:6c:8a:40
[38856][I][BLE] connect attempt addr=66:7c:ca:6c:8a:40 name=SpectrePhone
[38856][I][BLE] connect params timeoutMs=45000 scanItvl=16 scanWin=16 addrType=1
[39022][I][BLE] connect result ok=1 err=0 addr=66:7c:ca:6c:8a:40
[39022][I][BLE] BLE link connected; starting app-layer auth watchdog=50000ms
[39022][I][BLE] remote service lookup begin core=1 internalFree=20128 largest=11252
[39081][I][BLE] remote service lookup end found=1 err=0
[39081][I][BLE] remote characteristic discovery begin
[39260][I][BLE] remote characteristic discovery end count=13 err=0
[39320][I][BLE] remote descriptor discovery char=auth count=2 err=0
[39321][I][BLE] auth notify subscribe begin
[39380][I][BLE] auth notify subscribe end ok=1 err=0
[39687][I][BLE] auth challenge write bytes=163 mtu=247 attPayload=244 mode=response
[40770][I][BLE] app secure session ready alg=P-256+ECDH+AES-256-GCM
[40770][I][BLE] phone auth confirmed; caching peer addr=66:7c:ca:6c:8a:40 ttl=300000ms rssi=-64
[40820][I][BLE] remote descriptor discovery char=enrichment count=2 err=0
[41060][I][BLE] remote bound gps=1 ctrl=1 meta=1 batch=1 enrich=1 auth=1 authReq=1 storage=1 cmdReq=1 cmdResp=1 logStream=1 dashStream=1 notification=1 notify(gps=0 ctrl=0 enrich=1 auth=1 cmdReq=0) mtu=247 a
[41061][I][BLE] probe_summary seen=1 matchedBy=service rssi=-64 scanMs=2374
[41061][I][BLE] phone_session_summary auth=ok mtu=247 gps=1 ctrl=1 enrich=1 storage=1
[41120][I][BLE] storage snapshot sent pendingUp=0/4487 pendingEnrich=0/4490 usedPct=18
[41125][I][BLE] Phone probe succeeded ??? backoff reset
[41129][I][BLE] Phone probe promoted to enrichment pendingEnrich=4490 maxBatch=18
[41129][I][STORAGE] RAMSpool worker paused inflight=0 lastInflight=0
[41130][I][STORAGE] Exclusive window begin kind=enrichment reason=manual_enrich_window workerPaused=1 displaySuspended=1
[41131][I][STORAGE] prepare_assigned records=1024 freeInternal=16924 freePsram=7844912
[41131][I][STORAGE] batch_load_ids_enter freeInternal=16924 segments=56
[41132][I][STORAGE] load_ids_reserve count=144 freeInternal=16924 largest=8692
[41132][I][STORAGE] load_ids_reserved freeInternal=16924
[41132][I][STORAGE] load_ids_scan seg=308 enrichDeltas=78 freeInternal=16924 largest=8692
[41222][I][STORAGE] load_ids_scan seg=314 enrichDeltas=66 freeInternal=16924 largest=8692
[41303][I][STORAGE] load_ids_loop_done scanned=2 skipped=54 idsCollected=144 freeInternal=16924
[41304][I][STORAGE] batch_load_ids_done count=92 capacity=144 freeInternal=16924
[41304][I][STORAGE] batch_pending_loop_enter segments=56 maxCount=1024 streaming=0 freeInternal=16924
[41305][I][STORAGE] batch_pending_scan seg=207 pending=10 events=10 freeInternal=16924 largest=8692 outCount=0
[41352][I][STORAGE] batch_pending_scan seg=210 pending=13 events=13 freeInternal=16924 largest=8692 outCount=10
[41400][I][STORAGE] batch_pending_scan seg=211 pending=8 events=8 freeInternal=16924 largest=8692 outCount=23
[41448][I][STORAGE] batch_pending_scan seg=214 pending=5 events=5 freeInternal=16924 largest=8692 outCount=31
[41495][I][STORAGE] batch_pending_scan seg=219 pending=51 events=51 freeInternal=16924 largest=8692 outCount=36
[41547][I][STORAGE] batch_pending_scan seg=220 pending=138 events=138 freeInternal=16924 largest=8692 outCount=87
[41611][I][STORAGE] batch_pending_scan seg=221 pending=154 events=154 freeInternal=16924 largest=8692 outCount=225
[41688][I][STORAGE] batch_pending_scan seg=222 pending=8 events=8 freeInternal=16924 largest=8692 outCount=379
[41735][I][STORAGE] batch_pending_scan seg=223 pending=9 events=9 freeInternal=16924 largest=8692 outCount=387
[41783][I][STORAGE] batch_pending_scan seg=226 pending=13 events=13 freeInternal=16924 largest=8692 outCount=396
[41831][I][STORAGE] batch_pending_scan seg=227 pending=3 events=3 freeInternal=16924 largest=8692 outCount=409
[41875][I][STORAGE] batch_pending_scan seg=228 pending=15 events=15 freeInternal=16924 largest=8692 outCount=412
[41923][I][STORAGE] batch_pending_scan seg=229 pending=11 events=11 freeInternal=16924 largest=8692 outCount=427
[41970][I][STORAGE] batch_pending_scan seg=230 pending=10 events=10 freeInternal=16924 largest=8692 outCount=438
[42016][I][STORAGE] batch_pending_scan seg=232 pending=200 events=200 freeInternal=16924 largest=8692 outCount=448
[42104][I][STORAGE] batch_pending_scan seg=233 pending=197 events=197 freeInternal=16924 largest=8692 outCount=648
[42185][I][STORAGE] batch_pending_scan seg=234 pending=194 events=194 freeInternal=16924 largest=8692 outCount=845
[42260][I][STORAGE] batch_pending_loop_done scanned=17 skipped=0 outCount=1024 timeHit=1 elapsedMs=956 freeInternal=16924
[42260][I][STORAGE] prepare_batch_done ok=1 outCount=1024 freeInternal=16924
[42261][I][STORAGE] Enrichment window ready records=1024 truncated=1 ms=1131
[42261][I][BLE] Manual enrichment window batch count=18 active=1 noData=0 budgetExhausted=0 timeHit=0
[42262][I][STORAGE] RAMSpool worker resumed
[42262][I][STORAGE] Exclusive window end kind=enrichment result=manual_batch_built reason=manual_enrich_window
[42262][I][BLE] enrichment request queued count=18 bytes=180
[42262][I][BLE] Requested enrichment batch count=18 queued=0
[42275][I][BLE] link ready state=4
[42380][I][BLE] enrichment send mtu=247 attPayload=244 bytes=180 count=18
[42427][I][BLE] enrichment batch sent plain=180 sealed=202 count=18 writeOk=1
[42727][I][BLE] enrichment rx chunk cipher=222 queued=0
[42878][I][BLE] enrichment rx chunk cipher=222 queued=1
[42879][I][BLE] enrichment rx chunk cipher=222 queued=0
[43031][I][BLE] enrichment rx chunk cipher=222 queued=1
[43032][I][BLE] enrichment rx chunk cipher=68 queued=0
[43033][I][BLE] enrich_xfer_perf count=18 sendMs=47 waitMs=606 rxBytes=846
[43033][I][BLE] enrichment batch received count=18 bytes=846
[43034][I][BLE] enrichment batch consumed count=18
[43034][I][BLE] Enrich batch queued count=18 queueSize=1
[43034][I][BLE] Enrichment batch received count=18 claimed=0 queued=1
[43034][I][BLE] Enrich drain begin count=18 queueSize=1 ageMs=0
[43035][I][BLE] enrich_perf count=18 applied=0 failed=0 deferred=18 storageMs=0 pendingUpload=4487
[43035][I][BLE] Enrich drain done applied=0 failed=0 deferred=18 queueSize=0
[43036][I][BLE] Enrich torrent done drained=1 remaining=0 tookLease=0 preempt=0 elapsedMs=1
[43046][I][STORAGE] RAMSpool worker paused inflight=0 lastInflight=0
[43047][I][STORAGE] Exclusive window begin kind=enrichment reason=manual_enrich_window workerPaused=1 displaySuspended=1
[43047][I][BLE] Manual enrichment window batch count=18 active=1 noData=0 budgetExhausted=0 timeHit=0
[43047][I][STORAGE] RAMSpool worker resumed
[43048][I][STORAGE] Exclusive window end kind=enrichment result=manual_batch_built reason=manual_enrich_window
[43048][I][BLE] enrichment request queued count=18 bytes=180
[43048][I][BLE] Requested enrichment batch count=18 queued=0
[43189][I][BLE] enrichment send mtu=247 attPayload=244 bytes=180 count=18
[43250][I][BLE] enrichment batch sent plain=180 sealed=202 count=18 writeOk=1
[43491][I][BLE] enrichment rx chunk cipher=222 queued=0
[43643][I][BLE] enrichment rx chunk cipher=222 queued=1
[43644][I][BLE] enrichment rx chunk cipher=222 queued=0
[43804][I][BLE] enrichment rx chunk cipher=222 queued=0
[43956][I][BLE] enrichment rx chunk cipher=68 queued=0
[43957][I][BLE] enrich_xfer_perf count=18 sendMs=62 waitMs=707 rxBytes=846
[43957][I][BLE] enrichment batch received count=18 bytes=846
[43958][I][BLE] enrichment batch consumed count=18
[43959][I][BLE] Enrich batch queued count=18 queueSize=1
[43959][I][BLE] Enrichment batch received count=18 claimed=0 queued=1
[43960][I][BLE] Enrich drain begin count=18 queueSize=1 ageMs=1
[43960][I][BLE] enrich_perf count=18 applied=0 failed=0 deferred=18 storageMs=0 pendingUpload=4487
[43961][I][BLE] Enrich drain done applied=0 failed=0 deferred=18 queueSize=0
[43962][I][BLE] Enrich torrent done drained=1 remaining=0 tookLease=0 preempt=0 elapsedMs=3
[43973][I][STORAGE] RAMSpool worker paused inflight=0 lastInflight=0
[43973][I][STORAGE] Exclusive window begin kind=enrichment reason=manual_enrich_window workerPaused=1 displaySuspended=1
[43974][I][BLE] Manual enrichment window batch count=18 active=1 noData=0 budgetExhausted=0 timeHit=0
[43974][I][STORAGE] RAMSpool worker resumed
[43974][I][STORAGE] Exclusive window end kind=enrichment result=manual_batch_built reason=manual_enrich_window
[43975][I][BLE] enrichment request queued count=18 bytes=180
[43976][I][BLE] Requested enrichment batch count=18 queued=0
[44119][I][BLE] enrichment send mtu=247 attPayload=244 bytes=180 count=18
[44181][I][BLE] enrichment batch sent plain=180 sealed=202 count=18 writeOk=1
[44569][I][BLE] enrichment batch acknowledged by phone
[44570][I][BLE] enrichment rx chunk cipher=222 queued=1
[44571][I][BLE] enrichment rx chunk cipher=222 queued=0
[44572][I][BLE] enrichment rx chunk cipher=222 queued=0
[44723][I][BLE] enrichment rx chunk cipher=222 queued=1
[44724][I][BLE] enrichment rx chunk cipher=68 queued=0
[44725][I][BLE] enrich_xfer_perf count=18 sendMs=62 waitMs=545 rxBytes=846
[44725][I][BLE] enrichment batch received count=18 bytes=846
[44726][I][BLE] enrichment batch consumed count=18
[44726][I][BLE] Enrich batch queued count=18 queueSize=1
[44726][I][BLE] Enrichment batch received count=18 claimed=0 queued=1
[44726][I][BLE] Enrich drain begin count=18 queueSize=1 ageMs=0
[44727][I][BLE] enrich_perf count=18 applied=0 failed=0 deferred=18 storageMs=0 pendingUpload=4487
[44728][I][BLE] Enrich drain done applied=0 failed=0 deferred=18 queueSize=0
[44728][I][BLE] Enrich torrent done drained=1 remaining=0 tookLease=0 preempt=0 elapsedMs=2
[44738][I][STORAGE] RAMSpool worker paused inflight=0 lastInflight=0
[44739][I][STORAGE] Exclusive window begin kind=enrichment reason=manual_enrich_window workerPaused=1 displaySuspended=1
[44739][I][BLE] Manual enrichment window batch count=18 active=1 noData=0 budgetExhausted=0 timeHit=0
[44739][I][STORAGE] RAMSpool worker resumed
[44740][I][STORAGE] Exclusive window end kind=enrichment result=manual_batch_built reason=manual_enrich_window
[44740][I][BLE] enrichment request queued count=18 bytes=180
[44740][I][BLE] Requested enrichment batch count=18 queued=0
[44880][I][BLE] enrichment send mtu=247 attPayload=244 bytes=180 count=18
[44930][I][BLE] enrichment batch sent plain=180 sealed=202 count=18 writeOk=1
[45180][I][BLE] enrichment rx chunk cipher=222 queued=0
[45334][I][BLE] enrichment rx chunk cipher=222 queued=0
[45485][I][BLE] enrichment rx chunk cipher=222 queued=1
[45486][I][BLE] enrichment rx chunk cipher=222 queued=0
[45637][I][BLE] enrichment rx chunk cipher=68 queued=0
[45638][I][BLE] enrich_xfer_perf count=18 sendMs=50 waitMs=708 rxBytes=846
[45638][I][BLE] enrichment batch received count=18 bytes=846
[45639][I][BLE] enrichment batch consumed count=18
[45639][I][BLE] Enrich batch queued count=18 queueSize=1
[45639][I][BLE] Enrichment batch received count=18 claimed=0 queued=1
[45640][I][BLE] Enrich drain begin count=18 queueSize=1 ageMs=0
[45640][I][BLE] enrich_perf count=18 applied=0 failed=0 deferred=18 storageMs=0 pendingUpload=4487
[45641][I][BLE] Enrich drain done applied=0 failed=0 deferred=18 queueSize=0
[45641][I][BLE] Enrich torrent done drained=1 remaining=0 tookLease=0 preempt=0 elapsedMs=2
[45651][I][STORAGE] RAMSpool worker paused inflight=0 lastInflight=0
[45652][I][STORAGE] Exclusive window begin kind=enrichment reason=manual_enrich_window workerPaused=1 displaySuspended=1
[45652][I][BLE] Manual enrichment window batch count=18 active=1 noData=0 budgetExhausted=0 timeHit=0
[45653][I][STORAGE] RAMSpool worker resumed
[45653][I][STORAGE] Exclusive window end kind=enrichment result=manual_batch_built reason=manual_enrich_window
[45653][I][BLE] enrichment request queued count=18 bytes=180
[45653][I][BLE] Requested enrichment batch count=18 queued=0
[45793][I][BLE] enrichment send mtu=247 attPayload=244 bytes=180 count=18
[45830][I][BLE] enrichment batch sent plain=180 sealed=202 count=18 writeOk=1
[46093][I][BLE] enrichment rx chunk cipher=222 queued=0
[46244][I][BLE] enrichment rx chunk cipher=222 queued=1
[46245][I][BLE] enrichment rx chunk cipher=222 queued=0
[46399][I][BLE] enrichment rx chunk cipher=222 queued=0
[46550][I][BLE] enrichment rx chunk cipher=68 queued=0
[46551][I][BLE] enrich_xfer_perf count=18 sendMs=37 waitMs=721 rxBytes=846
[46551][I][BLE] enrichment batch received count=18 bytes=846
[46552][I][BLE] enrichment batch consumed count=18
[46553][I][BLE] Enrich batch queued count=18 queueSize=1
[46553][I][BLE] Enrichment batch received count=18 claimed=0 queued=1
[46553][I][BLE] Enrich drain begin count=18 queueSize=1 ageMs=0
[46554][I][BLE] enrich_perf count=18 applied=0 failed=0 deferred=18 storageMs=0 pendingUpload=4487
[46554][I][BLE] Enrich drain done applied=0 failed=0 deferred=18 queueSize=0
[46554][I][BLE] Enrich torrent done drained=1 remaining=0 tookLease=0 preempt=0 elapsedMs=1
[46565][I][STORAGE] RAMSpool worker paused inflight=0 lastInflight=0
[46566][I][STORAGE] Exclusive window begin kind=enrichment reason=manual_enrich_window workerPaused=1 displaySuspended=1
[46566][I][BLE] Manual enrichment window batch count=18 active=1 noData=0 budgetExhausted=0 timeHit=0
[46566][I][STORAGE] RAMSpool worker resumed
[46567][I][STORAGE] Exclusive window end kind=enrichment result=manual_batch_built reason=manual_enrich_window
[46567][I][BLE] enrichment request queued count=18 bytes=180
[46567][I][BLE] Requested enrichment batch count=18 queued=0
[46707][I][BLE] enrichment batch acknowledged by phone
[46708][I][BLE] enrichment send mtu=247 attPayload=244 bytes=180 count=18
[46760][I][BLE] enrichment batch sent plain=180 sealed=202 count=18 writeOk=1
[47008][I][BLE] enrichment rx chunk cipher=222 queued=0
[47159][I][BLE] enrichment rx chunk cipher=222 queued=0
[47313][I][BLE] enrichment rx chunk cipher=222 queued=1
[47314][I][BLE] enrichment rx chunk cipher=222 queued=0
[47465][W][BLE] gps decrypt failed: secure decrypt replay/stale counter
[47466][I][BLE] enrichment rx chunk cipher=68 queued=0
[47466][I][BLE] enrich_xfer_perf count=18 sendMs=52 waitMs=706 rxBytes=846
[47467][I][BLE] enrichment batch received count=18 bytes=846
[47467][I][BLE] enrichment batch consumed count=18
[47467][I][BLE] Enrich batch queued count=18 queueSize=1
[47467][I][BLE] Enrichment batch received count=18 claimed=0 queued=1
[47468][I][BLE] Enrich drain begin count=18 queueSize=1 ageMs=1
[47468][I][BLE] enrich_perf count=18 applied=0 failed=0 deferred=18 storageMs=0 pendingUpload=4487
[47469][I][BLE] Enrich drain done applied=0 failed=0 deferred=18 queueSize=0
[47469][I][BLE] Enrich torrent done drained=1 remaining=0 tookLease=0 preempt=0 elapsedMs=1
[47479][I][STORAGE] RAMSpool worker paused inflight=0 lastInflight=0
[47480][I][STORAGE] Exclusive window begin kind=enrichment reason=manual_enrich_window workerPaused=1 displaySuspended=1
[47480][I][BLE] Manual enrichment window batch count=18 active=1 noData=0 budgetExhausted=0 timeHit=0
[47481][I][STORAGE] RAMSpool worker resumed
[47481][I][STORAGE] Exclusive window end kind=enrichment result=manual_batch_built reason=manual_enrich_window
[47481][I][BLE] enrichment request queued count=18 bytes=180
[47481][I][BLE] Requested enrichment batch count=18 queued=0
[47621][I][BLE] enrichment send mtu=247 attPayload=244 bytes=180 count=18
[47660][I][BLE] enrichment batch sent plain=180 sealed=202 count=18 writeOk=1
[47921][I][BLE] enrichment rx chunk cipher=222 queued=0
[48072][I][BLE] enrichment rx chunk cipher=222 queued=1
[48073][I][BLE] enrichment rx chunk cipher=222 queued=0
[48224][I][BLE] enrichment rx chunk cipher=222 queued=0
[48378][I][BLE] enrichment rx chunk cipher=68 queued=0
[48379][I][BLE] enrich_xfer_perf count=18 sendMs=39 waitMs=719 rxBytes=846
[48379][I][BLE] enrichment batch received count=18 bytes=846
[48380][I][BLE] enrichment batch consumed count=18
[48380][I][BLE] Enrich batch queued count=18 queueSize=1
[48380][I][BLE] Enrichment batch received count=18 claimed=0 queued=1
[48381][I][BLE] Enrich drain begin count=18 queueSize=1 ageMs=1
[48381][I][BLE] enrich_perf count=18 applied=0 failed=0 deferred=18 storageMs=0 pendingUpload=4487
[48382][I][BLE] Enrich drain done applied=0 failed=0 deferred=18 queueSize=0
[48382][I][BLE] Enrich torrent done drained=1 remaining=0 tookLease=0 preempt=0 elapsedMs=2
[48392][I][STORAGE] RAMSpool worker paused inflight=0 lastInflight=0
[48393][I][STORAGE] Exclusive window begin kind=enrichment reason=manual_enrich_window workerPaused=1 displaySuspended=1
[48393][I][BLE] Manual enrichment window batch count=18 active=1 noData=0 budgetExhausted=0 timeHit=0
[48393][I][STORAGE] RAMSpool worker resumed
[48394][I][STORAGE] Exclusive window end kind=enrichment result=manual_batch_built reason=manual_enrich_window
[48394][I][BLE] enrichment request queued count=18 bytes=180
[48394][I][BLE] Requested enrichment batch count=18 queued=0
[48534][I][BLE] enrichment send mtu=247 attPayload=244 bytes=180 count=18
[48590][I][BLE] enrichment batch sent plain=180 sealed=202 count=18 writeOk=1
[48835][I][BLE] enrichment batch acknowledged by phone
[48835][I][BLE] enrichment rx chunk cipher=222 queued=0
[48986][I][BLE] enrichment rx chunk cipher=222 queued=0
[49137][I][BLE] enrichment rx chunk cipher=222 queued=1
[49138][I][BLE] enrichment rx chunk cipher=222 queued=0
[49289][I][BLE] enrichment rx chunk cipher=68 queued=0
[49290][I][BLE] enrich_xfer_perf count=18 sendMs=56 waitMs=700 rxBytes=846
[49290][I][BLE] enrichment batch received count=18 bytes=846
[49291][I][BLE] enrichment batch consumed count=18
[49291][I][BLE] Enrich batch queued count=18 queueSize=1
[49291][I][BLE] Enrichment batch received count=18 claimed=0 queued=1
[49291][I][BLE] Enrich drain begin count=18 queueSize=1 ageMs=0
[49292][I][BLE] enrich_perf count=18 applied=0 failed=0 deferred=18 storageMs=0 pendingUpload=4487
[49293][I][BLE] Enrich drain done applied=0 failed=0 deferred=18 queueSize=0
[49293][I][BLE] Enrich torrent done drained=1 remaining=0 tookLease=0 preempt=0 elapsedMs=2
[49303][I][STORAGE] RAMSpool worker paused inflight=0 lastInflight=0
[49304][I][STORAGE] Exclusive window begin kind=enrichment reason=manual_enrich_window workerPaused=1 displaySuspended=1
[49304][I][BLE] Manual enrichment window batch count=18 active=1 noData=0 budgetExhausted=0 timeHit=0
[49304][I][STORAGE] RAMSpool worker resumed
[49305][I][STORAGE] Exclusive window end kind=enrichment result=manual_batch_built reason=manual_enrich_window
[49305][I][BLE] enrichment request queued count=18 bytes=180
[49305][I][BLE] Requested enrichment batch count=18 queued=0
[49448][I][BLE] enrichment send mtu=247 attPayload=244 bytes=180 count=18
[49490][I][BLE] enrichment batch sent plain=180 sealed=202 count=18 writeOk=1
[49748][I][BLE] enrichment rx chunk cipher=222 queued=0
[49899][I][BLE] enrichment rx chunk cipher=222 queued=1
[49900][I][BLE] enrichment rx chunk cipher=222 queued=0
[50051][I][BLE] enrichment rx chunk cipher=222 queued=0
[50202][I][BLE] enrichment rx chunk cipher=68 queued=0
[50203][I][BLE] enrich_xfer_perf count=18 sendMs=42 waitMs=713 rxBytes=846
[50203][I][BLE] enrichment batch received count=18 bytes=846
[50204][I][BLE] enrichment batch consumed count=18
[50204][I][BLE] Enrich batch queued count=18 queueSize=1
[50204][I][BLE] Enrichment batch received count=18 claimed=0 queued=1
[50204][I][BLE] Enrich drain begin count=18 queueSize=1 ageMs=0
[50205][I][BLE] enrich_perf count=18 applied=0 failed=0 deferred=18 storageMs=0 pendingUpload=4487
[50206][I][BLE] Enrich drain done applied=0 failed=0 deferred=18 queueSize=0
[50206][I][BLE] Enrich torrent done drained=1 remaining=0 tookLease=0 preempt=0 elapsedMs=2
[50216][I][STORAGE] RAMSpool worker paused inflight=0 lastInflight=0
[50217][I][STORAGE] Exclusive window begin kind=enrichment reason=manual_enrich_window workerPaused=1 displaySuspended=1
[50217][I][BLE] Manual enrichment window batch count=18 active=1 noData=0 budgetExhausted=0 timeHit=0
[50217][I][STORAGE] RAMSpool worker resumed
[50218][I][STORAGE] Exclusive window end kind=enrichment result=manual_batch_built reason=manual_enrich_window
[50218][I][BLE] enrichment request queued count=18 bytes=180
[50218][I][BLE] Requested enrichment batch count=18 queued=0
[50361][I][BLE] enrichment send mtu=247 attPayload=244 bytes=180 count=18
[50420][I][BLE] enrichment batch sent plain=180 sealed=202 count=18 writeOk=1
[50661][I][BLE] enrichment rx chunk cipher=222 queued=1
[50662][I][BLE] enrichment rx chunk cipher=222 queued=0
[50813][I][BLE] enrichment rx chunk cipher=222 queued=2
[50814][I][BLE] enrichment rx chunk cipher=222 queued=1
[50815][I][BLE] enrichment rx chunk cipher=68 queued=0
[50816][I][BLE] enrich_xfer_perf count=18 sendMs=59 waitMs=396 rxBytes=846
[50816][I][BLE] enrichment batch received count=18 bytes=846
[50817][I][BLE] enrichment batch consumed count=18
[50818][I][BLE] Enrich batch queued count=18 queueSize=1
[50818][I][BLE] Enrichment batch received count=18 claimed=0 queued=1
[50818][I][BLE] Enrich drain begin count=18 queueSize=1 ageMs=1
[50819][I][BLE] enrich_perf count=18 applied=0 failed=0 deferred=18 storageMs=1 pendingUpload=4487
[50819][I][BLE] Enrich drain done applied=0 failed=0 deferred=18 queueSize=0
[50819][I][BLE] Enrich torrent done drained=1 remaining=0 tookLease=0 preempt=0 elapsedMs=1
[50829][I][STORAGE] RAMSpool worker paused inflight=0 lastInflight=0
[50830][I][STORAGE] Exclusive window begin kind=enrichment reason=manual_enrich_window workerPaused=1 displaySuspended=1
[50830][I][BLE] Manual enrichment window batch count=18 active=1 noData=0 budgetExhausted=0 timeHit=0
[50830][I][STORAGE] RAMSpool worker resumed
[50831][I][STORAGE] Exclusive window end kind=enrichment result=manual_batch_built reason=manual_enrich_window
[50831][I][BLE] enrichment request queued count=18 bytes=180
[50831][I][BLE] Requested enrichment batch count=18 queued=0
[50971][I][BLE] enrichment batch acknowledged by phone
[50972][I][BLE] enrichment send mtu=247 attPayload=244 bytes=180 count=18
[51020][I][BLE] enrichment batch sent plain=180 sealed=202 count=18 writeOk=1
[51272][I][BLE] enrichment rx chunk cipher=222 queued=0
[51426][I][BLE] enrichment rx chunk cipher=222 queued=1
[51427][I][BLE] enrichment rx chunk cipher=222 queued=0
[51578][I][BLE] enrichment rx chunk cipher=222 queued=1
[51579][I][BLE] enrichment rx chunk cipher=68 queued=0
[51580][I][BLE] enrich_xfer_perf count=18 sendMs=48 waitMs=560 rxBytes=846
[51580][I][BLE] enrichment batch received count=18 bytes=846
[51581][I][BLE] enrichment batch consumed count=18
[51581][I][BLE] Enrich batch queued count=18 queueSize=1
[51581][I][BLE] Enrichment batch received count=18 claimed=0 queued=1
[51581][I][BLE] Enrich drain begin count=18 queueSize=1 ageMs=0
[51582][I][BLE] enrich_perf count=18 applied=0 failed=0 deferred=18 storageMs=0 pendingUpload=4487
[51582][I][BLE] Enrich drain done applied=0 failed=0 deferred=18 queueSize=0
[51583][I][BLE] Enrich torrent done drained=1 remaining=0 tookLease=0 preempt=0 elapsedMs=1
[51593][I][STORAGE] RAMSpool worker paused inflight=0 lastInflight=0
[51594][I][STORAGE] Exclusive window begin kind=enrichment reason=manual_enrich_window workerPaused=1 displaySuspended=1
[51594][I][BLE] Manual enrichment window batch count=18 active=1 noData=0 budgetExhausted=0 timeHit=0
[51595][I][STORAGE] RAMSpool worker resumed
[51595][I][STORAGE] Exclusive window end kind=enrichment result=manual_batch_built reason=manual_enrich_window
[51595][I][BLE] enrichment request queued count=18 bytes=180
[51595][I][BLE] Requested enrichment batch count=18 queued=0
[51735][I][BLE] enrichment send mtu=247 attPayload=244 bytes=180 count=18
[51770][I][BLE] enrichment batch sent plain=180 sealed=202 count=18 writeOk=1
[52035][I][BLE] enrichment rx chunk cipher=222 queued=0
[52186][I][BLE] enrichment rx chunk cipher=222 queued=0
[52341][I][BLE] enrichment rx chunk cipher=222 queued=2
[52342][I][BLE] enrichment rx chunk cipher=222 queued=1
[52343][I][BLE] enrichment rx chunk cipher=68 queued=0
[52343][I][BLE] enrich_xfer_perf count=18 sendMs=35 waitMs=573 rxBytes=846
[52344][I][BLE] enrichment batch received count=18 bytes=846
[52344][I][BLE] enrichment batch consumed count=18
[52345][I][BLE] Enrich batch queued count=18 queueSize=1
[52345][I][BLE] Enrichment batch received count=18 claimed=0 queued=1
[52345][I][BLE] Enrich drain begin count=18 queueSize=1 ageMs=0
[52346][I][BLE] enrich_perf count=18 applied=0 failed=0 deferred=18 storageMs=0 pendingUpload=4487
[52347][I][BLE] Enrich drain done applied=0 failed=0 deferred=18 queueSize=0
[52347][I][BLE] Enrich torrent done drained=1 remaining=0 tookLease=0 preempt=0 elapsedMs=2
[52357][I][STORAGE] RAMSpool worker paused inflight=0 lastInflight=0
[52358][I][STORAGE] Exclusive window begin kind=enrichment reason=manual_enrich_window workerPaused=1 displaySuspended=1
[52358][I][BLE] Manual enrichment window batch count=18 active=1 noData=0 budgetExhausted=0 timeHit=0
[52359][I][STORAGE] RAMSpool worker resumed
[52359][I][STORAGE] Exclusive window end kind=enrichment result=manual_batch_built reason=manual_enrich_window
[52359][I][BLE] enrichment request queued count=18 bytes=180
[52359][I][BLE] Requested enrichment batch count=18 queued=0
[52499][W][BLE] gps decrypt failed: secure decrypt replay/stale counter
[52500][I][BLE] enrichment send mtu=247 attPayload=244 bytes=180 count=18
[52550][I][BLE] enrichment batch sent plain=180 sealed=202 count=18 writeOk=1
[52800][I][BLE] enrichment rx chunk cipher=222 queued=0
[52951][I][BLE] enrichment rx chunk cipher=222 queued=0
[53102][I][BLE] enrichment batch acknowledged by phone
[53103][I][BLE] enrichment rx chunk cipher=222 queued=1
[53104][I][BLE] enrichment rx chunk cipher=222 queued=0
[53254][I][BLE] enrichment rx chunk cipher=68 queued=0
[53255][I][BLE] enrich_xfer_perf count=18 sendMs=50 waitMs=705 rxBytes=846
[53255][I][BLE] enrichment batch received count=18 bytes=846
[53256][I][BLE] enrichment batch consumed count=18
[53256][I][BLE] Enrich batch queued count=18 queueSize=1
[53256][I][BLE] Enrichment batch received count=18 claimed=0 queued=1
[53256][I][BLE] Enrich drain begin count=18 queueSize=1 ageMs=0
[53257][I][BLE] enrich_perf count=18 applied=0 failed=0 deferred=18 storageMs=0 pendingUpload=4487
[53258][I][BLE] Enrich drain done applied=0 failed=0 deferred=18 queueSize=0
[53258][I][BLE] Enrich torrent done drained=1 remaining=0 tookLease=0 preempt=0 elapsedMs=2
[53268][I][STORAGE] RAMSpool worker paused inflight=0 lastInflight=0
[53269][I][STORAGE] Exclusive window begin kind=enrichment reason=manual_enrich_window workerPaused=1 displaySuspended=1
[53269][I][BLE] Manual enrichment window batch count=18 active=1 noData=0 budgetExhausted=0 timeHit=0
[53270][I][STORAGE] RAMSpool worker resumed
[53270][I][STORAGE] Exclusive window end kind=enrichment result=manual_batch_built reason=manual_enrich_window
[53270][I][BLE] enrichment request queued count=18 bytes=180
[53270][I][BLE] Requested enrichment batch count=18 queued=0
[53413][I][BLE] enrichment send mtu=247 attPayload=244 bytes=180 count=18
[53450][I][BLE] enrichment batch sent plain=180 sealed=202 count=18 writeOk=1
[53713][I][BLE] enrichment rx chunk cipher=222 queued=0
[53864][I][BLE] enrichment rx chunk cipher=222 queued=1
[53865][I][BLE] enrichment rx chunk cipher=222 queued=0
[54016][I][BLE] enrichment rx chunk cipher=222 queued=0
[54167][I][BLE] enrichment rx chunk cipher=68 queued=0
[54168][I][BLE] enrich_xfer_perf count=18 sendMs=37 waitMs=718 rxBytes=846
[54168][I][BLE] enrichment batch received count=18 bytes=846
[54169][I][BLE] enrichment batch consumed count=18
[54169][I][BLE] Enrich batch queued count=18 queueSize=1
[54169][I][BLE] Enrichment batch received count=18 claimed=0 queued=1
[54170][I][BLE] Enrich drain begin count=18 queueSize=1 ageMs=1
[54170][I][BLE] enrich_perf count=18 applied=0 failed=0 deferred=18 storageMs=0 pendingUpload=4487
[54171][I][BLE] Enrich drain done applied=0 failed=0 deferred=18 queueSize=0
[54171][I][BLE] Enrich torrent done drained=1 remaining=0 tookLease=0 preempt=0 elapsedMs=1
[54181][I][STORAGE] RAMSpool worker paused inflight=0 lastInflight=0
[54182][I][STORAGE] Exclusive window begin kind=enrichment reason=manual_enrich_window workerPaused=1 displaySuspended=1
[54182][I][BLE] Manual enrichment window batch count=18 active=1 noData=0 budgetExhausted=0 timeHit=0
[54182][I][STORAGE] RAMSpool worker resumed
[54183][I][STORAGE] Exclusive window end kind=enrichment result=manual_batch_built reason=manual_enrich_window
[54183][I][BLE] enrichment request queued count=18 bytes=180
[54183][I][BLE] Requested enrichment batch count=18 queued=0
[54323][I][BLE] enrichment send mtu=247 attPayload=244 bytes=180 count=18
[54380][I][BLE] enrichment batch sent plain=180 sealed=202 count=18 writeOk=1
[54626][I][BLE] enrichment rx chunk cipher=222 queued=0
[54777][I][BLE] enrichment rx chunk cipher=222 queued=0
[54928][I][BLE] enrichment rx chunk cipher=222 queued=1
[54929][I][BLE] enrichment rx chunk cipher=222 queued=0
[55080][I][BLE] enrichment rx chunk cipher=68 queued=0
[55081][I][BLE] enrich_xfer_perf count=18 sendMs=57 waitMs=701 rxBytes=846
[55081][I][BLE] enrichment batch received count=18 bytes=846
[55082][I][BLE] enrichment batch consumed count=18
[55083][I][BLE] Enrich batch queued count=18 queueSize=1
[55083][I][BLE] Enrichment batch received count=18 claimed=0 queued=1
[55083][I][BLE] Enrich drain begin count=18 queueSize=1 ageMs=1
[55084][I][BLE] enrich_perf count=18 applied=0 failed=0 deferred=18 storageMs=0 pendingUpload=4487
[55084][I][BLE] Enrich drain done applied=0 failed=0 deferred=18 queueSize=0
[55084][I][BLE] Enrich torrent done drained=1 remaining=0 tookLease=0 preempt=0 elapsedMs=1
[55095][I][STORAGE] RAMSpool worker paused inflight=0 lastInflight=0
[55096][I][STORAGE] Exclusive window begin kind=enrichment reason=manual_enrich_window workerPaused=1 displaySuspended=1
[55096][I][BLE] Manual enrichment window batch count=18 active=1 noData=0 budgetExhausted=0 timeHit=0
[55096][I][STORAGE] RAMSpool worker resumed
[55097][I][STORAGE] Exclusive window end kind=enrichment result=manual_batch_built reason=manual_enrich_window
[55097][I][BLE] enrichment request queued count=18 bytes=180
[55097][I][BLE] Requested enrichment batch count=18 queued=0
[55237][I][BLE] enrichment batch acknowledged by phone
[55238][I][BLE] enrichment send mtu=247 attPayload=244 bytes=180 count=18
[55280][I][BLE] enrichment batch sent plain=180 sealed=202 count=18 writeOk=1
[55541][I][BLE] enrichment rx chunk cipher=222 queued=0
[55692][I][BLE] enrichment rx chunk cipher=222 queued=1
[55693][I][BLE] enrichment rx chunk cipher=222 queued=0
[55844][I][BLE] enrichment rx chunk cipher=222 queued=1
[55845][I][BLE] enrichment rx chunk cipher=68 queued=0
[55846][I][BLE] enrich_xfer_perf count=18 sendMs=42 waitMs=566 rxBytes=846
[55846][I][BLE] enrichment batch received count=18 bytes=846
[55847][I][BLE] enrichment batch consumed count=18
[55847][I][BLE] Enrich batch queued count=18 queueSize=1
[55847][I][BLE] Enrichment batch received count=18 claimed=0 queued=1
[55847][I][BLE] Enrich drain begin count=18 queueSize=1 ageMs=0
[55848][I][BLE] enrich_perf count=18 applied=0 failed=0 deferred=18 storageMs=0 pendingUpload=4487
[55848][I][BLE] Enrich drain done applied=0 failed=0 deferred=18 queueSize=0
[55849][I][BLE] Enrich torrent done drained=1 remaining=0 tookLease=0 preempt=0 elapsedMs=2
[55859][I][STORAGE] RAMSpool worker paused inflight=0 lastInflight=0
[55860][I][STORAGE] Exclusive window begin kind=enrichment reason=manual_enrich_window workerPaused=1 displaySuspended=1
[55860][I][BLE] Manual enrichment window batch count=18 active=1 noData=0 budgetExhausted=0 timeHit=0
[55860][I][STORAGE] RAMSpool worker resumed
[55861][I][STORAGE] Exclusive window end kind=enrichment result=manual_batch_built reason=manual_enrich_window
[55861][I][BLE] enrichment request queued count=18 bytes=180
[55861][I][BLE] Requested enrichment batch count=18 queued=0
[56001][I][BLE] enrichment send mtu=247 attPayload=244 bytes=180 count=18
[56090][I][BLE] enrichment batch sent plain=180 sealed=202 count=18 writeOk=1
[56150][I][BLE] storage snapshot sent pendingUp=0/4487 pendingEnrich=0/4490 usedPct=18
[56463][I][BLE] enrichment rx chunk cipher=222 queued=1
[56464][I][BLE] enrichment rx chunk cipher=222 queued=0
[56615][I][BLE] enrichment rx chunk cipher=222 queued=1
[56616][I][BLE] enrichment rx chunk cipher=222 queued=0
[56767][I][BLE] enrichment rx chunk cipher=68 queued=0
[56768][I][BLE] enrich_xfer_perf count=18 sendMs=89 waitMs=678 rxBytes=846
[56768][I][BLE] enrichment batch received count=18 bytes=846
[56769][I][BLE] enrichment batch consumed count=18
[56769][I][BLE] Enrich batch queued count=18 queueSize=1
[56769][I][BLE] Enrichment batch received count=18 claimed=0 queued=1
[56769][I][BLE] Enrich drain begin count=18 queueSize=1 ageMs=0
[56770][I][BLE] enrich_perf count=18 applied=0 failed=0 deferred=18 storageMs=0 pendingUpload=4487
[56771][I][BLE] Enrich drain done applied=0 failed=0 deferred=18 queueSize=0
[56771][I][BLE] Enrich torrent done drained=1 remaining=0 tookLease=0 preempt=0 elapsedMs=2
[56781][I][STORAGE] RAMSpool worker paused inflight=0 lastInflight=0
[56782][I][STORAGE] Exclusive window begin kind=enrichment reason=manual_enrich_window workerPaused=1 displaySuspended=1
[56782][I][BLE] Manual enrichment window batch count=18 active=1 noData=0 budgetExhausted=0 timeHit=0
[56782][I][STORAGE] RAMSpool worker resumed
[56783][I][STORAGE] Exclusive window end kind=enrichment result=manual_batch_built reason=manual_enrich_window
[56783][I][BLE] enrichment request queued count=18 bytes=180
[56783][I][BLE] Requested enrichment batch count=18 queued=0
[56923][I][BLE] enrichment send mtu=247 attPayload=244 bytes=180 count=18
[56960][I][BLE] enrichment batch sent plain=180 sealed=202 count=18 writeOk=1
[57223][I][BLE] enrichment rx chunk cipher=222 queued=0
[57377][I][BLE] enrichment batch acknowledged by phone
[57378][I][BLE] enrichment rx chunk cipher=222 queued=1
[57379][I][BLE] enrichment rx chunk cipher=222 queued=0
[57529][W][BLE] gps decrypt failed: secure decrypt replay/stale counter
[57530][I][BLE] enrichment rx chunk cipher=222 queued=1
[57530][I][BLE] enrichment rx chunk cipher=68 queued=0
[57531][I][BLE] enrich_xfer_perf count=18 sendMs=37 waitMs=571 rxBytes=846
[57532][I][BLE] enrichment batch received count=18 bytes=846
[57532][I][BLE] enrichment batch consumed count=18
[57532][I][BLE] Enrich batch queued count=18 queueSize=1
[57532][I][BLE] Enrichment batch received count=18 claimed=0 queued=1
[57533][I][BLE] Enrich drain begin count=18 queueSize=1 ageMs=1
[57533][I][BLE] enrich_perf count=18 applied=0 failed=0 deferred=18 storageMs=0 pendingUpload=4487
[57534][I][BLE] Enrich drain done applied=0 failed=0 deferred=18 queueSize=0
[57534][I][BLE] Enrich torrent done drained=1 remaining=0 tookLease=0 preempt=0 elapsedMs=1
[57544][I][STORAGE] RAMSpool worker paused inflight=0 lastInflight=0
[57545][I][STORAGE] Exclusive window begin kind=enrichment reason=manual_enrich_window workerPaused=1 displaySuspended=1
[57545][I][BLE] Manual enrichment window batch count=18 active=1 noData=0 budgetExhausted=0 timeHit=0
[57545][I][STORAGE] RAMSpool worker resumed
[57546][I][STORAGE] Exclusive window end kind=enrichment result=manual_batch_built reason=manual_enrich_window
[57546][I][BLE] enrichment request queued count=18 bytes=180
[57546][I][BLE] Requested enrichment batch count=18 queued=0
[57686][I][BLE] enrichment send mtu=247 attPayload=244 bytes=180 count=18
[57740][I][BLE] enrichment batch sent plain=180 sealed=202 count=18 writeOk=1
[57986][I][BLE] enrichment rx chunk cipher=222 queued=1
[57987][I][BLE] enrichment rx chunk cipher=222 queued=0
[58138][I][BLE] enrichment rx chunk cipher=222 queued=0
[58289][I][BLE] enrichment rx chunk cipher=222 queued=1
[58290][I][BLE] enrichment rx chunk cipher=68 queued=0
[58291][I][BLE] enrich_xfer_perf count=18 sendMs=54 waitMs=551 rxBytes=846
[58291][I][BLE] enrichment batch received count=18 bytes=846
[58292][I][BLE] enrichment batch consumed count=18
[58292][I][BLE] Enrich batch queued count=18 queueSize=1
[58292][I][BLE] Enrichment batch received count=18 claimed=0 queued=1
[58292][I][BLE] Enrich drain begin count=18 queueSize=1 ageMs=0
[58293][I][BLE] enrich_perf count=18 applied=0 failed=0 deferred=18 storageMs=0 pendingUpload=4487
[58293][I][BLE] Enrich drain done applied=0 failed=0 deferred=18 queueSize=0
[58294][I][BLE] Enrich torrent done drained=1 remaining=0 tookLease=0 preempt=0 elapsedMs=2
[58304][I][STORAGE] RAMSpool worker paused inflight=0 lastInflight=0
[58305][I][STORAGE] Exclusive window begin kind=enrichment reason=manual_enrich_window workerPaused=1 displaySuspended=1
[58305][I][BLE] Manual enrichment window batch count=18 active=1 noData=0 budgetExhausted=0 timeHit=0
[58305][I][STORAGE] RAMSpool worker resumed
[58306][I][STORAGE] Exclusive window end kind=enrichment result=manual_batch_built reason=manual_enrich_window
[58306][I][BLE] enrichment request queued count=18 bytes=180
[58306][I][BLE] Requested enrichment batch count=18 queued=0
[58449][I][BLE] enrichment send mtu=247 attPayload=244 bytes=180 count=18
[58490][I][BLE] enrichment batch sent plain=180 sealed=202 count=18 writeOk=1
[58749][I][BLE] enrichment rx chunk cipher=222 queued=0
[58900][I][BLE] enrichment rx chunk cipher=222 queued=1
[58901][I][BLE] enrichment rx chunk cipher=222 queued=0
[59052][I][BLE] enrichment rx chunk cipher=222 queued=1
[59053][I][BLE] enrichment rx chunk cipher=68 queued=0
[59054][I][BLE] enrich_xfer_perf count=18 sendMs=41 waitMs=564 rxBytes=846
[59054][I][BLE] enrichment batch received count=18 bytes=846
[59055][I][BLE] enrichment batch consumed count=18
[59055][I][BLE] Enrich batch queued count=18 queueSize=1
[59055][I][BLE] Enrichment batch received count=18 claimed=0 queued=1
[59055][I][BLE] Enrich drain begin count=18 queueSize=1 ageMs=0
[59056][I][BLE] enrich_perf count=18 applied=0 failed=0 deferred=18 storageMs=0 pendingUpload=4487
[59056][I][BLE] Enrich drain done applied=0 failed=0 deferred=18 queueSize=0
[59057][I][BLE] Enrich torrent done drained=1 remaining=0 tookLease=0 preempt=0 elapsedMs=2
[59067][I][STORAGE] RAMSpool worker paused inflight=0 lastInflight=0
[59068][I][STORAGE] Exclusive window begin kind=enrichment reason=manual_enrich_window workerPaused=1 displaySuspended=1
[59068][I][BLE] Manual enrichment window batch count=18 active=1 noData=0 budgetExhausted=0 timeHit=0
[59069][I][STORAGE] RAMSpool worker resumed
[59069][I][STORAGE] Exclusive window end kind=enrichment result=manual_batch_built reason=manual_enrich_window
[59069][I][BLE] enrichment request queued count=18 bytes=180
[59069][I][BLE] Requested enrichment batch count=18 queued=0
[59209][I][BLE] enrichment send mtu=247 attPayload=244 bytes=180 count=18
[59270][I][BLE] enrichment batch sent plain=180 sealed=202 count=18 writeOk=1
[59513][I][BLE] enrichment batch acknowledged by phone
[59514][I][BLE] enrichment rx chunk cipher=222 queued=0
[59674][I][BLE] enrichment rx chunk cipher=222 queued=1
[59675][I][BLE] enrichment rx chunk cipher=222 queued=0
[59826][I][BLE] enrichment rx chunk cipher=222 queued=1
[59827][I][BLE] enrichment rx chunk cipher=68 queued=0
[59828][I][BLE] enrich_xfer_perf count=18 sendMs=61 waitMs=558 rxBytes=846
[59828][I][BLE] enrichment batch received count=18 bytes=846
[59829][I][BLE] enrichment batch consumed count=18
[59829][I][BLE] Enrich batch queued count=18 queueSize=1
[59829][I][BLE] Enrichment batch received count=18 claimed=0 queued=1
[59829][I][BLE] Enrich drain begin count=18 queueSize=1 ageMs=0
[59830][I][BLE] enrich_perf count=18 applied=0 failed=0 deferred=18 storageMs=0 pendingUpload=4487
[59830][I][BLE] Enrich drain done applied=0 failed=0 deferred=18 queueSize=0
[59831][I][BLE] Enrich torrent done drained=1 remaining=0 tookLease=0 preempt=0 elapsedMs=2
[59841][I][STORAGE] RAMSpool worker paused inflight=0 lastInflight=0
[59842][I][STORAGE] Exclusive window begin kind=enrichment reason=manual_enrich_window workerPaused=1 displaySuspended=1
[59842][I][BLE] Manual enrichment window batch count=18 active=1 noData=0 budgetExhausted=0 timeHit=0
[59843][I][STORAGE] RAMSpool worker resumed
[59843][I][STORAGE] Exclusive window end kind=enrichment result=manual_batch_built reason=manual_enrich_window
[59843][I][BLE] enrichment request queued count=18 bytes=180
[59843][I][BLE] Requested enrichment batch count=18 queued=0
[59983][I][BLE] enrichment send mtu=247 attPayload=244 bytes=180 count=18
[60020][I][BLE] enrichment batch sent plain=180 sealed=202 count=18 writeOk=1
[60283][I][BLE] enrichment rx chunk cipher=222 queued=1
[60284][I][BLE] enrichment rx chunk cipher=222 queued=0
[60438][I][BLE] enrichment rx chunk cipher=222 queued=0
[60589][I][BLE] enrichment rx chunk cipher=222 queued=1
[60590][I][BLE] enrichment rx chunk cipher=68 queued=0
[60591][I][BLE] enrich_xfer_perf count=18 sendMs=37 waitMs=571 rxBytes=846
[60591][I][BLE] enrichment batch received count=18 bytes=846
[60592][I][BLE] enrichment batch consumed count=18
[60592][I][BLE] Enrich batch queued count=18 queueSize=1
[60592][I][BLE] Enrichment batch received count=18 claimed=0 queued=1
[60592][I][BLE] Enrich drain begin count=18 queueSize=1 ageMs=0
[60593][I][BLE] enrich_perf count=18 applied=0 failed=0 deferred=18 storageMs=0 pendingUpload=4487
[60593][I][BLE] Enrich drain done applied=0 failed=0 deferred=18 queueSize=0
[60594][I][BLE] Enrich torrent done drained=1 remaining=0 tookLease=0 preempt=0 elapsedMs=2
[60604][I][STORAGE] RAMSpool worker paused inflight=0 lastInflight=0
[60605][I][STORAGE] Exclusive window begin kind=enrichment reason=manual_enrich_window workerPaused=1 displaySuspended=1
[60605][I][BLE] Manual enrichment window batch count=18 active=1 noData=0 budgetExhausted=0 timeHit=0
[60605][I][STORAGE] RAMSpool worker resumed
[60606][I][STORAGE] Exclusive window end kind=enrichment result=manual_batch_built reason=manual_enrich_window
[60606][I][BLE] enrichment request queued count=18 bytes=180
[60606][I][BLE] Requested enrichment batch count=18 queued=0
[60746][I][BLE] enrichment send mtu=247 attPayload=244 bytes=180 count=18
[60800][I][BLE] enrichment batch sent plain=180 sealed=202 count=18 writeOk=1
[61046][I][BLE] enrichment rx chunk cipher=222 queued=0
[61197][I][BLE] enrichment rx chunk cipher=222 queued=1
[61198][I][BLE] enrichment rx chunk cipher=222 queued=0
[61349][I][BLE] enrichment rx chunk cipher=222 queued=1
[61350][I][BLE] enrichment rx chunk cipher=68 queued=0
[61351][I][BLE] enrich_xfer_perf count=18 sendMs=54 waitMs=551 rxBytes=846
[61351][I][BLE] enrichment batch received count=18 bytes=846
[61352][I][BLE] enrichment batch consumed count=18
[61352][I][BLE] Enrich batch queued count=18 queueSize=1
[61352][I][BLE] Enrichment batch received count=18 claimed=0 queued=1
[61352][I][BLE] Enrich drain begin count=18 queueSize=1 ageMs=0
[61353][I][BLE] enrich_perf count=18 applied=0 failed=0 deferred=18 storageMs=0 pendingUpload=4487
[61353][I][BLE] Enrich drain done applied=0 failed=0 deferred=18 queueSize=0
[61354][I][BLE] Enrich torrent done drained=1 remaining=0 tookLease=0 preempt=0 elapsedMs=1
[61367][I][STORAGE] RAMSpool worker paused inflight=0 lastInflight=0
[61367][I][STORAGE] Exclusive window begin kind=enrichment reason=manual_enrich_window workerPaused=1 displaySuspended=1
[61368][I][BLE] Manual enrichment window batch count=18 active=1 noData=0 budgetExhausted=0 timeHit=0
[61368][I][STORAGE] RAMSpool worker resumed
[61368][I][STORAGE] Exclusive window end kind=enrichment result=manual_batch_built reason=manual_enrich_window
[61369][I][BLE] enrichment request queued count=18 bytes=180
[61369][I][BLE] Requested enrichment batch count=18 queued=0
[61550][I][BLE] enrichment send mtu=247 attPayload=244 bytes=180 count=18
[61610][I][BLE] enrichment batch sent plain=180 sealed=202 count=18 writeOk=1
[61659][I][BLE] enrichment batch acknowledged by phone
[61810][I][BLE] enrichment rx chunk cipher=222 queued=0
[61961][I][BLE] enrichment rx chunk cipher=222 queued=1
[61962][I][BLE] enrichment rx chunk cipher=222 queued=0
[62113][I][BLE] enrichment rx chunk cipher=222 queued=1
[62114][I][BLE] enrichment rx chunk cipher=68 queued=0
[62115][I][BLE] enrich_xfer_perf count=18 sendMs=60 waitMs=505 rxBytes=846
[62115][I][BLE] enrichment batch received count=18 bytes=846
[62116][I][BLE] enrichment batch consumed count=18
[62116][I][BLE] Enrich batch queued count=18 queueSize=1
[62116][I][BLE] Enrichment batch received count=18 claimed=0 queued=1
[62116][I][BLE] Enrich drain begin count=18 queueSize=1 ageMs=0
[62117][I][BLE] enrich_perf count=18 applied=0 failed=0 deferred=18 storageMs=0 pendingUpload=4487
[62117][I][BLE] Enrich drain done applied=0 failed=0 deferred=18 queueSize=0
[62118][I][BLE] Enrich torrent done drained=1 remaining=0 tookLease=0 preempt=0 elapsedMs=1
[62128][I][STORAGE] RAMSpool worker paused inflight=0 lastInflight=0
[62129][I][STORAGE] Exclusive window begin kind=enrichment reason=manual_enrich_window workerPaused=1 displaySuspended=1
[62129][I][BLE] Manual enrichment window batch count=18 active=1 noData=0 budgetExhausted=0 timeHit=0
[62129][I][STORAGE] RAMSpool worker resumed
[62130][I][STORAGE] Exclusive window end kind=enrichment result=manual_batch_built reason=manual_enrich_window
[62130][I][BLE] enrichment request queued count=18 bytes=180
[62130][I][BLE] Requested enrichment batch count=18 queued=0
[62270][I][BLE] enrichment send mtu=247 attPayload=244 bytes=180 count=18
[62330][I][BLE] enrichment batch sent plain=180 sealed=202 count=18 writeOk=1
[62573][W][BLE] gps decrypt failed: secure decrypt replay/stale counter
[62574][I][BLE] enrichment rx chunk cipher=222 queued=0
[62724][I][BLE] enrichment rx chunk cipher=222 queued=1
[62725][I][BLE] enrichment rx chunk cipher=222 queued=0
[62876][I][BLE] enrichment rx chunk cipher=222 queued=1
[62877][I][BLE] enrichment rx chunk cipher=68 queued=0
[62878][I][BLE] enrich_xfer_perf count=18 sendMs=60 waitMs=548 rxBytes=846
[62878][I][BLE] enrichment batch received count=18 bytes=846
[62879][I][BLE] enrichment batch consumed count=18
[62879][I][BLE] Enrich batch queued count=18 queueSize=1
[62879][I][BLE] Enrichment batch received count=18 claimed=0 queued=1
[62879][I][BLE] Enrich drain begin count=18 queueSize=1 ageMs=0
[62880][I][BLE] enrich_perf count=18 applied=0 failed=0 deferred=18 storageMs=0 pendingUpload=4487
[62880][I][BLE] Enrich drain done applied=0 failed=0 deferred=18 queueSize=0
[62881][I][BLE] Enrich torrent done drained=1 remaining=0 tookLease=0 preempt=0 elapsedMs=2
[62891][I][STORAGE] RAMSpool worker paused inflight=0 lastInflight=0
[62892][I][STORAGE] Exclusive window begin kind=enrichment reason=manual_enrich_window workerPaused=1 displaySuspended=1
[62892][I][BLE] Manual enrichment window batch count=18 active=1 noData=0 budgetExhausted=0 timeHit=0
[62892][I][STORAGE] RAMSpool worker resumed
[62893][I][STORAGE] Exclusive window end kind=enrichment result=manual_batch_built reason=manual_enrich_window
[62893][I][BLE] enrichment request queued count=18 bytes=180
[62893][I][BLE] Requested enrichment batch count=18 queued=0
[63033][I][BLE] enrichment send mtu=247 attPayload=244 bytes=180 count=18
[63080][I][BLE] enrichment batch sent plain=180 sealed=202 count=18 writeOk=1
[63333][I][BLE] enrichment rx chunk cipher=222 queued=1
[63334][I][BLE] enrichment rx chunk cipher=222 queued=0
[63488][I][BLE] enrichment rx chunk cipher=222 queued=0
[63639][I][BLE] enrichment rx chunk cipher=222 queued=1
[63640][I][BLE] enrichment rx chunk cipher=68 queued=0
[63641][I][BLE] enrich_xfer_perf count=18 sendMs=47 waitMs=561 rxBytes=846
[63641][I][BLE] enrichment batch received count=18 bytes=846
[63642][I][BLE] enrichment batch consumed count=18
[63643][I][BLE] Enrich batch queued count=18 queueSize=1
[63643][I][BLE] Enrichment batch received count=18 claimed=0 queued=1
[63643][I][BLE] Enrich drain begin count=18 queueSize=1 ageMs=1
[63644][I][BLE] enrich_perf count=18 applied=0 failed=0 deferred=18 storageMs=1 pendingUpload=4487
[63644][I][BLE] Enrich drain done applied=0 failed=0 deferred=18 queueSize=0
[63644][I][BLE] Enrich torrent done drained=1 remaining=0 tookLease=0 preempt=0 elapsedMs=1
[63654][I][STORAGE] RAMSpool worker paused inflight=0 lastInflight=0
[63655][I][STORAGE] Exclusive window begin kind=enrichment reason=manual_enrich_window workerPaused=1 displaySuspended=1
[63655][I][BLE] Manual enrichment window batch count=18 active=1 noData=0 budgetExhausted=0 timeHit=0
[63656][I][STORAGE] RAMSpool worker resumed
[63656][I][STORAGE] Exclusive window end kind=enrichment result=manual_batch_built reason=manual_enrich_window
[63656][I][BLE] enrichment request queued count=18 bytes=180
[63656][I][BLE] Requested enrichment batch count=18 queued=0
[63796][I][BLE] enrichment batch acknowledged by phone
[63797][I][BLE] enrichment send mtu=247 attPayload=244 bytes=180 count=18
[63830][I][BLE] enrichment batch sent plain=180 sealed=202 count=18 writeOk=1
[64097][I][BLE] enrichment rx chunk cipher=222 queued=0
[64248][I][BLE] enrichment rx chunk cipher=222 queued=1
[64249][I][BLE] enrichment rx chunk cipher=222 queued=0
[64403][I][BLE] enrichment rx chunk cipher=222 queued=1
[64404][I][BLE] enrichment rx chunk cipher=68 queued=0
[64405][I][BLE] enrich_xfer_perf count=18 sendMs=33 waitMs=575 rxBytes=846
[64405][I][BLE] enrichment batch received count=18 bytes=846
[64406][I][BLE] enrichment batch consumed count=18
[64406][I][BLE] Enrich batch queued count=18 queueSize=1
[64406][I][BLE] Enrichment batch received count=18 claimed=0 queued=1
[64406][I][BLE] Enrich drain begin count=18 queueSize=1 ageMs=0
[64407][I][BLE] enrich_perf count=18 applied=0 failed=0 deferred=18 storageMs=0 pendingUpload=4487
[64407][I][BLE] Enrich drain done applied=0 failed=0 deferred=18 queueSize=0
[64408][I][BLE] Enrich torrent done drained=1 remaining=0 tookLease=0 preempt=0 elapsedMs=2
[64418][I][STORAGE] RAMSpool worker paused inflight=0 lastInflight=0
[64419][I][STORAGE] Exclusive window begin kind=enrichment reason=manual_enrich_window workerPaused=1 displaySuspended=1
[64419][I][BLE] Manual enrichment window batch count=18 active=1 noData=0 budgetExhausted=0 timeHit=0
[64419][I][STORAGE] RAMSpool worker resumed
[64420][I][STORAGE] Exclusive window end kind=enrichment result=manual_batch_built reason=manual_enrich_window
[64420][I][BLE] enrichment request queued count=18 bytes=180
[64420][I][BLE] Requested enrichment batch count=18 queued=0
[64560][I][BLE] enrichment send mtu=247 attPayload=244 bytes=180 count=18
[64610][I][BLE] enrichment batch sent plain=180 sealed=202 count=18 writeOk=1
[64860][I][BLE] enrichment rx chunk cipher=222 queued=0
[65011][I][BLE] enrichment rx chunk cipher=222 queued=1
[65012][I][BLE] enrichment rx chunk cipher=222 queued=0
[65163][I][BLE] enrichment rx chunk cipher=222 queued=1
[65164][I][BLE] enrichment rx chunk cipher=68 queued=0
[65165][I][BLE] enrich_xfer_perf count=18 sendMs=50 waitMs=555 rxBytes=846
[65165][I][BLE] enrichment batch received count=18 bytes=846
[65166][I][BLE] enrichment batch consumed count=18
[65166][I][BLE] Enrich batch queued count=18 queueSize=1
[65166][I][BLE] Enrichment batch received count=18 claimed=0 queued=1
[65166][I][BLE] Enrich drain begin count=18 queueSize=1 ageMs=0
[65167][I][BLE] enrich_perf count=18 applied=0 failed=0 deferred=18 storageMs=0 pendingUpload=4487
[65167][I][BLE] Enrich drain done applied=0 failed=0 deferred=18 queueSize=0
[65168][I][BLE] Enrich torrent done drained=1 remaining=0 tookLease=0 preempt=0 elapsedMs=1
[65178][I][STORAGE] RAMSpool worker paused inflight=0 lastInflight=0
[65179][I][STORAGE] Exclusive window begin kind=enrichment reason=manual_enrich_window workerPaused=1 displaySuspended=1
[65179][I][BLE] Manual enrichment window batch count=18 active=1 noData=0 budgetExhausted=0 timeHit=0
[65179][I][STORAGE] RAMSpool worker resumed
[65180][I][STORAGE] Exclusive window end kind=enrichment result=manual_batch_built reason=manual_enrich_window
[65181][I][BLE] enrichment request queued count=18 bytes=180
[65181][I][BLE] Requested enrichment batch count=18 queued=0
[65321][I][BLE] enrichment send mtu=247 attPayload=244 bytes=180 count=18
[65360][I][BLE] enrichment batch sent plain=180 sealed=202 count=18 writeOk=1
[65624][I][BLE] enrichment rx chunk cipher=222 queued=0
[65775][I][BLE] enrichment rx chunk cipher=222 queued=1
[65776][I][BLE] enrichment rx chunk cipher=222 queued=0
[65927][I][BLE] enrichment batch acknowledged by phone
[65928][I][BLE] enrichment rx chunk cipher=222 queued=1
[65929][I][BLE] enrichment rx chunk cipher=68 queued=0
[65930][I][BLE] enrich_xfer_perf count=18 sendMs=39 waitMs=570 rxBytes=846
[65930][I][BLE] enrichment batch received count=18 bytes=846
[65930][I][BLE] enrichment batch consumed count=18
[65931][I][BLE] Enrich batch queued count=18 queueSize=1
[65931][I][BLE] Enrichment batch received count=18 claimed=0 queued=1
[65931][I][BLE] Enrich drain begin count=18 queueSize=1 ageMs=1
[65932][I][BLE] enrich_perf count=18 applied=0 failed=0 deferred=18 storageMs=0 pendingUpload=4487
[65932][I][BLE] Enrich drain done applied=0 failed=0 deferred=18 queueSize=0
[65932][I][BLE] Enrich torrent done drained=1 remaining=0 tookLease=0 preempt=0 elapsedMs=1
[65942][I][STORAGE] RAMSpool worker paused inflight=0 lastInflight=0
[65943][I][STORAGE] Exclusive window begin kind=enrichment reason=manual_enrich_window workerPaused=1 displaySuspended=1
[65943][I][BLE] Manual enrichment window batch count=18 active=1 noData=0 budgetExhausted=0 timeHit=0
[65943][I][STORAGE] RAMSpool worker resumed
[65944][I][STORAGE] Exclusive window end kind=enrichment result=manual_batch_built reason=manual_enrich_window
[65944][I][BLE] enrichment request queued count=18 bytes=180
[65944][I][BLE] Requested enrichment batch count=18 queued=0
[66084][I][BLE] enrichment send mtu=247 attPayload=244 bytes=180 count=18
[66140][I][BLE] enrichment batch sent plain=180 sealed=202 count=18 writeOk=1
[66387][I][BLE] enrichment rx chunk cipher=222 queued=0
[66538][I][BLE] enrichment rx chunk cipher=222 queued=1
[66539][I][BLE] enrichment rx chunk cipher=222 queued=0
[66690][I][BLE] enrichment rx chunk cipher=222 queued=1
[66691][I][BLE] enrichment rx chunk cipher=68 queued=0
[66692][I][BLE] enrich_xfer_perf count=18 sendMs=56 waitMs=552 rxBytes=846
[66692][I][BLE] enrichment batch received count=18 bytes=846
[66693][I][BLE] enrichment batch consumed count=18
[66693][I][BLE] Enrich batch queued count=18 queueSize=1
[66693][I][BLE] Enrichment batch received count=18 claimed=0 queued=1
[66693][I][BLE] Enrich drain begin count=18 queueSize=1 ageMs=0
[66694][I][BLE] enrich_perf count=18 applied=0 failed=0 deferred=18 storageMs=0 pendingUpload=4487
[66694][I][BLE] Enrich drain done applied=0 failed=0 deferred=18 queueSize=0
[66695][I][BLE] Enrich torrent done drained=1 remaining=0 tookLease=0 preempt=0 elapsedMs=2
[66705][I][STORAGE] RAMSpool worker paused inflight=0 lastInflight=0
[66706][I][STORAGE] Exclusive window begin kind=enrichment reason=manual_enrich_window workerPaused=1 displaySuspended=1
[66706][I][BLE] Manual enrichment window batch count=18 active=1 noData=0 budgetExhausted=0 timeHit=0
[66706][I][STORAGE] RAMSpool worker resumed
[66707][I][STORAGE] Exclusive window end kind=enrichment result=manual_batch_built reason=manual_enrich_window
[66707][I][BLE] enrichment request queued count=18 bytes=180
[66707][I][BLE] Requested enrichment batch count=18 queued=0
[66847][I][BLE] enrichment send mtu=247 attPayload=244 bytes=180 count=18
[66890][I][BLE] enrichment batch sent plain=180 sealed=202 count=18 writeOk=1
[67147][I][BLE] enrichment rx chunk cipher=222 queued=0
[67298][I][BLE] enrichment rx chunk cipher=222 queued=1
[67299][I][BLE] enrichment rx chunk cipher=222 queued=0
[67453][I][BLE] enrichment rx chunk cipher=222 queued=1
[67454][I][BLE] enrichment rx chunk cipher=68 queued=0
[67455][I][BLE] enrich_xfer_perf count=18 sendMs=43 waitMs=565 rxBytes=846
[67455][I][BLE] enrichment batch received count=18 bytes=846
[67456][I][BLE] enrichment batch consumed count=18
[67457][I][BLE] Enrich batch queued count=18 queueSize=1
[67457][I][BLE] Enrichment batch received count=18 claimed=0 queued=1
[67457][I][BLE] Enrich drain begin count=18 queueSize=1 ageMs=1
[67458][I][BLE] enrich_perf count=18 applied=0 failed=0 deferred=18 storageMs=0 pendingUpload=4487
[67458][I][BLE] Enrich drain done applied=0 failed=0 deferred=18 queueSize=0
[67458][I][BLE] Enrich torrent done drained=1 remaining=0 tookLease=0 preempt=0 elapsedMs=1
[67469][I][STORAGE] RAMSpool worker paused inflight=0 lastInflight=0
[67470][I][STORAGE] Exclusive window begin kind=enrichment reason=manual_enrich_window workerPaused=1 displaySuspended=1
[67470][I][BLE] Manual enrichment window batch count=18 active=1 noData=0 budgetExhausted=0 timeHit=0
[67471][I][STORAGE] RAMSpool worker resumed
[67471][I][STORAGE] Exclusive window end kind=enrichment result=manual_batch_built reason=manual_enrich_window
[67471][I][BLE] enrichment request queued count=18 bytes=180
[67471][I][BLE] Requested enrichment batch count=18 queued=0
[67611][W][BLE] gps decrypt failed: secure decrypt replay/stale counter
[67612][I][BLE] enrichment send mtu=247 attPayload=244 bytes=180 count=18
[67670][I][BLE] enrichment batch sent plain=180 sealed=202 count=18 writeOk=1
[67783][I][STACK] TaskHardware watermark=10920B min=10920B
[67785][I][HEAP] heap free=7628KB min=7622KB largest=7552KB frag=1% internalFree=16KB internalLargest=8KB psramFree=7612KB core=0/0% owner=BLE_GPS nets=0 pendingUpload=4487 pendingEnrich=4490
[HEALTH] time=2026-08-07 13:37:15 src=ntp
[HEALTH] heap used=796/8424KB free=7628KB min=7622KB largest=7552KB frag=1%
[HEALTH] internal used=216/232KB free=16KB min=10KB largest=8KB
[HEALTH] psram used=580/8192KB free=7612KB largest=7552KB
[HEALTH] stack free_min: core0=11KB/22KB core1=13KB/18KB
[HEALTH] core usage: core0=0% core1=0%
[HEALTH] power=usb state=usb batt=100% 4723mV trend=39mV/min runtime=0min cap=1100mAh charging=1
[HEALTH] radio=BLE_GPS wifi=0 ble=1 gps=0 nets=0 pendingUpload=4487 pendingEnrich=4490
[HEALTH] subghz=NONE mode=OFF pkts=0 nodes=0
[67787][I][STORAGE] RAMSpool enq=0 cons=0 inflight=0/1024 high=0 pressure=0 drop[full=0 big=0 noise=0 p3Evict=0 p3Drop=0 p2Drop=0 p1Fail=0] free=1024
[67787][I][STORAGE] RAMSpool enqueue probe[ok=0 drop=0] device[ok=0 drop=0]
[67787][I][STORAGE] RAMSpool worker probe[ok=0 sup=0 drop=0 fail=0 slow=0] device[ok=0 sup=0 drop=0 fail=0 slow=0] slowTotal=0 maxMs=0
[67788][I][STORAGE] RAMSpool prioEnq p0=0 p1=0 p2=0 p3=0
[67788][I][STORAGE] RAMSpool lanes p1=0/0 p2=0/0 p3=0/0
[67918][I][BLE] worker stack free=7384B min=7384B
[67919][I][BLE] enrichment rx chunk cipher=222 queued=0
[68070][I][BLE] enrichment batch acknowledged by phone
[68071][I][BLE] enrichment rx chunk cipher=222 queued=1
[68072][I][BLE] enrichment rx chunk cipher=222 queued=0
[68222][I][BLE] enrichment rx chunk cipher=222 queued=1
[68223][I][BLE] enrichment rx chunk cipher=68 queued=0
[68224][I][BLE] enrich_xfer_perf count=18 sendMs=58 waitMs=554 rxBytes=846
[68224][I][BLE] enrichment batch received count=18 bytes=846
[68225][I][BLE] enrichment batch consumed count=18
[68225][I][BLE] Enrich batch queued count=18 queueSize=1
[68225][I][BLE] Enrichment batch received count=18 claimed=0 queued=1
[68225][I][BLE] Enrich drain begin count=18 queueSize=1 ageMs=0
[68226][I][BLE] enrich_perf count=18 applied=0 failed=0 deferred=18 storageMs=0 pendingUpload=4487
[68226][I][BLE] Enrich drain done applied=0 failed=0 deferred=18 queueSize=0
[68227][I][BLE] Enrich torrent done drained=1 remaining=0 tookLease=0 preempt=0 elapsedMs=2
[68237][I][STORAGE] RAMSpool worker paused inflight=0 lastInflight=0
[68238][I][STORAGE] Exclusive window begin kind=enrichment reason=manual_enrich_window workerPaused=1 displaySuspended=1
[68238][I][BLE] Manual enrichment window batch count=18 active=1 noData=0 budgetExhausted=0 timeHit=0
[68239][I][STORAGE] RAMSpool worker resumed
[68239][I][STORAGE] Exclusive window end kind=enrichment result=manual_batch_built reason=manual_enrich_window
[68239][I][BLE] enrichment request queued count=18 bytes=180
[68239][I][BLE] Requested enrichment batch count=18 queued=0
[68379][I][BLE] enrichment send mtu=247 attPayload=244 bytes=180 count=18
[68420][I][BLE] enrichment batch sent plain=180 sealed=202 count=18 writeOk=1
[68682][I][BLE] enrichment rx chunk cipher=222 queued=0
[68833][I][BLE] enrichment rx chunk cipher=222 queued=1
[68834][I][BLE] enrichment rx chunk cipher=222 queued=0
[68985][I][BLE] enrichment rx chunk cipher=222 queued=1
[68986][I][BLE] enrichment rx chunk cipher=68 queued=0
[68987][I][BLE] enrich_xfer_perf count=18 sendMs=41 waitMs=567 rxBytes=846
[68987][I][BLE] enrichment batch received count=18 bytes=846
[68988][I][BLE] enrichment batch consumed count=18
[68988][I][BLE] Enrich batch queued count=18 queueSize=1
[68988][I][BLE] Enrichment batch received count=18 claimed=0 queued=1
[68989][I][BLE] Enrich drain begin count=18 queueSize=1 ageMs=0
[68989][I][BLE] enrich_perf count=18 applied=0 failed=0 deferred=18 storageMs=0 pendingUpload=4487
[68990][I][BLE] Enrich drain done applied=0 failed=0 deferred=18 queueSize=0
[68990][I][BLE] Enrich torrent done drained=1 remaining=0 tookLease=0 preempt=0 elapsedMs=2
[69000][I][STORAGE] RAMSpool worker paused inflight=0 lastInflight=0
[69001][I][STORAGE] Exclusive window begin kind=enrichment reason=manual_enrich_window workerPaused=1 displaySuspended=1
[69001][I][BLE] Manual enrichment window batch count=18 active=1 noData=0 budgetExhausted=0 timeHit=0
[69002][I][STORAGE] RAMSpool worker resumed
[69002][I][STORAGE] Exclusive window end kind=enrichment result=manual_batch_built reason=manual_enrich_window
[69002][I][BLE] enrichment request queued count=18 bytes=180
[69002][I][BLE] Requested enrichment batch count=18 queued=0
[69142][I][BLE] enrichment send mtu=247 attPayload=244 bytes=180 count=18
[69200][I][BLE] enrichment batch sent plain=180 sealed=202 count=18 writeOk=1
[69445][I][BLE] enrichment rx chunk cipher=222 queued=0
[69596][I][BLE] enrichment rx chunk cipher=222 queued=1
[69597][I][BLE] enrichment rx chunk cipher=222 queued=0
[69748][I][BLE] enrichment rx chunk cipher=222 queued=1
[69749][I][BLE] enrichment rx chunk cipher=68 queued=0
[69750][I][BLE] enrich_xfer_perf count=18 sendMs=58 waitMs=550 rxBytes=846
[69750][I][BLE] enrichment batch received count=18 bytes=846
[69751][I][BLE] enrichment batch consumed count=18
[69751][I][BLE] Enrich batch queued count=18 queueSize=1
[69751][I][BLE] Enrichment batch received count=18 claimed=0 queued=1
[69751][I][BLE] Enrich drain begin count=18 queueSize=1 ageMs=0
[69752][I][BLE] enrich_perf count=18 applied=0 failed=0 deferred=18 storageMs=0 pendingUpload=4487
[69752][I][BLE] Enrich drain done applied=0 failed=0 deferred=18 queueSize=0
[69753][I][BLE] Enrich torrent done drained=1 remaining=0 tookLease=0 preempt=0 elapsedMs=2
[69763][I][STORAGE] RAMSpool worker paused inflight=0 lastInflight=0
[69764][I][STORAGE] Exclusive window begin kind=enrichment reason=manual_enrich_window workerPaused=1 displaySuspended=1
[69764][I][BLE] Manual enrichment window batch count=18 active=1 noData=0 budgetExhausted=0 timeHit=0
[69765][I][STORAGE] RAMSpool worker resumed
[69765][I][STORAGE] Exclusive window end kind=enrichment result=manual_batch_built reason=manual_enrich_window
[69765][I][BLE] enrichment request queued count=18 bytes=180
[69765][I][BLE] Requested enrichment batch count=18 queued=0
[69905][I][BLE] enrichment send mtu=247 attPayload=244 bytes=180 count=18
[69950][I][BLE] enrichment batch sent plain=180 sealed=202 count=18 writeOk=1
[70205][I][BLE] enrichment batch acknowledged by phone
[70206][I][BLE] enrichment rx chunk cipher=222 queued=0
[70366][I][BLE] enrichment rx chunk cipher=222 queued=1
[70367][I][BLE] enrichment rx chunk cipher=222 queued=0
[70521][I][BLE] enrichment rx chunk cipher=222 queued=1
[70522][I][BLE] enrichment rx chunk cipher=68 queued=0
[70523][I][BLE] enrich_xfer_perf count=18 sendMs=45 waitMs=573 rxBytes=846
[70523][I][BLE] enrichment batch received count=18 bytes=846
[70524][I][BLE] enrichment batch consumed count=18
[70524][I][BLE] Enrich batch queued count=18 queueSize=1
[70524][I][BLE] Enrichment batch received count=18 claimed=0 queued=1
[70524][I][BLE] Enrich drain begin count=18 queueSize=1 ageMs=0
[70525][I][BLE] enrich_perf count=18 applied=0 failed=0 deferred=18 storageMs=0 pendingUpload=4487
[70525][I][BLE] Enrich drain done applied=0 failed=0 deferred=18 queueSize=0
[70526][I][BLE] Enrich torrent done drained=1 remaining=0 tookLease=0 preempt=0 elapsedMs=2
[70536][I][STORAGE] RAMSpool worker paused inflight=0 lastInflight=0
[70537][I][STORAGE] Exclusive window begin kind=enrichment reason=manual_enrich_window workerPaused=1 displaySuspended=1
[70537][I][BLE] Manual enrichment window batch count=18 active=1 noData=0 budgetExhausted=0 timeHit=0
[70537][I][STORAGE] RAMSpool worker resumed
[70538][I][STORAGE] Exclusive window end kind=enrichment result=manual_batch_built reason=manual_enrich_window
[70538][I][BLE] enrichment request queued count=18 bytes=180
[70538][I][BLE] Requested enrichment batch count=18 queued=0
[70678][I][BLE] enrichment send mtu=247 attPayload=244 bytes=180 count=18
[70730][I][BLE] enrichment batch sent plain=180 sealed=202 count=18 writeOk=1
[70978][I][BLE] enrichment rx chunk cipher=222 queued=0
[71120][I][BLE] storage snapshot sent pendingUp=0/4487 pendingEnrich=0/4490 usedPct=18
[71130][I][BLE] enrichment rx chunk cipher=222 queued=1
[71131][I][BLE] enrichment rx chunk cipher=222 queued=0
[71282][I][BLE] enrichment rx chunk cipher=222 queued=1
[71283][I][BLE] enrichment rx chunk cipher=68 queued=0
[71284][I][BLE] enrich_xfer_perf count=18 sendMs=52 waitMs=554 rxBytes=846
[71284][I][BLE] enrichment batch received count=18 bytes=846
[71285][I][BLE] enrichment batch consumed count=18
[71285][I][BLE] Enrich batch queued count=18 queueSize=1
[71285][I][BLE] Enrichment batch received count=18 claimed=0 queued=1
[71285][I][BLE] Enrich drain begin count=18 queueSize=1 ageMs=0
[71286][I][BLE] enrich_perf count=18 applied=0 failed=0 deferred=18 storageMs=0 pendingUpload=4487
[71286][I][BLE] Enrich drain done applied=0 failed=0 deferred=18 queueSize=0
[71287][I][BLE] Enrich torrent done drained=1 remaining=0 tookLease=0 preempt=0 elapsedMs=1
[71297][I][STORAGE] RAMSpool worker paused inflight=0 lastInflight=0
[71298][I][STORAGE] Exclusive window begin kind=enrichment reason=manual_enrich_window workerPaused=1 displaySuspended=1
[71298][I][BLE] Manual enrichment window batch count=18 active=1 noData=0 budgetExhausted=0 timeHit=0
[71299][I][STORAGE] RAMSpool worker resumed
[71299][I][STORAGE] Exclusive window end kind=enrichment result=manual_batch_built reason=manual_enrich_window
[71299][I][BLE] enrichment request queued count=18 bytes=180
[71299][I][BLE] Requested enrichment batch count=18 queued=0
[71442][I][BLE] enrichment send mtu=247 attPayload=244 bytes=180 count=18
[71510][I][BLE] enrichment batch sent plain=180 sealed=202 count=18 writeOk=1
[71742][I][BLE] enrichment rx chunk cipher=222 queued=0
[71893][I][BLE] enrichment rx chunk cipher=222 queued=1
[71894][I][BLE] enrichment rx chunk cipher=222 queued=0
[72045][I][BLE] enrichment rx chunk cipher=222 queued=1
[72046][I][BLE] enrichment rx chunk cipher=68 queued=0
[72047][I][BLE] enrich_xfer_perf count=18 sendMs=68 waitMs=537 rxBytes=846
[72047][I][BLE] enrichment batch received count=18 bytes=846
[72048][I][BLE] enrichment batch consumed count=18
[72048][I][BLE] Enrich batch queued count=18 queueSize=1
[72048][I][BLE] Enrichment batch received count=18 claimed=0 queued=1
[72048][I][BLE] Enrich drain begin count=18 queueSize=1 ageMs=0
[72049][I][BLE] enrich_perf count=18 applied=0 failed=0 deferred=18 storageMs=0 pendingUpload=4487
[72050][I][BLE] Enrich drain done applied=0 failed=0 deferred=18 queueSize=0
[72050][I][BLE] Enrich torrent done drained=1 remaining=0 tookLease=0 preempt=0 elapsedMs=2
[72060][I][STORAGE] RAMSpool worker paused inflight=0 lastInflight=0
[72061][I][STORAGE] Exclusive window begin kind=enrichment reason=manual_enrich_window workerPaused=1 displaySuspended=1
[72061][I][BLE] Manual enrichment window batch count=18 active=1 noData=0 budgetExhausted=0 timeHit=0
[72061][I][STORAGE] RAMSpool worker resumed
[72062][I][STORAGE] Exclusive window end kind=enrichment result=manual_batch_built reason=manual_enrich_window
[72062][I][BLE] enrichment request queued count=18 bytes=180
[72062][I][BLE] Requested enrichment batch count=18 queued=0
[72260][I][BLE] enrichment send mtu=247 attPayload=244 bytes=180 count=18
[72320][I][BLE] enrichment batch sent plain=180 sealed=202 count=18 writeOk=1
[72388][I][BLE] enrichment batch acknowledged by phone
[72541][I][BLE] enrichment rx chunk cipher=222 queued=0
[72692][W][BLE] gps decrypt failed: secure decrypt replay/stale counter
[72693][I][BLE] enrichment rx chunk cipher=222 queued=1
[72693][I][BLE] enrichment rx chunk cipher=222 queued=0
[72844][I][BLE] enrichment rx chunk cipher=222 queued=1
[72845][I][BLE] enrichment rx chunk cipher=68 queued=0
[72846][I][BLE] enrich_xfer_perf count=18 sendMs=60 waitMs=526 rxBytes=846
[72846][I][BLE] enrichment batch received count=18 bytes=846
[72847][I][BLE] enrichment batch consumed count=18
[72847][I][BLE] Enrich batch queued count=18 queueSize=1
[72847][I][BLE] Enrichment batch received count=18 claimed=0 queued=1
[72847][I][BLE] Enrich drain begin count=18 queueSize=1 ageMs=0
[72848][I][BLE] enrich_perf count=18 applied=0 failed=0 deferred=18 storageMs=0 pendingUpload=4487
[72848][I][BLE] Enrich drain done applied=0 failed=0 deferred=18 queueSize=0
[72849][I][BLE] Enrich torrent done drained=1 remaining=0 tookLease=0 preempt=0 elapsedMs=2
[72859][I][STORAGE] RAMSpool worker paused inflight=0 lastInflight=0
[72860][I][STORAGE] Exclusive window begin kind=enrichment reason=manual_enrich_window workerPaused=1 displaySuspended=1
[72860][I][BLE] Manual enrichment window batch count=18 active=1 noData=0 budgetExhausted=0 timeHit=0
[72860][I][STORAGE] RAMSpool worker resumed
[72861][I][STORAGE] Exclusive window end kind=enrichment result=manual_batch_built reason=manual_enrich_window
[72861][I][BLE] enrichment request queued count=18 bytes=180
[72861][I][BLE] Requested enrichment batch count=18 queued=0
[73001][I][BLE] enrichment send mtu=247 attPayload=244 bytes=180 count=18
[73040][I][BLE] enrichment batch sent plain=180 sealed=202 count=18 writeOk=1
[73301][I][BLE] enrichment rx chunk cipher=222 queued=0
[73455][I][BLE] enrichment rx chunk cipher=222 queued=1
[73456][I][BLE] enrichment rx chunk cipher=222 queued=0
[73607][I][BLE] enrichment rx chunk cipher=222 queued=1
[73608][I][BLE] enrichment rx chunk cipher=68 queued=0
[73609][I][BLE] enrich_xfer_perf count=18 sendMs=39 waitMs=569 rxBytes=846
[73609][I][BLE] enrichment batch received count=18 bytes=846
[73610][I][BLE] enrichment batch consumed count=18
[73610][I][BLE] Enrich batch queued count=18 queueSize=1
[73610][I][BLE] Enrichment batch received count=18 claimed=0 queued=1
[73610][I][BLE] Enrich drain begin count=18 queueSize=1 ageMs=0
[73611][I][BLE] enrich_perf count=18 applied=0 failed=0 deferred=18 storageMs=0 pendingUpload=4487
[73612][I][BLE] Enrich drain done applied=0 failed=0 deferred=18 queueSize=0
[73612][I][BLE] Enrich torrent done drained=1 remaining=0 tookLease=0 preempt=0 elapsedMs=2
[73622][I][STORAGE] RAMSpool worker paused inflight=0 lastInflight=0
[73623][I][STORAGE] Exclusive window begin kind=enrichment reason=manual_enrich_window workerPaused=1 displaySuspended=1
[73623][I][BLE] Manual enrichment window batch count=18 active=1 noData=0 budgetExhausted=0 timeHit=0
[73623][I][STORAGE] RAMSpool worker resumed
[73624][I][STORAGE] Exclusive window end kind=enrichment result=manual_batch_built reason=manual_enrich_window
[73624][I][BLE] enrichment request queued count=18 bytes=180
[73624][I][BLE] Requested enrichment batch count=18 queued=0
[73764][I][BLE] enrichment send mtu=247 attPayload=244 bytes=180 count=18
[73820][I][BLE] enrichment batch sent plain=180 sealed=202 count=18 writeOk=1
[74064][I][BLE] enrichment rx chunk cipher=222 queued=0
[74215][I][BLE] enrichment rx chunk cipher=222 queued=1
[74216][I][BLE] enrichment rx chunk cipher=222 queued=0
[74367][I][BLE] enrichment batch acknowledged by phone
[74368][I][BLE] enrichment rx chunk cipher=222 queued=1
[74369][I][BLE] enrichment rx chunk cipher=68 queued=0
[74369][I][BLE] enrich_xfer_perf count=18 sendMs=56 waitMs=549 rxBytes=846
[74370][I][BLE] enrichment batch received count=18 bytes=846
[74370][I][BLE] enrichment batch consumed count=18
[74370][I][BLE] Enrich batch queued count=18 queueSize=1
[74371][I][BLE] Enrichment batch received count=18 claimed=0 queued=1
[74371][I][BLE] Enrich drain begin count=18 queueSize=1 ageMs=1
[74372][I][BLE] enrich_perf count=18 applied=0 failed=0 deferred=18 storageMs=0 pendingUpload=4487
[74372][I][BLE] Enrich drain done applied=0 failed=0 deferred=18 queueSize=0
[74372][I][BLE] Enrich torrent done drained=1 remaining=0 tookLease=0 preempt=0 elapsedMs=1
[74382][I][STORAGE] RAMSpool worker paused inflight=0 lastInflight=0
[74383][I][STORAGE] Exclusive window begin kind=enrichment reason=manual_enrich_window workerPaused=1 displaySuspended=1
[74383][I][BLE] Manual enrichment window batch count=18 active=1 noData=0 budgetExhausted=0 timeHit=0
[74383][I][STORAGE] RAMSpool worker resumed
[74384][I][STORAGE] Exclusive window end kind=enrichment result=manual_batch_built reason=manual_enrich_window
[74384][I][BLE] enrichment request queued count=18 bytes=180
[74384][I][BLE] Requested enrichment batch count=18 queued=0
[74527][I][BLE] enrichment send mtu=247 attPayload=244 bytes=180 count=18
[74570][I][BLE] enrichment batch sent plain=180 sealed=202 count=18 writeOk=1
[74827][I][BLE] enrichment rx chunk cipher=222 queued=1
[74828][I][BLE] enrichment rx chunk cipher=222 queued=0
[74979][I][BLE] enrichment rx chunk cipher=222 queued=0
[75130][I][BLE] enrichment rx chunk cipher=222 queued=1
[75131][I][BLE] enrichment rx chunk cipher=68 queued=0
[75132][I][BLE] enrich_xfer_perf count=18 sendMs=43 waitMs=562 rxBytes=846
[75132][I][BLE] enrichment batch received count=18 bytes=846
[75133][I][BLE] enrichment batch consumed count=18
[75133][I][BLE] Enrich batch queued count=18 queueSize=1
[75133][I][BLE] Enrichment batch received count=18 claimed=0 queued=1
[75133][I][BLE] Enrich drain begin count=18 queueSize=1 ageMs=0
[75134][I][BLE] enrich_perf count=18 applied=0 failed=0 deferred=18 storageMs=0 pendingUpload=4487
[75134][I][BLE] Enrich drain done applied=0 failed=0 deferred=18 queueSize=0
[75135][I][BLE] Enrich torrent done drained=1 remaining=0 tookLease=0 preempt=0 elapsedMs=2
[75145][I][STORAGE] RAMSpool worker paused inflight=0 lastInflight=0
[75146][I][STORAGE] Exclusive window begin kind=enrichment reason=manual_enrich_window workerPaused=1 displaySuspended=1
[75146][I][BLE] Manual enrichment window batch count=18 active=1 noData=0 budgetExhausted=0 timeHit=0
[75146][I][STORAGE] RAMSpool worker resumed
[75147][I][STORAGE] Exclusive window end kind=enrichment result=manual_batch_built reason=manual_enrich_window
[75147][I][BLE] enrichment request queued count=18 bytes=180
[75147][I][BLE] Requested enrichment batch count=18 queued=0
[75287][I][BLE] enrichment send mtu=247 attPayload=244 bytes=180 count=18
[75320][I][BLE] enrichment batch sent plain=180 sealed=202 count=18 writeOk=1
[75590][I][BLE] enrichment rx chunk cipher=222 queued=0
[75741][I][BLE] enrichment rx chunk cipher=222 queued=1
[75743][I][BLE] enrichment rx chunk cipher=222 queued=1
[75743][I][BLE] enrichment rx chunk cipher=222 queued=0
[75894][I][BLE] enrichment rx chunk cipher=68 queued=0
[75895][I][BLE] enrich_xfer_perf count=18 sendMs=33 waitMs=575 rxBytes=846
[75895][I][BLE] enrichment batch received count=18 bytes=846
[75896][I][BLE] enrichment batch consumed count=18
[75896][I][BLE] Enrich batch queued count=18 queueSize=1
[75896][I][BLE] Enrichment batch received count=18 claimed=0 queued=1
[75897][I][BLE] Enrich drain begin count=18 queueSize=1 ageMs=0
[75897][I][BLE] enrich_perf count=18 applied=0 failed=0 deferred=18 storageMs=0 pendingUpload=4487
[75898][I][BLE] Enrich drain done applied=0 failed=0 deferred=18 queueSize=0
[75898][I][BLE] Enrich torrent done drained=1 remaining=0 tookLease=0 preempt=0 elapsedMs=2
[75908][I][STORAGE] RAMSpool worker paused inflight=0 lastInflight=0
[75909][I][STORAGE] Exclusive window begin kind=enrichment reason=manual_enrich_window workerPaused=1 displaySuspended=1
[75909][I][BLE] Manual enrichment window batch count=18 active=1 noData=0 budgetExhausted=0 timeHit=0
[75909][I][STORAGE] RAMSpool worker resumed
[75910][I][STORAGE] Exclusive window end kind=enrichment result=manual_batch_built reason=manual_enrich_window
[75910][I][BLE] enrichment request queued count=18 bytes=180
[75910][I][BLE] Requested enrichment batch count=18 queued=0
[76050][I][BLE] enrichment send mtu=247 attPayload=244 bytes=180 count=18
[76100][I][BLE] enrichment batch sent plain=180 sealed=202 count=18 writeOk=1
[76350][I][BLE] enrichment rx chunk cipher=222 queued=0
[76504][I][BLE] enrichment batch acknowledged by phone
[76505][I][BLE] enrichment rx chunk cipher=222 queued=1
[76506][I][BLE] enrichment rx chunk cipher=222 queued=0
[76656][I][BLE] enrichment rx chunk cipher=222 queued=1
[76657][I][BLE] enrichment rx chunk cipher=68 queued=0
[76658][I][BLE] enrich_xfer_perf count=18 sendMs=50 waitMs=558 rxBytes=846
[76658][I][BLE] enrichment batch received count=18 bytes=846
[76659][I][BLE] enrichment batch consumed count=18
[76659][I][BLE] Enrich batch queued count=18 queueSize=1
[76659][I][BLE] Enrichment batch received count=18 claimed=0 queued=1
[76659][I][BLE] Enrich drain begin count=18 queueSize=1 ageMs=0
[76660][I][BLE] enrich_perf count=18 applied=0 failed=0 deferred=18 storageMs=0 pendingUpload=4487
[76660][I][BLE] Enrich drain done applied=0 failed=0 deferred=18 queueSize=0
[76661][I][BLE] Enrich torrent done drained=1 remaining=0 tookLease=0 preempt=0 elapsedMs=2
[76671][I][STORAGE] RAMSpool worker paused inflight=0 lastInflight=0
[76672][I][STORAGE] Exclusive window begin kind=enrichment reason=manual_enrich_window workerPaused=1 displaySuspended=1
[76672][I][BLE] Manual enrichment window batch count=18 active=1 noData=0 budgetExhausted=0 timeHit=0
[76672][I][STORAGE] RAMSpool worker resumed
[76673][I][STORAGE] Exclusive window end kind=enrichment result=manual_batch_built reason=manual_enrich_window
[76673][I][BLE] enrichment request queued count=18 bytes=180
[76673][I][BLE] Requested enrichment batch count=18 queued=0
[76813][I][BLE] enrichment send mtu=247 attPayload=244 bytes=180 count=18
[76850][I][BLE] enrichment batch sent plain=180 sealed=202 count=18 writeOk=1
[77113][I][BLE] enrichment rx chunk cipher=222 queued=0
[77264][I][BLE] enrichment rx chunk cipher=222 queued=1
[77265][I][BLE] enrichment rx chunk cipher=222 queued=0
[77416][I][BLE] enrichment rx chunk cipher=222 queued=1
[77417][I][BLE] enrichment rx chunk cipher=68 queued=0
[77418][I][BLE] enrich_xfer_perf count=18 sendMs=37 waitMs=568 rxBytes=846
[77418][I][BLE] enrichment batch received count=18 bytes=846
[77419][I][BLE] enrichment batch consumed count=18
[77419][I][BLE] Enrich batch queued count=18 queueSize=1
[77419][I][BLE] Enrichment batch received count=18 claimed=0 queued=1
[77419][I][BLE] Enrich drain begin count=18 queueSize=1 ageMs=0
[77420][I][BLE] enrich_perf count=18 applied=0 failed=0 deferred=18 storageMs=0 pendingUpload=4487
[77421][I][BLE] Enrich drain done applied=0 failed=0 deferred=18 queueSize=0
[77421][I][BLE] Enrich torrent done drained=1 remaining=0 tookLease=0 preempt=0 elapsedMs=2
[77434][I][STORAGE] RAMSpool worker paused inflight=0 lastInflight=0
[77434][I][STORAGE] Exclusive window begin kind=enrichment reason=manual_enrich_window workerPaused=1 displaySuspended=1
[77435][I][BLE] Manual enrichment window batch count=18 active=1 noData=0 budgetExhausted=0 timeHit=0
[77435][I][STORAGE] RAMSpool worker resumed
[77435][I][STORAGE] Exclusive window end kind=enrichment result=manual_batch_built reason=manual_enrich_window
[77435][I][BLE] enrichment request queued count=18 bytes=180
[77435][I][BLE] Requested enrichment batch count=18 queued=0
[77630][I][BLE] enrichment send mtu=247 attPayload=244 bytes=180 count=18
[77690][I][BLE] enrichment batch sent plain=180 sealed=202 count=18 writeOk=1
[77725][W][BLE] gps decrypt failed: secure decrypt replay/stale counter
[77885][I][BLE] enrichment rx chunk cipher=222 queued=0
[78036][I][BLE] enrichment rx chunk cipher=222 queued=1
[78037][I][BLE] enrichment rx chunk cipher=222 queued=0
[78188][I][BLE] enrichment rx chunk cipher=222 queued=1
[78189][I][BLE] enrichment rx chunk cipher=68 queued=0
[78190][I][BLE] enrich_xfer_perf count=18 sendMs=60 waitMs=500 rxBytes=846
[78190][I][BLE] enrichment batch received count=18 bytes=846
[78191][I][BLE] enrichment batch consumed count=18
[78191][I][BLE] Enrich batch queued count=18 queueSize=1
[78191][I][BLE] Enrichment batch received count=18 claimed=0 queued=1
[78191][I][BLE] Enrich drain begin count=18 queueSize=1 ageMs=0
[78192][I][BLE] enrich_perf count=18 applied=0 failed=0 deferred=18 storageMs=0 pendingUpload=4487
[78192][I][BLE] Enrich drain done applied=0 failed=0 deferred=18 queueSize=0
[78193][I][BLE] Enrich torrent done drained=1 remaining=0 tookLease=0 preempt=0 elapsedMs=1
[78203][I][STORAGE] RAMSpool worker paused inflight=0 lastInflight=0
[78204][I][STORAGE] Exclusive window begin kind=enrichment reason=manual_enrich_window workerPaused=1 displaySuspended=1
[78204][I][BLE] Manual enrichment window batch count=18 active=1 noData=0 budgetExhausted=0 timeHit=0
[78204][I][STORAGE] RAMSpool worker resumed
[78205][I][STORAGE] Exclusive window end kind=enrichment result=manual_batch_built reason=manual_enrich_window
[78205][I][BLE] enrichment request queued count=18 bytes=180
[78205][I][BLE] Requested enrichment batch count=18 queued=0
[78345][I][BLE] enrichment send mtu=247 attPayload=244 bytes=180 count=18
[78380][I][BLE] enrichment batch sent plain=180 sealed=202 count=18 writeOk=1
[78647][I][BLE] enrichment batch acknowledged by phone
[78648][I][BLE] enrichment rx chunk cipher=222 queued=0
[78799][I][BLE] enrichment rx chunk cipher=222 queued=1
[78800][I][BLE] enrichment rx chunk cipher=222 queued=0
[78951][I][BLE] enrichment rx chunk cipher=222 queued=1
[78952][I][BLE] enrichment rx chunk cipher=68 queued=0
[78953][I][BLE] enrich_xfer_perf count=18 sendMs=35 waitMs=573 rxBytes=846
[78953][I][BLE] enrichment batch received count=18 bytes=846
[78954][I][BLE] enrichment batch consumed count=18
[78954][I][BLE] Enrich batch queued count=18 queueSize=1
[78954][I][BLE] Enrichment batch received count=18 claimed=0 queued=1
[78954][I][BLE] Enrich drain begin count=18 queueSize=1 ageMs=0
[78955][I][BLE] enrich_perf count=18 applied=0 failed=0 deferred=18 storageMs=0 pendingUpload=4487
[78956][I][BLE] Enrich drain done applied=0 failed=0 deferred=18 queueSize=0
[78956][I][BLE] Enrich torrent done drained=1 remaining=0 tookLease=0 preempt=0 elapsedMs=2
[78966][I][STORAGE] RAMSpool worker paused inflight=0 lastInflight=0
[78967][I][STORAGE] Exclusive window begin kind=enrichment reason=manual_enrich_window workerPaused=1 displaySuspended=1
[78967][I][BLE] Manual enrichment window batch count=18 active=1 noData=0 budgetExhausted=0 timeHit=0
[78967][I][STORAGE] RAMSpool worker resumed
[78968][I][STORAGE] Exclusive window end kind=enrichment result=manual_batch_built reason=manual_enrich_window
[78968][I][BLE] enrichment request queued count=18 bytes=180
[78968][I][BLE] Requested enrichment batch count=18 queued=0
[79108][I][BLE] enrichment send mtu=247 attPayload=244 bytes=180 count=18
[79160][I][BLE] enrichment batch sent plain=180 sealed=202 count=18 writeOk=1
[79408][I][BLE] enrichment rx chunk cipher=222 queued=1
[79409][I][BLE] enrichment rx chunk cipher=222 queued=0
[79562][I][BLE] enrichment rx chunk cipher=222 queued=0
[79713][I][BLE] enrichment rx chunk cipher=222 queued=1
[79714][I][BLE] enrichment rx chunk cipher=68 queued=0
[79715][I][BLE] enrich_xfer_perf count=18 sendMs=52 waitMs=555 rxBytes=846
[79715][I][BLE] enrichment batch received count=18 bytes=846
[79716][I][BLE] enrichment batch consumed count=18
[79716][I][BLE] Enrich batch queued count=18 queueSize=1
[79716][I][BLE] Enrichment batch received count=18 claimed=0 queued=1
[79716][I][BLE] Enrich drain begin count=18 queueSize=1 ageMs=0
[79717][I][BLE] enrich_perf count=18 applied=0 failed=0 deferred=18 storageMs=0 pendingUpload=4487
[79717][I][BLE] Enrich drain done applied=0 failed=0 deferred=18 queueSize=0
[79718][I][BLE] Enrich torrent done drained=1 remaining=0 tookLease=0 preempt=0 elapsedMs=2
[79728][I][STORAGE] RAMSpool worker paused inflight=0 lastInflight=0
[79729][I][STORAGE] Exclusive window begin kind=enrichment reason=manual_enrich_window workerPaused=1 displaySuspended=1
[79729][I][BLE] Manual enrichment window batch count=18 active=1 noData=0 budgetExhausted=0 timeHit=0
[79730][I][STORAGE] RAMSpool worker resumed
[79730][I][STORAGE] Exclusive window end kind=enrichment result=manual_batch_built reason=manual_enrich_window
[79730][I][BLE] enrichment request queued count=18 bytes=180
[79730][I][BLE] Requested enrichment batch count=18 queued=0
[79870][I][BLE] enrichment send mtu=247 attPayload=244 bytes=180 count=18
[79910][I][BLE] enrichment batch sent plain=180 sealed=202 count=18 writeOk=1
[80170][I][BLE] enrichment rx chunk cipher=222 queued=1
[80171][I][BLE] enrichment rx chunk cipher=222 queued=0
[80322][I][BLE] enrichment rx chunk cipher=222 queued=0
[80475][I][BLE] enrichment rx chunk cipher=222 queued=1
[80476][I][BLE] enrichment rx chunk cipher=68 queued=0
[80477][I][BLE] enrich_xfer_perf count=18 sendMs=40 waitMs=567 rxBytes=846
[80477][I][BLE] enrichment batch received count=18 bytes=846
[80478][I][BLE] enrichment batch consumed count=18
[80478][I][BLE] Enrich batch queued count=18 queueSize=1
[80478][I][BLE] Enrichment batch received count=18 claimed=0 queued=1
[80478][I][BLE] Enrich drain begin count=18 queueSize=1 ageMs=0
[80479][I][BLE] enrich_perf count=18 applied=0 failed=0 deferred=18 storageMs=0 pendingUpload=4487
[80480][I][BLE] Enrich drain done applied=0 failed=0 deferred=18 queueSize=0
[80480][I][BLE] Enrich torrent done drained=1 remaining=0 tookLease=0 preempt=0 elapsedMs=2
[80490][I][STORAGE] RAMSpool worker paused inflight=0 lastInflight=0
[80491][I][STORAGE] Exclusive window begin kind=enrichment reason=manual_enrich_window workerPaused=1 displaySuspended=1
[80491][I][BLE] Manual enrichment window batch count=18 active=1 noData=0 budgetExhausted=0 timeHit=0
[80491][I][STORAGE] RAMSpool worker resumed
[80492][I][STORAGE] Exclusive window end kind=enrichment result=manual_batch_built reason=manual_enrich_window
[80492][I][BLE] enrichment request queued count=18 bytes=180
[80492][I][BLE] Requested enrichment batch count=18 queued=0
[80690][I][BLE] enrichment send mtu=247 attPayload=244 bytes=180 count=18
[80750][I][BLE] enrichment batch sent plain=180 sealed=202 count=18 writeOk=1
[80782][I][BLE] enrichment batch acknowledged by phone
[80933][I][BLE] enrichment rx chunk cipher=222 queued=0
[81084][I][BLE] enrichment rx chunk cipher=222 queued=0
[81235][I][BLE] enrichment rx chunk cipher=222 queued=1
[81236][I][BLE] enrichment rx chunk cipher=222 queued=0
[81387][I][BLE] enrichment rx chunk cipher=68 queued=0
[81388][I][BLE] enrich_xfer_perf count=18 sendMs=60 waitMs=638 rxBytes=846
[81388][I][BLE] enrichment batch received count=18 bytes=846
[81389][I][BLE] enrichment batch consumed count=18
[81389][I][BLE] Enrich batch queued count=18 queueSize=1
[81389][I][BLE] Enrichment batch received count=18 claimed=0 queued=1
[81389][I][BLE] Enrich drain begin count=18 queueSize=1 ageMs=0
[81390][I][BLE] enrich_perf count=18 applied=0 failed=0 deferred=18 storageMs=0 pendingUpload=4487
[81390][I][BLE] Enrich drain done applied=0 failed=0 deferred=18 queueSize=0
[81391][I][BLE] Enrich torrent done drained=1 remaining=0 tookLease=0 preempt=0 elapsedMs=2
[81401][I][STORAGE] RAMSpool worker paused inflight=0 lastInflight=0
[81402][I][STORAGE] Exclusive window begin kind=enrichment reason=manual_enrich_window workerPaused=1 displaySuspended=1
[81402][I][BLE] Manual enrichment window batch count=18 active=1 noData=0 budgetExhausted=0 timeHit=0
[81403][I][STORAGE] RAMSpool worker resumed
[81403][I][STORAGE] Exclusive window end kind=enrichment result=manual_batch_built reason=manual_enrich_window
[81403][I][BLE] enrichment request queued count=18 bytes=180
[81403][I][BLE] Requested enrichment batch count=18 queued=0
[81545][I][BLE] enrichment send mtu=247 attPayload=244 bytes=180 count=18
[81590][I][BLE] enrichment batch sent plain=180 sealed=202 count=18 writeOk=1
[81845][I][BLE] enrichment rx chunk cipher=222 queued=0
[81996][I][BLE] enrichment rx chunk cipher=222 queued=1
[81997][I][BLE] enrichment rx chunk cipher=222 queued=0
[82148][I][BLE] enrichment rx chunk cipher=222 queued=1
[82149][I][BLE] enrichment rx chunk cipher=68 queued=0
[82150][I][BLE] enrich_xfer_perf count=18 sendMs=45 waitMs=560 rxBytes=846
[82150][I][BLE] enrichment batch received count=18 bytes=846
[82151][I][BLE] enrichment batch consumed count=18
[82151][I][BLE] Enrich batch queued count=18 queueSize=1
[82151][I][BLE] Enrichment batch received count=18 claimed=0 queued=1
[82151][I][BLE] Enrich drain begin count=18 queueSize=1 ageMs=0
[82152][I][BLE] enrich_perf count=18 applied=0 failed=0 deferred=18 storageMs=0 pendingUpload=4487
[82152][I][BLE] Enrich drain done applied=0 failed=0 deferred=18 queueSize=0
[82153][I][BLE] Enrich torrent done drained=1 remaining=0 tookLease=0 preempt=0 elapsedMs=2
[82163][I][STORAGE] RAMSpool worker paused inflight=0 lastInflight=0
[82164][I][STORAGE] Exclusive window begin kind=enrichment reason=manual_enrich_window workerPaused=1 displaySuspended=1
[82164][I][BLE] Manual enrichment window batch count=18 active=1 noData=0 budgetExhausted=0 timeHit=0
[82164][I][STORAGE] RAMSpool worker resumed
[82165][I][STORAGE] Exclusive window end kind=enrichment result=manual_batch_built reason=manual_enrich_window
[82165][I][BLE] enrichment request queued count=18 bytes=180
[82165][I][BLE] Requested enrichment batch count=18 queued=0
[82305][I][BLE] enrichment send mtu=247 attPayload=244 bytes=180 count=18
[82340][I][BLE] enrichment batch sent plain=180 sealed=202 count=18 writeOk=1
[82607][I][BLE] enrichment rx chunk cipher=222 queued=0
[82758][W][BLE] gps decrypt failed: secure decrypt replay/stale counter
[82759][I][BLE] enrichment rx chunk cipher=222 queued=1
[82759][I][BLE] enrichment rx chunk cipher=222 queued=0
[82910][I][BLE] enrichment batch acknowledged by phone
[82911][I][BLE] enrichment rx chunk cipher=222 queued=1
[82912][I][BLE] enrichment rx chunk cipher=68 queued=0
[82912][I][BLE] enrich_xfer_perf count=18 sendMs=35 waitMs=572 rxBytes=846
[82913][I][BLE] enrichment batch received count=18 bytes=846
[82913][I][BLE] enrichment batch consumed count=18
[82913][I][BLE] Enrich batch queued count=18 queueSize=1
[82914][I][BLE] Enrichment batch received count=18 claimed=0 queued=1
[82914][I][BLE] Enrich drain begin count=18 queueSize=1 ageMs=1
[82915][I][BLE] enrich_perf count=18 applied=0 failed=0 deferred=18 storageMs=0 pendingUpload=4487
[82915][I][BLE] Enrich drain done applied=0 failed=0 deferred=18 queueSize=0
[82915][I][BLE] Enrich torrent done drained=1 remaining=0 tookLease=0 preempt=0 elapsedMs=1
[82925][I][STORAGE] RAMSpool worker paused inflight=0 lastInflight=0
[82926][I][STORAGE] Exclusive window begin kind=enrichment reason=manual_enrich_window workerPaused=1 displaySuspended=1
[82926][I][BLE] Manual enrichment window batch count=18 active=1 noData=0 budgetExhausted=0 timeHit=0
[82926][I][STORAGE] RAMSpool worker resumed
[82927][I][STORAGE] Exclusive window end kind=enrichment result=manual_batch_built reason=manual_enrich_window
[82927][I][BLE] enrichment request queued count=18 bytes=180
[82927][I][BLE] Requested enrichment batch count=18 queued=0
[83067][I][BLE] enrichment send mtu=247 attPayload=244 bytes=180 count=18
[83120][I][BLE] enrichment batch sent plain=180 sealed=202 count=18 writeOk=1
[83367][I][BLE] enrichment rx chunk cipher=222 queued=0
[83520][I][BLE] enrichment rx chunk cipher=222 queued=1
[83521][I][BLE] enrichment rx chunk cipher=222 queued=0
[83672][I][BLE] enrichment rx chunk cipher=222 queued=1
[83673][I][BLE] enrichment rx chunk cipher=68 queued=0
[83674][I][BLE] enrich_xfer_perf count=18 sendMs=53 waitMs=554 rxBytes=846
[83674][I][BLE] enrichment batch received count=18 bytes=846
[83675][I][BLE] enrichment batch consumed count=18
[83675][I][BLE] Enrich batch queued count=18 queueSize=1
[83675][I][BLE] Enrichment batch received count=18 claimed=0 queued=1
[83675][I][BLE] Enrich drain begin count=18 queueSize=1 ageMs=0
[83676][I][BLE] enrich_perf count=18 applied=0 failed=0 deferred=18 storageMs=0 pendingUpload=4487
[83676][I][BLE] Enrich drain done applied=0 failed=0 deferred=18 queueSize=0
[83677][I][BLE] Enrich torrent done drained=1 remaining=0 tookLease=0 preempt=0 elapsedMs=1
[83687][I][STORAGE] RAMSpool worker paused inflight=0 lastInflight=0
[83688][I][STORAGE] Exclusive window begin kind=enrichment reason=manual_enrich_window workerPaused=1 displaySuspended=1
[83688][I][BLE] Manual enrichment window batch count=18 active=1 noData=0 budgetExhausted=0 timeHit=0
[83688][I][STORAGE] RAMSpool worker resumed
[83689][I][STORAGE] Exclusive window end kind=enrichment result=manual_batch_built reason=manual_enrich_window
[83689][I][BLE] enrichment request queued count=18 bytes=180
[83689][I][BLE] Requested enrichment batch count=18 queued=0
[83829][I][BLE] enrichment send mtu=247 attPayload=244 bytes=180 count=18
[83870][I][BLE] enrichment batch sent plain=180 sealed=202 count=18 writeOk=1
[84129][I][BLE] enrichment rx chunk cipher=222 queued=1
[84130][I][BLE] enrichment rx chunk cipher=222 queued=0
[84281][I][BLE] enrichment rx chunk cipher=222 queued=0
[84432][I][BLE] enrichment rx chunk cipher=222 queued=1
[84433][I][BLE] enrichment rx chunk cipher=68 queued=0
[84434][I][BLE] enrich_xfer_perf count=18 sendMs=41 waitMs=564 rxBytes=846
[84434][I][BLE] enrichment batch received count=18 bytes=846
[84435][I][BLE] enrichment batch consumed count=18
[84435][I][BLE] Enrich batch queued count=18 queueSize=1
[84435][I][BLE] Enrichment batch received count=18 claimed=0 queued=1
[84435][I][BLE] Enrich drain begin count=18 queueSize=1 ageMs=0
[84436][I][BLE] enrich_perf count=18 applied=0 failed=0 deferred=18 storageMs=0 pendingUpload=4487
[84436][I][BLE] Enrich drain done applied=0 failed=0 deferred=18 queueSize=0
[84437][I][BLE] Enrich torrent done drained=1 remaining=0 tookLease=0 preempt=0 elapsedMs=2
[84447][I][STORAGE] RAMSpool worker paused inflight=0 lastInflight=0
[84448][I][STORAGE] Exclusive window begin kind=enrichment reason=manual_enrich_window workerPaused=1 displaySuspended=1
[84448][I][BLE] Manual enrichment window batch count=18 active=1 noData=0 budgetExhausted=0 timeHit=0
[84448][I][STORAGE] RAMSpool worker resumed
[84449][I][STORAGE] Exclusive window end kind=enrichment result=manual_batch_built reason=manual_enrich_window
[84449][I][BLE] enrichment request queued count=18 bytes=180
[84449][I][BLE] Requested enrichment batch count=18 queued=0
[84592][I][BLE] enrichment send mtu=247 attPayload=244 bytes=180 count=18
[84650][I][BLE] enrichment batch sent plain=180 sealed=202 count=18 writeOk=1
[84892][I][BLE] enrichment rx chunk cipher=222 queued=0
[85043][I][BLE] enrichment batch acknowledged by phone
[85044][I][BLE] enrichment rx chunk cipher=222 queued=1
[85045][I][BLE] enrichment rx chunk cipher=222 queued=0
[85205][I][BLE] enrichment rx chunk cipher=222 queued=1
[85206][I][BLE] enrichment rx chunk cipher=68 queued=0
[85207][I][BLE] enrich_xfer_perf count=18 sendMs=58 waitMs=557 rxBytes=846
[85207][I][BLE] enrichment batch received count=18 bytes=846
[85208][I][BLE] enrichment batch consumed count=18
[85208][I][BLE] Enrich batch queued count=18 queueSize=1
[85208][I][BLE] Enrichment batch received count=18 claimed=0 queued=1
[85208][I][BLE] Enrich drain begin count=18 queueSize=1 ageMs=0
[85209][I][BLE] enrich_perf count=18 applied=0 failed=0 deferred=18 storageMs=0 pendingUpload=4487
[85209][I][BLE] Enrich drain done applied=0 failed=0 deferred=18 queueSize=0
[85210][I][BLE] Enrich torrent done drained=1 remaining=0 tookLease=0 preempt=0 elapsedMs=2
[85220][I][STORAGE] RAMSpool worker paused inflight=0 lastInflight=0
[85221][I][STORAGE] Exclusive window begin kind=enrichment reason=manual_enrich_window workerPaused=1 displaySuspended=1
[85221][I][BLE] Manual enrichment window batch count=18 active=1 noData=0 budgetExhausted=0 timeHit=0
[85221][I][STORAGE] RAMSpool worker resumed
[85222][I][STORAGE] Exclusive window end kind=enrichment result=manual_batch_built reason=manual_enrich_window
[85222][I][BLE] enrichment request queued count=18 bytes=180
[85222][I][BLE] Requested enrichment batch count=18 queued=0
[85362][I][BLE] enrichment send mtu=247 attPayload=244 bytes=180 count=18
[85400][I][BLE] enrichment batch sent plain=180 sealed=202 count=18 writeOk=1
[85665][I][BLE] enrichment rx chunk cipher=222 queued=0
[85816][I][BLE] enrichment rx chunk cipher=222 queued=1
[85817][I][BLE] enrichment rx chunk cipher=222 queued=0
[85968][I][BLE] enrichment rx chunk cipher=222 queued=1
[85969][I][BLE] enrichment rx chunk cipher=68 queued=0
[85970][I][BLE] enrich_xfer_perf count=18 sendMs=38 waitMs=570 rxBytes=846
[85970][I][BLE] enrichment batch received count=18 bytes=846
[85971][I][BLE] enrichment batch consumed count=18
[85971][I][BLE] Enrich batch queued count=18 queueSize=1
[85971][I][BLE] Enrichment batch received count=18 claimed=0 queued=1
[85972][I][BLE] Enrich drain begin count=18 queueSize=1 ageMs=0
[85972][I][BLE] enrich_perf count=18 applied=0 failed=0 deferred=18 storageMs=0 pendingUpload=4487
[85973][I][BLE] Enrich drain done applied=0 failed=0 deferred=18 queueSize=0
[85973][I][BLE] Enrich torrent done drained=1 remaining=0 tookLease=0 preempt=0 elapsedMs=2
[85983][I][STORAGE] RAMSpool worker paused inflight=0 lastInflight=0
[85984][I][STORAGE] Exclusive window begin kind=enrichment reason=manual_enrich_window workerPaused=1 displaySuspended=1
[85984][I][BLE] Manual enrichment window batch count=18 active=1 noData=0 budgetExhausted=0 timeHit=0
[85984][I][STORAGE] RAMSpool worker resumed
[85985][I][STORAGE] Exclusive window end kind=enrichment result=manual_batch_built reason=manual_enrich_window
[85985][I][BLE] enrichment request queued count=18 bytes=180
[85985][I][BLE] Requested enrichment batch count=18 queued=0
[86120][I][BLE] storage snapshot sent pendingUp=0/4487 pendingEnrich=0/4490 usedPct=18
[86130][I][BLE] enrichment send mtu=247 attPayload=244 bytes=180 count=18
[86180][I][BLE] enrichment batch sent plain=180 sealed=202 count=18 writeOk=1
[86430][I][BLE] enrichment rx chunk cipher=222 queued=1
[86431][I][BLE] enrichment rx chunk cipher=222 queued=0
[86585][I][BLE] enrichment rx chunk cipher=222 queued=0
[86736][I][BLE] enrichment rx chunk cipher=222 queued=1
[86737][I][BLE] enrichment rx chunk cipher=68 queued=0
[86738][I][BLE] enrich_xfer_perf count=18 sendMs=50 waitMs=558 rxBytes=846
[86738][I][BLE] enrichment batch received count=18 bytes=846
[86739][I][BLE] enrichment batch consumed count=18
[86739][I][BLE] Enrich batch queued count=18 queueSize=1
[86739][I][BLE] Enrichment batch received count=18 claimed=0 queued=1
[86739][I][BLE] Enrich drain begin count=18 queueSize=1 ageMs=0
[86740][I][BLE] enrich_perf count=18 applied=0 failed=0 deferred=18 storageMs=0 pendingUpload=4487
[86740][I][BLE] Enrich drain done applied=0 failed=0 deferred=18 queueSize=0
[86741][I][BLE] Enrich torrent done drained=1 remaining=0 tookLease=0 preempt=0 elapsedMs=2
[86751][I][STORAGE] RAMSpool worker paused inflight=0 lastInflight=0
[86752][I][STORAGE] Exclusive window begin kind=enrichment reason=manual_enrich_window workerPaused=1 displaySuspended=1
[86752][I][STORAGE] Enrichment window released reason=manual_cursor_done
[86753][I][BLE] Manual enrichment window batch count=16 active=0 noData=0 budgetExhausted=0 timeHit=0
[86753][I][STORAGE] RAMSpool worker resumed
[86753][I][STORAGE] Exclusive window end kind=enrichment result=manual_batch_built reason=manual_enrich_window
[86753][I][BLE] enrichment request queued count=16 bytes=160
[86753][I][BLE] Requested enrichment batch count=16 queued=0
[86930][I][BLE] enrichment send mtu=247 attPayload=244 bytes=160 count=16
[86990][I][BLE] enrichment batch sent plain=160 sealed=182 count=16 writeOk=1
[87043][I][BLE] enrichment batch acknowledged by phone
[87194][I][BLE] enrichment rx chunk cipher=222 queued=0
[87345][I][BLE] enrichment rx chunk cipher=222 queued=1
[87346][I][BLE] enrichment rx chunk cipher=222 queued=0
[87500][I][BLE] enrichment rx chunk cipher=174 queued=0
[87501][I][BLE] enrich_xfer_perf count=16 sendMs=60 waitMs=511 rxBytes=752
[87502][I][BLE] enrichment batch received count=16 bytes=752
[87502][I][BLE] enrichment batch consumed count=16
[87502][I][BLE] Enrich batch queued count=16 queueSize=1
[87502][I][BLE] Enrichment batch received count=16 claimed=0 queued=1
[87503][I][BLE] Enrich drain begin count=16 queueSize=1 ageMs=1
[87503][I][BLE] enrich_perf count=16 applied=0 failed=0 deferred=16 storageMs=0 pendingUpload=4487
[87504][I][BLE] Enrich drain done applied=0 failed=0 deferred=16 queueSize=0
[87504][I][BLE] Enrich torrent done drained=1 remaining=0 tookLease=0 preempt=0 elapsedMs=1
[87514][I][BLE] Manual enrich: window drained nothing (deferred pass 1/2); re-offering to phone
[87515][I][STORAGE] RAMSpool worker paused inflight=0 lastInflight=0
[87515][I][STORAGE] Exclusive window begin kind=enrichment reason=manual_enrich_window workerPaused=1 displaySuspended=1
[87516][I][STORAGE] prepare_assigned records=1024 freeInternal=16680 freePsram=7794788
[87516][I][STORAGE] batch_load_ids_enter freeInternal=16680 segments=56
[87517][I][STORAGE] load_ids_reserve count=144 freeInternal=16680 largest=8692
[87517][I][STORAGE] load_ids_reserved freeInternal=16680
[87517][I][STORAGE] load_ids_scan seg=308 enrichDeltas=78 freeInternal=16680 largest=8692
[87607][I][STORAGE] load_ids_scan seg=314 enrichDeltas=66 freeInternal=16680 largest=8692
[87688][I][STORAGE] load_ids_loop_done scanned=2 skipped=54 idsCollected=144 freeInternal=16680
[87689][I][STORAGE] batch_load_ids_done count=92 capacity=144 freeInternal=16680
[87689][I][STORAGE] batch_pending_loop_enter segments=56 maxCount=1024 streaming=0 freeInternal=16680
[87690][I][STORAGE] batch_pending_scan seg=207 pending=10 events=10 freeInternal=16680 largest=8692 outCount=0
[87737][I][STORAGE] batch_pending_scan seg=210 pending=13 events=13 freeInternal=16680 largest=8692 outCount=10
[87786][I][STORAGE] batch_pending_scan seg=211 pending=8 events=8 freeInternal=16680 largest=8692 outCount=23
[87833][I][STORAGE] batch_pending_scan seg=214 pending=5 events=5 freeInternal=16680 largest=8692 outCount=31
[87880][I][STORAGE] batch_pending_scan seg=219 pending=51 events=51 freeInternal=16680 largest=8692 outCount=36
[87932][I][STORAGE] batch_pending_scan seg=220 pending=138 events=138 freeInternal=16680 largest=8692 outCount=87
[87997][I][STORAGE] batch_pending_scan seg=221 pending=154 events=154 freeInternal=16680 largest=8692 outCount=225
[88074][I][STORAGE] batch_pending_scan seg=222 pending=8 events=8 freeInternal=16680 largest=8692 outCount=379
[88121][I][STORAGE] batch_pending_scan seg=223 pending=9 events=9 freeInternal=16680 largest=8692 outCount=387
[88169][I][STORAGE] batch_pending_scan seg=226 pending=13 events=13 freeInternal=16680 largest=8692 outCount=396
[88216][I][STORAGE] batch_pending_scan seg=227 pending=3 events=3 freeInternal=16680 largest=8692 outCount=409
[88261][I][STORAGE] batch_pending_scan seg=228 pending=15 events=15 freeInternal=16680 largest=8692 outCount=412
[88309][I][STORAGE] batch_pending_scan seg=229 pending=11 events=11 freeInternal=16680 largest=8692 outCount=427
[88356][I][STORAGE] batch_pending_scan seg=230 pending=10 events=10 freeInternal=16680 largest=8692 outCount=438
[88402][I][STORAGE] batch_pending_scan seg=232 pending=200 events=200 freeInternal=16680 largest=8692 outCount=448
[88490][I][STORAGE] batch_pending_scan seg=233 pending=197 events=197 freeInternal=16680 largest=8692 outCount=648
[88571][I][STORAGE] batch_pending_scan seg=234 pending=194 events=194 freeInternal=16680 largest=8692 outCount=845
[88646][I][STORAGE] batch_pending_loop_done scanned=17 skipped=0 outCount=1024 timeHit=1 elapsedMs=957 freeInternal=16680
[88646][I][STORAGE] prepare_batch_done ok=1 outCount=1024 freeInternal=16680
[88647][I][STORAGE] Enrichment window ready records=1024 truncated=1 ms=1132
[88647][I][BLE] Manual enrichment window batch count=18 active=1 noData=0 budgetExhausted=0 timeHit=0
[88647][I][STORAGE] RAMSpool worker resumed
[88648][I][STORAGE] Exclusive window end kind=enrichment result=manual_batch_built reason=manual_enrich_window
[88648][I][BLE] enrichment request queued count=18 bytes=180
[88648][I][BLE] Requested enrichment batch count=18 queued=0
[88658][W][CORE] TaskHardware loop gap=1144ms owner=BLE_GPS pendingUpload=4487 maintPending=0 suppressed=2
[88700][I][BLE] enrichment send mtu=247 attPayload=244 bytes=180 count=18
[88760][I][BLE] enrichment batch sent plain=180 sealed=202 count=18 writeOk=1
[88812][W][BLE] gps decrypt failed: secure decrypt replay/stale counter
[88972][I][BLE] enrichment rx chunk cipher=222 queued=0
[89123][I][BLE] enrichment batch acknowledged by phone
[89124][I][BLE] enrichment rx chunk cipher=222 queued=1
[89125][I][BLE] enrichment rx chunk cipher=222 queued=0
[89275][I][BLE] enrichment rx chunk cipher=222 queued=1
[89276][I][BLE] enrichment rx chunk cipher=68 queued=0
[89277][I][BLE] enrich_xfer_perf count=18 sendMs=60 waitMs=517 rxBytes=846
[89277][I][BLE] enrichment batch received count=18 bytes=846
[89278][I][BLE] enrichment batch consumed count=18
[89278][I][BLE] Enrich batch queued count=18 queueSize=1
[89278][I][BLE] Enrichment batch received count=18 claimed=0 queued=1
[89278][I][BLE] Enrich drain begin count=18 queueSize=1 ageMs=0
[89279][I][BLE] enrich_perf count=18 applied=0 failed=0 deferred=18 storageMs=0 pendingUpload=4487
[89280][I][BLE] Enrich drain done applied=0 failed=0 deferred=18 queueSize=0
[89280][I][BLE] Enrich torrent done drained=1 remaining=0 tookLease=0 preempt=0 elapsedMs=2
[89290][I][STORAGE] RAMSpool worker paused inflight=0 lastInflight=0
[89291][I][STORAGE] Exclusive window begin kind=enrichment reason=manual_enrich_window workerPaused=1 displaySuspended=1
[89291][I][BLE] Manual enrichment window batch count=18 active=1 noData=0 budgetExhausted=0 timeHit=0
[89291][I][STORAGE] RAMSpool worker resumed
[89292][I][STORAGE] Exclusive window end kind=enrichment result=manual_batch_built reason=manual_enrich_window
[89292][I][BLE] enrichment request queued count=18 bytes=180
[89292][I][BLE] Requested enrichment batch count=18 queued=0
[89432][I][BLE] enrichment send mtu=247 attPayload=244 bytes=180 count=18
[89480][I][BLE] enrichment batch sent plain=180 sealed=202 count=18 writeOk=1
[89735][I][BLE] enrichment rx chunk cipher=222 queued=0
[89886][I][BLE] enrichment rx chunk cipher=222 queued=0
[90037][I][BLE] enrichment rx chunk cipher=222 queued=1
[90038][I][BLE] enrichment rx chunk cipher=222 queued=0
[90189][I][BLE] enrichment rx chunk cipher=68 queued=0
[90190][I][BLE] enrich_xfer_perf count=18 sendMs=48 waitMs=710 rxBytes=846
[90190][I][BLE] enrichment batch received count=18 bytes=846
[90191][I][BLE] enrichment batch consumed count=18
[90191][I][BLE] Enrich batch queued count=18 queueSize=1
[90191][I][BLE] Enrichment batch received count=18 claimed=0 queued=1
[90192][I][BLE] Enrich drain begin count=18 queueSize=1 ageMs=0
[90192][I][BLE] enrich_perf count=18 applied=0 failed=0 deferred=18 storageMs=0 pendingUpload=4487
[90193][I][BLE] Enrich drain done applied=0 failed=0 deferred=18 queueSize=0
[90193][I][BLE] Enrich torrent done drained=1 remaining=0 tookLease=0 preempt=0 elapsedMs=2
[90203][I][STORAGE] RAMSpool worker paused inflight=0 lastInflight=0
[90204][I][STORAGE] Exclusive window begin kind=enrichment reason=manual_enrich_window workerPaused=1 displaySuspended=1
[90204][I][BLE] Manual enrichment window batch count=18 active=1 noData=0 budgetExhausted=0 timeHit=0
[90204][I][STORAGE] RAMSpool worker resumed
[90205][I][STORAGE] Exclusive window end kind=enrichment result=manual_batch_built reason=manual_enrich_window
[90205][I][BLE] enrichment request queued count=18 bytes=180
[90205][I][BLE] Requested enrichment batch count=18 queued=0
[90345][I][BLE] enrichment send mtu=247 attPayload=244 bytes=180 count=18
[90380][I][BLE] enrichment batch sent plain=180 sealed=202 count=18 writeOk=1
[90645][I][BLE] enrichment rx chunk cipher=222 queued=0
[90799][I][BLE] enrichment rx chunk cipher=222 queued=0
[90950][I][BLE] enrichment rx chunk cipher=222 queued=1
[90951][I][BLE] enrichment rx chunk cipher=222 queued=0
[91102][I][BLE] enrichment rx chunk cipher=68 queued=0
[91103][I][BLE] enrich_xfer_perf count=18 sendMs=35 waitMs=723 rxBytes=846
[91103][I][BLE] enrichment batch received count=18 bytes=846
[91104][I][BLE] enrichment batch consumed count=18
[91105][I][BLE] Enrich batch queued count=18 queueSize=1
[91105][I][BLE] Enrichment batch received count=18 claimed=0 queued=1
[91105][I][BLE] Enrich drain begin count=18 queueSize=1 ageMs=0
[91106][I][BLE] enrich_perf count=18 applied=0 failed=0 deferred=18 storageMs=0 pendingUpload=4487
[91106][I][BLE] Enrich drain done applied=0 failed=0 deferred=18 queueSize=0
[91106][I][BLE] Enrich torrent done drained=1 remaining=0 tookLease=0 preempt=0 elapsedMs=1
[91117][I][STORAGE] RAMSpool worker paused inflight=0 lastInflight=0
[91118][I][STORAGE] Exclusive window begin kind=enrichment reason=manual_enrich_window workerPaused=1 displaySuspended=1
[91118][I][BLE] Manual enrichment window batch count=18 active=1 noData=0 budgetExhausted=0 timeHit=0
[91118][I][STORAGE] RAMSpool worker resumed
[91119][I][STORAGE] Exclusive window end kind=enrichment result=manual_batch_built reason=manual_enrich_window
[91119][I][BLE] enrichment request queued count=18 bytes=180
[91119][I][BLE] Requested enrichment batch count=18 queued=0
[91259][I][BLE] enrichment batch acknowledged by phone
[91260][I][BLE] enrichment send mtu=247 attPayload=244 bytes=180 count=18
[91310][I][BLE] enrichment batch sent plain=180 sealed=202 count=18 writeOk=1
[91560][I][BLE] enrichment rx chunk cipher=222 queued=0
[91714][I][BLE] enrichment rx chunk cipher=222 queued=0
[91865][I][BLE] enrichment rx chunk cipher=222 queued=1
[91866][I][BLE] enrichment rx chunk cipher=222 queued=0
[92017][I][BLE] enrichment rx chunk cipher=68 queued=0
[92018][I][BLE] enrich_xfer_perf count=18 sendMs=50 waitMs=708 rxBytes=846
[92018][I][BLE] enrichment batch received count=18 bytes=846
[92019][I][BLE] enrichment batch consumed count=18
[92019][I][BLE] Enrich batch queued count=18 queueSize=1
[92019][I][BLE] Enrichment batch received count=18 claimed=0 queued=1
[92019][I][BLE] Enrich drain begin count=18 queueSize=1 ageMs=0
[92020][I][BLE] enrich_perf count=18 applied=0 failed=0 deferred=18 storageMs=0 pendingUpload=4487
[92021][I][BLE] Enrich drain done applied=0 failed=0 deferred=18 queueSize=0
[92021][I][BLE] Enrich torrent done drained=1 remaining=0 tookLease=0 preempt=0 elapsedMs=2
[92031][I][STORAGE] RAMSpool worker paused inflight=0 lastInflight=0
[92032][I][STORAGE] Exclusive window begin kind=enrichment reason=manual_enrich_window workerPaused=1 displaySuspended=1
[92032][I][BLE] Manual enrichment window batch count=18 active=1 noData=0 budgetExhausted=0 timeHit=0
[92032][I][STORAGE] RAMSpool worker resumed
[92033][I][STORAGE] Exclusive window end kind=enrichment result=manual_batch_built reason=manual_enrich_window
[92033][I][BLE] enrichment request queued count=18 bytes=180
[92033][I][BLE] Requested enrichment batch count=18 queued=0
[92173][I][BLE] enrichment send mtu=247 attPayload=244 bytes=180 count=18
[92210][I][BLE] enrichment batch sent plain=180 sealed=202 count=18 writeOk=1
[92473][I][BLE] enrichment rx chunk cipher=222 queued=0
[92624][I][BLE] enrichment rx chunk cipher=222 queued=0
[92778][I][BLE] enrichment rx chunk cipher=222 queued=1
[92779][I][BLE] enrichment rx chunk cipher=222 queued=0
[92930][I][BLE] enrichment rx chunk cipher=68 queued=0
[92931][I][BLE] enrich_xfer_perf count=18 sendMs=37 waitMs=721 rxBytes=846
[92931][I][BLE] enrichment batch received count=18 bytes=846
[92932][I][BLE] enrichment batch consumed count=18
[92932][I][BLE] Enrich batch queued count=18 queueSize=1
[92932][I][BLE] Enrichment batch received count=18 claimed=0 queued=1
[92933][I][BLE] Enrich drain begin count=18 queueSize=1 ageMs=0
[92933][I][BLE] enrich_perf count=18 applied=0 failed=0 deferred=18 storageMs=0 pendingUpload=4487
[92934][I][BLE] Enrich drain done applied=0 failed=0 deferred=18 queueSize=0
[92934][I][BLE] Enrich torrent done drained=1 remaining=0 tookLease=0 preempt=0 elapsedMs=2
[92944][I][STORAGE] RAMSpool worker paused inflight=0 lastInflight=0
[92945][I][STORAGE] Exclusive window begin kind=enrichment reason=manual_enrich_window workerPaused=1 displaySuspended=1
[92945][I][BLE] Manual enrichment window batch count=18 active=1 noData=0 budgetExhausted=0 timeHit=0
[92945][I][STORAGE] RAMSpool worker resumed
[92946][I][STORAGE] Exclusive window end kind=enrichment result=manual_batch_built reason=manual_enrich_window
[92946][I][BLE] enrichment request queued count=18 bytes=180
[92946][I][BLE] Requested enrichment batch count=18 queued=0
[93086][I][BLE] enrichment send mtu=247 attPayload=244 bytes=180 count=18
[93140][I][BLE] enrichment batch sent plain=180 sealed=202 count=18 writeOk=1
[93386][I][BLE] enrichment batch acknowledged by phone
[93387][I][BLE] enrichment rx chunk cipher=222 queued=0
[93547][I][BLE] enrichment rx chunk cipher=222 queued=0
[93701][I][BLE] enrichment rx chunk cipher=222 queued=1
[93702][I][BLE] enrichment rx chunk cipher=222 queued=0
[93853][W][BLE] gps decrypt failed: secure decrypt replay/stale counter
[93854][I][BLE] enrichment rx chunk cipher=68 queued=0
[93854][I][BLE] enrich_xfer_perf count=18 sendMs=54 waitMs=714 rxBytes=846
[93855][I][BLE] enrichment batch received count=18 bytes=846
[93855][I][BLE] enrichment batch consumed count=18
[93855][I][BLE] Enrich batch queued count=18 queueSize=1
[93855][I][BLE] Enrichment batch received count=18 claimed=0 queued=1
[93856][I][BLE] Enrich drain begin count=18 queueSize=1 ageMs=1
[93856][I][BLE] enrich_perf count=18 applied=0 failed=0 deferred=18 storageMs=0 pendingUpload=4487
[93857][I][BLE] Enrich drain done applied=0 failed=0 deferred=18 queueSize=0
[93857][I][BLE] Enrich torrent done drained=1 remaining=0 tookLease=0 preempt=0 elapsedMs=1
[93867][I][STORAGE] RAMSpool worker paused inflight=0 lastInflight=0
[93868][I][STORAGE] Exclusive window begin kind=enrichment reason=manual_enrich_window workerPaused=1 displaySuspended=1
[93868][I][BLE] Manual enrichment window batch count=18 active=1 noData=0 budgetExhausted=0 timeHit=0
[93868][I][STORAGE] RAMSpool worker resumed
[93869][I][STORAGE] Exclusive window end kind=enrichment result=manual_batch_built reason=manual_enrich_window
[93869][I][BLE] enrichment request queued count=18 bytes=180
[93869][I][BLE] Requested enrichment batch count=18 queued=0
[94009][I][BLE] enrichment send mtu=247 attPayload=244 bytes=180 count=18
[94070][I][BLE] enrichment batch sent plain=180 sealed=202 count=18 writeOk=1
[94309][I][BLE] enrichment rx chunk cipher=222 queued=0
[94460][I][BLE] enrichment rx chunk cipher=222 queued=0
[94611][I][BLE] enrichment rx chunk cipher=222 queued=1
[94612][I][BLE] enrichment rx chunk cipher=222 queued=0
[94766][I][BLE] enrichment rx chunk cipher=68 queued=0
[94767][I][BLE] enrich_xfer_perf count=18 sendMs=61 waitMs=697 rxBytes=846
[94767][I][BLE] enrichment batch received count=18 bytes=846
[94768][I][BLE] enrichment batch consumed count=18
[94768][I][BLE] Enrich batch queued count=18 queueSize=1
[94768][I][BLE] Enrichment batch received count=18 claimed=0 queued=1
[94769][I][BLE] Enrich drain begin count=18 queueSize=1 ageMs=0
[94769][I][BLE] enrich_perf count=18 applied=0 failed=0 deferred=18 storageMs=0 pendingUpload=4487
[94770][I][BLE] Enrich drain done applied=0 failed=0 deferred=18 queueSize=0
[94770][I][BLE] Enrich torrent done drained=1 remaining=0 tookLease=0 preempt=0 elapsedMs=2
[94780][I][STORAGE] RAMSpool worker paused inflight=0 lastInflight=0
[94781][I][STORAGE] Exclusive window begin kind=enrichment reason=manual_enrich_window workerPaused=1 displaySuspended=1
[94781][I][BLE] Manual enrichment window batch count=18 active=1 noData=0 budgetExhausted=0 timeHit=0
[94781][I][STORAGE] RAMSpool worker resumed
[94782][I][STORAGE] Exclusive window end kind=enrichment result=manual_batch_built reason=manual_enrich_window
[94782][I][BLE] enrichment request queued count=18 bytes=180
[94782][I][BLE] Requested enrichment batch count=18 queued=0
[94922][I][BLE] enrichment send mtu=247 attPayload=244 bytes=180 count=18
[94970][I][BLE] enrichment batch sent plain=180 sealed=202 count=18 writeOk=1
[95222][I][BLE] enrichment rx chunk cipher=222 queued=0
[95373][I][BLE] enrichment rx chunk cipher=222 queued=0
[95524][I][BLE] enrichment batch acknowledged by phone
[95525][I][BLE] enrichment rx chunk cipher=222 queued=1
[95526][I][BLE] enrichment rx chunk cipher=222 queued=0
[95676][I][BLE] enrichment rx chunk cipher=68 queued=0
[95677][I][BLE] enrich_xfer_perf count=18 sendMs=48 waitMs=707 rxBytes=846
[95677][I][BLE] enrichment batch received count=18 bytes=846
[95678][I][BLE] enrichment batch consumed count=18
[95678][I][BLE] Enrich batch queued count=18 queueSize=1
[95678][I][BLE] Enrichment batch received count=18 claimed=0 queued=1
[95678][I][BLE] Enrich drain begin count=18 queueSize=1 ageMs=0
[95679][I][BLE] enrich_perf count=18 applied=0 failed=0 deferred=18 storageMs=0 pendingUpload=4487
[95680][I][BLE] Enrich drain done applied=0 failed=0 deferred=18 queueSize=0
[95680][I][BLE] Enrich torrent done drained=1 remaining=0 tookLease=0 preempt=0 elapsedMs=2
[95693][I][STORAGE] RAMSpool worker paused inflight=0 lastInflight=0
[95693][I][STORAGE] Exclusive window begin kind=enrichment reason=manual_enrich_window workerPaused=1 displaySuspended=1
[95694][I][BLE] Manual enrichment window batch count=18 active=1 noData=0 budgetExhausted=0 timeHit=0
[95694][I][STORAGE] RAMSpool worker resumed
[95694][I][STORAGE] Exclusive window end kind=enrichment result=manual_batch_built reason=manual_enrich_window
[95695][I][BLE] enrichment request queued count=18 bytes=180
[95695][I][BLE] Requested enrichment batch count=18 queued=0
[95835][I][BLE] enrichment send mtu=247 attPayload=244 bytes=180 count=18
[95870][I][BLE] enrichment batch sent plain=180 sealed=202 count=18 writeOk=1
[96135][I][BLE] enrichment rx chunk cipher=222 queued=0
[96286][I][BLE] enrichment rx chunk cipher=222 queued=0
[96437][I][BLE] enrichment rx chunk cipher=222 queued=1
[96438][I][BLE] enrichment rx chunk cipher=222 queued=0
[96589][I][BLE] enrichment rx chunk cipher=68 queued=0
[96590][I][BLE] enrich_xfer_perf count=18 sendMs=35 waitMs=720 rxBytes=846
[96590][I][BLE] enrichment batch received count=18 bytes=846
[96591][I][BLE] enrichment batch consumed count=18
[96591][I][BLE] Enrich batch queued count=18 queueSize=1
[96591][I][BLE] Enrichment batch received count=18 claimed=0 queued=1
[96592][I][BLE] Enrich drain begin count=18 queueSize=1 ageMs=0
[96592][I][BLE] enrich_perf count=18 applied=0 failed=0 deferred=18 storageMs=0 pendingUpload=4487
[96593][I][BLE] Enrich drain done applied=0 failed=0 deferred=18 queueSize=0
[96593][I][BLE] Enrich torrent done drained=1 remaining=0 tookLease=0 preempt=0 elapsedMs=2
[96603][I][STORAGE] RAMSpool worker paused inflight=0 lastInflight=0
[96604][I][STORAGE] Exclusive window begin kind=enrichment reason=manual_enrich_window workerPaused=1 displaySuspended=1
[96604][I][BLE] Manual enrichment window batch count=18 active=1 noData=0 budgetExhausted=0 timeHit=0
[96605][I][STORAGE] RAMSpool worker resumed
[96605][I][STORAGE] Exclusive window end kind=enrichment result=manual_batch_built reason=manual_enrich_window
[96605][I][BLE] enrichment request queued count=18 bytes=180
[96605][I][BLE] Requested enrichment batch count=18 queued=0
[96748][I][BLE] enrichment send mtu=247 attPayload=244 bytes=180 count=18
[96800][I][BLE] enrichment batch sent plain=180 sealed=202 count=18 writeOk=1
[97048][I][BLE] enrichment rx chunk cipher=222 queued=0
[97199][I][BLE] enrichment rx chunk cipher=222 queued=0
[97350][I][BLE] enrichment rx chunk cipher=222 queued=1
[97351][I][BLE] enrichment rx chunk cipher=222 queued=0
[97502][I][BLE] enrichment rx chunk cipher=68 queued=0
[97503][I][BLE] enrich_xfer_perf count=18 sendMs=52 waitMs=703 rxBytes=846
[97503][I][BLE] enrichment batch received count=18 bytes=846
[97504][I][BLE] enrichment batch consumed count=18
[97505][I][BLE] Enrich batch queued count=18 queueSize=1
[97505][I][BLE] Enrichment batch received count=18 claimed=0 queued=1
[97505][I][BLE] Enrich drain begin count=18 queueSize=1 ageMs=0
[97506][I][BLE] enrich_perf count=18 applied=0 failed=0 deferred=18 storageMs=0 pendingUpload=4487
[97506][I][BLE] Enrich drain done applied=0 failed=0 deferred=18 queueSize=0
[97506][I][BLE] Enrich torrent done drained=1 remaining=0 tookLease=0 preempt=0 elapsedMs=1
[97516][I][STORAGE] RAMSpool worker paused inflight=0 lastInflight=0
[97517][I][STORAGE] Exclusive window begin kind=enrichment reason=manual_enrich_window workerPaused=1 displaySuspended=1
[97517][I][BLE] Manual enrichment window batch count=18 active=1 noData=0 budgetExhausted=0 timeHit=0
[97517][I][STORAGE] RAMSpool worker resumed
[97518][I][STORAGE] Exclusive window end kind=enrichment result=manual_batch_built reason=manual_enrich_window
[97518][I][BLE] enrichment request queued count=18 bytes=180
[97518][I][BLE] Requested enrichment batch count=18 queued=0
[97658][I][BLE] enrichment batch acknowledged by phone
[97659][I][BLE] enrichment send mtu=247 attPayload=244 bytes=180 count=18
[97700][I][BLE] enrichment batch sent plain=180 sealed=202 count=18 writeOk=1
[97783][I][STACK] TaskHardware watermark=10920B min=10920B
[97785][I][HEAP] heap free=7628KB min=7622KB largest=7552KB frag=1% internalFree=16KB internalLargest=8KB psramFree=7612KB core=0/0% owner=BLE_GPS nets=0 pendingUpload=4487 pendingEnrich=4490
[HEALTH] time=2026-08-07 13:37:45 src=ntp
[HEALTH] heap used=796/8424KB free=7628KB min=7622KB largest=7552KB frag=1%
[HEALTH] internal used=216/232KB free=16KB min=10KB largest=8KB
[HEALTH] psram used=580/8192KB free=7612KB largest=7552KB
[HEALTH] stack free_min: core0=11KB/22KB core1=13KB/18KB
[HEALTH] core usage: core0=0% core1=0%
[HEALTH] power=usb state=usb batt=100% 4723mV trend=26mV/min runtime=0min cap=1100mAh charging=1
[HEALTH] radio=BLE_GPS wifi=0 ble=1 gps=0 nets=0 pendingUpload=4487 pendingEnrich=4490
[HEALTH] subghz=NONE mode=OFF pkts=0 nodes=0
[97787][I][STORAGE] RAMSpool enq=0 cons=0 inflight=0/1024 high=0 pressure=0 drop[full=0 big=0 noise=0 p3Evict=0 p3Drop=0 p2Drop=0 p1Fail=0] free=1024
[97787][I][STORAGE] RAMSpool enqueue probe[ok=0 drop=0] device[ok=0 drop=0]
[97787][I][STORAGE] RAMSpool worker probe[ok=0 sup=0 drop=0 fail=0 slow=0] device[ok=0 sup=0 drop=0 fail=0 slow=0] slowTotal=0 maxMs=0
[97788][I][STORAGE] RAMSpool prioEnq p0=0 p1=0 p2=0 p3=0
[97788][I][STORAGE] RAMSpool lanes p1=0/0 p2=0/0 p3=0/0
[97969][I][BLE] worker stack free=7384B min=7384B
[97969][I][BLE] enrichment rx chunk cipher=222 queued=0
[98120][I][BLE] enrichment rx chunk cipher=222 queued=0
[98271][I][BLE] enrichment rx chunk cipher=222 queued=1
[98272][I][BLE] enrichment rx chunk cipher=222 queued=0
[98423][I][BLE] enrichment rx chunk cipher=68 queued=0
[98424][I][BLE] enrich_xfer_perf count=18 sendMs=41 waitMs=724 rxBytes=846
[98424][I][BLE] enrichment batch received count=18 bytes=846
[98425][I][BLE] enrichment batch consumed count=18
[98425][I][BLE] Enrich batch queued count=18 queueSize=1
[98425][I][BLE] Enrichment batch received count=18 claimed=0 queued=1
[98425][I][BLE] Enrich drain begin count=18 queueSize=1 ageMs=0
[98426][I][BLE] enrich_perf count=18 applied=0 failed=0 deferred=18 storageMs=0 pendingUpload=4487
[98426][I][BLE] Enrich drain done applied=0 failed=0 deferred=18 queueSize=0
[98427][I][BLE] Enrich torrent done drained=1 remaining=0 tookLease=0 preempt=0 elapsedMs=2
[98437][I][STORAGE] RAMSpool worker paused inflight=0 lastInflight=0
[98438][I][STORAGE] Exclusive window begin kind=enrichment reason=manual_enrich_window workerPaused=1 displaySuspended=1
[98438][I][BLE] Manual enrichment window batch count=18 active=1 noData=0 budgetExhausted=0 timeHit=0
[98438][I][STORAGE] RAMSpool worker resumed
[98439][I][STORAGE] Exclusive window end kind=enrichment result=manual_batch_built reason=manual_enrich_window
[98439][I][BLE] enrichment request queued count=18 bytes=180
[98439][I][BLE] Requested enrichment batch count=18 queued=0
[98579][I][BLE] enrichment send mtu=247 attPayload=244 bytes=180 count=18
[98630][I][BLE] enrichment batch sent plain=180 sealed=202 count=18 writeOk=1
[98881][W][BLE] gps decrypt failed: secure decrypt replay/stale counter
[98882][I][BLE] enrichment rx chunk cipher=222 queued=0
[99032][I][BLE] enrichment rx chunk cipher=222 queued=0
[99183][I][BLE] enrichment rx chunk cipher=222 queued=1
[99184][I][BLE] enrichment rx chunk cipher=222 queued=0
[99335][I][BLE] enrichment rx chunk cipher=68 queued=0
[99336][I][BLE] enrich_xfer_perf count=18 sendMs=51 waitMs=706 rxBytes=846
[99336][I][BLE] enrichment batch received count=18 bytes=846
[99337][I][BLE] enrichment batch consumed count=18
[99337][I][BLE] Enrich batch queued count=18 queueSize=1
[99337][I][BLE] Enrichment batch received count=18 claimed=0 queued=1
[99337][I][BLE] Enrich drain begin count=18 queueSize=1 ageMs=0
[99338][I][BLE] enrich_perf count=18 applied=0 failed=0 deferred=18 storageMs=0 pendingUpload=4487
[99339][I][BLE] Enrich drain done applied=0 failed=0 deferred=18 queueSize=0
[99339][I][BLE] Enrich torrent done drained=1 remaining=0 tookLease=0 preempt=0 elapsedMs=2
[99349][I][STORAGE] RAMSpool worker paused inflight=0 lastInflight=0
[99350][I][STORAGE] Exclusive window begin kind=enrichment reason=manual_enrich_window workerPaused=1 displaySuspended=1
[99350][I][BLE] Manual enrichment window batch count=18 active=1 noData=0 budgetExhausted=0 timeHit=0
[99350][I][STORAGE] RAMSpool worker resumed
[99351][I][STORAGE] Exclusive window end kind=enrichment result=manual_batch_built reason=manual_enrich_window
[99351][I][BLE] enrichment request queued count=18 bytes=180
[99351][I][BLE] Requested enrichment batch count=18 queued=0
[99491][I][BLE] enrichment send mtu=247 attPayload=244 bytes=180 count=18
[99530][I][BLE] enrichment batch sent plain=180 sealed=202 count=18 writeOk=1
[99793][I][BLE] enrichment batch acknowledged by phone
[99794][I][BLE] enrichment rx chunk cipher=222 queued=0
[99954][I][BLE] enrichment rx chunk cipher=222 queued=1
[99955][I][BLE] enrichment rx chunk cipher=222 queued=0
[100106][I][BLE] enrichment rx chunk cipher=222 queued=0
[100257][I][BLE] enrichment rx chunk cipher=68 queued=0
[100258][I][BLE] enrich_xfer_perf count=18 sendMs=39 waitMs=728 rxBytes=846
[100258][I][BLE] enrichment batch received count=18 bytes=846
[100259][I][BLE] enrichment batch consumed count=18
[100259][I][BLE] Enrich batch queued count=18 queueSize=1
[100259][I][BLE] Enrichment batch received count=18 claimed=0 queued=1
[100259][I][BLE] Enrich drain begin count=18 queueSize=1 ageMs=0
[100260][I][BLE] enrich_perf count=18 applied=0 failed=0 deferred=18 storageMs=0 pendingUpload=4487
[100260][I][BLE] Enrich drain done applied=0 failed=0 deferred=18 queueSize=0
[100261][I][BLE] Enrich torrent done drained=1 remaining=0 tookLease=0 preempt=0 elapsedMs=2
[100271][I][STORAGE] RAMSpool worker paused inflight=0 lastInflight=0
[100272][I][STORAGE] Exclusive window begin kind=enrichment reason=manual_enrich_window workerPaused=1 displaySuspended=1
[100272][I][BLE] Manual enrichment window batch count=18 active=1 noData=0 budgetExhausted=0 timeHit=0
[100272][I][STORAGE] RAMSpool worker resumed
[100273][I][STORAGE] Exclusive window end kind=enrichment result=manual_batch_built reason=manual_enrich_window
[100273][I][BLE] enrichment request queued count=18 bytes=180
[100273][I][BLE] Requested enrichment batch count=18 queued=0
[100413][I][BLE] enrichment send mtu=247 attPayload=244 bytes=180 count=18
[100460][I][BLE] enrichment batch sent plain=180 sealed=202 count=18 writeOk=1
[100716][I][BLE] enrichment rx chunk cipher=222 queued=0
[100866][I][BLE] enrichment rx chunk cipher=222 queued=0
[101017][I][BLE] enrichment rx chunk cipher=222 queued=1
[101018][I][BLE] enrichment rx chunk cipher=222 queued=0
[101150][I][BLE] storage snapshot sent pendingUp=0/4487 pendingEnrich=0/4490 usedPct=18
[101170][I][BLE] enrichment rx chunk cipher=68 queued=0
[101171][I][BLE] enrich_xfer_perf count=18 sendMs=47 waitMs=711 rxBytes=846
[101171][I][BLE] enrichment batch received count=18 bytes=846
[101172][I][BLE] enrichment batch consumed count=18
[101172][I][BLE] Enrich batch queued count=18 queueSize=1
[101172][I][BLE] Enrichment batch received count=18 claimed=0 queued=1
[101172][I][BLE] Enrich drain begin count=18 queueSize=1 ageMs=0
[101173][I][BLE] enrich_perf count=18 applied=0 failed=0 deferred=18 storageMs=0 pendingUpload=4487
[101173][I][BLE] Enrich drain done applied=0 failed=0 deferred=18 queueSize=0
[101174][I][BLE] Enrich torrent done drained=1 remaining=0 tookLease=0 preempt=0 elapsedMs=2
[101184][I][STORAGE] RAMSpool worker paused inflight=0 lastInflight=0
[101185][I][STORAGE] Exclusive window begin kind=enrichment reason=manual_enrich_window workerPaused=1 displaySuspended=1
[101185][I][BLE] Manual enrichment window batch count=18 active=1 noData=0 budgetExhausted=0 timeHit=0
[101185][I][STORAGE] RAMSpool worker resumed
[101186][I][STORAGE] Exclusive window end kind=enrichment result=manual_batch_built reason=manual_enrich_window
[101186][I][BLE] enrichment request queued count=18 bytes=180
[101186][I][BLE] Requested enrichment batch count=18 queued=0
[101326][I][BLE] enrichment send mtu=247 attPayload=244 bytes=180 count=18
[101360][I][BLE] enrichment batch sent plain=180 sealed=202 count=18 writeOk=1
[101626][I][BLE] enrichment rx chunk cipher=222 queued=0
[101779][I][BLE] enrichment rx chunk cipher=222 queued=0
[101930][I][BLE] enrichment batch acknowledged by phone
[101931][I][BLE] enrichment rx chunk cipher=222 queued=1
[101932][I][BLE] enrichment rx chunk cipher=222 queued=0
[102082][I][BLE] enrichment rx chunk cipher=68 queued=0
[102083][I][BLE] enrich_xfer_perf count=18 sendMs=34 waitMs=723 rxBytes=846
[102083][I][BLE] enrichment batch received count=18 bytes=846
[102084][I][BLE] enrichment batch consumed count=18
[102084][I][BLE] Enrich batch queued count=18 queueSize=1
[102084][I][BLE] Enrichment batch received count=18 claimed=0 queued=1
[102084][I][BLE] Enrich drain begin count=18 queueSize=1 ageMs=0
[102085][I][BLE] enrich_perf count=18 applied=0 failed=0 deferred=18 storageMs=0 pendingUpload=4487
[102086][I][BLE] Enrich drain done applied=0 failed=0 deferred=18 queueSize=0
[102086][I][BLE] Enrich torrent done drained=1 remaining=0 tookLease=0 preempt=0 elapsedMs=2
[102096][I][STORAGE] RAMSpool worker paused inflight=0 lastInflight=0
[102097][I][STORAGE] Exclusive window begin kind=enrichment reason=manual_enrich_window workerPaused=1 displaySuspended=1
[102097][I][BLE] Manual enrichment window batch count=18 active=1 noData=0 budgetExhausted=0 timeHit=0
[102097][I][STORAGE] RAMSpool worker resumed
[102098][I][STORAGE] Exclusive window end kind=enrichment result=manual_batch_built reason=manual_enrich_window
[102098][I][BLE] enrichment request queued count=18 bytes=180
[102098][I][BLE] Requested enrichment batch count=18 queued=0
[102238][I][BLE] enrichment send mtu=247 attPayload=244 bytes=180 count=18
[102290][I][BLE] enrichment batch sent plain=180 sealed=202 count=18 writeOk=1
[102538][I][BLE] enrichment rx chunk cipher=222 queued=0
[102689][I][BLE] enrichment rx chunk cipher=222 queued=0
[102843][I][BLE] enrichment rx chunk cipher=222 queued=1
[102844][I][BLE] enrichment rx chunk cipher=222 queued=0
[102995][I][BLE] enrichment rx chunk cipher=68 queued=0
[102996][I][BLE] enrich_xfer_perf count=18 sendMs=52 waitMs=706 rxBytes=846
[102996][I][BLE] enrichment batch received count=18 bytes=846
[102997][I][BLE] enrichment batch consumed count=18
[102997][I][BLE] Enrich batch queued count=18 queueSize=1
[102997][I][BLE] Enrichment batch received count=18 claimed=0 queued=1
[102997][I][BLE] Enrich drain begin count=18 queueSize=1 ageMs=0
[102998][I][BLE] enrich_perf count=18 applied=0 failed=0 deferred=18 storageMs=0 pendingUpload=4487
[102999][I][BLE] Enrich drain done applied=0 failed=0 deferred=18 queueSize=0
[102999][I][BLE] Enrich torrent done drained=1 remaining=0 tookLease=0 preempt=0 elapsedMs=2
[103009][I][STORAGE] RAMSpool worker paused inflight=0 lastInflight=0
[103010][I][STORAGE] Exclusive window begin kind=enrichment reason=manual_enrich_window workerPaused=1 displaySuspended=1
[103010][I][BLE] Manual enrichment window batch count=18 active=1 noData=0 budgetExhausted=0 timeHit=0
[103011][I][STORAGE] RAMSpool worker resumed
[103011][I][STORAGE] Exclusive window end kind=enrichment result=manual_batch_built reason=manual_enrich_window
[103011][I][BLE] enrichment request queued count=18 bytes=180
[103011][I][BLE] Requested enrichment batch count=18 queued=0
[103151][I][BLE] enrichment send mtu=247 attPayload=244 bytes=180 count=18
[103190][I][BLE] enrichment batch sent plain=180 sealed=202 count=18 writeOk=1
[103451][I][BLE] enrichment rx chunk cipher=222 queued=0
[103602][I][BLE] enrichment rx chunk cipher=222 queued=0
[103755][I][BLE] enrichment rx chunk cipher=222 queued=1
[103756][I][BLE] enrichment rx chunk cipher=222 queued=0
[103907][W][BLE] gps decrypt failed: secure decrypt replay/stale counter
[103908][I][BLE] enrichment rx chunk cipher=68 queued=0
[103908][I][BLE] enrich_xfer_perf count=18 sendMs=39 waitMs=718 rxBytes=846
[103909][I][BLE] enrichment batch received count=18 bytes=846
[103909][I][BLE] enrichment batch consumed count=18
[103910][I][BLE] Enrich batch queued count=18 queueSize=1
[103910][I][BLE] Enrichment batch received count=18 claimed=0 queued=1
[103911][I][BLE] Enrich drain begin count=18 queueSize=1 ageMs=0
[103911][I][BLE] enrich_perf count=18 applied=0 failed=0 deferred=18 storageMs=0 pendingUpload=4487
[103912][I][BLE] Enrich drain done applied=0 failed=0 deferred=18 queueSize=0
[103912][I][BLE] Enrich torrent done drained=1 remaining=0 tookLease=0 preempt=0 elapsedMs=2
[103922][I][STORAGE] RAMSpool worker paused inflight=0 lastInflight=0
[103923][I][STORAGE] Exclusive window begin kind=enrichment reason=manual_enrich_window workerPaused=1 displaySuspended=1
[103923][I][BLE] Manual enrichment window batch count=18 active=1 noData=0 budgetExhausted=0 timeHit=0
[103923][I][STORAGE] RAMSpool worker resumed
[103924][I][STORAGE] Exclusive window end kind=enrichment result=manual_batch_built reason=manual_enrich_window
[103924][I][BLE] enrichment request queued count=18 bytes=180
[103924][I][BLE] Requested enrichment batch count=18 queued=0
[104064][I][BLE] enrichment batch acknowledged by phone
[104065][I][BLE] enrichment send mtu=247 attPayload=244 bytes=180 count=18
[104120][I][BLE] enrichment batch sent plain=180 sealed=202 count=18 writeOk=1
[104365][I][BLE] enrichment rx chunk cipher=222 queued=0
[104516][I][BLE] enrichment rx chunk cipher=222 queued=0
[104667][I][BLE] enrichment rx chunk cipher=222 queued=1
[104668][I][BLE] enrichment rx chunk cipher=222 queued=0
[104821][I][BLE] enrichment rx chunk cipher=68 queued=0
[104822][I][BLE] enrich_xfer_perf count=18 sendMs=55 waitMs=702 rxBytes=846
[104822][I][BLE] enrichment batch received count=18 bytes=846
[104823][I][BLE] enrichment batch consumed count=18
[104823][I][BLE] Enrich batch queued count=18 queueSize=1
[104823][I][BLE] Enrichment batch received count=18 claimed=0 queued=1
[104824][I][BLE] Enrich drain begin count=18 queueSize=1 ageMs=0
[104824][I][BLE] enrich_perf count=18 applied=0 failed=0 deferred=18 storageMs=0 pendingUpload=4487
[104825][I][BLE] Enrich drain done applied=0 failed=0 deferred=18 queueSize=0
[104825][I][BLE] Enrich torrent done drained=1 remaining=0 tookLease=0 preempt=0 elapsedMs=2
[104835][I][STORAGE] RAMSpool worker paused inflight=0 lastInflight=0
[104836][I][STORAGE] Exclusive window begin kind=enrichment reason=manual_enrich_window workerPaused=1 displaySuspended=1
[104836][I][BLE] Manual enrichment window batch count=18 active=1 noData=0 budgetExhausted=0 timeHit=0
[104836][I][STORAGE] RAMSpool worker resumed
[104837][I][STORAGE] Exclusive window end kind=enrichment result=manual_batch_built reason=manual_enrich_window
[104837][I][BLE] enrichment request queued count=18 bytes=180
[104837][I][BLE] Requested enrichment batch count=18 queued=0
[104977][I][BLE] enrichment send mtu=247 attPayload=244 bytes=180 count=18
[105020][I][BLE] enrichment batch sent plain=180 sealed=202 count=18 writeOk=1
[105277][I][BLE] enrichment rx chunk cipher=222 queued=0
[105428][I][BLE] enrichment rx chunk cipher=222 queued=1
[105429][I][BLE] enrichment rx chunk cipher=222 queued=0
[105580][I][BLE] enrichment rx chunk cipher=222 queued=1
[105581][I][BLE] enrichment rx chunk cipher=68 queued=0
[105582][I][BLE] enrich_xfer_perf count=18 sendMs=43 waitMs=562 rxBytes=846
[105582][I][BLE] enrichment batch received count=18 bytes=846
[105583][I][BLE] enrichment batch consumed count=18
[105583][I][BLE] Enrich batch queued count=18 queueSize=1
[105583][I][BLE] Enrichment batch received count=18 claimed=0 queued=1
[105583][I][BLE] Enrich drain begin count=18 queueSize=1 ageMs=0
[105584][I][BLE] enrich_perf count=18 applied=0 failed=0 deferred=18 storageMs=0 pendingUpload=4487
[105584][I][BLE] Enrich drain done applied=0 failed=0 deferred=18 queueSize=0
[105585][I][BLE] Enrich torrent done drained=1 remaining=0 tookLease=0 preempt=0 elapsedMs=2
[105595][I][STORAGE] RAMSpool worker paused inflight=0 lastInflight=0
[105596][I][STORAGE] Exclusive window begin kind=enrichment reason=manual_enrich_window workerPaused=1 displaySuspended=1
[105596][I][BLE] Manual enrichment window batch count=18 active=1 noData=0 budgetExhausted=0 timeHit=0
[105596][I][STORAGE] RAMSpool worker resumed
[105597][I][STORAGE] Exclusive window end kind=enrichment result=manual_batch_built reason=manual_enrich_window
[105597][I][BLE] enrichment request queued count=18 bytes=180
[105597][I][BLE] Requested enrichment batch count=18 queued=0
[105740][I][BLE] enrichment send mtu=247 attPayload=244 bytes=180 count=18
[105800][I][BLE] enrichment batch sent plain=180 sealed=202 count=18 writeOk=1
[106040][I][BLE] enrichment rx chunk cipher=222 queued=0
[106192][I][BLE] enrichment batch acknowledged by phone
[106192][I][BLE] enrichment rx chunk cipher=222 queued=1
[106193][I][BLE] enrichment rx chunk cipher=222 queued=0
[106344][I][BLE] enrichment rx chunk cipher=222 queued=0
[106495][I][BLE] enrichment rx chunk cipher=68 queued=0
[106496][I][BLE] enrich_xfer_perf count=18 sendMs=60 waitMs=696 rxBytes=846
[106497][I][BLE] enrichment batch received count=18 bytes=846
[106497][I][BLE] enrichment batch consumed count=18
[106497][I][BLE] Enrich batch queued count=18 queueSize=1
[106497][I][BLE] Enrichment batch received count=18 claimed=0 queued=1
[106497][I][BLE] Enrich drain begin count=18 queueSize=1 ageMs=0
[106498][I][BLE] enrich_perf count=18 applied=0 failed=0 deferred=18 storageMs=0 pendingUpload=4487
[106499][I][BLE] Enrich drain done applied=0 failed=0 deferred=18 queueSize=0
[106499][I][BLE] Enrich torrent done drained=1 remaining=0 tookLease=0 preempt=0 elapsedMs=2
[106509][I][STORAGE] RAMSpool worker paused inflight=0 lastInflight=0
[106510][I][STORAGE] Exclusive window begin kind=enrichment reason=manual_enrich_window workerPaused=1 displaySuspended=1
[106510][I][BLE] Manual enrichment window batch count=18 active=1 noData=0 budgetExhausted=0 timeHit=0
[106511][I][STORAGE] RAMSpool worker resumed
[106511][I][STORAGE] Exclusive window end kind=enrichment result=manual_batch_built reason=manual_enrich_window
[106511][I][BLE] enrichment request queued count=18 bytes=180
[106511][I][BLE] Requested enrichment batch count=18 queued=0
[106651][I][BLE] enrichment send mtu=247 attPayload=244 bytes=180 count=18
[106700][I][BLE] enrichment batch sent plain=180 sealed=202 count=18 writeOk=1
[106953][I][BLE] enrichment rx chunk cipher=222 queued=0
[107104][I][BLE] enrichment rx chunk cipher=222 queued=0
[107255][I][BLE] enrichment rx chunk cipher=222 queued=1
[107256][I][BLE] enrichment rx chunk cipher=222 queued=0
[107407][I][BLE] enrichment rx chunk cipher=68 queued=0
[107408][I][BLE] enrich_xfer_perf count=18 sendMs=49 waitMs=708 rxBytes=846
[107408][I][BLE] enrichment batch received count=18 bytes=846
[107409][I][BLE] enrichment batch consumed count=18
[107409][I][BLE] Enrich batch queued count=18 queueSize=1
[107409][I][BLE] Enrichment batch received count=18 claimed=0 queued=1
[107409][I][BLE] Enrich drain begin count=18 queueSize=1 ageMs=0
[107410][I][BLE] enrich_perf count=18 applied=0 failed=0 deferred=18 storageMs=0 pendingUpload=4487
[107411][I][BLE] Enrich drain done applied=0 failed=0 deferred=18 queueSize=0
[107411][I][BLE] Enrich torrent done drained=1 remaining=0 tookLease=0 preempt=0 elapsedMs=2
[107421][I][STORAGE] RAMSpool worker paused inflight=0 lastInflight=0
[107422][I][STORAGE] Exclusive window begin kind=enrichment reason=manual_enrich_window workerPaused=1 displaySuspended=1
[107422][I][BLE] Manual enrichment window batch count=18 active=1 noData=0 budgetExhausted=0 timeHit=0
[107422][I][STORAGE] RAMSpool worker resumed
[107423][I][STORAGE] Exclusive window end kind=enrichment result=manual_batch_built reason=manual_enrich_window
[107423][I][BLE] enrichment request queued count=18 bytes=180
[107423][I][BLE] Requested enrichment batch count=18 queued=0
[107563][I][BLE] enrichment send mtu=247 attPayload=244 bytes=180 count=18
[107600][I][BLE] enrichment batch sent plain=180 sealed=202 count=18 writeOk=1
[107865][I][BLE] enrichment rx chunk cipher=222 queued=0
[108016][I][BLE] enrichment rx chunk cipher=222 queued=0
[108167][I][BLE] enrichment rx chunk cipher=222 queued=1
[108168][I][BLE] enrichment rx chunk cipher=222 queued=0
[108320][I][BLE] enrichment batch acknowledged by phone
[108320][I][BLE] enrichment rx chunk cipher=68 queued=0
[108321][I][BLE] enrich_xfer_perf count=18 sendMs=37 waitMs=721 rxBytes=846
[108321][I][BLE] enrichment batch received count=18 bytes=846
[108321][I][BLE] enrichment batch consumed count=18
[108322][I][BLE] Enrich batch queued count=18 queueSize=1
[108322][I][BLE] Enrichment batch received count=18 claimed=0 queued=1
[108322][I][BLE] Enrich drain begin count=18 queueSize=1 ageMs=0
[108323][I][BLE] enrich_perf count=18 applied=0 failed=0 deferred=18 storageMs=0 pendingUpload=4487
[108323][I][BLE] Enrich drain done applied=0 failed=0 deferred=18 queueSize=0
[108323][I][BLE] Enrich torrent done drained=1 remaining=0 tookLease=0 preempt=0 elapsedMs=1
[108334][I][STORAGE] RAMSpool worker paused inflight=0 lastInflight=0
[108335][I][STORAGE] Exclusive window begin kind=enrichment reason=manual_enrich_window workerPaused=1 displaySuspended=1
[108335][I][BLE] Manual enrichment window batch count=18 active=1 noData=0 budgetExhausted=0 timeHit=0
[108335][I][STORAGE] RAMSpool worker resumed
[108336][I][STORAGE] Exclusive window end kind=enrichment result=manual_batch_built reason=manual_enrich_window
[108336][I][BLE] enrichment request queued count=18 bytes=180
[108336][I][BLE] Requested enrichment batch count=18 queued=0
[108476][I][BLE] enrichment send mtu=247 attPayload=244 bytes=180 count=18
[108530][I][BLE] enrichment batch sent plain=180 sealed=202 count=18 writeOk=1
[108778][I][BLE] enrichment rx chunk cipher=222 queued=0
[108929][W][BLE] gps decrypt failed: secure decrypt replay/stale counter
[108930][I][BLE] enrichment rx chunk cipher=222 queued=0
[109080][I][BLE] enrichment rx chunk cipher=222 queued=1
[109081][I][BLE] enrichment rx chunk cipher=222 queued=0
[109232][I][BLE] enrichment rx chunk cipher=68 queued=0
[109233][I][BLE] enrich_xfer_perf count=18 sendMs=54 waitMs=703 rxBytes=846
[109233][I][BLE] enrichment batch received count=18 bytes=846
[109234][I][BLE] enrichment batch consumed count=18
[109234][I][BLE] Enrich batch queued count=18 queueSize=1
[109234][I][BLE] Enrichment batch received count=18 claimed=0 queued=1
[109234][I][BLE] Enrich drain begin count=18 queueSize=1 ageMs=0
[109235][I][BLE] enrich_perf count=18 applied=0 failed=0 deferred=18 storageMs=0 pendingUpload=4487
[109236][I][BLE] Enrich drain done applied=0 failed=0 deferred=18 queueSize=0
[109236][I][BLE] Enrich torrent done drained=1 remaining=0 tookLease=0 preempt=0 elapsedMs=2
[109246][I][STORAGE] RAMSpool worker paused inflight=0 lastInflight=0
[109247][I][STORAGE] Exclusive window begin kind=enrichment reason=manual_enrich_window workerPaused=1 displaySuspended=1
[109247][I][BLE] Manual enrichment window batch count=18 active=1 noData=0 budgetExhausted=0 timeHit=0
[109247][I][STORAGE] RAMSpool worker resumed
[109248][I][STORAGE] Exclusive window end kind=enrichment result=manual_batch_built reason=manual_enrich_window
[109248][I][BLE] enrichment request queued count=18 bytes=180
[109248][I][BLE] Requested enrichment batch count=18 queued=0
[109388][I][BLE] enrichment send mtu=247 attPayload=244 bytes=180 count=18
[109430][I][BLE] enrichment batch sent plain=180 sealed=202 count=18 writeOk=1
[109688][I][BLE] enrichment rx chunk cipher=222 queued=0
[109841][I][BLE] enrichment rx chunk cipher=222 queued=0
[109992][I][BLE] enrichment rx chunk cipher=222 queued=1
[109993][I][BLE] enrichment rx chunk cipher=222 queued=0
[110144][I][BLE] enrichment rx chunk cipher=68 queued=0
[110145][I][BLE] enrich_xfer_perf count=18 sendMs=42 waitMs=715 rxBytes=846
[110145][I][BLE] enrichment batch received count=18 bytes=846
[110146][I][BLE] enrichment batch consumed count=18
[110146][I][BLE] Enrich batch queued count=18 queueSize=1
[110146][I][BLE] Enrichment batch received count=18 claimed=0 queued=1
[110146][I][BLE] Enrich drain begin count=18 queueSize=1 ageMs=0
[110147][I][BLE] enrich_perf count=18 applied=0 failed=0 deferred=18 storageMs=0 pendingUpload=4487
[110148][I][BLE] Enrich drain done applied=0 failed=0 deferred=18 queueSize=0
[110148][I][BLE] Enrich torrent done drained=1 remaining=0 tookLease=0 preempt=0 elapsedMs=2
[110158][I][STORAGE] RAMSpool worker paused inflight=0 lastInflight=0
[110159][I][STORAGE] Exclusive window begin kind=enrichment reason=manual_enrich_window workerPaused=1 displaySuspended=1
[110159][I][BLE] Manual enrichment window batch count=18 active=1 noData=0 budgetExhausted=0 timeHit=0
[110159][I][STORAGE] RAMSpool worker resumed
[110160][I][STORAGE] Exclusive window end kind=enrichment result=manual_batch_built reason=manual_enrich_window
[110160][I][BLE] enrichment request queued count=18 bytes=180
[110160][I][BLE] Requested enrichment batch count=18 queued=0
[110360][I][BLE] enrichment send mtu=247 attPayload=244 bytes=180 count=18
[110420][I][BLE] enrichment batch sent plain=180 sealed=202 count=18 writeOk=1
[110451][I][BLE] enrichment batch acknowledged by phone
[110755][I][BLE] enrichment rx chunk cipher=222 queued=1
[110756][I][BLE] enrichment rx chunk cipher=222 queued=0
[110906][I][BLE] enrichment rx chunk cipher=222 queued=1
[110907][I][BLE] enrichment rx chunk cipher=222 queued=0
[111058][I][BLE] enrichment rx chunk cipher=68 queued=0
[111059][I][BLE] enrich_xfer_perf count=18 sendMs=60 waitMs=639 rxBytes=846
[111059][I][BLE] enrichment batch received count=18 bytes=846
[111060][I][BLE] enrichment batch consumed count=18
[111060][I][BLE] Enrich batch queued count=18 queueSize=1
[111060][I][BLE] Enrichment batch received count=18 claimed=0 queued=1
[111061][I][BLE] Enrich drain begin count=18 queueSize=1 ageMs=0
[111061][I][BLE] enrich_perf count=18 applied=0 failed=0 deferred=18 storageMs=0 pendingUpload=4487
[111062][I][BLE] Enrich drain done applied=0 failed=0 deferred=18 queueSize=0
[111062][I][BLE] Enrich torrent done drained=1 remaining=0 tookLease=0 preempt=0 elapsedMs=2
[111072][I][STORAGE] RAMSpool worker paused inflight=0 lastInflight=0
[111073][I][STORAGE] Exclusive window begin kind=enrichment reason=manual_enrich_window workerPaused=1 displaySuspended=1
[111073][I][BLE] Manual enrichment window batch count=18 active=1 noData=0 budgetExhausted=0 timeHit=0
[111073][I][STORAGE] RAMSpool worker resumed
[111074][I][STORAGE] Exclusive window end kind=enrichment result=manual_batch_built reason=manual_enrich_window
[111074][I][BLE] enrichment request queued count=18 bytes=180
[111074][I][BLE] Requested enrichment batch count=18 queued=0
[111214][I][BLE] enrichment send mtu=247 attPayload=244 bytes=180 count=18
[111260][I][BLE] enrichment batch sent plain=180 sealed=202 count=18 writeOk=1
[111514][I][BLE] enrichment rx chunk cipher=222 queued=0
[111665][I][BLE] enrichment rx chunk cipher=222 queued=1
[111666][I][BLE] enrichment rx chunk cipher=222 queued=0
[111819][I][BLE] enrichment rx chunk cipher=222 queued=1
[111820][I][BLE] enrichment rx chunk cipher=68 queued=0
[111821][I][BLE] enrich_xfer_perf count=18 sendMs=46 waitMs=561 rxBytes=846
[111821][I][BLE] enrichment batch received count=18 bytes=846
[111822][I][BLE] enrichment batch consumed count=18
[111822][I][BLE] Enrich batch queued count=18 queueSize=1
[111822][I][BLE] Enrichment batch received count=18 claimed=0 queued=1
[111822][I][BLE] Enrich drain begin count=18 queueSize=1 ageMs=0
[111823][I][BLE] enrich_perf count=18 applied=0 failed=0 deferred=18 storageMs=0 pendingUpload=4487
[111823][I][BLE] Enrich drain done applied=0 failed=0 deferred=18 queueSize=0
[111824][I][BLE] Enrich torrent done drained=1 remaining=0 tookLease=0 preempt=0 elapsedMs=2
[111834][I][STORAGE] RAMSpool worker paused inflight=0 lastInflight=0
[111835][I][STORAGE] Exclusive window begin kind=enrichment reason=manual_enrich_window workerPaused=1 displaySuspended=1
[111835][I][BLE] Manual enrichment window batch count=18 active=1 noData=0 budgetExhausted=0 timeHit=0
[111835][I][STORAGE] RAMSpool worker resumed
[111836][I][STORAGE] Exclusive window end kind=enrichment result=manual_batch_built reason=manual_enrich_window
[111836][I][BLE] enrichment request queued count=18 bytes=180
[111836][I][BLE] Requested enrichment batch count=18 queued=0
[111976][I][BLE] enrichment send mtu=247 attPayload=244 bytes=180 count=18
[112010][I][BLE] enrichment batch sent plain=180 sealed=202 count=18 writeOk=1
[112276][I][BLE] enrichment rx chunk cipher=222 queued=0
[112427][I][BLE] enrichment rx chunk cipher=222 queued=1
[112428][I][BLE] enrichment rx chunk cipher=222 queued=0
[112580][I][BLE] enrichment batch acknowledged by phone
[112580][I][BLE] enrichment rx chunk cipher=222 queued=1
[112581][I][BLE] enrichment rx chunk cipher=68 queued=0
[112582][I][BLE] enrich_xfer_perf count=18 sendMs=34 waitMs=571 rxBytes=846
[112582][I][BLE] enrichment batch received count=18 bytes=846
[112582][I][BLE] enrichment batch consumed count=18
[112582][I][BLE] Enrich batch queued count=18 queueSize=1
[112583][I][BLE] Enrichment batch received count=18 claimed=0 queued=1
[112583][I][BLE] Enrich drain begin count=18 queueSize=1 ageMs=1
[112584][I][BLE] enrich_perf count=18 applied=0 failed=0 deferred=18 storageMs=0 pendingUpload=4487
[112584][I][BLE] Enrich drain done applied=0 failed=0 deferred=18 queueSize=0
[112584][I][BLE] Enrich torrent done drained=1 remaining=0 tookLease=0 preempt=0 elapsedMs=1
[112594][I][STORAGE] RAMSpool worker paused inflight=0 lastInflight=0
[112595][I][STORAGE] Exclusive window begin kind=enrichment reason=manual_enrich_window workerPaused=1 displaySuspended=1
[112595][I][BLE] Manual enrichment window batch count=18 active=1 noData=0 budgetExhausted=0 timeHit=0
[112596][I][STORAGE] RAMSpool worker resumed
[112596][I][STORAGE] Exclusive window end kind=enrichment result=manual_batch_built reason=manual_enrich_window
[112596][I][BLE] enrichment request queued count=18 bytes=180
[112596][I][BLE] Requested enrichment batch count=18 queued=0
[112736][I][BLE] enrichment send mtu=247 attPayload=244 bytes=180 count=18
[112790][I][BLE] enrichment batch sent plain=180 sealed=202 count=18 writeOk=1
[113038][I][BLE] enrichment rx chunk cipher=222 queued=1
[113039][I][BLE] enrichment rx chunk cipher=222 queued=0
[113190][I][BLE] enrichment rx chunk cipher=222 queued=0
[113341][I][BLE] enrichment rx chunk cipher=222 queued=1
[113342][I][BLE] enrichment rx chunk cipher=68 queued=0
[113343][I][BLE] enrich_xfer_perf count=18 sendMs=54 waitMs=553 rxBytes=846
[113343][I][BLE] enrichment batch received count=18 bytes=846
[113344][I][BLE] enrichment batch consumed count=18
[113344][I][BLE] Enrich batch queued count=18 queueSize=1
[113344][I][BLE] Enrichment batch received count=18 claimed=0 queued=1
[113344][I][BLE] Enrich drain begin count=18 queueSize=1 ageMs=0
[113345][I][BLE] enrich_perf count=18 applied=0 failed=0 deferred=18 storageMs=0 pendingUpload=4487
[113345][I][BLE] Enrich drain done applied=0 failed=0 deferred=18 queueSize=0
[113346][I][BLE] Enrich torrent done drained=1 remaining=0 tookLease=0 preempt=0 elapsedMs=1
[113356][I][STORAGE] RAMSpool worker paused inflight=0 lastInflight=0
[113357][I][STORAGE] Exclusive window begin kind=enrichment reason=manual_enrich_window workerPaused=1 displaySuspended=1
[113357][I][BLE] Manual enrichment window batch count=18 active=1 noData=0 budgetExhausted=0 timeHit=0
[113357][I][STORAGE] RAMSpool worker resumed
[113358][I][STORAGE] Exclusive window end kind=enrichment result=manual_batch_built reason=manual_enrich_window
[113358][I][BLE] enrichment request queued count=18 bytes=180
[113358][I][BLE] Requested enrichment batch count=18 queued=0
[113498][I][BLE] enrichment send mtu=247 attPayload=244 bytes=180 count=18
[113540][I][BLE] enrichment batch sent plain=180 sealed=202 count=18 writeOk=1
[113800][I][BLE] enrichment rx chunk cipher=222 queued=0
[113951][W][BLE] gps decrypt failed: secure decrypt replay/stale counter
[113952][I][BLE] enrichment rx chunk cipher=222 queued=1
[113952][I][BLE] enrichment rx chunk cipher=222 queued=0
[114103][I][BLE] enrichment rx chunk cipher=222 queued=1
[114104][I][BLE] enrichment rx chunk cipher=68 queued=0
[114105][I][BLE] enrich_xfer_perf count=18 sendMs=42 waitMs=565 rxBytes=846
[114105][I][BLE] enrichment batch received count=18 bytes=846
[114106][I][BLE] enrichment batch consumed count=18
[114106][I][BLE] Enrich batch queued count=18 queueSize=1
[114106][I][BLE] Enrichment batch received count=18 claimed=0 queued=1
[114106][I][BLE] Enrich drain begin count=18 queueSize=1 ageMs=0
[114107][I][BLE] enrich_perf count=18 applied=0 failed=0 deferred=18 storageMs=0 pendingUpload=4487
[114107][I][BLE] Enrich drain done applied=0 failed=0 deferred=18 queueSize=0
[114108][I][BLE] Enrich torrent done drained=1 remaining=0 tookLease=0 preempt=0 elapsedMs=2
[114118][I][STORAGE] RAMSpool worker paused inflight=0 lastInflight=0
[114119][I][STORAGE] Exclusive window begin kind=enrichment reason=manual_enrich_window workerPaused=1 displaySuspended=1
[114119][I][BLE] Manual enrichment window batch count=18 active=1 noData=0 budgetExhausted=0 timeHit=0
[114119][I][STORAGE] RAMSpool worker resumed
[114120][I][STORAGE] Exclusive window end kind=enrichment result=manual_batch_built reason=manual_enrich_window
[114120][I][BLE] enrichment request queued count=18 bytes=180
[114120][I][BLE] Requested enrichment batch count=18 queued=0
[114260][I][BLE] enrichment send mtu=247 attPayload=244 bytes=180 count=18
[114320][I][BLE] enrichment batch sent plain=180 sealed=202 count=18 writeOk=1
[114560][I][BLE] enrichment rx chunk cipher=222 queued=0
[114711][I][BLE] enrichment batch acknowledged by phone
[114712][I][BLE] enrichment rx chunk cipher=222 queued=1
[114713][I][BLE] enrichment rx chunk cipher=222 queued=0
[114865][I][BLE] enrichment rx chunk cipher=222 queued=1
[114866][I][BLE] enrichment rx chunk cipher=68 queued=0
[114867][I][BLE] enrich_xfer_perf count=18 sendMs=60 waitMs=547 rxBytes=846
[114867][I][BLE] enrichment batch received count=18 bytes=846
[114868][I][BLE] enrichment batch consumed count=18
[114868][I][BLE] Enrich batch queued count=18 queueSize=1
[114868][I][BLE] Enrichment batch received count=18 claimed=0 queued=1
[114868][I][BLE] Enrich drain begin count=18 queueSize=1 ageMs=0
[114869][I][BLE] enrich_perf count=18 applied=0 failed=0 deferred=18 storageMs=0 pendingUpload=4487
[114869][I][BLE] Enrich drain done applied=0 failed=0 deferred=18 queueSize=0
[114870][I][BLE] Enrich torrent done drained=1 remaining=0 tookLease=0 preempt=0 elapsedMs=2
[114880][I][STORAGE] RAMSpool worker paused inflight=0 lastInflight=0
[114881][I][STORAGE] Exclusive window begin kind=enrichment reason=manual_enrich_window workerPaused=1 displaySuspended=1
[114881][I][BLE] Manual enrichment window batch count=18 active=1 noData=0 budgetExhausted=0 timeHit=0
[114881][I][STORAGE] RAMSpool worker resumed
[114882][I][STORAGE] Exclusive window end kind=enrichment result=manual_batch_built reason=manual_enrich_window
[114882][I][BLE] enrichment request queued count=18 bytes=180
[114882][I][BLE] Requested enrichment batch count=18 queued=0
[115022][I][BLE] enrichment send mtu=247 attPayload=244 bytes=180 count=18
[115070][I][BLE] enrichment batch sent plain=180 sealed=202 count=18 writeOk=1
[115322][I][BLE] enrichment rx chunk cipher=222 queued=0
[115473][I][BLE] enrichment rx chunk cipher=222 queued=1
[115474][I][BLE] enrichment rx chunk cipher=222 queued=0
[115625][I][BLE] enrichment rx chunk cipher=222 queued=1
[115626][I][BLE] enrichment rx chunk cipher=68 queued=0
[115627][I][BLE] enrich_xfer_perf count=18 sendMs=48 waitMs=557 rxBytes=846
[115627][I][BLE] enrichment batch received count=18 bytes=846
[115628][I][BLE] enrichment batch consumed count=18
[115628][I][BLE] Enrich batch queued count=18 queueSize=1
[115628][I][BLE] Enrichment batch received count=18 claimed=0 queued=1
[115628][I][BLE] Enrich drain begin count=18 queueSize=1 ageMs=0
[115629][I][BLE] enrich_perf count=18 applied=0 failed=0 deferred=18 storageMs=0 pendingUpload=4487
[115629][I][BLE] Enrich drain done applied=0 failed=0 deferred=18 queueSize=0
[115630][I][BLE] Enrich torrent done drained=1 remaining=0 tookLease=0 preempt=0 elapsedMs=1
[115640][I][STORAGE] RAMSpool worker paused inflight=0 lastInflight=0
[115641][I][STORAGE] Exclusive window begin kind=enrichment reason=manual_enrich_window workerPaused=1 displaySuspended=1
[115641][I][BLE] Manual enrichment window batch count=18 active=1 noData=0 budgetExhausted=0 timeHit=0
[115642][I][STORAGE] RAMSpool worker resumed
[115642][I][STORAGE] Exclusive window end kind=enrichment result=manual_batch_built reason=manual_enrich_window
[115642][I][BLE] enrichment request queued count=18 bytes=180
[115642][I][BLE] Requested enrichment batch count=18 queued=0
[115785][I][BLE] enrichment send mtu=247 attPayload=244 bytes=180 count=18
[115820][I][BLE] enrichment batch sent plain=180 sealed=202 count=18 writeOk=1
[116094][I][BLE] enrichment rx chunk cipher=222 queued=1
[116095][I][BLE] enrichment rx chunk cipher=222 queued=0
[116150][I][BLE] storage snapshot sent pendingUp=0/4487 pendingEnrich=0/4490 usedPct=18
[116250][I][BLE] enrichment rx chunk cipher=222 queued=1
[116251][I][BLE] enrichment rx chunk cipher=222 queued=0
[116402][I][BLE] enrichment rx chunk cipher=68 queued=0
[116403][I][BLE] enrich_xfer_perf count=18 sendMs=35 waitMs=583 rxBytes=846
[116403][I][BLE] enrichment batch received count=18 bytes=846
[116404][I][BLE] enrichment batch consumed count=18
[116404][I][BLE] Enrich batch queued count=18 queueSize=1
[116404][I][BLE] Enrichment batch received count=18 claimed=0 queued=1
[116405][I][BLE] Enrich drain begin count=18 queueSize=1 ageMs=0
[116405][I][BLE] enrich_perf count=18 applied=0 failed=0 deferred=18 storageMs=0 pendingUpload=4487
[116406][I][BLE] Enrich drain done applied=0 failed=0 deferred=18 queueSize=0
[116406][I][BLE] Enrich torrent done drained=1 remaining=0 tookLease=0 preempt=0 elapsedMs=2
[116416][I][STORAGE] RAMSpool worker paused inflight=0 lastInflight=0
[116417][I][STORAGE] Exclusive window begin kind=enrichment reason=manual_enrich_window workerPaused=1 displaySuspended=1
[116417][I][BLE] Manual enrichment window batch count=18 active=1 noData=0 budgetExhausted=0 timeHit=0
[116418][I][STORAGE] RAMSpool worker resumed
[116418][I][STORAGE] Exclusive window end kind=enrichment result=manual_batch_built reason=manual_enrich_window
[116418][I][BLE] enrichment request queued count=18 bytes=180
[116418][I][BLE] Requested enrichment batch count=18 queued=0
[116558][I][BLE] enrichment send mtu=247 attPayload=244 bytes=180 count=18
[116600][I][BLE] enrichment batch sent plain=180 sealed=202 count=18 writeOk=1
[116861][I][BLE] enrichment batch acknowledged by phone
[116862][I][BLE] enrichment rx chunk cipher=222 queued=0
[117022][I][BLE] enrichment rx chunk cipher=222 queued=2
[117023][I][BLE] enrichment rx chunk cipher=222 queued=1
[117024][I][BLE] enrichment rx chunk cipher=222 queued=0
[117175][I][BLE] enrichment rx chunk cipher=68 queued=0
[117176][I][BLE] enrich_xfer_perf count=18 sendMs=42 waitMs=576 rxBytes=846
[117176][I][BLE] enrichment batch received count=18 bytes=846
[117177][I][BLE] enrichment batch consumed count=18
[117177][I][BLE] Enrich batch queued count=18 queueSize=1
[117177][I][BLE] Enrichment batch received count=18 claimed=0 queued=1
[117177][I][BLE] Enrich drain begin count=18 queueSize=1 ageMs=0
[117178][I][BLE] enrich_perf count=18 applied=0 failed=0 deferred=18 storageMs=0 pendingUpload=4487
[117179][I][BLE] Enrich drain done applied=0 failed=0 deferred=18 queueSize=0
[117179][I][BLE] Enrich torrent done drained=1 remaining=0 tookLease=0 preempt=0 elapsedMs=2
[117189][I][STORAGE] RAMSpool worker paused inflight=0 lastInflight=0
[117190][I][STORAGE] Exclusive window begin kind=enrichment reason=manual_enrich_window workerPaused=1 displaySuspended=1
[117190][I][BLE] Manual enrichment window batch count=18 active=1 noData=0 budgetExhausted=0 timeHit=0
[117191][I][STORAGE] RAMSpool worker resumed
[117191][I][STORAGE] Exclusive window end kind=enrichment result=manual_batch_built reason=manual_enrich_window
[117191][I][BLE] enrichment request queued count=18 bytes=180
[117191][I][BLE] Requested enrichment batch count=18 queued=0
[117331][I][BLE] enrichment send mtu=247 attPayload=244 bytes=180 count=18
[117380][I][BLE] enrichment batch sent plain=180 sealed=202 count=18 writeOk=1
[117631][I][BLE] enrichment rx chunk cipher=222 queued=0
[117784][I][BLE] enrichment rx chunk cipher=222 queued=1
[117785][I][BLE] enrichment rx chunk cipher=222 queued=0
[117936][I][BLE] enrichment rx chunk cipher=222 queued=1
[117937][I][BLE] enrichment rx chunk cipher=68 queued=0
[117938][I][BLE] enrich_xfer_perf count=18 sendMs=49 waitMs=558 rxBytes=846
[117938][I][BLE] enrichment batch received count=18 bytes=846
[117939][I][BLE] enrichment batch consumed count=18
[117939][I][BLE] Enrich batch queued count=18 queueSize=1
[117939][I][BLE] Enrichment batch received count=18 claimed=0 queued=1
[117939][I][BLE] Enrich drain begin count=18 queueSize=1 ageMs=0
[117940][I][BLE] enrich_perf count=18 applied=0 failed=0 deferred=18 storageMs=0 pendingUpload=4487
[117940][I][BLE] Enrich drain done applied=0 failed=0 deferred=18 queueSize=0
[117941][I][BLE] Enrich torrent done drained=1 remaining=0 tookLease=0 preempt=0 elapsedMs=2
[117951][I][STORAGE] RAMSpool worker paused inflight=0 lastInflight=0
[117952][I][STORAGE] Exclusive window begin kind=enrichment reason=manual_enrich_window workerPaused=1 displaySuspended=1
[117952][I][BLE] Manual enrichment window batch count=18 active=1 noData=0 budgetExhausted=0 timeHit=0
[117952][I][STORAGE] RAMSpool worker resumed
[117953][I][STORAGE] Exclusive window end kind=enrichment result=manual_batch_built reason=manual_enrich_window
[117953][I][BLE] enrichment request queued count=18 bytes=180
[117953][I][BLE] Requested enrichment batch count=18 queued=0
[118093][I][BLE] enrichment send mtu=247 attPayload=244 bytes=180 count=18
[118130][I][BLE] enrichment batch sent plain=180 sealed=202 count=18 writeOk=1
[118393][I][BLE] enrichment rx chunk cipher=222 queued=1
[118394][I][BLE] enrichment rx chunk cipher=222 queued=0
[118545][I][BLE] enrichment rx chunk cipher=222 queued=1
[118546][I][BLE] enrichment rx chunk cipher=222 queued=0
[118697][I][BLE] enrichment rx chunk cipher=68 queued=0
[118698][I][BLE] enrich_xfer_perf count=18 sendMs=37 waitMs=568 rxBytes=846
[118699][I][BLE] enrichment batch received count=18 bytes=846
[118699][I][BLE] enrichment batch consumed count=18
[118699][I][BLE] Enrich batch queued count=18 queueSize=1
[118699][I][BLE] Enrichment batch received count=18 claimed=0 queued=1
[118700][I][BLE] Enrich drain begin count=18 queueSize=1 ageMs=0
[118700][I][BLE] enrich_perf count=18 applied=0 failed=0 deferred=18 storageMs=0 pendingUpload=4487
[118701][I][BLE] Enrich drain done applied=0 failed=0 deferred=18 queueSize=0
[118701][I][BLE] Enrich torrent done drained=1 remaining=0 tookLease=0 preempt=0 elapsedMs=2
[118711][I][STORAGE] RAMSpool worker paused inflight=0 lastInflight=0
[118712][I][STORAGE] Exclusive window begin kind=enrichment reason=manual_enrich_window workerPaused=1 displaySuspended=1
[118712][I][BLE] Manual enrichment window batch count=18 active=1 noData=0 budgetExhausted=0 timeHit=0
[118712][I][STORAGE] RAMSpool worker resumed
[118713][I][STORAGE] Exclusive window end kind=enrichment result=manual_batch_built reason=manual_enrich_window
[118713][I][BLE] enrichment request queued count=18 bytes=180
[118713][I][BLE] Requested enrichment batch count=18 queued=0
[118970][I][BLE] enrichment send mtu=247 attPayload=244 bytes=180 count=18
[119005][W][BLE] gps decrypt failed: secure decrypt replay/stale counter
[119006][I][BLE] enrichment batch acknowledged by phone
[119007][I][BLE] enrichment batch sent plain=180 sealed=202 count=18 writeOk=1
[119306][I][BLE] enrichment rx chunk cipher=222 queued=1
[119307][I][BLE] enrichment rx chunk cipher=222 queued=0
[119458][I][BLE] enrichment rx chunk cipher=222 queued=1
[119459][I][BLE] enrichment rx chunk cipher=222 queued=0
[119610][I][BLE] enrichment rx chunk cipher=68 queued=0
[119611][I][BLE] enrich_xfer_perf count=18 sendMs=36 waitMs=605 rxBytes=846
[119611][I][BLE] enrichment batch received count=18 bytes=846
[119612][I][BLE] enrichment batch consumed count=18
[119612][I][BLE] Enrich batch queued count=18 queueSize=1
[119612][I][BLE] Enrichment batch received count=18 claimed=0 queued=1
[119613][I][BLE] Enrich drain begin count=18 queueSize=1 ageMs=1
[119613][I][BLE] enrich_perf count=18 applied=0 failed=0 deferred=18 storageMs=0 pendingUpload=4487
[119614][I][BLE] Enrich drain done applied=0 failed=0 deferred=18 queueSize=0
[119614][I][BLE] Enrich torrent done drained=1 remaining=0 tookLease=0 preempt=0 elapsedMs=2
[119624][I][STORAGE] RAMSpool worker paused inflight=0 lastInflight=0
[119625][I][STORAGE] Exclusive window begin kind=enrichment reason=manual_enrich_window workerPaused=1 displaySuspended=1
[119625][I][BLE] Manual enrichment window batch count=18 active=1 noData=0 budgetExhausted=0 timeHit=0
[119625][I][STORAGE] RAMSpool worker resumed
[119626][I][STORAGE] Exclusive window end kind=enrichment result=manual_batch_built reason=manual_enrich_window
[119626][I][BLE] enrichment request queued count=18 bytes=180
[119626][I][BLE] Requested enrichment batch count=18 queued=0
[119766][I][BLE] enrichment send mtu=247 attPayload=244 bytes=180 count=18
[119810][I][BLE] enrichment batch sent plain=180 sealed=202 count=18 writeOk=1
[120068][I][BLE] enrichment rx chunk cipher=222 queued=0
[120154][I][BLE] enrichment rx chunk cipher=222 queued=1
[120154][I][BLE] enrichment rx chunk cipher=222 queued=0
[120305][I][BLE] enrichment rx chunk cipher=222 queued=1
[120306][I][BLE] enrichment rx chunk cipher=68 queued=0
[120307][I][BLE] enrich_xfer_perf count=18 sendMs=44 waitMs=497 rxBytes=846
[120307][I][BLE] enrichment batch received count=18 bytes=846
[120308][I][BLE] enrichment batch consumed count=18
[120308][I][BLE] Enrich batch queued count=18 queueSize=1
[120308][I][BLE] Enrichment batch received count=18 claimed=0 queued=1
[120308][I][BLE] Enrich drain begin count=18 queueSize=1 ageMs=0
[120309][I][BLE] enrich_perf count=18 applied=0 failed=0 deferred=18 storageMs=0 pendingUpload=4487
[120309][I][BLE] Enrich drain done applied=0 failed=0 deferred=18 queueSize=0
[120310][I][BLE] Enrich torrent done drained=1 remaining=0 tookLease=0 preempt=0 elapsedMs=1
[120320][I][STORAGE] RAMSpool worker paused inflight=0 lastInflight=0
[120321][I][STORAGE] Exclusive window begin kind=enrichment reason=manual_enrich_window workerPaused=1 displaySuspended=1
[120321][I][BLE] Manual enrichment window batch count=18 active=1 noData=0 budgetExhausted=0 timeHit=0
[120321][I][STORAGE] RAMSpool worker resumed
[120322][I][STORAGE] Exclusive window end kind=enrichment result=manual_batch_built reason=manual_enrich_window
[120322][I][BLE] enrichment request queued count=18 bytes=180
[120322][I][BLE] Requested enrichment batch count=18 queued=0
[120462][I][BLE] enrichment send mtu=247 attPayload=244 bytes=180 count=18
[120500][I][BLE] enrichment batch sent plain=180 sealed=202 count=18 writeOk=1
[120762][I][BLE] enrichment rx chunk cipher=222 queued=0
[120915][I][BLE] enrichment rx chunk cipher=222 queued=1
[120916][I][BLE] enrichment rx chunk cipher=222 queued=0
[121067][I][BLE] enrichment batch acknowledged by phone
[121068][I][BLE] enrichment rx chunk cipher=222 queued=1
[121069][I][BLE] enrichment rx chunk cipher=68 queued=0
[121070][I][BLE] enrich_xfer_perf count=18 sendMs=38 waitMs=570 rxBytes=846
[121070][I][BLE] enrichment batch received count=18 bytes=846
[121070][I][BLE] enrichment batch consumed count=18
[121071][I][BLE] Enrich batch queued count=18 queueSize=1
[121071][I][BLE] Enrichment batch received count=18 claimed=0 queued=1
[121071][I][BLE] Enrich drain begin count=18 queueSize=1 ageMs=1
[121072][I][BLE] enrich_perf count=18 applied=0 failed=0 deferred=18 storageMs=0 pendingUpload=4487
[121072][I][BLE] Enrich drain done applied=0 failed=0 deferred=18 queueSize=0
[121072][I][BLE] Enrich torrent done drained=1 remaining=0 tookLease=0 preempt=0 elapsedMs=1
[121082][I][STORAGE] RAMSpool worker paused inflight=0 lastInflight=0
[121083][I][STORAGE] Exclusive window begin kind=enrichment reason=manual_enrich_window workerPaused=1 displaySuspended=1
[121083][I][BLE] Manual enrichment window batch count=18 active=1 noData=0 budgetExhausted=0 timeHit=0
[121083][I][STORAGE] RAMSpool worker resumed
[121084][I][STORAGE] Exclusive window end kind=enrichment result=manual_batch_built reason=manual_enrich_window
[121084][I][BLE] enrichment request queued count=18 bytes=180
[121084][I][BLE] Requested enrichment batch count=18 queued=0
[121224][I][BLE] enrichment send mtu=247 attPayload=244 bytes=180 count=18
[121280][I][BLE] enrichment batch sent plain=180 sealed=202 count=18 writeOk=1
[121524][I][BLE] enrichment rx chunk cipher=222 queued=1
[121525][I][BLE] enrichment rx chunk cipher=222 queued=0
[121676][I][BLE] enrichment rx chunk cipher=222 queued=0
[121829][I][BLE] enrichment rx chunk cipher=222 queued=1
[121830][I][BLE] enrichment rx chunk cipher=68 queued=0
[121831][I][BLE] enrich_xfer_perf count=18 sendMs=56 waitMs=551 rxBytes=846
[121831][I][BLE] enrichment batch received count=18 bytes=846
[121832][I][BLE] enrichment batch consumed count=18
[121832][I][BLE] Enrich batch queued count=18 queueSize=1
[121832][I][BLE] Enrichment batch received count=18 claimed=0 queued=1
[121832][I][BLE] Enrich drain begin count=18 queueSize=1 ageMs=0
[121833][I][BLE] enrich_perf count=18 applied=0 failed=0 deferred=18 storageMs=0 pendingUpload=4487
[121834][I][BLE] Enrich drain done applied=0 failed=0 deferred=18 queueSize=0
[121834][I][BLE] Enrich torrent done drained=1 remaining=0 tookLease=0 preempt=0 elapsedMs=2
[121844][I][STORAGE] RAMSpool worker paused inflight=0 lastInflight=0
[121845][I][STORAGE] Exclusive window begin kind=enrichment reason=manual_enrich_window workerPaused=1 displaySuspended=1
[121845][I][BLE] Manual enrichment window batch count=18 active=1 noData=0 budgetExhausted=0 timeHit=0
[121845][I][STORAGE] RAMSpool worker resumed
[121846][I][STORAGE] Exclusive window end kind=enrichment result=manual_batch_built reason=manual_enrich_window
[121846][I][BLE] enrichment request queued count=18 bytes=180
[121846][I][BLE] Requested enrichment batch count=18 queued=0
[121986][I][BLE] enrichment send mtu=247 attPayload=244 bytes=180 count=18
[122030][I][BLE] enrichment batch sent plain=180 sealed=202 count=18 writeOk=1
[122286][I][BLE] enrichment rx chunk cipher=222 queued=0
[122437][I][BLE] enrichment rx chunk cipher=222 queued=1
[122438][I][BLE] enrichment rx chunk cipher=222 queued=0
[122589][I][BLE] enrichment rx chunk cipher=222 queued=1
[122590][I][BLE] enrichment rx chunk cipher=68 queued=0
[122591][I][BLE] enrich_xfer_perf count=18 sendMs=44 waitMs=561 rxBytes=846
[122591][I][BLE] enrichment batch received count=18 bytes=846
[122592][I][BLE] enrichment batch consumed count=18
[122592][I][BLE] Enrich batch queued count=18 queueSize=1
[122592][I][BLE] Enrichment batch received count=18 claimed=0 queued=1
[122592][I][BLE] Enrich drain begin count=18 queueSize=1 ageMs=0
[122593][I][BLE] enrich_perf count=18 applied=0 failed=0 deferred=18 storageMs=0 pendingUpload=4487
[122593][I][BLE] Enrich drain done applied=0 failed=0 deferred=18 queueSize=0
[122594][I][BLE] Enrich torrent done drained=1 remaining=0 tookLease=0 preempt=0 elapsedMs=2
[122604][I][STORAGE] RAMSpool worker paused inflight=0 lastInflight=0
[122605][I][STORAGE] Exclusive window begin kind=enrichment reason=manual_enrich_window workerPaused=1 displaySuspended=1
[122605][I][BLE] Manual enrichment window batch count=18 active=1 noData=0 budgetExhausted=0 timeHit=0
[122605][I][STORAGE] RAMSpool worker resumed
[122606][I][STORAGE] Exclusive window end kind=enrichment result=manual_batch_built reason=manual_enrich_window
[122606][I][BLE] enrichment request queued count=18 bytes=180
[122606][I][BLE] Requested enrichment batch count=18 queued=0
[122746][I][BLE] enrichment send mtu=247 attPayload=244 bytes=180 count=18
[122780][I][BLE] enrichment batch sent plain=180 sealed=202 count=18 writeOk=1
[123048][I][BLE] enrichment rx chunk cipher=222 queued=0
[123199][I][BLE] enrichment batch acknowledged by phone
[123200][I][BLE] enrichment rx chunk cipher=222 queued=1
[123201][I][BLE] enrichment rx chunk cipher=222 queued=0
[123202][I][BLE] enrichment rx chunk cipher=222 queued=0
[123353][I][BLE] enrichment rx chunk cipher=68 queued=0
[123354][I][BLE] enrich_xfer_perf count=18 sendMs=34 waitMs=574 rxBytes=846
[123354][I][BLE] enrichment batch received count=18 bytes=846
[123355][I][BLE] enrichment batch consumed count=18
[123355][I][BLE] Enrich batch queued count=18 queueSize=1
[123355][I][BLE] Enrichment batch received count=18 claimed=0 queued=1
[123356][I][BLE] Enrich drain begin count=18 queueSize=1 ageMs=0
[123356][I][BLE] enrich_perf count=18 applied=0 failed=0 deferred=18 storageMs=0 pendingUpload=4487
[123357][I][BLE] Enrich drain done applied=0 failed=0 deferred=18 queueSize=0
[123357][I][BLE] Enrich torrent done drained=1 remaining=0 tookLease=0 preempt=0 elapsedMs=2
[123367][I][STORAGE] RAMSpool worker paused inflight=0 lastInflight=0
[123368][I][STORAGE] Exclusive window begin kind=enrichment reason=manual_enrich_window workerPaused=1 displaySuspended=1
[123368][I][BLE] Manual enrichment window batch count=18 active=1 noData=0 budgetExhausted=0 timeHit=0
[123368][I][STORAGE] RAMSpool worker resumed
[123369][I][STORAGE] Exclusive window end kind=enrichment result=manual_batch_built reason=manual_enrich_window
[123369][I][BLE] enrichment request queued count=18 bytes=180
[123369][I][BLE] Requested enrichment batch count=18 queued=0
[123509][I][BLE] enrichment send mtu=247 attPayload=244 bytes=180 count=18
[123560][I][BLE] enrichment batch sent plain=180 sealed=202 count=18 writeOk=1
[123811][I][BLE] enrichment rx chunk cipher=222 queued=0
[123962][I][BLE] enrichment rx chunk cipher=222 queued=1
[123963][I][BLE] enrichment rx chunk cipher=222 queued=0
[124114][W][BLE] gps decrypt failed: secure decrypt replay/stale counter
[124115][I][BLE] enrichment rx chunk cipher=222 queued=1
[124115][I][BLE] enrichment rx chunk cipher=68 queued=0
[124116][I][BLE] enrich_xfer_perf count=18 sendMs=51 waitMs=556 rxBytes=846
[124116][I][BLE] enrichment batch received count=18 bytes=846
[124117][I][BLE] enrichment batch consumed count=18
[124117][I][BLE] Enrich batch queued count=18 queueSize=1
[124117][I][BLE] Enrichment batch received count=18 claimed=0 queued=1
[124117][I][BLE] Enrich drain begin count=18 queueSize=1 ageMs=0
[124118][I][BLE] enrich_perf count=18 applied=0 failed=0 deferred=18 storageMs=0 pendingUpload=4487
[124119][I][BLE] Enrich drain done applied=0 failed=0 deferred=18 queueSize=0
[124119][I][BLE] Enrich torrent done drained=1 remaining=0 tookLease=0 preempt=0 elapsedMs=2
[124129][I][STORAGE] RAMSpool worker paused inflight=0 lastInflight=0
[124130][I][STORAGE] Exclusive window begin kind=enrichment reason=manual_enrich_window workerPaused=1 displaySuspended=1
[124130][I][BLE] Manual enrichment window batch count=18 active=1 noData=0 budgetExhausted=0 timeHit=0
[124130][I][STORAGE] RAMSpool worker resumed
[124131][I][STORAGE] Exclusive window end kind=enrichment result=manual_batch_built reason=manual_enrich_window
[124131][I][BLE] enrichment request queued count=18 bytes=180
[124131][I][BLE] Requested enrichment batch count=18 queued=0
[124271][I][BLE] enrichment send mtu=247 attPayload=244 bytes=180 count=18
[124310][I][BLE] enrichment batch sent plain=180 sealed=202 count=18 writeOk=1
[124571][I][BLE] enrichment rx chunk cipher=222 queued=0
[124722][I][BLE] enrichment rx chunk cipher=222 queued=1
[124723][I][BLE] enrichment rx chunk cipher=222 queued=0
[124876][I][BLE] enrichment rx chunk cipher=222 queued=1
[124877][I][BLE] enrichment rx chunk cipher=68 queued=0
[124878][I][BLE] enrich_xfer_perf count=18 sendMs=39 waitMs=568 rxBytes=846
[124878][I][BLE] enrichment batch received count=18 bytes=846
[124879][I][BLE] enrichment batch consumed count=18
[124879][I][BLE] Enrich batch queued count=18 queueSize=1
[124879][I][BLE] Enrichment batch received count=18 claimed=0 queued=1
[124879][I][BLE] Enrich drain begin count=18 queueSize=1 ageMs=0
[124880][I][BLE] enrich_perf count=18 applied=0 failed=0 deferred=18 storageMs=0 pendingUpload=4487
[124881][I][BLE] Enrich drain done applied=0 failed=0 deferred=18 queueSize=0
[124881][I][BLE] Enrich torrent done drained=1 remaining=0 tookLease=0 preempt=0 elapsedMs=2
[124891][I][STORAGE] RAMSpool worker paused inflight=0 lastInflight=0
[124892][I][STORAGE] Exclusive window begin kind=enrichment reason=manual_enrich_window workerPaused=1 displaySuspended=1
[124892][I][BLE] Manual enrichment window batch count=18 active=1 noData=0 budgetExhausted=0 timeHit=0
[124892][I][STORAGE] RAMSpool worker resumed
[124893][I][STORAGE] Exclusive window end kind=enrichment result=manual_batch_built reason=manual_enrich_window
[124893][I][BLE] enrichment request queued count=18 bytes=180
[124893][I][BLE] Requested enrichment batch count=18 queued=0
[125033][I][BLE] enrichment send mtu=247 attPayload=244 bytes=180 count=18
[125090][I][BLE] enrichment batch sent plain=180 sealed=202 count=18 writeOk=1
[125333][I][BLE] enrichment batch acknowledged by phone
[125334][I][BLE] enrichment rx chunk cipher=222 queued=0
[125494][I][BLE] enrichment rx chunk cipher=222 queued=1
[125495][I][BLE] enrichment rx chunk cipher=222 queued=0
[125646][I][BLE] enrichment rx chunk cipher=222 queued=1
[125647][I][BLE] enrichment rx chunk cipher=68 queued=0
[125648][I][BLE] enrich_xfer_perf count=18 sendMs=57 waitMs=558 rxBytes=846
[125648][I][BLE] enrichment batch received count=18 bytes=846
[125649][I][BLE] enrichment batch consumed count=18
[125649][I][BLE] Enrich batch queued count=18 queueSize=1
[125649][I][BLE] Enrichment batch received count=18 claimed=0 queued=1
[125649][I][BLE] Enrich drain begin count=18 queueSize=1 ageMs=0
[125650][I][BLE] enrich_perf count=18 applied=0 failed=0 deferred=18 storageMs=0 pendingUpload=4487
[125650][I][BLE] Enrich drain done applied=0 failed=0 deferred=18 queueSize=0
[125651][I][BLE] Enrich torrent done drained=1 remaining=0 tookLease=0 preempt=0 elapsedMs=2
[125661][I][STORAGE] RAMSpool worker paused inflight=0 lastInflight=0
[125662][I][STORAGE] Exclusive window begin kind=enrichment reason=manual_enrich_window workerPaused=1 displaySuspended=1
[125662][I][BLE] Manual enrichment window batch count=18 active=1 noData=0 budgetExhausted=0 timeHit=0
[125662][I][STORAGE] RAMSpool worker resumed
[125663][I][STORAGE] Exclusive window end kind=enrichment result=manual_batch_built reason=manual_enrich_window
[125663][I][BLE] enrichment request queued count=18 bytes=180
[125663][I][BLE] Requested enrichment batch count=18 queued=0
[125803][I][BLE] enrichment send mtu=247 attPayload=244 bytes=180 count=18
[125840][I][BLE] enrichment batch sent plain=180 sealed=202 count=18 writeOk=1
[126105][I][BLE] enrichment rx chunk cipher=222 queued=1
[126106][I][BLE] enrichment rx chunk cipher=222 queued=0
[126257][I][BLE] enrichment rx chunk cipher=222 queued=0
[126408][I][BLE] enrichment rx chunk cipher=222 queued=1
[126409][I][BLE] enrichment rx chunk cipher=68 queued=0
[126410][I][BLE] enrich_xfer_perf count=18 sendMs=37 waitMs=570 rxBytes=846
[126410][I][BLE] enrichment batch received count=18 bytes=846
[126411][I][BLE] enrichment batch consumed count=18
[126411][I][BLE] Enrich batch queued count=18 queueSize=1
[126411][I][BLE] Enrichment batch received count=18 claimed=0 queued=1
[126411][I][BLE] Enrich drain begin count=18 queueSize=1 ageMs=0
[126412][I][BLE] enrich_perf count=18 applied=0 failed=0 deferred=18 storageMs=0 pendingUpload=4487
[126413][I][BLE] Enrich drain done applied=0 failed=0 deferred=18 queueSize=0
[126413][I][BLE] Enrich torrent done drained=1 remaining=0 tookLease=0 preempt=0 elapsedMs=2
[126423][I][STORAGE] RAMSpool worker paused inflight=0 lastInflight=0
[126424][I][STORAGE] Exclusive window begin kind=enrichment reason=manual_enrich_window workerPaused=1 displaySuspended=1
[126424][I][BLE] Manual enrichment window batch count=18 active=1 noData=0 budgetExhausted=0 timeHit=0
[126424][I][STORAGE] RAMSpool worker resumed
[126425][I][STORAGE] Exclusive window end kind=enrichment result=manual_batch_built reason=manual_enrich_window
[126425][I][BLE] enrichment request queued count=18 bytes=180
[126425][I][BLE] Requested enrichment batch count=18 queued=0
[126565][I][BLE] enrichment send mtu=247 attPayload=244 bytes=180 count=18
[126620][I][BLE] enrichment batch sent plain=180 sealed=202 count=18 writeOk=1
[126867][I][BLE] enrichment rx chunk cipher=222 queued=1
[126868][I][BLE] enrichment rx chunk cipher=222 queued=0
[127019][I][BLE] enrichment rx chunk cipher=222 queued=0
[127170][I][BLE] enrichment rx chunk cipher=222 queued=1
[127171][I][BLE] enrichment rx chunk cipher=68 queued=0
[127172][I][BLE] enrich_xfer_perf count=18 sendMs=55 waitMs=552 rxBytes=846
[127172][I][BLE] enrichment batch received count=18 bytes=846
[127173][I][BLE] enrichment batch consumed count=18
[127173][I][BLE] Enrich batch queued count=18 queueSize=1
[127173][I][BLE] Enrichment batch received count=18 claimed=0 queued=1
[127173][I][BLE] Enrich drain begin count=18 queueSize=1 ageMs=0
[127174][I][BLE] enrich_perf count=18 applied=0 failed=0 deferred=18 storageMs=0 pendingUpload=4487
[127174][I][BLE] Enrich drain done applied=0 failed=0 deferred=18 queueSize=0
[127175][I][BLE] Enrich torrent done drained=1 remaining=0 tookLease=0 preempt=0 elapsedMs=2
[127185][I][STORAGE] RAMSpool worker paused inflight=0 lastInflight=0
[127186][I][STORAGE] Exclusive window begin kind=enrichment reason=manual_enrich_window workerPaused=1 displaySuspended=1
[127186][I][BLE] Manual enrichment window batch count=18 active=1 noData=0 budgetExhausted=0 timeHit=0
[127186][I][STORAGE] RAMSpool worker resumed
[127187][I][STORAGE] Exclusive window end kind=enrichment result=manual_batch_built reason=manual_enrich_window
[127187][I][BLE] enrichment request queued count=18 bytes=180
[127187][I][BLE] Requested enrichment batch count=18 queued=0
[127370][I][BLE] enrichment send mtu=247 attPayload=244 bytes=180 count=18
[127430][I][BLE] enrichment batch sent plain=180 sealed=202 count=18 writeOk=1
[127477][I][BLE] enrichment batch acknowledged by phone
[127628][I][BLE] enrichment rx chunk cipher=222 queued=0
[127779][I][BLE] enrichment rx chunk cipher=222 queued=1
[127780][I][BLE] enrichment rx chunk cipher=222 queued=0
[127792][I][STACK] TaskHardware watermark=10920B min=10920B
[127794][I][HEAP] heap free=7628KB min=7622KB largest=7552KB frag=1% internalFree=16KB internalLargest=8KB psramFree=7612KB core=0/0% owner=BLE_GPS nets=0 pendingUpload=4487 pendingEnrich=4490
[HEALTH] time=2026-08-07 13:38:14 src=ntp
[HEALTH] heap used=796/8424KB free=7628KB min=7622KB largest=7552KB frag=1%
[HEALTH] internal used=216/232KB free=16KB min=10KB largest=8KB
[HEALTH] psram used=580/8192KB free=7612KB largest=7552KB
[HEALTH] stack free_min: core0=11KB/22KB core1=13KB/18KB
[HEALTH] core usage: core0=0% core1=0%
[HEALTH] power=usb state=usb batt=100% 4725mV trend=20mV/min runtime=0min cap=1100mAh charging=1
[HEALTH] radio=BLE_GPS wifi=0 ble=1 gps=0 nets=0 pendingUpload=4487 pendingEnrich=4490
[HEALTH] subghz=NONE mode=OFF pkts=0 nodes=0
[127796][I][STORAGE] RAMSpool enq=0 cons=0 inflight=0/1024 high=0 pressure=0 drop[full=0 big=0 noise=0 p3Evict=0 p3Drop=0 p2Drop=0 p1Fail=0] free=1024
[127796][I][STORAGE] RAMSpool enqueue probe[ok=0 drop=0] device[ok=0 drop=0]
[127797][I][STORAGE] RAMSpool worker probe[ok=0 sup=0 drop=0 fail=0 slow=0] device[ok=0 sup=0 drop=0 fail=0 slow=0] slowTotal=0 maxMs=0
[127797][I][STORAGE] RAMSpool prioEnq p0=0 p1=0 p2=0 p3=0
[127797][I][STORAGE] RAMSpool lanes p1=0/0 p2=0/0 p3=0/0
[127939][I][BLE] enrichment rx chunk cipher=222 queued=1
[127940][I][BLE] enrichment rx chunk cipher=68 queued=0
[127941][I][BLE] enrich_xfer_perf count=18 sendMs=60 waitMs=511 rxBytes=846
[127941][I][BLE] enrichment batch received count=18 bytes=846
[127942][I][BLE] enrichment batch consumed count=18
[127942][I][BLE] Enrich batch queued count=18 queueSize=1
[127942][I][BLE] Enrichment batch received count=18 claimed=0 queued=1
[127942][I][BLE] Enrich drain begin count=18 queueSize=1 ageMs=0
[127943][I][BLE] enrich_perf count=18 applied=0 failed=0 deferred=18 storageMs=0 pendingUpload=4487
[127943][I][BLE] Enrich drain done applied=0 failed=0 deferred=18 queueSize=0
[127944][I][BLE] Enrich torrent done drained=1 remaining=0 tookLease=0 preempt=0 elapsedMs=2
[127954][I][STORAGE] RAMSpool worker paused inflight=0 lastInflight=0
[127955][I][STORAGE] Exclusive window begin kind=enrichment reason=manual_enrich_window workerPaused=1 displaySuspended=1
[127955][I][BLE] Manual enrichment window batch count=18 active=1 noData=0 budgetExhausted=0 timeHit=0
[127956][I][STORAGE] RAMSpool worker resumed
[127956][I][STORAGE] Exclusive window end kind=enrichment result=manual_batch_built reason=manual_enrich_window
[127956][I][BLE] enrichment request queued count=18 bytes=180
[127956][I][BLE] Requested enrichment batch count=18 queued=0
[128096][I][BLE] worker stack free=7384B min=7384B
[128097][I][BLE] enrichment send mtu=247 attPayload=244 bytes=180 count=18
[128150][I][BLE] enrichment batch sent plain=180 sealed=202 count=18 writeOk=1
[128397][I][BLE] enrichment rx chunk cipher=222 queued=0
[128548][I][BLE] enrichment rx chunk cipher=222 queued=1
[128549][I][BLE] enrichment rx chunk cipher=222 queued=0
[128700][I][BLE] enrichment rx chunk cipher=222 queued=1
[128701][I][BLE] enrichment rx chunk cipher=68 queued=0
[128702][I][BLE] enrich_xfer_perf count=18 sendMs=53 waitMs=552 rxBytes=846
[128702][I][BLE] enrichment batch received count=18 bytes=846
[128703][I][BLE] enrichment batch consumed count=18
[128703][I][BLE] Enrich batch queued count=18 queueSize=1
[128703][I][BLE] Enrichment batch received count=18 claimed=0 queued=1
[128703][I][BLE] Enrich drain begin count=18 queueSize=1 ageMs=0
[128704][I][BLE] enrich_perf count=18 applied=0 failed=0 deferred=18 storageMs=0 pendingUpload=4487
[128704][I][BLE] Enrich drain done applied=0 failed=0 deferred=18 queueSize=0
[128705][I][BLE] Enrich torrent done drained=1 remaining=0 tookLease=0 preempt=0 elapsedMs=1
[128715][I][STORAGE] RAMSpool worker paused inflight=0 lastInflight=0
[128716][I][STORAGE] Exclusive window begin kind=enrichment reason=manual_enrich_window workerPaused=1 displaySuspended=1
[128716][I][BLE] Manual enrichment window batch count=18 active=1 noData=0 budgetExhausted=0 timeHit=0
[128717][I][STORAGE] RAMSpool worker resumed
[128717][I][STORAGE] Exclusive window end kind=enrichment result=manual_batch_built reason=manual_enrich_window
[128717][I][BLE] enrichment request queued count=18 bytes=180
[128717][I][BLE] Requested enrichment batch count=18 queued=0
[128859][I][BLE] enrichment send mtu=247 attPayload=244 bytes=180 count=18
[128900][I][BLE] enrichment batch sent plain=180 sealed=202 count=18 writeOk=1
[129159][W][BLE] gps decrypt failed: secure decrypt replay/stale counter
[129160][I][BLE] enrichment rx chunk cipher=222 queued=0
[129310][I][BLE] enrichment rx chunk cipher=222 queued=1
[129311][I][BLE] enrichment rx chunk cipher=222 queued=0
[129462][I][BLE] enrichment rx chunk cipher=222 queued=1
[129463][I][BLE] enrichment rx chunk cipher=68 queued=0
[129464][I][BLE] enrich_xfer_perf count=18 sendMs=41 waitMs=564 rxBytes=846
[129464][I][BLE] enrichment batch received count=18 bytes=846
[129465][I][BLE] enrichment batch consumed count=18
[129465][I][BLE] Enrich batch queued count=18 queueSize=1
[129466][I][BLE] Enrichment batch received count=18 claimed=0 queued=1
[129466][I][BLE] Enrich drain begin count=18 queueSize=1 ageMs=1
[129467][I][BLE] enrich_perf count=18 applied=0 failed=0 deferred=18 storageMs=1 pendingUpload=4487
[129467][I][BLE] Enrich drain done applied=0 failed=0 deferred=18 queueSize=0
[129467][I][BLE] Enrich torrent done drained=1 remaining=0 tookLease=0 preempt=0 elapsedMs=1
[129477][I][STORAGE] RAMSpool worker paused inflight=0 lastInflight=0
[129478][I][STORAGE] Exclusive window begin kind=enrichment reason=manual_enrich_window workerPaused=1 displaySuspended=1
[129478][I][BLE] Manual enrichment window batch count=18 active=1 noData=0 budgetExhausted=0 timeHit=0
[129479][I][STORAGE] RAMSpool worker resumed
[129479][I][STORAGE] Exclusive window end kind=enrichment result=manual_batch_built reason=manual_enrich_window
[129479][I][BLE] enrichment request queued count=18 bytes=180
[129479][I][BLE] Requested enrichment batch count=18 queued=0
[129620][I][BLE] enrichment batch acknowledged by phone
[129620][I][BLE] enrichment send mtu=247 attPayload=244 bytes=180 count=18
[129680][I][BLE] enrichment batch sent plain=180 sealed=202 count=18 writeOk=1
[129922][I][BLE] enrichment rx chunk cipher=222 queued=0
[130073][I][BLE] enrichment rx chunk cipher=222 queued=1
[130074][I][BLE] enrichment rx chunk cipher=222 queued=0
[130225][I][BLE] enrichment rx chunk cipher=222 queued=1
[130226][I][BLE] enrichment rx chunk cipher=68 queued=0
[130227][I][BLE] enrich_xfer_perf count=18 sendMs=60 waitMs=547 rxBytes=846
[130227][I][BLE] enrichment batch received count=18 bytes=846
[130228][I][BLE] enrichment batch consumed count=18
[130228][I][BLE] Enrich batch queued count=18 queueSize=1
[130228][I][BLE] Enrichment batch received count=18 claimed=0 queued=1
[130228][I][BLE] Enrich drain begin count=18 queueSize=1 ageMs=0
[130229][I][BLE] enrich_perf count=18 applied=0 failed=0 deferred=18 storageMs=0 pendingUpload=4487
[130230][I][BLE] Enrich drain done applied=0 failed=0 deferred=18 queueSize=0
[130230][I][BLE] Enrich torrent done drained=1 remaining=0 tookLease=0 preempt=0 elapsedMs=2
[130240][I][STORAGE] RAMSpool worker paused inflight=0 lastInflight=0
[130241][I][STORAGE] Exclusive window begin kind=enrichment reason=manual_enrich_window workerPaused=1 displaySuspended=1
[130241][I][BLE] Manual enrichment window batch count=18 active=1 noData=0 budgetExhausted=0 timeHit=0
[130241][I][STORAGE] RAMSpool worker resumed
[130242][I][STORAGE] Exclusive window end kind=enrichment result=manual_batch_built reason=manual_enrich_window
[130242][I][BLE] enrichment request queued count=18 bytes=180
[130242][I][BLE] Requested enrichment batch count=18 queued=0
[130382][I][BLE] enrichment send mtu=247 attPayload=244 bytes=180 count=18
[130430][I][BLE] enrichment batch sent plain=180 sealed=202 count=18 writeOk=1
[130682][I][BLE] enrichment rx chunk cipher=222 queued=0
[130835][I][BLE] enrichment rx chunk cipher=222 queued=1
[130836][I][BLE] enrichment rx chunk cipher=222 queued=0
[130987][I][BLE] enrichment rx chunk cipher=222 queued=1
[130988][I][BLE] enrichment rx chunk cipher=68 queued=0
[130989][I][BLE] enrich_xfer_perf count=18 sendMs=48 waitMs=559 rxBytes=846
[130989][I][BLE] enrichment batch received count=18 bytes=846
[130990][I][BLE] enrichment batch consumed count=18
[130990][I][BLE] Enrich batch queued count=18 queueSize=1
[130990][I][BLE] Enrichment batch received count=18 claimed=0 queued=1
[130990][I][BLE] Enrich drain begin count=18 queueSize=1 ageMs=0
[130991][I][BLE] enrich_perf count=18 applied=0 failed=0 deferred=18 storageMs=0 pendingUpload=4487
[130991][I][BLE] Enrich drain done applied=0 failed=0 deferred=18 queueSize=0
[130992][I][BLE] Enrich torrent done drained=1 remaining=0 tookLease=0 preempt=0 elapsedMs=2
[131002][I][STORAGE] RAMSpool worker paused inflight=0 lastInflight=0
[131003][I][STORAGE] Exclusive window begin kind=enrichment reason=manual_enrich_window workerPaused=1 displaySuspended=1
[131003][I][BLE] Manual enrichment window batch count=18 active=1 noData=0 budgetExhausted=0 timeHit=0
[131003][I][STORAGE] RAMSpool worker resumed
[131004][I][STORAGE] Exclusive window end kind=enrichment result=manual_batch_built reason=manual_enrich_window
[131004][I][BLE] enrichment request queued count=18 bytes=180
[131004][I][BLE] Requested enrichment batch count=18 queued=0
[131150][I][BLE] storage snapshot sent pendingUp=0/4487 pendingEnrich=0/4490 usedPct=18
[131161][I][BLE] enrichment send mtu=247 attPayload=244 bytes=180 count=18
[131210][I][BLE] enrichment batch sent plain=180 sealed=202 count=18 writeOk=1
[131460][I][BLE] enrichment rx chunk cipher=222 queued=1
[131461][I][BLE] enrichment rx chunk cipher=222 queued=0
[131612][I][BLE] enrichment rx chunk cipher=222 queued=0
[131764][I][BLE] enrichment batch acknowledged by phone
[131764][I][BLE] enrichment rx chunk cipher=222 queued=1
[131765][I][BLE] enrichment rx chunk cipher=68 queued=0
[131766][I][BLE] enrich_xfer_perf count=18 sendMs=50 waitMs=555 rxBytes=846
[131766][I][BLE] enrichment batch received count=18 bytes=846
[131766][I][BLE] enrichment batch consumed count=18
[131766][I][BLE] Enrich batch queued count=18 queueSize=1
[131767][I][BLE] Enrichment batch received count=18 claimed=0 queued=1
[131767][I][BLE] Enrich drain begin count=18 queueSize=1 ageMs=1
[131768][I][BLE] enrich_perf count=18 applied=0 failed=0 deferred=18 storageMs=0 pendingUpload=4487
[131768][I][BLE] Enrich drain done applied=0 failed=0 deferred=18 queueSize=0
[131768][I][BLE] Enrich torrent done drained=1 remaining=0 tookLease=0 preempt=0 elapsedMs=1
[131778][I][STORAGE] RAMSpool worker paused inflight=0 lastInflight=0
[131779][I][STORAGE] Exclusive window begin kind=enrichment reason=manual_enrich_window workerPaused=1 displaySuspended=1
[131779][I][BLE] Manual enrichment window batch count=18 active=1 noData=0 budgetExhausted=0 timeHit=0
[131780][I][STORAGE] RAMSpool worker resumed
[131780][I][STORAGE] Exclusive window end kind=enrichment result=manual_batch_built reason=manual_enrich_window
[131780][I][BLE] enrichment request queued count=18 bytes=180
[131780][I][BLE] Requested enrichment batch count=18 queued=0
[131922][I][BLE] enrichment send mtu=247 attPayload=244 bytes=180 count=18
[131960][I][BLE] enrichment batch sent plain=180 sealed=202 count=18 writeOk=1
[132222][I][BLE] enrichment rx chunk cipher=222 queued=1
[132223][I][BLE] enrichment rx chunk cipher=222 queued=0
[132374][I][BLE] enrichment rx chunk cipher=222 queued=0
[132525][I][BLE] enrichment rx chunk cipher=222 queued=1
[132526][I][BLE] enrichment rx chunk cipher=68 queued=0
[132527][I][BLE] enrich_xfer_perf count=18 sendMs=38 waitMs=567 rxBytes=846
[132527][I][BLE] enrichment batch received count=18 bytes=846
[132528][I][BLE] enrichment batch consumed count=18
[132528][I][BLE] Enrich batch queued count=18 queueSize=1
[132528][I][BLE] Enrichment batch received count=18 claimed=0 queued=1
[132528][I][BLE] Enrich drain begin count=18 queueSize=1 ageMs=0
[132529][I][BLE] enrich_perf count=18 applied=0 failed=0 deferred=18 storageMs=0 pendingUpload=4487
[132530][I][BLE] Enrich drain done applied=0 failed=0 deferred=18 queueSize=0
[132530][I][BLE] Enrich torrent done drained=1 remaining=0 tookLease=0 preempt=0 elapsedMs=2
[132540][I][STORAGE] RAMSpool worker paused inflight=0 lastInflight=0
[132541][I][STORAGE] Exclusive window begin kind=enrichment reason=manual_enrich_window workerPaused=1 displaySuspended=1
[132541][I][BLE] Manual enrichment window batch count=18 active=1 noData=0 budgetExhausted=0 timeHit=0
[132541][I][STORAGE] RAMSpool worker resumed
[132542][I][STORAGE] Exclusive window end kind=enrichment result=manual_batch_built reason=manual_enrich_window
[132542][I][BLE] enrichment request queued count=18 bytes=180
[132542][I][BLE] Requested enrichment batch count=18 queued=0
[132682][I][BLE] enrichment send mtu=247 attPayload=244 bytes=180 count=18
[132740][I][BLE] enrichment batch sent plain=180 sealed=202 count=18 writeOk=1
[132984][I][BLE] enrichment rx chunk cipher=222 queued=0
[133135][I][BLE] enrichment rx chunk cipher=222 queued=1
[133136][I][BLE] enrichment rx chunk cipher=222 queued=0
[133287][I][BLE] enrichment rx chunk cipher=222 queued=1
[133288][I][BLE] enrichment rx chunk cipher=68 queued=0
[133289][I][BLE] enrich_xfer_perf count=18 sendMs=58 waitMs=549 rxBytes=846
[133289][I][BLE] enrichment batch received count=18 bytes=846
[133290][I][BLE] enrichment batch consumed count=18
[133290][I][BLE] Enrich batch queued count=18 queueSize=1
[133290][I][BLE] Enrichment batch received count=18 claimed=0 queued=1
[133290][I][BLE] Enrich drain begin count=18 queueSize=1 ageMs=0
[133291][I][BLE] enrich_perf count=18 applied=0 failed=0 deferred=18 storageMs=0 pendingUpload=4487
[133291][I][BLE] Enrich drain done applied=0 failed=0 deferred=18 queueSize=0
[133292][I][BLE] Enrich torrent done drained=1 remaining=0 tookLease=0 preempt=0 elapsedMs=2
[133302][I][STORAGE] RAMSpool worker paused inflight=0 lastInflight=0
[133303][I][STORAGE] Exclusive window begin kind=enrichment reason=manual_enrich_window workerPaused=1 displaySuspended=1
[133303][I][BLE] Manual enrichment window batch count=18 active=1 noData=0 budgetExhausted=0 timeHit=0
[133303][I][STORAGE] RAMSpool worker resumed
[133304][I][STORAGE] Exclusive window end kind=enrichment result=manual_batch_built reason=manual_enrich_window
[133304][I][BLE] enrichment request queued count=18 bytes=180
[133304][I][BLE] Requested enrichment batch count=18 queued=0
[133444][I][BLE] enrichment send mtu=247 attPayload=244 bytes=180 count=18
[133490][I][BLE] enrichment batch sent plain=180 sealed=202 count=18 writeOk=1
[133744][I][BLE] enrichment rx chunk cipher=222 queued=0
[133897][I][BLE] enrichment batch acknowledged by phone
[133898][I][BLE] enrichment rx chunk cipher=222 queued=1
[133899][I][BLE] enrichment rx chunk cipher=222 queued=0
[134049][I][BLE] enrichment rx chunk cipher=222 queued=1
[134050][I][BLE] enrichment rx chunk cipher=68 queued=0
[134051][I][BLE] enrich_xfer_perf count=18 sendMs=46 waitMs=561 rxBytes=846
[134051][I][BLE] enrichment batch received count=18 bytes=846
[134052][I][BLE] enrichment batch consumed count=18
[134053][I][BLE] Enrich batch queued count=18 queueSize=1
[134053][I][BLE] Enrichment batch received count=18 claimed=0 queued=1
[134053][I][BLE] Enrich drain begin count=18 queueSize=1 ageMs=1
[134054][I][BLE] enrich_perf count=18 applied=0 failed=0 deferred=18 storageMs=0 pendingUpload=4487
[134054][I][BLE] Enrich drain done applied=0 failed=0 deferred=18 queueSize=0
[134054][I][BLE] Enrich torrent done drained=1 remaining=0 tookLease=0 preempt=0 elapsedMs=1
[134064][I][STORAGE] RAMSpool worker paused inflight=0 lastInflight=0
[134065][I][STORAGE] Exclusive window begin kind=enrichment reason=manual_enrich_window workerPaused=1 displaySuspended=1
[134065][I][BLE] Manual enrichment window batch count=18 active=1 noData=0 budgetExhausted=0 timeHit=0
[134066][I][STORAGE] RAMSpool worker resumed
[134066][I][STORAGE] Exclusive window end kind=enrichment result=manual_batch_built reason=manual_enrich_window
[134066][I][BLE] enrichment request queued count=18 bytes=180
[134066][I][BLE] Requested enrichment batch count=18 queued=0
[134206][W][BLE] gps decrypt failed: secure decrypt replay/stale counter
[134207][I][BLE] enrichment send mtu=247 attPayload=244 bytes=180 count=18
[134240][I][BLE] enrichment batch sent plain=180 sealed=202 count=18 writeOk=1
[134507][I][BLE] enrichment rx chunk cipher=222 queued=0
[134658][I][BLE] enrichment rx chunk cipher=222 queued=1
[134659][I][BLE] enrichment rx chunk cipher=222 queued=0
[134810][I][BLE] enrichment rx chunk cipher=222 queued=1
[134811][I][BLE] enrichment rx chunk cipher=68 queued=0
[134812][I][BLE] enrich_xfer_perf count=18 sendMs=33 waitMs=572 rxBytes=846
[134812][I][BLE] enrichment batch received count=18 bytes=846
[134813][I][BLE] enrichment batch consumed count=18
[134813][I][BLE] Enrich batch queued count=18 queueSize=1
[134813][I][BLE] Enrichment batch received count=18 claimed=0 queued=1
[134813][I][BLE] Enrich drain begin count=18 queueSize=1 ageMs=0
[134814][I][BLE] enrich_perf count=18 applied=0 failed=0 deferred=18 storageMs=0 pendingUpload=4487
[134814][I][BLE] Enrich drain done applied=0 failed=0 deferred=18 queueSize=0
[134815][I][BLE] Enrich torrent done drained=1 remaining=0 tookLease=0 preempt=0 elapsedMs=2
[134825][I][STORAGE] RAMSpool worker paused inflight=0 lastInflight=0
[134826][I][STORAGE] Exclusive window begin kind=enrichment reason=manual_enrich_window workerPaused=1 displaySuspended=1
[134826][I][STORAGE] Enrichment window released reason=manual_cursor_done
[134827][I][BLE] Manual enrichment window batch count=16 active=0 noData=0 budgetExhausted=0 timeHit=0
[134827][I][STORAGE] RAMSpool worker resumed
[134827][I][STORAGE] Exclusive window end kind=enrichment result=manual_batch_built reason=manual_enrich_window
[134827][I][BLE] enrichment request queued count=16 bytes=160
[134827][I][BLE] Requested enrichment batch count=16 queued=0
[134969][I][BLE] enrichment send mtu=247 attPayload=244 bytes=160 count=16
[135020][I][BLE] enrichment batch sent plain=160 sealed=182 count=16 writeOk=1
[135269][I][BLE] enrichment rx chunk cipher=222 queued=0
[135420][I][BLE] enrichment rx chunk cipher=222 queued=1
[135421][I][BLE] enrichment rx chunk cipher=222 queued=0
[135572][I][BLE] enrichment rx chunk cipher=174 queued=0
[135573][I][BLE] enrich_xfer_perf count=16 sendMs=51 waitMs=553 rxBytes=752
[135573][I][BLE] enrichment batch received count=16 bytes=752
[135574][I][BLE] enrichment batch consumed count=16
[135574][I][BLE] Enrich batch queued count=16 queueSize=1
[135574][I][BLE] Enrichment batch received count=16 claimed=0 queued=1
[135574][I][BLE] Enrich drain begin count=16 queueSize=1 ageMs=0
[135575][I][BLE] enrich_perf count=16 applied=0 failed=0 deferred=16 storageMs=0 pendingUpload=4487
[135576][I][BLE] Enrich drain done applied=0 failed=0 deferred=16 queueSize=0
[135576][I][BLE] Enrich torrent done drained=1 remaining=0 tookLease=0 preempt=0 elapsedMs=2
[135586][I][BLE] Manual enrich: phone declined 2 passes; retiring remaining records as NO_DATA
[135587][I][STORAGE] RAMSpool worker paused inflight=0 lastInflight=0
[135587][I][STORAGE] Exclusive window begin kind=enrichment reason=manual_enrich_window workerPaused=1 displaySuspended=1
[135588][I][STORAGE] prepare_assigned records=1024 freeInternal=16680 freePsram=7794788
[135588][I][STORAGE] batch_load_ids_enter freeInternal=16680 segments=56
[135589][I][STORAGE] load_ids_reserve count=144 freeInternal=16680 largest=8692
[135589][I][STORAGE] load_ids_reserved freeInternal=16680
[135590][I][STORAGE] load_ids_scan seg=308 enrichDeltas=78 freeInternal=16680 largest=8692
[135679][I][STORAGE] load_ids_scan seg=314 enrichDeltas=66 freeInternal=16680 largest=8692
[135761][I][STORAGE] load_ids_loop_done scanned=2 skipped=54 idsCollected=144 freeInternal=16680
[135761][I][STORAGE] batch_load_ids_done count=92 capacity=144 freeInternal=16680
[135762][I][STORAGE] batch_pending_loop_enter segments=56 maxCount=1024 streaming=0 freeInternal=16680
[135762][I][STORAGE] batch_pending_scan seg=207 pending=10 events=10 freeInternal=16680 largest=8692 outCount=0
[135810][I][STORAGE] batch_pending_scan seg=210 pending=13 events=13 freeInternal=16680 largest=8692 outCount=10
[135858][I][STORAGE] batch_pending_scan seg=211 pending=8 events=8 freeInternal=16680 largest=8692 outCount=23
[135905][I][STORAGE] batch_pending_scan seg=214 pending=5 events=5 freeInternal=16680 largest=8692 outCount=31
[135952][I][STORAGE] batch_pending_scan seg=219 pending=51 events=51 freeInternal=16680 largest=8692 outCount=36
[136004][I][STORAGE] batch_pending_scan seg=220 pending=138 events=138 freeInternal=16680 largest=8692 outCount=87
[136069][I][STORAGE] batch_pending_scan seg=221 pending=154 events=154 freeInternal=16680 largest=8692 outCount=225
[136146][I][STORAGE] batch_pending_scan seg=222 pending=8 events=8 freeInternal=16680 largest=8692 outCount=379
[136193][I][STORAGE] batch_pending_scan seg=223 pending=9 events=9 freeInternal=16680 largest=8692 outCount=387
[136241][I][STORAGE] batch_pending_scan seg=226 pending=13 events=13 freeInternal=16680 largest=8692 outCount=396
[136289][I][STORAGE] batch_pending_scan seg=227 pending=3 events=3 freeInternal=16680 largest=8692 outCount=409
[136333][I][STORAGE] batch_pending_scan seg=228 pending=15 events=15 freeInternal=16680 largest=8692 outCount=412
[136381][I][STORAGE] batch_pending_scan seg=229 pending=11 events=11 freeInternal=16680 largest=8692 outCount=427
[136428][I][STORAGE] batch_pending_scan seg=230 pending=10 events=10 freeInternal=16680 largest=8692 outCount=438
[136474][I][STORAGE] batch_pending_scan seg=232 pending=200 events=200 freeInternal=16680 largest=8692 outCount=448
[136562][I][STORAGE] batch_pending_scan seg=233 pending=197 events=197 freeInternal=16680 largest=8692 outCount=648
[136643][I][STORAGE] batch_pending_scan seg=234 pending=194 events=194 freeInternal=16680 largest=8692 outCount=845
[136718][I][STORAGE] batch_pending_loop_done scanned=17 skipped=0 outCount=1024 timeHit=1 elapsedMs=957 freeInternal=16680
[136718][I][STORAGE] prepare_batch_done ok=1 outCount=1024 freeInternal=16680
[136718][I][STORAGE] Enrichment window ready records=1024 truncated=1 ms=1130
[137538][W][STORAGE] Counter trust=trusted_snapshot_lagged reason=append_enrich_batch_deferred since=137537
[137538][I][STORAGE] Routine maintenance requests coalesced count=8 latest=snapshot_lagged source=append_enrich_batch_deferred flags=snapshot_lagged
[137652][I][STORAGE] Spool enrich_batch applied=32 failed=0 batchFirstEventId=23513 batchLastEventId=23905 firstRecord=26271 lastRecord=26302 ms=479
[138501][I][STORAGE] Spool enrich_batch applied=32 failed=0 batchFirstEventId=23873 batchLastEventId=23580 firstRecord=26303 lastRecord=26334 ms=253
[139010][I][STORAGE] Spool enrich preflight rotate seg=315 bytes=4573 records=75 enrich=64 expected=32
[139994][I][STORAGE] Spool rotate newSeg=316 format=bin_v2
[139995][I][STORAGE] Spool diag[rotate] validSegments=57 untrustedSegments=0 invalidSegments=0 activeSegment=316 totalRecords=4715 storedEvents=4499 pendingUpload=4487 nextEventId=26335
[140152][I][STORAGE] Spool enrich_batch applied=32 failed=0 batchFirstEventId=23942 batchLastEventId=23884 firstRecord=26335 lastRecord=26366 ms=112
[140847][I][STORAGE] Spool enrich_batch applied=32 failed=0 batchFirstEventId=23907 batchLastEventId=23947 firstRecord=26367 lastRecord=26398 ms=119
[141216][I][STORAGE] Spool enrich preflight rotate seg=316 bytes=1889 records=64 enrich=64 expected=32
[142268][I][STORAGE] Spool rotate newSeg=317 format=bin_v2
[142269][I][STORAGE] Spool diag[rotate] validSegments=58 untrustedSegments=0 invalidSegments=0 activeSegment=317 totalRecords=4779 storedEvents=4499 pendingUpload=4487 nextEventId=26399
[142419][I][STORAGE] Spool enrich_batch applied=32 failed=0 batchFirstEventId=23723 batchLastEventId=23584 firstRecord=26399 lastRecord=26430 ms=103
[142420][I][STORAGE] Enrichment window released reason=manual_no_data_budget
[142420][W][BLE] Manual enrichment retired 160 no-data records this pass; more remain (budget=0 timeHit=1)
[142420][I][BLE] Manual enrichment window batch count=0 active=0 noData=160 budgetExhausted=0 timeHit=1
[142421][I][STORAGE] RAMSpool worker resumed
[142421][I][STORAGE] Exclusive window end kind=enrichment result=manual_no_data_budget reason=manual_enrich_window
[142431][W][CORE] TaskHardware loop gap=6845ms owner=BLE_GPS pendingUpload=4487 maintPending=1 suppressed=0
[142435][I][STORAGE] RAMSpool worker paused inflight=0 lastInflight=0
[142436][I][STORAGE] Exclusive window begin kind=enrichment reason=manual_enrich_window workerPaused=1 displaySuspended=1
[142437][I][STORAGE] prepare_assigned records=1024 freeInternal=16188 freePsram=7794788
[142437][I][STORAGE] batch_load_ids_enter freeInternal=16188 segments=58
[142438][I][STORAGE] load_ids_reserve count=304 freeInternal=16188 largest=7156
[142438][I][STORAGE] load_ids_reserved freeInternal=16188
[142438][I][STORAGE] load_ids_scan seg=308 enrichDeltas=78 freeInternal=16188 largest=7156
[142525][I][STORAGE] load_ids_scan seg=314 enrichDeltas=66 freeInternal=16212 largest=7156
[142609][I][STORAGE] load_ids_scan seg=315 enrichDeltas=64 freeInternal=16252 largest=7156
[142691][I][STORAGE] load_ids_scan seg=316 enrichDeltas=64 freeInternal=16252 largest=7156
[142767][I][STORAGE] load_ids_scan seg=317 enrichDeltas=32 freeInternal=16252 largest=7156
[142834][I][STORAGE] load_ids_loop_done scanned=5 skipped=53 idsCollected=304 freeInternal=16252
[142835][I][STORAGE] batch_load_ids_done count=239 capacity=304 freeInternal=16252
[142835][I][STORAGE] batch_pending_loop_enter segments=58 maxCount=1024 streaming=0 freeInternal=16252
[142836][I][STORAGE] batch_pending_scan seg=211 pending=8 events=8 freeInternal=16252 largest=7156 outCount=0
[142896][I][STORAGE] batch_pending_scan seg=214 pending=5 events=5 freeInternal=16252 largest=7156 outCount=0
[142955][I][STORAGE] batch_pending_scan seg=219 pending=43 events=51 freeInternal=16252 largest=7156 outCount=0
[143020][I][STORAGE] batch_pending_scan seg=220 pending=129 events=138 freeInternal=16252 largest=7156 outCount=43
[143097][I][STORAGE] batch_pending_scan seg=221 pending=136 events=154 freeInternal=16252 largest=7156 outCount=172
[143185][I][STORAGE] batch_pending_scan seg=226 pending=1 events=13 freeInternal=16252 largest=7156 outCount=308
[143244][I][STORAGE] batch_pending_scan seg=228 pending=4 events=15 freeInternal=16252 largest=7156 outCount=309
[143302][I][STORAGE] batch_pending_scan seg=229 pending=1 events=11 freeInternal=16252 largest=7156 outCount=313
[143360][I][STORAGE] batch_pending_scan seg=232 pending=174 events=200 freeInternal=16252 largest=7156 outCount=314
[143456][I][STORAGE] batch_pending_scan seg=233 pending=197 events=197 freeInternal=16252 largest=7156 outCount=488
[143540][I][STORAGE] batch_pending_scan seg=234 pending=194 events=194 freeInternal=16252 largest=7156 outCount=685
[143618][I][STORAGE] batch_pending_scan seg=235 pending=198 events=198 freeInternal=16252 largest=7156 outCount=879
[143693][I][STORAGE] batch_pending_loop_done scanned=12 skipped=6 outCount=1024 timeHit=1 elapsedMs=858 freeInternal=16252
[143694][I][STORAGE] prepare_batch_done ok=1 outCount=1024 freeInternal=16252
[143694][I][STORAGE] Enrichment window ready records=1024 truncated=1 ms=1258
[144214][I][STORAGE] Spool enrich_batch applied=32 failed=0 batchFirstEventId=23585 batchLastEventId=23973 firstRecord=26431 lastRecord=26462 ms=122
[144483][I][STORAGE] Spool enrich preflight rotate seg=317 bytes=1700 records=64 enrich=64 expected=32
[145720][I][STORAGE] Spool rotate newSeg=318 format=bin_v2
[145721][I][STORAGE] Spool diag[rotate] validSegments=59 untrustedSegments=0 invalidSegments=0 activeSegment=318 totalRecords=4843 storedEvents=4499 pendingUpload=4487 nextEventId=26463
[145874][I][STORAGE] Spool enrich_batch applied=32 failed=0 batchFirstEventId=23974 batchLastEventId=23977 firstRecord=26463 lastRecord=26494 ms=109
[146227][I][STORAGE] Spool enrich_batch applied=32 failed=0 batchFirstEventId=23768 batchLastEventId=23543 firstRecord=26495 lastRecord=26526 ms=124
[146437][I][STORAGE] Spool enrich preflight rotate seg=318 bytes=1574 records=64 enrich=64 expected=32
[147407][I][STORAGE] Spool rotate newSeg=319 format=bin_v2
[147407][I][STORAGE] Spool diag[rotate] validSegments=60 untrustedSegments=0 invalidSegments=0 activeSegment=319 totalRecords=4907 storedEvents=4499 pendingUpload=4487 nextEventId=26527
[147838][I][STORAGE] Spool enrich_batch applied=32 failed=0 batchFirstEventId=23788 batchLastEventId=23999 firstRecord=26527 lastRecord=26558 ms=195
[148233][I][STORAGE] Spool enrich_batch applied=32 failed=0 batchFirstEventId=23799 batchLastEventId=24008 firstRecord=26559 lastRecord=26590 ms=118
[148422][I][STORAGE] Spool enrich preflight rotate seg=319 bytes=1721 records=64 enrich=64 expected=32
[149416][I][STORAGE] Spool rotate newSeg=320 format=bin_v2
[149417][I][STORAGE] Spool diag[rotate] validSegments=61 untrustedSegments=0 invalidSegments=0 activeSegment=320 totalRecords=4971 storedEvents=4499 pendingUpload=4487 nextEventId=26591
[149583][I][STORAGE] Spool enrich_batch applied=32 failed=0 batchFirstEventId=24009 batchLastEventId=24023 firstRecord=26591 lastRecord=26622 ms=122
[149584][I][STORAGE] Enrichment window released reason=manual_no_data_budget
[149584][W][BLE] Manual enrichment retired 192 no-data records this pass; more remain (budget=0 timeHit=1)
[149584][I][BLE] Manual enrichment window batch count=0 active=0 noData=192 budgetExhausted=0 timeHit=1
[149585][I][STORAGE] RAMSpool worker resumed
[149585][I][STORAGE] Exclusive window end kind=enrichment result=manual_no_data_budget reason=manual_enrich_window
[149598][W][BLE] gps decrypt failed: secure decrypt replay/stale counter
[149720][I][BLE] storage snapshot sent pendingUp=0/4487 pendingEnrich=0/4490 usedPct=18
[149720][I][STORAGE] RAMSpool worker paused inflight=0 lastInflight=0
[149721][I][STORAGE] Exclusive window begin kind=enrichment reason=manual_enrich_window workerPaused=1 displaySuspended=1
[149722][I][STORAGE] prepare_assigned records=1024 freeInternal=15864 freePsram=7794788
[149722][I][STORAGE] batch_load_ids_enter freeInternal=15864 segments=61
[149723][I][STORAGE] load_ids_reserve count=496 freeInternal=15864 largest=7156
[149723][I][STORAGE] load_ids_reserved freeInternal=15864
[149723][I][STORAGE] load_ids_scan seg=308 enrichDeltas=78 freeInternal=15864 largest=7156
[149798][I][STORAGE] load_ids_scan seg=314 enrichDeltas=66 freeInternal=15940 largest=7156
[149871][I][STORAGE] load_ids_scan seg=315 enrichDeltas=64 freeInternal=15940 largest=7156
[149945][I][STORAGE] load_ids_scan seg=316 enrichDeltas=64 freeInternal=15940 largest=7156
[150018][I][STORAGE] load_ids_scan seg=317 enrichDeltas=64 freeInternal=15940 largest=7156
[150090][I][STORAGE] load_ids_scan seg=318 enrichDeltas=64 freeInternal=15940 largest=7156
[150161][I][STORAGE] load_ids_scan seg=319 enrichDeltas=64 freeInternal=15940 largest=7156
[150232][I][STORAGE] load_ids_scan seg=320 enrichDeltas=32 freeInternal=15940 largest=7156
[150295][I][STORAGE] load_ids_loop_done scanned=8 skipped=53 idsCollected=496 freeInternal=15940
[150296][I][STORAGE] batch_load_ids_done count=431 capacity=496 freeInternal=15940
[150296][I][STORAGE] batch_pending_loop_enter segments=61 maxCount=1024 streaming=0 freeInternal=15940
[150296][I][STORAGE] batch_pending_scan seg=211 pending=8 events=8 freeInternal=15940 largest=7156 outCount=0
[150348][I][STORAGE] batch_pending_scan seg=214 pending=5 events=5 freeInternal=15940 largest=7156 outCount=0
[150398][I][STORAGE] batch_pending_scan seg=219 pending=24 events=51 freeInternal=15940 largest=7156 outCount=0
[150454][I][STORAGE] batch_pending_scan seg=220 pending=120 events=138 freeInternal=15940 largest=7156 outCount=24
[150523][I][STORAGE] batch_pending_scan seg=221 pending=39 events=154 freeInternal=15940 largest=7156 outCount=144
[150594][I][STORAGE] batch_pending_scan seg=232 pending=113 events=200 freeInternal=15940 largest=7156 outCount=183
[150674][I][STORAGE] batch_pending_scan seg=233 pending=197 events=197 freeInternal=15940 largest=7156 outCount=296
[150755][I][STORAGE] batch_pending_scan seg=234 pending=194 events=194 freeInternal=15940 largest=7156 outCount=493
[150830][I][STORAGE] batch_pending_scan seg=235 pending=198 events=198 freeInternal=15940 largest=7156 outCount=687
[150902][I][STORAGE] batch_pending_scan seg=236 pending=147 events=147 freeInternal=15940 largest=7156 outCount=885
[150968][I][STORAGE] batch_pending_scan seg=238 pending=443 events=443 freeInternal=15940 largest=7156 outCount=1024
[151121][I][STORAGE] batch_pending_loop_done scanned=11 skipped=9 outCount=1024 timeHit=1 elapsedMs=825 freeInternal=15940
[151122][I][STORAGE] prepare_batch_done ok=1 outCount=1024 freeInternal=15940
[151122][I][STORAGE] Enrichment window ready records=1024 truncated=1 ms=1401
[151625][I][STORAGE] Spool enrich_batch applied=32 failed=0 batchFirstEventId=24899 batchLastEventId=23596 firstRecord=26623 lastRecord=26654 ms=119
[151822][I][STORAGE] Spool enrich preflight rotate seg=320 bytes=1721 records=64 enrich=64 expected=32
[152885][I][STORAGE] Spool rotate newSeg=321 format=bin_v2
[152885][I][STORAGE] Spool diag[rotate] validSegments=62 untrustedSegments=0 invalidSegments=0 activeSegment=321 totalRecords=5035 storedEvents=4499 pendingUpload=4487 nextEventId=26655
[153041][I][STORAGE] Spool enrich_batch applied=32 failed=0 batchFirstEventId=24031 batchLastEventId=23859 firstRecord=26655 lastRecord=26686 ms=109
[153503][I][STORAGE] Spool enrich_batch applied=32 failed=0 batchFirstEventId=24037 batchLastEventId=23865 firstRecord=26687 lastRecord=26718 ms=118
[153786][I][STORAGE] Spool enrich preflight rotate seg=321 bytes=1658 records=64 enrich=64 expected=32
[154871][I][STORAGE] Spool rotate newSeg=322 format=bin_v2
[154872][I][STORAGE] Spool diag[rotate] validSegments=63 untrustedSegments=0 invalidSegments=0 activeSegment=322 totalRecords=5099 storedEvents=4499 pendingUpload=4487 nextEventId=26719
[155039][I][STORAGE] Spool enrich_batch applied=32 failed=0 batchFirstEventId=24059 batchLastEventId=24083 firstRecord=26719 lastRecord=26750 ms=118
[155507][I][STORAGE] Spool enrich_batch applied=32 failed=0 batchFirstEventId=24084 batchLastEventId=24105 firstRecord=26751 lastRecord=26782 ms=120
[155806][I][STORAGE] Spool enrich preflight rotate seg=322 bytes=1658 records=64 enrich=64 expected=32
[157291][I][STORAGE] Spool rotate newSeg=323 format=bin_v2
[157292][I][STORAGE] Spool diag[rotate] validSegments=64 untrustedSegments=0 invalidSegments=0 activeSegment=323 totalRecords=5163 storedEvents=4499 pendingUpload=4487 nextEventId=26783
[157687][I][STORAGE] Spool enrich_batch applied=32 failed=0 batchFirstEventId=24106 batchLastEventId=24924 firstRecord=26783 lastRecord=26814 ms=350
[157688][I][STORAGE] Enrichment window released reason=manual_no_data_budget
[157688][W][BLE] Manual enrichment retired 192 no-data records this pass; more remain (budget=0 timeHit=1)
[157689][I][BLE] Manual enrichment window batch count=0 active=0 noData=192 budgetExhausted=0 timeHit=1
[157689][I][STORAGE] RAMSpool worker resumed
[157689][I][STORAGE] Exclusive window end kind=enrichment result=manual_no_data_budget reason=manual_enrich_window
[157699][W][CORE] TaskHardware loop gap=8104ms owner=BLE_GPS pendingUpload=4487 maintPending=1 suppressed=1
[157703][W][BLE] gps decrypt failed: secure decrypt replay/stale counter
[157703][W][BLE] control decrypt failed: secure decrypt replay/stale counter
[157704][I][STORAGE] RAMSpool worker paused inflight=0 lastInflight=0
[157705][I][STORAGE] Exclusive window begin kind=enrichment reason=manual_enrich_window workerPaused=1 displaySuspended=1
[157706][I][STORAGE] prepare_assigned records=1024 freeInternal=15572 freePsram=7794788
[157706][I][STORAGE] batch_load_ids_enter freeInternal=15572 segments=64
[157706][I][STORAGE] load_ids_reserve count=688 freeInternal=15572 largest=7156
[157707][I][STORAGE] load_ids_reserved freeInternal=15572
[157707][I][STORAGE] load_ids_scan seg=308 enrichDeltas=78 freeInternal=15572 largest=7156
[157776][I][STORAGE] load_ids_scan seg=314 enrichDeltas=66 freeInternal=15572 largest=7156
[157842][I][STORAGE] load_ids_scan seg=315 enrichDeltas=64 freeInternal=15640 largest=7156
[157910][I][STORAGE] load_ids_scan seg=316 enrichDeltas=64 freeInternal=15640 largest=7156
[157976][I][STORAGE] load_ids_scan seg=317 enrichDeltas=64 freeInternal=15640 largest=7156
[158041][I][STORAGE] load_ids_scan seg=318 enrichDeltas=64 freeInternal=15640 largest=7156
[158106][I][STORAGE] load_ids_scan seg=319 enrichDeltas=64 freeInternal=15640 largest=7156
[158170][I][STORAGE] load_ids_scan seg=320 enrichDeltas=64 freeInternal=15640 largest=7156
[158235][I][STORAGE] load_ids_scan seg=321 enrichDeltas=64 freeInternal=15640 largest=7156
[158299][I][STORAGE] load_ids_scan seg=322 enrichDeltas=64 freeInternal=15640 largest=7156
[158362][I][STORAGE] load_ids_scan seg=323 enrichDeltas=32 freeInternal=15640 largest=7156
[158421][I][STORAGE] load_ids_loop_done scanned=11 skipped=53 idsCollected=688 freeInternal=15640
[158422][I][STORAGE] batch_load_ids_done count=623 capacity=688 freeInternal=15640
[158422][I][STORAGE] batch_pending_loop_enter segments=64 maxCount=1024 streaming=0 freeInternal=15640
[158423][I][STORAGE] batch_pending_scan seg=211 pending=8 events=8 freeInternal=15640 largest=7156 outCount=0
[158464][I][STORAGE] batch_pending_scan seg=214 pending=5 events=5 freeInternal=15640 largest=7156 outCount=0
[158505][I][STORAGE] batch_pending_scan seg=219 pending=7 events=51 freeInternal=15640 largest=7156 outCount=0
[158550][I][STORAGE] batch_pending_scan seg=220 pending=111 events=138 freeInternal=15640 largest=7156 outCount=7
[158609][I][STORAGE] batch_pending_scan seg=232 pending=12 events=200 freeInternal=15640 largest=7156 outCount=118
[158672][I][STORAGE] batch_pending_scan seg=233 pending=197 events=197 freeInternal=15640 largest=7156 outCount=130
[158751][I][STORAGE] batch_pending_scan seg=234 pending=194 events=194 freeInternal=15640 largest=7156 outCount=327
[158824][I][STORAGE] batch_pending_scan seg=235 pending=198 events=198 freeInternal=15640 largest=7156 outCount=521
[158894][I][STORAGE] batch_pending_scan seg=236 pending=147 events=147 freeInternal=15640 largest=7156 outCount=719
[158957][I][STORAGE] batch_pending_scan seg=238 pending=417 events=443 freeInternal=15640 largest=7156 outCount=866
[159114][I][STORAGE] batch_pending_scan seg=240 pending=397 events=397 freeInternal=15640 largest=7156 outCount=1024
[159252][I][STORAGE] batch_pending_loop_done scanned=11 skipped=10 outCount=1024 timeHit=1 elapsedMs=829 freeInternal=15640
[159252][I][STORAGE] prepare_batch_done ok=1 outCount=1024 freeInternal=15640
[159252][I][STORAGE] Enrichment window ready records=1024 truncated=1 ms=1547
[159663][I][STORAGE] Spool enrich_batch applied=32 failed=0 batchFirstEventId=24925 batchLastEventId=24139 firstRecord=26815 lastRecord=26846 ms=121
[159799][I][STORAGE] Spool enrich preflight rotate seg=323 bytes=1679 records=64 enrich=64 expected=32
[160869][I][STORAGE] Spool rotate newSeg=324 format=bin_v2
[160869][I][STORAGE] Spool diag[rotate] validSegments=65 untrustedSegments=0 invalidSegments=0 activeSegment=324 totalRecords=5227 storedEvents=4499 pendingUpload=4487 nextEventId=26847
[161027][I][STORAGE] Spool enrich_batch applied=32 failed=0 batchFirstEventId=24936 batchLastEventId=24954 firstRecord=26847 lastRecord=26878 ms=112
[161454][I][STORAGE] Spool enrich_batch applied=32 failed=0 batchFirstEventId=24955 batchLastEventId=24169 firstRecord=26879 lastRecord=26910 ms=121
[161713][I][STORAGE] Spool enrich preflight rotate seg=324 bytes=1826 records=64 enrich=64 expected=32
[162827][I][STORAGE] Spool rotate newSeg=325 format=bin_v2
[162827][I][STORAGE] Spool diag[rotate] validSegments=66 untrustedSegments=0 invalidSegments=0 activeSegment=325 totalRecords=5291 storedEvents=4499 pendingUpload=4487 nextEventId=26911
[162993][I][STORAGE] Spool enrich_batch applied=32 failed=0 batchFirstEventId=23574 batchLastEventId=23608 firstRecord=26911 lastRecord=26942 ms=118
[163387][I][STORAGE] Spool enrich_batch applied=32 failed=0 batchFirstEventId=23609 batchLastEventId=24967 firstRecord=26943 lastRecord=26974 ms=126
[163609][I][STORAGE] Spool enrich preflight rotate seg=325 bytes=1679 records=64 enrich=64 expected=32
[164735][I][STORAGE] Spool rotate newSeg=326 format=bin_v2
[164735][I][STORAGE] Spool diag[rotate] validSegments=67 untrustedSegments=0 invalidSegments=0 activeSegment=326 totalRecords=5355 storedEvents=4499 pendingUpload=4487 nextEventId=26975
[164899][I][STORAGE] Spool enrich_batch applied=32 failed=0 batchFirstEventId=24968 batchLastEventId=24952 firstRecord=26975 lastRecord=27006 ms=114
[164900][I][STORAGE] Enrichment window released reason=manual_no_data_budget
[164900][W][BLE] Manual enrichment retired 192 no-data records this pass; more remain (budget=0 timeHit=1)
[164900][I][BLE] Manual enrichment window batch count=0 active=0 noData=192 budgetExhausted=0 timeHit=1
[164900][I][STORAGE] RAMSpool worker resumed
[164901][I][STORAGE] Exclusive window end kind=enrichment result=manual_no_data_budget reason=manual_enrich_window
[164902][I][STACK] TaskHardware watermark=10920B min=10920B
[164904][I][HEAP] heap free=7642KB min=7554KB largest=7552KB frag=1% internalFree=15KB internalLargest=7KB psramFree=7627KB core=77/43% owner=BLE_GPS nets=0 pendingUpload=4487 pendingEnrich=4490
[HEALTH] time=2026-08-07 13:38:45 src=ntp
[HEALTH] heap used=782/8424KB free=7642KB min=7554KB largest=7552KB frag=1%
[HEALTH] internal used=217/232KB free=15KB min=0KB largest=7KB
[HEALTH] psram used=565/8192KB free=7627KB largest=7552KB
[HEALTH] stack free_min: core0=11KB/22KB core1=13KB/18KB
[HEALTH] core usage: core0=77% core1=43%
[HEALTH] power=usb state=usb batt=100% 4725mV trend=16mV/min runtime=0min cap=1100mAh charging=1
[HEALTH] radio=BLE_GPS wifi=0 ble=1 gps=0 nets=0 pendingUpload=4487 pendingEnrich=4490
[HEALTH] subghz=NONE mode=OFF pkts=0 nodes=0
[164906][I][STORAGE] RAMSpool enq=0 cons=0 inflight=0/1024 high=0 pressure=0 drop[full=0 big=0 noise=0 p3Evict=0 p3Drop=0 p2Drop=0 p1Fail=0] free=1024
[164906][I][STORAGE] RAMSpool enqueue probe[ok=0 drop=0] device[ok=0 drop=0]
[164906][I][STORAGE] RAMSpool worker probe[ok=0 sup=0 drop=0 fail=0 slow=0] device[ok=0 sup=0 drop=0 fail=0 slow=0] slowTotal=0 maxMs=0
[164907][I][STORAGE] RAMSpool prioEnq p0=0 p1=0 p2=0 p3=0
[164907][I][STORAGE] RAMSpool lanes p1=0/0 p2=0/0 p3=0/0
[164920][I][BLE] worker stack free=7384B min=7384B
[164921][W][BLE] gps decrypt failed: secure decrypt replay/stale counter
[164921][W][BLE] control decrypt failed: secure decrypt replay/stale counter
[165020][I][BLE] storage snapshot sent pendingUp=0/4487 pendingEnrich=0/4490 usedPct=18
[165020][I][STORAGE] RAMSpool worker paused inflight=0 lastInflight=0
[165021][I][STORAGE] Exclusive window begin kind=enrichment reason=manual_enrich_window workerPaused=1 displaySuspended=1
[165022][I][STORAGE] prepare_assigned records=1024 freeInternal=15328 freePsram=7789284
[165022][I][STORAGE] batch_load_ids_enter freeInternal=15328 segments=67
[165023][I][STORAGE] load_ids_reserve count=880 freeInternal=15328 largest=7156
[165023][I][STORAGE] load_ids_reserved freeInternal=15328
[165023][I][STORAGE] load_ids_scan seg=308 enrichDeltas=78 freeInternal=15328 largest=7156
[165117][I][STORAGE] load_ids_scan seg=314 enrichDeltas=66 freeInternal=15328 largest=7156
[165209][I][STORAGE] load_ids_scan seg=315 enrichDeltas=64 freeInternal=15328 largest=7156
[165303][I][STORAGE] load_ids_scan seg=316 enrichDeltas=64 freeInternal=15328 largest=7156
[165394][I][STORAGE] load_ids_scan seg=317 enrichDeltas=64 freeInternal=15328 largest=7156
[165486][I][STORAGE] load_ids_scan seg=318 enrichDeltas=64 freeInternal=15328 largest=7156
[165577][I][STORAGE] load_ids_scan seg=319 enrichDeltas=64 freeInternal=15328 largest=7156
[165668][I][STORAGE] load_ids_scan seg=320 enrichDeltas=64 freeInternal=15328 largest=7156
[165759][I][STORAGE] load_ids_scan seg=321 enrichDeltas=64 freeInternal=15328 largest=7156
[165849][I][STORAGE] load_ids_scan seg=322 enrichDeltas=64 freeInternal=15328 largest=7156
[165939][I][STORAGE] load_ids_scan seg=323 enrichDeltas=64 freeInternal=15328 largest=7156
[166027][I][STORAGE] load_ids_scan seg=324 enrichDeltas=64 freeInternal=15328 largest=7156
[166111][I][STORAGE] load_ids_scan seg=325 enrichDeltas=64 freeInternal=15328 largest=7156
[166189][I][STORAGE] load_ids_scan seg=326 enrichDeltas=32 freeInternal=15328 largest=7156
[166259][I][STORAGE] load_ids_loop_done scanned=14 skipped=53 idsCollected=880 freeInternal=15328
[166260][I][STORAGE] batch_load_ids_done count=792 capacity=880 freeInternal=15328
[166260][I][STORAGE] batch_pending_loop_enter segments=67 maxCount=1024 streaming=0 freeInternal=15328
[166261][I][STORAGE] batch_pending_scan seg=211 pending=8 events=8 freeInternal=15328 largest=7156 outCount=0
[166321][I][STORAGE] batch_pending_scan seg=214 pending=5 events=5 freeInternal=15328 largest=7156 outCount=0
[166379][I][STORAGE] batch_pending_scan seg=220 pending=97 events=138 freeInternal=15328 largest=7156 outCount=0
[166456][I][STORAGE] batch_pending_scan seg=233 pending=111 events=197 freeInternal=15328 largest=7156 outCount=97
[166535][I][STORAGE] batch_pending_scan seg=234 pending=194 events=194 freeInternal=15328 largest=7156 outCount=208
[166613][I][STORAGE] batch_pending_scan seg=235 pending=198 events=198 freeInternal=15328 largest=7156 outCount=402
[166688][I][STORAGE] batch_pending_scan seg=236 pending=147 events=147 freeInternal=15328 largest=7156 outCount=600
[166756][I][STORAGE] batch_pending_scan seg=238 pending=344 events=443 freeInternal=15328 largest=7156 outCount=747
[166905][I][STORAGE] batch_pending_scan seg=240 pending=397 events=397 freeInternal=15328 largest=7156 outCount=1022
[167043][I][STORAGE] batch_pending_loop_done scanned=9 skipped=12 outCount=1024 timeHit=1 elapsedMs=782 freeInternal=15328
[167043][I][STORAGE] prepare_batch_done ok=1 outCount=1024 freeInternal=15328
[167043][I][STORAGE] Enrichment window ready records=1024 truncated=1 ms=2022
[167366][I][STORAGE] Spool enrich_batch applied=32 failed=0 batchFirstEventId=24223 batchLastEventId=24246 firstRecord=27007 lastRecord=27038 ms=123
[167441][I][STORAGE] Spool enrich preflight rotate seg=326 bytes=1553 records=64 enrich=64 expected=32
[169165][I][STORAGE] Spool rotate newSeg=327 format=bin_v2
[169166][I][STORAGE] Spool diag[rotate] validSegments=68 untrustedSegments=0 invalidSegments=0 activeSegment=327 totalRecords=5419 storedEvents=4499 pendingUpload=4487 nextEventId=27039
[169324][I][STORAGE] Spool enrich_batch applied=32 failed=0 batchFirstEventId=24247 batchLastEventId=24278 firstRecord=27039 lastRecord=27070 ms=116
[169681][I][STORAGE] Spool enrich_batch applied=32 failed=0 batchFirstEventId=24279 batchLastEventId=24307 firstRecord=27071 lastRecord=27102 ms=116
[169883][I][STORAGE] Spool enrich preflight rotate seg=327 bytes=1301 records=64 enrich=64 expected=32
