=== LIVE FIELD SNAPSHOT 2026-08-07T07:58:02.2691355-05:00 DTR=1 RTS=0 ===
=== send: spool diag ===
spool diag
[269364][I][WIFI] Radio paused
[269525][I][WIFI] Radio suspended
[269668][I][STORAGE] RAMSpool worker paused inflight=0 lastInflight=0
[269668][I][STORAGE] Exclusive window begin kind=maintenance reason=manual_spool_diag workerPaused=1 displaySuspended=1
[SPOOL] validSegments=21 untrustedSegments=22 invalidSegments=0 active=259 oldest=207
[SPOOL] indexedTotalRecords=1396 storedEvents=1396 uploadedRetainedEstimate=2
[SPOOL] pendingUpload=unknown nextEventId=24885 sessions=16
[269937][I][STORAGE] load_ids_reserve count=0 freeInternal=73864 largest=27636
[269937][I][STORAGE] load_ids_reserved freeInternal=73864
[269938][I][STORAGE] load_ids_scan seg=237 enrichDeltas=0 freeInternal=73864 largest=27636
[269999][I][STORAGE] load_ids_scan seg=238 enrichDeltas=0 freeInternal=73864 largest=27636
[270111][I][STORAGE] load_ids_scan seg=239 enrichDeltas=0 freeInternal=73864 largest=27636
[270171][I][STORAGE] load_ids_scan seg=240 enrichDeltas=0 freeInternal=73864 largest=27636
[270278][I][STORAGE] load_ids_scan seg=241 enrichDeltas=0 freeInternal=73864 largest=27636
[270389][I][STORAGE] load_ids_scan seg=242 enrichDeltas=0 freeInternal=73864 largest=27636
[270448][I][STORAGE] load_ids_scan seg=243 enrichDeltas=0 freeInternal=73864 largest=27636
[270507][I][STORAGE] load_ids_scan seg=244 enrichDeltas=0 freeInternal=73864 largest=27636
[270567][I][STORAGE] load_ids_scan seg=245 enrichDeltas=0 freeInternal=73864 largest=27636
[270677][I][STORAGE] load_ids_scan seg=246 enrichDeltas=0 freeInternal=73864 largest=27636
[270742][I][STORAGE] load_ids_scan seg=247 enrichDeltas=0 freeInternal=73864 largest=27636
[270797][I][STORAGE] load_ids_scan seg=248 enrichDeltas=0 freeInternal=73864 largest=27636
[270853][I][STORAGE] load_ids_scan seg=249 enrichDeltas=0 freeInternal=73864 largest=27636
[270909][I][STORAGE] load_ids_scan seg=250 enrichDeltas=0 freeInternal=73856 largest=27636
[270964][I][STORAGE] load_ids_scan seg=251 enrichDeltas=0 freeInternal=73856 largest=27636
[271018][I][STORAGE] load_ids_scan seg=252 enrichDeltas=0 freeInternal=73856 largest=27636
[271072][I][STORAGE] load_ids_scan seg=253 enrichDeltas=0 freeInternal=73856 largest=27636
[271146][I][STORAGE] load_ids_scan seg=254 enrichDeltas=0 freeInternal=73856 largest=27636
[271199][I][STORAGE] load_ids_scan seg=255 enrichDeltas=0 freeInternal=73856 largest=27636
[271250][I][STORAGE] load_ids_scan seg=256 enrichDeltas=0 freeInternal=73856 largest=27636
[271355][I][STORAGE] load_ids_scan seg=257 enrichDeltas=0 freeInternal=73856 largest=27636
[271414][I][STORAGE] load_ids_scan seg=258 enrichDeltas=0 freeInternal=73856 largest=27636
[271488][I][STORAGE] load_ids_loop_done scanned=22 skipped=21 idsCollected=0 freeInternal=73856
[SPOOL] pendingEnrich mission=0 noise=4210 total=4210
[SPOOL] used=1360KB / 8128KB auditRepairReq=1 summaryRebuildPending=1
[SPOOL]   seg=207 fmt=bin_v2 trust=trusted records=10 storedEvents=10 storedLaneEvents=10 pendingUpload=8 pendingMission=0 pendingNoise=8 pendingEnrich=10 summaryOk=1 active=0
[SPOOL]   seg=210 fmt=bin_v2 trust=trusted records=13 storedEvents=13 storedLaneEvents=13 pendingUpload=13 pendingMission=0 pendingNoise=13 pendingEnrich=13 summaryOk=1 active=0
[SPOOL]   seg=211 fmt=bin_v2 trust=trusted records=8 storedEvents=8 storedLaneEvents=8 pendingUpload=8 pendingMission=0 pendingNoise=8 pendingEnrich=8 summaryOk=1 active=0
[SPOOL]   seg=214 fmt=bin_v2 trust=trusted records=5 storedEvents=5 storedLaneEvents=5 pendingUpload=5 pendingMission=0 pendingNoise=5 pendingEnrich=5 summaryOk=1 active=0
[SPOOL]   seg=219 fmt=bin_v2 trust=trusted records=51 storedEvents=51 storedLaneEvents=51 pendingUpload=51 pendingMission=0 pendingNoise=51 pendingEnrich=51 summaryOk=1 active=0
[SPOOL]   seg=220 fmt=bin_v2 trust=trusted records=138 storedEvents=138 storedLaneEvents=138 pendingUpload=138 pendingMission=0 pendingNoise=138 pendingEnrich=138 summaryOk=1 active=0
[SPOOL]   seg=221 fmt=bin_v2 trust=trusted records=154 storedEvents=154 storedLaneEvents=154 pendingUpload=154 pendingMission=0 pendingNoise=154 pendingEnrich=154 summaryOk=1 active=0
[SPOOL]   seg=222 fmt=bin_v2 trust=trusted records=8 storedEvents=8 storedLaneEvents=8 pendingUpload=8 pendingMission=0 pendingNoise=8 pendingEnrich=8 summaryOk=1 active=0
[SPOOL]   seg=223 fmt=bin_v2 trust=trusted records=9 storedEvents=9 storedLaneEvents=9 pendingUpload=9 pendingMission=0 pendingNoise=9 pendingEnrich=9 summaryOk=1 active=0
[SPOOL]   seg=226 fmt=bin_v2 trust=trusted records=13 storedEvents=13 storedLaneEvents=13 pendingUpload=13 pendingMission=0 pendingNoise=13 pendingEnrich=13 summaryOk=1 active=0
[SPOOL]   seg=227 fmt=bin_v2 trust=trusted records=3 storedEvents=3 storedLaneEvents=3 pendingUpload=3 pendingMission=0 pendingNoise=3 pendingEnrich=3 summaryOk=1 active=0
[SPOOL]   seg=228 fmt=bin_v2 trust=trusted records=15 storedEvents=15 storedLaneEvents=15 pendingUpload=15 pendingMission=0 pendingNoise=15 pendingEnrich=15 summaryOk=1 active=0
[SPOOL]   seg=229 fmt=bin_v2 trust=trusted records=11 storedEvents=11 storedLaneEvents=11 pendingUpload=11 pendingMission=0 pendingNoise=11 pendingEnrich=11 summaryOk=1 active=0
[SPOOL]   seg=230 fmt=bin_v2 trust=trusted records=10 storedEvents=10 storedLaneEvents=10 pendingUpload=10 pendingMission=0 pendingNoise=10 pendingEnrich=10 summaryOk=1 active=0
[SPOOL]   seg=231 fmt=bin_v2 trust=trusted records=0 storedEvents=0 storedLaneEvents=0 pendingUpload=0 pendingMission=0 pendingNoise=0 pendingEnrich=0 summaryOk=1 active=0
[SPOOL]   seg=232 fmt=bin_v2 trust=trusted records=200 storedEvents=200 storedLaneEvents=200 pendingUpload=200 pendingMission=0 pendingNoise=200 pendingEnrich=200 summaryOk=1 active=0
[SPOOL]   seg=233 fmt=bin_v2 trust=trusted records=197 storedEvents=197 storedLaneEvents=197 pendingUpload=197 pendingMission=0 pendingNoise=197 pendingEnrich=197 summaryOk=1 active=0
[SPOOL]   seg=234 fmt=bin_v2 trust=trusted records=194 storedEvents=194 storedLaneEvents=194 pendingUpload=194 pendingMission=0 pendingNoise=194 pendingEnrich=194 summaryOk=1 active=0
[SPOOL]   seg=235 fmt=bin_v2 trust=trusted records=198 storedEvents=198 storedLaneEvents=198 pendingUpload=198 pendingMission=0 pendingNoise=198 pendingEnrich=198 summaryOk=1 active=0
[SPOOL]   seg=236 fmt=bin_v2 trust=trusted records=147 storedEvents=147 storedLaneEvents=147 pendingUpload=147 pendingMission=0 pendingNoise=147 pendingEnrich=147 summaryOk=1 active=0
[SPOOL]   seg=237 fmt=bin_v2 trust=untrusted records=0 storedEvents=0 storedLaneEvents=0 pendingUpload=0 pendingMission=0 pendingNoise=0 pendingEnrich=0 summaryOk=0 active=0
[SPOOL]   seg=238 fmt=bin_v2 trust=untrusted records=0 storedEvents=0 storedLaneEvents=0 pendingUpload=0 pendingMission=0 pendingNoise=0 pendingEnrich=0 summaryOk=0 active=0
[SPOOL]   seg=239 fmt=bin_v2 trust=untrusted records=0 storedEvents=0 storedLaneEvents=0 pendingUpload=0 pendingMission=0 pendingNoise=0 pendingEnrich=0 summaryOk=0 active=0
[SPOOL]   seg=240 fmt=bin_v2 trust=untrusted records=0 storedEvents=0 storedLaneEvents=0 pendingUpload=0 pendingMission=0 pendingNoise=0 pendingEnrich=0 summaryOk=0 active=0
[SPOOL]   seg=241 fmt=bin_v2 trust=untrusted records=0 storedEvents=0 storedLaneEvents=0 pendingUpload=0 pendingMission=0 pendingNoise=0 pendingEnrich=0 summaryOk=0 active=0
[SPOOL]   seg=242 fmt=bin_v2 trust=untrusted records=0 storedEvents=0 storedLaneEvents=0 pendingUpload=0 pendingMission=0 pendingNoise=0 pendingEnrich=0 summaryOk=0 active=0
[SPOOL]   seg=243 fmt=bin_v2 trust=untrusted records=0 storedEvents=0 storedLaneEvents=0 pendingUpload=0 pendingMission=0 pendingNoise=0 pendingEnrich=0 summaryOk=0 active=0
[SPOOL]   seg=244 fmt=bin_v2 trust=untrusted records=0 storedEvents=0 storedLaneEvents=0 pendingUpload=0 pendingMission=0 pendingNoise=0 pendingEnrich=0 summaryOk=0 active=0
[SPOOL]   seg=245 fmt=bin_v2 trust=untrusted records=0 storedEvents=0 storedLaneEvents=0 pendingUpload=0 pendingMission=0 pendingNoise=0 pendingEnrich=0 summaryOk=0 active=0
[SPOOL]   seg=246 fmt=bin_v2 trust=untrusted records=0 storedEvents=0 storedLaneEvents=0 pendingUpload=0 pendingMission=0 pendingNoise=0 pendingEnrich=0 summaryOk=0 active=0
[SPOOL]   seg=247 fmt=bin_v2 trust=untrusted records=0 storedEvents=0 storedLaneEvents=0 pendingUpload=0 pendingMission=0 pendingNoise=0 pendingEnrich=0 summaryOk=0 active=0
[SPOOL]   seg=248 fmt=bin_v2 trust=untrusted records=0 storedEvents=0 storedLaneEvents=0 pendingUpload=0 pendingMission=0 pendingNoise=0 pendingEnrich=0 summaryOk=0 active=0
[SPOOL]   seg=249 fmt=bin_v2 trust=untrusted records=0 storedEvents=0 storedLaneEvents=0 pendingUpload=0 pendingMission=0 pendingNoise=0 pendingEnrich=0 summaryOk=0 active=0
[SPOOL]   seg=250 fmt=bin_v2 trust=untrusted records=0 storedEvents=0 storedLaneEvents=0 pendingUpload=0 pendingMission=0 pendingNoise=0 pendingEnrich=0 summaryOk=0 active=0
[SPOOL]   seg=251 fmt=bin_v2 trust=untrusted records=0 storedEvents=0 storedLaneEvents=0 pendingUpload=0 pendingMission=0 pendingNoise=0 pendingEnrich=0 summaryOk=0 active=0
[SPOOL]   seg=252 fmt=bin_v2 trust=untrusted records=0 storedEvents=0 storedLaneEvents=0 pendingUpload=0 pendingMission=0 pendingNoise=0 pendingEnrich=0 summaryOk=0 active=0
[SPOOL]   seg=253 fmt=bin_v2 trust=untrusted records=0 storedEvents=0 storedLaneEvents=0 pendingUpload=0 pendingMission=0 pendingNoise=0 pendingEnrich=0 summaryOk=0 active=0
[SPOOL]   seg=254 fmt=bin_v2 trust=untrusted records=0 storedEvents=0 storedLaneEvents=0 pendingUpload=0 pendingMission=0 pendingNoise=0 pendingEnrich=0 summaryOk=0 active=0
[SPOOL]   seg=255 fmt=bin_v2 trust=untrusted records=0 storedEvents=0 storedLaneEvents=0 pendingUpload=0 pendingMission=0 pendingNoise=0 pendingEnrich=0 summaryOk=0 active=0
[SPOOL]   seg=256 fmt=bin_v2 trust=untrusted records=0 storedEvents=0 storedLaneEvents=0 pendingUpload=0 pendingMission=0 pendingNoise=0 pendingEnrich=0 summaryOk=0 active=0
[SPOOL]   seg=257 fmt=bin_v2 trust=untrusted records=0 storedEvents=0 storedLaneEvents=0 pendingUpload=0 pendingMission=0 pendingNoise=0 pendingEnrich=0 summaryOk=0 active=0
[SPOOL]   seg=258 fmt=bin_v2 trust=untrusted records=0 storedEvents=0 storedLaneEvents=0 pendingUpload=0 pendingMission=0 pendingNoise=0 pendingEnrich=0 summaryOk=0 active=0
[SPOOL]   seg=259 fmt=bin_v2 trust=trusted records=12 storedEvents=12 storedLaneEvents=12 pendingUpload=12 pendingMission=0 pendingNoise=12 pendingEnrich=12 summaryOk=1 active=1
[282838][I][STORAGE] Spool diag[manual_diag] validSegments=21 untrustedSegments=22 invalidSegments=0 activeSegment=259 totalRecords=1396 storedEvents=1396 pendingUpload=unknown nextEventId=24885 backlog=unknown
[282839][I][STORAGE] RAMSpool worker resumed
[282839][I][STORAGE] Exclusive window end kind=maintenance result=done reason=manual_spool_diag
[283050][I][WIFI] Promiscuous: YES
[283050][I][WIFI] Promiscuous mode started data=0
[283057][I][STACK] TaskHardware watermark=15040B min=15040B
[283059][I][HEAP] heap free=7685KB min=7673KB largest=7552KB frag=1% internalFree=42KB internalLargest=27KB psramFree=7643KB core=44/11% owner=WIFI_CAPTURE nets=6 pendingUpload=? pendingEnrich=0
[HEALTH] time=2026-08-07 07:58:19 src=ntp
[HEALTH] heap used=733/8418KB free=7685KB min=7673KB largest=7552KB frag=1%
[HEALTH] internal used=184/226KB free=42KB min=30KB largest=27KB
[HEALTH] psram used=549/8192KB free=7643KB largest=7552KB
[HEALTH] stack free_min: core0=15KB/22KB core1=13KB/18KB
[HEALTH] core usage: core0=44% core1=11%
[HEALTH] power=usb state=usb batt=100% 4540mV trend=13mV/min runtime=0min cap=1100mAh charging=1
[HEALTH] radio=WIFI_CAPTURE wifi=0 ble=0 gps=0 nets=6 pendingUpload=? pendingEnrich=0
[HEALTH] subghz=NONE mode=OFF pkts=0 nodes=0
[283061][I][STORAGE] RAMSpool enq=79 cons=79 inflight=0/1024 high=6 pressure=0 drop[full=0 big=0 noise=0 p3Evict=0 p3Drop=0 p2Drop=0 p1Fail=0] free=1024
[283062][I][STORAGE] RAMSpool enqueue probe[ok=74 drop=0] device[ok=5 drop=0]
[283062][I][STORAGE] RAMSpool worker probe[ok=7 sup=67 drop=0 fail=0 slow=0] device[ok=5 sup=0 drop=0 fail=0 slow=0] slowTotal=0 maxMs=0
[283062][I][STORAGE] RAMSpool prioEnq p0=0 p1=0 p2=79 p3=0
[283062][I][STORAGE] RAMSpool lanes p1=0/0 p2=0/5 p3=0/0
[283072][W][CORE] TaskHardware loop gap=13709ms owner=WIFI_CAPTURE pendingUpload=1393 maintPending=1 suppressed=0
=== send: spool enrich ===
spool enrich
[287408][I][WIFI] Radio paused
[287569][I][WIFI] Radio suspended
[287569][I][STORAGE] RAMSpool worker paused inflight=0 lastInflight=0
[287570][I][STORAGE] Exclusive window begin kind=maintenance reason=manual_spool_enrich workerPaused=1 displaySuspended=1
[SPOOL] enrich starting...
[287838][I][STORAGE] load_ids_reserve count=0 freeInternal=73856 largest=27636
[287838][I][STORAGE] load_ids_reserved freeInternal=73856
[287838][I][STORAGE] load_ids_scan seg=237 enrichDeltas=0 freeInternal=73856 largest=27636
[287900][I][STORAGE] load_ids_scan seg=238 enrichDeltas=0 freeInternal=73856 largest=27636
[288012][I][STORAGE] load_ids_scan seg=239 enrichDeltas=0 freeInternal=73856 largest=27636
[288072][I][STORAGE] load_ids_scan seg=240 enrichDeltas=0 freeInternal=73856 largest=27636
[288179][I][STORAGE] load_ids_scan seg=241 enrichDeltas=0 freeInternal=73856 largest=27636
[288289][I][STORAGE] load_ids_scan seg=242 enrichDeltas=0 freeInternal=73856 largest=27636
[288348][I][STORAGE] load_ids_scan seg=243 enrichDeltas=0 freeInternal=73856 largest=27636
[288407][I][STORAGE] load_ids_scan seg=244 enrichDeltas=0 freeInternal=73856 largest=27636
[288467][I][STORAGE] load_ids_scan seg=245 enrichDeltas=0 freeInternal=73856 largest=27636
[288576][I][STORAGE] load_ids_scan seg=246 enrichDeltas=0 freeInternal=73856 largest=27636
[288641][I][STORAGE] load_ids_scan seg=247 enrichDeltas=0 freeInternal=73856 largest=27636
[288696][I][STORAGE] load_ids_scan seg=248 enrichDeltas=0 freeInternal=73856 largest=27636
[288752][I][STORAGE] load_ids_scan seg=249 enrichDeltas=0 freeInternal=73856 largest=27636
[288808][I][STORAGE] load_ids_scan seg=250 enrichDeltas=0 freeInternal=73856 largest=27636
[288863][I][STORAGE] load_ids_scan seg=251 enrichDeltas=0 freeInternal=73856 largest=27636
[288917][I][STORAGE] load_ids_scan seg=252 enrichDeltas=0 freeInternal=73864 largest=27636
[288971][I][STORAGE] load_ids_scan seg=253 enrichDeltas=0 freeInternal=73864 largest=27636
[289045][I][STORAGE] load_ids_scan seg=254 enrichDeltas=0 freeInternal=73864 largest=27636
[289098][I][STORAGE] load_ids_scan seg=255 enrichDeltas=0 freeInternal=73864 largest=27636
[289149][I][STORAGE] load_ids_scan seg=256 enrichDeltas=0 freeInternal=73864 largest=27636
[289254][I][STORAGE] load_ids_scan seg=257 enrichDeltas=0 freeInternal=73864 largest=27636
[289313][I][STORAGE] load_ids_scan seg=258 enrichDeltas=0 freeInternal=73864 largest=27636
[289388][I][STORAGE] load_ids_loop_done scanned=22 skipped=21 idsCollected=0 freeInternal=73864
[SPOOL] pendingEnrich mission=0 noise=4210 total=4210
[SPOOL] enriched=0 trackedTotal=4210 summaryValid=0
[SPOOL] used=1360KB / 8128KB auditRepairReq=1 summaryRebuildPending=1
[300722][I][STORAGE] RAMSpool worker resumed
[300722][I][STORAGE] Exclusive window end kind=maintenance result=done reason=manual_spool_enrich
[300933][I][WIFI] Promiscuous: YES
[300933][I][WIFI] Promiscuous mode started data=0
[300949][W][CORE] TaskHardware loop gap=13542ms owner=WIFI_CAPTURE pendingUpload=1393 maintPending=1 suppressed=0
=== send: companion status ===
companion status
[COMP] enabled=1
[COMP] external accessory=0 bleProxy=0 phoneConnected=0 phone=unknown rssi=0 ageMs=0
[COMP] wio link=idle sx1262=0 textInput=0
[COMP] phone=UNKNOWN work=IDLE
[COMP] bleBegun=0 bleRadio=0 bleState=IDLE
[COMP] ready link=0 gps=0 freshGps=0 ctrl=0 enrich=0
[COMP] bleInitAgeMs=0 scanStartAgeMs=0 disconnReason=0
[COMP] pendingEnrichMission=0 pendingEnrichNoise=0 pendingEnrichTotal=0
[COMP] lastProbeAgeMs=0 lastEnrichAgeMs=0
[COMP] radioOwner=wifi_capture
=== send: wio status ===
wio status
[WIO] available=0 bleProxy=0 sx1262=0 link=idle lastSeenAgeMs=0
[WIO] phoneConnected=0 phone=unknown rssi=0
[WIO] gpsFresh=0 lat=0.000000 lon=0.000000 acc=0.0 timeTrusted=0 epoch=0
[WIO] textPending=0 textReady=0 prompt=
[XPORT] active=internal_ble previous=none ageMs=302564 transitions=0
=== send: time ===
time
[TIME] valid=1 accurate=1 source=ntp utc=2026-08-07T12:58:48Z
[TIME] lastNtpAttempt=ok age=229s
[313062][I][STACK] TaskHardware watermark=15040B min=15040B
[313064][I][HEAP] heap free=7685KB min=7673KB largest=7552KB frag=1% internalFree=42KB internalLargest=27KB psramFree=7643KB core=44/11% owner=WIFI_CAPTURE nets=6 pendingUpload=? pendingEnrich=0
[HEALTH] time=2026-08-07 07:58:49 src=ntp
[HEALTH] heap used=733/8418KB free=7685KB min=7673KB largest=7552KB frag=1%
[HEALTH] internal used=184/226KB free=42KB min=30KB largest=27KB
[HEALTH] psram used=549/8192KB free=7643KB largest=7552KB
[HEALTH] stack free_min: core0=15KB/22KB core1=13KB/18KB
[HEALTH] core usage: core0=44% core1=11%
[HEALTH] power=usb state=usb batt=100% 4542mV trend=10mV/min runtime=0min cap=1100mAh charging=1
[HEALTH] radio=WIFI_CAPTURE wifi=0 ble=0 gps=0 nets=6 pendingUpload=? pendingEnrich=0
[HEALTH] subghz=NONE mode=OFF pkts=0 nodes=0
[313066][I][STORAGE] RAMSpool enq=90 cons=90 inflight=0/1024 high=6 pressure=0 drop[full=0 big=0 noise=0 p3Evict=0 p3Drop=0 p2Drop=0 p1Fail=0] free=1024
[313066][I][STORAGE] RAMSpool enqueue probe[ok=85 drop=0] device[ok=5 drop=0]
[313067][I][STORAGE] RAMSpool worker probe[ok=7 sup=78 drop=0 fail=0 slow=0] device[ok=5 sup=0 drop=0 fail=0 slow=0] slowTotal=0 maxMs=0
[313067][I][STORAGE] RAMSpool prioEnq p0=0 p1=0 p2=90 p3=0
[313067][I][STORAGE] RAMSpool lanes p1=0/0 p2=0/5 p3=0/0
=== send: fieldvault dump ===
fieldvault dump
[FIELD] cursor=0 pending=1 nextSeq=2674
[FIELD] --- backup path=/config/vault/field/field.jsonl.1 bytes=65577 ---
{"type":"power_sample","seq":2320,"ts_ms":6283,"uptime_s":0,"mv":2616,"pct":0,"trend":0,"cap_mah":1100,"runtime_min":1,"source":"battery","state":"battery_critica","charging":0,"owner":5,"reason":"boot"}
{"type":"run_sample","seq":2321,"ts_ms":6385,"uptime_s":0,"session":"33e864-5349-9bfe48f4","owner":5,"pending":1382,"enrich":0,"nets":0,"probes":0,"lora":0,"sg_mode":0,"sg_nodes":0,"wio":0,"wio_proxy":0,"wio_phone":0,"upload":0,"heap_kb":7797,"int_kb":93,"reason":"boot"}
{"type":"run_sample","seq":2322,"ts_ms":6786,"uptime_s":6,"session":"33e864-5349-9bfe48f4","owner":1,"pending":1382,"enrich":0,"nets":0,"probes":0,"lora":0,"sg_mode":0,"sg_nodes":0,"wio":0,"wio_proxy":0,"wio_phone":0,"upload":0,"heap_kb":7745,"int_kb":46,"reason":"owner"}
{"type":"power_sample","seq":2323,"ts_ms":5725,"uptime_s":0,"mv":2590,"pct":0,"trend":0,"cap_mah":1100,"runtime_min":1,"source":"battery","state":"battery_critica","charging":0,"owner":5,"reason":"boot"}
{"type":"run_sample","seq":2324,"ts_ms":5885,"uptime_s":0,"session":"33e864-5447-67c5c3c9","owner":5,"pending":1382,"enrich":0,"nets":0,"probes":0,"lora":0,"sg_mode":0,"sg_nodes":0,"wio":0,"wio_proxy":0,"wio_phone":0,"upload":0,"heap_kb":7797,"int_kb":93,"reason":"boot"}
{"type":"power_sample","seq":2325,"ts_ms":15194,"uptime_s":0,"mv":4412,"pct":100,"trend":0,"cap_mah":1100,"runtime_min":0,"source":"usb","state":"usb","charging":0,"owner":5,"reason":"boot"}
{"type":"run_sample","seq":2326,"ts_ms":15349,"uptime_s":0,"session":"33e864-5375-b01eba5a","owner":5,"pending":1382,"enrich":0,"nets":0,"probes":0,"lora":0,"sg_mode":0,"sg_nodes":0,"wio":0,"wio_proxy":0,"wio_phone":0,"upload":0,"heap_kb":7729,"int_kb":75,"reason":"boot"}
{"type":"run_sample","seq":2327,"ts_ms":15674,"uptime_s":15,"session":"33e864-5375-b01eba5a","owner":1,"pending":1382,"enrich":0,"nets":0,"probes":0,"lora":0,"sg_mode":0,"sg_nodes":0,"wio":0,"wio_proxy":0,"wio_phone":0,"upload":0,"heap_kb":7695,"int_kb":45,"reason":"owner"}
{"type":"run_sample","seq":2328,"ts_ms":315680,"uptime_s":315,"session":"33e864-5375-b01eba5a","owner":1,"pending":1382,"enrich":0,"nets":7,"probes":173,"lora":0,"sg_mode":0,"sg_nodes":0,"wio":0,"wio_proxy":0,"wio_phone":0,"upload":0,"heap_kb":7686,"int_kb":42,"reason":"interval"}
{"type":"run_sample","seq":2329,"ts_ms":615687,"uptime_s":615,"session":"33e864-5375-b01eba5a","owner":1,"pending":1382,"enrich":0,"nets":8,"probes":386,"lora":0,"sg_mode":0,"sg_nodes":0,"wio":0,"wio_proxy":0,"wio_phone":0,"upload":0,"heap_kb":7685,"int_kb":41,"reason":"interval"}
{"type":"power_sample","seq":2330,"ts_ms":915081,"uptime_s":915,"mv":4508,"pct":100,"trend":1,"cap_mah":1100,"runtime_min":0,"source":"usb","state":"usb","charging":0,"owner":1,"reason":"interval"}
{"type":"run_sample","seq":2331,"ts_ms":915687,"uptime_s":915,"session":"33e864-5375-b01eba5a","owner":1,"pending":1382,"enrich":0,"nets":8,"probes":529,"lora":0,"sg_mode":0,"sg_nodes":0,"wio":0,"wio_proxy":0,"wio_phone":0,"upload":0,"heap_kb":7685,"int_kb":41,"reason":"interval"}
{"type":"run_sample","seq":2332,"ts_ms":1215694,"uptime_s":1215,"session":"33e864-5375-b01eba5a","owner":1,"pending":1382,"enrich":0,"nets":8,"probes":672,"lora":0,"sg_mode":0,"sg_nodes":0,"wio":0,"wio_proxy":0,"wio_phone":0,"upload":0,"heap_kb":7685,"int_kb":41,"reason":"interval"}
{"type":"run_sample","seq":2333,"ts_ms":1515701,"uptime_s":1515,"session":"33e864-5375-b01eba5a","owner":1,"pending":1382,"enrich":0,"nets":8,"probes":849,"lora":0,"sg_mode":0,"sg_nodes":0,"wio":0,"wio_proxy":0,"wio_phone":0,"upload":0,"heap_kb":7685,"int_kb":41,"reason":"interval"}
{"type":"power_sample","seq":2334,"ts_ms":1815082,"uptime_s":1815,"mv":4506,"pct":100,"trend":-1,"cap_mah":1100,"runtime_min":0,"source":"usb","state":"usb","charging":0,"owner":1,"reason":"interval"}
{"type":"run_sample","seq":2335,"ts_ms":1815710,"uptime_s":1815,"session":"33e864-5375-b01eba5a","owner":1,"pending":1382,"enrich":0,"nets":9,"probes":1057,"lora":0,"sg_mode":0,"sg_nodes":0,"wio":0,"wio_proxy":0,"wio_phone":0,"upload":0,"heap_kb":7685,"int_kb":41,"reason":"interval"}
{"type":"run_sample","seq":2336,"ts_ms":2115712,"uptime_s":2115,"session":"33e864-5375-b01eba5a","owner":1,"pending":1382,"enrich":0,"nets":9,"probes":1230,"lora":0,"sg_mode":0,"sg_nodes":0,"wio":0,"wio_proxy":0,"wio_phone":0,"upload":0,"heap_kb":7685,"int_kb":41,"reason":"interval"}
{"type":"run_sample","seq":2337,"ts_ms":2415718,"uptime_s":2415,"session":"33e864-5375-b01eba5a","owner":1,"pending":1382,"enrich":0,"nets":9,"probes":1441,"lora":0,"sg_mode":0,"sg_nodes":0,"wio":0,"wio_proxy":0,"wio_phone":0,"upload":0,"heap_kb":7685,"int_kb":41,"reason":"interval"}
{"type":"power_sample","seq":2338,"ts_ms":2715087,"uptime_s":2715,"mv":4499,"pct":100,"trend":-2,"cap_mah":1100,"runtime_min":0,"source":"usb","state":"usb","charging":0,"owner":1,"reason":"interval"}
{"type":"run_sample","seq":2339,"ts_ms":2715722,"uptime_s":2715,"session":"33e864-5375-b01eba5a","owner":1,"pending":1382,"enrich":0,"nets":10,"probes":1611,"lora":0,"sg_mode":0,"sg_nodes":0,"wio":0,"wio_proxy":0,"wio_phone":0,"upload":0,"heap_kb":7685,"int_kb":41,"reason":"interval"}
{"type":"run_sample","seq":2340,"ts_ms":3015728,"uptime_s":3015,"session":"33e864-5375-b01eba5a","owner":1,"pending":1382,"enrich":0,"nets":11,"probes":1782,"lora":0,"sg_mode":0,"sg_nodes":0,"wio":0,"wio_proxy":0,"wio_phone":0,"upload":0,"heap_kb":7685,"int_kb":41,"reason":"interval"}
{"type":"run_sample","seq":2341,"ts_ms":3315730,"uptime_s":3315,"session":"33e864-5375-b01eba5a","owner":1,"pending":1382,"enrich":0,"nets":11,"probes":1954,"lora":0,"sg_mode":0,"sg_nodes":0,"wio":0,"wio_proxy":0,"wio_phone":0,"upload":0,"heap_kb":7685,"int_kb":41,"reason":"interval"}
{"type":"power_sample","seq":2342,"ts_ms":3615087,"uptime_s":3615,"mv":4488,"pct":100,"trend":0,"cap_mah":1100,"runtime_min":0,"source":"usb","state":"usb","charging":0,"owner":1,"reason":"interval"}
{"type":"run_sample","seq":2343,"ts_ms":3615735,"uptime_s":3615,"session":"33e864-5375-b01eba5a","owner":1,"pending":1382,"enrich":0,"nets":11,"probes":2123,"lora":0,"sg_mode":0,"sg_nodes":0,"wio":0,"wio_proxy":0,"wio_phone":0,"upload":0,"heap_kb":7685,"int_kb":41,"reason":"interval"}
{"type":"run_sample","seq":2344,"ts_ms":3915744,"uptime_s":3915,"session":"33e864-5375-b01eba5a","owner":1,"pending":1382,"enrich":0,"nets":12,"probes":2271,"lora":0,"sg_mode":0,"sg_nodes":0,"wio":0,"wio_proxy":0,"wio_phone":0,"upload":0,"heap_kb":7685,"int_kb":41,"reason":"interval"}
{"type":"run_sample","seq":2345,"ts_ms":4215749,"uptime_s":4215,"session":"33e864-5375-b01eba5a","owner":1,"pending":1382,"enrich":0,"nets":14,"probes":2512,"lora":0,"sg_mode":0,"sg_nodes":0,"wio":0,"wio_proxy":0,"wio_phone":0,"upload":0,"heap_kb":7685,"int_kb":41,"reason":"interval"}
{"type":"power_sample","seq":2346,"ts_ms":4515088,"uptime_s":4515,"mv":4472,"pct":100,"trend":0,"cap_mah":1100,"runtime_min":0,"source":"usb","state":"usb","charging":0,"owner":1,"reason":"interval"}
{"type":"run_sample","seq":2347,"ts_ms":4515757,"uptime_s":4515,"session":"33e864-5375-b01eba5a","owner":1,"pending":1382,"enrich":0,"nets":14,"probes":2732,"lora":0,"sg_mode":0,"sg_nodes":0,"wio":0,"wio_proxy":0,"wio_phone":0,"upload":0,"heap_kb":7685,"int_kb":41,"reason":"interval"}
{"type":"run_sample","seq":2348,"ts_ms":4815761,"uptime_s":4815,"session":"33e864-5375-b01eba5a","owner":1,"pending":1382,"enrich":0,"nets":14,"probes":2966,"lora":0,"sg_mode":0,"sg_nodes":0,"wio":0,"wio_proxy":0,"wio_phone":0,"upload":0,"heap_kb":7685,"int_kb":41,"reason":"interval"}
{"type":"run_sample","seq":2349,"ts_ms":5115761,"uptime_s":5115,"session":"33e864-5375-b01eba5a","owner":1,"pending":1382,"enrich":0,"nets":14,"probes":3193,"lora":0,"sg_mode":0,"sg_nodes":0,"wio":0,"wio_proxy":0,"wio_phone":0,"upload":0,"heap_kb":7685,"int_kb":41,"reason":"interval"}
{"type":"power_sample","seq":2350,"ts_ms":5415095,"uptime_s":5415,"mv":4470,"pct":100,"trend":0,"cap_mah":1100,"runtime_min":0,"source":"usb","state":"usb","charging":0,"owner":1,"reason":"interval"}
{"type":"run_sample","seq":2351,"ts_ms":5415761,"uptime_s":5415,"session":"33e864-5375-b01eba5a","owner":1,"pending":1382,"enrich":0,"nets":15,"probes":3452,"lora":0,"sg_mode":0,"sg_nodes":0,"wio":0,"wio_proxy":0,"wio_phone":0,"upload":0,"heap_kb":7685,"int_kb":41,"reason":"interval"}
{"type":"run_sample","seq":2352,"ts_ms":5715766,"uptime_s":5715,"session":"33e864-5375-b01eba5a","owner":1,"pending":1382,"enrich":0,"nets":15,"probes":3654,"lora":0,"sg_mode":0,"sg_nodes":0,"wio":0,"wio_proxy":0,"wio_phone":0,"upload":0,"heap_kb":7685,"int_kb":41,"reason":"interval"}
{"type":"run_sample","seq":2353,"ts_ms":6015772,"uptime_s":6015,"session":"33e864-5375-b01eba5a","owner":1,"pending":1382,"enrich":0,"nets":15,"probes":3872,"lora":0,"sg_mode":0,"sg_nodes":0,"wio":0,"wio_proxy":0,"wio_phone":0,"upload":0,"heap_kb":7685,"int_kb":41,"reason":"interval"}
{"type":"power_sample","seq":2354,"ts_ms":6315103,"uptime_s":6315,"mv":4364,"pct":100,"trend":17,"cap_mah":1100,"runtime_min":0,"source":"usb","state":"usb","charging":1,"owner":1,"reason":"interval"}
{"type":"run_sample","seq":2355,"ts_ms":6315776,"uptime_s":6315,"session":"33e864-5375-b01eba5a","owner":1,"pending":1382,"enrich":0,"nets":17,"probes":4077,"lora":0,"sg_mode":0,"sg_nodes":0,"wio":0,"wio_proxy":0,"wio_phone":0,"upload":0,"heap_kb":7685,"int_kb":41,"reason":"interval"}
{"type":"run_sample","seq":2356,"ts_ms":6615782,"uptime_s":6615,"session":"33e864-5375-b01eba5a","owner":1,"pending":1382,"enrich":0,"nets":18,"probes":4320,"lora":0,"sg_mode":0,"sg_nodes":0,"wio":0,"wio_proxy":0,"wio_phone":0,"upload":0,"heap_kb":7685,"int_kb":41,"reason":"interval"}
{"type":"run_sample","seq":2357,"ts_ms":6915782,"uptime_s":6915,"session":"33e864-5375-b01eba5a","owner":1,"pending":1382,"enrich":0,"nets":20,"probes":4539,"lora":0,"sg_mode":0,"sg_nodes":0,"wio":0,"wio_proxy":0,"wio_phone":0,"upload":0,"heap_kb":7685,"int_kb":41,"reason":"interval"}
{"type":"power_sample","seq":2358,"ts_ms":7215110,"uptime_s":7215,"mv":4317,"pct":100,"trend":-7,"cap_mah":1100,"runtime_min":0,"source":"usb","state":"usb","charging":0,"owner":1,"reason":"interval"}
{"type":"run_sample","seq":2359,"ts_ms":7215787,"uptime_s":7215,"session":"33e864-5375-b01eba5a","owner":1,"pending":1382,"enrich":0,"nets":20,"probes":4751,"lora":0,"sg_mode":0,"sg_nodes":0,"wio":0,"wio_proxy":0,"wio_phone":0,"upload":0,"heap_kb":7685,"int_kb":41,"reason":"interval"}
{"type":"run_sample","seq":2360,"ts_ms":7515790,"uptime_s":7515,"session":"33e864-5375-b01eba5a","owner":1,"pending":1382,"enrich":0,"nets":20,"probes":4977,"lora":0,"sg_mode":0,"sg_nodes":0,"wio":0,"wio_proxy":0,"wio_phone":0,"upload":0,"heap_kb":7685,"int_kb":41,"reason":"interval"}
{"type":"run_sample","seq":2361,"ts_ms":7815796,"uptime_s":7815,"session":"33e864-5375-b01eba5a","owner":1,"pending":1382,"enrich":0,"nets":21,"probes":5182,"lora":0,"sg_mode":0,"sg_nodes":0,"wio":0,"wio_proxy":0,"wio_phone":0,"upload":0,"heap_kb":7685,"int_kb":41,"reason":"interval"}
{"type":"power_sample","seq":2362,"ts_ms":7821285,"uptime_s":7821,"mv":3993,"pct":81,"trend":-138,"cap_mah":1100,"runtime_min":168,"source":"battery","state":"battery_normal","charging":0,"owner":1,"reason":"source"}
{"type":"run_sample","seq":2363,"ts_ms":8115805,"uptime_s":8115,"session":"33e864-5375-b01eba5a","owner":1,"pending":1382,"enrich":0,"nets":22,"probes":5290,"lora":0,"sg_mode":0,"sg_nodes":0,"wio":0,"wio_proxy":0,"wio_phone":0,"upload":0,"heap_kb":7685,"int_kb":41,"reason":"interval"}
{"type":"run_sample","seq":2364,"ts_ms":8415806,"uptime_s":8415,"session":"33e864-5375-b01eba5a","owner":1,"pending":1382,"enrich":0,"nets":23,"probes":5393,"lora":0,"sg_mode":0,"sg_nodes":0,"wio":0,"wio_proxy":0,"wio_phone":0,"upload":0,"heap_kb":7685,"int_kb":41,"reason":"interval"}
{"type":"run_sample","seq":2365,"ts_ms":8715812,"uptime_s":8715,"session":"33e864-5375-b01eba5a","owner":1,"pending":1382,"enrich":0,"nets":23,"probes":5497,"lora":0,"sg_mode":0,"sg_nodes":0,"wio":0,"wio_proxy":0,"wio_phone":0,"upload":0,"heap_kb":7685,"int_kb":41,"reason":"interval"}
{"type":"power_sample","seq":2366,"ts_ms":8721285,"uptime_s":8721,"mv":3918,"pct":68,"trend":-4,"cap_mah":1100,"runtime_min":102,"source":"battery","state":"battery_normal","charging":0,"owner":1,"reason":"interval"}
{"type":"run_sample","seq":2367,"ts_ms":9015816,"uptime_s":9015,"session":"33e864-5375-b01eba5a","owner":1,"pending":1382,"enrich":0,"nets":24,"probes":5672,"lora":0,"sg_mode":0,"sg_nodes":0,"wio":0,"wio_proxy":0,"wio_phone":0,"upload":0,"heap_kb":7685,"int_kb":41,"reason":"interval"}
{"type":"run_sample","seq":2368,"ts_ms":9315825,"uptime_s":9315,"session":"33e864-5375-b01eba5a","owner":1,"pending":1382,"enrich":0,"nets":24,"probes":5782,"lora":0,"sg_mode":0,"sg_nodes":0,"wio":0,"wio_proxy":0,"wio_phone":0,"upload":0,"heap_kb":7685,"int_kb":41,"reason":"interval"}
{"type":"run_sample","seq":2369,"ts_ms":9615834,"uptime_s":9615,"session":"33e864-5375-b01eba5a","owner":1,"pending":1382,"enrich":0,"nets":26,"probes":5913,"lora":0,"sg_mode":0,"sg_nodes":0,"wio":0,"wio_proxy":0,"wio_phone":0,"upload":0,"heap_kb":7685,"int_kb":41,"reason":"interval"}
{"type":"power_sample","seq":2370,"ts_ms":9621291,"uptime_s":9621,"mv":3870,"pct":58,"trend":-3,"cap_mah":1100,"runtime_min":98,"source":"battery","state":"battery_normal","charging":0,"owner":1,"reason":"interval"}
{"type":"run_sample","seq":2371,"ts_ms":9915838,"uptime_s":9915,"session":"33e864-5375-b01eba5a","owner":1,"pending":1382,"enrich":0,"nets":26,"probes":6025,"lora":0,"sg_mode":0,"sg_nodes":0,"wio":0,"wio_proxy":0,"wio_phone":0,"upload":0,"heap_kb":7685,"int_kb":41,"reason":"interval"}
{"type":"run_sample","seq":2372,"ts_ms":10215845,"uptime_s":10215,"session":"33e864-5375-b01eba5a","owner":1,"pending":1382,"enrich":0,"nets":27,"probes":6172,"lora":0,"sg_mode":0,"sg_nodes":0,"wio":0,"wio_proxy":0,"wio_phone":0,"upload":0,"heap_kb":7685,"int_kb":41,"reason":"interval"}
{"type":"run_sample","seq":2373,"ts_ms":10515846,"uptime_s":10515,"session":"33e864-5375-b01eba5a","owner":1,"pending":1382,"enrich":0,"nets":28,"probes":6305,"lora":0,"sg_mode":0,"sg_nodes":0,"wio":0,"wio_proxy":0,"wio_phone":0,"upload":0,"heap_kb":7685,"int_kb":41,"reason":"interval"}
{"type":"power_sample","seq":2374,"ts_ms":10521292,"uptime_s":10521,"mv":3818,"pct":47,"trend":-6,"cap_mah":1100,"runtime_min":49,"source":"battery","state":"battery_normal","charging":0,"owner":1,"reason":"interval"}
{"type":"run_sample","seq":2375,"ts_ms":10815850,"uptime_s":10815,"session":"33e864-5375-b01eba5a","owner":1,"pending":1382,"enrich":0,"nets":28,"probes":6436,"lora":0,"sg_mode":0,"sg_nodes":0,"wio":0,"wio_proxy":0,"wio_phone":0,"upload":0,"heap_kb":7685,"int_kb":41,"reason":"interval"}
{"type":"run_sample","seq":2376,"ts_ms":11115858,"uptime_s":11115,"session":"33e864-5375-b01eba5a","owner":1,"pending":1382,"enrich":0,"nets":30,"probes":6569,"lora":0,"sg_mode":0,"sg_nodes":0,"wio":0,"wio_proxy":0,"wio_phone":0,"upload":0,"heap_kb":7685,"int_kb":41,"reason":"interval"}
{"type":"run_sample","seq":2377,"ts_ms":11415867,"uptime_s":11415,"session":"33e864-5375-b01eba5a","owner":1,"pending":1382,"enrich":0,"nets":32,"probes":6735,"lora":0,"sg_mode":0,"sg_nodes":0,"wio":0,"wio_proxy":0,"wio_phone":0,"upload":0,"heap_kb":7685,"int_kb":41,"reason":"interval"}
{"type":"power_sample","seq":2378,"ts_ms":11421302,"uptime_s":11421,"mv":3781,"pct":40,"trend":-3,"cap_mah":1100,"runtime_min":82,"source":"battery","state":"battery_normal","charging":0,"owner":1,"reason":"interval"}
{"type":"run_sample","seq":2379,"ts_ms":11715867,"uptime_s":11715,"session":"33e864-5375-b01eba5a","owner":1,"pending":1382,"enrich":0,"nets":33,"probes":6882,"lora":0,"sg_mode":0,"sg_nodes":0,"wio":0,"wio_proxy":0,"wio_phone":0,"upload":0,"heap_kb":7685,"int_kb":41,"reason":"interval"}
{"type":"run_sample","seq":2380,"ts_ms":12015873,"uptime_s":12015,"session":"33e864-5375-b01eba5a","owner":1,"pending":1382,"enrich":0,"nets":33,"probes":7045,"lora":0,"sg_mode":0,"sg_nodes":0,"wio":0,"wio_proxy":0,"wio_phone":0,"upload":0,"heap_kb":7685,"int_kb":41,"reason":"interval"}
{"type":"run_sample","seq":2381,"ts_ms":12315876,"uptime_s":12315,"session":"33e864-5375-b01eba5a","owner":1,"pending":1382,"enrich":0,"nets":34,"probes":7184,"lora":0,"sg_mode":0,"sg_nodes":0,"wio":0,"wio_proxy":0,"wio_phone":0,"upload":0,"heap_kb":7685,"int_kb":41,"reason":"interval"}
{"type":"power_sample","seq":2382,"ts_ms":12321311,"uptime_s":12321,"mv":3737,"pct":32,"trend":-3,"cap_mah":1100,"runtime_min":74,"source":"battery","state":"battery_normal","charging":0,"owner":1,"reason":"interval"}
{"type":"run_sample","seq":2383,"ts_ms":12615883,"uptime_s":12615,"session":"33e864-5375-b01eba5a","owner":1,"pending":1382,"enrich":0,"nets":34,"probes":7307,"lora":0,"sg_mode":0,"sg_nodes":0,"wio":0,"wio_proxy":0,"wio_phone":0,"upload":0,"heap_kb":7685,"int_kb":41,"reason":"interval"}
{"type":"run_sample","seq":2384,"ts_ms":12915892,"uptime_s":12915,"session":"33e864-5375-b01eba5a","owner":1,"pending":1382,"enrich":0,"nets":37,"probes":7445,"lora":0,"sg_mode":0,"sg_nodes":0,"wio":0,"wio_proxy":0,"wio_phone":0,"upload":0,"heap_kb":7685,"int_kb":41,"reason":"interval"}
{"type":"run_sample","seq":2385,"ts_ms":13215898,"uptime_s":13215,"session":"33e864-5375-b01eba5a","owner":1,"pending":1382,"enrich":0,"nets":37,"probes":7601,"lora":0,"sg_mode":0,"sg_nodes":0,"wio":0,"wio_proxy":0,"wio_phone":0,"upload":0,"heap_kb":7685,"int_kb":41,"reason":"interval"}
{"type":"power_sample","seq":2386,"ts_ms":13221311,"uptime_s":13221,"mv":3693,"pct":26,"trend":-2,"cap_mah":1100,"runtime_min":66,"source":"battery","state":"battery_normal","charging":0,"owner":1,"reason":"interval"}
{"type":"run_sample","seq":2387,"ts_ms":13515906,"uptime_s":13515,"session":"33e864-5375-b01eba5a","owner":1,"pending":1382,"enrich":0,"nets":37,"probes":7725,"lora":0,"sg_mode":0,"sg_nodes":0,"wio":0,"wio_proxy":0,"wio_phone":0,"upload":0,"heap_kb":7685,"int_kb":41,"reason":"interval"}
{"type":"run_sample","seq":2388,"ts_ms":13815910,"uptime_s":13815,"session":"33e864-5375-b01eba5a","owner":1,"pending":1382,"enrich":0,"nets":38,"probes":7861,"lora":0,"sg_mode":0,"sg_nodes":0,"wio":0,"wio_proxy":0,"wio_phone":0,"upload":0,"heap_kb":7685,"int_kb":41,"reason":"interval"}
{"type":"run_sample","seq":2389,"ts_ms":14115916,"uptime_s":14115,"session":"33e864-5375-b01eba5a","owner":1,"pending":1382,"enrich":0,"nets":41,"probes":8022,"lora":0,"sg_mode":0,"sg_nodes":0,"wio":0,"wio_proxy":0,"wio_phone":0,"upload":0,"heap_kb":7685,"int_kb":41,"reason":"interval"}
{"type":"power_sample","seq":2390,"ts_ms":14121320,"uptime_s":14121,"mv":3658,"pct":22,"trend":-2,"cap_mah":1100,"runtime_min":72,"source":"battery","state":"battery_normal","charging":0,"owner":1,"reason":"interval"}
{"type":"power_sample","seq":2391,"ts_ms":14399377,"uptime_s":14399,"mv":3644,"pct":20,"trend":-3,"cap_mah":1100,"runtime_min":51,"source":"battery","state":"battery_economy","charging":0,"owner":1,"reason":"state"}
{"type":"run_sample","seq":2392,"ts_ms":14415918,"uptime_s":14415,"session":"33e864-5375-b01eba5a","owner":1,"pending":1382,"enrich":0,"nets":41,"probes":8184,"lora":0,"sg_mode":0,"sg_nodes":0,"wio":0,"wio_proxy":0,"wio_phone":0,"upload":0,"heap_kb":7685,"int_kb":41,"reason":"interval"}
{"type":"run_sample","seq":2393,"ts_ms":14715923,"uptime_s":14715,"session":"33e864-5375-b01eba5a","owner":1,"pending":1382,"enrich":0,"nets":41,"probes":8313,"lora":0,"sg_mode":0,"sg_nodes":0,"wio":0,"wio_proxy":0,"wio_phone":0,"upload":0,"heap_kb":7685,"int_kb":41,"reason":"interval"}
{"type":"run_sample","seq":2394,"ts_ms":15015925,"uptime_s":15015,"session":"33e864-5375-b01eba5a","owner":1,"pending":1382,"enrich":0,"nets":42,"probes":8471,"lora":0,"sg_mode":0,"sg_nodes":0,"wio":0,"wio_proxy":0,"wio_phone":0,"upload":0,"heap_kb":7685,"int_kb":41,"reason":"interval"}
{"type":"power_sample","seq":2395,"ts_ms":15299381,"uptime_s":15299,"mv":3603,"pct":15,"trend":-2,"cap_mah":1100,"runtime_min":58,"source":"battery","state":"battery_economy","charging":0,"owner":1,"reason":"interval"}
{"type":"run_sample","seq":2396,"ts_ms":15315928,"uptime_s":15315,"session":"33e864-5375-b01eba5a","owner":1,"pending":1382,"enrich":0,"nets":43,"probes":8622,"lora":0,"sg_mode":0,"sg_nodes":0,"wio":0,"wio_proxy":0,"wio_phone":0,"upload":0,"heap_kb":7685,"int_kb":41,"reason":"interval"}
{"type":"run_sample","seq":2397,"ts_ms":15615934,"uptime_s":15615,"session":"33e864-5375-b01eba5a","owner":1,"pending":1382,"enrich":0,"nets":43,"probes":8738,"lora":0,"sg_mode":0,"sg_nodes":0,"wio":0,"wio_proxy":0,"wio_phone":0,"upload":0,"heap_kb":7685,"int_kb":41,"reason":"interval"}
{"type":"run_sample","seq":2398,"ts_ms":15915939,"uptime_s":15915,"session":"33e864-5375-b01eba5a","owner":1,"pending":1382,"enrich":0,"nets":44,"probes":8850,"lora":0,"sg_mode":0,"sg_nodes":0,"wio":0,"wio_proxy":0,"wio_phone":0,"upload":0,"heap_kb":7685,"int_kb":41,"reason":"interval"}
{"type":"power_sample","seq":2399,"ts_ms":16199391,"uptime_s":16199,"mv":3577,"pct":13,"trend":-1,"cap_mah":1100,"runtime_min":82,"source":"battery","state":"battery_economy","charging":0,"owner":1,"reason":"interval"}
{"type":"run_sample","seq":2400,"ts_ms":16215948,"uptime_s":16215,"session":"33e864-5375-b01eba5a","owner":1,"pending":1382,"enrich":0,"nets":46,"probes":8961,"lora":0,"sg_mode":0,"sg_nodes":0,"wio":0,"wio_proxy":0,"wio_phone":0,"upload":0,"heap_kb":7685,"int_kb":41,"reason":"interval"}
{"type":"run_sample","seq":2401,"ts_ms":16515949,"uptime_s":16515,"session":"33e864-5375-b01eba5a","owner":1,"pending":1382,"enrich":0,"nets":47,"probes":9110,"lora":0,"sg_mode":0,"sg_nodes":0,"wio":0,"wio_proxy":0,"wio_phone":0,"upload":0,"heap_kb":7685,"int_kb":41,"reason":"interval"}
{"type":"run_sample","seq":2402,"ts_ms":16815958,"uptime_s":16815,"session":"33e864-5375-b01eba5a","owner":1,"pending":1382,"enrich":0,"nets":47,"probes":9225,"lora":0,"sg_mode":0,"sg_nodes":0,"wio":0,"wio_proxy":0,"wio_phone":0,"upload":0,"heap_kb":7685,"int_kb":41,"reason":"interval"}
{"type":"power_sample","seq":2403,"ts_ms":17099397,"uptime_s":17099,"mv":3554,"pct":12,"trend":-2,"cap_mah":1100,"runtime_min":59,"source":"battery","state":"battery_economy","charging":0,"owner":1,"reason":"interval"}
{"type":"run_sample","seq":2404,"ts_ms":17115958,"uptime_s":17115,"session":"33e864-5375-b01eba5a","owner":1,"pending":1382,"enrich":0,"nets":48,"probes":9365,"lora":0,"sg_mode":0,"sg_nodes":0,"wio":0,"wio_proxy":0,"wio_phone":0,"upload":0,"heap_kb":7685,"int_kb":41,"reason":"interval"}
{"type":"run_sample","seq":2405,"ts_ms":17415961,"uptime_s":17415,"session":"33e864-5375-b01eba5a","owner":1,"pending":1382,"enrich":0,"nets":48,"probes":9502,"lora":0,"sg_mode":0,"sg_nodes":0,"wio":0,"wio_proxy":0,"wio_phone":0,"upload":0,"heap_kb":7685,"int_kb":41,"reason":"interval"}
{"type":"run_sample","seq":2406,"ts_ms":17715961,"uptime_s":17715,"session":"33e864-5375-b01eba5a","owner":1,"pending":1382,"enrich":0,"nets":50,"probes":9660,"lora":0,"sg_mode":0,"sg_nodes":0,"wio":0,"wio_proxy":0,"wio_phone":0,"upload":0,"heap_kb":7685,"int_kb":41,"reason":"interval"}
{"type":"power_sample","seq":2407,"ts_ms":17999404,"uptime_s":17999,"mv":3543,"pct":11,"trend":-1,"cap_mah":1100,"runtime_min":37,"source":"battery","state":"battery_economy","charging":0,"owner":1,"reason":"interval"}
{"type":"run_sample","seq":2408,"ts_ms":18015962,"uptime_s":18015,"session":"33e864-5375-b01eba5a","owner":1,"pending":1382,"enrich":0,"nets":50,"probes":9796,"lora":0,"sg_mode":0,"sg_nodes":0,"wio":0,"wio_proxy":0,"wio_phone":0,"upload":0,"heap_kb":7685,"int_kb":41,"reason":"interval"}
{"type":"run_sample","seq":2409,"ts_ms":18315966,"uptime_s":18315,"session":"33e864-5375-b01eba5a","owner":1,"pending":1382,"enrich":0,"nets":50,"probes":9926,"lora":0,"sg_mode":0,"sg_nodes":0,"wio":0,"wio_proxy":0,"wio_phone":0,"upload":0,"heap_kb":7685,"int_kb":41,"reason":"interval"}
{"type":"run_sample","seq":2410,"ts_ms":18615975,"uptime_s":18615,"session":"33e864-5375-b01eba5a","owner":1,"pending":1382,"enrich":0,"nets":51,"probes":10041,"lora":0,"sg_mode":0,"sg_nodes":0,"wio":0,"wio_proxy":0,"wio_phone":0,"upload":0,"heap_kb":7685,"int_kb":41,"reason":"interval"}
{"type":"power_sample","seq":2411,"ts_ms":18899404,"uptime_s":18899,"mv":3527,"pct":10,"trend":-1,"cap_mah":1100,"runtime_min":50,"source":"battery","state":"battery_economy","charging":0,"owner":1,"reason":"interval"}
{"type":"run_sample","seq":2412,"ts_ms":18915980,"uptime_s":18915,"session":"33e864-5375-b01eba5a","owner":1,"pending":1382,"enrich":0,"nets":52,"probes":10244,"lora":0,"sg_mode":0,"sg_nodes":0,"wio":0,"wio_proxy":0,"wio_phone":0,"upload":0,"heap_kb":7685,"int_kb":41,"reason":"interval"}
{"type":"run_sample","seq":2413,"ts_ms":19215988,"uptime_s":19215,"session":"33e864-5375-b01eba5a","owner":1,"pending":1382,"enrich":0,"nets":52,"probes":10369,"lora":0,"sg_mode":0,"sg_nodes":0,"wio":0,"wio_proxy":0,"wio_phone":0,"upload":0,"heap_kb":7685,"int_kb":41,"reason":"interval"}
{"type":"run_sample","seq":2414,"ts_ms":19515996,"uptime_s":19515,"session":"33e864-5375-b01eba5a","owner":1,"pending":1382,"enrich":0,"nets":53,"probes":10502,"lora":0,"sg_mode":0,"sg_nodes":0,"wio":0,"wio_proxy":0,"wio_phone":0,"upload":0,"heap_kb":7685,"int_kb":41,"reason":"interval"}
{"type":"power_sample","seq":2415,"ts_ms":19799413,"uptime_s":19799,"mv":3515,"pct":9,"trend":-1,"cap_mah":1100,"runtime_min":35,"source":"battery","state":"battery_economy","charging":0,"owner":1,"reason":"interval"}
{"type":"run_sample","seq":2416,"ts_ms":19816005,"uptime_s":19815,"session":"33e864-5375-b01eba5a","owner":1,"pending":1382,"enrich":0,"nets":54,"probes":10602,"lora":0,"sg_mode":0,"sg_nodes":0,"wio":0,"wio_proxy":0,"wio_phone":0,"upload":0,"heap_kb":7685,"int_kb":41,"reason":"interval"}
{"type":"run_sample","seq":2417,"ts_ms":20116007,"uptime_s":20115,"session":"33e864-5375-b01eba5a","owner":1,"pending":1382,"enrich":0,"nets":56,"probes":10781,"lora":0,"sg_mode":0,"sg_nodes":0,"wio":0,"wio_proxy":0,"wio_phone":0,"upload":0,"heap_kb":7685,"int_kb":41,"reason":"interval"}
{"type":"run_sample","seq":2418,"ts_ms":20416007,"uptime_s":20415,"session":"33e864-5375-b01eba5a","owner":1,"pending":1382,"enrich":0,"nets":57,"probes":10902,"lora":0,"sg_mode":0,"sg_nodes":0,"wio":0,"wio_proxy":0,"wio_phone":0,"upload":0,"heap_kb":7685,"int_kb":41,"reason":"interval"}
{"type":"power_sample","seq":2419,"ts_ms":20699415,"uptime_s":20699,"mv":3499,"pct":8,"trend":-1,"cap_mah":1100,"runtime_min":26,"source":"battery","state":"battery_economy","charging":0,"owner":1,"reason":"interval"}
{"type":"run_sample","seq":2420,"ts_ms":20716015,"uptime_s":20716,"session":"33e864-5375-b01eba5a","owner":1,"pending":1382,"enrich":0,"nets":57,"probes":11018,"lora":0,"sg_mode":0,"sg_nodes":0,"wio":0,"wio_proxy":0,"wio_phone":0,"upload":0,"heap_kb":7685,"int_kb":41,"reason":"interval"}
{"type":"run_sample","seq":2421,"ts_ms":21016019,"uptime_s":21016,"session":"33e864-5375-b01eba5a","owner":1,"pending":1382,"enrich":0,"nets":58,"probes":11146,"lora":0,"sg_mode":0,"sg_nodes":0,"wio":0,"wio_proxy":0,"wio_phone":0,"upload":0,"heap_kb":7685,"int_kb":41,"reason":"interval"}
{"type":"run_sample","seq":2422,"ts_ms":21316027,"uptime_s":21316,"session":"33e864-5375-b01eba5a","owner":1,"pending":1382,"enrich":0,"nets":61,"probes":11309,"lora":0,"sg_mode":0,"sg_nodes":0,"wio":0,"wio_proxy":0,"wio_phone":0,"upload":0,"heap_kb":7685,"int_kb":41,"reason":"interval"}
{"type":"power_sample","seq":2423,"ts_ms":21599421,"uptime_s":21599,"mv":3483,"pct":7,"trend":-1,"cap_mah":1100,"runtime_min":21,"source":"battery","state":"battery_economy","charging":0,"owner":1,"reason":"interval"}
{"type":"run_sample","seq":2424,"ts_ms":21616029,"uptime_s":21616,"session":"33e864-5375-b01eba5a","owner":1,"pending":1382,"enrich":0,"nets":62,"probes":11417,"lora":0,"sg_mode":0,"sg_nodes":0,"wio":0,"wio_proxy":0,"wio_phone":0,"upload":0,"heap_kb":7685,"int_kb":41,"reason":"interval"}
{"type":"run_sample","seq":2425,"ts_ms":21916035,"uptime_s":21916,"session":"33e864-5375-b01eba5a","owner":1,"pending":1382,"enrich":0,"nets":64,"probes":11539,"lora":0,"sg_mode":0,"sg_nodes":0,"wio":0,"wio_proxy":0,"wio_phone":0,"upload":0,"heap_kb":7685,"int_kb":41,"reason":"interval"}
{"type":"run_sample","seq":2426,"ts_ms":22216035,"uptime_s":22216,"session":"33e864-5375-b01eba5a","owner":1,"pending":1382,"enrich":0,"nets":64,"probes":11656,"lora":0,"sg_mode":0,"sg_nodes":0,"wio":0,"wio_proxy":0,"wio_phone":0,"upload":0,"heap_kb":7685,"int_kb":41,"reason":"interval"}
{"type":"power_sample","seq":2427,"ts_ms":22499427,"uptime_s":22499,"mv":3466,"pct":6,"trend":-1,"cap_mah":1100,"runtime_min":20,"source":"battery","state":"battery_economy","charging":0,"owner":1,"reason":"interval"}
{"type":"run_sample","seq":2428,"ts_ms":22516035,"uptime_s":22516,"session":"33e864-5375-b01eba5a","owner":1,"pending":1382,"enrich":0,"nets":66,"probes":11799,"lora":0,"sg_mode":0,"sg_nodes":0,"wio":0,"wio_proxy":0,"wio_phone":0,"upload":0,"heap_kb":7685,"int_kb":41,"reason":"interval"}
{"type":"run_sample","seq":2429,"ts_ms":22816038,"uptime_s":22816,"session":"33e864-5375-b01eba5a","owner":1,"pending":1382,"enrich":0,"nets":66,"probes":11909,"lora":0,"sg_mode":0,"sg_nodes":0,"wio":0,"wio_proxy":0,"wio_phone":0,"upload":0,"heap_kb":7685,"int_kb":41,"reason":"interval"}
{"type":"run_sample","seq":2430,"ts_ms":23116047,"uptime_s":23116,"session":"33e864-5375-b01eba5a","owner":1,"pending":1382,"enrich":0,"nets":66,"probes":12031,"lora":0,"sg_mode":0,"sg_nodes":0,"wio":0,"wio_proxy":0,"wio_phone":0,"upload":0,"heap_kb":7685,"int_kb":41,"reason":"interval"}
{"type":"power_sample","seq":2431,"ts_ms":23399433,"uptime_s":23399,"mv":3444,"pct":5,"trend":-1,"cap_mah":1100,"runtime_min":17,"source":"battery","state":"battery_economy","charging":0,"owner":1,"reason":"interval"}
{"type":"run_sample","seq":2432,"ts_ms":23416048,"uptime_s":23416,"session":"33e864-5375-b01eba5a","owner":1,"pending":1382,"enrich":0,"nets":67,"probes":12147,"lora":0,"sg_mode":0,"sg_nodes":0,"wio":0,"wio_proxy":0,"wio_phone":0,"upload":0,"heap_kb":7685,"int_kb":41,"reason":"interval"}
{"type":"run_sample","seq":2433,"ts_ms":23716049,"uptime_s":23716,"session":"33e864-5375-b01eba5a","owner":1,"pending":1382,"enrich":0,"nets":69,"probes":12314,"lora":0,"sg_mode":0,"sg_nodes":0,"wio":0,"wio_proxy":0,"wio_phone":0,"upload":0,"heap_kb":7685,"int_kb":41,"reason":"interval"}
{"type":"run_sample","seq":2434,"ts_ms":24016052,"uptime_s":24016,"session":"33e864-5375-b01eba5a","owner":1,"pending":1382,"enrich":0,"nets":70,"probes":12424,"lora":0,"sg_mode":0,"sg_nodes":0,"wio":0,"wio_proxy":0,"wio_phone":0,"upload":0,"heap_kb":7685,"int_kb":41,"reason":"interval"}
{"type":"power_sample","seq":2435,"ts_ms":24299433,"uptime_s":24299,"mv":3415,"pct":4,"trend":-2,"cap_mah":1100,"runtime_min":22,"source":"battery","state":"battery_economy","charging":0,"owner":1,"reason":"interval"}
{"type":"run_sample","seq":2436,"ts_ms":24316059,"uptime_s":24316,"session":"33e864-5375-b01eba5a","owner":1,"pending":1382,"enrich":0,"nets":71,"probes":12538,"lora":0,"sg_mode":0,"sg_nodes":0,"wio":0,"wio_proxy":0,"wio_phone":0,"upload":0,"heap_kb":7685,"int_kb":41,"reason":"interval"}
{"type":"run_sample","seq":2437,"ts_ms":24616059,"uptime_s":24616,"session":"33e864-5375-b01eba5a","owner":1,"pending":1382,"enrich":0,"nets":71,"probes":12639,"lora":0,"sg_mode":0,"sg_nodes":0,"wio":0,"wio_proxy":0,"wio_phone":0,"upload":0,"heap_kb":7685,"int_kb":41,"reason":"interval"}
{"type":"run_sample","seq":2438,"ts_ms":24916063,"uptime_s":24916,"session":"33e864-5375-b01eba5a","owner":1,"pending":1382,"enrich":0,"nets":73,"probes":12724,"lora":0,"sg_mode":0,"sg_nodes":0,"wio":0,"wio_proxy":0,"wio_phone":0,"upload":0,"heap_kb":7685,"int_kb":41,"reason":"interval"}
{"type":"power_sample","seq":2439,"ts_ms":25199437,"uptime_s":25199,"mv":3368,"pct":2,"trend":-3,"cap_mah":1100,"runtime_min":13,"source":"battery","state":"battery_economy","charging":0,"owner":1,"reason":"interval"}
{"type":"run_sample","seq":2440,"ts_ms":25216068,"uptime_s":25216,"session":"33e864-5375-b01eba5a","owner":1,"pending":1382,"enrich":0,"nets":75,"probes":12813,"lora":0,"sg_mode":0,"sg_nodes":0,"wio":0,"wio_proxy":0,"wio_phone":0,"upload":0,"heap_kb":7685,"int_kb":41,"reason":"interval"}
{"type":"run_sample","seq":2441,"ts_ms":25516071,"uptime_s":25516,"session":"33e864-5375-b01eba5a","owner":1,"pending":1382,"enrich":0,"nets":76,"probes":12901,"lora":0,"sg_mode":0,"sg_nodes":0,"wio":0,"wio_proxy":0,"wio_phone":0,"upload":0,"heap_kb":7685,"int_kb":41,"reason":"interval"}
{"type":"power_sample","seq":2442,"ts_ms":25791913,"uptime_s":25791,"mv":3345,"pct":2,"trend":-2,"cap_mah":1100,"runtime_min":5,"source":"battery","state":"battery_critica","charging":0,"owner":1,"reason":"critical"}
{"type":"run_sample","seq":2443,"ts_ms":25816077,"uptime_s":25816,"session":"33e864-5375-b01eba5a","owner":1,"pending":1382,"enrich":0,"nets":77,"probes":13014,"lora":0,"sg_mode":0,"sg_nodes":0,"wio":0,"wio_proxy":0,"wio_phone":0,"upload":0,"heap_kb":7685,"int_kb":41,"reason":"interval"}
{"type":"run_sample","seq":2444,"ts_ms":26116085,"uptime_s":26116,"session":"33e864-5375-b01eba5a","owner":1,"pending":1382,"enrich":0,"nets":81,"probes":13149,"lora":0,"sg_mode":0,"sg_nodes":0,"wio":0,"wio_proxy":0,"wio_phone":0,"upload":0,"heap_kb":7685,"int_kb":41,"reason":"interval"}
{"type":"run_sample","seq":2445,"ts_ms":26416092,"uptime_s":26416,"session":"33e864-5375-b01eba5a","owner":1,"pending":1382,"enrich":0,"nets":82,"probes":13243,"lora":0,"sg_mode":0,"sg_nodes":0,"wio":0,"wio_proxy":0,"wio_phone":0,"upload":0,"heap_kb":7685,"int_kb":41,"reason":"interval"}
{"type":"power_sample","seq":2446,"ts_ms":26691920,"uptime_s":26691,"mv":3302,"pct":0,"trend":-4,"cap_mah":1100,"runtime_min":1,"source":"battery","state":"battery_critica","charging":0,"owner":1,"reason":"interval"}
{"type":"run_sample","seq":2447,"ts_ms":26716097,"uptime_s":26716,"session":"33e864-5375-b01eba5a","owner":1,"pending":1382,"enrich":0,"nets":84,"probes":13367,"lora":0,"sg_mode":0,"sg_nodes":0,"wio":0,"wio_proxy":0,"wio_phone":0,"upload":0,"heap_kb":7685,"int_kb":41,"reason":"interval"}
{"type":"run_sample","seq":2448,"ts_ms":27016106,"uptime_s":27016,"session":"33e864-5375-b01eba5a","owner":1,"pending":1382,"enrich":0,"nets":85,"probes":13469,"lora":0,"sg_mode":0,"sg_nodes":0,"wio":0,"wio_proxy":0,"wio_phone":0,"upload":0,"heap_kb":7685,"int_kb":41,"reason":"interval"}
{"type":"run_sample","seq":2449,"ts_ms":27316109,"uptime_s":27316,"session":"33e864-5375-b01eba5a","owner":1,"pending":1382,"enrich":0,"nets":86,"probes":13598,"lora":0,"sg_mode":0,"sg_nodes":0,"wio":0,"wio_proxy":0,"wio_phone":0,"upload":0,"heap_kb":7685,"int_kb":41,"reason":"interval"}
{"type":"power_sample","seq":2450,"ts_ms":27591922,"uptime_s":27591,"mv":3132,"pct":0,"trend":-18,"cap_mah":1100,"runtime_min":1,"source":"battery","state":"battery_critica","charging":0,"owner":1,"reason":"interval"}
{"type":"run_sample","seq":2451,"ts_ms":27616113,"uptime_s":27616,"session":"33e864-5375-b01eba5a","owner":1,"pending":1382,"enrich":0,"nets":87,"probes":13710,"lora":0,"sg_mode":0,"sg_nodes":0,"wio":0,"wio_proxy":0,"wio_phone":0,"upload":0,"heap_kb":7685,"int_kb":41,"reason":"interval"}
{"type":"run_sample","seq":2452,"ts_ms":27916113,"uptime_s":27916,"session":"33e864-5375-b01eba5a","owner":1,"pending":1382,"enrich":0,"nets":88,"probes":13813,"lora":0,"sg_mode":0,"sg_nodes":0,"wio":0,"wio_proxy":0,"wio_phone":0,"upload":0,"heap_kb":7685,"int_kb":41,"reason":"interval"}
{"type":"run_sample","seq":2453,"ts_ms":28216116,"uptime_s":28216,"session":"33e864-5375-b01eba5a","owner":1,"pending":1382,"enrich":0,"nets":88,"probes":13915,"lora":0,"sg_mode":0,"sg_nodes":0,"wio":0,"wio_proxy":0,"wio_phone":0,"upload":0,"heap_kb":7685,"int_kb":41,"reason":"interval"}
{"type":"power_sample","seq":2454,"ts_ms":6139,"uptime_s":0,"mv":2622,"pct":0,"trend":0,"cap_mah":1100,"runtime_min":1,"source":"battery","state":"battery_critica","charging":0,"owner":5,"reason":"boot"}
{"type":"run_sample","seq":2455,"ts_ms":6322,"uptime_s":0,"session":"33e864-5507-c561fe10","owner":5,"pending":1382,"enrich":0,"nets":0,"probes":0,"lora":0,"sg_mode":0,"sg_nodes":0,"wio":0,"wio_proxy":0,"wio_phone":0,"upload":0,"heap_kb":7797,"int_kb":93,"reason":"boot"}
{"type":"power_sample","seq":2456,"ts_ms":6135,"uptime_s":0,"mv":2620,"pct":0,"trend":0,"cap_mah":1100,"runtime_min":1,"source":"battery","state":"battery_critica","charging":0,"owner":5,"reason":"boot"}
{"type":"run_sample","seq":2457,"ts_ms":6317,"uptime_s":0,"session":"33e864-5497-6b83192b","owner":5,"pending":1382,"enrich":0,"nets":0,"probes":0,"lora":0,"sg_mode":0,"sg_nodes":0,"wio":0,"wio_proxy":0,"wio_phone":0,"upload":0,"heap_kb":7797,"int_kb":93,"reason":"boot"}
{"type":"power_sample","seq":2458,"ts_ms":15642,"uptime_s":0,"mv":4448,"pct":100,"trend":0,"cap_mah":1100,"runtime_min":0,"source":"usb","state":"usb","charging":0,"owner":5,"reason":"boot"}
{"type":"run_sample","seq":2459,"ts_ms":15866,"uptime_s":0,"session":"33e864-5422-18c5f22d","owner":5,"pending":1382,"enrich":0,"nets":0,"probes":0,"lora":0,"sg_mode":0,"sg_nodes":0,"wio":0,"wio_proxy":0,"wio_phone":0,"upload":0,"heap_kb":7729,"int_kb":75,"reason":"boot"}
{"type":"run_sample","seq":2460,"ts_ms":16187,"uptime_s":15,"session":"33e864-5422-18c5f22d","owner":1,"pending":1382,"enrich":0,"nets":0,"probes":0,"lora":0,"sg_mode":0,"sg_nodes":0,"wio":0,"wio_proxy":0,"wio_phone":0,"upload":0,"heap_kb":7695,"int_kb":45,"reason":"owner"}
{"type":"run_sample","seq":2461,"ts_ms":316189,"uptime_s":316,"session":"33e864-5422-18c5f22d","owner":1,"pending":1382,"enrich":0,"nets":7,"probes":176,"lora":0,"sg_mode":0,"sg_nodes":0,"wio":0,"wio_proxy":0,"wio_phone":0,"upload":0,"heap_kb":7686,"int_kb":42,"reason":"interval"}
{"type":"run_sample","seq":2462,"ts_ms":616193,"uptime_s":616,"session":"33e864-5422-18c5f22d","owner":1,"pending":1382,"enrich":0,"nets":7,"probes":329,"lora":0,"sg_mode":0,"sg_nodes":0,"wio":0,"wio_proxy":0,"wio_phone":0,"upload":0,"heap_kb":7685,"int_kb":41,"reason":"interval"}
{"type":"power_sample","seq":2463,"ts_ms":915174,"uptime_s":915,"mv":4531,"pct":100,"trend":3,"cap_mah":1100,"runtime_min":0,"source":"usb","state":"usb","charging":1,"owner":1,"reason":"interval"}
{"type":"run_sample","seq":2464,"ts_ms":916197,"uptime_s":916,"session":"33e864-5422-18c5f22d","owner":1,"pending":1382,"enrich":0,"nets":8,"probes":466,"lora":0,"sg_mode":0,"sg_nodes":0,"wio":0,"wio_proxy":0,"wio_phone":0,"upload":0,"heap_kb":7685,"int_kb":41,"reason":"interval"}
{"type":"run_sample","seq":2465,"ts_ms":1216199,"uptime_s":1216,"session":"33e864-5422-18c5f22d","owner":1,"pending":1382,"enrich":0,"nets":9,"probes":610,"lora":0,"sg_mode":0,"sg_nodes":0,"wio":0,"wio_proxy":0,"wio_phone":0,"upload":0,"heap_kb":7685,"int_kb":41,"reason":"interval"}
{"type":"run_sample","seq":2466,"ts_ms":1516203,"uptime_s":1516,"session":"33e864-5422-18c5f22d","owner":1,"pending":1382,"enrich":0,"nets":10,"probes":751,"lora":0,"sg_mode":0,"sg_nodes":0,"wio":0,"wio_proxy":0,"wio_phone":0,"upload":0,"heap_kb":7685,"int_kb":41,"reason":"interval"}
{"type":"power_sample","seq":2467,"ts_ms":1815176,"uptime_s":1815,"mv":4520,"pct":100,"trend":-1,"cap_mah":1100,"runtime_min":0,"source":"usb","state":"usb","charging":0,"owner":1,"reason":"interval"}
{"type":"run_sample","seq":2468,"ts_ms":1816208,"uptime_s":1816,"session":"33e864-5422-18c5f22d","owner":1,"pending":1382,"enrich":0,"nets":12,"probes":901,"lora":0,"sg_mode":0,"sg_nodes":0,"wio":0,"wio_proxy":0,"wio_phone":0,"upload":0,"heap_kb":7685,"int_kb":41,"reason":"interval"}
{"type":"run_sample","seq":2469,"ts_ms":2116214,"uptime_s":2116,"session":"33e864-5422-18c5f22d","owner":1,"pending":1382,"enrich":0,"nets":12,"probes":1039,"lora":0,"sg_mode":0,"sg_nodes":0,"wio":0,"wio_proxy":0,"wio_phone":0,"upload":0,"heap_kb":7685,"int_kb":41,"reason":"interval"}
{"type":"run_sample","seq":2470,"ts_ms":2416221,"uptime_s":2416,"session":"33e864-5422-18c5f22d","owner":1,"pending":1382,"enrich":0,"nets":14,"probes":1174,"lora":0,"sg_mode":0,"sg_nodes":0,"wio":0,"wio_proxy":0,"wio_phone":0,"upload":0,"heap_kb":7685,"int_kb":41,"reason":"interval"}
{"type":"power_sample","seq":2471,"ts_ms":2715185,"uptime_s":2715,"mv":4508,"pct":100,"trend":-1,"cap_mah":1100,"runtime_min":0,"source":"usb","state":"usb","charging":0,"owner":1,"reason":"interval"}
{"type":"run_sample","seq":2472,"ts_ms":2716221,"uptime_s":2716,"session":"33e864-5422-18c5f22d","owner":1,"pending":1382,"enrich":0,"nets":16,"probes":1300,"lora":0,"sg_mode":0,"sg_nodes":0,"wio":0,"wio_proxy":0,"wio_phone":0,"upload":0,"heap_kb":7685,"int_kb":41,"reason":"interval"}
{"type":"run_sample","seq":2473,"ts_ms":3016230,"uptime_s":3016,"session":"33e864-5422-18c5f22d","owner":1,"pending":1382,"enrich":0,"nets":17,"probes":1462,"lora":0,"sg_mode":0,"sg_nodes":0,"wio":0,"wio_proxy":0,"wio_phone":0,"upload":0,"heap_kb":7685,"int_kb":41,"reason":"interval"}
{"type":"run_sample","seq":2474,"ts_ms":3316230,"uptime_s":3316,"session":"33e864-5422-18c5f22d","owner":1,"pending":1382,"enrich":0,"nets":17,"probes":1607,"lora":0,"sg_mode":0,"sg_nodes":0,"wio":0,"wio_proxy":0,"wio_phone":0,"upload":0,"heap_kb":7685,"int_kb":41,"reason":"interval"}
{"type":"power_sample","seq":2475,"ts_ms":3615192,"uptime_s":3615,"mv":4505,"pct":100,"trend":0,"cap_mah":1100,"runtime_min":0,"source":"usb","state":"usb","charging":0,"owner":1,"reason":"interval"}
{"type":"run_sample","seq":2476,"ts_ms":3616236,"uptime_s":3616,"session":"33e864-5422-18c5f22d","owner":1,"pending":1382,"enrich":0,"nets":17,"probes":1744,"lora":0,"sg_mode":0,"sg_nodes":0,"wio":0,"wio_proxy":0,"wio_phone":0,"upload":0,"heap_kb":7685,"int_kb":41,"reason":"interval"}
{"type":"run_sample","seq":2477,"ts_ms":3916238,"uptime_s":3916,"session":"33e864-5422-18c5f22d","owner":1,"pending":1382,"enrich":0,"nets":17,"probes":1866,"lora":0,"sg_mode":0,"sg_nodes":0,"wio":0,"wio_proxy":0,"wio_phone":0,"upload":0,"heap_kb":7685,"int_kb":41,"reason":"interval"}
{"type":"run_sample","seq":2478,"ts_ms":4216245,"uptime_s":4216,"session":"33e864-5422-18c5f22d","owner":1,"pending":1382,"enrich":0,"nets":19,"probes":2028,"lora":0,"sg_mode":0,"sg_nodes":0,"wio":0,"wio_proxy":0,"wio_phone":0,"upload":0,"heap_kb":7685,"int_kb":41,"reason":"interval"}
{"type":"power_sample","seq":2479,"ts_ms":4515200,"uptime_s":4515,"mv":4503,"pct":100,"trend":0,"cap_mah":1100,"runtime_min":0,"source":"usb","state":"usb","charging":0,"owner":1,"reason":"interval"}
{"type":"run_sample","seq":2480,"ts_ms":4516248,"uptime_s":4516,"session":"33e864-5422-18c5f22d","owner":1,"pending":1382,"enrich":0,"nets":19,"probes":2159,"lora":0,"sg_mode":0,"sg_nodes":0,"wio":0,"wio_proxy":0,"wio_phone":0,"upload":0,"heap_kb":7685,"int_kb":41,"reason":"interval"}
{"type":"run_sample","seq":2481,"ts_ms":4816250,"uptime_s":4816,"session":"33e864-5422-18c5f22d","owner":1,"pending":1382,"enrich":0,"nets":19,"probes":2294,"lora":0,"sg_mode":0,"sg_nodes":0,"wio":0,"wio_proxy":0,"wio_phone":0,"upload":0,"heap_kb":7685,"int_kb":41,"reason":"interval"}
{"type":"run_sample","seq":2482,"ts_ms":5116254,"uptime_s":5116,"session":"33e864-5422-18c5f22d","owner":1,"pending":1382,"enrich":0,"nets":20,"probes":2439,"lora":0,"sg_mode":0,"sg_nodes":0,"wio":0,"wio_proxy":0,"wio_phone":0,"upload":0,"heap_kb":7685,"int_kb":41,"reason":"interval"}
{"type":"power_sample","seq":2483,"ts_ms":5415207,"uptime_s":5415,"mv":4470,"pct":100,"trend":-10,"cap_mah":1100,"runtime_min":0,"source":"usb","state":"usb","charging":0,"owner":1,"reason":"interval"}
{"type":"run_sample","seq":2484,"ts_ms":5416256,"uptime_s":5416,"session":"33e864-5422-18c5f22d","owner":1,"pending":1382,"enrich":0,"nets":21,"probes":2590,"lora":0,"sg_mode":0,"sg_nodes":0,"wio":0,"wio_proxy":0,"wio_phone":0,"upload":0,"heap_kb":7685,"int_kb":41,"reason":"interval"}
{"type":"run_sample","seq":2485,"ts_ms":5716256,"uptime_s":5716,"session":"33e864-5422-18c5f22d","owner":1,"pending":1382,"enrich":0,"nets":21,"probes":2743,"lora":0,"sg_mode":0,"sg_nodes":0,"wio":0,"wio_proxy":0,"wio_phone":0,"upload":0,"heap_kb":7685,"int_kb":41,"reason":"interval"}
{"type":"run_sample","seq":2486,"ts_ms":6016263,"uptime_s":6016,"session":"33e864-5422-18c5f22d","owner":1,"pending":1382,"enrich":0,"nets":22,"probes":2901,"lora":0,"sg_mode":0,"sg_nodes":0,"wio":0,"wio_proxy":0,"wio_phone":0,"upload":0,"heap_kb":7685,"int_kb":41,"reason":"interval"}
{"type":"power_sample","seq":2487,"ts_ms":6315209,"uptime_s":6315,"mv":4531,"pct":100,"trend":6,"cap_mah":1100,"runtime_min":0,"source":"usb","state":"usb","charging":1,"owner":1,"reason":"interval"}
{"type":"run_sample","seq":2488,"ts_ms":6316270,"uptime_s":6316,"session":"33e864-5422-18c5f22d","owner":1,"pending":1382,"enrich":0,"nets":23,"probes":3025,"lora":0,"sg_mode":0,"sg_nodes":0,"wio":0,"wio_proxy":0,"wio_phone":0,"upload":0,"heap_kb":7685,"int_kb":41,"reason":"interval"}
{"type":"run_sample","seq":2489,"ts_ms":6616278,"uptime_s":6616,"session":"33e864-5422-18c5f22d","owner":1,"pending":1382,"enrich":0,"nets":24,"probes":3191,"lora":0,"sg_mode":0,"sg_nodes":0,"wio":0,"wio_proxy":0,"wio_phone":0,"upload":0,"heap_kb":7685,"int_kb":41,"reason":"interval"}
{"type":"run_sample","seq":2490,"ts_ms":6916279,"uptime_s":6916,"session":"33e864-5422-18c5f22d","owner":1,"pending":1382,"enrich":0,"nets":24,"probes":3335,"lora":0,"sg_mode":0,"sg_nodes":0,"wio":0,"wio_proxy":0,"wio_phone":0,"upload":0,"heap_kb":7685,"int_kb":41,"reason":"interval"}
{"type":"power_sample","seq":2491,"ts_ms":7215215,"uptime_s":7215,"mv":4593,"pct":100,"trend":2,"cap_mah":1100,"runtime_min":0,"source":"usb","state":"usb","charging":0,"owner":1,"reason":"interval"}
{"type":"run_sample","seq":2492,"ts_ms":7216286,"uptime_s":7216,"session":"33e864-5422-18c5f22d","owner":1,"pending":1382,"enrich":0,"nets":25,"probes":3481,"lora":0,"sg_mode":0,"sg_nodes":0,"wio":0,"wio_proxy":0,"wio_phone":0,"upload":0,"heap_kb":7685,"int_kb":41,"reason":"interval"}
{"type":"run_sample","seq":2493,"ts_ms":7516293,"uptime_s":7516,"session":"33e864-5422-18c5f22d","owner":1,"pending":1382,"enrich":0,"nets":25,"probes":3629,"lora":0,"sg_mode":0,"sg_nodes":0,"wio":0,"wio_proxy":0,"wio_phone":0,"upload":0,"heap_kb":7685,"int_kb":41,"reason":"interval"}
{"type":"run_sample","seq":2494,"ts_ms":7816293,"uptime_s":7816,"session":"33e864-5422-18c5f22d","owner":1,"pending":1382,"enrich":0,"nets":27,"probes":3810,"lora":0,"sg_mode":0,"sg_nodes":0,"wio":0,"wio_proxy":0,"wio_phone":0,"upload":0,"heap_kb":7685,"int_kb":41,"reason":"interval"}
{"type":"power_sample","seq":2495,"ts_ms":8115224,"uptime_s":8115,"mv":4633,"pct":100,"trend":2,"cap_mah":1100,"runtime_min":0,"source":"usb","state":"usb","charging":0,"owner":1,"reason":"interval"}
{"type":"run_sample","seq":2496,"ts_ms":8116301,"uptime_s":8116,"session":"33e864-5422-18c5f22d","owner":1,"pending":1382,"enrich":0,"nets":28,"probes":3958,"lora":0,"sg_mode":0,"sg_nodes":0,"wio":0,"wio_proxy":0,"wio_phone":0,"upload":0,"heap_kb":7685,"int_kb":41,"reason":"interval"}
{"type":"run_sample","seq":2497,"ts_ms":8416302,"uptime_s":8416,"session":"33e864-5422-18c5f22d","owner":1,"pending":1382,"enrich":0,"nets":29,"probes":4107,"lora":0,"sg_mode":0,"sg_nodes":0,"wio":0,"wio_proxy":0,"wio_phone":0,"upload":0,"heap_kb":7685,"int_kb":41,"reason":"interval"}
{"type":"run_sample","seq":2498,"ts_ms":8716303,"uptime_s":8716,"session":"33e864-5422-18c5f22d","owner":1,"pending":1382,"enrich":0,"nets":29,"probes":4224,"lora":0,"sg_mode":0,"sg_nodes":0,"wio":0,"wio_proxy":0,"wio_phone":0,"upload":0,"heap_kb":7685,"int_kb":41,"reason":"interval"}
{"type":"power_sample","seq":2499,"ts_ms":9015225,"uptime_s":9015,"mv":4664,"pct":100,"trend":1,"cap_mah":1100,"runtime_min":0,"source":"usb","state":"usb","charging":0,"owner":1,"reason":"interval"}
{"type":"run_sample","seq":2500,"ts_ms":9016305,"uptime_s":9016,"session":"33e864-5422-18c5f22d","owner":1,"pending":1382,"enrich":0,"nets":32,"probes":4387,"lora":0,"sg_mode":0,"sg_nodes":0,"wio":0,"wio_proxy":0,"wio_phone":0,"upload":0,"heap_kb":7685,"int_kb":41,"reason":"interval"}
{"type":"run_sample","seq":2501,"ts_ms":9316310,"uptime_s":9316,"session":"33e864-5422-18c5f22d","owner":1,"pending":1382,"enrich":0,"nets":32,"probes":4537,"lora":0,"sg_mode":0,"sg_nodes":0,"wio":0,"wio_proxy":0,"wio_phone":0,"upload":0,"heap_kb":7685,"int_kb":41,"reason":"interval"}
{"type":"run_sample","seq":2502,"ts_ms":9616315,"uptime_s":9616,"session":"33e864-5422-18c5f22d","owner":1,"pending":1382,"enrich":0,"nets":32,"probes":4704,"lora":0,"sg_mode":0,"sg_nodes":0,"wio":0,"wio_proxy":0,"wio_phone":0,"upload":0,"heap_kb":7685,"int_kb":41,"reason":"interval"}
{"type":"power_sample","seq":2503,"ts_ms":9915227,"uptime_s":9915,"mv":4678,"pct":100,"trend":1,"cap_mah":1100,"runtime_min":0,"source":"usb","state":"usb","charging":0,"owner":1,"reason":"interval"}
{"type":"run_sample","seq":2504,"ts_ms":9916322,"uptime_s":9916,"session":"33e864-5422-18c5f22d","owner":1,"pending":1382,"enrich":0,"nets":32,"probes":4821,"lora":0,"sg_mode":0,"sg_nodes":0,"wio":0,"wio_proxy":0,"wio_phone":0,"upload":0,"heap_kb":7685,"int_kb":41,"reason":"interval"}
{"type":"run_sample","seq":2505,"ts_ms":10216326,"uptime_s":10216,"session":"33e864-5422-18c5f22d","owner":1,"pending":1382,"enrich":0,"nets":34,"probes":4966,"lora":0,"sg_mode":0,"sg_nodes":0,"wio":0,"wio_proxy":0,"wio_phone":0,"upload":0,"heap_kb":7685,"int_kb":41,"reason":"interval"}
{"type":"run_sample","seq":2506,"ts_ms":10516333,"uptime_s":10516,"session":"33e864-5422-18c5f22d","owner":1,"pending":1382,"enrich":0,"nets":36,"probes":5081,"lora":0,"sg_mode":0,"sg_nodes":0,"wio":0,"wio_proxy":0,"wio_phone":0,"upload":0,"heap_kb":7685,"int_kb":41,"reason":"interval"}
{"type":"power_sample","seq":2507,"ts_ms":10815228,"uptime_s":10815,"mv":4739,"pct":100,"trend":0,"cap_mah":1100,"runtime_min":0,"source":"usb","state":"usb","charging":0,"owner":1,"reason":"interval"}
{"type":"run_sample","seq":2508,"ts_ms":10816342,"uptime_s":10816,"session":"33e864-5422-18c5f22d","owner":1,"pending":1382,"enrich":0,"nets":36,"probes":5192,"lora":0,"sg_mode":0,"sg_nodes":0,"wio":0,"wio_proxy":0,"wio_phone":0,"upload":0,"heap_kb":7685,"int_kb":41,"reason":"interval"}
{"type":"run_sample","seq":2509,"ts_ms":11116347,"uptime_s":11116,"session":"33e864-5422-18c5f22d","owner":1,"pending":1382,"enrich":0,"nets":36,"probes":5307,"lora":0,"sg_mode":0,"sg_nodes":0,"wio":0,"wio_proxy":0,"wio_phone":0,"upload":0,"heap_kb":7685,"int_kb":41,"reason":"interval"}
{"type":"run_sample","seq":2510,"ts_ms":11416347,"uptime_s":11416,"session":"33e864-5422-18c5f22d","owner":1,"pending":1382,"enrich":0,"nets":38,"probes":5438,"lora":0,"sg_mode":0,"sg_nodes":0,"wio":0,"wio_proxy":0,"wio_phone":0,"upload":0,"heap_kb":7685,"int_kb":41,"reason":"interval"}
{"type":"power_sample","seq":2511,"ts_ms":11715235,"uptime_s":11715,"mv":4738,"pct":100,"trend":0,"cap_mah":1100,"runtime_min":0,"source":"usb","state":"usb","charging":0,"owner":1,"reason":"interval"}
{"type":"run_sample","seq":2512,"ts_ms":11716355,"uptime_s":11716,"session":"33e864-5422-18c5f22d","owner":1,"pending":1382,"enrich":0,"nets":39,"probes":5567,"lora":0,"sg_mode":0,"sg_nodes":0,"wio":0,"wio_proxy":0,"wio_phone":0,"upload":0,"heap_kb":7685,"int_kb":41,"reason":"interval"}
{"type":"run_sample","seq":2513,"ts_ms":12016356,"uptime_s":12016,"session":"33e864-5422-18c5f22d","owner":1,"pending":1382,"enrich":0,"nets":41,"probes":5691,"lora":0,"sg_mode":0,"sg_nodes":0,"wio":0,"wio_proxy":0,"wio_phone":0,"upload":0,"heap_kb":7685,"int_kb":41,"reason":"interval"}
{"type":"run_sample","seq":2514,"ts_ms":12316359,"uptime_s":12316,"session":"33e864-5422-18c5f22d","owner":1,"pending":1382,"enrich":0,"nets":41,"probes":5812,"lora":0,"sg_mode":0,"sg_nodes":0,"wio":0,"wio_proxy":0,"wio_phone":0,"upload":0,"heap_kb":7685,"int_kb":41,"reason":"interval"}
{"type":"power_sample","seq":2515,"ts_ms":12615240,"uptime_s":12615,"mv":4738,"pct":100,"trend":0,"cap_mah":1100,"runtime_min":0,"source":"usb","state":"usb","charging":0,"owner":1,"reason":"interval"}
{"type":"run_sample","seq":2516,"ts_ms":12616366,"uptime_s":12616,"session":"33e864-5422-18c5f22d","owner":1,"pending":1382,"enrich":0,"nets":42,"probes":6023,"lora":0,"sg_mode":0,"sg_nodes":0,"wio":0,"wio_proxy":0,"wio_phone":0,"upload":0,"heap_kb":7685,"int_kb":41,"reason":"interval"}
{"type":"run_sample","seq":2517,"ts_ms":12916366,"uptime_s":12916,"session":"33e864-5422-18c5f22d","owner":1,"pending":1382,"enrich":0,"nets":43,"probes":6140,"lora":0,"sg_mode":0,"sg_nodes":0,"wio":0,"wio_proxy":0,"wio_phone":0,"upload":0,"heap_kb":7685,"int_kb":41,"reason":"interval"}
{"type":"run_sample","seq":2518,"ts_ms":13216372,"uptime_s":13216,"session":"33e864-5422-18c5f22d","owner":1,"pending":1382,"enrich":0,"nets":43,"probes":6257,"lora":0,"sg_mode":0,"sg_nodes":0,"wio":0,"wio_proxy":0,"wio_phone":0,"upload":0,"heap_kb":7685,"int_kb":41,"reason":"interval"}
{"type":"power_sample","seq":2519,"ts_ms":13515245,"uptime_s":13515,"mv":4739,"pct":100,"trend":1,"cap_mah":1100,"runtime_min":0,"source":"usb","state":"usb","charging":0,"owner":1,"reason":"interval"}
{"type":"run_sample","seq":2520,"ts_ms":13516380,"uptime_s":13516,"session":"33e864-5422-18c5f22d","owner":1,"pending":1382,"enrich":0,"nets":44,"probes":6414,"lora":0,"sg_mode":0,"sg_nodes":0,"wio":0,"wio_proxy":0,"wio_phone":0,"upload":0,"heap_kb":7685,"int_kb":41,"reason":"interval"}
{"type":"run_sample","seq":2521,"ts_ms":13816385,"uptime_s":13816,"session":"33e864-5422-18c5f22d","owner":1,"pending":1382,"enrich":0,"nets":45,"probes":6560,"lora":0,"sg_mode":0,"sg_nodes":0,"wio":0,"wio_proxy":0,"wio_phone":0,"upload":0,"heap_kb":7685,"int_kb":41,"reason":"interval"}
{"type":"run_sample","seq":2522,"ts_ms":14116390,"uptime_s":14116,"session":"33e864-5422-18c5f22d","owner":1,"pending":1382,"enrich":0,"nets":45,"probes":6682,"lora":0,"sg_mode":0,"sg_nodes":0,"wio":0,"wio_proxy":0,"wio_phone":0,"upload":0,"heap_kb":7685,"int_kb":41,"reason":"interval"}
{"type":"power_sample","seq":2523,"ts_ms":14415252,"uptime_s":14415,"mv":4739,"pct":100,"trend":-1,"cap_mah":1100,"runtime_min":0,"source":"usb","state":"usb","charging":0,"owner":1,"reason":"interval"}
{"type":"run_sample","seq":2524,"ts_ms":14416400,"uptime_s":14416,"session":"33e864-5422-18c5f22d","owner":1,"pending":1382,"enrich":0,"nets":45,"probes":6795,"lora":0,"sg_mode":0,"sg_nodes":0,"wio":0,"wio_proxy":0,"wio_phone":0,"upload":0,"heap_kb":7685,"int_kb":41,"reason":"interval"}
{"type":"run_sample","seq":2525,"ts_ms":14716404,"uptime_s":14716,"session":"33e864-5422-18c5f22d","owner":1,"pending":1382,"enrich":0,"nets":46,"probes":6899,"lora":0,"sg_mode":0,"sg_nodes":0,"wio":0,"wio_proxy":0,"wio_phone":0,"upload":0,"heap_kb":7685,"int_kb":41,"reason":"interval"}
{"type":"run_sample","seq":2526,"ts_ms":15016411,"uptime_s":15016,"session":"33e864-5422-18c5f22d","owner":1,"pending":1382,"enrich":0,"nets":46,"probes":7048,"lora":0,"sg_mode":0,"sg_nodes":0,"wio":0,"wio_proxy":0,"wio_phone":0,"upload":0,"heap_kb":7685,"int_kb":41,"reason":"interval"}
{"type":"power_sample","seq":2527,"ts_ms":15315257,"uptime_s":15315,"mv":4741,"pct":100,"trend":1,"cap_mah":1100,"runtime_min":0,"source":"usb","state":"usb","charging":0,"owner":1,"reason":"interval"}
{"type":"run_sample","seq":2528,"ts_ms":15316420,"uptime_s":15316,"session":"33e864-5422-18c5f22d","owner":1,"pending":1382,"enrich":0,"nets":46,"probes":7170,"lora":0,"sg_mode":0,"sg_nodes":0,"wio":0,"wio_proxy":0,"wio_phone":0,"upload":0,"heap_kb":7685,"int_kb":41,"reason":"interval"}
{"type":"run_sample","seq":2529,"ts_ms":15616427,"uptime_s":15616,"session":"33e864-5422-18c5f22d","owner":1,"pending":1382,"enrich":0,"nets":46,"probes":7293,"lora":0,"sg_mode":0,"sg_nodes":0,"wio":0,"wio_proxy":0,"wio_phone":0,"upload":0,"heap_kb":7685,"int_kb":41,"reason":"interval"}
{"type":"run_sample","seq":2530,"ts_ms":15916432,"uptime_s":15916,"session":"33e864-5422-18c5f22d","owner":1,"pending":1382,"enrich":0,"nets":47,"probes":7383,"lora":0,"sg_mode":0,"sg_nodes":0,"wio":0,"wio_proxy":0,"wio_phone":0,"upload":0,"heap_kb":7685,"int_kb":41,"reason":"interval"}
{"type":"power_sample","seq":2531,"ts_ms":16215263,"uptime_s":16215,"mv":4743,"pct":100,"trend":0,"cap_mah":1100,"runtime_min":0,"source":"usb","state":"usb","charging":0,"owner":1,"reason":"interval"}
{"type":"run_sample","seq":2532,"ts_ms":16216441,"uptime_s":16216,"session":"33e864-5422-18c5f22d","owner":1,"pending":1382,"enrich":0,"nets":48,"probes":7533,"lora":0,"sg_mode":0,"sg_nodes":0,"wio":0,"wio_proxy":0,"wio_phone":0,"upload":0,"heap_kb":7685,"int_kb":41,"reason":"interval"}
{"type":"run_sample","seq":2533,"ts_ms":16516450,"uptime_s":16516,"session":"33e864-5422-18c5f22d","owner":1,"pending":1382,"enrich":0,"nets":48,"probes":7637,"lora":0,"sg_mode":0,"sg_nodes":0,"wio":0,"wio_proxy":0,"wio_phone":0,"upload":0,"heap_kb":7685,"int_kb":41,"reason":"interval"}
{"type":"run_sample","seq":2534,"ts_ms":16816453,"uptime_s":16816,"session":"33e864-5422-18c5f22d","owner":1,"pending":1382,"enrich":0,"nets":49,"probes":7729,"lora":0,"sg_mode":0,"sg_nodes":0,"wio":0,"wio_proxy":0,"wio_phone":0,"upload":0,"heap_kb":7685,"int_kb":41,"reason":"interval"}
{"type":"power_sample","seq":2535,"ts_ms":17115271,"uptime_s":17115,"mv":4743,"pct":100,"trend":0,"cap_mah":1100,"runtime_min":0,"source":"usb","state":"usb","charging":0,"owner":1,"reason":"interval"}
{"type":"run_sample","seq":2536,"ts_ms":17116458,"uptime_s":17116,"session":"33e864-5422-18c5f22d","owner":1,"pending":1382,"enrich":0,"nets":49,"probes":7820,"lora":0,"sg_mode":0,"sg_nodes":0,"wio":0,"wio_proxy":0,"wio_phone":0,"upload":0,"heap_kb":7685,"int_kb":41,"reason":"interval"}
{"type":"run_sample","seq":2537,"ts_ms":17416464,"uptime_s":17416,"session":"33e864-5422-18c5f22d","owner":1,"pending":1382,"enrich":0,"nets":52,"probes":7919,"lora":0,"sg_mode":0,"sg_nodes":0,"wio":0,"wio_proxy":0,"wio_phone":0,"upload":0,"heap_kb":7685,"int_kb":41,"reason":"interval"}
{"type":"run_sample","seq":2538,"ts_ms":17716467,"uptime_s":17716,"session":"33e864-5422-18c5f22d","owner":1,"pending":1382,"enrich":0,"nets":52,"probes":8025,"lora":0,"sg_mode":0,"sg_nodes":0,"wio":0,"wio_proxy":0,"wio_phone":0,"upload":0,"heap_kb":7685,"int_kb":41,"reason":"interval"}
{"type":"power_sample","seq":2539,"ts_ms":18015275,"uptime_s":18015,"mv":4743,"pct":100,"trend":0,"cap_mah":1100,"runtime_min":0,"source":"usb","state":"usb","charging":0,"owner":1,"reason":"interval"}
{"type":"run_sample","seq":2540,"ts_ms":18016473,"uptime_s":18016,"session":"33e864-5422-18c5f22d","owner":1,"pending":1382,"enrich":0,"nets":52,"probes":8104,"lora":0,"sg_mode":0,"sg_nodes":0,"wio":0,"wio_proxy":0,"wio_phone":0,"upload":0,"heap_kb":7685,"int_kb":41,"reason":"interval"}
{"type":"run_sample","seq":2541,"ts_ms":18316480,"uptime_s":18316,"session":"33e864-5422-18c5f22d","owner":1,"pending":1382,"enrich":0,"nets":53,"probes":8225,"lora":0,"sg_mode":0,"sg_nodes":0,"wio":0,"wio_proxy":0,"wio_phone":0,"upload":0,"heap_kb":7685,"int_kb":41,"reason":"interval"}
{"type":"run_sample","seq":2542,"ts_ms":18616486,"uptime_s":18616,"session":"33e864-5422-18c5f22d","owner":1,"pending":1382,"enrich":0,"nets":55,"probes":8343,"lora":0,"sg_mode":0,"sg_nodes":0,"wio":0,"wio_proxy":0,"wio_phone":0,"upload":0,"heap_kb":7685,"int_kb":41,"reason":"interval"}
{"type":"power_sample","seq":2543,"ts_ms":18915281,"uptime_s":18915,"mv":4744,"pct":100,"trend":0,"cap_mah":1100,"runtime_min":0,"source":"usb","state":"usb","charging":0,"owner":1,"reason":"interval"}
{"type":"run_sample","seq":2544,"ts_ms":18916486,"uptime_s":18916,"session":"33e864-5422-18c5f22d","owner":1,"pending":1382,"enrich":0,"nets":56,"probes":8479,"lora":0,"sg_mode":0,"sg_nodes":0,"wio":0,"wio_proxy":0,"wio_phone":0,"upload":0,"heap_kb":7685,"int_kb":41,"reason":"interval"}
{"type":"run_sample","seq":2545,"ts_ms":19216488,"uptime_s":19216,"session":"33e864-5422-18c5f22d","owner":1,"pending":1382,"enrich":0,"nets":58,"probes":8588,"lora":0,"sg_mode":0,"sg_nodes":0,"wio":0,"wio_proxy":0,"wio_phone":0,"upload":0,"heap_kb":7685,"int_kb":41,"reason":"interval"}
{"type":"run_sample","seq":2546,"ts_ms":19516492,"uptime_s":19516,"session":"33e864-5422-18c5f22d","owner":1,"pending":1382,"enrich":0,"nets":59,"probes":8706,"lora":0,"sg_mode":0,"sg_nodes":0,"wio":0,"wio_proxy":0,"wio_phone":0,"upload":0,"heap_kb":7685,"int_kb":41,"reason":"interval"}
{"type":"power_sample","seq":2547,"ts_ms":19815286,"uptime_s":19815,"mv":4745,"pct":100,"trend":0,"cap_mah":1100,"runtime_min":0,"source":"usb","state":"usb","charging":0,"owner":1,"reason":"interval"}
{"type":"run_sample","seq":2548,"ts_ms":19816497,"uptime_s":19816,"session":"33e864-5422-18c5f22d","owner":1,"pending":1382,"enrich":0,"nets":61,"probes":8867,"lora":0,"sg_mode":0,"sg_nodes":0,"wio":0,"wio_proxy":0,"wio_phone":0,"upload":0,"heap_kb":7685,"int_kb":41,"reason":"interval"}
{"type":"run_sample","seq":2549,"ts_ms":20116500,"uptime_s":20116,"session":"33e864-5422-18c5f22d","owner":1,"pending":1382,"enrich":0,"nets":62,"probes":9006,"lora":0,"sg_mode":0,"sg_nodes":0,"wio":0,"wio_proxy":0,"wio_phone":0,"upload":0,"heap_kb":7685,"int_kb":41,"reason":"interval"}
{"type":"run_sample","seq":2550,"ts_ms":20416505,"uptime_s":20416,"session":"33e864-5422-18c5f22d","owner":1,"pending":1382,"enrich":0,"nets":64,"probes":9896,"lora":0,"sg_mode":0,"sg_nodes":0,"wio":0,"wio_proxy":0,"wio_phone":0,"upload":0,"heap_kb":7685,"int_kb":41,"reason":"interval"}
{"type":"power_sample","seq":2551,"ts_ms":20715288,"uptime_s":20715,"mv":4743,"pct":100,"trend":0,"cap_mah":1100,"runtime_min":0,"source":"usb","state":"usb","charging":0,"owner":1,"reason":"interval"}
{"type":"run_sample","seq":2552,"ts_ms":20716510,"uptime_s":20716,"session":"33e864-5422-18c5f22d","owner":1,"pending":1382,"enrich":0,"nets":65,"probes":9998,"lora":0,"sg_mode":0,"sg_nodes":0,"wio":0,"wio_proxy":0,"wio_phone":0,"upload":0,"heap_kb":7685,"int_kb":41,"reason":"interval"}
{"type":"run_sample","seq":2553,"ts_ms":21016513,"uptime_s":21016,"session":"33e864-5422-18c5f22d","owner":1,"pending":1382,"enrich":0,"nets":66,"probes":10147,"lora":0,"sg_mode":0,"sg_nodes":0,"wio":0,"wio_proxy":0,"wio_phone":0,"upload":0,"heap_kb":7685,"int_kb":41,"reason":"interval"}
{"type":"run_sample","seq":2554,"ts_ms":21316515,"uptime_s":21316,"session":"33e864-5422-18c5f22d","owner":1,"pending":1382,"enrich":0,"nets":66,"probes":10252,"lora":0,"sg_mode":0,"sg_nodes":0,"wio":0,"wio_proxy":0,"wio_phone":0,"upload":0,"heap_kb":7685,"int_kb":41,"reason":"interval"}
{"type":"power_sample","seq":2555,"ts_ms":21317890,"uptime_s":21317,"mv":4067,"pct":92,"trend":-226,"cap_mah":1100,"runtime_min":189,"source":"battery","state":"battery_normal","charging":0,"owner":1,"reason":"source"}
{"type":"run_sample","seq":2556,"ts_ms":21616520,"uptime_s":21616,"session":"33e864-5422-18c5f22d","owner":1,"pending":1382,"enrich":0,"nets":67,"probes":10354,"lora":0,"sg_mode":0,"sg_nodes":0,"wio":0,"wio_proxy":0,"wio_phone":0,"upload":0,"heap_kb":7685,"int_kb":41,"reason":"interval"}
{"type":"run_sample","seq":2557,"ts_ms":21916525,"uptime_s":21916,"session":"33e864-5422-18c5f22d","owner":1,"pending":1382,"enrich":0,"nets":67,"probes":10469,"lora":0,"sg_mode":0,"sg_nodes":0,"wio":0,"wio_proxy":0,"wio_phone":0,"upload":0,"heap_kb":7685,"int_kb":41,"reason":"interval"}
{"type":"run_sample","seq":2558,"ts_ms":22216533,"uptime_s":22216,"session":"33e864-5422-18c5f22d","owner":1,"pending":1382,"enrich":0,"nets":70,"probes":10637,"lora":0,"sg_mode":0,"sg_nodes":0,"wio":0,"wio_proxy":0,"wio_phone":0,"upload":0,"heap_kb":7685,"int_kb":41,"reason":"interval"}
{"type":"power_sample","seq":2559,"ts_ms":22217887,"uptime_s":22217,"mv":4611,"pct":100,"trend":199,"cap_mah":1100,"runtime_min":206,"source":"battery","state":"battery_normal","charging":0,"owner":1,"reason":"interval"}
{"type":"power_sample","seq":2560,"ts_ms":22222672,"uptime_s":22222,"mv":4611,"pct":100,"trend":199,"cap_mah":1100,"runtime_min":0,"source":"usb","state":"usb","charging":1,"owner":1,"reason":"source"}
{"type":"run_sample","seq":2561,"ts_ms":22516539,"uptime_s":22516,"session":"33e864-5422-18c5f22d","owner":1,"pending":1382,"enrich":0,"nets":70,"probes":10775,"lora":0,"sg_mode":0,"sg_nodes":0,"wio":0,"wio_proxy":0,"wio_phone":0,"upload":0,"heap_kb":7685,"int_kb":41,"reason":"interval"}
{"type":"run_sample","seq":2562,"ts_ms":22816541,"uptime_s":22816,"session":"33e864-5422-18c5f22d","owner":1,"pending":1382,"enrich":0,"nets":70,"probes":10920,"lora":0,"sg_mode":0,"sg_nodes":0,"wio":0,"wio_proxy":0,"wio_phone":0,"upload":0,"heap_kb":7685,"int_kb":41,"reason":"interval"}
{"type":"run_sample","seq":2563,"ts_ms":23116546,"uptime_s":23116,"session":"33e864-5422-18c5f22d","owner":1,"pending":1382,"enrich":0,"nets":72,"probes":11049,"lora":0,"sg_mode":0,"sg_nodes":0,"wio":0,"wio_proxy":0,"wio_phone":0,"upload":0,"heap_kb":7685,"int_kb":41,"reason":"interval"}
{"type":"power_sample","seq":2564,"ts_ms":23122678,"uptime_s":23122,"mv":4691,"pct":100,"trend":9,"cap_mah":1100,"runtime_min":0,"source":"usb","state":"usb","charging":1,"owner":1,"reason":"interval"}
{"type":"run_sample","seq":2565,"ts_ms":23194256,"uptime_s":23191,"session":"33e864-5422-18c5f22d","owner":1,"pending":1572,"enrich":1575,"nets":72,"probes":11107,"lora":0,"sg_mode":0,"sg_nodes":0,"wio":0,"wio_proxy":0,"wio_phone":0,"upload":0,"heap_kb":7685,"int_kb":41,"reason":"pending"}
{"type":"power_sample","seq":2566,"ts_ms":16037,"uptime_s":0,"mv":3968,"pct":77,"trend":0,"cap_mah":1100,"runtime_min":159,"source":"battery","state":"battery_normal","charging":0,"owner":5,"reason":"boot"}
[FIELD] --- end backup lines=247 ---
[FIELD] --- live path=/config/vault/field/field.jsonl bytes=28191 ---
{"type":"run_sample","seq":2567,"ts_ms":16265,"uptime_s":0,"session":"33e864-5541-cc21fb83","owner":5,"pending":1382,"enrich":0,"nets":0,"probes":0,"lora":0,"sg_mode":0,"sg_nodes":0,"wio":0,"wio_proxy":0,"wio_phone":0,"upload":0,"heap_kb":7730,"int_kb":75,"reason":"boot"}
{"type":"run_sample","seq":2568,"ts_ms":16586,"uptime_s":16,"session":"33e864-5541-cc21fb83","owner":1,"pending":1382,"enrich":0,"nets":0,"probes":0,"lora":0,"sg_mode":0,"sg_nodes":0,"wio":0,"wio_proxy":0,"wio_phone":0,"upload":0,"heap_kb":7695,"int_kb":45,"reason":"owner"}
{"type":"power_sample","seq":2569,"ts_ms":71995,"uptime_s":71,"mv":4579,"pct":100,"trend":400,"cap_mah":1100,"runtime_min":0,"source":"usb","state":"usb","charging":1,"owner":1,"reason":"source"}
{"type":"run_sample","seq":2570,"ts_ms":316588,"uptime_s":316,"session":"33e864-5541-cc21fb83","owner":1,"pending":1382,"enrich":0,"nets":6,"probes":171,"lora":0,"sg_mode":0,"sg_nodes":0,"wio":0,"wio_proxy":0,"wio_phone":0,"upload":0,"heap_kb":7686,"int_kb":42,"reason":"interval"}
{"type":"run_sample","seq":2571,"ts_ms":616591,"uptime_s":616,"session":"33e864-5541-cc21fb83","owner":1,"pending":1382,"enrich":0,"nets":6,"probes":357,"lora":0,"sg_mode":0,"sg_nodes":0,"wio":0,"wio_proxy":0,"wio_phone":0,"upload":0,"heap_kb":7686,"int_kb":42,"reason":"interval"}
{"type":"run_sample","seq":2572,"ts_ms":916600,"uptime_s":916,"session":"33e864-5541-cc21fb83","owner":1,"pending":1382,"enrich":0,"nets":8,"probes":563,"lora":0,"sg_mode":0,"sg_nodes":0,"wio":0,"wio_proxy":0,"wio_phone":0,"upload":0,"heap_kb":7686,"int_kb":42,"reason":"interval"}
{"type":"power_sample","seq":2573,"ts_ms":971999,"uptime_s":971,"mv":4663,"pct":100,"trend":5,"cap_mah":1100,"runtime_min":0,"source":"usb","state":"usb","charging":1,"owner":1,"reason":"interval"}
{"type":"run_sample","seq":2574,"ts_ms":1216600,"uptime_s":1216,"session":"33e864-5541-cc21fb83","owner":1,"pending":1382,"enrich":0,"nets":8,"probes":755,"lora":0,"sg_mode":0,"sg_nodes":0,"wio":0,"wio_proxy":0,"wio_phone":0,"upload":0,"heap_kb":7686,"int_kb":42,"reason":"interval"}
{"type":"run_sample","seq":2575,"ts_ms":1516607,"uptime_s":1516,"session":"33e864-5541-cc21fb83","owner":1,"pending":1382,"enrich":0,"nets":8,"probes":944,"lora":0,"sg_mode":0,"sg_nodes":0,"wio":0,"wio_proxy":0,"wio_phone":0,"upload":0,"heap_kb":7686,"int_kb":42,"reason":"interval"}
{"type":"run_sample","seq":2576,"ts_ms":1816609,"uptime_s":1816,"session":"33e864-5541-cc21fb83","owner":1,"pending":1382,"enrich":0,"nets":9,"probes":1139,"lora":0,"sg_mode":0,"sg_nodes":0,"wio":0,"wio_proxy":0,"wio_phone":0,"upload":0,"heap_kb":7686,"int_kb":42,"reason":"interval"}
{"type":"power_sample","seq":2577,"ts_ms":1871999,"uptime_s":1871,"mv":4686,"pct":100,"trend":1,"cap_mah":1100,"runtime_min":0,"source":"usb","state":"usb","charging":0,"owner":1,"reason":"interval"}
{"type":"run_sample","seq":2578,"ts_ms":2116611,"uptime_s":2116,"session":"33e864-5541-cc21fb83","owner":1,"pending":1382,"enrich":0,"nets":10,"probes":1352,"lora":0,"sg_mode":0,"sg_nodes":0,"wio":0,"wio_proxy":0,"wio_phone":0,"upload":0,"heap_kb":7686,"int_kb":42,"reason":"interval"}
{"type":"run_sample","seq":2579,"ts_ms":2416615,"uptime_s":2416,"session":"33e864-5541-cc21fb83","owner":1,"pending":1382,"enrich":0,"nets":10,"probes":1541,"lora":0,"sg_mode":0,"sg_nodes":0,"wio":0,"wio_proxy":0,"wio_phone":0,"upload":0,"heap_kb":7686,"int_kb":42,"reason":"interval"}
{"type":"run_sample","seq":2580,"ts_ms":2716619,"uptime_s":2716,"session":"33e864-5541-cc21fb83","owner":1,"pending":1382,"enrich":0,"nets":10,"probes":1740,"lora":0,"sg_mode":0,"sg_nodes":0,"wio":0,"wio_proxy":0,"wio_phone":0,"upload":0,"heap_kb":7686,"int_kb":42,"reason":"interval"}
{"type":"power_sample","seq":2581,"ts_ms":2772005,"uptime_s":2771,"mv":4762,"pct":100,"trend":13,"cap_mah":1100,"runtime_min":0,"source":"usb","state":"usb","charging":1,"owner":1,"reason":"interval"}
{"type":"run_sample","seq":2582,"ts_ms":3016619,"uptime_s":3016,"session":"33e864-5541-cc21fb83","owner":1,"pending":1382,"enrich":0,"nets":10,"probes":1938,"lora":0,"sg_mode":0,"sg_nodes":0,"wio":0,"wio_proxy":0,"wio_phone":0,"upload":0,"heap_kb":7686,"int_kb":42,"reason":"interval"}
{"type":"run_sample","seq":2583,"ts_ms":3316625,"uptime_s":3316,"session":"33e864-5541-cc21fb83","owner":1,"pending":1382,"enrich":0,"nets":12,"probes":2132,"lora":0,"sg_mode":0,"sg_nodes":0,"wio":0,"wio_proxy":0,"wio_phone":0,"upload":0,"heap_kb":7685,"int_kb":41,"reason":"interval"}
{"type":"run_sample","seq":2584,"ts_ms":3616626,"uptime_s":3616,"session":"33e864-5541-cc21fb83","owner":1,"pending":1382,"enrich":0,"nets":13,"probes":2317,"lora":0,"sg_mode":0,"sg_nodes":0,"wio":0,"wio_proxy":0,"wio_phone":0,"upload":0,"heap_kb":7685,"int_kb":41,"reason":"interval"}
{"type":"power_sample","seq":2585,"ts_ms":3672009,"uptime_s":3671,"mv":4761,"pct":100,"trend":0,"cap_mah":1100,"runtime_min":0,"source":"usb","state":"usb","charging":0,"owner":1,"reason":"interval"}
{"type":"run_sample","seq":2586,"ts_ms":3916635,"uptime_s":3916,"session":"33e864-5541-cc21fb83","owner":1,"pending":1382,"enrich":0,"nets":13,"probes":2492,"lora":0,"sg_mode":0,"sg_nodes":0,"wio":0,"wio_proxy":0,"wio_phone":0,"upload":0,"heap_kb":7685,"int_kb":41,"reason":"interval"}
{"type":"run_sample","seq":2587,"ts_ms":4216640,"uptime_s":4216,"session":"33e864-5541-cc21fb83","owner":1,"pending":1382,"enrich":0,"nets":13,"probes":2676,"lora":0,"sg_mode":0,"sg_nodes":0,"wio":0,"wio_proxy":0,"wio_phone":0,"upload":0,"heap_kb":7685,"int_kb":41,"reason":"interval"}
{"type":"run_sample","seq":2588,"ts_ms":4516649,"uptime_s":4516,"session":"33e864-5541-cc21fb83","owner":1,"pending":1382,"enrich":0,"nets":16,"probes":2901,"lora":0,"sg_mode":0,"sg_nodes":0,"wio":0,"wio_proxy":0,"wio_phone":0,"upload":0,"heap_kb":7685,"int_kb":41,"reason":"interval"}
{"type":"power_sample","seq":2589,"ts_ms":4572015,"uptime_s":4572,"mv":4759,"pct":100,"trend":0,"cap_mah":1100,"runtime_min":0,"source":"usb","state":"usb","charging":0,"owner":1,"reason":"interval"}
{"type":"run_sample","seq":2590,"ts_ms":4816654,"uptime_s":4816,"session":"33e864-5541-cc21fb83","owner":1,"pending":1382,"enrich":0,"nets":16,"probes":3074,"lora":0,"sg_mode":0,"sg_nodes":0,"wio":0,"wio_proxy":0,"wio_phone":0,"upload":0,"heap_kb":7685,"int_kb":41,"reason":"interval"}
{"type":"run_sample","seq":2591,"ts_ms":5116660,"uptime_s":5116,"session":"33e864-5541-cc21fb83","owner":1,"pending":1382,"enrich":0,"nets":16,"probes":3265,"lora":0,"sg_mode":0,"sg_nodes":0,"wio":0,"wio_proxy":0,"wio_phone":0,"upload":0,"heap_kb":7685,"int_kb":41,"reason":"interval"}
{"type":"run_sample","seq":2592,"ts_ms":5280477,"uptime_s":5280,"session":"33e864-5541-cc21fb83","owner":1,"pending":1431,"enrich":0,"nets":16,"probes":3354,"lora":0,"sg_mode":0,"sg_nodes":0,"wio":0,"wio_proxy":0,"wio_phone":0,"upload":0,"heap_kb":7685,"int_kb":41,"reason":"pending"}
{"type":"power_sample","seq":2593,"ts_ms":5921,"uptime_s":0,"mv":4082,"pct":93,"trend":0,"cap_mah":1100,"runtime_min":192,"source":"battery","state":"battery_normal","charging":0,"owner":5,"reason":"boot"}
{"type":"run_sample","seq":2594,"ts_ms":6097,"uptime_s":0,"session":"33e864-5580-99115ac0","owner":5,"pending":1382,"enrich":0,"nets":0,"probes":0,"lora":0,"sg_mode":0,"sg_nodes":0,"wio":0,"wio_proxy":0,"wio_phone":0,"upload":0,"heap_kb":7797,"int_kb":93,"reason":"boot"}
{"type":"run_sample","seq":2595,"ts_ms":6483,"uptime_s":6,"session":"33e864-5580-99115ac0","owner":1,"pending":1382,"enrich":0,"nets":0,"probes":0,"lora":0,"sg_mode":0,"sg_nodes":0,"wio":0,"wio_proxy":0,"wio_phone":0,"upload":0,"heap_kb":7745,"int_kb":46,"reason":"owner"}
{"type":"power_sample","seq":2596,"ts_ms":15458,"uptime_s":0,"mv":4042,"pct":89,"trend":0,"cap_mah":1100,"runtime_min":184,"source":"battery","state":"battery_normal","charging":0,"owner":5,"reason":"boot"}
{"type":"run_sample","seq":2597,"ts_ms":15618,"uptime_s":0,"session":"33e864-5475-b22d6518","owner":5,"pending":1382,"enrich":0,"nets":0,"probes":0,"lora":0,"sg_mode":0,"sg_nodes":0,"wio":0,"wio_proxy":0,"wio_phone":0,"upload":0,"heap_kb":7729,"int_kb":75,"reason":"boot"}
{"type":"run_sample","seq":2598,"ts_ms":15958,"uptime_s":15,"session":"33e864-5475-b22d6518","owner":1,"pending":1382,"enrich":0,"nets":0,"probes":0,"lora":0,"sg_mode":0,"sg_nodes":0,"wio":0,"wio_proxy":0,"wio_phone":0,"upload":0,"heap_kb":7695,"int_kb":45,"reason":"owner"}
{"type":"run_sample","seq":2599,"ts_ms":315960,"uptime_s":315,"session":"33e864-5475-b22d6518","owner":1,"pending":1382,"enrich":0,"nets":9,"probes":241,"lora":0,"sg_mode":0,"sg_nodes":0,"wio":0,"wio_proxy":0,"wio_phone":0,"upload":0,"heap_kb":7685,"int_kb":42,"reason":"interval"}
{"type":"run_sample","seq":2600,"ts_ms":615969,"uptime_s":615,"session":"33e864-5475-b22d6518","owner":1,"pending":1382,"enrich":0,"nets":26,"probes":654,"lora":0,"sg_mode":0,"sg_nodes":0,"wio":0,"wio_proxy":0,"wio_phone":0,"upload":0,"heap_kb":7684,"int_kb":41,"reason":"interval"}
{"type":"power_sample","seq":2601,"ts_ms":915281,"uptime_s":915,"mv":3991,"pct":81,"trend":-3,"cap_mah":1100,"runtime_min":167,"source":"battery","state":"battery_normal","charging":0,"owner":1,"reason":"interval"}
{"type":"run_sample","seq":2602,"ts_ms":915976,"uptime_s":915,"session":"33e864-5475-b22d6518","owner":1,"pending":1382,"enrich":0,"nets":26,"probes":831,"lora":0,"sg_mode":0,"sg_nodes":0,"wio":0,"wio_proxy":0,"wio_phone":0,"upload":0,"heap_kb":7684,"int_kb":41,"reason":"interval"}
{"type":"run_sample","seq":2603,"ts_ms":1215980,"uptime_s":1215,"session":"33e864-5475-b22d6518","owner":1,"pending":1382,"enrich":0,"nets":32,"probes":1119,"lora":0,"sg_mode":0,"sg_nodes":0,"wio":0,"wio_proxy":0,"wio_phone":0,"upload":0,"heap_kb":7684,"int_kb":41,"reason":"interval"}
{"type":"run_sample","seq":2604,"ts_ms":1515982,"uptime_s":1515,"session":"33e864-5475-b22d6518","owner":1,"pending":1382,"enrich":0,"nets":34,"probes":1424,"lora":0,"sg_mode":0,"sg_nodes":0,"wio":0,"wio_proxy":0,"wio_phone":0,"upload":0,"heap_kb":7684,"int_kb":41,"reason":"interval"}
{"type":"power_sample","seq":2605,"ts_ms":1815289,"uptime_s":1815,"mv":3947,"pct":73,"trend":-4,"cap_mah":1100,"runtime_min":114,"source":"battery","state":"battery_normal","charging":0,"owner":1,"reason":"interval"}
{"type":"run_sample","seq":2606,"ts_ms":1815990,"uptime_s":1815,"session":"33e864-5475-b22d6518","owner":1,"pending":1382,"enrich":0,"nets":36,"probes":1662,"lora":0,"sg_mode":0,"sg_nodes":0,"wio":0,"wio_proxy":0,"wio_phone":0,"upload":0,"heap_kb":7684,"int_kb":41,"reason":"interval"}
{"type":"run_sample","seq":2607,"ts_ms":2116000,"uptime_s":2115,"session":"33e864-5475-b22d6518","owner":1,"pending":1382,"enrich":0,"nets":38,"probes":1933,"lora":0,"sg_mode":0,"sg_nodes":0,"wio":0,"wio_proxy":0,"wio_phone":0,"upload":0,"heap_kb":7684,"int_kb":41,"reason":"interval"}
{"type":"run_sample","seq":2608,"ts_ms":2416009,"uptime_s":2415,"session":"33e864-5475-b22d6518","owner":1,"pending":1382,"enrich":0,"nets":43,"probes":2243,"lora":0,"sg_mode":0,"sg_nodes":0,"wio":0,"wio_proxy":0,"wio_phone":0,"upload":0,"heap_kb":7684,"int_kb":41,"reason":"interval"}
{"type":"power_sample","seq":2609,"ts_ms":2715293,"uptime_s":2715,"mv":3902,"pct":64,"trend":-3,"cap_mah":1100,"runtime_min":119,"source":"battery","state":"battery_normal","charging":0,"owner":1,"reason":"interval"}
{"type":"run_sample","seq":2610,"ts_ms":2716011,"uptime_s":2716,"session":"33e864-5475-b22d6518","owner":1,"pending":1382,"enrich":0,"nets":70,"probes":2401,"lora":0,"sg_mode":0,"sg_nodes":0,"wio":0,"wio_proxy":0,"wio_phone":0,"upload":0,"heap_kb":7684,"int_kb":41,"reason":"interval"}
{"type":"run_sample","seq":2611,"ts_ms":3016018,"uptime_s":3016,"session":"33e864-5475-b22d6518","owner":1,"pending":1382,"enrich":0,"nets":92,"probes":2491,"lora":0,"sg_mode":0,"sg_nodes":0,"wio":0,"wio_proxy":0,"wio_phone":0,"upload":0,"heap_kb":7682,"int_kb":39,"reason":"interval"}
{"type":"run_sample","seq":2612,"ts_ms":3316026,"uptime_s":3316,"session":"33e864-5475-b22d6518","owner":1,"pending":1382,"enrich":0,"nets":111,"probes":2559,"lora":0,"sg_mode":0,"sg_nodes":0,"wio":0,"wio_proxy":0,"wio_phone":0,"upload":0,"heap_kb":7682,"int_kb":39,"reason":"interval"}
{"type":"power_sample","seq":2613,"ts_ms":3615297,"uptime_s":3615,"mv":3861,"pct":56,"trend":-3,"cap_mah":1100,"runtime_min":98,"source":"battery","state":"battery_normal","charging":0,"owner":1,"reason":"interval"}
{"type":"run_sample","seq":2614,"ts_ms":3616028,"uptime_s":3616,"session":"33e864-5475-b22d6518","owner":1,"pending":1382,"enrich":0,"nets":142,"probes":2694,"lora":0,"sg_mode":0,"sg_nodes":0,"wio":0,"wio_proxy":0,"wio_phone":0,"upload":0,"heap_kb":7682,"int_kb":39,"reason":"interval"}
{"type":"run_sample","seq":2615,"ts_ms":3916031,"uptime_s":3916,"session":"33e864-5475-b22d6518","owner":1,"pending":1382,"enrich":0,"nets":172,"probes":2882,"lora":0,"sg_mode":0,"sg_nodes":0,"wio":0,"wio_proxy":0,"wio_phone":0,"upload":0,"heap_kb":7682,"int_kb":39,"reason":"interval"}
{"type":"run_sample","seq":2616,"ts_ms":4216040,"uptime_s":4216,"session":"33e864-5475-b22d6518","owner":1,"pending":1382,"enrich":0,"nets":195,"probes":3112,"lora":0,"sg_mode":0,"sg_nodes":0,"wio":0,"wio_proxy":0,"wio_phone":0,"upload":0,"heap_kb":7682,"int_kb":39,"reason":"interval"}
{"type":"power_sample","seq":2617,"ts_ms":4515299,"uptime_s":4515,"mv":3815,"pct":46,"trend":-2,"cap_mah":1100,"runtime_min":122,"source":"battery","state":"battery_normal","charging":0,"owner":1,"reason":"interval"}
{"type":"run_sample","seq":2618,"ts_ms":4516048,"uptime_s":4516,"session":"33e864-5475-b22d6518","owner":1,"pending":1382,"enrich":0,"nets":214,"probes":3281,"lora":0,"sg_mode":0,"sg_nodes":0,"wio":0,"wio_proxy":0,"wio_phone":0,"upload":0,"heap_kb":7682,"int_kb":39,"reason":"interval"}
{"type":"run_sample","seq":2619,"ts_ms":4816052,"uptime_s":4816,"session":"33e864-5475-b22d6518","owner":1,"pending":1382,"enrich":0,"nets":234,"probes":3432,"lora":0,"sg_mode":0,"sg_nodes":0,"wio":0,"wio_proxy":0,"wio_phone":0,"upload":0,"heap_kb":7682,"int_kb":39,"reason":"interval"}
{"type":"run_sample","seq":2620,"ts_ms":5116058,"uptime_s":5116,"session":"33e864-5475-b22d6518","owner":1,"pending":1382,"enrich":0,"nets":259,"probes":3604,"lora":0,"sg_mode":0,"sg_nodes":0,"wio":0,"wio_proxy":0,"wio_phone":0,"upload":0,"heap_kb":7682,"int_kb":39,"reason":"interval"}
{"type":"power_sample","seq":2621,"ts_ms":5415305,"uptime_s":5415,"mv":3776,"pct":39,"trend":-4,"cap_mah":1100,"runtime_min":64,"source":"battery","state":"battery_normal","charging":0,"owner":1,"reason":"interval"}
{"type":"run_sample","seq":2622,"ts_ms":5416059,"uptime_s":5416,"session":"33e864-5475-b22d6518","owner":1,"pending":1382,"enrich":0,"nets":288,"probes":3922,"lora":0,"sg_mode":0,"sg_nodes":0,"wio":0,"wio_proxy":0,"wio_phone":0,"upload":0,"heap_kb":7687,"int_kb":44,"reason":"interval"}
{"type":"run_sample","seq":2623,"ts_ms":5716063,"uptime_s":5716,"session":"33e864-5475-b22d6518","owner":1,"pending":1382,"enrich":0,"nets":316,"probes":4120,"lora":0,"sg_mode":0,"sg_nodes":0,"wio":0,"wio_proxy":0,"wio_phone":0,"upload":0,"heap_kb":7682,"int_kb":39,"reason":"interval"}
{"type":"run_sample","seq":2624,"ts_ms":6016070,"uptime_s":6016,"session":"33e864-5475-b22d6518","owner":1,"pending":1382,"enrich":0,"nets":334,"probes":4303,"lora":0,"sg_mode":0,"sg_nodes":0,"wio":0,"wio_proxy":0,"wio_phone":0,"upload":0,"heap_kb":7682,"int_kb":39,"reason":"interval"}
{"type":"power_sample","seq":2625,"ts_ms":6315311,"uptime_s":6315,"mv":3735,"pct":32,"trend":-3,"cap_mah":1100,"runtime_min":76,"source":"battery","state":"battery_normal","charging":0,"owner":1,"reason":"interval"}
{"type":"run_sample","seq":2626,"ts_ms":6316070,"uptime_s":6316,"session":"33e864-5475-b22d6518","owner":1,"pending":1382,"enrich":0,"nets":341,"probes":4647,"lora":0,"sg_mode":0,"sg_nodes":0,"wio":0,"wio_proxy":0,"wio_phone":0,"upload":0,"heap_kb":7682,"int_kb":39,"reason":"interval"}
{"type":"run_sample","seq":2627,"ts_ms":6595658,"uptime_s":6592,"session":"33e864-5475-b22d6518","owner":1,"pending":1901,"enrich":1904,"nets":342,"probes":4917,"lora":0,"sg_mode":0,"sg_nodes":0,"wio":0,"wio_proxy":0,"wio_phone":0,"upload":0,"heap_kb":7682,"int_kb":39,"reason":"pending"}
{"type":"power_sample","seq":2628,"ts_ms":15566,"uptime_s":0,"mv":3582,"pct":14,"trend":0,"cap_mah":1100,"runtime_min":41,"source":"battery","state":"battery_economy","charging":0,"owner":5,"reason":"boot"}
{"type":"run_sample","seq":2629,"ts_ms":15801,"uptime_s":0,"session":"33e864-5599-341fbee5","owner":5,"pending":1382,"enrich":0,"nets":0,"probes":0,"lora":0,"sg_mode":0,"sg_nodes":0,"wio":0,"wio_proxy":0,"wio_phone":0,"upload":0,"heap_kb":7729,"int_kb":75,"reason":"boot"}
{"type":"run_sample","seq":2630,"ts_ms":16118,"uptime_s":15,"session":"33e864-5599-341fbee5","owner":1,"pending":1382,"enrich":0,"nets":0,"probes":0,"lora":0,"sg_mode":0,"sg_nodes":0,"wio":0,"wio_proxy":0,"wio_phone":0,"upload":0,"heap_kb":7695,"int_kb":45,"reason":"owner"}
{"type":"run_sample","seq":2631,"ts_ms":316120,"uptime_s":316,"session":"33e864-5599-341fbee5","owner":1,"pending":1382,"enrich":0,"nets":26,"probes":293,"lora":0,"sg_mode":0,"sg_nodes":0,"wio":0,"wio_proxy":0,"wio_phone":0,"upload":0,"heap_kb":7684,"int_kb":41,"reason":"interval"}
{"type":"run_sample","seq":2632,"ts_ms":616120,"uptime_s":616,"session":"33e864-5599-341fbee5","owner":1,"pending":1382,"enrich":0,"nets":55,"probes":505,"lora":0,"sg_mode":0,"sg_nodes":0,"wio":0,"wio_proxy":0,"wio_phone":0,"upload":0,"heap_kb":7682,"int_kb":39,"reason":"interval"}
{"type":"power_sample","seq":2633,"ts_ms":915305,"uptime_s":915,"mv":3563,"pct":12,"trend":-1,"cap_mah":1100,"runtime_min":47,"source":"battery","state":"battery_economy","charging":0,"owner":1,"reason":"interval"}
{"type":"run_sample","seq":2634,"ts_ms":916122,"uptime_s":916,"session":"33e864-5599-341fbee5","owner":1,"pending":1382,"enrich":0,"nets":77,"probes":786,"lora":0,"sg_mode":0,"sg_nodes":0,"wio":0,"wio_proxy":0,"wio_phone":0,"upload":0,"heap_kb":7682,"int_kb":39,"reason":"interval"}
{"type":"power_sample","seq":2635,"ts_ms":928526,"uptime_s":928,"mv":3746,"pct":33,"trend":60,"cap_mah":1100,"runtime_min":124,"source":"battery","state":"battery_normal","charging":0,"owner":1,"reason":"state"}
{"type":"power_sample","seq":2636,"ts_ms":973756,"uptime_s":973,"mv":4442,"pct":100,"trend":292,"cap_mah":1100,"runtime_min":0,"source":"usb","state":"usb","charging":1,"owner":1,"reason":"source"}
{"type":"run_sample","seq":2637,"ts_ms":1216122,"uptime_s":1216,"session":"33e864-5599-341fbee5","owner":1,"pending":1382,"enrich":0,"nets":81,"probes":964,"lora":0,"sg_mode":0,"sg_nodes":0,"wio":0,"wio_proxy":0,"wio_phone":0,"upload":0,"heap_kb":7682,"int_kb":39,"reason":"interval"}
{"type":"run_sample","seq":2638,"ts_ms":1516124,"uptime_s":1516,"session":"33e864-5599-341fbee5","owner":1,"pending":1382,"enrich":0,"nets":83,"probes":1156,"lora":0,"sg_mode":0,"sg_nodes":0,"wio":0,"wio_proxy":0,"wio_phone":0,"upload":0,"heap_kb":7682,"int_kb":39,"reason":"interval"}
{"type":"run_sample","seq":2639,"ts_ms":1816131,"uptime_s":1816,"session":"33e864-5599-341fbee5","owner":1,"pending":1382,"enrich":0,"nets":85,"probes":1352,"lora":0,"sg_mode":0,"sg_nodes":0,"wio":0,"wio_proxy":0,"wio_phone":0,"upload":0,"heap_kb":7682,"int_kb":39,"reason":"interval"}
{"type":"power_sample","seq":2640,"ts_ms":1873760,"uptime_s":1873,"mv":4473,"pct":100,"trend":-1,"cap_mah":1100,"runtime_min":0,"source":"usb","state":"usb","charging":0,"owner":1,"reason":"interval"}
{"type":"run_sample","seq":2641,"ts_ms":2116131,"uptime_s":2116,"session":"33e864-5599-341fbee5","owner":1,"pending":1382,"enrich":0,"nets":85,"probes":1495,"lora":0,"sg_mode":0,"sg_nodes":0,"wio":0,"wio_proxy":0,"wio_phone":0,"upload":0,"heap_kb":7682,"int_kb":39,"reason":"interval"}
{"type":"run_sample","seq":2642,"ts_ms":2416140,"uptime_s":2416,"session":"33e864-5599-341fbee5","owner":1,"pending":1382,"enrich":0,"nets":88,"probes":1714,"lora":0,"sg_mode":0,"sg_nodes":0,"wio":0,"wio_proxy":0,"wio_phone":0,"upload":0,"heap_kb":7682,"int_kb":39,"reason":"interval"}
{"type":"run_sample","seq":2643,"ts_ms":2716148,"uptime_s":2716,"session":"33e864-5599-341fbee5","owner":1,"pending":1382,"enrich":0,"nets":88,"probes":1863,"lora":0,"sg_mode":0,"sg_nodes":0,"wio":0,"wio_proxy":0,"wio_phone":0,"upload":0,"heap_kb":7682,"int_kb":39,"reason":"interval"}
{"type":"power_sample","seq":2644,"ts_ms":2773769,"uptime_s":2773,"mv":4485,"pct":100,"trend":4,"cap_mah":1100,"runtime_min":0,"source":"usb","state":"usb","charging":1,"owner":1,"reason":"interval"}
{"type":"run_sample","seq":2645,"ts_ms":3016149,"uptime_s":3016,"session":"33e864-5599-341fbee5","owner":1,"pending":1382,"enrich":0,"nets":88,"probes":2032,"lora":0,"sg_mode":0,"sg_nodes":0,"wio":0,"wio_proxy":0,"wio_phone":0,"upload":0,"heap_kb":7682,"int_kb":39,"reason":"interval"}
{"type":"run_sample","seq":2646,"ts_ms":3316151,"uptime_s":3316,"session":"33e864-5599-341fbee5","owner":1,"pending":1382,"enrich":0,"nets":88,"probes":2206,"lora":0,"sg_mode":0,"sg_nodes":0,"wio":0,"wio_proxy":0,"wio_phone":0,"upload":0,"heap_kb":7682,"int_kb":39,"reason":"interval"}
{"type":"run_sample","seq":2647,"ts_ms":3616154,"uptime_s":3616,"session":"33e864-5599-341fbee5","owner":1,"pending":1382,"enrich":0,"nets":89,"probes":2382,"lora":0,"sg_mode":0,"sg_nodes":0,"wio":0,"wio_proxy":0,"wio_phone":0,"upload":0,"heap_kb":7682,"int_kb":39,"reason":"interval"}
{"type":"power_sample","seq":2648,"ts_ms":3673769,"uptime_s":3673,"mv":4561,"pct":100,"trend":6,"cap_mah":1100,"runtime_min":0,"source":"usb","state":"usb","charging":1,"owner":1,"reason":"interval"}
{"type":"run_sample","seq":2649,"ts_ms":3916154,"uptime_s":3916,"session":"33e864-5599-341fbee5","owner":1,"pending":1382,"enrich":0,"nets":89,"probes":2544,"lora":0,"sg_mode":0,"sg_nodes":0,"wio":0,"wio_proxy":0,"wio_phone":0,"upload":0,"heap_kb":7682,"int_kb":39,"reason":"interval"}
{"type":"run_sample","seq":2650,"ts_ms":4216159,"uptime_s":4216,"session":"33e864-5599-341fbee5","owner":1,"pending":1382,"enrich":0,"nets":89,"probes":2733,"lora":0,"sg_mode":0,"sg_nodes":0,"wio":0,"wio_proxy":0,"wio_phone":0,"upload":0,"heap_kb":7682,"int_kb":39,"reason":"interval"}
{"type":"run_sample","seq":2651,"ts_ms":4516159,"uptime_s":4516,"session":"33e864-5599-341fbee5","owner":1,"pending":1382,"enrich":0,"nets":89,"probes":2885,"lora":0,"sg_mode":0,"sg_nodes":0,"wio":0,"wio_proxy":0,"wio_phone":0,"upload":0,"heap_kb":7682,"int_kb":39,"reason":"interval"}
{"type":"power_sample","seq":2652,"ts_ms":4573774,"uptime_s":4573,"mv":4612,"pct":100,"trend":3,"cap_mah":1100,"runtime_min":0,"source":"usb","state":"usb","charging":1,"owner":1,"reason":"interval"}
{"type":"run_sample","seq":2653,"ts_ms":4816161,"uptime_s":4816,"session":"33e864-5599-341fbee5","owner":1,"pending":1382,"enrich":0,"nets":91,"probes":3067,"lora":0,"sg_mode":0,"sg_nodes":0,"wio":0,"wio_proxy":0,"wio_phone":0,"upload":0,"heap_kb":7682,"int_kb":39,"reason":"interval"}
{"type":"run_sample","seq":2654,"ts_ms":5116162,"uptime_s":5116,"session":"33e864-5599-341fbee5","owner":1,"pending":1382,"enrich":0,"nets":92,"probes":3297,"lora":0,"sg_mode":0,"sg_nodes":0,"wio":0,"wio_proxy":0,"wio_phone":0,"upload":0,"heap_kb":7682,"int_kb":39,"reason":"interval"}
{"type":"run_sample","seq":2655,"ts_ms":5416167,"uptime_s":5416,"session":"33e864-5599-341fbee5","owner":1,"pending":1382,"enrich":0,"nets":93,"probes":3452,"lora":0,"sg_mode":0,"sg_nodes":0,"wio":0,"wio_proxy":0,"wio_phone":0,"upload":0,"heap_kb":7682,"int_kb":39,"reason":"interval"}
{"type":"power_sample","seq":2656,"ts_ms":5473782,"uptime_s":5473,"mv":4642,"pct":100,"trend":1,"cap_mah":1100,"runtime_min":0,"source":"usb","state":"usb","charging":0,"owner":1,"reason":"interval"}
{"type":"run_sample","seq":2657,"ts_ms":5716171,"uptime_s":5716,"session":"33e864-5599-341fbee5","owner":1,"pending":1382,"enrich":0,"nets":93,"probes":3588,"lora":0,"sg_mode":0,"sg_nodes":0,"wio":0,"wio_proxy":0,"wio_phone":0,"upload":0,"heap_kb":7682,"int_kb":39,"reason":"interval"}
{"type":"run_sample","seq":2658,"ts_ms":6016174,"uptime_s":6016,"session":"33e864-5599-341fbee5","owner":1,"pending":1382,"enrich":0,"nets":95,"probes":3765,"lora":0,"sg_mode":0,"sg_nodes":0,"wio":0,"wio_proxy":0,"wio_phone":0,"upload":0,"heap_kb":7682,"int_kb":39,"reason":"interval"}
{"type":"run_sample","seq":2659,"ts_ms":6316182,"uptime_s":6316,"session":"33e864-5599-341fbee5","owner":1,"pending":1382,"enrich":0,"nets":95,"probes":3938,"lora":0,"sg_mode":0,"sg_nodes":0,"wio":0,"wio_proxy":0,"wio_phone":0,"upload":0,"heap_kb":7682,"int_kb":39,"reason":"interval"}
{"type":"power_sample","seq":2660,"ts_ms":6373782,"uptime_s":6373,"mv":4692,"pct":100,"trend":1,"cap_mah":1100,"runtime_min":0,"source":"usb","state":"usb","charging":0,"owner":1,"reason":"interval"}
{"type":"run_sample","seq":2661,"ts_ms":6616184,"uptime_s":6616,"session":"33e864-5599-341fbee5","owner":1,"pending":1382,"enrich":0,"nets":95,"probes":4094,"lora":0,"sg_mode":0,"sg_nodes":0,"wio":0,"wio_proxy":0,"wio_phone":0,"upload":0,"heap_kb":7682,"int_kb":39,"reason":"interval"}
{"type":"run_sample","seq":2662,"ts_ms":6916187,"uptime_s":6916,"session":"33e864-5599-341fbee5","owner":1,"pending":1382,"enrich":0,"nets":97,"probes":4259,"lora":0,"sg_mode":0,"sg_nodes":0,"wio":0,"wio_proxy":0,"wio_phone":0,"upload":0,"heap_kb":7682,"int_kb":39,"reason":"interval"}
{"type":"run_sample","seq":2663,"ts_ms":7216195,"uptime_s":7216,"session":"33e864-5599-341fbee5","owner":1,"pending":1382,"enrich":0,"nets":99,"probes":4438,"lora":0,"sg_mode":0,"sg_nodes":0,"wio":0,"wio_proxy":0,"wio_phone":0,"upload":0,"heap_kb":7682,"int_kb":39,"reason":"interval"}
{"type":"power_sample","seq":2664,"ts_ms":7273786,"uptime_s":7273,"mv":4709,"pct":100,"trend":0,"cap_mah":1100,"runtime_min":0,"source":"usb","state":"usb","charging":0,"owner":1,"reason":"interval"}
{"type":"run_sample","seq":2665,"ts_ms":7516196,"uptime_s":7516,"session":"33e864-5599-341fbee5","owner":1,"pending":1382,"enrich":0,"nets":99,"probes":4572,"lora":0,"sg_mode":0,"sg_nodes":0,"wio":0,"wio_proxy":0,"wio_phone":0,"upload":0,"heap_kb":7682,"int_kb":39,"reason":"interval"}
{"type":"run_sample","seq":2666,"ts_ms":7816202,"uptime_s":7816,"session":"33e864-5599-341fbee5","owner":1,"pending":1382,"enrich":0,"nets":101,"probes":4792,"lora":0,"sg_mode":0,"sg_nodes":0,"wio":0,"wio_proxy":0,"wio_phone":0,"upload":0,"heap_kb":7682,"int_kb":39,"reason":"interval"}
{"type":"run_sample","seq":2667,"ts_ms":8116211,"uptime_s":8116,"session":"33e864-5599-341fbee5","owner":1,"pending":1382,"enrich":0,"nets":101,"probes":4973,"lora":0,"sg_mode":0,"sg_nodes":0,"wio":0,"wio_proxy":0,"wio_phone":0,"upload":0,"heap_kb":7682,"int_kb":39,"reason":"interval"}
{"type":"power_sample","seq":2668,"ts_ms":8173789,"uptime_s":8173,"mv":4746,"pct":100,"trend":-1,"cap_mah":1100,"runtime_min":0,"source":"usb","state":"usb","charging":0,"owner":1,"reason":"interval"}
{"type":"run_sample","seq":2669,"ts_ms":8243823,"uptime_s":8243,"session":"33e864-5599-341fbee5","owner":1,"pending":1608,"enrich":0,"nets":101,"probes":5037,"lora":0,"sg_mode":0,"sg_nodes":0,"wio":0,"wio_proxy":0,"wio_phone":0,"upload":0,"heap_kb":7682,"int_kb":39,"reason":"pending"}
{"type":"power_sample","seq":2670,"ts_ms":15603,"uptime_s":0,"mv":4498,"pct":100,"trend":0,"cap_mah":1100,"runtime_min":0,"source":"usb","state":"usb","charging":0,"owner":5,"reason":"boot"}
{"type":"run_sample","seq":2671,"ts_ms":15763,"uptime_s":0,"session":"33e864-5526-0bc314e9","owner":5,"pending":1382,"enrich":0,"nets":0,"probes":0,"lora":0,"sg_mode":0,"sg_nodes":0,"wio":0,"wio_proxy":0,"wio_phone":0,"upload":0,"heap_kb":7729,"int_kb":75,"reason":"boot"}
{"type":"run_sample","seq":2672,"ts_ms":16092,"uptime_s":15,"session":"33e864-5526-0bc314e9","owner":1,"pending":1382,"enrich":0,"nets":0,"probes":0,"lora":0,"sg_mode":0,"sg_nodes":0,"wio":0,"wio_proxy":0,"wio_phone":0,"upload":0,"heap_kb":7695,"int_kb":45,"reason":"owner"}
{"type":"run_sample","seq":2673,"ts_ms":316097,"uptime_s":316,"session":"33e864-5526-0bc314e9","owner":1,"pending":1382,"enrich":0,"nets":5,"probes":85,"lora":0,"sg_mode":0,"sg_nodes":0,"wio":0,"wio_proxy":0,"wio_phone":0,"upload":0,"heap_kb":7685,"int_kb":42,"reason":"interval"}
[FIELD] --- end live lines=107 ---
[FIELD] dump complete
[FIELD] retained after dump
[318730][W][CORE] TaskHardware loop gap=1165ms owner=WIFI_CAPTURE pendingUpload=1393 maintPending=1 suppressed=0
[343070][I][STACK] TaskHardware watermark=15040B min=15040B
[343072][I][HEAP] heap free=7685KB min=7673KB largest=7552KB frag=1% internalFree=42KB internalLargest=27KB psramFree=7643KB core=4/1% owner=WIFI_CAPTURE nets=6 pendingUpload=? pendingEnrich=0
[HEALTH] time=2026-08-07 07:59:19 src=ntp
[HEALTH] heap used=733/8418KB free=7685KB min=7673KB largest=7552KB frag=1%
[HEALTH] internal used=184/226KB free=42KB min=30KB largest=27KB
[HEALTH] psram used=549/8192KB free=7643KB largest=7552KB
[HEALTH] stack free_min: core0=15KB/22KB core1=13KB/18KB
[HEALTH] core usage: core0=4% core1=1%
[HEALTH] power=usb state=usb batt=100% 4547mV trend=9mV/min runtime=0min cap=1100mAh charging=1
[HEALTH] radio=WIFI_CAPTURE wifi=0 ble=0 gps=0 nets=6 pendingUpload=? pendingEnrich=0
[HEALTH] subghz=NONE mode=OFF pkts=0 nodes=0
[343074][I][STORAGE] RAMSpool enq=100 cons=100 inflight=0/1024 high=6 pressure=0 drop[full=0 big=0 noise=0 p3Evict=0 p3Drop=0 p2Drop=0 p1Fail=0] free=1024
[343075][I][STORAGE] RAMSpool enqueue probe[ok=95 drop=0] device[ok=5 drop=0]
[343075][I][STORAGE] RAMSpool worker probe[ok=7 sup=88 drop=0 fail=0 slow=0] device[ok=5 sup=0 drop=0 fail=0 slow=0] slowTotal=0 maxMs=0
[343075][I][STORAGE] RAMSpool prioEnq p0=0 p1=0 p2=100 p3=0
[343075][I][STORAGE] RAMSpool lanes p1=0/0 p2=0/5 p3=0/0
