=== field week closeout opened 2026-08-16T14:38:32.2524860-05:00 port=COM13 ===
[8685247][I][STORAGE] Spool enrich_batch applied=18 failed=0 batchFirstEventId=38920 batchLastEventId=38937 firstRecord=41977 lastRecord=41994 ms=1113
[8685248][I][BLE] enrich_perf count=18 applied=18 failed=0 deferred=0 storageMs=1550 pendingUpload=4472
[8685248][I][BLE] Enrich drain done applied=18 failed=0 deferred=0 queueSize=0
[8685249][I][BLE] Enrich torrent done drained=1 remaining=0 tookLease=0 preempt=0 elapsedMs=2001
[8685263][I][BLE] Enrichment pending scan begin claimed=0 max=18
[8685263][I][STORAGE] batch_load_ids_enter freeInternal=53992 segments=65
[8685264][I][STORAGE] load_ids_reserve count=1607 freeInternal=53992 largest=14836
[8685264][I][STORAGE] load_ids_reserved freeInternal=53992
[8687520][I][STORAGE] load_ids_loop_done scanned=32 skipped=33 idsCollected=1665 freeInternal=53992
[8687522][I][STORAGE] batch_load_ids_done count=1645 capacity=3214 freeInternal=53992
[8687522][I][STORAGE] batch_pending_loop_enter segments=65 maxCount=18 streaming=1 freeInternal=53992
[8687620][I][STORAGE] batch_pending_loop_break_streaming outCount=18 maxCount=18
[8687621][I][STORAGE] batch_pending_loop_done scanned=1 skipped=34 outCount=18 timeHit=0 elapsedMs=99 freeInternal=53992
[8687621][I][BLE] Enrichment pending scan done count=18
[8687622][I][BLE] enrichment request queued count=18 bytes=180
[8687622][I][BLE] Requested enrichment batch count=18 queued=0
[8687623][I][STACK] TaskHardware watermark=8656B min=8656B
[8687625][I][HEAP] heap free=4460KB min=4362KB largest=4352KB frag=2% internalFree=53KB internalLargest=14KB psramFree=4407KB core=83/56% owner=BLE_GPS nets=9 pendingUpload=4472 pendingEnrich=3163
[HEALTH] time=2026-08-16 14:37:59 src=gps
[HEALTH] heap used=3993/8452KB free=4460KB min=4362KB largest=4352KB frag=2%
[HEALTH] internal used=208/260KB free=53KB min=0KB largest=14KB
[HEALTH] psram used=3785/8192KB free=4407KB largest=4352KB
[HEALTH] stack free_min: core0=8KB/18KB core1=5KB/10KB
[HEALTH] loopTask free_min=3080B/5120B
[HEALTH] core usage: core0=83% core1=56%
[HEALTH] power=usb state=usb batt=100% 4713mV trend=38mV/min runtime=0min cap=1100mAh charging=1
[HEALTH] radio=BLE_GPS wifi=0 ble=1 gps=0 nets=9 pendingUpload=4472 pendingEnrich=3163
[HEALTH] subghz=NONE mode=OFF pkts=0 nodes=0
[8687627][I][STACK] TaskStorage watermark=1896B
[8687628][I][STORAGE] RAMSpool enq=553 cons=553 inflight=0/1024 high=2 pressure=0 drop[full=0 big=0 noise=0 p3Evict=0 p3Drop=0 p2Drop=0 p1Fail=0] free=1024
[8687628][I][STORAGE] RAMSpool enqueue probe[ok=521 drop=0] device[ok=32 drop=0]
[8687628][I][STORAGE] RAMSpool worker probe[ok=521 sup=0 drop=0 fail=0 slow=0] device[ok=31 sup=1 drop=0 fail=0 slow=0] slowTotal=0 maxMs=0
[8687629][I][STORAGE] RAMSpool prioEnq p0=0 p1=0 p2=553 p3=0
[8687629][I][STORAGE] RAMSpool lanes p1=0/0 p2=0/1 p3=0/0
[8687643][I][BLE] enrichment send mtu=247 attPayload=244 bytes=180 count=18
[8687728][I][BLE] enrichment batch sent plain=180 sealed=202 count=18 writeOk=1
[8687863][I][BLE] enrichment rx chunk cipher=142 queued=0
[8687944][I][BLE] enrichment rx chunk cipher=142 queued=0
[8688024][I][BLE] enrichment rx chunk cipher=142 queued=0
[8688106][I][BLE] enrichment rx chunk cipher=142 queued=0
[8688167][I][BLE] enrichment rx chunk cipher=142 queued=0
[8688258][I][BLE] enrichment rx chunk cipher=142 queued=0
[8688339][I][BLE] enrichment rx chunk cipher=142 queued=0
[8688410][I][BLE] enrichment rx chunk cipher=28 queued=0
[8688411][I][BLE] enrich_xfer_perf count=18 sendMs=86 waitMs=682 rxBytes=846
[8688411][I][BLE] enrichment batch received count=18 bytes=846
[8688411][I][BLE] enrichment batch consumed count=18
[8688412][I][BLE] Enrich batch queued count=18 queueSize=1
[8688412][I][BLE] Enrichment batch received count=18 claimed=18 queued=1
[8688423][I][BLE] Enrich drain begin count=18 queueSize=1 ageMs=11

===== CMD: debug status =====
[8690468][I][STORAGE] Spool enrich_batch applied=18 failed=0 batchFirstEventId=38938 batchLastEventId=38955 firstRecord=41995 lastRecord=42012 ms=1131
[8690469][I][BLE] enrich_perf count=18 applied=18 failed=0 deferred=0 storageMs=1580 pendingUpload=4472
[8690470][I][BLE] Enrich drain done applied=18 failed=0 deferred=0 queueSize=0
[8690470][I][BLE] Enrich torrent done drained=1 remaining=0 tookLease=0 preempt=0 elapsedMs=2048
debug status
[USB] debug enabled=1 level=I mask=0x00000fff
[USB] debug focus=ops
[8690485][I][BLE] Enrichment pending scan begin claimed=0 max=18
[8690486][I][STORAGE] batch_load_ids_enter freeInternal=53992 segments=65
[8690486][I][STORAGE] load_ids_reserve count=1625 freeInternal=53992 largest=14836
[8690486][I][STORAGE] load_ids_reserved freeInternal=53992
[8692740][I][STORAGE] load_ids_loop_done scanned=32 skipped=33 idsCollected=1683 freeInternal=53992
[8692743][I][STORAGE] batch_load_ids_done count=1663 capacity=3250 freeInternal=53992
[8692743][I][STORAGE] batch_pending_loop_enter segments=65 maxCount=18 streaming=1 freeInternal=53992
[8692844][I][STORAGE] batch_pending_loop_break_streaming outCount=18 maxCount=18
[8692845][I][STORAGE] batch_pending_loop_done scanned=1 skipped=34 outCount=18 timeHit=0 elapsedMs=102 freeInternal=53992
[8692845][I][BLE] Enrichment pending scan done count=18
[8692846][I][BLE] enrichment request queued count=18 bytes=180
[8692846][I][BLE] Requested enrichment batch count=18 queued=0
[8692856][W][CORE] TaskHardware loop gap=2376ms owner=BLE_GPS pendingUpload=4472 maintPending=1 suppressed=3
[8692860][I][BLE] enrichment send mtu=247 attPayload=244 bytes=180 count=18
[8692948][I][BLE] storage snapshot sent pendingUp=0/4472 pendingEnrich=0/3163 usedPct=26
[8692978][I][BLE] enrichment batch sent plain=180 sealed=202 count=18 writeOk=1

===== CMD: heap status =====
[8693120][I][BLE] enrichment rx chunk cipher=142 queued=0
heap status
[HEAP] 8bit total=8452KB free=4460KB largest=4352KB
[HEAP] internal total=260KB free=53KB largest=14KB
[HEAP] psram total=8192KB free=4407KB largest=4352KB
[HEAP] uploadIndex=0 enrichWindow=0 maint=dirty_spool_index|dirty_summary|snapshot_lagged owner=BLE_GPS
[8693193][I][BLE] enrichment rx chunk cipher=142 queued=0
[8693284][I][BLE] enrichment rx chunk cipher=142 queued=0
[8693345][I][BLE] enrichment rx chunk cipher=142 queued=0
[8693436][I][BLE] enrichment rx chunk cipher=142 queued=0
[8693507][I][BLE] enrichment rx chunk cipher=142 queued=0
[8693598][I][BLE] enrichment rx chunk cipher=142 queued=0
[8693659][I][BLE] enrichment rx chunk cipher=28 queued=0
[8693660][I][BLE] enrich_xfer_perf count=18 sendMs=118 waitMs=681 rxBytes=846
[8693660][I][BLE] enrichment batch received count=18 bytes=846
[8693660][I][BLE] enrichment batch consumed count=18
[8693661][I][BLE] Enrich batch queued count=18 queueSize=1
[8693661][I][BLE] Enrichment batch received count=18 claimed=18 queued=1
[8693672][I][BLE] Enrich drain begin count=18 queueSize=1 ageMs=11
[8695763][I][STORAGE] Spool enrich_batch applied=18 failed=0 batchFirstEventId=38956 batchLastEventId=38973 firstRecord=42013 lastRecord=42030 ms=1148
[8695763][I][BLE] enrich_perf count=18 applied=18 failed=0 deferred=0 storageMs=1609 pendingUpload=4472
[8695764][I][BLE] Enrich drain done applied=18 failed=0 deferred=0 queueSize=0
[8695764][I][BLE] Enrich torrent done drained=1 remaining=0 tookLease=0 preempt=0 elapsedMs=2093
[8695777][I][BLE] Enrichment pending scan begin claimed=0 max=18
[8695778][I][STORAGE] batch_load_ids_enter freeInternal=53992 segments=65
[8695779][I][STORAGE] load_ids_reserve count=1643 freeInternal=53992 largest=14836
[8695779][I][STORAGE] load_ids_reserved freeInternal=53992

===== CMD: time =====
[8698036][I][STORAGE] load_ids_loop_done scanned=32 skipped=33 idsCollected=1701 freeInternal=53992
[8698039][I][STORAGE] batch_load_ids_done count=1681 capacity=3286 freeInternal=53992
[8698039][I][STORAGE] batch_pending_loop_enter segments=65 maxCount=18 streaming=1 freeInternal=53992
[8698221][I][STORAGE] batch_pending_loop_break_streaming outCount=18 maxCount=18
[8698221][I][STORAGE] batch_pending_loop_done scanned=2 skipped=34 outCount=18 timeHit=0 elapsedMs=182 freeInternal=53992
[8698222][I][BLE] Enrichment pending scan done count=18
[8698222][I][BLE] enrichment request queued count=18 bytes=180
[8698222][I][BLE] Requested enrichment batch count=18 queued=0
time
[TIME] valid=1 accurate=1 source=gps utc=2026-08-16T19:38:12Z
[TIME] lastNtpAttempt=passive_wait age=8673s
[8698237][I][BLE] enrichment send mtu=247 attPayload=244 bytes=180 count=18
[8698318][I][BLE] enrichment batch sent plain=180 sealed=202 count=18 writeOk=1
[8698458][I][BLE] enrichment rx chunk cipher=142 queued=0
[8698549][I][BLE] enrichment rx chunk cipher=142 queued=0
[8698610][I][BLE] enrichment rx chunk cipher=142 queued=0
[8698691][I][BLE] enrichment rx chunk cipher=142 queued=0
[8698772][I][BLE] enrichment rx chunk cipher=142 queued=0
[8698863][I][BLE] enrichment rx chunk cipher=142 queued=0
[8698924][I][BLE] enrichment rx chunk cipher=142 queued=0
[8698995][I][BLE] enrichment rx chunk cipher=28 queued=0
[8698996][I][BLE] enrich_xfer_perf count=18 sendMs=81 waitMs=677 rxBytes=846
[8698996][I][BLE] enrichment batch received count=18 bytes=846
[8698996][I][BLE] enrichment batch consumed count=18
[8698997][I][BLE] Enrich batch queued count=18 queueSize=1
[8698997][I][BLE] Enrichment batch received count=18 claimed=18 queued=1
[8699008][I][BLE] Enrich drain begin count=18 queueSize=1 ageMs=11
[8701086][I][STACK] TaskButtons watermark=1784B min=1784B

===== CMD: wio status =====
[8701227][I][STORAGE] Spool enrich_batch applied=18 failed=0 batchFirstEventId=38974 batchLastEventId=38991 firstRecord=42031 lastRecord=42048 ms=1165
[8701227][I][BLE] enrich_perf count=18 applied=18 failed=0 deferred=0 storageMs=1642 pendingUpload=4472
[8701228][I][BLE] Enrich drain done applied=18 failed=0 deferred=0 queueSize=0
[8701228][I][BLE] Enrich torrent done drained=1 remaining=0 tookLease=0 preempt=0 elapsedMs=2220
wio status
[WIO] available=0 bleProxy=0 sx1262=0 link=idle lastSeenAgeMs=0
[WIO] phoneConnected=0 phone=unknown rssi=0
[WIO] gpsFresh=0 lat=0.000000 lon=0.000000 acc=0.0 timeTrusted=0 epoch=0
[WIO] textPending=0 textReady=0 prompt=
[XPORT] active=internal_ble previous=none ageMs=8694132 transitions=0
[8701244][I][BLE] Enrichment pending scan begin claimed=0 max=18
[8701244][I][STORAGE] batch_load_ids_enter freeInternal=53952 segments=65
[8701245][I][STORAGE] load_ids_reserve count=1661 freeInternal=53952 largest=14836
[8701245][I][STORAGE] load_ids_reserved freeInternal=53952
[8703505][I][STORAGE] load_ids_loop_done scanned=32 skipped=33 idsCollected=1719 freeInternal=53952
[8703508][I][STORAGE] batch_load_ids_done count=1699 capacity=3322 freeInternal=53952
[8703508][I][STORAGE] batch_pending_loop_enter segments=65 maxCount=18 streaming=1 freeInternal=53952
[8703629][I][STORAGE] batch_pending_loop_break_streaming outCount=18 maxCount=18
[8703629][I][STORAGE] batch_pending_loop_done scanned=1 skipped=35 outCount=18 timeHit=0 elapsedMs=121 freeInternal=53952
[8703629][I][BLE] Enrichment pending scan done count=18
[8703630][I][BLE] enrichment request queued count=18 bytes=180
[8703630][I][BLE] Requested enrichment batch count=18 queued=0
[8703640][W][CORE] TaskHardware loop gap=2402ms owner=BLE_GPS pendingUpload=4472 maintPending=1 suppressed=3
[8703644][I][BLE] enrichment send mtu=247 attPayload=244 bytes=180 count=18
[8703733][I][BLE] enrichment batch sent plain=180 sealed=202 count=18 writeOk=1
[8703884][I][BLE] enrichment rx chunk cipher=142 queued=0
[8703946][I][BLE] enrichment rx chunk cipher=142 queued=0
[8704027][I][BLE] enrichment rx chunk cipher=142 queued=0
[8704108][I][BLE] enrichment rx chunk cipher=142 queued=0
[8704189][I][BLE] enrichment rx chunk cipher=142 queued=0
[8704270][I][BLE] enrichment rx chunk cipher=142 queued=0
[8704351][I][BLE] enrichment rx chunk cipher=142 queued=0
[8704412][I][BLE] enrichment rx chunk cipher=28 queued=0
[8704413][I][BLE] enrich_xfer_perf count=18 sendMs=89 waitMs=679 rxBytes=846
[8704413][I][BLE] enrichment batch received count=18 bytes=846
[8704413][I][BLE] enrichment batch consumed count=18
[8704413][I][BLE] Enrich batch queued count=18 queueSize=1
[8704414][I][BLE] Enrichment batch received count=18 claimed=18 queued=1
[8704425][I][BLE] Enrich drain begin count=18 queueSize=1 ageMs=12

===== CMD: companion status =====
[8706754][I][STORAGE] Spool enrich_batch applied=18 failed=0 batchFirstEventId=38992 batchLastEventId=39009 firstRecord=42049 lastRecord=42066 ms=1312
[8706755][I][BLE] enrich_perf count=18 applied=18 failed=0 deferred=0 storageMs=1804 pendingUpload=4472
[8706755][I][BLE] Enrich drain done applied=18 failed=0 deferred=0 queueSize=0
[8706755][I][BLE] Enrich torrent done drained=1 remaining=0 tookLease=0 preempt=0 elapsedMs=2331
companion status
[COMP] enabled=1
[COMP] external accessory=0 bleProxy=0 phoneConnected=0 phone=unknown rssi=0 ageMs=0
[COMP] wio link=idle sx1262=0 textInput=0
[COMP] phone=AVAILABLE work=ENRICHING
[COMP] bleBegun=1 bleRadio=1 bleState=SUBSCRIBED
[COMP] ready link=1 gps=1 freshGps=0 ctrl=1 enrich=1
[COMP] bleInitAgeMs=8681753 scanStartAgeMs=93055 disconnReason=0
[COMP] pendingEnrichMission=0 pendingEnrichNoise=2875 pendingEnrichTotal=2875
[COMP] hold manual=0 autoOffload=0 managerActive=0 prep=0 deadlineInMs=0 retryInMs=0
[COMP] lastProbeAgeMs=91221 lastEnrichAgeMs=0
[COMP] radioOwner=ble_gps
[8706773][I][BLE] Enrichment pending scan begin claimed=0 max=18
[8706774][I][STORAGE] batch_load_ids_enter freeInternal=53952 segments=65
[8706774][I][STORAGE] load_ids_reserve count=1679 freeInternal=53952 largest=14836
[8706774][I][STORAGE] load_ids_reserved freeInternal=53952
[8709038][I][STORAGE] load_ids_loop_done scanned=32 skipped=33 idsCollected=1737 freeInternal=53952
[8709041][I][STORAGE] batch_load_ids_done count=1717 capacity=3358 freeInternal=53952
[8709041][I][STORAGE] batch_pending_loop_enter segments=65 maxCount=18 streaming=1 freeInternal=53952
[8709170][I][STORAGE] batch_pending_loop_break_streaming outCount=18 maxCount=18
[8709170][I][STORAGE] batch_pending_loop_done scanned=1 skipped=35 outCount=18 timeHit=0 elapsedMs=129 freeInternal=53952
[8709171][I][BLE] Enrichment pending scan done count=18
[8709171][I][BLE] enrichment request queued count=18 bytes=180
[8709171][I][BLE] Requested enrichment batch count=18 queued=0
[8709185][I][BLE] worker stack free=7376B min=7376B
[8709186][I][BLE] enrichment send mtu=247 attPayload=244 bytes=180 count=18

===== CMD: entity status =====
[8709238][I][BLE] enrichment batch sent plain=180 sealed=202 count=18 writeOk=1
[8709268][I][BLE] storage snapshot sent pendingUp=0/4472 pendingEnrich=0/3163 usedPct=26
entity status
[ENTITY] total=83 nearby=0 observations=4472 located=73 locationUpdates=1537 dropped=0 linkDrops=0 selftest=pass capacity=8192 links=98304 psram=3088KB
[ENTITY] ap=0 clients=83 drones=0 subghz=0 ble=0 closest=- name=- rssi=-127 channel=0 located=0
[ENTITY] session networks=0 devices=31 probes=521 pmkids=0 drones=0
[8709421][I][BLE] enrichment rx chunk cipher=142 queued=0
[8709482][I][BLE] enrichment rx chunk cipher=142 queued=0
[8709573][I][BLE] enrichment rx chunk cipher=142 queued=0
[8709654][I][BLE] enrichment rx chunk cipher=142 queued=0
[8709735][I][BLE] enrichment rx chunk cipher=142 queued=0
[8709796][I][BLE] enrichment rx chunk cipher=142 queued=0
[8709877][I][BLE] enrichment rx chunk cipher=142 queued=0
[8709978][I][BLE] enrichment rx chunk cipher=28 queued=0
[8709979][I][BLE] enrich_xfer_perf count=18 sendMs=53 waitMs=740 rxBytes=846
[8709979][I][BLE] enrichment batch received count=18 bytes=846
[8709979][I][BLE] enrichment batch consumed count=18
[8709979][I][BLE] Enrich batch queued count=18 queueSize=1
[8709980][I][BLE] Enrichment batch received count=18 claimed=18 queued=1
[8709991][I][BLE] Enrich drain begin count=18 queueSize=1 ageMs=12
[8712284][I][STORAGE] Spool enrich_batch applied=18 failed=0 batchFirstEventId=39010 batchLastEventId=39027 firstRecord=42067 lastRecord=42084 ms=1213
[8712285][I][BLE] enrich_perf count=18 applied=18 failed=0 deferred=0 storageMs=1732 pendingUpload=4472
[8712285][I][BLE] Enrich drain done applied=18 failed=0 deferred=0 queueSize=0
[8712285][I][BLE] Enrich torrent done drained=1 remaining=0 tookLease=0 preempt=0 elapsedMs=2295
[8712300][I][BLE] Enrichment pending scan begin claimed=0 max=18
[8712300][I][STORAGE] batch_load_ids_enter freeInternal=53952 segments=65
[8712301][I][STORAGE] load_ids_reserve count=1697 freeInternal=53952 largest=14836
[8712301][I][STORAGE] load_ids_reserved freeInternal=53952

===== CMD: mesh status =====
[8714566][I][STORAGE] load_ids_loop_done scanned=32 skipped=33 idsCollected=1755 freeInternal=53952
[8714569][I][STORAGE] batch_load_ids_done count=1735 capacity=3394 freeInternal=53952
[8714569][I][STORAGE] batch_pending_loop_enter segments=65 maxCount=18 streaming=1 freeInternal=53952
[8714701][I][STORAGE] batch_pending_loop_break_streaming outCount=18 maxCount=18
[8714702][I][STORAGE] batch_pending_loop_done scanned=1 skipped=35 outCount=18 timeHit=0 elapsedMs=133 freeInternal=53952
[8714702][I][BLE] Enrichment pending scan done count=18
[8714702][I][BLE] enrichment request queued count=18 bytes=180
[8714702][I][BLE] Requested enrichment batch count=18 queued=0
[8714713][W][CORE] TaskHardware loop gap=2417ms owner=BLE_GPS pendingUpload=4472 maintPending=1 suppressed=3
mesh status
[mesh] available=0 enabled=0 node=0x334B7A38 nodes=0 rxText=0 rxFrames=0 decryptFail=0 txText=0
[8714718][I][BLE] enrichment send mtu=247 attPayload=244 bytes=180 count=18
[8714803][I][BLE] enrichment batch sent plain=180 sealed=202 count=18 writeOk=1
[8714939][I][BLE] enrichment rx chunk cipher=142 queued=0
[8715000][I][BLE] enrichment rx chunk cipher=142 queued=0
[8715091][I][BLE] enrichment rx chunk cipher=142 queued=0
[8715172][I][BLE] enrichment rx chunk cipher=142 queued=0
[8715253][I][BLE] enrichment rx chunk cipher=142 queued=0
[8715334][I][BLE] enrichment rx chunk cipher=142 queued=0
[8715415][I][BLE] enrichment rx chunk cipher=142 queued=0
[8715496][I][BLE] enrichment rx chunk cipher=28 queued=0
[8715497][I][BLE] enrich_xfer_perf count=18 sendMs=85 waitMs=693 rxBytes=846
[8715497][I][BLE] enrichment batch received count=18 bytes=846
[8715497][I][BLE] enrichment batch consumed count=18
[8715498][I][BLE] Enrich batch queued count=18 queueSize=1
[8715498][I][BLE] Enrichment batch received count=18 claimed=18 queued=1
[8715509][I][BLE] Enrich drain begin count=18 queueSize=1 ageMs=12

===== CMD: crash log =====
[8717845][I][STORAGE] Spool enrich_batch applied=18 failed=0 batchFirstEventId=39028 batchLastEventId=39045 firstRecord=42085 lastRecord=42102 ms=1225
[8717846][I][BLE] enrich_perf count=18 applied=18 failed=0 deferred=0 storageMs=1759 pendingUpload=4472
[8717846][I][BLE] Enrich drain done applied=18 failed=0 deferred=0 queueSize=0
[8717847][I][BLE] Enrich torrent done drained=1 remaining=0 tookLease=0 preempt=0 elapsedMs=2339
[8717848][I][STACK] TaskHardware watermark=8656B min=8656B
[8717850][I][HEAP] heap free=4460KB min=4362KB largest=4352KB frag=2% internalFree=53KB internalLargest=14KB psramFree=4407KB core=82/57% owner=BLE_GPS nets=9 pendingUpload=4472 pendingEnrich=3163
[HEALTH] time=2026-08-16 14:38:28 src=gps
[HEALTH] heap used=3993/8452KB free=4460KB min=4362KB largest=4352KB frag=2%
[HEALTH] internal used=208/260KB free=53KB min=0KB largest=14KB
[HEALTH] psram used=3785/8192KB free=4407KB largest=4352KB
[HEALTH] stack free_min: core0=8KB/18KB core1=5KB/10KB
[HEALTH] loopTask free_min=3080B/5120B
[HEALTH] core usage: core0=82% core1=57%
[HEALTH] power=usb state=usb batt=100% 4710mV trend=18mV/min runtime=0min cap=1100mAh charging=1
[HEALTH] radio=BLE_GPS wifi=0 ble=1 gps=0 nets=9 pendingUpload=4472 pendingEnrich=3163
[HEALTH] subghz=NONE mode=OFF pkts=0 nodes=0
[8717852][I][STACK] TaskStorage watermark=1896B
[8717853][I][STORAGE] RAMSpool enq=553 cons=553 inflight=0/1024 high=2 pressure=0 drop[full=0 big=0 noise=0 p3Evict=0 p3Drop=0 p2Drop=0 p1Fail=0] free=1024
[8717853][I][STORAGE] RAMSpool enqueue probe[ok=521 drop=0] device[ok=32 drop=0]
[8717854][I][STORAGE] RAMSpool worker probe[ok=521 sup=0 drop=0 fail=0 slow=0] device[ok=31 sup=1 drop=0 fail=0 slow=0] slowTotal=0 maxMs=0
[8717854][I][STORAGE] RAMSpool prioEnq p0=0 p1=0 p2=553 p3=0
[8717854][I][STORAGE] RAMSpool lanes p1=0/0 p2=0/1 p3=0/0
crash log
[BOOT] crash log: 5 entries, seq 0..919 (oldest first)
[BOOT] #1 seq=915 [ok] phase=storage_append owner=7 pendingUpload=4472 heapFree=52K largest=14K min=0K uptime=8699s
[BOOT] #2 seq=916 [ok] phase=storage_append owner=7 pendingUpload=4472 heapFree=52K largest=14K min=0K uptime=8704s
[BOOT] #3 seq=917 [ok] phase=storage_append owner=7 pendingUpload=4472 heapFree=52K largest=14K min=0K uptime=8709s
[BOOT] #4 seq=918 [ok] phase=storage_append owner=7 pendingUpload=4472 heapFree=52K largest=14K min=0K uptime=8715s
[BOOT] #5 seq=919 [ok] phase=runtime_health owner=7 pendingUpload=4472 heapFree=52K largest=14K min=0K uptime=8717s
[8717870][I][BLE] Enrichment pending scan begin claimed=0 max=18
[8717871][I][STORAGE] batch_load_ids_enter freeInternal=53952 segments=65
[8717871][I][STORAGE] load_ids_reserve count=1715 freeInternal=53952 largest=14836
[8717871][I][STORAGE] load_ids_reserved freeInternal=53952
[8720139][I][STORAGE] load_ids_loop_done scanned=32 skipped=33 idsCollected=1773 freeInternal=53952
[8720143][I][STORAGE] batch_load_ids_done count=1753 capacity=3430 freeInternal=53952
[8720143][I][STORAGE] batch_pending_loop_enter segments=65 maxCount=18 streaming=1 freeInternal=53952
[8720282][I][STORAGE] batch_pending_loop_break_streaming outCount=18 maxCount=18
[8720283][I][STORAGE] batch_pending_loop_done scanned=1 skipped=35 outCount=18 timeHit=0 elapsedMs=140 freeInternal=53952
[8720283][I][BLE] Enrichment pending scan done count=18
[8720283][I][BLE] enrichment request queued count=18 bytes=180
[8720283][I][BLE] Requested enrichment batch count=18 queued=0
[8720298][I][BLE] enrichment send mtu=247 attPayload=244 bytes=180 count=18
[8720383][I][BLE] enrichment batch sent plain=180 sealed=202 count=18 writeOk=1
[8720538][I][BLE] enrichment rx chunk cipher=142 queued=0
[8720599][I][BLE] enrichment rx chunk cipher=142 queued=0
[8720680][I][BLE] enrichment rx chunk cipher=142 queued=0
[8720761][I][BLE] enrichment rx chunk cipher=142 queued=0
[8720842][I][BLE] enrichment rx chunk cipher=142 queued=0
[8720923][I][BLE] enrichment rx chunk cipher=142 queued=0
[8721004][I][BLE] enrichment rx chunk cipher=142 queued=0
[8721085][I][BLE] enrichment rx chunk cipher=28 queued=0
[8721085][I][BLE] enrich_xfer_perf count=18 sendMs=86 waitMs=702 rxBytes=846
[8721086][I][BLE] enrichment batch received count=18 bytes=846
[8721086][I][BLE] enrichment batch consumed count=18
[8721087][I][BLE] Enrich batch queued count=18 queueSize=1
[8721087][I][BLE] Enrichment batch received count=18 claimed=18 queued=1
[8721098][I][BLE] Enrich drain begin count=18 queueSize=1 ageMs=11

===== CMD: ble rxdiag =====
[8723718][I][STORAGE] Spool enrich_batch applied=18 failed=0 batchFirstEventId=39046 batchLastEventId=39063 firstRecord=42103 lastRecord=42120 ms=1476
[8723719][I][BLE] enrich_perf count=18 applied=18 failed=0 deferred=0 storageMs=2023 pendingUpload=4472
[8723719][I][BLE] Enrich drain done applied=18 failed=0 deferred=0 queueSize=0
[8723720][I][BLE] Enrich torrent done drained=1 remaining=0 tookLease=0 preempt=0 elapsedMs=2623
ble rxdiag
[BLE] rxdiag crash stage=138 len=0 uptimeMs=9417377
[BLE] workerdiag stage=172 detail=8 uptimeMs=8720383
[8723735][I][BLE] Enrichment pending scan begin claimed=0 max=18
[8723736][I][STORAGE] batch_load_ids_enter freeInternal=53952 segments=65
[8723736][I][STORAGE] load_ids_reserve count=1733 freeInternal=53952 largest=14836
[8723736][I][STORAGE] load_ids_reserved freeInternal=53952

===== CMD: spool count =====
[8725996][I][STORAGE] load_ids_loop_done scanned=32 skipped=33 idsCollected=1791 freeInternal=53952
[8726000][I][STORAGE] batch_load_ids_done count=1771 capacity=3466 freeInternal=53952
[8726000][I][STORAGE] batch_pending_loop_enter segments=65 maxCount=18 streaming=1 freeInternal=53952
[8726119][I][STORAGE] batch_pending_loop_break_streaming outCount=18 maxCount=18
[8726120][I][STORAGE] batch_pending_loop_done scanned=1 skipped=35 outCount=18 timeHit=0 elapsedMs=120 freeInternal=53952
[8726120][I][BLE] Enrichment pending scan done count=18
[8726120][I][BLE] enrichment request queued count=18 bytes=180
[8726121][I][BLE] Requested enrichment batch count=18 queued=0
[8726131][W][CORE] TaskHardware loop gap=2401ms owner=BLE_GPS pendingUpload=4472 maintPending=1 suppressed=3
spool count
[SPOOL] deferred owner=BLE_GPS reason=manual_spool_count
[8726136][I][BLE] enrichment send mtu=247 attPayload=244 bytes=180 count=18
[8726173][I][BLE] storage snapshot sent pendingUp=0/4472 pendingEnrich=0/3163 usedPct=26
[8726203][I][BLE] enrichment batch sent plain=180 sealed=202 count=18 writeOk=1
[8726325][I][BLE] enrichment rx chunk cipher=142 queued=0
[8726406][I][BLE] enrichment rx chunk cipher=142 queued=0
[8726477][I][BLE] enrichment rx chunk cipher=142 queued=0
[8726568][I][BLE] enrichment rx chunk cipher=142 queued=0
[8726639][I][BLE] enrichment rx chunk cipher=142 queued=0
[8726720][I][BLE] enrichment rx chunk cipher=142 queued=0
[8726801][I][BLE] enrichment rx chunk cipher=142 queued=0
[8726882][I][BLE] enrichment rx chunk cipher=28 queued=0
[8726882][I][BLE] enrich_xfer_perf count=18 sendMs=67 waitMs=679 rxBytes=846
[8726883][I][BLE] enrichment batch received count=18 bytes=846
[8726883][I][BLE] enrichment batch consumed count=18
[8726884][I][BLE] Enrich batch queued count=18 queueSize=1
[8726884][I][BLE] Enrichment batch received count=18 claimed=18 queued=1
[8726895][I][BLE] Enrich drain begin count=18 queueSize=1 ageMs=12
[8728868][I][STORAGE] Spool enrich_batch applied=18 failed=0 batchFirstEventId=39064 batchLastEventId=39081 firstRecord=42121 lastRecord=42138 ms=1124
[8728869][I][BLE] enrich_perf count=18 applied=18 failed=0 deferred=0 storageMs=1530 pendingUpload=4472
[8728869][I][BLE] Enrich drain done applied=18 failed=0 deferred=0 queueSize=0
[8728870][I][BLE] Enrich torrent done drained=1 remaining=0 tookLease=0 preempt=0 elapsedMs=1976
[8728883][I][BLE] Enrichment pending scan begin claimed=0 max=18
[8728884][I][STORAGE] batch_load_ids_enter freeInternal=53952 segments=65
[8728885][I][STORAGE] load_ids_reserve count=1751 freeInternal=53952 largest=14836
[8728885][I][STORAGE] load_ids_reserved freeInternal=53952
[8731085][I][STACK] TaskButtons watermark=1784B min=1784B
[8731146][I][STORAGE] load_ids_loop_done scanned=32 skipped=33 idsCollected=1809 freeInternal=53952
[8731150][I][STORAGE] batch_load_ids_done count=1789 capacity=3502 freeInternal=53952
[8731150][I][STORAGE] batch_pending_loop_enter segments=65 maxCount=18 streaming=1 freeInternal=53952
[8731271][I][STORAGE] batch_pending_loop_break_streaming outCount=18 maxCount=18
[8731272][I][STORAGE] batch_pending_loop_done scanned=1 skipped=35 outCount=18 timeHit=0 elapsedMs=122 freeInternal=53952
[8731272][I][BLE] Enrichment pending scan done count=18
[8731273][I][BLE] enrichment request queued count=18 bytes=180
[8731273][I][BLE] Requested enrichment batch count=18 queued=0
[8731287][I][BLE] enrichment send mtu=247 attPayload=244 bytes=180 count=18
[8731333][I][BLE] enrichment batch sent plain=180 sealed=202 count=18 writeOk=1
[8731487][I][BLE] enrichment rx chunk cipher=142 queued=0
[8731568][I][BLE] enrichment rx chunk cipher=142 queued=0
[8731649][I][BLE] enrichment rx chunk cipher=142 queued=0
[8731710][I][BLE] enrichment rx chunk cipher=142 queued=0
[8731801][I][BLE] enrichment rx chunk cipher=142 queued=0
[8731882][I][BLE] enrichment rx chunk cipher=142 queued=0
[8731963][I][BLE] enrichment rx chunk cipher=142 queued=0
[8732024][I][BLE] enrichment rx chunk cipher=28 queued=0
[8732025][I][BLE] enrich_xfer_perf count=18 sendMs=47 waitMs=692 rxBytes=846
[8732025][I][BLE] enrichment batch received count=18 bytes=846
[8732026][I][BLE] enrichment batch consumed count=18
[8732026][I][BLE] Enrich batch queued count=18 queueSize=1
[8732026][I][BLE] Enrichment batch received count=18 claimed=18 queued=1
[8732037][I][BLE] Enrich drain begin count=18 queueSize=1 ageMs=11
[8734162][I][STORAGE] Spool enrich_batch applied=18 failed=0 batchFirstEventId=39082 batchLastEventId=39099 firstRecord=42139 lastRecord=42156 ms=1244
[8734162][I][BLE] enrich_perf count=18 applied=18 failed=0 deferred=0 storageMs=1663 pendingUpload=4472
[8734163][I][BLE] Enrich drain done applied=18 failed=0 deferred=0 queueSize=0
[8734163][I][BLE] Enrich torrent done drained=1 remaining=0 tookLease=0 preempt=0 elapsedMs=2126
[8734176][I][BLE] Enrichment pending scan begin claimed=0 max=18
[8734177][I][STORAGE] batch_load_ids_enter freeInternal=53952 segments=65
[8734178][I][STORAGE] load_ids_reserve count=1769 freeInternal=53952 largest=14836
[8734178][I][STORAGE] load_ids_reserved freeInternal=53952
[8736444][I][STORAGE] load_ids_loop_done scanned=32 skipped=33 idsCollected=1827 freeInternal=53952
[8736447][I][STORAGE] batch_load_ids_done count=1807 capacity=3538 freeInternal=53952
[8736447][I][STORAGE] batch_pending_loop_enter segments=65 maxCount=18 streaming=1 freeInternal=53952
[8736646][I][STORAGE] batch_pending_loop_break_streaming outCount=18 maxCount=18
[8736646][I][STORAGE] batch_pending_loop_done scanned=2 skipped=35 outCount=18 timeHit=0 elapsedMs=199 freeInternal=53952
[8736646][I][BLE] Enrichment pending scan done count=18
[8736647][I][BLE] enrichment request queued count=18 bytes=180
[8736647][I][BLE] Requested enrichment batch count=18 queued=0
[8736657][W][CORE] TaskHardware loop gap=2484ms owner=BLE_GPS pendingUpload=4472 maintPending=1 suppressed=3
[8736661][I][BLE] enrichment send mtu=247 attPayload=244 bytes=180 count=18
[8736748][I][BLE] enrichment batch sent plain=180 sealed=202 count=18 writeOk=1
[8736902][I][BLE] enrichment rx chunk cipher=142 queued=0
[8736963][I][BLE] enrichment rx chunk cipher=142 queued=0
[8737044][I][BLE] enrichment rx chunk cipher=142 queued=0
[8737125][I][BLE] enrichment rx chunk cipher=142 queued=0
[8737216][I][BLE] enrichment rx chunk cipher=142 queued=0
[8737277][I][BLE] enrichment rx chunk cipher=142 queued=0
[8737358][I][BLE] enrichment rx chunk cipher=142 queued=0
[8737439][I][BLE] enrichment rx chunk cipher=28 queued=0
[8737439][I][BLE] enrich_xfer_perf count=18 sendMs=87 waitMs=691 rxBytes=846
[8737440][I][BLE] enrichment batch received count=18 bytes=846
[8737440][I][BLE] enrichment batch consumed count=18
[8737440][I][BLE] Enrich batch queued count=18 queueSize=1
[8737441][I][BLE] Enrichment batch received count=18 claimed=18 queued=1
[8737452][I][BLE] Enrich drain begin count=18 queueSize=1 ageMs=12
[8739624][I][STORAGE] Spool enrich_batch applied=18 failed=0 batchFirstEventId=39100 batchLastEventId=39117 firstRecord=42157 lastRecord=42174 ms=1187
[8739625][I][BLE] enrich_perf count=18 applied=18 failed=0 deferred=0 storageMs=1621 pendingUpload=4472
[8739626][I][BLE] Enrich drain done applied=18 failed=0 deferred=0 queueSize=0
[8739626][I][BLE] Enrich torrent done drained=1 remaining=0 tookLease=0 preempt=0 elapsedMs=2174
[8739640][I][BLE] worker stack free=7376B min=7376B
[8739640][I][BLE] Enrichment pending scan begin claimed=0 max=18
[8739641][I][STORAGE] batch_load_ids_enter freeInternal=53952 segments=65
[8739641][I][STORAGE] load_ids_reserve count=1787 freeInternal=53952 largest=14836
[8739642][I][STORAGE] load_ids_reserved freeInternal=53952
[8741913][I][STORAGE] load_ids_loop_done scanned=32 skipped=33 idsCollected=1845 freeInternal=53952
[8741916][I][STORAGE] batch_load_ids_done count=1825 capacity=3574 freeInternal=53952
[8741916][I][STORAGE] batch_pending_loop_enter segments=65 maxCount=18 streaming=1 freeInternal=53952
[8742031][I][STORAGE] batch_pending_loop_break_streaming outCount=18 maxCount=18
[8742032][I][STORAGE] batch_pending_loop_done scanned=1 skipped=36 outCount=18 timeHit=0 elapsedMs=116 freeInternal=53952
[8742032][I][BLE] Enrichment pending scan done count=18
[8742033][I][BLE] enrichment request queued count=18 bytes=180
[8742033][I][BLE] Requested enrichment batch count=18 queued=0
[8742047][I][BLE] enrichment send mtu=247 attPayload=244 bytes=180 count=18
[8742133][I][BLE] storage snapshot sent pendingUp=0/4472 pendingEnrich=0/3163 usedPct=26
[8742163][I][BLE] enrichment batch sent plain=180 sealed=202 count=18 writeOk=1
[8742305][I][BLE] enrichment rx chunk cipher=142 queued=0
[8742376][I][BLE] enrichment rx chunk cipher=142 queued=0
[8742457][I][BLE] enrichment rx chunk cipher=142 queued=0
[8742558][I][BLE] enrichment rx chunk cipher=142 queued=0
[8742639][I][BLE] enrichment rx chunk cipher=142 queued=0
[8742720][I][BLE] enrichment rx chunk cipher=142 queued=0
[8742801][I][BLE] enrichment rx chunk cipher=142 queued=0
[8742882][I][BLE] enrichment rx chunk cipher=28 queued=0
[8742883][I][BLE] enrich_xfer_perf count=18 sendMs=117 waitMs=719 rxBytes=846
[8742883][I][BLE] enrichment batch received count=18 bytes=846
[8742883][I][BLE] enrichment batch consumed count=18
[8742884][I][BLE] Enrich batch queued count=18 queueSize=1
[8742884][I][BLE] Enrichment batch received count=18 claimed=18 queued=1
[8742895][I][BLE] Enrich drain begin count=18 queueSize=1 ageMs=11
[8745029][I][STORAGE] Spool enrich_batch applied=18 failed=0 batchFirstEventId=39118 batchLastEventId=39135 firstRecord=42175 lastRecord=42192 ms=1205
[8745030][I][BLE] enrich_perf count=18 applied=18 failed=0 deferred=0 storageMs=1654 pendingUpload=4472
[8745030][I][BLE] Enrich drain done applied=18 failed=0 deferred=0 queueSize=0
[8745030][I][BLE] Enrich torrent done drained=1 remaining=0 tookLease=0 preempt=0 elapsedMs=2136
[8745044][I][BLE] enrichment rx chunk cipher=142 queued=7
[8745045][W][BLE] enrichment payload ignored: not waiting
[8745046][I][BLE] enrichment rx chunk cipher=142 queued=6
[8745046][W][BLE] enrichment payload ignored: not waiting
[8745047][I][BLE] enrichment rx chunk cipher=142 queued=5
[8745047][W][BLE] enrichment payload ignored: not waiting
[8745048][I][BLE] enrichment rx chunk cipher=142 queued=4
[8745048][W][BLE] enrichment payload ignored: not waiting
[8745049][I][BLE] enrichment rx chunk cipher=142 queued=3
[8745049][W][BLE] enrichment payload ignored: not waiting
[8745049][I][BLE] enrichment rx chunk cipher=142 queued=2
[8745050][W][BLE] enrichment payload ignored: not waiting
[8745050][I][BLE] enrichment rx chunk cipher=142 queued=1
[8745051][W][BLE] enrichment payload ignored: not waiting
[8745051][I][BLE] enrichment rx chunk cipher=28 queued=0
[8745052][W][BLE] enrichment payload ignored: not waiting
[8745053][I][OFFLOAD] begin request prep=0 resident=0 active=0
[8745053][I][OFFLOAD] index preparation queued on TaskHardware internalFree=53952 largest=14836
[8745054][I][OFFLOAD] begin preparing index asynchronously
[8745054][I][CMD] op=0x30 reqid=2 status=4 payload=0 elapsedMs=1
[8745055][I][BLE] Enrichment pending scan begin claimed=0 max=18
[8745056][I][STORAGE] batch_load_ids_enter freeInternal=53896 segments=65
[8745056][I][STORAGE] load_ids_reserve count=1805 freeInternal=53896 largest=14836
[8745057][I][STORAGE] load_ids_reserved freeInternal=53896

===== CMD: spool enrich =====
[8747330][I][STORAGE] load_ids_loop_done scanned=32 skipped=33 idsCollected=1863 freeInternal=53952
[8747428][I][STORAGE] batch_load_ids_done count=1843 capacity=3610 freeInternal=53952
[8747429][I][STORAGE] batch_pending_loop_enter segments=65 maxCount=18 streaming=1 freeInternal=53952
[8747549][I][STORAGE] batch_pending_loop_break_streaming outCount=18 maxCount=18
[8747549][I][STORAGE] batch_pending_loop_done scanned=1 skipped=36 outCount=18 timeHit=0 elapsedMs=121 freeInternal=53952
[8747550][I][BLE] Enrichment pending scan done count=18
[8747550][I][BLE] enrichment request queued count=18 bytes=180
[8747550][I][BLE] Requested enrichment batch count=18 queued=0
[8747560][W][CORE] TaskHardware loop gap=2519ms owner=BLE_GPS pendingUpload=4472 maintPending=1 suppressed=3
spool enrich
[SPOOL] deferred owner=BLE_GPS reason=manual_spool_enrich
[8747565][I][OFFLOAD] index preparation started on TaskHardware stackFree=8656
[8747566][I][STORAGE] RAMSpool worker paused inflight=0 lastInflight=0
[8747566][I][STORAGE] Exclusive window begin kind=enrichment reason=phone_offload_prepare workerPaused=1 displaySuspended=1
[8747567][I][STORAGE] Upload index rebuild begin pending=4472 window=8192 heapFree=4566560 largest=4456436
[8747595][W][STORAGE] Upload index sidecar stale seg=550 reason=coverage max=36052 last=36069 pending=110
[8748185][I][STORAGE] Maintenance requested reason=segment_audit source=upload_index_counter_drift flags=dirty_spool_index|dirty_summary|snapshot_lagged|segment_audit
[8748185][W][STORAGE] Upload index observed segment counter drift seg=550 old=0/110 scan=0/97; queued maintenance
[8748682][W][STORAGE] Upload index sidecar stale seg=551 reason=coverage max=36245 last=36269 pending=100
[8749723][W][STORAGE] Upload index sidecar stale seg=552 reason=coverage max=36452 last=36469 pending=100
[8750776][W][STORAGE] Upload index sidecar stale seg=553 reason=coverage max=36507 last=36545 pending=38
[8751537][W][STORAGE] Upload index sidecar stale seg=554 reason=coverage max=36573 last=36605 pending=28
[8752018][W][STORAGE] Upload index sidecar stale seg=562 reason=coverage max=36627 last=36647 pending=22
[8752448][W][STORAGE] Upload index sidecar stale seg=563 reason=coverage max=36773 last=36789 pending=70
[8753276][W][STORAGE] Upload index sidecar stale seg=569 reason=coverage max=36809 last=36829 pending=20
[8753739][W][STORAGE] Upload index sidecar stale seg=571 reason=coverage max=36873 last=36913 pending=44
[8754530][W][STORAGE] Upload index sidecar stale seg=572 reason=coverage max=36953 last=36961 pending=22
[8754945][W][STORAGE] Upload index sidecar stale seg=574 reason=coverage max=37030 last=37089 pending=69
[8755755][W][STORAGE] Upload index sidecar stale seg=575 reason=coverage max=37253 last=37273 pending=93
[8756740][W][STORAGE] Upload index sidecar stale seg=577 reason=coverage max=37451 last=37461 pending=102
[8757788][W][STORAGE] Upload index sidecar stale seg=578 reason=coverage max=37463 last=37473 pending=2
[8758264][W][STORAGE] Upload index sidecar stale seg=579 reason=coverage max=37526 last=37555 pending=28
[8758750][W][STORAGE] Upload index sidecar stale seg=583 reason=coverage max=37632 last=37662 pending=54
[8759388][W][STORAGE] Upload index sidecar stale seg=584 reason=coverage max=37711 last=37759 pending=48
[8760018][W][STORAGE] Upload index sidecar stale seg=588 reason=coverage max=37779 last=37799 pending=20
[8760574][W][STORAGE] Upload index sidecar stale seg=599 reason=coverage max=37824 last=37826 pending=8
[8760940][W][STORAGE] Upload index sidecar stale seg=600 reason=coverage max=37866 last=37871 pending=23
[8761086][I][STACK] TaskButtons watermark=1784B min=1784B
[8761716][W][STORAGE] Upload index sidecar stale seg=602 reason=coverage max=37888 last=37903 pending=15
[8762093][W][STORAGE] Upload index sidecar stale seg=603 reason=coverage max=38012 last=38035 pending=66
[8762880][I][STORAGE] Upload index rebuild progress segs=25 indexed=1085 window=8192 heapFree=4352408 largest=4194292
[8762917][W][STORAGE] Upload index sidecar stale seg=604 reason=coverage max=38060 last=38085 pending=25
[8763403][W][STORAGE] Upload index sidecar stale seg=605 reason=coverage max=38228 last=38253 pending=84
[8764500][W][STORAGE] Upload index sidecar stale seg=606 reason=coverage max=38310 last=38337 pending=42
[8765063][W][STORAGE] Upload index sidecar stale seg=609 reason=coverage max=38387 last=38393 pending=12
[8765430][W][STORAGE] Upload index sidecar stale seg=612 reason=coverage max=38400 last=38407 pending=7

===== CMD: spool diag =====

===== CMD: spool quarantine list =====

===== CMD: spool quarantine meta =====
[8781149][I][STORAGE] Upload index rebuild progress segs=50 indexed=3293 window=8192 heapFree=4147984 largest=4063220

===== CMD: fieldvault dump =====
[8790932][I][STORAGE] Upload window rebuild accepted indexed=4459 window=8192 pending=4472 sessions=39 skipped=0 failedSegs=0 sidecarLoaded=3 sidecarStale=61 truncated=0 heapFree=4012220 largest=3932148
[8790933][I][STORAGE] Upload stream prepare index built ok=1 resident=1 ms=43367
[8790933][I][STORAGE] Upload stream prepare ready=1 pending=4472 budgetMs=45000 ms=43367 internalFree=43292 internalLargest=11764 psramFree=3968928
[8790934][I][STORAGE] RAMSpool worker resumed
[8790934][I][STORAGE] Exclusive window end kind=enrichment result=index_ready reason=phone_offload_prepare
[8790934][I][OFFLOAD] index preparation complete ok=1 resident=1
[8790935][I][STACK] TaskHardware offload preparation watermark=8656B
[8790936][I][BLE] worker stack free=7376B min=7376B
[8790937][I][OFFLOAD] begin request prep=2 resident=1 active=0
[8790938][I][STORAGE] RAMSpool worker paused inflight=0 lastInflight=0
[8790938][I][STORAGE] Exclusive window begin kind=enrichment reason=phone_offload_activate workerPaused=1 displaySuspended=1
[8790938][I][STORAGE] Upload batch open; deferring watermark flush
[8790939][I][STORAGE] RAMSpool worker resumed
[8790939][I][STORAGE] Exclusive window end kind=enrichment result=batch_open reason=phone_offload_activate
[8790939][I][OFFLOAD] begin transfer=1 pending=4472 indexed=4459 sessions=39 truncated=0
[8790940][I][CMD] op=0x30 reqid=5 status=0 payload=12 elapsedMs=3
[8790941][I][BLE] enrichment send mtu=247 attPayload=244 bytes=180 count=18
[8790973][I][BLE] storage snapshot sent pendingUp=0/4472 pendingEnrich=0/3163 usedPct=26
[8790975][I][STACK] TaskHardware watermark=8656B min=8656B
[8790979][I][HEAP] heap free=3915KB min=3876KB largest=3840KB frag=1% internalFree=40KB internalLargest=11KB psramFree=3876KB core=93/48% owner=BLE_GPS nets=9 pendingUpload=4472 pendingEnrich=3163
[HEALTH] time=2026-08-16 14:39:01 src=gps
[HEALTH] heap used=4537/8452KB free=3915KB min=3876KB largest=3840KB frag=1%
[HEALTH] internal used=221/260KB free=40KB min=0KB largest=11KB
[HEALTH] psram used=4316/8192KB free=3876KB largest=3840KB
[HEALTH] stack free_min: core0=8KB/18KB core1=5KB/10KB
[HEALTH] loopTask free_min=3080B/5120B
[HEALTH] core usage: core0=93% core1=48%
[HEALTH] power=usb state=usb batt=100% 4699mV trend=8mV/min runtime=0min cap=1100mAh charging=1
[HEALTH] radio=BLE_GPS wifi=0 ble=1 gps=0 nets=9 pendingUpload=4472 pendingEnrich=3163
[HEALTH] subghz=NONE mode=OFF pkts=0 nodes=0
[8790982][I][STACK] TaskStorage watermark=1896B
[8790982][I][STORAGE] RAMSpool enq=553 cons=553 inflight=0/1024 high=2 pressure=0 drop[full=0 big=0 noise=0 p3Evict=0 p3Drop=0 p2Drop=0 p1Fail=0] free=1024
[8790982][I][STORAGE] RAMSpool enqueue probe[ok=521 drop=0] device[ok=32 drop=0]
[8790983][I][STORAGE] RAMSpool worker probe[ok=521 sup=0 drop=0 fail=0 slow=0] device[ok=31 sup=1 drop=0 fail=0 slow=0] slowTotal=0 maxMs=0
[8790983][I][STORAGE] RAMSpool prioEnq p0=0 p1=0 p2=553 p3=0
[8790983][I][STORAGE] RAMSpool lanes p1=0/0 p2=0/1 p3=0/0
[8790993][W][CORE] TaskHardware loop gap=43433ms owner=BLE_GPS pendingUpload=4472 maintPending=1 suppressed=0
spool diag
[SPOOL] deferred owner=BLE_GPS reason=manual_spool_diag
spool quarantine list
[SPOOL] -- /spool_bad/logs --
[8791003][I][BLE] enrichment batch sent plain=180 sealed=202 count=18 writeOk=1
[SPOOL]   (empty)
[SPOOL] -- /spool_bad/meta --
[SPOOL]   (empty)
spool quarantine meta
[SPOOL] quarantine meta: empty
fieldvault dump
[FIELD] cursor=0 pending=1 nextSeq=7370
[FIELD] --- backup path=/config/vault/field/field.jsonl.1 bytes=65547 ---
{"type":"power_sample","seq":6902,"ts_ms":18015314,"uptime_s":18015,"mv":4717,"pct":100,"trend":2,"cap_mah":1100,"runtime_min":0,"source":"usb","state":"usb","charging":0,"owner":7,"reason":"interval"}
{"type":"run_sample","seq":6903,"ts_ms":18050927,"uptime_s":18050,"session":"33e864-6789-facc4508","owner":5,"pending":2536,"enrich":1121,"nets":9,"probes":989,"lora":0,"sg_mode":0,"sg_nodes":0,"wio":0,"wio_proxy":0,"wio_phone":0,"upload":0,"heap_kb":4463,"int_kb":50,"reason":"owner"}
{"type":"run_sample","seq":6904,"ts_ms":18110929,"uptime_s":18110,"session":"33e864-6789-facc4508","owner":1,"pending":2540,"enrich":1125,"nets":9,"probes":993,"lora":0,"sg_mode":0,"sg_nodes":0,"wio":0,"wio_proxy":0,"wio_phone":0,"upload":0,"heap_kb":4429,"int_kb":21,"reason":"owner"}
{"type":"run_sample","seq":6905,"ts_ms":18271806,"uptime_s":18271,"session":"33e864-6789-facc4508","owner":5,"pending":2549,"enrich":1134,"nets":9,"probes":1003,"lora":0,"sg_mode":0,"sg_nodes":0,"wio":0,"wio_proxy":0,"wio_phone":0,"upload":0,"heap_kb":4463,"int_kb":50,"reason":"owner"}
{"type":"run_sample","seq":6906,"ts_ms":18331807,"uptime_s":18331,"session":"33e864-6789-facc4508","owner":1,"pending":2553,"enrich":1138,"nets":9,"probes":1006,"lora":0,"sg_mode":0,"sg_nodes":0,"wio":0,"wio_proxy":0,"wio_phone":0,"upload":0,"heap_kb":4428,"int_kb":21,"reason":"owner"}
{"type":"run_sample","seq":6907,"ts_ms":18391816,"uptime_s":18391,"session":"33e864-6789-facc4508","owner":7,"pending":2554,"enrich":1139,"nets":9,"probes":1007,"lora":0,"sg_mode":0,"sg_nodes":0,"wio":0,"wio_proxy":0,"wio_phone":0,"upload":0,"heap_kb":4462,"int_kb":50,"reason":"owner"}
{"type":"run_sample","seq":6908,"ts_ms":18451828,"uptime_s":18451,"session":"33e864-6789-facc4508","owner":1,"pending":2556,"enrich":1141,"nets":9,"probes":1011,"lora":0,"sg_mode":0,"sg_nodes":0,"wio":0,"wio_proxy":0,"wio_phone":0,"upload":0,"heap_kb":4428,"int_kb":20,"reason":"owner"}
[8791086][I][STACK] TaskButtons watermark=1784B min=1784B
{"type":"run_sample","seq":6909,"ts_ms":18715900,"uptime_s":18715,"session":"33e864-6789-facc4508","owner":7,"pending":2575,"enrich":1160,"nets":9,"probes":1026,"lora":0,"sg_mode":0,"sg_nodes":0,"wio":0,"wio_proxy":0,"wio_phone":0,"upload":0,"heap_kb":4463,"int_kb":50,"reason":"owner"}
{"type":"run_sample","seq":6910,"ts_ms":18776056,"uptime_s":18775,"session":"33e864-6789-facc4508","owner":5,"pending":2575,"enrich":1160,"nets":9,"probes":1026,"lora":0,"sg_mode":0,"sg_nodes":0,"wio":0,"wio_proxy":0,"wio_phone":0,"upload":0,"heap_kb":4462,"int_kb":50,"reason":"owner"}
{"type":"run_sample","seq":6911,"ts_ms":18836061,"uptime_s":18836,"session":"33e864-6789-facc4508","owner":1,"pending":2578,"enrich":1163,"nets":9,"probes":1029,"lora":0,"sg_mode":0,"sg_nodes":0,"wio":0,"wio_proxy":0,"wio_phone":0,"upload":0,"heap_kb":4429,"int_kb":21,"reason":"owner"}
{"type":"power_sample","seq":6912,"ts_ms":18915319,"uptime_s":18915,"mv":4712,"pct":100,"trend":-1,"cap_mah":1100,"runtime_min":0,"source":"usb","state":"usb","charging":0,"owner":1,"reason":"interval"}
{"type":"run_sample","seq":6913,"ts_ms":19079045,"uptime_s":19078,"session":"33e864-6789-facc4508","owner":7,"pending":2593,"enrich":1178,"nets":9,"probes":1043,"lora":0,"sg_mode":0,"sg_nodes":0,"wio":0,"wio_proxy":0,"wio_phone":0,"upload":0,"heap_kb":4463,"int_kb":51,"reason":"owner"}
{"type":"run_sample","seq":6914,"ts_ms":19139197,"uptime_s":19139,"session":"33e864-6789-facc4508","owner":5,"pending":2593,"enrich":1178,"nets":9,"probes":1043,"lora":0,"sg_mode":0,"sg_nodes":0,"wio":0,"wio_proxy":0,"wio_phone":0,"upload":0,"heap_kb":4463,"int_kb":50,"reason":"owner"}
{"type":"run_sample","seq":6915,"ts_ms":19199201,"uptime_s":19199,"session":"33e864-6789-facc4508","owner":1,"pending":2594,"enrich":1179,"nets":9,"probes":1044,"lora":0,"sg_mode":0,"sg_nodes":0,"wio":0,"wio_proxy":0,"wio_phone":0,"upload":0,"heap_kb":4428,"int_kb":21,"reason":"owner"}
{"type":"run_sample","seq":6916,"ts_ms":19442444,"uptime_s":19442,"session":"33e864-6789-facc4508","owner":7,"pending":2609,"enrich":1194,"nets":9,"probes":1058,"lora":0,"sg_mode":0,"sg_nodes":0,"wio":0,"wio_proxy":0,"wio_phone":0,"upload":0,"heap_kb":4463,"int_kb":50,"reason":"owner"}
{"type":"run_sample","seq":6917,"ts_ms":19502598,"uptime_s":19502,"session":"33e864-6789-facc4508","owner":5,"pending":2609,"enrich":1194,"nets":9,"probes":1058,"lora":0,"sg_mode":0,"sg_nodes":0,"wio":0,"wio_proxy":0,"wio_phone":0,"upload":0,"heap_kb":4462,"int_kb":50,"reason":"owner"}
{"type":"run_sample","seq":6918,"ts_ms":19562601,"uptime_s":19562,"session":"33e864-6789-facc4508","owner":1,"pending":2612,"enrich":1197,"nets":9,"probes":1061,"lora":0,"sg_mode":0,"sg_nodes":0,"wio":0,"wio_proxy":0,"wio_phone":0,"upload":0,"heap_kb":4428,"int_kb":21,"reason":"owner"}
{"type":"run_sample","seq":6919,"ts_ms":19805362,"uptime_s":19805,"session":"33e864-6789-facc4508","owner":7,"pending":2628,"enrich":1213,"nets":9,"probes":1077,"lora":0,"sg_mode":0,"sg_nodes":0,"wio":0,"wio_proxy":0,"wio_phone":0,"upload":0,"heap_kb":4463,"int_kb":50,"reason":"owner"}
{"type":"power_sample","seq":6920,"ts_ms":19815322,"uptime_s":19815,"mv":4722,"pct":100,"trend":4,"cap_mah":1100,"runtime_min":0,"source":"usb","state":"usb","charging":1,"owner":7,"reason":"interval"}
{"type":"run_sample","seq":6921,"ts_ms":19865371,"uptime_s":19865,"session":"33e864-6789-facc4508","owner":0,"pending":2628,"enrich":1213,"nets":9,"probes":1077,"lora":0,"sg_mode":0,"sg_nodes":0,"wio":0,"wio_proxy":0,"wio_phone":0,"upload":0,"heap_kb":4462,"int_kb":50,"reason":"owner"}
{"type":"run_sample","seq":6922,"ts_ms":19925378,"uptime_s":19925,"session":"33e864-6789-facc4508","owner":1,"pending":2632,"enrich":1217,"nets":9,"probes":1081,"lora":0,"sg_mode":0,"sg_nodes":0,"wio":0,"wio_proxy":0,"wio_phone":0,"upload":0,"heap_kb":4428,"int_kb":20,"reason":"owner"}
{"type":"run_sample","seq":6923,"ts_ms":20165677,"uptime_s":20165,"session":"33e864-6789-facc4508","owner":7,"pending":2649,"enrich":1234,"nets":9,"probes":1098,"lora":0,"sg_mode":0,"sg_nodes":0,"wio":0,"wio_proxy":0,"wio_phone":0,"upload":0,"heap_kb":4462,"int_kb":50,"reason":"owner"}
{"type":"run_sample","seq":6924,"ts_ms":20225837,"uptime_s":20225,"session":"33e864-6789-facc4508","owner":5,"pending":2649,"enrich":1234,"nets":9,"probes":1098,"lora":0,"sg_mode":0,"sg_nodes":0,"wio":0,"wio_proxy":0,"wio_phone":0,"upload":0,"heap_kb":4462,"int_kb":50,"reason":"owner"}
{"type":"run_sample","seq":6925,"ts_ms":20285846,"uptime_s":20285,"session":"33e864-6789-facc4508","owner":1,"pending":2656,"enrich":1241,"nets":9,"probes":1105,"lora":0,"sg_mode":0,"sg_nodes":0,"wio":0,"wio_proxy":0,"wio_phone":0,"upload":0,"heap_kb":4428,"int_kb":20,"reason":"owner"}
{"type":"run_sample","seq":6926,"ts_ms":20366476,"uptime_s":20366,"session":"33e864-6789-facc4508","owner":5,"pending":2660,"enrich":1245,"nets":9,"probes":1109,"lora":0,"sg_mode":0,"sg_nodes":0,"wio":0,"wio_proxy":0,"wio_phone":0,"upload":0,"heap_kb":4462,"int_kb":50,"reason":"owner"}
{"type":"run_sample","seq":6927,"ts_ms":20426481,"uptime_s":20426,"session":"33e864-6789-facc4508","owner":1,"pending":2665,"enrich":1250,"nets":9,"probes":1113,"lora":0,"sg_mode":0,"sg_nodes":0,"wio":0,"wio_proxy":0,"wio_phone":0,"upload":0,"heap_kb":4428,"int_kb":20,"reason":"owner"}
{"type":"run_sample","seq":6928,"ts_ms":20528514,"uptime_s":20528,"session":"33e864-6789-facc4508","owner":7,"pending":2671,"enrich":1256,"nets":9,"probes":1118,"lora":0,"sg_mode":0,"sg_nodes":0,"wio":0,"wio_proxy":0,"wio_phone":0,"upload":0,"heap_kb":4463,"int_kb":50,"reason":"owner"}
{"type":"run_sample","seq":6929,"ts_ms":20588518,"uptime_s":20588,"session":"33e864-6789-facc4508","owner":0,"pending":2671,"enrich":1256,"nets":9,"probes":1118,"lora":0,"sg_mode":0,"sg_nodes":0,"wio":0,"wio_proxy":0,"wio_phone":0,"upload":0,"heap_kb":4462,"int_kb":50,"reason":"owner"}
{"type":"run_sample","seq":6930,"ts_ms":20648527,"uptime_s":20648,"session":"33e864-6789-facc4508","owner":1,"pending":2675,"enrich":1260,"nets":9,"probes":1122,"lora":0,"sg_mode":0,"sg_nodes":0,"wio":0,"wio_proxy":0,"wio_phone":0,"upload":0,"heap_kb":4428,"int_kb":20,"reason":"owner"}
{"type":"power_sample","seq":6931,"ts_ms":20715330,"uptime_s":20715,"mv":4711,"pct":100,"trend":-1,"cap_mah":1100,"runtime_min":0,"source":"usb","state":"usb","charging":0,"owner":1,"reason":"interval"}
{"type":"run_sample","seq":6932,"ts_ms":20869461,"uptime_s":20869,"session":"33e864-6789-facc4508","owner":5,"pending":2691,"enrich":1276,"nets":9,"probes":1138,"lora":0,"sg_mode":0,"sg_nodes":0,"wio":0,"wio_proxy":0,"wio_phone":0,"upload":0,"heap_kb":4462,"int_kb":50,"reason":"owner"}
{"type":"run_sample","seq":6933,"ts_ms":20929468,"uptime_s":20929,"session":"33e864-6789-facc4508","owner":7,"pending":2694,"enrich":1279,"nets":9,"probes":1140,"lora":0,"sg_mode":0,"sg_nodes":0,"wio":0,"wio_proxy":0,"wio_phone":0,"upload":0,"heap_kb":4462,"int_kb":50,"reason":"owner"}
{"type":"run_sample","seq":6934,"ts_ms":20989475,"uptime_s":20989,"session":"33e864-6789-facc4508","owner":1,"pending":2697,"enrich":1282,"nets":9,"probes":1143,"lora":0,"sg_mode":0,"sg_nodes":0,"wio":0,"wio_proxy":0,"wio_phone":0,"upload":0,"heap_kb":4428,"int_kb":20,"reason":"owner"}
{"type":"run_sample","seq":6935,"ts_ms":21204560,"uptime_s":21204,"session":"33e864-6789-facc4508","owner":5,"pending":2708,"enrich":1293,"nets":9,"probes":1154,"lora":0,"sg_mode":0,"sg_nodes":0,"wio":0,"wio_proxy":0,"wio_phone":0,"upload":0,"heap_kb":4462,"int_kb":50,"reason":"owner"}
{"type":"run_sample","seq":6936,"ts_ms":21264559,"uptime_s":21264,"session":"33e864-6789-facc4508","owner":7,"pending":2710,"enrich":1295,"nets":9,"probes":1155,"lora":0,"sg_mode":0,"sg_nodes":0,"wio":0,"wio_proxy":0,"wio_phone":0,"upload":0,"heap_kb":4462,"int_kb":50,"reason":"owner"}
{"type":"run_sample","seq":6937,"ts_ms":21324560,"uptime_s":21324,"session":"33e864-6789-facc4508","owner":1,"pending":2711,"enrich":1296,"nets":9,"probes":1156,"lora":0,"sg_mode":0,"sg_nodes":0,"wio":0,"wio_proxy":0,"wio_phone":0,"upload":0,"heap_kb":4428,"int_kb":20,"reason":"owner"}
{"type":"run_sample","seq":6938,"ts_ms":21613821,"uptime_s":21613,"session":"33e864-6789-facc4508","owner":7,"pending":2730,"enrich":1315,"nets":9,"probes":1174,"lora":0,"sg_mode":0,"sg_nodes":0,"wio":0,"wio_proxy":0,"wio_phone":0,"upload":0,"heap_kb":4462,"int_kb":50,"reason":"owner"}
{"type":"power_sample","seq":6939,"ts_ms":21615337,"uptime_s":21615,"mv":4719,"pct":100,"trend":2,"cap_mah":1100,"runtime_min":0,"source":"usb","state":"usb","charging":0,"owner":7,"reason":"interval"}
{"type":"run_sample","seq":6940,"ts_ms":21673974,"uptime_s":21673,"session":"33e864-6789-facc4508","owner":5,"pending":2730,"enrich":1315,"nets":9,"probes":1174,"lora":0,"sg_mode":0,"sg_nodes":0,"wio":0,"wio_proxy":0,"wio_phone":0,"upload":0,"heap_kb":4462,"int_kb":50,"reason":"owner"}
{"type":"run_sample","seq":6941,"ts_ms":21733977,"uptime_s":21733,"session":"33e864-6789-facc4508","owner":1,"pending":2735,"enrich":1320,"nets":9,"probes":1179,"lora":0,"sg_mode":0,"sg_nodes":0,"wio":0,"wio_proxy":0,"wio_phone":0,"upload":0,"heap_kb":4428,"int_kb":20,"reason":"owner"}
{"type":"run_sample","seq":6942,"ts_ms":21976458,"uptime_s":21976,"session":"33e864-6789-facc4508","owner":7,"pending":2751,"enrich":1336,"nets":9,"probes":1194,"lora":0,"sg_mode":0,"sg_nodes":0,"wio":0,"wio_proxy":0,"wio_phone":0,"upload":0,"heap_kb":4462,"int_kb":50,"reason":"owner"}
{"type":"run_sample","seq":6943,"ts_ms":22036616,"uptime_s":22036,"session":"33e864-6789-facc4508","owner":5,"pending":2751,"enrich":1336,"nets":9,"probes":1194,"lora":0,"sg_mode":0,"sg_nodes":0,"wio":0,"wio_proxy":0,"wio_phone":0,"upload":0,"heap_kb":4462,"int_kb":50,"reason":"owner"}
{"type":"run_sample","seq":6944,"ts_ms":22096619,"uptime_s":22096,"session":"33e864-6789-facc4508","owner":1,"pending":2756,"enrich":1341,"nets":9,"probes":1199,"lora":0,"sg_mode":0,"sg_nodes":0,"wio":0,"wio_proxy":0,"wio_phone":0,"upload":0,"heap_kb":4428,"int_kb":20,"reason":"owner"}
{"type":"run_sample","seq":6945,"ts_ms":22337822,"uptime_s":22337,"session":"33e864-6789-facc4508","owner":7,"pending":2770,"enrich":1355,"nets":9,"probes":1212,"lora":0,"sg_mode":0,"sg_nodes":0,"wio":0,"wio_proxy":0,"wio_phone":0,"upload":0,"heap_kb":4462,"int_kb":50,"reason":"owner"}
{"type":"run_sample","seq":6946,"ts_ms":22397982,"uptime_s":22397,"session":"33e864-6789-facc4508","owner":5,"pending":2770,"enrich":1355,"nets":9,"probes":1212,"lora":0,"sg_mode":0,"sg_nodes":0,"wio":0,"wio_proxy":0,"wio_phone":0,"upload":0,"heap_kb":4462,"int_kb":50,"reason":"owner"}
{"type":"run_sample","seq":6947,"ts_ms":22457991,"uptime_s":22457,"session":"33e864-6789-facc4508","owner":1,"pending":2773,"enrich":1358,"nets":9,"probes":1215,"lora":0,"sg_mode":0,"sg_nodes":0,"wio":0,"wio_proxy":0,"wio_phone":0,"upload":0,"heap_kb":4428,"int_kb":20,"reason":"owner"}
{"type":"power_sample","seq":6948,"ts_ms":22515341,"uptime_s":22515,"mv":4710,"pct":100,"trend":-1,"cap_mah":1100,"runtime_min":0,"source":"usb","state":"usb","charging":0,"owner":1,"reason":"interval"}
{"type":"run_sample","seq":6949,"ts_ms":22700590,"uptime_s":22700,"session":"33e864-6789-facc4508","owner":7,"pending":2788,"enrich":1373,"nets":9,"probes":1229,"lora":0,"sg_mode":0,"sg_nodes":0,"wio":0,"wio_proxy":0,"wio_phone":0,"upload":0,"heap_kb":4462,"int_kb":50,"reason":"owner"}
{"type":"run_sample","seq":6950,"ts_ms":22760746,"uptime_s":22760,"session":"33e864-6789-facc4508","owner":5,"pending":2788,"enrich":1373,"nets":9,"probes":1229,"lora":0,"sg_mode":0,"sg_nodes":0,"wio":0,"wio_proxy":0,"wio_phone":0,"upload":0,"heap_kb":4462,"int_kb":50,"reason":"owner"}
{"type":"run_sample","seq":6951,"ts_ms":22820749,"uptime_s":22820,"session":"33e864-6789-facc4508","owner":1,"pending":2791,"enrich":1376,"nets":9,"probes":1232,"lora":0,"sg_mode":0,"sg_nodes":0,"wio":0,"wio_proxy":0,"wio_phone":0,"upload":0,"heap_kb":4428,"int_kb":20,"reason":"owner"}
{"type":"run_sample","seq":6952,"ts_ms":23063605,"uptime_s":23063,"session":"33e864-6789-facc4508","owner":7,"pending":2798,"enrich":1383,"nets":9,"probes":1239,"lora":0,"sg_mode":0,"sg_nodes":0,"wio":0,"wio_proxy":0,"wio_phone":0,"upload":0,"heap_kb":4462,"int_kb":50,"reason":"owner"}
{"type":"run_sample","seq":6953,"ts_ms":23123763,"uptime_s":23123,"session":"33e864-6789-facc4508","owner":5,"pending":2798,"enrich":1383,"nets":9,"probes":1239,"lora":0,"sg_mode":0,"sg_nodes":0,"wio":0,"wio_proxy":0,"wio_phone":0,"upload":0,"heap_kb":4462,"int_kb":50,"reason":"owner"}
{"type":"run_sample","seq":6954,"ts_ms":23183771,"uptime_s":23183,"session":"33e864-6789-facc4508","owner":1,"pending":2802,"enrich":1387,"nets":9,"probes":1241,"lora":0,"sg_mode":0,"sg_nodes":0,"wio":0,"wio_proxy":0,"wio_phone":0,"upload":0,"heap_kb":4428,"int_kb":20,"reason":"owner"}
{"type":"run_sample","seq":6955,"ts_ms":23245655,"uptime_s":23245,"session":"33e864-6789-facc4508","owner":5,"pending":2804,"enrich":1389,"nets":9,"probes":1243,"lora":0,"sg_mode":0,"sg_nodes":0,"wio":0,"wio_proxy":0,"wio_phone":0,"upload":0,"heap_kb":4462,"int_kb":50,"reason":"owner"}
{"type":"run_sample","seq":6956,"ts_ms":23305659,"uptime_s":23305,"session":"33e864-6789-facc4508","owner":1,"pending":2808,"enrich":1393,"nets":9,"probes":1247,"lora":0,"sg_mode":0,"sg_nodes":0,"wio":0,"wio_proxy":0,"wio_phone":0,"upload":0,"heap_kb":4428,"int_kb":20,"reason":"owner"}
{"type":"power_sample","seq":6957,"ts_ms":23415343,"uptime_s":23415,"mv":4713,"pct":100,"trend":0,"cap_mah":1100,"runtime_min":0,"source":"usb","state":"usb","charging":0,"owner":1,"reason":"interval"}
{"type":"run_sample","seq":6958,"ts_ms":23425833,"uptime_s":23425,"session":"33e864-6789-facc4508","owner":7,"pending":2813,"enrich":1398,"nets":9,"probes":1252,"lora":0,"sg_mode":0,"sg_nodes":0,"wio":0,"wio_proxy":0,"wio_phone":0,"upload":0,"heap_kb":4462,"int_kb":50,"reason":"owner"}
{"type":"run_sample","seq":6959,"ts_ms":23485986,"uptime_s":23485,"session":"33e864-6789-facc4508","owner":5,"pending":2813,"enrich":1398,"nets":9,"probes":1252,"lora":0,"sg_mode":0,"sg_nodes":0,"wio":0,"wio_proxy":0,"wio_phone":0,"upload":0,"heap_kb":4462,"int_kb":50,"reason":"owner"}
{"type":"run_sample","seq":6960,"ts_ms":23545995,"uptime_s":23545,"session":"33e864-6789-facc4508","owner":1,"pending":2815,"enrich":1400,"nets":9,"probes":1254,"lora":0,"sg_mode":0,"sg_nodes":0,"wio":0,"wio_proxy":0,"wio_phone":0,"upload":0,"heap_kb":4428,"int_kb":20,"reason":"owner"}
{"type":"run_sample","seq":6961,"ts_ms":23642947,"uptime_s":23642,"session":"33e864-6789-facc4508","owner":5,"pending":2819,"enrich":1404,"nets":9,"probes":1258,"lora":0,"sg_mode":0,"sg_nodes":0,"wio":0,"wio_proxy":0,"wio_phone":0,"upload":0,"heap_kb":4462,"int_kb":50,"reason":"owner"}
{"type":"run_sample","seq":6962,"ts_ms":23702955,"uptime_s":23702,"session":"33e864-6789-facc4508","owner":1,"pending":2825,"enrich":1410,"nets":9,"probes":1263,"lora":0,"sg_mode":0,"sg_nodes":0,"wio":0,"wio_proxy":0,"wio_phone":0,"upload":0,"heap_kb":4428,"int_kb":20,"reason":"owner"}
{"type":"run_sample","seq":6963,"ts_ms":23788977,"uptime_s":23788,"session":"33e864-6789-facc4508","owner":7,"pending":2829,"enrich":1414,"nets":9,"probes":1267,"lora":0,"sg_mode":0,"sg_nodes":0,"wio":0,"wio_proxy":0,"wio_phone":0,"upload":0,"heap_kb":4462,"int_kb":50,"reason":"owner"}
{"type":"run_sample","seq":6964,"ts_ms":23849132,"uptime_s":23848,"session":"33e864-6789-facc4508","owner":5,"pending":2829,"enrich":1414,"nets":9,"probes":1267,"lora":0,"sg_mode":0,"sg_nodes":0,"wio":0,"wio_proxy":0,"wio_phone":0,"upload":0,"heap_kb":4462,"int_kb":49,"reason":"owner"}
{"type":"run_sample","seq":6965,"ts_ms":23909142,"uptime_s":23909,"session":"33e864-6789-facc4508","owner":1,"pending":2830,"enrich":1415,"nets":9,"probes":1268,"lora":0,"sg_mode":0,"sg_nodes":0,"wio":0,"wio_proxy":0,"wio_phone":0,"upload":0,"heap_kb":4428,"int_kb":20,"reason":"owner"}
{"type":"run_sample","seq":6966,"ts_ms":24151538,"uptime_s":24151,"session":"33e864-6789-facc4508","owner":7,"pending":2843,"enrich":1428,"nets":9,"probes":1279,"lora":0,"sg_mode":0,"sg_nodes":0,"wio":0,"wio_proxy":0,"wio_phone":0,"upload":0,"heap_kb":4462,"int_kb":50,"reason":"owner"}
{"type":"run_sample","seq":6967,"ts_ms":24211695,"uptime_s":24211,"session":"33e864-6789-facc4508","owner":5,"pending":2843,"enrich":1428,"nets":9,"probes":1279,"lora":0,"sg_mode":0,"sg_nodes":0,"wio":0,"wio_proxy":0,"wio_phone":0,"upload":0,"heap_kb":4462,"int_kb":50,"reason":"owner"}
{"type":"run_sample","seq":6968,"ts_ms":24271702,"uptime_s":24271,"session":"33e864-6789-facc4508","owner":1,"pending":2844,"enrich":1429,"nets":9,"probes":1280,"lora":0,"sg_mode":0,"sg_nodes":0,"wio":0,"wio_proxy":0,"wio_phone":0,"upload":0,"heap_kb":4428,"int_kb":20,"reason":"owner"}
{"type":"power_sample","seq":6969,"ts_ms":24315349,"uptime_s":24315,"mv":4712,"pct":100,"trend":0,"cap_mah":1100,"runtime_min":0,"source":"usb","state":"usb","charging":0,"owner":1,"reason":"interval"}
{"type":"run_sample","seq":6970,"ts_ms":24369546,"uptime_s":24369,"session":"33e864-6789-facc4508","owner":5,"pending":2852,"enrich":1437,"nets":9,"probes":1287,"lora":0,"sg_mode":0,"sg_nodes":0,"wio":0,"wio_proxy":0,"wio_phone":0,"upload":0,"heap_kb":4462,"int_kb":50,"reason":"owner"}
{"type":"run_sample","seq":6971,"ts_ms":24429553,"uptime_s":24429,"session":"33e864-6789-facc4508","owner":1,"pending":2857,"enrich":1442,"nets":9,"probes":1292,"lora":0,"sg_mode":0,"sg_nodes":0,"wio":0,"wio_proxy":0,"wio_phone":0,"upload":0,"heap_kb":4428,"int_kb":20,"reason":"owner"}
{"type":"run_sample","seq":6972,"ts_ms":24513953,"uptime_s":24513,"session":"33e864-6789-facc4508","owner":7,"pending":2863,"enrich":1448,"nets":9,"probes":1298,"lora":0,"sg_mode":0,"sg_nodes":0,"wio":0,"wio_proxy":0,"wio_phone":0,"upload":0,"heap_kb":4462,"int_kb":50,"reason":"owner"}
{"type":"run_sample","seq":6973,"ts_ms":24574110,"uptime_s":24573,"session":"33e864-6789-facc4508","owner":5,"pending":2863,"enrich":1448,"nets":9,"probes":1298,"lora":0,"sg_mode":0,"sg_nodes":0,"wio":0,"wio_proxy":0,"wio_phone":0,"upload":0,"heap_kb":4462,"int_kb":50,"reason":"owner"}
{"type":"run_sample","seq":6974,"ts_ms":24634111,"uptime_s":24634,"session":"33e864-6789-facc4508","owner":1,"pending":2868,"enrich":1453,"nets":9,"probes":1302,"lora":0,"sg_mode":0,"sg_nodes":0,"wio":0,"wio_proxy":0,"wio_phone":0,"upload":0,"heap_kb":4428,"int_kb":20,"reason":"owner"}
{"type":"run_sample","seq":6975,"ts_ms":24876198,"uptime_s":24875,"session":"33e864-6789-facc4508","owner":7,"pending":2882,"enrich":1467,"nets":9,"probes":1316,"lora":0,"sg_mode":0,"sg_nodes":0,"wio":0,"wio_proxy":0,"wio_phone":0,"upload":0,"heap_kb":4462,"int_kb":50,"reason":"owner"}
{"type":"run_sample","seq":6976,"ts_ms":24936356,"uptime_s":24936,"session":"33e864-6789-facc4508","owner":5,"pending":2882,"enrich":1467,"nets":9,"probes":1316,"lora":0,"sg_mode":0,"sg_nodes":0,"wio":0,"wio_proxy":0,"wio_phone":0,"upload":0,"heap_kb":4462,"int_kb":49,"reason":"owner"}
{"type":"run_sample","seq":6977,"ts_ms":24996357,"uptime_s":24996,"session":"33e864-6789-facc4508","owner":1,"pending":2885,"enrich":1470,"nets":9,"probes":1319,"lora":0,"sg_mode":0,"sg_nodes":0,"wio":0,"wio_proxy":0,"wio_phone":0,"upload":0,"heap_kb":4428,"int_kb":20,"reason":"owner"}
{"type":"power_sample","seq":6978,"ts_ms":25215358,"uptime_s":25215,"mv":4712,"pct":100,"trend":-1,"cap_mah":1100,"runtime_min":0,"source":"usb","state":"usb","charging":0,"owner":1,"reason":"interval"}
{"type":"run_sample","seq":6979,"ts_ms":25239272,"uptime_s":25238,"session":"33e864-6789-facc4508","owner":7,"pending":2896,"enrich":1481,"nets":9,"probes":1332,"lora":0,"sg_mode":0,"sg_nodes":0,"wio":0,"wio_proxy":0,"wio_phone":0,"upload":0,"heap_kb":4462,"int_kb":50,"reason":"owner"}
{"type":"run_sample","seq":6980,"ts_ms":25299430,"uptime_s":25299,"session":"33e864-6789-facc4508","owner":5,"pending":2896,"enrich":1481,"nets":9,"probes":1332,"lora":0,"sg_mode":0,"sg_nodes":0,"wio":0,"wio_proxy":0,"wio_phone":0,"upload":0,"heap_kb":4462,"int_kb":50,"reason":"owner"}
{"type":"run_sample","seq":6981,"ts_ms":25359435,"uptime_s":25359,"session":"33e864-6789-facc4508","owner":1,"pending":2904,"enrich":1489,"nets":9,"probes":1336,"lora":0,"sg_mode":0,"sg_nodes":0,"wio":0,"wio_proxy":0,"wio_phone":0,"upload":0,"heap_kb":4428,"int_kb":20,"reason":"owner"}
{"type":"run_sample","seq":6982,"ts_ms":25602146,"uptime_s":25601,"session":"33e864-6789-facc4508","owner":7,"pending":2914,"enrich":1499,"nets":9,"probes":1345,"lora":0,"sg_mode":0,"sg_nodes":0,"wio":0,"wio_proxy":0,"wio_phone":0,"upload":0,"heap_kb":4462,"int_kb":50,"reason":"owner"}
{"type":"run_sample","seq":6983,"ts_ms":25662304,"uptime_s":25662,"session":"33e864-6789-facc4508","owner":5,"pending":2914,"enrich":1499,"nets":9,"probes":1345,"lora":0,"sg_mode":0,"sg_nodes":0,"wio":0,"wio_proxy":0,"wio_phone":0,"upload":0,"heap_kb":4462,"int_kb":50,"reason":"owner"}
{"type":"run_sample","seq":6984,"ts_ms":25722310,"uptime_s":25722,"session":"33e864-6789-facc4508","owner":1,"pending":2918,"enrich":1503,"nets":9,"probes":1349,"lora":0,"sg_mode":0,"sg_nodes":0,"wio":0,"wio_proxy":0,"wio_phone":0,"upload":0,"heap_kb":4428,"int_kb":20,"reason":"owner"}
{"type":"run_sample","seq":6985,"ts_ms":25965264,"uptime_s":25964,"session":"33e864-6789-facc4508","owner":7,"pending":2930,"enrich":1515,"nets":9,"probes":1359,"lora":0,"sg_mode":0,"sg_nodes":0,"wio":0,"wio_proxy":0,"wio_phone":0,"upload":0,"heap_kb":4462,"int_kb":50,"reason":"owner"}
{"type":"run_sample","seq":6986,"ts_ms":26025422,"uptime_s":26025,"session":"33e864-6789-facc4508","owner":5,"pending":2930,"enrich":1515,"nets":9,"probes":1359,"lora":0,"sg_mode":0,"sg_nodes":0,"wio":0,"wio_proxy":0,"wio_phone":0,"upload":0,"heap_kb":4462,"int_kb":50,"reason":"owner"}
{"type":"run_sample","seq":6987,"ts_ms":26085427,"uptime_s":26085,"session":"33e864-6789-facc4508","owner":1,"pending":2933,"enrich":1518,"nets":9,"probes":1362,"lora":0,"sg_mode":0,"sg_nodes":0,"wio":0,"wio_proxy":0,"wio_phone":0,"upload":0,"heap_kb":4428,"int_kb":20,"reason":"owner"}
{"type":"power_sample","seq":6988,"ts_ms":26115358,"uptime_s":26115,"mv":4713,"pct":100,"trend":0,"cap_mah":1100,"runtime_min":0,"source":"usb","state":"usb","charging":0,"owner":1,"reason":"interval"}
{"type":"run_sample","seq":6989,"ts_ms":26328500,"uptime_s":26328,"session":"33e864-6789-facc4508","owner":7,"pending":2948,"enrich":1533,"nets":9,"probes":1376,"lora":0,"sg_mode":0,"sg_nodes":0,"wio":0,"wio_proxy":0,"wio_phone":0,"upload":0,"heap_kb":4462,"int_kb":50,"reason":"owner"}
{"type":"run_sample","seq":6990,"ts_ms":26388664,"uptime_s":26388,"session":"33e864-6789-facc4508","owner":5,"pending":2948,"enrich":1533,"nets":9,"probes":1376,"lora":0,"sg_mode":0,"sg_nodes":0,"wio":0,"wio_proxy":0,"wio_phone":0,"upload":0,"heap_kb":4462,"int_kb":49,"reason":"owner"}
{"type":"run_sample","seq":6991,"ts_ms":26448672,"uptime_s":26448,"session":"33e864-6789-facc4508","owner":1,"pending":2952,"enrich":1537,"nets":9,"probes":1379,"lora":0,"sg_mode":0,"sg_nodes":0,"wio":0,"wio_proxy":0,"wio_phone":0,"upload":0,"heap_kb":4428,"int_kb":20,"reason":"owner"}
{"type":"run_sample","seq":6992,"ts_ms":26690802,"uptime_s":26690,"session":"33e864-6789-facc4508","owner":7,"pending":2965,"enrich":1550,"nets":9,"probes":1392,"lora":0,"sg_mode":0,"sg_nodes":0,"wio":0,"wio_proxy":0,"wio_phone":0,"upload":0,"heap_kb":4462,"int_kb":50,"reason":"owner"}
{"type":"run_sample","seq":6993,"ts_ms":26750958,"uptime_s":26750,"session":"33e864-6789-facc4508","owner":5,"pending":2965,"enrich":1550,"nets":9,"probes":1392,"lora":0,"sg_mode":0,"sg_nodes":0,"wio":0,"wio_proxy":0,"wio_phone":0,"upload":0,"heap_kb":4462,"int_kb":49,"reason":"owner"}
{"type":"run_sample","seq":6994,"ts_ms":26810964,"uptime_s":26810,"session":"33e864-6789-facc4508","owner":1,"pending":2969,"enrich":1554,"nets":9,"probes":1396,"lora":0,"sg_mode":0,"sg_nodes":0,"wio":0,"wio_proxy":0,"wio_phone":0,"upload":0,"heap_kb":4428,"int_kb":20,"reason":"owner"}
{"type":"power_sample","seq":6995,"ts_ms":27015365,"uptime_s":27015,"mv":4713,"pct":100,"trend":0,"cap_mah":1100,"runtime_min":0,"source":"usb","state":"usb","charging":0,"owner":1,"reason":"interval"}
{"type":"run_sample","seq":6996,"ts_ms":27053323,"uptime_s":27052,"session":"33e864-6789-facc4508","owner":7,"pending":2982,"enrich":1567,"nets":9,"probes":1408,"lora":0,"sg_mode":0,"sg_nodes":0,"wio":0,"wio_proxy":0,"wio_phone":0,"upload":0,"heap_kb":4462,"int_kb":50,"reason":"owner"}
{"type":"run_sample","seq":6997,"ts_ms":27113477,"uptime_s":27113,"session":"33e864-6789-facc4508","owner":5,"pending":2982,"enrich":1567,"nets":9,"probes":1408,"lora":0,"sg_mode":0,"sg_nodes":0,"wio":0,"wio_proxy":0,"wio_phone":0,"upload":0,"heap_kb":4462,"int_kb":50,"reason":"owner"}
{"type":"run_sample","seq":6998,"ts_ms":27173482,"uptime_s":27173,"session":"33e864-6789-facc4508","owner":1,"pending":2986,"enrich":1571,"nets":9,"probes":1412,"lora":0,"sg_mode":0,"sg_nodes":0,"wio":0,"wio_proxy":0,"wio_phone":0,"upload":0,"heap_kb":4427,"int_kb":20,"reason":"owner"}
{"type":"run_sample","seq":6999,"ts_ms":27380426,"uptime_s":27380,"session":"33e864-6789-facc4508","owner":5,"pending":2998,"enrich":1583,"nets":9,"probes":1423,"lora":0,"sg_mode":0,"sg_nodes":0,"wio":0,"wio_proxy":0,"wio_phone":0,"upload":0,"heap_kb":4462,"int_kb":49,"reason":"owner"}
{"type":"run_sample","seq":7000,"ts_ms":27440426,"uptime_s":27440,"session":"33e864-6789-facc4508","owner":7,"pending":3001,"enrich":1586,"nets":9,"probes":1426,"lora":0,"sg_mode":0,"sg_nodes":0,"wio":0,"wio_proxy":0,"wio_phone":0,"upload":0,"heap_kb":4462,"int_kb":49,"reason":"owner"}
{"type":"run_sample","seq":7001,"ts_ms":27500428,"uptime_s":27500,"session":"33e864-6789-facc4508","owner":1,"pending":3004,"enrich":1589,"nets":9,"probes":1428,"lora":0,"sg_mode":0,"sg_nodes":0,"wio":0,"wio_proxy":0,"wio_phone":0,"upload":0,"heap_kb":4428,"int_kb":20,"reason":"owner"}
{"type":"run_sample","seq":7002,"ts_ms":27777576,"uptime_s":27777,"session":"33e864-6789-facc4508","owner":7,"pending":3022,"enrich":1607,"nets":9,"probes":1446,"lora":0,"sg_mode":0,"sg_nodes":0,"wio":0,"wio_proxy":0,"wio_phone":0,"upload":0,"heap_kb":4462,"int_kb":50,"reason":"owner"}
{"type":"run_sample","seq":7003,"ts_ms":27837729,"uptime_s":27837,"session":"33e864-6789-facc4508","owner":5,"pending":3022,"enrich":1607,"nets":9,"probes":1446,"lora":0,"sg_mode":0,"sg_nodes":0,"wio":0,"wio_proxy":0,"wio_phone":0,"upload":0,"heap_kb":4462,"int_kb":49,"reason":"owner"}
{"type":"run_sample","seq":7004,"ts_ms":27897729,"uptime_s":27897,"session":"33e864-6789-facc4508","owner":1,"pending":3028,"enrich":1613,"nets":9,"probes":1452,"lora":0,"sg_mode":0,"sg_nodes":0,"wio":0,"wio_proxy":0,"wio_phone":0,"upload":0,"heap_kb":4427,"int_kb":20,"reason":"owner"}
{"type":"power_sample","seq":7005,"ts_ms":27915369,"uptime_s":27915,"mv":4713,"pct":100,"trend":0,"cap_mah":1100,"runtime_min":0,"source":"usb","state":"usb","charging":0,"owner":1,"reason":"interval"}
{"type":"run_sample","seq":7006,"ts_ms":27976514,"uptime_s":27976,"session":"33e864-6789-facc4508","owner":5,"pending":3030,"enrich":1615,"nets":9,"probes":1454,"lora":0,"sg_mode":0,"sg_nodes":0,"wio":0,"wio_proxy":0,"wio_phone":0,"upload":0,"heap_kb":4461,"int_kb":49,"reason":"owner"}
{"type":"run_sample","seq":7007,"ts_ms":28036523,"uptime_s":28036,"session":"33e864-6789-facc4508","owner":1,"pending":3032,"enrich":1617,"nets":9,"probes":1456,"lora":0,"sg_mode":0,"sg_nodes":0,"wio":0,"wio_proxy":0,"wio_phone":0,"upload":0,"heap_kb":4427,"int_kb":20,"reason":"owner"}
{"type":"run_sample","seq":7008,"ts_ms":28140419,"uptime_s":28140,"session":"33e864-6789-facc4508","owner":7,"pending":3040,"enrich":1625,"nets":9,"probes":1465,"lora":0,"sg_mode":0,"sg_nodes":0,"wio":0,"wio_proxy":0,"wio_phone":0,"upload":0,"heap_kb":4462,"int_kb":50,"reason":"owner"}
{"type":"run_sample","seq":7009,"ts_ms":28200515,"uptime_s":28200,"session":"33e864-6789-facc4508","owner":5,"pending":3040,"enrich":1625,"nets":9,"probes":1465,"lora":0,"sg_mode":0,"sg_nodes":0,"wio":0,"wio_proxy":0,"wio_phone":0,"upload":0,"heap_kb":4461,"int_kb":49,"reason":"owner"}
{"type":"run_sample","seq":7010,"ts_ms":28260513,"uptime_s":28260,"session":"33e864-6789-facc4508","owner":1,"pending":3043,"enrich":1628,"nets":9,"probes":1467,"lora":0,"sg_mode":0,"sg_nodes":0,"wio":0,"wio_proxy":0,"wio_phone":0,"upload":0,"heap_kb":4427,"int_kb":19,"reason":"owner"}
{"type":"run_sample","seq":7011,"ts_ms":28350272,"uptime_s":28350,"session":"33e864-6789-facc4508","owner":5,"pending":3047,"enrich":1632,"nets":9,"probes":1473,"lora":0,"sg_mode":0,"sg_nodes":0,"wio":0,"wio_proxy":0,"wio_phone":0,"upload":0,"heap_kb":4461,"int_kb":49,"reason":"owner"}
{"type":"run_sample","seq":7012,"ts_ms":28410275,"uptime_s":28410,"session":"33e864-6789-facc4508","owner":1,"pending":3052,"enrich":1637,"nets":9,"probes":1476,"lora":0,"sg_mode":0,"sg_nodes":0,"wio":0,"wio_proxy":0,"wio_phone":0,"upload":0,"heap_kb":4427,"int_kb":20,"reason":"owner"}
{"type":"run_sample","seq":7013,"ts_ms":28503604,"uptime_s":28503,"session":"33e864-6789-facc4508","owner":7,"pending":3055,"enrich":1640,"nets":9,"probes":1479,"lora":0,"sg_mode":0,"sg_nodes":0,"wio":0,"wio_proxy":0,"wio_phone":0,"upload":0,"heap_kb":4462,"int_kb":50,"reason":"owner"}
{"type":"run_sample","seq":7014,"ts_ms":28563607,"uptime_s":28563,"session":"33e864-6789-facc4508","owner":0,"pending":3055,"enrich":1640,"nets":9,"probes":1479,"lora":0,"sg_mode":0,"sg_nodes":0,"wio":0,"wio_proxy":0,"wio_phone":0,"upload":0,"heap_kb":4461,"int_kb":49,"reason":"owner"}
{"type":"run_sample","seq":7015,"ts_ms":28623608,"uptime_s":28623,"session":"33e864-6789-facc4508","owner":1,"pending":3057,"enrich":1642,"nets":9,"probes":1481,"lora":0,"sg_mode":0,"sg_nodes":0,"wio":0,"wio_proxy":0,"wio_phone":0,"upload":0,"heap_kb":4427,"int_kb":20,"reason":"owner"}
{"type":"power_sample","seq":7016,"ts_ms":28815376,"uptime_s":28815,"mv":4713,"pct":100,"trend":0,"cap_mah":1100,"runtime_min":0,"source":"usb","state":"usb","charging":0,"owner":1,"reason":"interval"}
{"type":"run_sample","seq":7017,"ts_ms":28863974,"uptime_s":28863,"session":"33e864-6789-facc4508","owner":7,"pending":3071,"enrich":1656,"nets":9,"probes":1495,"lora":0,"sg_mode":0,"sg_nodes":0,"wio":0,"wio_proxy":0,"wio_phone":0,"upload":0,"heap_kb":4462,"int_kb":49,"reason":"owner"}
{"type":"run_sample","seq":7018,"ts_ms":28924135,"uptime_s":28923,"session":"33e864-6789-facc4508","owner":5,"pending":3071,"enrich":1656,"nets":9,"probes":1495,"lora":0,"sg_mode":0,"sg_nodes":0,"wio":0,"wio_proxy":0,"wio_phone":0,"upload":0,"heap_kb":4461,"int_kb":49,"reason":"owner"}
{"type":"run_sample","seq":7019,"ts_ms":28984137,"uptime_s":28984,"session":"33e864-6789-facc4508","owner":1,"pending":3076,"enrich":1661,"nets":9,"probes":1500,"lora":0,"sg_mode":0,"sg_nodes":0,"wio":0,"wio_proxy":0,"wio_phone":0,"upload":0,"heap_kb":4427,"int_kb":19,"reason":"owner"}
{"type":"run_sample","seq":7020,"ts_ms":29096578,"uptime_s":29096,"session":"33e864-6789-facc4508","owner":5,"pending":3080,"enrich":1665,"nets":9,"probes":1504,"lora":0,"sg_mode":0,"sg_nodes":0,"wio":0,"wio_proxy":0,"wio_phone":0,"upload":0,"heap_kb":4461,"int_kb":49,"reason":"owner"}
{"type":"run_sample","seq":7021,"ts_ms":29156585,"uptime_s":29156,"session":"33e864-6789-facc4508","owner":1,"pending":3083,"enrich":1668,"nets":9,"probes":1507,"lora":0,"sg_mode":0,"sg_nodes":0,"wio":0,"wio_proxy":0,"wio_phone":0,"upload":0,"heap_kb":4427,"int_kb":19,"reason":"owner"}
{"type":"run_sample","seq":7022,"ts_ms":29226516,"uptime_s":29226,"session":"33e864-6789-facc4508","owner":7,"pending":3088,"enrich":1673,"nets":9,"probes":1511,"lora":0,"sg_mode":0,"sg_nodes":0,"wio":0,"wio_proxy":0,"wio_phone":0,"upload":0,"heap_kb":4462,"int_kb":50,"reason":"owner"}
{"type":"run_sample","seq":7023,"ts_ms":29286599,"uptime_s":29286,"session":"33e864-6789-facc4508","owner":5,"pending":3088,"enrich":1673,"nets":9,"probes":1511,"lora":0,"sg_mode":0,"sg_nodes":0,"wio":0,"wio_proxy":0,"wio_phone":0,"upload":0,"heap_kb":4461,"int_kb":49,"reason":"owner"}
{"type":"run_sample","seq":7024,"ts_ms":29346605,"uptime_s":29346,"session":"33e864-6789-facc4508","owner":1,"pending":3091,"enrich":1676,"nets":9,"probes":1514,"lora":0,"sg_mode":0,"sg_nodes":0,"wio":0,"wio_proxy":0,"wio_phone":0,"upload":0,"heap_kb":4427,"int_kb":19,"reason":"owner"}
{"type":"run_sample","seq":7025,"ts_ms":29589322,"uptime_s":29588,"session":"33e864-6789-facc4508","owner":7,"pending":3100,"enrich":1685,"nets":9,"probes":1523,"lora":0,"sg_mode":0,"sg_nodes":0,"wio":0,"wio_proxy":0,"wio_phone":0,"upload":0,"heap_kb":4462,"int_kb":50,"reason":"owner"}
{"type":"run_sample","seq":7026,"ts_ms":29649478,"uptime_s":29649,"session":"33e864-6789-facc4508","owner":5,"pending":3100,"enrich":1685,"nets":9,"probes":1523,"lora":0,"sg_mode":0,"sg_nodes":0,"wio":0,"wio_proxy":0,"wio_phone":0,"upload":0,"heap_kb":4461,"int_kb":49,"reason":"owner"}
{"type":"run_sample","seq":7027,"ts_ms":29709486,"uptime_s":29709,"session":"33e864-6789-facc4508","owner":1,"pending":3107,"enrich":1692,"nets":9,"probes":1529,"lora":0,"sg_mode":0,"sg_nodes":0,"wio":0,"wio_proxy":0,"wio_phone":0,"upload":0,"heap_kb":4427,"int_kb":19,"reason":"owner"}
{"type":"power_sample","seq":7028,"ts_ms":29715377,"uptime_s":29715,"mv":4715,"pct":100,"trend":0,"cap_mah":1100,"runtime_min":0,"source":"usb","state":"usb","charging":0,"owner":1,"reason":"interval"}
{"type":"run_sample","seq":7029,"ts_ms":29786551,"uptime_s":29786,"session":"33e864-6789-facc4508","owner":5,"pending":3112,"enrich":1697,"nets":9,"probes":1533,"lora":0,"sg_mode":0,"sg_nodes":0,"wio":0,"wio_proxy":0,"wio_phone":0,"upload":0,"heap_kb":4461,"int_kb":49,"reason":"owner"}
{"type":"run_sample","seq":7030,"ts_ms":29846557,"uptime_s":29846,"session":"33e864-6789-facc4508","owner":1,"pending":3116,"enrich":1701,"nets":9,"probes":1537,"lora":0,"sg_mode":0,"sg_nodes":0,"wio":0,"wio_proxy":0,"wio_phone":0,"upload":0,"heap_kb":4427,"int_kb":19,"reason":"owner"}
{"type":"run_sample","seq":7031,"ts_ms":29952296,"uptime_s":29951,"session":"33e864-6789-facc4508","owner":7,"pending":3121,"enrich":1706,"nets":9,"probes":1542,"lora":0,"sg_mode":0,"sg_nodes":0,"wio":0,"wio_proxy":0,"wio_phone":0,"upload":0,"heap_kb":4462,"int_kb":49,"reason":"owner"}
{"type":"run_sample","seq":7032,"ts_ms":30012448,"uptime_s":30012,"session":"33e864-6789-facc4508","owner":5,"pending":3121,"enrich":1706,"nets":9,"probes":1542,"lora":0,"sg_mode":0,"sg_nodes":0,"wio":0,"wio_proxy":0,"wio_phone":0,"upload":0,"heap_kb":4461,"int_kb":49,"reason":"owner"}
{"type":"run_sample","seq":7033,"ts_ms":30072449,"uptime_s":30072,"session":"33e864-6789-facc4508","owner":1,"pending":3123,"enrich":1708,"nets":9,"probes":1544,"lora":0,"sg_mode":0,"sg_nodes":0,"wio":0,"wio_proxy":0,"wio_phone":0,"upload":0,"heap_kb":4427,"int_kb":19,"reason":"owner"}
{"type":"run_sample","seq":7034,"ts_ms":30315249,"uptime_s":30314,"session":"33e864-6789-facc4508","owner":7,"pending":3135,"enrich":1720,"nets":9,"probes":1555,"lora":0,"sg_mode":0,"sg_nodes":0,"wio":0,"wio_proxy":0,"wio_phone":0,"upload":0,"heap_kb":4462,"int_kb":50,"reason":"owner"}
{"type":"run_sample","seq":7035,"ts_ms":30375405,"uptime_s":30375,"session":"33e864-6789-facc4508","owner":5,"pending":3135,"enrich":1720,"nets":9,"probes":1555,"lora":0,"sg_mode":0,"sg_nodes":0,"wio":0,"wio_proxy":0,"wio_phone":0,"upload":0,"heap_kb":4461,"int_kb":49,"reason":"owner"}
{"type":"run_sample","seq":7036,"ts_ms":30435412,"uptime_s":30435,"session":"33e864-6789-facc4508","owner":1,"pending":3137,"enrich":1722,"nets":9,"probes":1557,"lora":0,"sg_mode":0,"sg_nodes":0,"wio":0,"wio_proxy":0,"wio_phone":0,"upload":0,"heap_kb":4427,"int_kb":19,"reason":"owner"}
{"type":"run_sample","seq":7037,"ts_ms":30528359,"uptime_s":30528,"session":"33e864-6789-facc4508","owner":5,"pending":3144,"enrich":1729,"nets":9,"probes":1564,"lora":0,"sg_mode":0,"sg_nodes":0,"wio":0,"wio_proxy":0,"wio_phone":0,"upload":0,"heap_kb":4461,"int_kb":49,"reason":"owner"}
{"type":"run_sample","seq":7038,"ts_ms":30588367,"uptime_s":30588,"session":"33e864-6789-facc4508","owner":1,"pending":3147,"enrich":1732,"nets":9,"probes":1566,"lora":0,"sg_mode":0,"sg_nodes":0,"wio":0,"wio_proxy":0,"wio_phone":0,"upload":0,"heap_kb":4427,"int_kb":19,"reason":"owner"}
{"type":"power_sample","seq":7039,"ts_ms":30615381,"uptime_s":30615,"mv":4714,"pct":100,"trend":0,"cap_mah":1100,"runtime_min":0,"source":"usb","state":"usb","charging":0,"owner":1,"reason":"interval"}
{"type":"run_sample","seq":7040,"ts_ms":30678363,"uptime_s":30677,"session":"33e864-6789-facc4508","owner":7,"pending":3151,"enrich":1736,"nets":9,"probes":1570,"lora":0,"sg_mode":0,"sg_nodes":0,"wio":0,"wio_proxy":0,"wio_phone":0,"upload":0,"heap_kb":4462,"int_kb":49,"reason":"owner"}
{"type":"run_sample","seq":7041,"ts_ms":30738517,"uptime_s":30738,"session":"33e864-6789-facc4508","owner":5,"pending":3151,"enrich":1736,"nets":9,"probes":1570,"lora":0,"sg_mode":0,"sg_nodes":0,"wio":0,"wio_proxy":0,"wio_phone":0,"upload":0,"heap_kb":4461,"int_kb":49,"reason":"owner"}
{"type":"run_sample","seq":7042,"ts_ms":30798519,"uptime_s":30798,"session":"33e864-6789-facc4508","owner":1,"pending":3153,"enrich":1738,"nets":9,"probes":1572,"lora":0,"sg_mode":0,"sg_nodes":0,"wio":0,"wio_proxy":0,"wio_phone":0,"upload":0,"heap_kb":4427,"int_kb":19,"reason":"owner"}
{"type":"run_sample","seq":7043,"ts_ms":30920270,"uptime_s":30919,"session":"33e864-6789-facc4508","owner":5,"pending":3161,"enrich":1746,"nets":9,"probes":1579,"lora":0,"sg_mode":0,"sg_nodes":0,"wio":0,"wio_proxy":0,"wio_phone":0,"upload":0,"heap_kb":4461,"int_kb":49,"reason":"owner"}
{"type":"run_sample","seq":7044,"ts_ms":30980270,"uptime_s":30980,"session":"33e864-6789-facc4508","owner":1,"pending":3162,"enrich":1747,"nets":9,"probes":1580,"lora":0,"sg_mode":0,"sg_nodes":0,"wio":0,"wio_proxy":0,"wio_phone":0,"upload":0,"heap_kb":4427,"int_kb":19,"reason":"owner"}
{"type":"run_sample","seq":7045,"ts_ms":31041601,"uptime_s":31041,"session":"33e864-6789-facc4508","owner":7,"pending":3165,"enrich":1750,"nets":9,"probes":1583,"lora":0,"sg_mode":0,"sg_nodes":0,"wio":0,"wio_proxy":0,"wio_phone":0,"upload":0,"heap_kb":4462,"int_kb":49,"reason":"owner"}
{"type":"run_sample","seq":7046,"ts_ms":31101616,"uptime_s":31101,"session":"33e864-6789-facc4508","owner":0,"pending":3165,"enrich":1750,"nets":9,"probes":1583,"lora":0,"sg_mode":0,"sg_nodes":0,"wio":0,"wio_proxy":0,"wio_phone":0,"upload":0,"heap_kb":4461,"int_kb":49,"reason":"owner"}
{"type":"run_sample","seq":7047,"ts_ms":31161625,"uptime_s":31161,"session":"33e864-6789-facc4508","owner":1,"pending":3168,"enrich":1753,"nets":9,"probes":1586,"lora":0,"sg_mode":0,"sg_nodes":0,"wio":0,"wio_proxy":0,"wio_phone":0,"upload":0,"heap_kb":4427,"int_kb":19,"reason":"owner"}
{"type":"run_sample","seq":7048,"ts_ms":31401856,"uptime_s":31401,"session":"33e864-6789-facc4508","owner":7,"pending":3176,"enrich":1761,"nets":9,"probes":1595,"lora":0,"sg_mode":0,"sg_nodes":0,"wio":0,"wio_proxy":0,"wio_phone":0,"upload":0,"heap_kb":4461,"int_kb":49,"reason":"owner"}
{"type":"run_sample","seq":7049,"ts_ms":31462015,"uptime_s":31461,"session":"33e864-6789-facc4508","owner":5,"pending":3176,"enrich":1761,"nets":9,"probes":1595,"lora":0,"sg_mode":0,"sg_nodes":0,"wio":0,"wio_proxy":0,"wio_phone":0,"upload":0,"heap_kb":4461,"int_kb":49,"reason":"owner"}
{"type":"power_sample","seq":7050,"ts_ms":31515383,"uptime_s":31515,"mv":4714,"pct":100,"trend":0,"cap_mah":1100,"runtime_min":0,"source":"usb","state":"usb","charging":0,"owner":1,"reason":"interval"}
{"type":"run_sample","seq":7051,"ts_ms":31522021,"uptime_s":31522,"session":"33e864-6789-facc4508","owner":1,"pending":3180,"enrich":1765,"nets":9,"probes":1598,"lora":0,"sg_mode":0,"sg_nodes":0,"wio":0,"wio_proxy":0,"wio_phone":0,"upload":0,"heap_kb":4427,"int_kb":19,"reason":"owner"}
{"type":"run_sample","seq":7052,"ts_ms":31764281,"uptime_s":31763,"session":"33e864-6789-facc4508","owner":7,"pending":3192,"enrich":1777,"nets":9,"probes":1609,"lora":0,"sg_mode":0,"sg_nodes":0,"wio":0,"wio_proxy":0,"wio_phone":0,"upload":0,"heap_kb":4461,"int_kb":49,"reason":"owner"}
{"type":"run_sample","seq":7053,"ts_ms":31824437,"uptime_s":31824,"session":"33e864-6789-facc4508","owner":5,"pending":3192,"enrich":1777,"nets":9,"probes":1609,"lora":0,"sg_mode":0,"sg_nodes":0,"wio":0,"wio_proxy":0,"wio_phone":0,"upload":0,"heap_kb":4461,"int_kb":49,"reason":"owner"}
{"type":"run_sample","seq":7054,"ts_ms":31884441,"uptime_s":31884,"session":"33e864-6789-facc4508","owner":1,"pending":3194,"enrich":1779,"nets":9,"probes":1611,"lora":0,"sg_mode":0,"sg_nodes":0,"wio":0,"wio_proxy":0,"wio_phone":0,"upload":0,"heap_kb":4427,"int_kb":19,"reason":"owner"}
{"type":"run_sample","seq":7055,"ts_ms":32126799,"uptime_s":32126,"session":"33e864-6789-facc4508","owner":7,"pending":3211,"enrich":1796,"nets":9,"probes":1627,"lora":0,"sg_mode":0,"sg_nodes":0,"wio":0,"wio_proxy":0,"wio_phone":0,"upload":0,"heap_kb":4462,"int_kb":49,"reason":"owner"}
{"type":"run_sample","seq":7056,"ts_ms":32186953,"uptime_s":32186,"session":"33e864-6789-facc4508","owner":5,"pending":3211,"enrich":1796,"nets":9,"probes":1627,"lora":0,"sg_mode":0,"sg_nodes":0,"wio":0,"wio_proxy":0,"wio_phone":0,"upload":0,"heap_kb":4461,"int_kb":49,"reason":"owner"}
{"type":"run_sample","seq":7057,"ts_ms":32246962,"uptime_s":32246,"session":"33e864-6789-facc4508","owner":1,"pending":3216,"enrich":1801,"nets":9,"probes":1630,"lora":0,"sg_mode":0,"sg_nodes":0,"wio":0,"wio_proxy":0,"wio_phone":0,"upload":0,"heap_kb":4427,"int_kb":19,"reason":"owner"}
{"type":"run_sample","seq":7058,"ts_ms":32386623,"uptime_s":32386,"session":"33e864-6789-facc4508","owner":5,"pending":3225,"enrich":1810,"nets":9,"probes":1639,"lora":0,"sg_mode":0,"sg_nodes":0,"wio":0,"wio_proxy":0,"wio_phone":0,"upload":0,"heap_kb":4461,"int_kb":49,"reason":"owner"}
{"type":"power_sample","seq":7059,"ts_ms":32415391,"uptime_s":32415,"mv":4710,"pct":100,"trend":0,"cap_mah":1100,"runtime_min":0,"source":"usb","state":"usb","charging":0,"owner":1,"reason":"interval"}
{"type":"run_sample","seq":7060,"ts_ms":32446623,"uptime_s":32446,"session":"33e864-6789-facc4508","owner":1,"pending":3230,"enrich":1815,"nets":9,"probes":1643,"lora":0,"sg_mode":0,"sg_nodes":0,"wio":0,"wio_proxy":0,"wio_phone":0,"upload":0,"heap_kb":4427,"int_kb":19,"reason":"owner"}
{"type":"run_sample","seq":7061,"ts_ms":32506624,"uptime_s":32506,"session":"33e864-6789-facc4508","owner":7,"pending":3233,"enrich":1818,"nets":9,"probes":1646,"lora":0,"sg_mode":0,"sg_nodes":0,"wio":0,"wio_proxy":0,"wio_phone":0,"upload":0,"heap_kb":4461,"int_kb":49,"reason":"owner"}
{"type":"run_sample","seq":7062,"ts_ms":32566630,"uptime_s":32566,"session":"33e864-6789-facc4508","owner":1,"pending":3233,"enrich":1818,"nets":9,"probes":1646,"lora":0,"sg_mode":0,"sg_nodes":0,"wio":0,"wio_proxy":0,"wio_phone":0,"upload":0,"heap_kb":4427,"int_kb":19,"reason":"owner"}
{"type":"run_sample","seq":7063,"ts_ms":32843636,"uptime_s":32843,"session":"33e864-6789-facc4508","owner":1,"pending":3258,"enrich":1843,"nets":9,"probes":1671,"lora":0,"sg_mode":0,"sg_nodes":0,"wio":0,"wio_proxy":0,"wio_phone":0,"upload":0,"heap_kb":4427,"int_kb":19,"reason":"pending"}
{"type":"run_sample","seq":7064,"ts_ms":32903641,"uptime_s":32903,"session":"33e864-6789-facc4508","owner":7,"pending":3258,"enrich":1843,"nets":9,"probes":1671,"lora":0,"sg_mode":0,"sg_nodes":0,"wio":0,"wio_proxy":0,"wio_phone":0,"upload":0,"heap_kb":4461,"int_kb":49,"reason":"owner"}
{"type":"run_sample","seq":7065,"ts_ms":32963642,"uptime_s":32963,"session":"33e864-6789-facc4508","owner":1,"pending":3261,"enrich":1846,"nets":9,"probes":1675,"lora":0,"sg_mode":0,"sg_nodes":0,"wio":0,"wio_proxy":0,"wio_phone":0,"upload":0,"heap_kb":4427,"int_kb":19,"reason":"owner"}
{"type":"run_sample","seq":7066,"ts_ms":33108136,"uptime_s":33107,"session":"33e864-6789-facc4508","owner":5,"pending":3273,"enrich":1858,"nets":9,"probes":1686,"lora":0,"sg_mode":0,"sg_nodes":0,"wio":0,"wio_proxy":0,"wio_phone":0,"upload":0,"heap_kb":4461,"int_kb":49,"reason":"owner"}
{"type":"run_sample","seq":7067,"ts_ms":33168141,"uptime_s":33168,"session":"33e864-6789-facc4508","owner":1,"pending":3280,"enrich":1865,"nets":9,"probes":1692,"lora":0,"sg_mode":0,"sg_nodes":0,"wio":0,"wio_proxy":0,"wio_phone":0,"upload":0,"heap_kb":4427,"int_kb":19,"reason":"owner"}
{"type":"run_sample","seq":7068,"ts_ms":33228147,"uptime_s":33228,"session":"33e864-6789-facc4508","owner":7,"pending":3283,"enrich":1868,"nets":9,"probes":1695,"lora":0,"sg_mode":0,"sg_nodes":0,"wio":0,"wio_proxy":0,"wio_phone":0,"upload":0,"heap_kb":4461,"int_kb":49,"reason":"owner"}
{"type":"run_sample","seq":7069,"ts_ms":33288155,"uptime_s":33288,"session":"33e864-6789-facc4508","owner":1,"pending":3284,"enrich":1869,"nets":9,"probes":1696,"lora":0,"sg_mode":0,"sg_nodes":0,"wio":0,"wio_proxy":0,"wio_phone":0,"upload":0,"heap_kb":4427,"int_kb":19,"reason":"owner"}
{"type":"power_sample","seq":7070,"ts_ms":33315394,"uptime_s":33315,"mv":4708,"pct":100,"trend":0,"cap_mah":1100,"runtime_min":0,"source":"usb","state":"usb","charging":0,"owner":1,"reason":"interval"}
{"type":"run_sample","seq":7071,"ts_ms":33563782,"uptime_s":33563,"session":"33e864-6789-facc4508","owner":5,"pending":3306,"enrich":1890,"nets":9,"probes":1717,"lora":0,"sg_mode":0,"sg_nodes":0,"wio":0,"wio_proxy":0,"wio_phone":0,"upload":0,"heap_kb":4461,"int_kb":49,"reason":"owner"}
{"type":"run_sample","seq":7072,"ts_ms":33623780,"uptime_s":33623,"session":"33e864-6789-facc4508","owner":7,"pending":3306,"enrich":1891,"nets":9,"probes":1717,"lora":0,"sg_mode":0,"sg_nodes":0,"wio":0,"wio_proxy":0,"wio_phone":0,"upload":0,"heap_kb":4461,"int_kb":48,"reason":"owner"}
{"type":"boot","seq":7073,"ts_ms":22288,"ts_iso":"","reset":"unknown","reset_code":11,"session":"33e864-7609-209378f0","heap_kb":130,"pending":3306,"serial":0}
{"type":"power_sample","seq":7074,"ts_ms":22658,"uptime_s":0,"mv":4616,"pct":100,"trend":0,"cap_mah":1100,"runtime_min":0,"source":"usb","state":"usb","charging":0,"owner":5,"reason":"boot"}
{"type":"run_sample","seq":7075,"ts_ms":22763,"uptime_s":0,"session":"33e864-7609-209378f0","owner":5,"pending":3306,"enrich":1891,"nets":0,"probes":0,"lora":0,"sg_mode":0,"sg_nodes":0,"wio":0,"wio_proxy":0,"wio_phone":0,"upload":0,"heap_kb":4616,"int_kb":140,"reason":"boot"}
{"type":"fs_audit_summary","seq":7076,"ts_ms":26746,"files":97,"valid":97,"invalid":0,"legacy":0,"tmp":0,"unknown":0,"bytes":1581425,"ms":1891,"done":1}
{"type":"run_sample","seq":7077,"ts_ms":37113,"uptime_s":34,"session":"33e864-7609-209378f0","owner":1,"pending":3306,"enrich":1997,"nets":0,"probes":0,"lora":0,"sg_mode":0,"sg_nodes":0,"wio":0,"wio_proxy":0,"wio_phone":0,"upload":0,"heap_kb":4564,"int_kb":93,"reason":"owner"}
{"type":"boot","seq":7078,"ts_ms":23007,"ts_iso":"","reset":"power_on","reset_code":1,"session":"33e864-8050-a9b3f7da","heap_kb":130,"pending":3306,"serial":0}
{"type":"power_sample","seq":7079,"ts_ms":23352,"uptime_s":0,"mv":4564,"pct":100,"trend":0,"cap_mah":1100,"runtime_min":0,"source":"usb","state":"usb","charging":0,"owner":1,"reason":"boot"}
{"type":"run_sample","seq":7080,"ts_ms":23464,"uptime_s":0,"session":"33e864-8050-a9b3f7da","owner":1,"pending":3306,"enrich":1997,"nets":0,"probes":0,"lora":0,"sg_mode":0,"sg_nodes":0,"wio":0,"wio_proxy":0,"wio_phone":0,"upload":0,"heap_kb":4564,"int_kb":93,"reason":"boot"}
{"type":"run_sample","seq":7081,"ts_ms":24054,"uptime_s":23,"session":"33e864-8050-a9b3f7da","owner":7,"pending":3306,"enrich":1997,"nets":0,"probes":0,"lora":0,"sg_mode":0,"sg_nodes":0,"wio":0,"wio_proxy":0,"wio_phone":0,"upload":0,"heap_kb":4518,"int_kb":59,"reason":"owner"}
{"type":"run_sample","seq":7082,"ts_ms":84055,"uptime_s":84,"session":"33e864-8050-a9b3f7da","owner":0,"pending":3306,"enrich":1997,"nets":0,"probes":0,"lora":0,"sg_mode":0,"sg_nodes":0,"wio":0,"wio_proxy":0,"wio_phone":0,"upload":0,"heap_kb":4470,"int_kb":58,"reason":"owner"}
{"type":"reset_crash","seq":7083,"ts_ms":21371,"ts_iso":"","session":"33e864-7339-e15c78fa","reset":"task_wdt","reset_code":6,"power":"usb","heap_kb":131,"pending":3308,"serial":0}
{"type":"boot","seq":7084,"ts_ms":21530,"ts_iso":"","reset":"task_wdt","reset_code":6,"session":"33e864-7339-e15c78fa","heap_kb":131,"pending":3308,"serial":0}
{"type":"power_sample","seq":7085,"ts_ms":21733,"uptime_s":0,"mv":4562,"pct":100,"trend":0,"cap_mah":1100,"runtime_min":0,"source":"usb","state":"usb","charging":0,"owner":1,"reason":"boot"}
{"type":"run_sample","seq":7086,"ts_ms":21828,"uptime_s":0,"session":"33e864-7339-e15c78fa","owner":1,"pending":3308,"enrich":1999,"nets":0,"probes":0,"lora":0,"sg_mode":0,"sg_nodes":0,"wio":0,"wio_proxy":0,"wio_phone":0,"upload":0,"heap_kb":4564,"int_kb":93,"reason":"boot"}
{"type":"run_sample","seq":7087,"ts_ms":22197,"uptime_s":21,"session":"33e864-7339-e15c78fa","owner":7,"pending":3308,"enrich":1999,"nets":0,"probes":0,"lora":0,"sg_mode":0,"sg_nodes":0,"wio":0,"wio_proxy":0,"wio_phone":0,"upload":0,"heap_kb":4518,"int_kb":59,"reason":"owner"}
{"type":"boot","seq":7088,"ts_ms":21384,"ts_iso":"","reset":"power_on","reset_code":1,"session":"33e864-7349-60d6d33f","heap_kb":131,"pending":3308,"serial":0}
{"type":"power_sample","seq":7089,"ts_ms":21670,"uptime_s":0,"mv":4560,"pct":100,"trend":0,"cap_mah":1100,"runtime_min":0,"source":"usb","state":"usb","charging":0,"owner":1,"reason":"boot"}
{"type":"run_sample","seq":7090,"ts_ms":21771,"uptime_s":0,"session":"33e864-7349-60d6d33f","owner":1,"pending":3308,"enrich":1999,"nets":0,"probes":0,"lora":0,"sg_mode":0,"sg_nodes":0,"wio":0,"wio_proxy":0,"wio_phone":0,"upload":0,"heap_kb":4564,"int_kb":93,"reason":"boot"}
{"type":"run_sample","seq":7091,"ts_ms":22151,"uptime_s":21,"session":"33e864-7349-60d6d33f","owner":7,"pending":3308,"enrich":1999,"nets":0,"probes":0,"lora":0,"sg_mode":0,"sg_nodes":0,"wio":0,"wio_proxy":0,"wio_phone":0,"upload":0,"heap_kb":4518,"int_kb":58,"reason":"owner"}
{"type":"boot","seq":7092,"ts_ms":21397,"ts_iso":"","reset":"power_on","reset_code":1,"session":"33e864-7364-d61192b1","heap_kb":131,"pending":3308,"serial":0}
{"type":"power_sample","seq":7093,"ts_ms":21692,"uptime_s":0,"mv":4564,"pct":100,"trend":0,"cap_mah":1100,"runtime_min":0,"source":"usb","state":"usb","charging":0,"owner":1,"reason":"boot"}
{"type":"run_sample","seq":7094,"ts_ms":21799,"uptime_s":0,"session":"33e864-7364-d61192b1","owner":1,"pending":3308,"enrich":1999,"nets":0,"probes":0,"lora":0,"sg_mode":0,"sg_nodes":0,"wio":0,"wio_proxy":0,"wio_phone":0,"upload":0,"heap_kb":4564,"int_kb":93,"reason":"boot"}
{"type":"run_sample","seq":7095,"ts_ms":22186,"uptime_s":21,"session":"33e864-7364-d61192b1","owner":7,"pending":3308,"enrich":1999,"nets":0,"probes":0,"lora":0,"sg_mode":0,"sg_nodes":0,"wio":0,"wio_proxy":0,"wio_phone":0,"upload":0,"heap_kb":4518,"int_kb":58,"reason":"owner"}
{"type":"boot","seq":7096,"ts_ms":21402,"ts_iso":"","reset":"unknown","reset_code":11,"session":"33e864-7378-3c96c1ac","heap_kb":130,"pending":3308,"serial":0}
{"type":"power_sample","seq":7097,"ts_ms":21786,"uptime_s":0,"mv":4570,"pct":100,"trend":0,"cap_mah":1100,"runtime_min":0,"source":"usb","state":"usb","charging":0,"owner":1,"reason":"boot"}
{"type":"run_sample","seq":7098,"ts_ms":21887,"uptime_s":0,"session":"33e864-7378-3c96c1ac","owner":1,"pending":3308,"enrich":1999,"nets":0,"probes":0,"lora":0,"sg_mode":0,"sg_nodes":0,"wio":0,"wio_proxy":0,"wio_phone":0,"upload":0,"heap_kb":4564,"int_kb":93,"reason":"boot"}
{"type":"run_sample","seq":7099,"ts_ms":22370,"uptime_s":22,"session":"33e864-7378-3c96c1ac","owner":7,"pending":3308,"enrich":1999,"nets":0,"probes":0,"lora":0,"sg_mode":0,"sg_nodes":0,"wio":0,"wio_proxy":0,"wio_phone":0,"upload":0,"heap_kb":4518,"int_kb":59,"reason":"owner"}
{"type":"run_sample","seq":7100,"ts_ms":82375,"uptime_s":82,"session":"33e864-7378-3c96c1ac","owner":0,"pending":3308,"enrich":1999,"nets":0,"probes":0,"lora":0,"sg_mode":0,"sg_nodes":0,"wio":0,"wio_proxy":0,"wio_phone":0,"upload":0,"heap_kb":4470,"int_kb":58,"reason":"owner"}
{"type":"reset_crash","seq":7101,"ts_ms":21803,"ts_iso":"","session":"33e864-7500-66dc410b","reset":"task_wdt","reset_code":6,"power":"usb","heap_kb":129,"pending":3295,"serial":0}
{"type":"boot","seq":7102,"ts_ms":21974,"ts_iso":"","reset":"task_wdt","reset_code":6,"session":"33e864-7500-66dc410b","heap_kb":129,"pending":3295,"serial":0}
{"type":"power_sample","seq":7103,"ts_ms":22227,"uptime_s":0,"mv":4618,"pct":100,"trend":0,"cap_mah":1100,"runtime_min":0,"source":"usb","state":"usb","charging":0,"owner":5,"reason":"boot"}
{"type":"run_sample","seq":7104,"ts_ms":22322,"uptime_s":0,"session":"33e864-7500-66dc410b","owner":5,"pending":1952,"enrich":1866,"nets":0,"probes":0,"lora":0,"sg_mode":0,"sg_nodes":0,"wio":0,"wio_proxy":0,"wio_phone":0,"upload":0,"heap_kb":4614,"int_kb":138,"reason":"boot"}
{"type":"fs_audit_summary","seq":7105,"ts_ms":26555,"files":98,"valid":98,"invalid":0,"legacy":0,"tmp":0,"unknown":0,"bytes":1589151,"ms":1724,"done":1}
{"type":"run_sample","seq":7106,"ts_ms":40018,"uptime_s":37,"session":"33e864-7500-66dc410b","owner":5,"pending":3308,"enrich":1999,"nets":0,"probes":0,"lora":0,"sg_mode":0,"sg_nodes":0,"wio":0,"wio_proxy":0,"wio_phone":0,"upload":0,"heap_kb":4615,"int_kb":139,"reason":"pending"}
{"type":"boot","seq":7107,"ts_ms":22520,"ts_iso":"","reset":"unknown","reset_code":11,"session":"33e864-7962-bb48b10f","heap_kb":131,"pending":3308,"serial":0}
{"type":"power_sample","seq":7108,"ts_ms":22834,"uptime_s":0,"mv":4578,"pct":100,"trend":0,"cap_mah":1100,"runtime_min":0,"source":"usb","state":"usb","charging":0,"owner":1,"reason":"boot"}
{"type":"run_sample","seq":7109,"ts_ms":22941,"uptime_s":0,"session":"33e864-7962-bb48b10f","owner":1,"pending":3308,"enrich":1999,"nets":0,"probes":0,"lora":0,"sg_mode":0,"sg_nodes":0,"wio":0,"wio_proxy":0,"wio_phone":0,"upload":0,"heap_kb":4564,"int_kb":93,"reason":"boot"}
{"type":"run_sample","seq":7110,"ts_ms":23326,"uptime_s":23,"session":"33e864-7962-bb48b10f","owner":7,"pending":3308,"enrich":1999,"nets":0,"probes":0,"lora":0,"sg_mode":0,"sg_nodes":0,"wio":0,"wio_proxy":0,"wio_phone":0,"upload":0,"heap_kb":4518,"int_kb":58,"reason":"owner"}
{"type":"run_sample","seq":7111,"ts_ms":83328,"uptime_s":83,"session":"33e864-7962-bb48b10f","owner":0,"pending":3308,"enrich":1999,"nets":0,"probes":0,"lora":0,"sg_mode":0,"sg_nodes":0,"wio":0,"wio_proxy":0,"wio_phone":0,"upload":0,"heap_kb":4470,"int_kb":58,"reason":"owner"}
{"type":"run_sample","seq":7112,"ts_ms":143336,"uptime_s":143,"session":"33e864-7962-bb48b10f","owner":1,"pending":3302,"enrich":1936,"nets":9,"probes":4,"lora":0,"sg_mode":0,"sg_nodes":0,"wio":0,"wio_proxy":0,"wio_phone":0,"upload":0,"heap_kb":4429,"int_kb":21,"reason":"owner"}
{"type":"run_sample","seq":7113,"ts_ms":203339,"uptime_s":203,"session":"33e864-7962-bb48b10f","owner":7,"pending":3302,"enrich":1936,"nets":9,"probes":4,"lora":0,"sg_mode":0,"sg_nodes":0,"wio":0,"wio_proxy":0,"wio_phone":0,"upload":0,"heap_kb":4463,"int_kb":51,"reason":"owner"}
{"type":"run_sample","seq":7114,"ts_ms":331502,"uptime_s":331,"session":"33e864-7962-bb48b10f","owner":5,"pending":3303,"enrich":1937,"nets":9,"probes":6,"lora":0,"sg_mode":0,"sg_nodes":0,"wio":0,"wio_proxy":0,"wio_phone":0,"upload":0,"heap_kb":4463,"int_kb":50,"reason":"owner"}
{"type":"run_sample","seq":7115,"ts_ms":391506,"uptime_s":391,"session":"33e864-7962-bb48b10f","owner":1,"pending":3309,"enrich":1943,"nets":9,"probes":10,"lora":0,"sg_mode":0,"sg_nodes":0,"wio":0,"wio_proxy":0,"wio_phone":0,"upload":0,"heap_kb":4429,"int_kb":21,"reason":"owner"}
{"type":"run_sample","seq":7116,"ts_ms":451511,"uptime_s":451,"session":"33e864-7962-bb48b10f","owner":7,"pending":3309,"enrich":1943,"nets":9,"probes":10,"lora":0,"sg_mode":0,"sg_nodes":0,"wio":0,"wio_proxy":0,"wio_phone":0,"upload":0,"heap_kb":4463,"int_kb":51,"reason":"owner"}
{"type":"run_sample","seq":7117,"ts_ms":511515,"uptime_s":511,"session":"33e864-7962-bb48b10f","owner":1,"pending":3313,"enrich":1947,"nets":9,"probes":14,"lora":0,"sg_mode":0,"sg_nodes":0,"wio":0,"wio_proxy":0,"wio_phone":0,"upload":0,"heap_kb":4429,"int_kb":21,"reason":"owner"}
{"type":"run_sample","seq":7118,"ts_ms":571522,"uptime_s":571,"session":"33e864-7962-bb48b10f","owner":7,"pending":3313,"enrich":1947,"nets":9,"probes":14,"lora":0,"sg_mode":0,"sg_nodes":0,"wio":0,"wio_proxy":0,"wio_phone":0,"upload":0,"heap_kb":4462,"int_kb":50,"reason":"owner"}
{"type":"run_sample","seq":7119,"ts_ms":631527,"uptime_s":631,"session":"33e864-7962-bb48b10f","owner":1,"pending":3318,"enrich":1952,"nets":9,"probes":19,"lora":0,"sg_mode":0,"sg_nodes":0,"wio":0,"wio_proxy":0,"wio_phone":0,"upload":0,"heap_kb":4429,"int_kb":21,"reason":"owner"}
{"type":"boot","seq":7120,"ts_ms":23105,"ts_iso":"","reset":"unknown","reset_code":11,"session":"33e864-8005-550b75bf","heap_kb":129,"pending":3320,"serial":0}
{"type":"power_sample","seq":7121,"ts_ms":23476,"uptime_s":0,"mv":4618,"pct":100,"trend":0,"cap_mah":1100,"runtime_min":0,"source":"usb","state":"usb","charging":0,"owner":5,"reason":"boot"}
{"type":"run_sample","seq":7122,"ts_ms":23579,"uptime_s":0,"session":"33e864-8005-550b75bf","owner":5,"pending":2077,"enrich":1954,"nets":0,"probes":0,"lora":0,"sg_mode":0,"sg_nodes":0,"wio":0,"wio_proxy":0,"wio_phone":0,"upload":0,"heap_kb":4614,"int_kb":138,"reason":"boot"}
{"type":"fs_audit_summary","seq":7123,"ts_ms":28185,"files":99,"valid":99,"invalid":0,"legacy":0,"tmp":0,"unknown":0,"bytes":1613024,"ms":2009,"done":1}
{"type":"run_sample","seq":7124,"ts_ms":44390,"uptime_s":41,"session":"33e864-8005-550b75bf","owner":5,"pending":3333,"enrich":2024,"nets":0,"probes":0,"lora":0,"sg_mode":0,"sg_nodes":0,"wio":0,"wio_proxy":0,"wio_phone":0,"upload":0,"heap_kb":4615,"int_kb":139,"reason":"pending"}
{"type":"run_sample","seq":7125,"ts_ms":104388,"uptime_s":104,"session":"33e864-8005-550b75bf","owner":7,"pending":3333,"enrich":2024,"nets":0,"probes":0,"lora":0,"sg_mode":0,"sg_nodes":0,"wio":0,"wio_proxy":0,"wio_phone":0,"upload":0,"heap_kb":4469,"int_kb":57,"reason":"owner"}
{"type":"run_sample","seq":7126,"ts_ms":164392,"uptime_s":164,"session":"33e864-8005-550b75bf","owner":1,"pending":3335,"enrich":2026,"nets":9,"probes":1,"lora":0,"sg_mode":0,"sg_nodes":0,"wio":0,"wio_proxy":0,"wio_phone":0,"upload":0,"heap_kb":4430,"int_kb":22,"reason":"owner"}
{"type":"upload_summary","seq":7127,"ts_ms":189396,"result":"done","published":8,"failed":0,"queued":3320,"lease_ms":30000,"pending":3335,"field_only":1}
{"type":"run_sample","seq":7128,"ts_ms":224392,"uptime_s":224,"session":"33e864-8005-550b75bf","owner":7,"pending":3335,"enrich":2026,"nets":9,"probes":1,"lora":0,"sg_mode":0,"sg_nodes":0,"wio":0,"wio_proxy":0,"wio_phone":0,"upload":0,"heap_kb":4468,"int_kb":55,"reason":"owner"}
{"type":"run_sample","seq":7129,"ts_ms":309050,"uptime_s":309,"session":"33e864-8005-550b75bf","owner":0,"pending":3335,"enrich":2026,"nets":9,"probes":1,"lora":0,"sg_mode":0,"sg_nodes":0,"wio":0,"wio_proxy":0,"wio_phone":0,"upload":0,"heap_kb":4468,"int_kb":55,"reason":"owner"}
{"type":"run_sample","seq":7130,"ts_ms":369056,"uptime_s":369,"session":"33e864-8005-550b75bf","owner":1,"pending":3338,"enrich":2029,"nets":9,"probes":3,"lora":0,"sg_mode":0,"sg_nodes":0,"wio":0,"wio_proxy":0,"wio_phone":0,"upload":0,"heap_kb":4429,"int_kb":21,"reason":"owner"}
{"type":"run_sample","seq":7131,"ts_ms":429060,"uptime_s":429,"session":"33e864-8005-550b75bf","owner":7,"pending":3338,"enrich":2029,"nets":9,"probes":3,"lora":0,"sg_mode":0,"sg_nodes":0,"wio":0,"wio_proxy":0,"wio_phone":0,"upload":0,"heap_kb":4463,"int_kb":50,"reason":"owner"}
{"type":"boot","seq":7132,"ts_ms":22315,"ts_iso":"2026-08-16T14:15:07Z","reset":"unknown","reset_code":11,"session":"33e864-7712-798582b9","heap_kb":129,"pending":3331,"serial":0}
{"type":"power_sample","seq":7133,"ts_ms":22647,"uptime_s":0,"mv":4622,"pct":100,"trend":0,"cap_mah":1100,"runtime_min":0,"source":"usb","state":"usb","charging":0,"owner":5,"reason":"boot"}
{"type":"run_sample","seq":7134,"ts_ms":22735,"uptime_s":0,"session":"33e864-7712-798582b9","owner":5,"pending":2088,"enrich":1965,"nets":0,"probes":0,"lora":0,"sg_mode":0,"sg_nodes":0,"wio":0,"wio_proxy":0,"wio_phone":0,"upload":0,"heap_kb":4614,"int_kb":138,"reason":"boot"}
{"type":"fs_audit_summary","seq":7135,"ts_ms":27053,"files":100,"valid":100,"invalid":0,"legacy":0,"tmp":0,"unknown":0,"bytes":1626377,"ms":1745,"done":1}
{"type":"run_sample","seq":7136,"ts_ms":41375,"uptime_s":37,"session":"33e864-7712-798582b9","owner":5,"pending":3344,"enrich":2035,"nets":0,"probes":0,"lora":0,"sg_mode":0,"sg_nodes":0,"wio":0,"wio_proxy":0,"wio_phone":0,"upload":0,"heap_kb":4615,"int_kb":139,"reason":"pending"}
{"type":"run_sample","seq":7137,"ts_ms":101374,"uptime_s":101,"session":"33e864-7712-798582b9","owner":7,"pending":3344,"enrich":2035,"nets":0,"probes":0,"lora":0,"sg_mode":0,"sg_nodes":0,"wio":0,"wio_proxy":0,"wio_phone":0,"upload":0,"heap_kb":4469,"int_kb":57,"reason":"owner"}
{"type":"run_sample","seq":7138,"ts_ms":161381,"uptime_s":161,"session":"33e864-7712-798582b9","owner":1,"pending":3338,"enrich":1972,"nets":9,"probes":4,"lora":0,"sg_mode":0,"sg_nodes":0,"wio":0,"wio_proxy":0,"wio_phone":0,"upload":0,"heap_kb":4428,"int_kb":21,"reason":"owner"}
{"type":"run_sample","seq":7139,"ts_ms":221383,"uptime_s":221,"session":"33e864-7712-798582b9","owner":7,"pending":3338,"enrich":1972,"nets":9,"probes":4,"lora":0,"sg_mode":0,"sg_nodes":0,"wio":0,"wio_proxy":0,"wio_phone":0,"upload":0,"heap_kb":4462,"int_kb":50,"reason":"owner"}
{"type":"reset_crash","seq":7140,"ts_ms":23183,"ts_iso":"2026-08-16T14:19:35Z","session":"33e864-8028-ac3efea6","reset":"panic","reset_code":4,"power":"usb","heap_kb":128,"pending":3338,"serial":0}
{"type":"boot","seq":7141,"ts_ms":23398,"ts_iso":"2026-08-16T14:19:35Z","reset":"panic","reset_code":4,"session":"33e864-8028-ac3efea6","heap_kb":128,"pending":3338,"serial":0}
{"type":"power_sample","seq":7142,"ts_ms":23666,"uptime_s":0,"mv":4630,"pct":100,"trend":0,"cap_mah":1100,"runtime_min":0,"source":"usb","state":"usb","charging":0,"owner":5,"reason":"boot"}
{"type":"run_sample","seq":7143,"ts_ms":23771,"uptime_s":0,"session":"33e864-8028-ac3efea6","owner":5,"pending":2095,"enrich":1972,"nets":0,"probes":0,"lora":0,"sg_mode":0,"sg_nodes":0,"wio":0,"wio_proxy":0,"wio_phone":0,"upload":0,"heap_kb":4614,"int_kb":138,"reason":"boot"}
{"type":"fs_audit_summary","seq":7144,"ts_ms":28357,"files":101,"valid":101,"invalid":0,"legacy":0,"tmp":0,"unknown":0,"bytes":1633520,"ms":1774,"done":1}
{"type":"run_sample","seq":7145,"ts_ms":42826,"uptime_s":39,"session":"33e864-8028-ac3efea6","owner":5,"pending":3351,"enrich":2042,"nets":0,"probes":0,"lora":0,"sg_mode":0,"sg_nodes":0,"wio":0,"wio_proxy":0,"wio_phone":0,"upload":0,"heap_kb":4615,"int_kb":139,"reason":"pending"}
{"type":"boot","seq":7146,"ts_ms":22924,"ts_iso":"","reset":"power_on","reset_code":1,"session":"33e864-8070-17f8ea5d","heap_kb":130,"pending":3351,"serial":0}
{"type":"power_sample","seq":7147,"ts_ms":23236,"uptime_s":0,"mv":4578,"pct":100,"trend":0,"cap_mah":1100,"runtime_min":0,"source":"usb","state":"usb","charging":0,"owner":1,"reason":"boot"}
{"type":"run_sample","seq":7148,"ts_ms":23342,"uptime_s":0,"session":"33e864-8070-17f8ea5d","owner":1,"pending":3351,"enrich":2042,"nets":0,"probes":0,"lora":0,"sg_mode":0,"sg_nodes":0,"wio":0,"wio_proxy":0,"wio_phone":0,"upload":0,"heap_kb":4564,"int_kb":93,"reason":"boot"}
{"type":"run_sample","seq":7149,"ts_ms":23727,"uptime_s":23,"session":"33e864-8070-17f8ea5d","owner":7,"pending":3351,"enrich":2042,"nets":0,"probes":0,"lora":0,"sg_mode":0,"sg_nodes":0,"wio":0,"wio_proxy":0,"wio_phone":0,"upload":0,"heap_kb":4518,"int_kb":58,"reason":"owner"}
[FIELD] --- end backup lines=248 ---
[FIELD] --- live path=/config/vault/field/field.jsonl bytes=58242 ---
{"type":"upload_summary","seq":7156,"ts_ms":201953,"result":"done","published":6,"failed":0,"queued":3351,"lease_ms":30000,"pending":3344,"field_only":1}
{"type":"run_sample","seq":7157,"ts_ms":206289,"uptime_s":201,"session":"33e864-8003-c2332d0b","owner":5,"pending":3344,"enrich":1978,"nets":9,"probes":3,"lora":0,"sg_mode":0,"sg_nodes":0,"wio":0,"wio_proxy":0,"wio_phone":0,"upload":0,"heap_kb":4466,"int_kb":54,"reason":"owner"}
{"type":"run_sample","seq":7158,"ts_ms":266290,"uptime_s":266,"session":"33e864-8003-c2332d0b","owner":7,"pending":3345,"enrich":1979,"nets":9,"probes":4,"lora":0,"sg_mode":0,"sg_nodes":0,"wio":0,"wio_proxy":0,"wio_phone":0,"upload":0,"heap_kb":4461,"int_kb":49,"reason":"owner"}
{"type":"boot","seq":7159,"ts_ms":22569,"ts_iso":"","reset":"power_on","reset_code":1,"session":"33e864-7444-9b598329","heap_kb":129,"pending":3344,"serial":0}
{"type":"power_sample","seq":7160,"ts_ms":22939,"uptime_s":0,"mv":4660,"pct":100,"trend":0,"cap_mah":1100,"runtime_min":0,"source":"usb","state":"usb","charging":0,"owner":5,"reason":"boot"}
{"type":"run_sample","seq":7161,"ts_ms":23040,"uptime_s":0,"session":"33e864-7444-9b598329","owner":5,"pending":2101,"enrich":1978,"nets":0,"probes":0,"lora":0,"sg_mode":0,"sg_nodes":0,"wio":0,"wio_proxy":0,"wio_phone":0,"upload":0,"heap_kb":4614,"int_kb":138,"reason":"boot"}
{"type":"fs_audit_summary","seq":7162,"ts_ms":27607,"files":102,"valid":102,"invalid":0,"legacy":0,"tmp":0,"unknown":0,"bytes":1579290,"ms":2029,"done":1}
{"type":"run_sample","seq":7163,"ts_ms":44494,"uptime_s":40,"session":"33e864-7444-9b598329","owner":5,"pending":3357,"enrich":2048,"nets":0,"probes":0,"lora":0,"sg_mode":0,"sg_nodes":0,"wio":0,"wio_proxy":0,"wio_phone":0,"upload":0,"heap_kb":4615,"int_kb":139,"reason":"pending"}
{"type":"run_sample","seq":7164,"ts_ms":104500,"uptime_s":104,"session":"33e864-7444-9b598329","owner":7,"pending":3357,"enrich":2048,"nets":0,"probes":0,"lora":0,"sg_mode":0,"sg_nodes":0,"wio":0,"wio_proxy":0,"wio_phone":0,"upload":0,"heap_kb":4469,"int_kb":57,"reason":"owner"}
{"type":"run_sample","seq":7165,"ts_ms":164505,"uptime_s":164,"session":"33e864-7444-9b598329","owner":1,"pending":3369,"enrich":2060,"nets":9,"probes":6,"lora":0,"sg_mode":0,"sg_nodes":0,"wio":0,"wio_proxy":0,"wio_phone":0,"upload":0,"heap_kb":4430,"int_kb":22,"reason":"owner"}
{"type":"run_sample","seq":7166,"ts_ms":224511,"uptime_s":224,"session":"33e864-7444-9b598329","owner":7,"pending":3369,"enrich":2060,"nets":9,"probes":6,"lora":0,"sg_mode":0,"sg_nodes":0,"wio":0,"wio_proxy":0,"wio_phone":0,"upload":0,"heap_kb":4463,"int_kb":51,"reason":"owner"}
{"type":"run_sample","seq":7167,"ts_ms":284515,"uptime_s":284,"session":"33e864-7444-9b598329","owner":1,"pending":3372,"enrich":2063,"nets":9,"probes":9,"lora":0,"sg_mode":0,"sg_nodes":0,"wio":0,"wio_proxy":0,"wio_phone":0,"upload":0,"heap_kb":4429,"int_kb":21,"reason":"owner"}
{"type":"run_sample","seq":7168,"ts_ms":344524,"uptime_s":344,"session":"33e864-7444-9b598329","owner":7,"pending":3372,"enrich":2063,"nets":9,"probes":9,"lora":0,"sg_mode":0,"sg_nodes":0,"wio":0,"wio_proxy":0,"wio_phone":0,"upload":0,"heap_kb":4463,"int_kb":51,"reason":"owner"}
{"type":"run_sample","seq":7169,"ts_ms":404529,"uptime_s":404,"session":"33e864-7444-9b598329","owner":1,"pending":3375,"enrich":2066,"nets":9,"probes":12,"lora":0,"sg_mode":0,"sg_nodes":0,"wio":0,"wio_proxy":0,"wio_phone":0,"upload":0,"heap_kb":4429,"int_kb":21,"reason":"owner"}
{"type":"run_sample","seq":7170,"ts_ms":471406,"uptime_s":471,"session":"33e864-7444-9b598329","owner":7,"pending":3384,"enrich":2075,"nets":9,"probes":18,"lora":0,"sg_mode":0,"sg_nodes":0,"wio":0,"wio_proxy":0,"wio_phone":0,"upload":0,"heap_kb":4463,"int_kb":51,"reason":"owner"}
{"type":"run_sample","seq":7171,"ts_ms":531555,"uptime_s":531,"session":"33e864-7444-9b598329","owner":5,"pending":3384,"enrich":2075,"nets":9,"probes":18,"lora":0,"sg_mode":0,"sg_nodes":0,"wio":0,"wio_proxy":0,"wio_phone":0,"upload":0,"heap_kb":4463,"int_kb":50,"reason":"owner"}
{"type":"run_sample","seq":7172,"ts_ms":591560,"uptime_s":591,"session":"33e864-7444-9b598329","owner":1,"pending":3389,"enrich":2080,"nets":9,"probes":23,"lora":0,"sg_mode":0,"sg_nodes":0,"wio":0,"wio_proxy":0,"wio_phone":0,"upload":0,"heap_kb":4429,"int_kb":21,"reason":"owner"}
{"type":"run_sample","seq":7173,"ts_ms":654077,"uptime_s":653,"session":"33e864-7444-9b598329","owner":7,"pending":3392,"enrich":2083,"nets":9,"probes":26,"lora":0,"sg_mode":0,"sg_nodes":0,"wio":0,"wio_proxy":0,"wio_phone":0,"upload":0,"heap_kb":4463,"int_kb":51,"reason":"owner"}
{"type":"run_sample","seq":7174,"ts_ms":714169,"uptime_s":713,"session":"33e864-7444-9b598329","owner":5,"pending":3392,"enrich":2083,"nets":9,"probes":26,"lora":0,"sg_mode":0,"sg_nodes":0,"wio":0,"wio_proxy":0,"wio_phone":0,"upload":0,"heap_kb":4463,"int_kb":51,"reason":"owner"}
{"type":"run_sample","seq":7175,"ts_ms":774172,"uptime_s":774,"session":"33e864-7444-9b598329","owner":1,"pending":3397,"enrich":2088,"nets":9,"probes":31,"lora":0,"sg_mode":0,"sg_nodes":0,"wio":0,"wio_proxy":0,"wio_phone":0,"upload":0,"heap_kb":4429,"int_kb":21,"reason":"owner"}
{"type":"power_sample","seq":7176,"ts_ms":922942,"uptime_s":922,"mv":4686,"pct":100,"trend":0,"cap_mah":1100,"runtime_min":0,"source":"usb","state":"usb","charging":0,"owner":1,"reason":"interval"}
{"type":"run_sample","seq":7177,"ts_ms":1016638,"uptime_s":1016,"session":"33e864-7444-9b598329","owner":7,"pending":3414,"enrich":2105,"nets":9,"probes":48,"lora":0,"sg_mode":0,"sg_nodes":0,"wio":0,"wio_proxy":0,"wio_phone":0,"upload":0,"heap_kb":4463,"int_kb":51,"reason":"owner"}
{"type":"run_sample","seq":7178,"ts_ms":1076793,"uptime_s":1076,"session":"33e864-7444-9b598329","owner":5,"pending":3414,"enrich":2105,"nets":9,"probes":48,"lora":0,"sg_mode":0,"sg_nodes":0,"wio":0,"wio_proxy":0,"wio_phone":0,"upload":0,"heap_kb":4463,"int_kb":51,"reason":"owner"}
{"type":"run_sample","seq":7179,"ts_ms":1136798,"uptime_s":1136,"session":"33e864-7444-9b598329","owner":1,"pending":3420,"enrich":2111,"nets":9,"probes":53,"lora":0,"sg_mode":0,"sg_nodes":0,"wio":0,"wio_proxy":0,"wio_phone":0,"upload":0,"heap_kb":4429,"int_kb":21,"reason":"owner"}
{"type":"run_sample","seq":7180,"ts_ms":1379578,"uptime_s":1379,"session":"33e864-7444-9b598329","owner":7,"pending":3441,"enrich":2132,"nets":9,"probes":72,"lora":0,"sg_mode":0,"sg_nodes":0,"wio":0,"wio_proxy":0,"wio_phone":0,"upload":0,"heap_kb":4463,"int_kb":51,"reason":"owner"}
{"type":"run_sample","seq":7181,"ts_ms":1439730,"uptime_s":1439,"session":"33e864-7444-9b598329","owner":5,"pending":3441,"enrich":2132,"nets":9,"probes":72,"lora":0,"sg_mode":0,"sg_nodes":0,"wio":0,"wio_proxy":0,"wio_phone":0,"upload":0,"heap_kb":4463,"int_kb":51,"reason":"owner"}
{"type":"run_sample","seq":7182,"ts_ms":1499737,"uptime_s":1499,"session":"33e864-7444-9b598329","owner":1,"pending":3444,"enrich":2135,"nets":9,"probes":75,"lora":0,"sg_mode":0,"sg_nodes":0,"wio":0,"wio_proxy":0,"wio_phone":0,"upload":0,"heap_kb":4429,"int_kb":21,"reason":"owner"}
{"type":"run_sample","seq":7183,"ts_ms":1628529,"uptime_s":1628,"session":"33e864-7444-9b598329","owner":5,"pending":3453,"enrich":2144,"nets":9,"probes":86,"lora":0,"sg_mode":0,"sg_nodes":0,"wio":0,"wio_proxy":0,"wio_phone":0,"upload":0,"heap_kb":4463,"int_kb":51,"reason":"owner"}
{"type":"run_sample","seq":7184,"ts_ms":1688529,"uptime_s":1688,"session":"33e864-7444-9b598329","owner":1,"pending":3457,"enrich":2148,"nets":9,"probes":88,"lora":0,"sg_mode":0,"sg_nodes":0,"wio":0,"wio_proxy":0,"wio_phone":0,"upload":0,"heap_kb":4429,"int_kb":21,"reason":"owner"}
{"type":"run_sample","seq":7185,"ts_ms":1748536,"uptime_s":1748,"session":"33e864-7444-9b598329","owner":7,"pending":3458,"enrich":2149,"nets":9,"probes":89,"lora":0,"sg_mode":0,"sg_nodes":0,"wio":0,"wio_proxy":0,"wio_phone":0,"upload":0,"heap_kb":4463,"int_kb":50,"reason":"owner"}
{"type":"run_sample","seq":7186,"ts_ms":1808536,"uptime_s":1808,"session":"33e864-7444-9b598329","owner":1,"pending":3459,"enrich":2150,"nets":9,"probes":92,"lora":0,"sg_mode":0,"sg_nodes":0,"wio":0,"wio_proxy":0,"wio_phone":0,"upload":0,"heap_kb":4429,"int_kb":21,"reason":"owner"}
{"type":"power_sample","seq":7187,"ts_ms":1822942,"uptime_s":1822,"mv":4687,"pct":100,"trend":0,"cap_mah":1100,"runtime_min":0,"source":"usb","state":"usb","charging":0,"owner":1,"reason":"interval"}
{"type":"run_sample","seq":7188,"ts_ms":1994295,"uptime_s":1994,"session":"33e864-7444-9b598329","owner":5,"pending":3475,"enrich":2166,"nets":9,"probes":107,"lora":0,"sg_mode":0,"sg_nodes":0,"wio":0,"wio_proxy":0,"wio_phone":0,"upload":0,"heap_kb":4463,"int_kb":51,"reason":"owner"}
{"type":"run_sample","seq":7189,"ts_ms":2054299,"uptime_s":2054,"session":"33e864-7444-9b598329","owner":1,"pending":3479,"enrich":2170,"nets":9,"probes":110,"lora":0,"sg_mode":0,"sg_nodes":0,"wio":0,"wio_proxy":0,"wio_phone":0,"upload":0,"heap_kb":4429,"int_kb":21,"reason":"owner"}
{"type":"run_sample","seq":7190,"ts_ms":2114300,"uptime_s":2114,"session":"33e864-7444-9b598329","owner":7,"pending":3481,"enrich":2172,"nets":9,"probes":112,"lora":0,"sg_mode":0,"sg_nodes":0,"wio":0,"wio_proxy":0,"wio_phone":0,"upload":0,"heap_kb":4463,"int_kb":50,"reason":"owner"}
{"type":"run_sample","seq":7191,"ts_ms":2174302,"uptime_s":2174,"session":"33e864-7444-9b598329","owner":1,"pending":3482,"enrich":2173,"nets":9,"probes":113,"lora":0,"sg_mode":0,"sg_nodes":0,"wio":0,"wio_proxy":0,"wio_phone":0,"upload":0,"heap_kb":4429,"int_kb":21,"reason":"owner"}
{"type":"run_sample","seq":7192,"ts_ms":2465564,"uptime_s":2465,"session":"33e864-7444-9b598329","owner":7,"pending":3505,"enrich":2196,"nets":9,"probes":135,"lora":0,"sg_mode":0,"sg_nodes":0,"wio":0,"wio_proxy":0,"wio_phone":0,"upload":0,"heap_kb":4463,"int_kb":51,"reason":"owner"}
{"type":"run_sample","seq":7193,"ts_ms":2525723,"uptime_s":2525,"session":"33e864-7444-9b598329","owner":5,"pending":3505,"enrich":2196,"nets":9,"probes":135,"lora":0,"sg_mode":0,"sg_nodes":0,"wio":0,"wio_proxy":0,"wio_phone":0,"upload":0,"heap_kb":4463,"int_kb":51,"reason":"owner"}
{"type":"run_sample","seq":7194,"ts_ms":2585726,"uptime_s":2585,"session":"33e864-7444-9b598329","owner":1,"pending":3509,"enrich":2200,"nets":9,"probes":138,"lora":0,"sg_mode":0,"sg_nodes":0,"wio":0,"wio_proxy":0,"wio_phone":0,"upload":0,"heap_kb":4429,"int_kb":21,"reason":"owner"}
{"type":"power_sample","seq":7195,"ts_ms":2722950,"uptime_s":2722,"mv":4686,"pct":100,"trend":0,"cap_mah":1100,"runtime_min":0,"source":"usb","state":"usb","charging":0,"owner":1,"reason":"interval"}
{"type":"run_sample","seq":7196,"ts_ms":2828285,"uptime_s":2828,"session":"33e864-7444-9b598329","owner":7,"pending":3525,"enrich":2216,"nets":9,"probes":155,"lora":0,"sg_mode":0,"sg_nodes":0,"wio":0,"wio_proxy":0,"wio_phone":0,"upload":0,"heap_kb":4463,"int_kb":51,"reason":"owner"}
{"type":"run_sample","seq":7197,"ts_ms":2888444,"uptime_s":2888,"session":"33e864-7444-9b598329","owner":5,"pending":3525,"enrich":2216,"nets":9,"probes":155,"lora":0,"sg_mode":0,"sg_nodes":0,"wio":0,"wio_proxy":0,"wio_phone":0,"upload":0,"heap_kb":4462,"int_kb":50,"reason":"owner"}
{"type":"run_sample","seq":7198,"ts_ms":2948446,"uptime_s":2948,"session":"33e864-7444-9b598329","owner":1,"pending":3532,"enrich":2223,"nets":9,"probes":162,"lora":0,"sg_mode":0,"sg_nodes":0,"wio":0,"wio_proxy":0,"wio_phone":0,"upload":0,"heap_kb":4428,"int_kb":21,"reason":"owner"}
{"type":"run_sample","seq":7199,"ts_ms":3190762,"uptime_s":3190,"session":"33e864-7444-9b598329","owner":7,"pending":3553,"enrich":2244,"nets":9,"probes":180,"lora":0,"sg_mode":0,"sg_nodes":0,"wio":0,"wio_proxy":0,"wio_phone":0,"upload":0,"heap_kb":4463,"int_kb":51,"reason":"owner"}
{"type":"run_sample","seq":7200,"ts_ms":3250921,"uptime_s":3250,"session":"33e864-7444-9b598329","owner":5,"pending":3553,"enrich":2244,"nets":9,"probes":180,"lora":0,"sg_mode":0,"sg_nodes":0,"wio":0,"wio_proxy":0,"wio_phone":0,"upload":0,"heap_kb":4463,"int_kb":50,"reason":"owner"}
{"type":"run_sample","seq":7201,"ts_ms":3310924,"uptime_s":3310,"session":"33e864-7444-9b598329","owner":1,"pending":3558,"enrich":2249,"nets":9,"probes":185,"lora":0,"sg_mode":0,"sg_nodes":0,"wio":0,"wio_proxy":0,"wio_phone":0,"upload":0,"heap_kb":4429,"int_kb":21,"reason":"owner"}
{"type":"run_sample","seq":7202,"ts_ms":3487908,"uptime_s":3487,"session":"33e864-7444-9b598329","owner":5,"pending":3571,"enrich":2262,"nets":9,"probes":199,"lora":0,"sg_mode":0,"sg_nodes":0,"wio":0,"wio_proxy":0,"wio_phone":0,"upload":0,"heap_kb":4463,"int_kb":50,"reason":"owner"}
{"type":"run_sample","seq":7203,"ts_ms":3547911,"uptime_s":3547,"session":"33e864-7444-9b598329","owner":1,"pending":3576,"enrich":2267,"nets":9,"probes":202,"lora":0,"sg_mode":0,"sg_nodes":0,"wio":0,"wio_proxy":0,"wio_phone":0,"upload":0,"heap_kb":4428,"int_kb":21,"reason":"owner"}
{"type":"run_sample","seq":7204,"ts_ms":3607919,"uptime_s":3607,"session":"33e864-7444-9b598329","owner":7,"pending":3577,"enrich":2268,"nets":9,"probes":203,"lora":0,"sg_mode":0,"sg_nodes":0,"wio":0,"wio_proxy":0,"wio_phone":0,"upload":0,"heap_kb":4463,"int_kb":50,"reason":"owner"}
{"type":"power_sample","seq":7205,"ts_ms":3622956,"uptime_s":3622,"mv":4687,"pct":100,"trend":0,"cap_mah":1100,"runtime_min":0,"source":"usb","state":"usb","charging":0,"owner":1,"reason":"interval"}
{"type":"run_sample","seq":7206,"ts_ms":3667920,"uptime_s":3667,"session":"33e864-7444-9b598329","owner":1,"pending":3581,"enrich":2272,"nets":9,"probes":207,"lora":0,"sg_mode":0,"sg_nodes":0,"wio":0,"wio_proxy":0,"wio_phone":0,"upload":0,"heap_kb":4429,"int_kb":21,"reason":"owner"}
{"type":"run_sample","seq":7207,"ts_ms":3888752,"uptime_s":3888,"session":"33e864-7444-9b598329","owner":5,"pending":3593,"enrich":2284,"nets":9,"probes":220,"lora":0,"sg_mode":0,"sg_nodes":0,"wio":0,"wio_proxy":0,"wio_phone":0,"upload":0,"heap_kb":4463,"int_kb":50,"reason":"owner"}
{"type":"run_sample","seq":7208,"ts_ms":3948756,"uptime_s":3948,"session":"33e864-7444-9b598329","owner":7,"pending":3595,"enrich":2286,"nets":9,"probes":221,"lora":0,"sg_mode":0,"sg_nodes":0,"wio":0,"wio_proxy":0,"wio_phone":0,"upload":0,"heap_kb":4463,"int_kb":50,"reason":"owner"}
{"type":"run_sample","seq":7209,"ts_ms":4008758,"uptime_s":4008,"session":"33e864-7444-9b598329","owner":1,"pending":3598,"enrich":2289,"nets":9,"probes":224,"lora":0,"sg_mode":0,"sg_nodes":0,"wio":0,"wio_proxy":0,"wio_phone":0,"upload":0,"heap_kb":4429,"int_kb":21,"reason":"owner"}
{"type":"run_sample","seq":7210,"ts_ms":4279981,"uptime_s":4279,"session":"33e864-7444-9b598329","owner":7,"pending":3612,"enrich":2303,"nets":9,"probes":239,"lora":0,"sg_mode":0,"sg_nodes":0,"wio":0,"wio_proxy":0,"wio_phone":0,"upload":0,"heap_kb":4463,"int_kb":51,"reason":"owner"}
{"type":"run_sample","seq":7211,"ts_ms":4340142,"uptime_s":4339,"session":"33e864-7444-9b598329","owner":5,"pending":3612,"enrich":2303,"nets":9,"probes":239,"lora":0,"sg_mode":0,"sg_nodes":0,"wio":0,"wio_proxy":0,"wio_phone":0,"upload":0,"heap_kb":4462,"int_kb":50,"reason":"owner"}
{"type":"run_sample","seq":7212,"ts_ms":4400151,"uptime_s":4400,"session":"33e864-7444-9b598329","owner":1,"pending":3617,"enrich":2308,"nets":9,"probes":242,"lora":0,"sg_mode":0,"sg_nodes":0,"wio":0,"wio_proxy":0,"wio_phone":0,"upload":0,"heap_kb":4428,"int_kb":20,"reason":"owner"}
{"type":"run_sample","seq":7213,"ts_ms":4497969,"uptime_s":4497,"session":"33e864-7444-9b598329","owner":5,"pending":3625,"enrich":2316,"nets":9,"probes":250,"lora":0,"sg_mode":0,"sg_nodes":0,"wio":0,"wio_proxy":0,"wio_phone":0,"upload":0,"heap_kb":4462,"int_kb":50,"reason":"owner"}
{"type":"power_sample","seq":7214,"ts_ms":4522958,"uptime_s":4522,"mv":4688,"pct":100,"trend":-1,"cap_mah":1100,"runtime_min":0,"source":"usb","state":"usb","charging":0,"owner":1,"reason":"interval"}
{"type":"run_sample","seq":7215,"ts_ms":4557978,"uptime_s":4557,"session":"33e864-7444-9b598329","owner":1,"pending":3631,"enrich":2322,"nets":9,"probes":254,"lora":0,"sg_mode":0,"sg_nodes":0,"wio":0,"wio_proxy":0,"wio_phone":0,"upload":0,"heap_kb":4428,"int_kb":20,"reason":"owner"}
{"type":"run_sample","seq":7216,"ts_ms":4642785,"uptime_s":4642,"session":"33e864-7444-9b598329","owner":7,"pending":3636,"enrich":2327,"nets":9,"probes":260,"lora":0,"sg_mode":0,"sg_nodes":0,"wio":0,"wio_proxy":0,"wio_phone":0,"upload":0,"heap_kb":4463,"int_kb":50,"reason":"owner"}
{"type":"run_sample","seq":7217,"ts_ms":4702941,"uptime_s":4702,"session":"33e864-7444-9b598329","owner":5,"pending":3636,"enrich":2327,"nets":9,"probes":260,"lora":0,"sg_mode":0,"sg_nodes":0,"wio":0,"wio_proxy":0,"wio_phone":0,"upload":0,"heap_kb":4462,"int_kb":50,"reason":"owner"}
{"type":"run_sample","seq":7218,"ts_ms":4762941,"uptime_s":4762,"session":"33e864-7444-9b598329","owner":1,"pending":3642,"enrich":2333,"nets":9,"probes":264,"lora":0,"sg_mode":0,"sg_nodes":0,"wio":0,"wio_proxy":0,"wio_phone":0,"upload":0,"heap_kb":4428,"int_kb":21,"reason":"owner"}
{"type":"run_sample","seq":7219,"ts_ms":5005554,"uptime_s":5005,"session":"33e864-7444-9b598329","owner":7,"pending":3657,"enrich":2348,"nets":9,"probes":278,"lora":0,"sg_mode":0,"sg_nodes":0,"wio":0,"wio_proxy":0,"wio_phone":0,"upload":0,"heap_kb":4463,"int_kb":51,"reason":"owner"}
{"type":"run_sample","seq":7220,"ts_ms":5065716,"uptime_s":5065,"session":"33e864-7444-9b598329","owner":5,"pending":3657,"enrich":2348,"nets":9,"probes":278,"lora":0,"sg_mode":0,"sg_nodes":0,"wio":0,"wio_proxy":0,"wio_phone":0,"upload":0,"heap_kb":4462,"int_kb":50,"reason":"owner"}
{"type":"run_sample","seq":7221,"ts_ms":5125718,"uptime_s":5125,"session":"33e864-7444-9b598329","owner":1,"pending":3662,"enrich":2353,"nets":9,"probes":282,"lora":0,"sg_mode":0,"sg_nodes":0,"wio":0,"wio_proxy":0,"wio_phone":0,"upload":0,"heap_kb":4428,"int_kb":20,"reason":"owner"}
{"type":"run_sample","seq":7222,"ts_ms":5368537,"uptime_s":5368,"session":"33e864-7444-9b598329","owner":7,"pending":3680,"enrich":2371,"nets":9,"probes":300,"lora":0,"sg_mode":0,"sg_nodes":0,"wio":0,"wio_proxy":0,"wio_phone":0,"upload":0,"heap_kb":4463,"int_kb":50,"reason":"owner"}
{"type":"power_sample","seq":7223,"ts_ms":5422963,"uptime_s":5422,"mv":4694,"pct":100,"trend":2,"cap_mah":1100,"runtime_min":0,"source":"usb","state":"usb","charging":0,"owner":7,"reason":"interval"}
{"type":"run_sample","seq":7224,"ts_ms":5428697,"uptime_s":5428,"session":"33e864-7444-9b598329","owner":5,"pending":3680,"enrich":2371,"nets":9,"probes":300,"lora":0,"sg_mode":0,"sg_nodes":0,"wio":0,"wio_proxy":0,"wio_phone":0,"upload":0,"heap_kb":4462,"int_kb":50,"reason":"owner"}
{"type":"run_sample","seq":7225,"ts_ms":5488701,"uptime_s":5488,"session":"33e864-7444-9b598329","owner":1,"pending":3684,"enrich":2375,"nets":9,"probes":304,"lora":0,"sg_mode":0,"sg_nodes":0,"wio":0,"wio_proxy":0,"wio_phone":0,"upload":0,"heap_kb":4428,"int_kb":20,"reason":"owner"}
{"type":"run_sample","seq":7226,"ts_ms":5566031,"uptime_s":5565,"session":"33e864-7444-9b598329","owner":5,"pending":3690,"enrich":2381,"nets":9,"probes":310,"lora":0,"sg_mode":0,"sg_nodes":0,"wio":0,"wio_proxy":0,"wio_phone":0,"upload":0,"heap_kb":4462,"int_kb":50,"reason":"owner"}
{"type":"run_sample","seq":7227,"ts_ms":5626038,"uptime_s":5626,"session":"33e864-7444-9b598329","owner":1,"pending":3695,"enrich":2386,"nets":9,"probes":315,"lora":0,"sg_mode":0,"sg_nodes":0,"wio":0,"wio_proxy":0,"wio_phone":0,"upload":0,"heap_kb":4428,"int_kb":21,"reason":"owner"}
{"type":"run_sample","seq":7228,"ts_ms":5731597,"uptime_s":5731,"session":"33e864-7444-9b598329","owner":7,"pending":3700,"enrich":2391,"nets":9,"probes":320,"lora":0,"sg_mode":0,"sg_nodes":0,"wio":0,"wio_proxy":0,"wio_phone":0,"upload":0,"heap_kb":4463,"int_kb":51,"reason":"owner"}
{"type":"run_sample","seq":7229,"ts_ms":5791755,"uptime_s":5791,"session":"33e864-7444-9b598329","owner":5,"pending":3700,"enrich":2391,"nets":9,"probes":320,"lora":0,"sg_mode":0,"sg_nodes":0,"wio":0,"wio_proxy":0,"wio_phone":0,"upload":0,"heap_kb":4463,"int_kb":50,"reason":"owner"}
{"type":"run_sample","seq":7230,"ts_ms":5851762,"uptime_s":5851,"session":"33e864-7444-9b598329","owner":1,"pending":3705,"enrich":2396,"nets":9,"probes":325,"lora":0,"sg_mode":0,"sg_nodes":0,"wio":0,"wio_proxy":0,"wio_phone":0,"upload":0,"heap_kb":4429,"int_kb":21,"reason":"owner"}
{"type":"run_sample","seq":7231,"ts_ms":5926028,"uptime_s":5925,"session":"33e864-7444-9b598329","owner":5,"pending":3711,"enrich":2402,"nets":9,"probes":331,"lora":0,"sg_mode":0,"sg_nodes":0,"wio":0,"wio_proxy":0,"wio_phone":0,"upload":0,"heap_kb":4462,"int_kb":50,"reason":"owner"}
{"type":"run_sample","seq":7232,"ts_ms":5986028,"uptime_s":5986,"session":"33e864-7444-9b598329","owner":1,"pending":3716,"enrich":2407,"nets":9,"probes":335,"lora":0,"sg_mode":0,"sg_nodes":0,"wio":0,"wio_proxy":0,"wio_phone":0,"upload":0,"heap_kb":4428,"int_kb":20,"reason":"owner"}
{"type":"run_sample","seq":7233,"ts_ms":6094710,"uptime_s":6094,"session":"33e864-7444-9b598329","owner":7,"pending":3725,"enrich":2416,"nets":9,"probes":344,"lora":0,"sg_mode":0,"sg_nodes":0,"wio":0,"wio_proxy":0,"wio_phone":0,"upload":0,"heap_kb":4463,"int_kb":50,"reason":"owner"}
{"type":"run_sample","seq":7234,"ts_ms":6154863,"uptime_s":6154,"session":"33e864-7444-9b598329","owner":5,"pending":3725,"enrich":2416,"nets":9,"probes":344,"lora":0,"sg_mode":0,"sg_nodes":0,"wio":0,"wio_proxy":0,"wio_phone":0,"upload":0,"heap_kb":4462,"int_kb":50,"reason":"owner"}
{"type":"run_sample","seq":7235,"ts_ms":6214867,"uptime_s":6214,"session":"33e864-7444-9b598329","owner":1,"pending":3729,"enrich":2420,"nets":9,"probes":348,"lora":0,"sg_mode":0,"sg_nodes":0,"wio":0,"wio_proxy":0,"wio_phone":0,"upload":0,"heap_kb":4428,"int_kb":20,"reason":"owner"}
{"type":"power_sample","seq":7236,"ts_ms":6322968,"uptime_s":6322,"mv":4686,"pct":100,"trend":-4,"cap_mah":1100,"runtime_min":0,"source":"usb","state":"usb","charging":0,"owner":1,"reason":"interval"}
{"type":"run_sample","seq":7237,"ts_ms":6425047,"uptime_s":6424,"session":"33e864-7444-9b598329","owner":5,"pending":3743,"enrich":2434,"nets":9,"probes":363,"lora":0,"sg_mode":0,"sg_nodes":0,"wio":0,"wio_proxy":0,"wio_phone":0,"upload":0,"heap_kb":4462,"int_kb":50,"reason":"owner"}
{"type":"run_sample","seq":7238,"ts_ms":6485054,"uptime_s":6485,"session":"33e864-7444-9b598329","owner":7,"pending":3748,"enrich":2439,"nets":9,"probes":366,"lora":0,"sg_mode":0,"sg_nodes":0,"wio":0,"wio_proxy":0,"wio_phone":0,"upload":0,"heap_kb":4462,"int_kb":50,"reason":"owner"}
{"type":"run_sample","seq":7239,"ts_ms":6545063,"uptime_s":6545,"session":"33e864-7444-9b598329","owner":1,"pending":3749,"enrich":2440,"nets":9,"probes":367,"lora":0,"sg_mode":0,"sg_nodes":0,"wio":0,"wio_proxy":0,"wio_phone":0,"upload":0,"heap_kb":4428,"int_kb":20,"reason":"owner"}
{"type":"run_sample","seq":7240,"ts_ms":6819863,"uptime_s":6819,"session":"33e864-7444-9b598329","owner":7,"pending":3769,"enrich":2460,"nets":9,"probes":387,"lora":0,"sg_mode":0,"sg_nodes":0,"wio":0,"wio_proxy":0,"wio_phone":0,"upload":0,"heap_kb":4463,"int_kb":50,"reason":"owner"}
{"type":"run_sample","seq":7241,"ts_ms":6880017,"uptime_s":6879,"session":"33e864-7444-9b598329","owner":5,"pending":3769,"enrich":2460,"nets":9,"probes":387,"lora":0,"sg_mode":0,"sg_nodes":0,"wio":0,"wio_proxy":0,"wio_phone":0,"upload":0,"heap_kb":4462,"int_kb":50,"reason":"owner"}
{"type":"run_sample","seq":7242,"ts_ms":6940018,"uptime_s":6940,"session":"33e864-7444-9b598329","owner":1,"pending":3770,"enrich":2461,"nets":9,"probes":388,"lora":0,"sg_mode":0,"sg_nodes":0,"wio":0,"wio_proxy":0,"wio_phone":0,"upload":0,"heap_kb":4428,"int_kb":20,"reason":"owner"}
{"type":"run_sample","seq":7243,"ts_ms":7182540,"uptime_s":7182,"session":"33e864-7444-9b598329","owner":7,"pending":3791,"enrich":2482,"nets":9,"probes":408,"lora":0,"sg_mode":0,"sg_nodes":0,"wio":0,"wio_proxy":0,"wio_phone":0,"upload":0,"heap_kb":4462,"int_kb":50,"reason":"owner"}
{"type":"power_sample","seq":7244,"ts_ms":7222972,"uptime_s":7222,"mv":4693,"pct":100,"trend":2,"cap_mah":1100,"runtime_min":0,"source":"usb","state":"usb","charging":0,"owner":7,"reason":"interval"}
{"type":"run_sample","seq":7245,"ts_ms":7242701,"uptime_s":7242,"session":"33e864-7444-9b598329","owner":5,"pending":3791,"enrich":2482,"nets":9,"probes":408,"lora":0,"sg_mode":0,"sg_nodes":0,"wio":0,"wio_proxy":0,"wio_phone":0,"upload":0,"heap_kb":4462,"int_kb":50,"reason":"owner"}
{"type":"run_sample","seq":7246,"ts_ms":7302701,"uptime_s":7302,"session":"33e864-7444-9b598329","owner":1,"pending":3795,"enrich":2486,"nets":9,"probes":412,"lora":0,"sg_mode":0,"sg_nodes":0,"wio":0,"wio_proxy":0,"wio_phone":0,"upload":0,"heap_kb":4428,"int_kb":20,"reason":"owner"}
{"type":"run_sample","seq":7247,"ts_ms":7532546,"uptime_s":7532,"session":"33e864-7444-9b598329","owner":5,"pending":3808,"enrich":2499,"nets":9,"probes":424,"lora":0,"sg_mode":0,"sg_nodes":0,"wio":0,"wio_proxy":0,"wio_phone":0,"upload":0,"heap_kb":4462,"int_kb":50,"reason":"owner"}
{"type":"run_sample","seq":7248,"ts_ms":7592552,"uptime_s":7592,"session":"33e864-7444-9b598329","owner":7,"pending":3809,"enrich":2500,"nets":9,"probes":425,"lora":0,"sg_mode":0,"sg_nodes":0,"wio":0,"wio_proxy":0,"wio_phone":0,"upload":0,"heap_kb":4462,"int_kb":50,"reason":"owner"}
{"type":"run_sample","seq":7249,"ts_ms":7652559,"uptime_s":7652,"session":"33e864-7444-9b598329","owner":1,"pending":3811,"enrich":2502,"nets":9,"probes":427,"lora":0,"sg_mode":0,"sg_nodes":0,"wio":0,"wio_proxy":0,"wio_phone":0,"upload":0,"heap_kb":4428,"int_kb":20,"reason":"owner"}
{"type":"run_sample","seq":7250,"ts_ms":7905823,"uptime_s":7905,"session":"33e864-7444-9b598329","owner":7,"pending":3825,"enrich":2516,"nets":9,"probes":440,"lora":0,"sg_mode":0,"sg_nodes":0,"wio":0,"wio_proxy":0,"wio_phone":0,"upload":0,"heap_kb":4462,"int_kb":50,"reason":"owner"}
{"type":"run_sample","seq":7251,"ts_ms":7965973,"uptime_s":7965,"session":"33e864-7444-9b598329","owner":5,"pending":3825,"enrich":2516,"nets":9,"probes":440,"lora":0,"sg_mode":0,"sg_nodes":0,"wio":0,"wio_proxy":0,"wio_phone":0,"upload":0,"heap_kb":4462,"int_kb":50,"reason":"owner"}
{"type":"run_sample","seq":7252,"ts_ms":8026022,"uptime_s":8025,"session":"33e864-7444-9b598329","owner":1,"pending":3827,"enrich":2518,"nets":9,"probes":441,"lora":0,"sg_mode":0,"sg_nodes":0,"wio":0,"wio_proxy":0,"wio_phone":0,"upload":0,"heap_kb":4428,"int_kb":20,"reason":"owner"}
{"type":"power_sample","seq":7253,"ts_ms":8122973,"uptime_s":8122,"mv":4688,"pct":100,"trend":-1,"cap_mah":1100,"runtime_min":0,"source":"usb","state":"usb","charging":0,"owner":1,"reason":"interval"}
{"type":"run_sample","seq":7254,"ts_ms":8268869,"uptime_s":8268,"session":"33e864-7444-9b598329","owner":7,"pending":3844,"enrich":2535,"nets":9,"probes":459,"lora":0,"sg_mode":0,"sg_nodes":0,"wio":0,"wio_proxy":0,"wio_phone":0,"upload":0,"heap_kb":4462,"int_kb":50,"reason":"owner"}
{"type":"run_sample","seq":7255,"ts_ms":8329019,"uptime_s":8328,"session":"33e864-7444-9b598329","owner":5,"pending":3844,"enrich":2535,"nets":9,"probes":459,"lora":0,"sg_mode":0,"sg_nodes":0,"wio":0,"wio_proxy":0,"wio_phone":0,"upload":0,"heap_kb":4462,"int_kb":50,"reason":"owner"}
{"type":"run_sample","seq":7256,"ts_ms":8389019,"uptime_s":8389,"session":"33e864-7444-9b598329","owner":1,"pending":3849,"enrich":2540,"nets":9,"probes":464,"lora":0,"sg_mode":0,"sg_nodes":0,"wio":0,"wio_proxy":0,"wio_phone":0,"upload":0,"heap_kb":4428,"int_kb":20,"reason":"owner"}
{"type":"run_sample","seq":7257,"ts_ms":8586245,"uptime_s":8585,"session":"33e864-7444-9b598329","owner":5,"pending":3861,"enrich":2552,"nets":9,"probes":475,"lora":0,"sg_mode":0,"sg_nodes":0,"wio":0,"wio_proxy":0,"wio_phone":0,"upload":0,"heap_kb":4462,"int_kb":50,"reason":"owner"}
{"type":"run_sample","seq":7258,"ts_ms":8646245,"uptime_s":8646,"session":"33e864-7444-9b598329","owner":7,"pending":3865,"enrich":2556,"nets":9,"probes":479,"lora":0,"sg_mode":0,"sg_nodes":0,"wio":0,"wio_proxy":0,"wio_phone":0,"upload":0,"heap_kb":4462,"int_kb":50,"reason":"owner"}
{"type":"run_sample","seq":7259,"ts_ms":8706260,"uptime_s":8706,"session":"33e864-7444-9b598329","owner":1,"pending":3866,"enrich":2557,"nets":9,"probes":480,"lora":0,"sg_mode":0,"sg_nodes":0,"wio":0,"wio_proxy":0,"wio_phone":0,"upload":0,"heap_kb":4428,"int_kb":20,"reason":"owner"}
{"type":"run_sample","seq":7260,"ts_ms":8994264,"uptime_s":8994,"session":"33e864-7444-9b598329","owner":7,"pending":3889,"enrich":2580,"nets":9,"probes":502,"lora":0,"sg_mode":0,"sg_nodes":0,"wio":0,"wio_proxy":0,"wio_phone":0,"upload":0,"heap_kb":4462,"int_kb":50,"reason":"owner"}
{"type":"power_sample","seq":7261,"ts_ms":9022982,"uptime_s":9022,"mv":4692,"pct":100,"trend":2,"cap_mah":1100,"runtime_min":0,"source":"usb","state":"usb","charging":0,"owner":7,"reason":"interval"}
{"type":"run_sample","seq":7262,"ts_ms":9054416,"uptime_s":9054,"session":"33e864-7444-9b598329","owner":5,"pending":3889,"enrich":2580,"nets":9,"probes":502,"lora":0,"sg_mode":0,"sg_nodes":0,"wio":0,"wio_proxy":0,"wio_phone":0,"upload":0,"heap_kb":4462,"int_kb":50,"reason":"owner"}
{"type":"run_sample","seq":7263,"ts_ms":9115960,"uptime_s":9113,"session":"33e864-7444-9b598329","owner":1,"pending":3894,"enrich":2585,"nets":9,"probes":506,"lora":0,"sg_mode":0,"sg_nodes":0,"wio":0,"wio_proxy":0,"wio_phone":0,"upload":0,"heap_kb":4428,"int_kb":20,"reason":"owner"}
{"type":"run_sample","seq":7264,"ts_ms":9357387,"uptime_s":9356,"session":"33e864-7444-9b598329","owner":7,"pending":3907,"enrich":2598,"nets":9,"probes":520,"lora":0,"sg_mode":0,"sg_nodes":0,"wio":0,"wio_proxy":0,"wio_phone":0,"upload":0,"heap_kb":4462,"int_kb":50,"reason":"owner"}
{"type":"run_sample","seq":7265,"ts_ms":9417547,"uptime_s":9417,"session":"33e864-7444-9b598329","owner":5,"pending":3907,"enrich":2598,"nets":9,"probes":520,"lora":0,"sg_mode":0,"sg_nodes":0,"wio":0,"wio_proxy":0,"wio_phone":0,"upload":0,"heap_kb":4462,"int_kb":50,"reason":"owner"}
{"type":"run_sample","seq":7266,"ts_ms":9477547,"uptime_s":9477,"session":"33e864-7444-9b598329","owner":1,"pending":3912,"enrich":2603,"nets":9,"probes":524,"lora":0,"sg_mode":0,"sg_nodes":0,"wio":0,"wio_proxy":0,"wio_phone":0,"upload":0,"heap_kb":4428,"int_kb":20,"reason":"owner"}
{"type":"reset_crash","seq":7267,"ts_ms":24148,"ts_iso":"","session":"33e864-7710-2bbe40db","reset":"panic","reset_code":4,"power":"usb","heap_kb":129,"pending":3920,"serial":0}
{"type":"boot","seq":7268,"ts_ms":24335,"ts_iso":"","reset":"panic","reset_code":4,"session":"33e864-7710-2bbe40db","heap_kb":129,"pending":3920,"serial":0}
{"type":"power_sample","seq":7269,"ts_ms":24547,"uptime_s":0,"mv":4582,"pct":100,"trend":0,"cap_mah":1100,"runtime_min":0,"source":"usb","state":"usb","charging":0,"owner":1,"reason":"boot"}
{"type":"run_sample","seq":7270,"ts_ms":24655,"uptime_s":0,"session":"33e864-7710-2bbe40db","owner":1,"pending":3920,"enrich":2611,"nets":0,"probes":0,"lora":0,"sg_mode":0,"sg_nodes":0,"wio":0,"wio_proxy":0,"wio_phone":0,"upload":0,"heap_kb":4564,"int_kb":92,"reason":"boot"}
{"type":"run_sample","seq":7271,"ts_ms":25034,"uptime_s":24,"session":"33e864-7710-2bbe40db","owner":7,"pending":3920,"enrich":2611,"nets":0,"probes":0,"lora":0,"sg_mode":0,"sg_nodes":0,"wio":0,"wio_proxy":0,"wio_phone":0,"upload":0,"heap_kb":4517,"int_kb":58,"reason":"owner"}
{"type":"run_sample","seq":7272,"ts_ms":85044,"uptime_s":85,"session":"33e864-7710-2bbe40db","owner":0,"pending":3920,"enrich":2611,"nets":0,"probes":0,"lora":0,"sg_mode":0,"sg_nodes":0,"wio":0,"wio_proxy":0,"wio_phone":0,"upload":0,"heap_kb":4470,"int_kb":58,"reason":"owner"}
{"type":"run_sample","seq":7273,"ts_ms":145361,"uptime_s":145,"session":"33e864-7710-2bbe40db","owner":7,"pending":3924,"enrich":2615,"nets":9,"probes":2,"lora":0,"sg_mode":0,"sg_nodes":0,"wio":0,"wio_proxy":0,"wio_phone":0,"upload":0,"heap_kb":4464,"int_kb":52,"reason":"owner"}
{"type":"run_sample","seq":7274,"ts_ms":205523,"uptime_s":205,"session":"33e864-7710-2bbe40db","owner":5,"pending":3924,"enrich":2615,"nets":9,"probes":2,"lora":0,"sg_mode":0,"sg_nodes":0,"wio":0,"wio_proxy":0,"wio_phone":0,"upload":0,"heap_kb":4464,"int_kb":52,"reason":"owner"}
{"type":"run_sample","seq":7275,"ts_ms":265523,"uptime_s":265,"session":"33e864-7710-2bbe40db","owner":1,"pending":3936,"enrich":2627,"nets":9,"probes":9,"lora":0,"sg_mode":0,"sg_nodes":0,"wio":0,"wio_proxy":0,"wio_phone":0,"upload":0,"heap_kb":4430,"int_kb":22,"reason":"owner"}
{"type":"run_sample","seq":7276,"ts_ms":325531,"uptime_s":325,"session":"33e864-7710-2bbe40db","owner":7,"pending":3936,"enrich":2627,"nets":9,"probes":9,"lora":0,"sg_mode":0,"sg_nodes":0,"wio":0,"wio_proxy":0,"wio_phone":0,"upload":0,"heap_kb":4464,"int_kb":51,"reason":"owner"}
{"type":"run_sample","seq":7277,"ts_ms":385536,"uptime_s":385,"session":"33e864-7710-2bbe40db","owner":1,"pending":3940,"enrich":2631,"nets":9,"probes":13,"lora":0,"sg_mode":0,"sg_nodes":0,"wio":0,"wio_proxy":0,"wio_phone":0,"upload":0,"heap_kb":4430,"int_kb":22,"reason":"owner"}
{"type":"run_sample","seq":7278,"ts_ms":450552,"uptime_s":450,"session":"33e864-7710-2bbe40db","owner":7,"pending":3944,"enrich":2635,"nets":9,"probes":17,"lora":0,"sg_mode":0,"sg_nodes":0,"wio":0,"wio_proxy":0,"wio_phone":0,"upload":0,"heap_kb":4464,"int_kb":52,"reason":"owner"}
{"type":"run_sample","seq":7279,"ts_ms":510710,"uptime_s":510,"session":"33e864-7710-2bbe40db","owner":5,"pending":3944,"enrich":2635,"nets":9,"probes":17,"lora":0,"sg_mode":0,"sg_nodes":0,"wio":0,"wio_proxy":0,"wio_phone":0,"upload":0,"heap_kb":4464,"int_kb":51,"reason":"owner"}
{"type":"run_sample","seq":7280,"ts_ms":570715,"uptime_s":570,"session":"33e864-7710-2bbe40db","owner":1,"pending":3947,"enrich":2638,"nets":9,"probes":20,"lora":0,"sg_mode":0,"sg_nodes":0,"wio":0,"wio_proxy":0,"wio_phone":0,"upload":0,"heap_kb":4430,"int_kb":22,"reason":"owner"}
{"type":"run_sample","seq":7281,"ts_ms":633326,"uptime_s":633,"session":"33e864-7710-2bbe40db","owner":7,"pending":3951,"enrich":2642,"nets":9,"probes":24,"lora":0,"sg_mode":0,"sg_nodes":0,"wio":0,"wio_proxy":0,"wio_phone":0,"upload":0,"heap_kb":4464,"int_kb":52,"reason":"owner"}
{"type":"run_sample","seq":7282,"ts_ms":693480,"uptime_s":693,"session":"33e864-7710-2bbe40db","owner":5,"pending":3951,"enrich":2642,"nets":9,"probes":24,"lora":0,"sg_mode":0,"sg_nodes":0,"wio":0,"wio_proxy":0,"wio_phone":0,"upload":0,"heap_kb":4464,"int_kb":51,"reason":"owner"}
{"type":"run_sample","seq":7283,"ts_ms":753483,"uptime_s":753,"session":"33e864-7710-2bbe40db","owner":1,"pending":3955,"enrich":2646,"nets":9,"probes":28,"lora":0,"sg_mode":0,"sg_nodes":0,"wio":0,"wio_proxy":0,"wio_phone":0,"upload":0,"heap_kb":4429,"int_kb":22,"reason":"owner"}
{"type":"power_sample","seq":7284,"ts_ms":924552,"uptime_s":924,"mv":4689,"pct":100,"trend":0,"cap_mah":1100,"runtime_min":0,"source":"usb","state":"usb","charging":0,"owner":1,"reason":"interval"}
{"type":"run_sample","seq":7285,"ts_ms":995889,"uptime_s":995,"session":"33e864-7710-2bbe40db","owner":7,"pending":3970,"enrich":2661,"nets":9,"probes":42,"lora":0,"sg_mode":0,"sg_nodes":0,"wio":0,"wio_proxy":0,"wio_phone":0,"upload":0,"heap_kb":4464,"int_kb":52,"reason":"owner"}
{"type":"run_sample","seq":7286,"ts_ms":1056042,"uptime_s":1055,"session":"33e864-7710-2bbe40db","owner":5,"pending":3970,"enrich":2661,"nets":9,"probes":42,"lora":0,"sg_mode":0,"sg_nodes":0,"wio":0,"wio_proxy":0,"wio_phone":0,"upload":0,"heap_kb":4464,"int_kb":51,"reason":"owner"}
{"type":"run_sample","seq":7287,"ts_ms":1116042,"uptime_s":1116,"session":"33e864-7710-2bbe40db","owner":1,"pending":3973,"enrich":2664,"nets":9,"probes":45,"lora":0,"sg_mode":0,"sg_nodes":0,"wio":0,"wio_proxy":0,"wio_phone":0,"upload":0,"heap_kb":4429,"int_kb":22,"reason":"owner"}
{"type":"run_sample","seq":7288,"ts_ms":1225836,"uptime_s":1225,"session":"33e864-7710-2bbe40db","owner":5,"pending":3981,"enrich":2672,"nets":9,"probes":55,"lora":0,"sg_mode":0,"sg_nodes":0,"wio":0,"wio_proxy":0,"wio_phone":0,"upload":0,"heap_kb":4464,"int_kb":51,"reason":"owner"}
{"type":"run_sample","seq":7289,"ts_ms":1285836,"uptime_s":1285,"session":"33e864-7710-2bbe40db","owner":1,"pending":3987,"enrich":2678,"nets":9,"probes":57,"lora":0,"sg_mode":0,"sg_nodes":0,"wio":0,"wio_proxy":0,"wio_phone":0,"upload":0,"heap_kb":4430,"int_kb":22,"reason":"owner"}
{"type":"run_sample","seq":7290,"ts_ms":1358616,"uptime_s":1358,"session":"33e864-7710-2bbe40db","owner":7,"pending":3991,"enrich":2682,"nets":9,"probes":61,"lora":0,"sg_mode":0,"sg_nodes":0,"wio":0,"wio_proxy":0,"wio_phone":0,"upload":0,"heap_kb":4464,"int_kb":52,"reason":"owner"}
{"type":"run_sample","seq":7291,"ts_ms":1418775,"uptime_s":1418,"session":"33e864-7710-2bbe40db","owner":5,"pending":3991,"enrich":2682,"nets":9,"probes":61,"lora":0,"sg_mode":0,"sg_nodes":0,"wio":0,"wio_proxy":0,"wio_phone":0,"upload":0,"heap_kb":4464,"int_kb":51,"reason":"owner"}
{"type":"run_sample","seq":7292,"ts_ms":1478781,"uptime_s":1478,"session":"33e864-7710-2bbe40db","owner":1,"pending":3996,"enrich":2687,"nets":9,"probes":66,"lora":0,"sg_mode":0,"sg_nodes":0,"wio":0,"wio_proxy":0,"wio_phone":0,"upload":0,"heap_kb":4430,"int_kb":22,"reason":"owner"}
{"type":"run_sample","seq":7293,"ts_ms":1721584,"uptime_s":1721,"session":"33e864-7710-2bbe40db","owner":7,"pending":4014,"enrich":2705,"nets":9,"probes":83,"lora":0,"sg_mode":0,"sg_nodes":0,"wio":0,"wio_proxy":0,"wio_phone":0,"upload":0,"heap_kb":4464,"int_kb":52,"reason":"owner"}
{"type":"run_sample","seq":7294,"ts_ms":1781736,"uptime_s":1781,"session":"33e864-7710-2bbe40db","owner":5,"pending":4014,"enrich":2705,"nets":9,"probes":83,"lora":0,"sg_mode":0,"sg_nodes":0,"wio":0,"wio_proxy":0,"wio_phone":0,"upload":0,"heap_kb":4464,"int_kb":51,"reason":"owner"}
{"type":"power_sample","seq":7295,"ts_ms":1824558,"uptime_s":1824,"mv":4688,"pct":100,"trend":0,"cap_mah":1100,"runtime_min":0,"source":"usb","state":"usb","charging":0,"owner":1,"reason":"interval"}
{"type":"run_sample","seq":7296,"ts_ms":1841736,"uptime_s":1841,"session":"33e864-7710-2bbe40db","owner":1,"pending":4015,"enrich":2706,"nets":9,"probes":84,"lora":0,"sg_mode":0,"sg_nodes":0,"wio":0,"wio_proxy":0,"wio_phone":0,"upload":0,"heap_kb":4430,"int_kb":22,"reason":"owner"}
{"type":"run_sample","seq":7297,"ts_ms":2084808,"uptime_s":2084,"session":"33e864-7710-2bbe40db","owner":7,"pending":4033,"enrich":2724,"nets":9,"probes":101,"lora":0,"sg_mode":0,"sg_nodes":0,"wio":0,"wio_proxy":0,"wio_phone":0,"upload":0,"heap_kb":4464,"int_kb":52,"reason":"owner"}
{"type":"run_sample","seq":7298,"ts_ms":2144964,"uptime_s":2144,"session":"33e864-7710-2bbe40db","owner":5,"pending":4033,"enrich":2724,"nets":9,"probes":101,"lora":0,"sg_mode":0,"sg_nodes":0,"wio":0,"wio_proxy":0,"wio_phone":0,"upload":0,"heap_kb":4464,"int_kb":51,"reason":"owner"}
{"type":"run_sample","seq":7299,"ts_ms":2208094,"uptime_s":2204,"session":"33e864-7710-2bbe40db","owner":1,"pending":4040,"enrich":2731,"nets":9,"probes":105,"lora":0,"sg_mode":0,"sg_nodes":0,"wio":0,"wio_proxy":0,"wio_phone":0,"upload":0,"heap_kb":4435,"int_kb":27,"reason":"owner"}
{"type":"run_sample","seq":7300,"ts_ms":2405480,"uptime_s":2405,"session":"33e864-7710-2bbe40db","owner":1,"pending":4065,"enrich":2756,"nets":9,"probes":129,"lora":0,"sg_mode":0,"sg_nodes":0,"wio":0,"wio_proxy":0,"wio_phone":0,"upload":0,"heap_kb":4430,"int_kb":22,"reason":"pending"}
{"type":"run_sample","seq":7301,"ts_ms":2465486,"uptime_s":2465,"session":"33e864-7710-2bbe40db","owner":7,"pending":4067,"enrich":2758,"nets":9,"probes":132,"lora":0,"sg_mode":0,"sg_nodes":0,"wio":0,"wio_proxy":0,"wio_phone":0,"upload":0,"heap_kb":4464,"int_kb":51,"reason":"owner"}
{"type":"run_sample","seq":7302,"ts_ms":2525493,"uptime_s":2525,"session":"33e864-7710-2bbe40db","owner":1,"pending":4071,"enrich":2762,"nets":9,"probes":134,"lora":0,"sg_mode":0,"sg_nodes":0,"wio":0,"wio_proxy":0,"wio_phone":0,"upload":0,"heap_kb":4429,"int_kb":22,"reason":"owner"}
{"type":"power_sample","seq":7303,"ts_ms":2724558,"uptime_s":2724,"mv":4689,"pct":100,"trend":0,"cap_mah":1100,"runtime_min":0,"source":"usb","state":"usb","charging":0,"owner":1,"reason":"interval"}
{"type":"run_sample","seq":7304,"ts_ms":2810298,"uptime_s":2810,"session":"33e864-7710-2bbe40db","owner":7,"pending":4092,"enrich":2783,"nets":9,"probes":155,"lora":0,"sg_mode":0,"sg_nodes":0,"wio":0,"wio_proxy":0,"wio_phone":0,"upload":0,"heap_kb":4464,"int_kb":51,"reason":"owner"}
{"type":"run_sample","seq":7305,"ts_ms":2870461,"uptime_s":2870,"session":"33e864-7710-2bbe40db","owner":5,"pending":4092,"enrich":2783,"nets":9,"probes":155,"lora":0,"sg_mode":0,"sg_nodes":0,"wio":0,"wio_proxy":0,"wio_phone":0,"upload":0,"heap_kb":4463,"int_kb":51,"reason":"owner"}
{"type":"run_sample","seq":7306,"ts_ms":2930462,"uptime_s":2930,"session":"33e864-7710-2bbe40db","owner":1,"pending":4096,"enrich":2787,"nets":9,"probes":159,"lora":0,"sg_mode":0,"sg_nodes":0,"wio":0,"wio_proxy":0,"wio_phone":0,"upload":0,"heap_kb":4429,"int_kb":22,"reason":"owner"}
{"type":"run_sample","seq":7307,"ts_ms":3041098,"uptime_s":3040,"session":"33e864-7710-2bbe40db","owner":5,"pending":4103,"enrich":2794,"nets":9,"probes":166,"lora":0,"sg_mode":0,"sg_nodes":0,"wio":0,"wio_proxy":0,"wio_phone":0,"upload":0,"heap_kb":4463,"int_kb":51,"reason":"owner"}
{"type":"run_sample","seq":7308,"ts_ms":3101105,"uptime_s":3101,"session":"33e864-7710-2bbe40db","owner":1,"pending":4110,"enrich":2801,"nets":9,"probes":172,"lora":0,"sg_mode":0,"sg_nodes":0,"wio":0,"wio_proxy":0,"wio_phone":0,"upload":0,"heap_kb":4429,"int_kb":22,"reason":"owner"}
{"type":"run_sample","seq":7309,"ts_ms":3173192,"uptime_s":3172,"session":"33e864-7710-2bbe40db","owner":7,"pending":4116,"enrich":2807,"nets":9,"probes":178,"lora":0,"sg_mode":0,"sg_nodes":0,"wio":0,"wio_proxy":0,"wio_phone":0,"upload":0,"heap_kb":4464,"int_kb":51,"reason":"owner"}
{"type":"run_sample","seq":7310,"ts_ms":3233347,"uptime_s":3233,"session":"33e864-7710-2bbe40db","owner":5,"pending":4116,"enrich":2807,"nets":9,"probes":178,"lora":0,"sg_mode":0,"sg_nodes":0,"wio":0,"wio_proxy":0,"wio_phone":0,"upload":0,"heap_kb":4463,"int_kb":51,"reason":"owner"}
{"type":"run_sample","seq":7311,"ts_ms":3293348,"uptime_s":3293,"session":"33e864-7710-2bbe40db","owner":1,"pending":4120,"enrich":2811,"nets":9,"probes":182,"lora":0,"sg_mode":0,"sg_nodes":0,"wio":0,"wio_proxy":0,"wio_phone":0,"upload":0,"heap_kb":4429,"int_kb":22,"reason":"owner"}
{"type":"run_sample","seq":7312,"ts_ms":3466163,"uptime_s":3465,"session":"33e864-7710-2bbe40db","owner":5,"pending":4134,"enrich":2825,"nets":9,"probes":199,"lora":0,"sg_mode":0,"sg_nodes":0,"wio":0,"wio_proxy":0,"wio_phone":0,"upload":0,"heap_kb":4463,"int_kb":51,"reason":"owner"}
{"type":"run_sample","seq":7313,"ts_ms":3526171,"uptime_s":3526,"session":"33e864-7710-2bbe40db","owner":1,"pending":4141,"enrich":2832,"nets":9,"probes":203,"lora":0,"sg_mode":0,"sg_nodes":0,"wio":0,"wio_proxy":0,"wio_phone":0,"upload":0,"heap_kb":4429,"int_kb":22,"reason":"owner"}
{"type":"run_sample","seq":7314,"ts_ms":3586177,"uptime_s":3586,"session":"33e864-7710-2bbe40db","owner":7,"pending":4141,"enrich":2832,"nets":9,"probes":203,"lora":0,"sg_mode":0,"sg_nodes":0,"wio":0,"wio_proxy":0,"wio_phone":0,"upload":0,"heap_kb":4464,"int_kb":52,"reason":"owner"}
{"type":"power_sample","seq":7315,"ts_ms":3624564,"uptime_s":3624,"mv":4688,"pct":100,"trend":0,"cap_mah":1100,"runtime_min":0,"source":"usb","state":"usb","charging":0,"owner":1,"reason":"interval"}
{"type":"run_sample","seq":7316,"ts_ms":3646184,"uptime_s":3646,"session":"33e864-7710-2bbe40db","owner":1,"pending":4144,"enrich":2835,"nets":9,"probes":207,"lora":0,"sg_mode":0,"sg_nodes":0,"wio":0,"wio_proxy":0,"wio_phone":0,"upload":0,"heap_kb":4429,"int_kb":22,"reason":"owner"}
{"type":"run_sample","seq":7317,"ts_ms":3769820,"uptime_s":3769,"session":"33e864-7710-2bbe40db","owner":5,"pending":4157,"enrich":2848,"nets":9,"probes":220,"lora":0,"sg_mode":0,"sg_nodes":0,"wio":0,"wio_proxy":0,"wio_phone":0,"upload":0,"heap_kb":4463,"int_kb":51,"reason":"owner"}
{"type":"run_sample","seq":7318,"ts_ms":3829825,"uptime_s":3829,"session":"33e864-7710-2bbe40db","owner":1,"pending":4163,"enrich":2854,"nets":9,"probes":224,"lora":0,"sg_mode":0,"sg_nodes":0,"wio":0,"wio_proxy":0,"wio_phone":0,"upload":0,"heap_kb":4429,"int_kb":21,"reason":"owner"}
{"type":"run_sample","seq":7319,"ts_ms":3899180,"uptime_s":3898,"session":"33e864-7710-2bbe40db","owner":7,"pending":4168,"enrich":2859,"nets":9,"probes":229,"lora":0,"sg_mode":0,"sg_nodes":0,"wio":0,"wio_proxy":0,"wio_phone":0,"upload":0,"heap_kb":4464,"int_kb":51,"reason":"owner"}
{"type":"run_sample","seq":7320,"ts_ms":3959329,"uptime_s":3959,"session":"33e864-7710-2bbe40db","owner":5,"pending":4168,"enrich":2859,"nets":9,"probes":229,"lora":0,"sg_mode":0,"sg_nodes":0,"wio":0,"wio_proxy":0,"wio_phone":0,"upload":0,"heap_kb":4463,"int_kb":51,"reason":"owner"}
{"type":"run_sample","seq":7321,"ts_ms":4019335,"uptime_s":4019,"session":"33e864-7710-2bbe40db","owner":1,"pending":4171,"enrich":2862,"nets":9,"probes":232,"lora":0,"sg_mode":0,"sg_nodes":0,"wio":0,"wio_proxy":0,"wio_phone":0,"upload":0,"heap_kb":4429,"int_kb":21,"reason":"owner"}
{"type":"run_sample","seq":7322,"ts_ms":4261993,"uptime_s":4261,"session":"33e864-7710-2bbe40db","owner":7,"pending":4189,"enrich":2880,"nets":9,"probes":250,"lora":0,"sg_mode":0,"sg_nodes":0,"wio":0,"wio_proxy":0,"wio_phone":0,"upload":0,"heap_kb":4464,"int_kb":51,"reason":"owner"}
{"type":"run_sample","seq":7323,"ts_ms":4322150,"uptime_s":4321,"session":"33e864-7710-2bbe40db","owner":5,"pending":4189,"enrich":2880,"nets":9,"probes":250,"lora":0,"sg_mode":0,"sg_nodes":0,"wio":0,"wio_proxy":0,"wio_phone":0,"upload":0,"heap_kb":4463,"int_kb":51,"reason":"owner"}
{"type":"run_sample","seq":7324,"ts_ms":4382157,"uptime_s":4382,"session":"33e864-7710-2bbe40db","owner":1,"pending":4194,"enrich":2885,"nets":9,"probes":254,"lora":0,"sg_mode":0,"sg_nodes":0,"wio":0,"wio_proxy":0,"wio_phone":0,"upload":0,"heap_kb":4429,"int_kb":21,"reason":"owner"}
{"type":"power_sample","seq":7325,"ts_ms":4524570,"uptime_s":4524,"mv":4689,"pct":100,"trend":0,"cap_mah":1100,"runtime_min":0,"source":"usb","state":"usb","charging":0,"owner":1,"reason":"interval"}
{"type":"run_sample","seq":7326,"ts_ms":4624936,"uptime_s":4624,"session":"33e864-7710-2bbe40db","owner":7,"pending":4213,"enrich":2904,"nets":9,"probes":273,"lora":0,"sg_mode":0,"sg_nodes":0,"wio":0,"wio_proxy":0,"wio_phone":0,"upload":0,"heap_kb":4464,"int_kb":51,"reason":"owner"}
{"type":"run_sample","seq":7327,"ts_ms":4685090,"uptime_s":4684,"session":"33e864-7710-2bbe40db","owner":5,"pending":4213,"enrich":2904,"nets":9,"probes":273,"lora":0,"sg_mode":0,"sg_nodes":0,"wio":0,"wio_proxy":0,"wio_phone":0,"upload":0,"heap_kb":4463,"int_kb":51,"reason":"owner"}
{"type":"run_sample","seq":7328,"ts_ms":4745097,"uptime_s":4745,"session":"33e864-7710-2bbe40db","owner":1,"pending":4217,"enrich":2908,"nets":9,"probes":278,"lora":0,"sg_mode":0,"sg_nodes":0,"wio":0,"wio_proxy":0,"wio_phone":0,"upload":0,"heap_kb":4429,"int_kb":21,"reason":"owner"}
{"type":"run_sample","seq":7329,"ts_ms":4987421,"uptime_s":4987,"session":"33e864-7710-2bbe40db","owner":7,"pending":4241,"enrich":2932,"nets":9,"probes":298,"lora":0,"sg_mode":0,"sg_nodes":0,"wio":0,"wio_proxy":0,"wio_phone":0,"upload":0,"heap_kb":4463,"int_kb":51,"reason":"owner"}
{"type":"run_sample","seq":7330,"ts_ms":5047578,"uptime_s":5047,"session":"33e864-7710-2bbe40db","owner":5,"pending":4241,"enrich":2932,"nets":9,"probes":298,"lora":0,"sg_mode":0,"sg_nodes":0,"wio":0,"wio_proxy":0,"wio_phone":0,"upload":0,"heap_kb":4463,"int_kb":51,"reason":"owner"}
{"type":"run_sample","seq":7331,"ts_ms":5107585,"uptime_s":5107,"session":"33e864-7710-2bbe40db","owner":1,"pending":4248,"enrich":2939,"nets":9,"probes":305,"lora":0,"sg_mode":0,"sg_nodes":0,"wio":0,"wio_proxy":0,"wio_phone":0,"upload":0,"heap_kb":4429,"int_kb":21,"reason":"owner"}
{"type":"run_sample","seq":7332,"ts_ms":5210306,"uptime_s":5209,"session":"33e864-7710-2bbe40db","owner":5,"pending":4255,"enrich":2946,"nets":9,"probes":312,"lora":0,"sg_mode":0,"sg_nodes":0,"wio":0,"wio_proxy":0,"wio_phone":0,"upload":0,"heap_kb":4463,"int_kb":51,"reason":"owner"}
{"type":"run_sample","seq":7333,"ts_ms":5270312,"uptime_s":5270,"session":"33e864-7710-2bbe40db","owner":1,"pending":4261,"enrich":2952,"nets":9,"probes":318,"lora":0,"sg_mode":0,"sg_nodes":0,"wio":0,"wio_proxy":0,"wio_phone":0,"upload":0,"heap_kb":4429,"int_kb":21,"reason":"owner"}
{"type":"run_sample","seq":7334,"ts_ms":5348881,"uptime_s":5348,"session":"33e864-7710-2bbe40db","owner":7,"pending":4267,"enrich":2958,"nets":9,"probes":325,"lora":0,"sg_mode":0,"sg_nodes":0,"wio":0,"wio_proxy":0,"wio_phone":0,"upload":0,"heap_kb":4464,"int_kb":51,"reason":"owner"}
{"type":"run_sample","seq":7335,"ts_ms":5409042,"uptime_s":5408,"session":"33e864-7710-2bbe40db","owner":5,"pending":4267,"enrich":2958,"nets":9,"probes":325,"lora":0,"sg_mode":0,"sg_nodes":0,"wio":0,"wio_proxy":0,"wio_phone":0,"upload":0,"heap_kb":4463,"int_kb":51,"reason":"owner"}
{"type":"power_sample","seq":7336,"ts_ms":5424575,"uptime_s":5424,"mv":4690,"pct":100,"trend":0,"cap_mah":1100,"runtime_min":0,"source":"usb","state":"usb","charging":0,"owner":1,"reason":"interval"}
{"type":"run_sample","seq":7337,"ts_ms":5469048,"uptime_s":5469,"session":"33e864-7710-2bbe40db","owner":1,"pending":4273,"enrich":2964,"nets":9,"probes":330,"lora":0,"sg_mode":0,"sg_nodes":0,"wio":0,"wio_proxy":0,"wio_phone":0,"upload":0,"heap_kb":4429,"int_kb":21,"reason":"owner"}
{"type":"run_sample","seq":7338,"ts_ms":5711529,"uptime_s":5711,"session":"33e864-7710-2bbe40db","owner":7,"pending":4289,"enrich":2980,"nets":9,"probes":346,"lora":0,"sg_mode":0,"sg_nodes":0,"wio":0,"wio_proxy":0,"wio_phone":0,"upload":0,"heap_kb":4463,"int_kb":51,"reason":"owner"}
{"type":"run_sample","seq":7339,"ts_ms":5771683,"uptime_s":5771,"session":"33e864-7710-2bbe40db","owner":5,"pending":4289,"enrich":2980,"nets":9,"probes":346,"lora":0,"sg_mode":0,"sg_nodes":0,"wio":0,"wio_proxy":0,"wio_phone":0,"upload":0,"heap_kb":4463,"int_kb":51,"reason":"owner"}
{"type":"run_sample","seq":7340,"ts_ms":5831691,"uptime_s":5831,"session":"33e864-7710-2bbe40db","owner":1,"pending":4293,"enrich":2984,"nets":9,"probes":350,"lora":0,"sg_mode":0,"sg_nodes":0,"wio":0,"wio_proxy":0,"wio_phone":0,"upload":0,"heap_kb":4429,"int_kb":21,"reason":"owner"}
{"type":"run_sample","seq":7341,"ts_ms":6074354,"uptime_s":6074,"session":"33e864-7710-2bbe40db","owner":7,"pending":4308,"enrich":2999,"nets":9,"probes":364,"lora":0,"sg_mode":0,"sg_nodes":0,"wio":0,"wio_proxy":0,"wio_phone":0,"upload":0,"heap_kb":4463,"int_kb":51,"reason":"owner"}
{"type":"run_sample","seq":7342,"ts_ms":6134516,"uptime_s":6134,"session":"33e864-7710-2bbe40db","owner":5,"pending":4308,"enrich":2999,"nets":9,"probes":364,"lora":0,"sg_mode":0,"sg_nodes":0,"wio":0,"wio_proxy":0,"wio_phone":0,"upload":0,"heap_kb":4463,"int_kb":51,"reason":"owner"}
{"type":"run_sample","seq":7343,"ts_ms":6194520,"uptime_s":6194,"session":"33e864-7710-2bbe40db","owner":1,"pending":4314,"enrich":3005,"nets":9,"probes":370,"lora":0,"sg_mode":0,"sg_nodes":0,"wio":0,"wio_proxy":0,"wio_phone":0,"upload":0,"heap_kb":4429,"int_kb":21,"reason":"owner"}
{"type":"power_sample","seq":7344,"ts_ms":6324576,"uptime_s":6324,"mv":4692,"pct":100,"trend":-3,"cap_mah":1100,"runtime_min":0,"source":"usb","state":"usb","charging":0,"owner":1,"reason":"interval"}
{"type":"run_sample","seq":7345,"ts_ms":6437447,"uptime_s":6437,"session":"33e864-7710-2bbe40db","owner":7,"pending":4329,"enrich":3020,"nets":9,"probes":385,"lora":0,"sg_mode":0,"sg_nodes":0,"wio":0,"wio_proxy":0,"wio_phone":0,"upload":0,"heap_kb":4463,"int_kb":51,"reason":"owner"}
{"type":"run_sample","seq":7346,"ts_ms":6497608,"uptime_s":6497,"session":"33e864-7710-2bbe40db","owner":5,"pending":4329,"enrich":3020,"nets":9,"probes":385,"lora":0,"sg_mode":0,"sg_nodes":0,"wio":0,"wio_proxy":0,"wio_phone":0,"upload":0,"heap_kb":4463,"int_kb":51,"reason":"owner"}
{"type":"run_sample","seq":7347,"ts_ms":6557612,"uptime_s":6557,"session":"33e864-7710-2bbe40db","owner":1,"pending":4331,"enrich":3022,"nets":9,"probes":387,"lora":0,"sg_mode":0,"sg_nodes":0,"wio":0,"wio_proxy":0,"wio_phone":0,"upload":0,"heap_kb":4429,"int_kb":21,"reason":"owner"}
{"type":"run_sample","seq":7348,"ts_ms":6648881,"uptime_s":6648,"session":"33e864-7710-2bbe40db","owner":5,"pending":4340,"enrich":3031,"nets":9,"probes":396,"lora":0,"sg_mode":0,"sg_nodes":0,"wio":0,"wio_proxy":0,"wio_phone":0,"upload":0,"heap_kb":4463,"int_kb":51,"reason":"owner"}
{"type":"run_sample","seq":7349,"ts_ms":6708889,"uptime_s":6708,"session":"33e864-7710-2bbe40db","owner":1,"pending":4342,"enrich":3033,"nets":9,"probes":397,"lora":0,"sg_mode":0,"sg_nodes":0,"wio":0,"wio_proxy":0,"wio_phone":0,"upload":0,"heap_kb":4429,"int_kb":21,"reason":"owner"}
{"type":"run_sample","seq":7350,"ts_ms":6800500,"uptime_s":6800,"session":"33e864-7710-2bbe40db","owner":7,"pending":4351,"enrich":3042,"nets":9,"probes":406,"lora":0,"sg_mode":0,"sg_nodes":0,"wio":0,"wio_proxy":0,"wio_phone":0,"upload":0,"heap_kb":4463,"int_kb":51,"reason":"owner"}
{"type":"run_sample","seq":7351,"ts_ms":6860658,"uptime_s":6860,"session":"33e864-7710-2bbe40db","owner":5,"pending":4351,"enrich":3042,"nets":9,"probes":406,"lora":0,"sg_mode":0,"sg_nodes":0,"wio":0,"wio_proxy":0,"wio_phone":0,"upload":0,"heap_kb":4463,"int_kb":50,"reason":"owner"}
{"type":"run_sample","seq":7352,"ts_ms":6920667,"uptime_s":6920,"session":"33e864-7710-2bbe40db","owner":1,"pending":4356,"enrich":3047,"nets":9,"probes":411,"lora":0,"sg_mode":0,"sg_nodes":0,"wio":0,"wio_proxy":0,"wio_phone":0,"upload":0,"heap_kb":4429,"int_kb":21,"reason":"owner"}
{"type":"run_sample","seq":7353,"ts_ms":7148740,"uptime_s":7148,"session":"33e864-7710-2bbe40db","owner":5,"pending":4372,"enrich":3063,"nets":9,"probes":428,"lora":0,"sg_mode":0,"sg_nodes":0,"wio":0,"wio_proxy":0,"wio_phone":0,"upload":0,"heap_kb":4463,"int_kb":51,"reason":"owner"}
{"type":"run_sample","seq":7354,"ts_ms":7208744,"uptime_s":7208,"session":"33e864-7710-2bbe40db","owner":7,"pending":4373,"enrich":3064,"nets":9,"probes":428,"lora":0,"sg_mode":0,"sg_nodes":0,"wio":0,"wio_proxy":0,"wio_phone":0,"upload":0,"heap_kb":4463,"int_kb":51,"reason":"owner"}
{"type":"power_sample","seq":7355,"ts_ms":7224577,"uptime_s":7224,"mv":4703,"pct":100,"trend":4,"cap_mah":1100,"runtime_min":0,"source":"usb","state":"usb","charging":1,"owner":1,"reason":"interval"}
{"type":"run_sample","seq":7356,"ts_ms":7268749,"uptime_s":7268,"session":"33e864-7710-2bbe40db","owner":1,"pending":4376,"enrich":3067,"nets":9,"probes":431,"lora":0,"sg_mode":0,"sg_nodes":0,"wio":0,"wio_proxy":0,"wio_phone":0,"upload":0,"heap_kb":4429,"int_kb":21,"reason":"owner"}
{"type":"run_sample","seq":7357,"ts_ms":7523849,"uptime_s":7523,"session":"33e864-7710-2bbe40db","owner":7,"pending":4393,"enrich":3084,"nets":9,"probes":447,"lora":0,"sg_mode":0,"sg_nodes":0,"wio":0,"wio_proxy":0,"wio_phone":0,"upload":0,"heap_kb":4463,"int_kb":51,"reason":"owner"}
{"type":"run_sample","seq":7358,"ts_ms":7584001,"uptime_s":7583,"session":"33e864-7710-2bbe40db","owner":5,"pending":4393,"enrich":3084,"nets":9,"probes":447,"lora":0,"sg_mode":0,"sg_nodes":0,"wio":0,"wio_proxy":0,"wio_phone":0,"upload":0,"heap_kb":4463,"int_kb":51,"reason":"owner"}
{"type":"run_sample","seq":7359,"ts_ms":7644008,"uptime_s":7643,"session":"33e864-7710-2bbe40db","owner":1,"pending":4403,"enrich":3094,"nets":9,"probes":454,"lora":0,"sg_mode":0,"sg_nodes":0,"wio":0,"wio_proxy":0,"wio_phone":0,"upload":0,"heap_kb":4423,"int_kb":21,"reason":"owner"}
{"type":"run_sample","seq":7360,"ts_ms":7887601,"uptime_s":7887,"session":"33e864-7710-2bbe40db","owner":7,"pending":4421,"enrich":3112,"nets":9,"probes":472,"lora":0,"sg_mode":0,"sg_nodes":0,"wio":0,"wio_proxy":0,"wio_phone":0,"upload":0,"heap_kb":4458,"int_kb":51,"reason":"owner"}
{"type":"run_sample","seq":7361,"ts_ms":7947758,"uptime_s":7947,"session":"33e864-7710-2bbe40db","owner":5,"pending":4421,"enrich":3112,"nets":9,"probes":472,"lora":0,"sg_mode":0,"sg_nodes":0,"wio":0,"wio_proxy":0,"wio_phone":0,"upload":0,"heap_kb":4457,"int_kb":51,"reason":"owner"}
{"type":"run_sample","seq":7362,"ts_ms":8007764,"uptime_s":8007,"session":"33e864-7710-2bbe40db","owner":1,"pending":4424,"enrich":3115,"nets":9,"probes":475,"lora":0,"sg_mode":0,"sg_nodes":0,"wio":0,"wio_proxy":0,"wio_phone":0,"upload":0,"heap_kb":4423,"int_kb":21,"reason":"owner"}
{"type":"power_sample","seq":7363,"ts_ms":8124583,"uptime_s":8124,"mv":4692,"pct":100,"trend":-1,"cap_mah":1100,"runtime_min":0,"source":"usb","state":"usb","charging":0,"owner":1,"reason":"interval"}
{"type":"run_sample","seq":7364,"ts_ms":8250224,"uptime_s":8249,"session":"33e864-7710-2bbe40db","owner":7,"pending":4442,"enrich":3133,"nets":9,"probes":493,"lora":0,"sg_mode":0,"sg_nodes":0,"wio":0,"wio_proxy":0,"wio_phone":0,"upload":0,"heap_kb":4458,"int_kb":51,"reason":"owner"}
{"type":"run_sample","seq":7365,"ts_ms":8310376,"uptime_s":8310,"session":"33e864-7710-2bbe40db","owner":5,"pending":4442,"enrich":3133,"nets":9,"probes":493,"lora":0,"sg_mode":0,"sg_nodes":0,"wio":0,"wio_proxy":0,"wio_phone":0,"upload":0,"heap_kb":4457,"int_kb":50,"reason":"owner"}
{"type":"run_sample","seq":7366,"ts_ms":8370378,"uptime_s":8370,"session":"33e864-7710-2bbe40db","owner":1,"pending":4446,"enrich":3137,"nets":9,"probes":497,"lora":0,"sg_mode":0,"sg_nodes":0,"wio":0,"wio_proxy":0,"wio_phone":0,"upload":0,"heap_kb":4423,"int_kb":21,"reason":"owner"}
{"type":"run_sample","seq":7367,"ts_ms":8505683,"uptime_s":8505,"session":"33e864-7710-2bbe40db","owner":5,"pending":4459,"enrich":3149,"nets":9,"probes":509,"lora":0,"sg_mode":0,"sg_nodes":0,"wio":0,"wio_proxy":0,"wio_phone":0,"upload":0,"heap_kb":4457,"int_kb":50,"reason":"owner"}
{"type":"run_sample","seq":7368,"ts_ms":8565683,"uptime_s":8565,"session":"33e864-7710-2bbe40db","owner":1,"pending":4467,"enrich":3157,"nets":9,"probes":516,"lora":0,"sg_mode":0,"sg_nodes":0,"wio":0,"wio_proxy":0,"wio_phone":0,"upload":0,"heap_kb":4423,"int_kb":20,"reason":"owner"}
{"type":"run_sample","seq":7369,"ts_ms":8627369,"uptime_s":8625,"session":"33e864-7710-2bbe40db","owner":7,"pending":4472,"enrich":3163,"nets":9,"probes":521,"lora":0,"sg_mode":0,"sg_nodes":0,"wio":0,"wio_proxy":0,"wio_phone":0,"upload":0,"heap_kb":4459,"int_kb":52,"reason":"owner"}
[FIELD] --- end live lines=214 ---
[FIELD] dump complete
[FIELD] retained after dump
[8792558][I][BTN] evt=B_SHORT consumed as display wake
[BTN] evt=B_SHORT consumed as display wake
[8792561][I][BTN] evt=B_SHORT screen=BOOT_SUMMARY overlay=NONE action=SCREEN_NEXT label=NEXT handled=1
[BTN] evt=B_SHORT screen=BOOT_SUMMARY overlay=NONE action=SCREEN_NEXT label=NEXT handled=1
[8792563][W][BLE] enrichment failed reason=enrich_rx_overflow
[8792564][I][BLE] client hard drop reason=enrichment_failure
[8792564][W][BLE] BLE enrichment exchange failed
[8792564][I][BLE] enrich_session_summary requested=450 applied=432 failed=0 deferred=0 batches=24 xferMs=18397 storageMs=40432 totalMs=177281
[8792578][I][STORAGE] RAMSpool worker paused inflight=0 lastInflight=0
[8792579][I][STORAGE] Exclusive window begin kind=enrichment reason=phone_offload_finish workerPaused=1 displaySuspended=1
[8793694][W][BLE] Phone enrichment failed
[8793695][I][BLE] probe resource release
[8793695][I][BLE] advertising stop
[8793696][I][BLE] client soft drop reason=radio_disabled
[8793696][I][BLE] radio disabled handoffSettle=75ms workerRetained=1
[8793697][I][BLE] probe release waiting for BLE handoff settle
[8793750][I][STORAGE] worker ui refresh serviced uiRefreshServiceCount=499 uiDeferred=577 uiFlush=499 pressure=0 usedPct=28 pending=4472
[8793751][W][STORAGE] worker metadata flush reason=upload_checkpoint ms=1172 ok=1 dirty=0
[8793751][I][STORAGE] worker metadata flush metadataFlushCount=107 reason=upload_checkpoint entryMetadataDirtyPending=1 entryUiRefreshPending=1 metadataDirtyPending=0 uiDeferred=577 uiFlush=499 uiRefreshServiceCou
[8793911][I][WIFI] Radio suspended
[8793912][E][CORE] Contract violation: batch active with owner=STORAGE_MAINT mqtt_state=0
[8794830][I][STORAGE] Upload index released reason=upload_batch_end_clean indexed=4459 sessions=39
[8794831][I][STORAGE] RAMSpool worker resumed
[8794831][I][STORAGE] Exclusive window end kind=enrichment result=checkpointed reason=phone_offload_finish
[8794832][I][OFFLOAD] end transfer=1 reason=ble_disconnect checkpoint=1
[8794833][W][BLE] peer disconnected reason=534 dirty=1
[8794834][W][BLE] peer disconnected -> return to scanning
[8794923][I][STORAGE] RAMSpool worker paused inflight=0 lastInflight=0
[8794924][I][STORAGE] Exclusive window begin kind=maintenance reason=radio_owner_window workerPaused=1 displaySuspended=1
[8794924][I][STORAGE] Maintenance start reason=radio_owner_window budgetMs=5000 flags=dirty_spool_index|dirty_summary|snapshot_lagged|segment_audit captureSafe=1
[8795778][I][STORAGE] Segment UTC base stamped seg=644 epoch=1786900498 utc=2026-08-16T17:14:58Z
[8796637][I][STORAGE] Segment UTC base stamped seg=645 epoch=1786902600 utc=2026-08-16T17:50:00Z
[8797497][I][STORAGE] Segment UTC base stamped seg=646 epoch=1786904166 utc=2026-08-16T18:16:06Z
[8798347][I][STORAGE] Segment UTC base stamped seg=647 epoch=1786905921 utc=2026-08-16T18:45:21Z
[8799141][I][STORAGE] Segment UTC base stamped seg=648 epoch=1786907985 utc=2026-08-16T19:19:45Z
[8799141][I][STORAGE] Maintenance requested reason=counter_untrusted source=maintenance_segment_audit flags=counter_untrusted|segment_audit
[8799142][W][STORAGE] Counter trust=repair_required reason=maintenance_segment_audit since=8799142
[8799142][W][STORAGE] Spool repair queued reason=maintenance_segment_audit
[8799143][I][STORAGE] Spool repair start reason=maintenance_segment_audit segs=65
[8799239][I][STORAGE] Spool repair checkpoint seg=550 off=42213 records=220 events=110 enrich=110
[8799383][I][STORAGE] Spool repair checkpoint seg=551 off=38420 records=200 events=100 enrich=100
[8799527][I][STORAGE] Spool repair checkpoint seg=552 off=37933 records=200 events=100 enrich=100
[8799658][I][STORAGE] Spool repair checkpoint seg=553 off=14576 records=76 events=38 enrich=38
[8799787][I][STORAGE] Spool repair checkpoint seg=554 off=10851 records=58 events=28 enrich=30
[8799963][I][STORAGE] Maintenance done reason=radio_owner_window actions=dirty_spool_index|dirty_summary|boot_safe_deferred_persist|snapshot_lagged|upload_enrich_cursor_dirty|segment_audit skipped=segment_audit re
[8799964][I][STORAGE] RAMSpool worker resumed
[8799964][I][STORAGE] Exclusive window end kind=maintenance result=pending reason=radio_owner_window
[8799965][I][STORAGE] maintenance owner window ms=5041 captureSafe=0 remaining=counter_untrusted|segment_audit
[8800089][I][CORE] Display resumed and refreshed
[8800089][I][STACK] TaskDisplay watermark=4652B min=4652B
[8800124][I][WIFI] Radio suspended
[8800130][I][STORAGE] RAMSpool worker paused inflight=0 lastInflight=0
[8800130][I][STORAGE] Exclusive window begin kind=maintenance reason=radio_owner_window workerPaused=1 displaySuspended=1
[8800131][I][STORAGE] Maintenance start reason=radio_owner_window budgetMs=30000 flags=counter_untrusted|segment_audit captureSafe=0
[8800261][I][STORAGE] Spool repair checkpoint seg=562 off=8215 records=42 events=22 enrich=20
[8800397][I][STORAGE] Spool repair checkpoint seg=563 off=26683 records=140 events=70 enrich=70
[8800523][I][STORAGE] Spool repair checkpoint seg=569 off=7600 records=40 events=20 enrich=20
[8800652][I][STORAGE] Spool repair checkpoint seg=571 off=16505 records=84 events=44 enrich=40
[8800777][I][STORAGE] Spool repair checkpoint seg=572 off=8668 records=44 events=22 enrich=22
[8800911][I][STORAGE] Spool repair checkpoint seg=574 off=26257 records=138 events=69 enrich=69
[8801054][I][STORAGE] Spool repair checkpoint seg=575 off=35857 records=184 events=93 enrich=91
[8801200][I][STORAGE] Spool repair checkpoint seg=577 off=38261 records=186 events=102 enrich=84
[8801331][I][STORAGE] Spool repair checkpoint seg=578 off=1165 records=12 events=2 enrich=10
[8801381][I][STORAGE] Maintenance skip action=counter_recount reason=repair_in_progress flags=counter_untrusted|segment_audit
[8801475][I][STORAGE] Maintenance done reason=radio_owner_window actions=segment_audit skipped=counter_untrusted|segment_audit remaining=counter_untrusted|segment_audit elapsedMs=1343 captureSafe=0
[8801475][I][STORAGE] RAMSpool worker resumed
[8801476][I][STORAGE] Exclusive window end kind=maintenance result=pending reason=radio_owner_window
[8801477][I][STORAGE] maintenance owner window ms=1348 captureSafe=0 remaining=counter_untrusted|segment_audit
[8801637][I][WIFI] Radio suspended
[8801638][W][CORE] TaskHardware loop gap=1513ms owner=STORAGE_MAINT pendingUpload=4472 maintPending=1 suppressed=3
[8801641][I][STORAGE] RAMSpool worker paused inflight=0 lastInflight=0
[8801642][I][STORAGE] Exclusive window begin kind=maintenance reason=radio_owner_window workerPaused=1 displaySuspended=1
[8801642][I][STORAGE] Maintenance start reason=radio_owner_window budgetMs=30000 flags=counter_untrusted|segment_audit captureSafe=0
[8801776][I][STORAGE] Spool repair checkpoint seg=579 off=11116 records=64 events=28 enrich=36
[8802064][I][STORAGE] Spool repair checkpoint seg=583 off=21024 records=107 events=54 enrich=53
[8802200][I][STORAGE] Spool repair checkpoint seg=584 off=19785 records=116 events=48 enrich=10
[8802328][I][STORAGE] Spool repair checkpoint seg=588 off=7648 records=40 events=20 enrich=20
[8802455][I][STORAGE] Spool repair checkpoint seg=596 off=2455 records=12 events=6 enrich=6
[8802583][I][STORAGE] Spool repair checkpoint seg=599 off=3322 records=15 events=8 enrich=7
[8802710][I][STORAGE] Spool repair checkpoint seg=600 off=9178 records=44 events=23 enrich=21
[8802836][I][STORAGE] Spool repair checkpoint seg=602 off=5789 records=30 events=15 enrich=15
[8802886][I][STORAGE] Maintenance skip action=counter_recount reason=repair_in_progress flags=counter_untrusted|segment_audit
[8802979][I][STORAGE] Maintenance done reason=radio_owner_window actions=segment_audit skipped=counter_untrusted|segment_audit remaining=counter_untrusted|segment_audit elapsedMs=1337 captureSafe=0
[8802980][I][STORAGE] RAMSpool worker resumed
[8802980][I][STORAGE] Exclusive window end kind=maintenance result=pending reason=radio_owner_window
[8802981][I][STORAGE] maintenance owner window ms=1340 captureSafe=0 remaining=counter_untrusted|segment_audit
[8803141][I][WIFI] Radio suspended
[8803145][I][STORAGE] RAMSpool worker paused inflight=0 lastInflight=0
[8803146][I][STORAGE] Exclusive window begin kind=maintenance reason=radio_owner_window workerPaused=1 displaySuspended=1
[8803146][I][STORAGE] Maintenance start reason=radio_owner_window budgetMs=30000 flags=counter_untrusted|segment_audit captureSafe=0
[8803232][I][STORAGE] Spool repair checkpoint seg=603 off=26734 records=132 events=66 enrich=66
[8803359][I][STORAGE] Spool repair checkpoint seg=604 off=9814 records=50 events=25 enrich=25
[8803496][I][STORAGE] Spool repair checkpoint seg=605 off=34093 records=168 events=84 enrich=84
[8803625][I][STORAGE] Spool repair checkpoint seg=606 off=16763 records=84 events=42 enrich=42
[8803747][I][STORAGE] Spool repair checkpoint seg=609 off=4339 records=18 events=12 enrich=6
[8803869][I][STORAGE] Spool repair checkpoint seg=612 off=2773 records=14 events=7 enrich=7
[8803990][I][STORAGE] Spool repair checkpoint seg=614 off=1714 records=10 events=4 enrich=6
[8804127][I][STORAGE] Spool repair checkpoint seg=615 off=32243 records=160 events=80 enrich=80
[8804350][I][STORAGE] Spool repair checkpoint seg=616 off=28081 records=133 events=70 enrich=63
[8804398][I][STORAGE] Maintenance skip action=counter_recount reason=repair_in_progress flags=counter_untrusted|segment_audit
[8804491][I][STORAGE] Maintenance done reason=radio_owner_window actions=segment_audit skipped=counter_untrusted|segment_audit remaining=counter_untrusted|segment_audit elapsedMs=1345 captureSafe=0
[8804492][I][STORAGE] RAMSpool worker resumed
[8804492][I][STORAGE] Exclusive window end kind=maintenance result=pending reason=radio_owner_window
[8804493][I][STORAGE] maintenance owner window ms=1348 captureSafe=0 remaining=counter_untrusted|segment_audit
[8804653][I][WIFI] Radio suspended
[8804657][I][STORAGE] RAMSpool worker paused inflight=0 lastInflight=0
[8804657][I][STORAGE] Exclusive window begin kind=maintenance reason=radio_owner_window workerPaused=1 displaySuspended=1
[8804658][I][STORAGE] Maintenance start reason=radio_owner_window budgetMs=30000 flags=counter_untrusted|segment_audit captureSafe=0
[8804891][I][STORAGE] Spool repair checkpoint seg=617 off=35316 records=96 events=96 enrich=0
[8805076][I][STORAGE] Spool repair checkpoint seg=618 off=35383 records=96 events=96 enrich=0
[8805294][I][STORAGE] Spool repair checkpoint seg=619 off=35448 records=96 events=96 enrich=0
[8805538][I][STORAGE] Spool repair checkpoint seg=620 off=35504 records=96 events=96 enrich=0
[8805781][I][STORAGE] Spool repair checkpoint seg=621 off=35632 records=96 events=96 enrich=0
[8805862][I][STORAGE] Maintenance skip action=counter_recount reason=repair_in_progress flags=counter_untrusted|segment_audit
[8805955][I][STORAGE] Maintenance done reason=radio_owner_window actions=segment_audit skipped=counter_untrusted|segment_audit remaining=counter_untrusted|segment_audit elapsedMs=1297 captureSafe=0
[8805956][I][STORAGE] RAMSpool worker resumed
[8805956][I][STORAGE] Exclusive window end kind=maintenance result=pending reason=radio_owner_window
[8805957][I][STORAGE] maintenance owner window ms=1300 captureSafe=0 remaining=counter_untrusted|segment_audit
[8806117][I][WIFI] Radio suspended
[8806121][I][STORAGE] RAMSpool worker paused inflight=0 lastInflight=0
[8806121][I][STORAGE] Exclusive window begin kind=maintenance reason=radio_owner_window workerPaused=1 displaySuspended=1
[8806122][I][STORAGE] Maintenance start reason=radio_owner_window budgetMs=30000 flags=counter_untrusted|segment_audit captureSafe=0
[8806355][I][STORAGE] Spool repair checkpoint seg=622 off=35512 records=96 events=96 enrich=0
[8806596][I][STORAGE] Spool repair checkpoint seg=623 off=35740 records=97 events=97 enrich=0
[8806835][I][STORAGE] Spool repair checkpoint seg=624 off=35492 records=96 events=96 enrich=0
[8807076][I][STORAGE] Spool repair checkpoint seg=625 off=35918 records=97 events=97 enrich=0
[8807313][I][STORAGE] Spool repair checkpoint seg=626 off=35754 records=96 events=96 enrich=0
[8807383][I][STORAGE] Maintenance skip action=counter_recount reason=repair_in_progress flags=counter_untrusted|segment_audit
[8807476][I][STORAGE] Maintenance done reason=radio_owner_window actions=segment_audit skipped=counter_untrusted|segment_audit remaining=counter_untrusted|segment_audit elapsedMs=1354 captureSafe=0
[8807477][I][STORAGE] RAMSpool worker resumed
[8807477][I][STORAGE] Exclusive window end kind=maintenance result=pending reason=radio_owner_window
[8807478][I][STORAGE] maintenance owner window ms=1357 captureSafe=0 remaining=counter_untrusted|segment_audit
[8807638][I][WIFI] Radio suspended
[8807642][I][STORAGE] RAMSpool worker paused inflight=0 lastInflight=0
[8807642][I][STORAGE] Exclusive window begin kind=maintenance reason=radio_owner_window workerPaused=1 displaySuspended=1
[8807643][I][STORAGE] Maintenance start reason=radio_owner_window budgetMs=30000 flags=counter_untrusted|segment_audit captureSafe=0
[8807881][I][STORAGE] Spool repair checkpoint seg=627 off=35669 records=96 events=96 enrich=0
[8808120][I][STORAGE] Spool repair checkpoint seg=628 off=35438 records=96 events=96 enrich=0
[8808358][I][STORAGE] Spool repair checkpoint seg=629 off=35058 records=96 events=96 enrich=0
[8808602][I][STORAGE] Spool repair checkpoint seg=630 off=35182 records=96 events=96 enrich=0
[8808847][I][STORAGE] Spool repair checkpoint seg=631 off=35210 records=96 events=96 enrich=0
[8808916][I][STORAGE] Maintenance skip action=counter_recount reason=repair_in_progress flags=counter_untrusted|segment_audit
[8809009][I][STORAGE] Maintenance done reason=radio_owner_window actions=segment_audit skipped=counter_untrusted|segment_audit remaining=counter_untrusted|segment_audit elapsedMs=1366 captureSafe=0
[8809010][I][STORAGE] RAMSpool worker resumed
[8809010][I][STORAGE] Exclusive window end kind=maintenance result=pending reason=radio_owner_window
[8809011][I][STORAGE] maintenance owner window ms=1369 captureSafe=0 remaining=counter_untrusted|segment_audit
[8809171][I][WIFI] Radio suspended
[8809175][I][STORAGE] RAMSpool worker paused inflight=0 lastInflight=0
[8809175][I][STORAGE] Exclusive window begin kind=maintenance reason=radio_owner_window workerPaused=1 displaySuspended=1
[8809176][I][STORAGE] Maintenance start reason=radio_owner_window budgetMs=30000 flags=counter_untrusted|segment_audit captureSafe=0
[8809417][I][STORAGE] Spool repair checkpoint seg=632 off=35780 records=97 events=97 enrich=0
[8809640][I][STORAGE] Spool repair checkpoint seg=633 off=11908 records=32 events=32 enrich=0
[8810502][I][STORAGE] Maintenance skip action=counter_recount reason=repair_in_progress flags=counter_untrusted|segment_audit
[8810595][I][STORAGE] Maintenance done reason=radio_owner_window actions=segment_audit skipped=counter_untrusted|segment_audit remaining=counter_untrusted|segment_audit elapsedMs=1419 captureSafe=0
[8810596][I][STORAGE] RAMSpool worker resumed
[8810596][I][STORAGE] Exclusive window end kind=maintenance result=pending reason=radio_owner_window
[8810597][I][STORAGE] maintenance owner window ms=1421 captureSafe=0 remaining=counter_untrusted|segment_audit
[8810756][I][WIFI] Radio suspended
[8810760][I][STORAGE] RAMSpool worker paused inflight=0 lastInflight=0
[8810760][I][STORAGE] Exclusive window begin kind=maintenance reason=radio_owner_window workerPaused=1 displaySuspended=1
[8810761][I][STORAGE] Maintenance start reason=radio_owner_window budgetMs=30000 flags=counter_untrusted|segment_audit captureSafe=0
[8811148][I][STORAGE] Spool repair checkpoint seg=639 off=33864 records=98 events=98 enrich=0
[8811398][I][STORAGE] Spool repair checkpoint seg=640 off=33749 records=96 events=96 enrich=0
[8811651][I][STORAGE] Spool repair checkpoint seg=641 off=33966 records=97 events=97 enrich=0
[8811899][I][STORAGE] Spool repair checkpoint seg=642 off=34136 records=97 events=97 enrich=0
[8811966][I][STORAGE] Maintenance skip action=counter_recount reason=repair_in_progress flags=counter_untrusted|segment_audit
[8812059][I][STORAGE] Maintenance done reason=radio_owner_window actions=segment_audit skipped=counter_untrusted|segment_audit remaining=counter_untrusted|segment_audit elapsedMs=1298 captureSafe=0
[8812060][I][STORAGE] RAMSpool worker resumed
[8812060][I][STORAGE] Exclusive window end kind=maintenance result=pending reason=radio_owner_window
[8812061][I][STORAGE] maintenance owner window ms=1301 captureSafe=0 remaining=counter_untrusted|segment_audit
[8812221][I][WIFI] Radio suspended
[8812222][W][CORE] TaskHardware loop gap=1465ms owner=STORAGE_MAINT pendingUpload=4472 maintPending=1 suppressed=6
[8812225][I][STORAGE] RAMSpool worker paused inflight=0 lastInflight=0
[8812226][I][STORAGE] Exclusive window begin kind=maintenance reason=radio_owner_window workerPaused=1 displaySuspended=1
[8812226][I][STORAGE] Maintenance start reason=radio_owner_window budgetMs=30000 flags=counter_untrusted|segment_audit captureSafe=0
[8812471][I][STORAGE] Spool repair checkpoint seg=643 off=22563 records=64 events=64 enrich=0
[8812728][I][STORAGE] Spool repair checkpoint seg=644 off=33653 records=97 events=97 enrich=0
[8812968][I][STORAGE] Spool repair checkpoint seg=645 off=34022 records=97 events=97 enrich=0
[8813204][I][STORAGE] Spool repair checkpoint seg=646 off=34034 records=97 events=97 enrich=0
[8813434][I][STORAGE] Spool repair checkpoint seg=647 off=33905 records=96 events=96 enrich=0
[8813493][I][STORAGE] Maintenance skip action=counter_recount reason=repair_in_progress flags=counter_untrusted|segment_audit
[8813587][I][STORAGE] Maintenance done reason=radio_owner_window actions=segment_audit skipped=counter_untrusted|segment_audit remaining=counter_untrusted|segment_audit elapsedMs=1360 captureSafe=0
[8813587][I][STORAGE] RAMSpool worker resumed
[8813588][I][STORAGE] Exclusive window end kind=maintenance result=pending reason=radio_owner_window
[8813588][I][STORAGE] maintenance owner window ms=1363 captureSafe=0 remaining=counter_untrusted|segment_audit

===== CMD: companion enrich =====
[8813748][I][WIFI] Radio suspended
companion enrich
[COMP] manual enrich queued
[8813753][I][COMP] Manual enrich request received; probe backoff bypassed
[8813912][I][WIFI] Radio suspended
[8813913][I][BLE] radio enabled settle=500ms
[8813914][I][BLE] advertising start
[8813914][I][BLE] companion link requested reason=manual_probe mode=fresh_scan timeout=15s settle=500ms cacheAge=0ms rssi=0
[8813919][I][BLE] Phone probe lease granted reason=manual_probe cachedFirst=0 hold=60000ms
[8813921][I][BLE] worker stack free=7376B min=7376B
[8813921][E][CORE] Contract violation: repair pending owner=BLE_GPS flags=counter_untrusted|segment_audit
[8814429][I][BLE] scan start
[8814430][I][BLE] scan start diag=1 deliverDuplicates=1 diagLeft=44484 state=1 window=8000ms weakRecent=0 lastRssi=0
[8814438][I][BLE] target found matchedBy=service cachePeer=0 addr=7c:85:63:9c:43:c4 name=SpectrePhone rssi=-81
[8814439][I][BLE] target found matchedBy=service cachePeer=0 addr=7c:85:63:9c:43:c4 name=SpectrePhone rssi=-81
[8814452][I][BLE] scan stop; connect pending addr=7c:85:63:9c:43:c4
[8814731][I][BLE] connect pending settled addr=7c:85:63:9c:43:c4
[8814731][I][BLE] connect attempt addr=7c:85:63:9c:43:c4 name=SpectrePhone
[8814732][I][BLE] connect params timeoutMs=15000 scanItvl=16 scanWin=16 addrType=1
[8815035][I][BLE] connect result ok=1 err=0 addr=7c:85:63:9c:43:c4
[8815035][I][BLE] BLE link connected; starting app-layer auth watchdog=50000ms
[8815036][I][BLE] remote service lookup begin core=1 internalFree=55268 largest=11764
[8815064][I][BLE] remote service lookup end found=1 err=0
[8815064][I][BLE] remote characteristic discovery begin
[8815183][I][BLE] remote characteristic discovery end count=13 err=0
[8815213][I][BLE] remote descriptor discovery char=auth count=2 err=0
[8815214][I][BLE] auth notify subscribe begin
[8815245][I][BLE] auth notify subscribe end ok=1 err=0
[8815649][I][BLE] auth challenge write bytes=163 mtu=247 attPayload=244 mode=response
[8816318][I][BLE] app secure session ready alg=P-256+ECDH+AES-256-GCM
[8816319][I][BLE] phone auth confirmed; caching peer addr=7c:85:63:9c:43:c4 ttl=300000ms rssi=-81
[8816353][I][BLE] remote descriptor discovery char=enrichment count=2 err=0
[8816428][I][BLE] remote descriptor discovery char=command_req count=2 err=0
[8816549][I][BLE] remote bound gps=1 ctrl=1 meta=1 batch=1 enrich=1 auth=1 authReq=1 storage=1 cmdReq=1 cmdResp=1 logStream=1 dashStream=1 notification=1 notify(gps=0 ctrl=0 enrich=1 auth=1 cmdReq=1) mtu=247 a
[8816550][I][BLE] probe_summary seen=1 matchedBy=service rssi=-81 scanMs=1890
[8816551][I][BLE] phone_session_summary auth=ok mtu=247 gps=1 ctrl=1 enrich=1 storage=1
[8816558][I][BLE] link ready state=4
[8816578][I][BLE] storage snapshot sent pendingUp=0/4472 pendingEnrich=0/2625 usedPct=28
[8816584][I][BLE] Phone probe succeeded ??? backoff reset
[8816587][I][BLE] Phone probe promoted to enrichment pendingEnrich=2625 maxBatch=18
[8816588][I][STORAGE] RAMSpool worker paused inflight=0 lastInflight=0
[8816588][I][STORAGE] Exclusive window begin kind=enrichment reason=manual_enrich_window workerPaused=1 displaySuspended=1
[8816590][I][STORAGE] Enrichment window build started limit=2625 enrichedIdReserve=1805 segments=65 freeInternal=52484 freePsram=4445904
[8817343][I][STORAGE] Enrichment ID slice scanned=9 skipped=1 nextSegment=10/65 ids=534 ms=752
[8817343][I][STORAGE] RAMSpool worker resumed
[8817344][I][STORAGE] Exclusive window end kind=enrichment result=manual_index_slice reason=manual_enrich_window
[8817360][I][OFFLOAD] begin request prep=0 resident=0 active=0
[8817361][I][OFFLOAD] index preparation queued on TaskHardware internalFree=52480 largest=11764
[8817362][I][OFFLOAD] begin preparing index asynchronously
[8817363][I][CMD] op=0x30 reqid=8 status=4 payload=0 elapsedMs=3
[8817365][I][STORAGE] RAMSpool worker paused inflight=0 lastInflight=0
[8817366][I][STORAGE] Exclusive window begin kind=enrichment reason=manual_enrich_window workerPaused=1 displaySuspended=1
[8818174][I][STORAGE] Enrichment ID slice scanned=10 skipped=1 nextSegment=21/65 ids=1006 ms=808
[8818175][I][STORAGE] RAMSpool worker resumed
[8818175][I][STORAGE] Exclusive window end kind=enrichment result=manual_index_slice reason=manual_enrich_window
[8818187][I][OFFLOAD] index preparation started on TaskHardware stackFree=8656
[8818188][I][STORAGE] RAMSpool worker paused inflight=0 lastInflight=0
[8818188][I][STORAGE] Exclusive window begin kind=enrichment reason=phone_offload_prepare workerPaused=1 displaySuspended=1
[8818189][I][STORAGE] Upload index rebuild begin pending=4472 window=8192 heapFree=4498376 largest=4325364
[8818220][W][STORAGE] Upload index sidecar stale seg=550 reason=coverage max=36052 last=36069 pending=110
[8818221][I][STORAGE] Maintenance requested reason=dirty_spool_index source=upload_index_sidecar_coverage flags=dirty_spool_index|counter_untrusted|segment_audit
[8818827][W][STORAGE] Upload index observed segment counter drift seg=550 old=0/110 scan=0/97; queued maintenance
[8819332][W][STORAGE] Upload index sidecar stale seg=551 reason=coverage max=36245 last=36269 pending=100
[8820395][W][STORAGE] Upload index sidecar stale seg=552 reason=coverage max=36452 last=36469 pending=100
[8821086][I][STACK] TaskButtons watermark=1784B min=1784B
[8821635][W][STORAGE] Upload index sidecar stale seg=553 reason=coverage max=36507 last=36545 pending=38
[8822158][W][STORAGE] Upload index sidecar stale seg=554 reason=coverage max=36573 last=36605 pending=28
[8822668][W][STORAGE] Upload index sidecar stale seg=562 reason=coverage max=36627 last=36647 pending=22
[8823126][W][STORAGE] Upload index sidecar stale seg=563 reason=coverage max=36773 last=36789 pending=70
[8823990][W][STORAGE] Upload index sidecar stale seg=569 reason=coverage max=36809 last=36829 pending=20
[8824634][W][STORAGE] Upload index sidecar stale seg=571 reason=coverage max=36873 last=36913 pending=44
[8825199][W][STORAGE] Upload index sidecar stale seg=572 reason=coverage max=36953 last=36961 pending=22
[8825636][W][STORAGE] Upload index sidecar stale seg=574 reason=coverage max=37030 last=37089 pending=69
[8826469][W][STORAGE] Upload index sidecar stale seg=575 reason=coverage max=37253 last=37273 pending=93
[8827502][W][STORAGE] Upload index sidecar stale seg=577 reason=coverage max=37451 last=37461 pending=102
[8828739][W][STORAGE] Upload index sidecar stale seg=578 reason=coverage max=37463 last=37473 pending=2
[8829007][W][STORAGE] Upload index sidecar stale seg=579 reason=coverage max=37526 last=37555 pending=28
[8829542][W][STORAGE] Upload index sidecar stale seg=583 reason=coverage max=37632 last=37662 pending=54
[8830209][W][STORAGE] Upload index sidecar stale seg=584 reason=coverage max=37711 last=37759 pending=48
[8830869][W][STORAGE] Upload index sidecar stale seg=588 reason=coverage max=37779 last=37799 pending=20
[8831464][W][STORAGE] Upload index sidecar stale seg=599 reason=coverage max=37824 last=37826 pending=8
[8832051][W][STORAGE] Upload index sidecar stale seg=600 reason=coverage max=37866 last=37871 pending=23
[8832490][W][STORAGE] Upload index sidecar stale seg=602 reason=coverage max=37888 last=37903 pending=15
[8832892][W][STORAGE] Upload index sidecar stale seg=603 reason=coverage max=38012 last=38035 pending=66

===== CMD: companion status =====
[8833703][I][STORAGE] Upload index rebuild progress segs=25 indexed=1085 window=8192 heapFree=4284244 largest=4194292
[8833740][W][STORAGE] Upload index sidecar stale seg=604 reason=coverage max=38060 last=38085 pending=25
[8834247][W][STORAGE] Upload index sidecar stale seg=605 reason=coverage max=38228 last=38253 pending=84
[8835472][W][STORAGE] Upload index sidecar stale seg=606 reason=coverage max=38310 last=38337 pending=42
[8836054][W][STORAGE] Upload index sidecar stale seg=609 reason=coverage max=38387 last=38393 pending=12
[8836427][W][STORAGE] Upload index sidecar stale seg=612 reason=coverage max=38400 last=38407 pending=7
[8836757][W][STORAGE] Upload index sidecar stale seg=614 reason=coverage max=38411 last=38417 pending=4
[8839054][I][STORAGE] Upload index rebuild progress segs=50 indexed=3293 window=8192 heapFree=4079848 largest=3997684
[8840860][I][STORAGE] Upload window rebuild accepted indexed=4459 window=8192 pending=4472 sessions=39 skipped=0 failedSegs=0 sidecarLoaded=36 sidecarStale=28 truncated=0 heapFree=3944112 largest=3866612
[8840861][I][STORAGE] Upload stream prepare index built ok=1 resident=1 ms=22672
[8840861][I][STORAGE] Upload stream prepare ready=1 pending=4472 budgetMs=45000 ms=22672 internalFree=41888 internalLargest=11764 psramFree=3902224
[8840862][I][STORAGE] RAMSpool worker resumed
[8840862][I][STORAGE] Exclusive window end kind=enrichment result=index_ready reason=phone_offload_prepare
[8840863][I][OFFLOAD] index preparation complete ok=1 resident=1
[8840864][I][STACK] TaskHardware offload preparation watermark=8656B
[8840908][I][BLE] storage snapshot sent pendingUp=0/4472 pendingEnrich=0/2625 usedPct=28
[8840908][I][STORAGE] RAMSpool worker paused inflight=0 lastInflight=0
[8840909][I][STORAGE] Exclusive window begin kind=enrichment reason=manual_enrich_window workerPaused=1 displaySuspended=1
[8841681][I][STORAGE] Enrichment ID slice scanned=10 skipped=0 nextSegment=31/65 ids=1288 ms=771
[8841681][I][STORAGE] RAMSpool worker resumed
[8841681][I][STORAGE] Exclusive window end kind=enrichment result=manual_index_slice reason=manual_enrich_window
[8841682][I][STACK] TaskHardware watermark=8656B min=8656B
[8841687][I][HEAP] heap free=3852KB min=3811KB largest=3776KB frag=1% internalFree=41KB internalLargest=11KB psramFree=3811KB core=90/48% owner=BLE_GPS nets=9 pendingUpload=? pendingEnrich=2625
[HEALTH] time=2026-08-16 14:40:11 src=gps
[HEALTH] heap used=4601/8452KB free=3852KB min=3811KB largest=3776KB frag=1%
[HEALTH] internal used=219/260KB free=41KB min=0KB largest=11KB
[HEALTH] psram used=4381/8192KB free=3811KB largest=3776KB
[HEALTH] stack free_min: core0=8KB/18KB core1=5KB/10KB
[HEALTH] loopTask free_min=3080B/5120B
[HEALTH] core usage: core0=90% core1=48%
[HEALTH] power=usb state=usb batt=100% 4605mV trend=-11mV/min runtime=0min cap=1100mAh charging=0
[HEALTH] radio=BLE_GPS wifi=0 ble=1 gps=0 nets=9 pendingUpload=? pendingEnrich=2625
[HEALTH] subghz=NONE mode=OFF pkts=0 nodes=0
[8841690][I][STACK] TaskStorage watermark=1896B
[8841690][I][STORAGE] RAMSpool enq=553 cons=553 inflight=0/1024 high=2 pressure=0 drop[full=0 big=0 noise=0 p3Evict=0 p3Drop=0 p2Drop=0 p1Fail=0] free=1024
[8841690][I][STORAGE] RAMSpool enqueue probe[ok=521 drop=0] device[ok=32 drop=0]
[8841691][I][STORAGE] RAMSpool worker probe[ok=521 sup=0 drop=0 fail=0 slow=0] device[ok=31 sup=1 drop=0 fail=0 slow=0] slowTotal=0 maxMs=0
[8841691][I][STORAGE] RAMSpool prioEnq p0=0 p1=0 p2=553 p3=0
[8841691][I][STORAGE] RAMSpool lanes p1=0/0 p2=0/1 p3=0/0
[8841701][W][CORE] TaskHardware loop gap=23515ms owner=BLE_GPS pendingUpload=4472 maintPending=1 suppressed=3
companion status
[COMP] enabled=1
[COMP] external accessory=0 bleProxy=0 phoneConnected=0 phone=unknown rssi=0 ageMs=0
[COMP] wio link=idle sx1262=0 textInput=0
[COMP] phone=AVAILABLE work=ENRICHING
[COMP] bleBegun=1 bleRadio=1 bleState=SUBSCRIBED
[COMP] ready link=1 gps=1 freshGps=0 ctrl=1 enrich=1
[COMP] bleInitAgeMs=8816689 scanStartAgeMs=27276 disconnReason=0
[COMP] pendingEnrichMission=0 pendingEnrichNoise=2625 pendingEnrichTotal=2625
[COMP] hold manual=0 autoOffload=0 managerActive=0 prep=1 deadlineInMs=0 retryInMs=0
[COMP] lastProbeAgeMs=26951 lastEnrichAgeMs=47171
[COMP] radioOwner=ble_gps
[8841708][I][STORAGE] RAMSpool worker paused inflight=0 lastInflight=0
[8841709][I][STORAGE] Exclusive window begin kind=enrichment reason=manual_enrich_window workerPaused=1 displaySuspended=1
[8842037][I][STORAGE] Enrichment IDs ready records=1843 scanned=3 skipped=31 ms=327
[8842499][I][STORAGE] Enrichment window slice scanned=5 skipped=0 nextSegment=5/65 candidates=0 ms=790
[8842499][I][STORAGE] RAMSpool worker resumed
[8842499][I][STORAGE] Exclusive window end kind=enrichment result=manual_index_slice reason=manual_enrich_window
[8842511][I][STORAGE] RAMSpool worker paused inflight=0 lastInflight=0
[8842511][I][STORAGE] Exclusive window begin kind=enrichment reason=manual_enrich_window workerPaused=1 displaySuspended=1
[8843266][I][STORAGE] Enrichment window slice scanned=9 skipped=0 nextSegment=14/65 candidates=0 ms=754
[8843266][I][STORAGE] RAMSpool worker resumed
[8843266][I][STORAGE] Exclusive window end kind=enrichment result=manual_index_slice reason=manual_enrich_window
[8843280][I][STORAGE] RAMSpool worker paused inflight=0 lastInflight=0
[8843280][I][STORAGE] Exclusive window begin kind=enrichment reason=manual_enrich_window workerPaused=1 displaySuspended=1
[8844058][I][STORAGE] Enrichment window slice scanned=10 skipped=0 nextSegment=24/65 candidates=0 ms=778
[8844059][I][STORAGE] RAMSpool worker resumed
[8844059][I][STORAGE] Exclusive window end kind=enrichment result=manual_index_slice reason=manual_enrich_window
[8844070][I][BLE] worker stack free=7372B min=7372B
[8844071][I][STORAGE] RAMSpool worker paused inflight=0 lastInflight=0
[8844071][I][STORAGE] Exclusive window begin kind=enrichment reason=manual_enrich_window workerPaused=1 displaySuspended=1
[8844894][I][STORAGE] Enrichment window slice scanned=10 skipped=0 nextSegment=34/65 candidates=4 ms=822
[8844894][I][STORAGE] RAMSpool worker resumed
[8844894][I][STORAGE] Exclusive window end kind=enrichment result=manual_index_slice reason=manual_enrich_window
[8844907][I][STORAGE] RAMSpool worker paused inflight=0 lastInflight=0
[8844908][I][STORAGE] Exclusive window begin kind=enrichment reason=manual_enrich_window workerPaused=1 displaySuspended=1
[8845716][I][STORAGE] Enrichment window slice scanned=7 skipped=0 nextSegment=41/65 candidates=531 ms=808
[8845716][I][STORAGE] RAMSpool worker resumed
[8845716][I][STORAGE] Exclusive window end kind=enrichment result=manual_index_slice reason=manual_enrich_window
[8845728][I][STORAGE] RAMSpool worker paused inflight=0 lastInflight=0
[8845728][I][STORAGE] Exclusive window begin kind=enrichment reason=manual_enrich_window workerPaused=1 displaySuspended=1
[8846564][I][STORAGE] Enrichment window slice scanned=7 skipped=0 nextSegment=48/65 candidates=1319 ms=835
[8846564][I][STORAGE] RAMSpool worker resumed
[8846565][I][STORAGE] Exclusive window end kind=enrichment result=manual_index_slice reason=manual_enrich_window
[8846579][I][STORAGE] RAMSpool worker paused inflight=0 lastInflight=0
[8846579][I][STORAGE] Exclusive window begin kind=enrichment reason=manual_enrich_window workerPaused=1 displaySuspended=1
[8847408][I][STORAGE] Enrichment window slice scanned=8 skipped=0 nextSegment=56/65 candidates=1633 ms=829
[8847408][I][STORAGE] RAMSpool worker resumed
[8847409][I][STORAGE] Exclusive window end kind=enrichment result=manual_index_slice reason=manual_enrich_window
[8847420][I][STORAGE] RAMSpool worker paused inflight=0 lastInflight=0
[8847420][I][STORAGE] Exclusive window begin kind=enrichment reason=manual_enrich_window workerPaused=1 displaySuspended=1
[8848198][I][STORAGE] Enrichment window slice scanned=7 skipped=0 nextSegment=63/65 candidates=2434 ms=777
[8848199][I][STORAGE] RAMSpool worker resumed
[8848199][I][STORAGE] Exclusive window end kind=enrichment result=manual_index_slice reason=manual_enrich_window
[8848213][I][STORAGE] RAMSpool worker paused inflight=0 lastInflight=0
[8848213][I][STORAGE] Exclusive window begin kind=enrichment reason=manual_enrich_window workerPaused=1 displaySuspended=1
[8848482][I][STORAGE] Enrichment window ready records=2625 truncated=1 buildMs=31891 freeInternal=41888 freePsram=3909524
[8850809][I][STORAGE] Routine maintenance requests coalesced count=4 latest=snapshot_lagged source=append_enrich_batch_deferred flags=dirty_spool_index|snapshot_lagged|counter_untrusted|segment_audit
[8851086][I][STACK] TaskButtons watermark=1784B min=1784B
[8851286][I][STORAGE] Spool enrich_batch applied=26 failed=0 batchFirstEventId=40596 batchLastEventId=40640 firstRecord=42193 lastRecord=42218 ms=1764
[8851287][I][BLE] Manual enrichment window batch count=18 active=1 noData=26 budgetExhausted=0 timeHit=0
[8851287][I][STORAGE] RAMSpool worker resumed
[8851287][I][STORAGE] Exclusive window end kind=enrichment result=manual_batch_built reason=manual_enrich_window
[8851288][I][BLE] enrichment request queued count=18 bytes=180
[8851288][I][BLE] Requested enrichment batch count=18 queued=0
[8851302][I][BLE] enrichment send mtu=247 attPayload=244 bytes=180 count=18
[8851348][I][BLE] enrichment batch sent plain=180 sealed=202 count=18 writeOk=1
[8851513][I][BLE] enrichment rx chunk cipher=142 queued=0
[8851594][I][BLE] enrichment rx chunk cipher=142 queued=0
[8851655][I][BLE] enrichment rx chunk cipher=142 queued=0
[8851726][I][BLE] enrichment rx chunk cipher=142 queued=0
[8851817][I][BLE] enrichment rx chunk cipher=142 queued=0
[8851898][I][BLE] enrichment rx chunk cipher=142 queued=0
[8851979][I][BLE] enrichment rx chunk cipher=142 queued=0
[8852040][I][BLE] enrichment rx chunk cipher=28 queued=0
[8852041][I][BLE] enrich_xfer_perf count=18 sendMs=47 waitMs=692 rxBytes=846
[8852041][I][BLE] enrichment batch received count=18 bytes=846
[8852041][I][BLE] enrichment batch consumed count=18
[8852042][I][BLE] Enrich batch queued count=18 queueSize=1
[8852042][I][BLE] Enrichment batch received count=18 claimed=18 queued=1
[8852053][I][BLE] Enrich drain begin count=18 queueSize=1 ageMs=11

===== CMD: companion status =====
[8854671][I][STORAGE] Spool enrich_batch applied=18 failed=0 batchFirstEventId=38409 batchLastEventId=41215 firstRecord=42219 lastRecord=42236 ms=1295
[8854672][I][BLE] enrich_perf count=18 applied=18 failed=0 deferred=0 storageMs=1830 pendingUpload=4472
[8854673][I][BLE] Enrich drain done applied=18 failed=0 deferred=0 queueSize=0
[8854673][I][BLE] Enrich torrent done drained=1 remaining=0 tookLease=0 preempt=0 elapsedMs=2620
[8854683][W][CORE] TaskHardware loop gap=2631ms owner=BLE_GPS pendingUpload=4472 maintPending=1 suppressed=9
companion status
[COMP] enabled=1
[COMP] external accessory=0 bleProxy=0 phoneConnected=0 phone=unknown rssi=0 ageMs=0
[COMP] wio link=idle sx1262=0 textInput=0
[COMP] phone=AVAILABLE work=ENRICHING
[COMP] bleBegun=1 bleRadio=1 bleState=SUBSCRIBED
[COMP] ready link=1 gps=1 freshGps=0 ctrl=1 enrich=1
[COMP] bleInitAgeMs=8829771 scanStartAgeMs=40358 disconnReason=0
[COMP] pendingEnrichMission=0 pendingEnrichNoise=2625 pendingEnrichTotal=2625
[COMP] hold manual=0 autoOffload=0 managerActive=0 prep=1 deadlineInMs=0 retryInMs=0
[COMP] lastProbeAgeMs=38138 lastEnrichAgeMs=58358
[COMP] radioOwner=ble_gps
[8854790][I][STORAGE] RAMSpool worker paused inflight=0 lastInflight=0
[8854791][I][STORAGE] Exclusive window begin kind=enrichment reason=manual_enrich_window workerPaused=1 displaySuspended=1
[8856823][I][STORAGE] Spool enrich_batch applied=12 failed=0 batchFirstEventId=40604 batchLastEventId=40661 firstRecord=42237 lastRecord=42248 ms=1309
[8856824][I][BLE] Manual enrichment window batch count=18 active=1 noData=12 budgetExhausted=0 timeHit=0
[8856824][I][STORAGE] RAMSpool worker resumed
[8856825][I][STORAGE] Exclusive window end kind=enrichment result=manual_batch_built reason=manual_enrich_window
[8856825][I][BLE] enrichment request queued count=18 bytes=180
[8856825][I][BLE] Requested enrichment batch count=18 queued=0
[8856839][I][BLE] enrichment send mtu=247 attPayload=244 bytes=180 count=18
[8856883][I][BLE] storage snapshot sent pendingUp=0/4472 pendingEnrich=0/2625 usedPct=28
[8856913][I][BLE] enrichment batch sent plain=180 sealed=202 count=18 writeOk=1
[8857075][I][BLE] enrichment rx chunk cipher=142 queued=0
[8857136][I][BLE] enrichment rx chunk cipher=142 queued=0
[8857217][I][BLE] enrichment rx chunk cipher=142 queued=0
[8857278][I][BLE] enrichment rx chunk cipher=142 queued=0
[8857379][I][BLE] enrichment rx chunk cipher=142 queued=0
[8857440][I][BLE] enrichment rx chunk cipher=142 queued=0
[8857522][I][BLE] enrichment rx chunk cipher=142 queued=0
[8857603][I][BLE] enrichment rx chunk cipher=28 queued=0
[8857604][I][BLE] enrich_xfer_perf count=18 sendMs=75 waitMs=690 rxBytes=846
[8857604][I][BLE] enrichment batch received count=18 bytes=846
[8857604][I][BLE] enrichment batch consumed count=18
[8857605][I][BLE] Enrich batch queued count=18 queueSize=1
[8857605][I][BLE] Enrichment batch received count=18 claimed=18 queued=1
[8857616][I][BLE] Enrich drain begin count=18 queueSize=1 ageMs=12
[8860262][I][STORAGE] Spool enrich_batch applied=18 failed=0 batchFirstEventId=41216 batchLastEventId=41228 firstRecord=42249 lastRecord=42266 ms=1321
[8860263][I][BLE] enrich_perf count=18 applied=18 failed=0 deferred=0 storageMs=1885 pendingUpload=4472
[8860264][I][BLE] Enrich drain done applied=18 failed=0 deferred=0 queueSize=0
[8860264][I][BLE] Enrich torrent done drained=1 remaining=0 tookLease=0 preempt=0 elapsedMs=2648
[8860278][I][STORAGE] RAMSpool worker paused inflight=0 lastInflight=0
[8860278][I][STORAGE] Exclusive window begin kind=enrichment reason=manual_enrich_window workerPaused=1 displaySuspended=1
[8862389][I][STORAGE] Spool enrich_batch applied=30 failed=0 batchFirstEventId=40662 batchLastEventId=40621 firstRecord=42267 lastRecord=42296 ms=1347
[8862390][I][BLE] Manual enrichment window batch count=18 active=1 noData=30 budgetExhausted=0 timeHit=0
[8862390][I][STORAGE] RAMSpool worker resumed
[8862391][I][STORAGE] Exclusive window end kind=enrichment result=manual_batch_built reason=manual_enrich_window
[8862391][I][BLE] enrichment request queued count=18 bytes=180
[8862391][I][BLE] Requested enrichment batch count=18 queued=0
[8862405][I][BLE] enrichment send mtu=247 attPayload=244 bytes=180 count=18
[8862448][I][BLE] enrichment batch sent plain=180 sealed=202 count=18 writeOk=1
[8862596][I][BLE] enrichment rx chunk cipher=142 queued=0
[8862667][I][BLE] enrichment rx chunk cipher=142 queued=0
[8862738][I][BLE] enrichment rx chunk cipher=142 queued=0
[8862829][I][BLE] enrichment rx chunk cipher=142 queued=0
[8862890][I][BLE] enrichment rx chunk cipher=142 queued=0
[8862981][I][BLE] enrichment rx chunk cipher=142 queued=0
[8863052][I][BLE] enrichment rx chunk cipher=142 queued=0
[8863133][I][BLE] enrichment rx chunk cipher=28 queued=0
[8863134][I][BLE] enrich_xfer_perf count=18 sendMs=44 waitMs=686 rxBytes=846
[8863134][I][BLE] enrichment batch received count=18 bytes=846
[8863134][I][BLE] enrichment batch consumed count=18
[8863135][I][BLE] Enrich batch queued count=18 queueSize=1
[8863135][I][BLE] Enrichment batch received count=18 claimed=18 queued=1
[8863146][I][BLE] Enrich drain begin count=18 queueSize=1 ageMs=11
[8865909][I][STORAGE] Spool enrich_batch applied=18 failed=0 batchFirstEventId=41229 batchLastEventId=41240 firstRecord=42297 lastRecord=42314 ms=1460
[8865910][I][BLE] enrich_perf count=18 applied=18 failed=0 deferred=0 storageMs=2050 pendingUpload=4472
[8865910][I][BLE] Enrich drain done applied=18 failed=0 deferred=0 queueSize=0
[8865910][I][BLE] Enrich torrent done drained=1 remaining=0 tookLease=0 preempt=0 elapsedMs=2764
[8865921][W][CORE] TaskHardware loop gap=2776ms owner=BLE_GPS pendingUpload=4472 maintPending=1 suppressed=3
[8865925][I][STORAGE] RAMSpool worker paused inflight=0 lastInflight=0
[8865926][I][STORAGE] Exclusive window begin kind=enrichment reason=manual_enrich_window workerPaused=1 displaySuspended=1
[8868033][I][STORAGE] Spool enrich_batch applied=19 failed=0 batchFirstEventId=40681 batchLastEventId=40699 firstRecord=42315 lastRecord=42333 ms=1399
[8868116][I][BLE] Manual enrichment window batch count=18 active=1 noData=19 budgetExhausted=0 timeHit=0
[8868117][I][STORAGE] RAMSpool worker resumed
[8868117][I][STORAGE] Exclusive window end kind=enrichment result=manual_batch_built reason=manual_enrich_window
[8868118][I][BLE] enrichment request queued count=18 bytes=180
[8868118][I][BLE] Requested enrichment batch count=18 queued=0
[8868132][I][BLE] enrichment send mtu=247 attPayload=244 bytes=180 count=18
[8868178][I][BLE] enrichment batch sent plain=180 sealed=202 count=18 writeOk=1
[8868333][I][BLE] enrichment rx chunk cipher=142 queued=0
[8868414][I][BLE] enrichment rx chunk cipher=142 queued=0
[8868495][I][BLE] enrichment rx chunk cipher=142 queued=0
[8868556][I][BLE] enrichment rx chunk cipher=142 queued=0
[8868647][I][BLE] enrichment rx chunk cipher=142 queued=0
[8868728][I][BLE] enrichment rx chunk cipher=142 queued=0
[8868809][I][BLE] enrichment rx chunk cipher=142 queued=0
[8868870][I][BLE] enrichment rx chunk cipher=28 queued=0
[8868871][I][BLE] enrich_xfer_perf count=18 sendMs=47 waitMs=692 rxBytes=846
[8868871][I][BLE] enrichment batch received count=18 bytes=846
[8868871][I][BLE] enrichment batch consumed count=18
[8868872][I][BLE] Enrich batch queued count=18 queueSize=1
[8868872][I][BLE] Enrichment batch received count=18 claimed=18 queued=1
[8868883][I][BLE] Enrich drain begin count=18 queueSize=1 ageMs=12
[8871746][I][STORAGE] Spool enrich_batch applied=18 failed=0 batchFirstEventId=41241 batchLastEventId=41258 firstRecord=42334 lastRecord=42351 ms=1583
[8871747][I][BLE] enrich_perf count=18 applied=18 failed=0 deferred=0 storageMs=2204 pendingUpload=4472
[8871747][I][BLE] Enrich drain done applied=18 failed=0 deferred=0 queueSize=0
[8871748][I][BLE] Enrich torrent done drained=1 remaining=0 tookLease=0 preempt=0 elapsedMs=2865
[8871749][I][STACK] TaskHardware watermark=7888B min=7888B
[8871753][I][HEAP] heap free=3859KB min=3797KB largest=3776KB frag=2% internalFree=41KB internalLargest=11KB psramFree=3818KB core=88/66% owner=BLE_GPS nets=9 pendingUpload=? pendingEnrich=2625
[HEALTH] time=2026-08-16 14:41:01 src=gps
[HEALTH] heap used=4594/8452KB free=3859KB min=3797KB largest=3776KB frag=2%
[HEALTH] internal used=220/260KB free=41KB min=0KB largest=11KB
[HEALTH] psram used=4374/8192KB free=3818KB largest=3776KB
[HEALTH] stack free_min: core0=8KB/18KB core1=5KB/10KB
[HEALTH] loopTask free_min=3080B/5120B
[HEALTH] core usage: core0=88% core1=66%
[HEALTH] power=usb state=usb batt=100% 4712mV trend=8mV/min runtime=0min cap=1100mAh charging=1
[HEALTH] radio=BLE_GPS wifi=0 ble=1 gps=0 nets=9 pendingUpload=? pendingEnrich=2625
[HEALTH] subghz=NONE mode=OFF pkts=0 nodes=0
[8871756][I][STACK] TaskStorage watermark=1896B
[8871756][I][STORAGE] RAMSpool enq=553 cons=553 inflight=0/1024 high=2 pressure=0 drop[full=0 big=0 noise=0 p3Evict=0 p3Drop=0 p2Drop=0 p1Fail=0] free=1024
[8871757][I][STORAGE] RAMSpool enqueue probe[ok=521 drop=0] device[ok=32 drop=0]
[8871757][I][STORAGE] RAMSpool worker probe[ok=521 sup=0 drop=0 fail=0 slow=0] device[ok=31 sup=1 drop=0 fail=0 slow=0] slowTotal=0 maxMs=0
[8871758][I][STORAGE] RAMSpool prioEnq p0=0 p1=0 p2=553 p3=0
[8871758][I][STORAGE] RAMSpool lanes p1=0/0 p2=0/1 p3=0/0
[8871771][I][STORAGE] RAMSpool worker paused inflight=0 lastInflight=0
[8871771][I][STORAGE] Exclusive window begin kind=enrichment reason=manual_enrich_window workerPaused=1 displaySuspended=1

===== CMD: companion status =====
[8874142][I][STORAGE] Spool enrich_batch applied=23 failed=0 batchFirstEventId=40700 batchLastEventId=40722 firstRecord=42352 lastRecord=42374 ms=1610
[8874143][I][BLE] Manual enrichment window batch count=18 active=1 noData=23 budgetExhausted=0 timeHit=0
[8874143][I][STORAGE] RAMSpool worker resumed
[8874143][I][STORAGE] Exclusive window end kind=enrichment result=manual_batch_built reason=manual_enrich_window
[8874144][I][BLE] enrichment request queued count=18 bytes=180
[8874144][I][BLE] Requested enrichment batch count=18 queued=0
companion status
[COMP] enabled=1
[COMP] external accessory=0 bleProxy=0 phoneConnected=0 phone=unknown rssi=0 ageMs=0
[COMP] wio link=idle sx1262=0 textInput=0
[COMP] phone=AVAILABLE work=ENRICHING
[COMP] bleBegun=1 bleRadio=1 bleState=SUBSCRIBED
[COMP] ready link=1 gps=1 freshGps=0 ctrl=1 enrich=1
[COMP] bleInitAgeMs=8849141 scanStartAgeMs=59728 disconnReason=0
[COMP] pendingEnrichMission=0 pendingEnrichNoise=2553 pendingEnrichTotal=2553
[COMP] hold manual=0 autoOffload=0 managerActive=0 prep=1 deadlineInMs=0 retryInMs=0
[COMP] lastProbeAgeMs=57856 lastEnrichAgeMs=78076
[COMP] radioOwner=ble_gps
[8874161][I][BLE] worker stack free=7372B min=7372B
[8874161][I][BLE] enrichment send mtu=247 attPayload=244 bytes=180 count=18
[8874208][I][BLE] storage snapshot sent pendingUp=0/4472 pendingEnrich=0/2625 usedPct=28
[8874238][I][BLE] enrichment batch sent plain=180 sealed=202 count=18 writeOk=1
[8874400][I][BLE] enrichment rx chunk cipher=142 queued=0
[8874481][I][BLE] enrichment rx chunk cipher=142 queued=0
[8874542][I][BLE] enrichment rx chunk cipher=142 queued=0
[8874633][I][BLE] enrichment rx chunk cipher=142 queued=0
[8874714][I][BLE] enrichment rx chunk cipher=142 queued=0
[8874795][I][BLE] enrichment rx chunk cipher=142 queued=0
[8874856][I][BLE] enrichment rx chunk cipher=142 queued=0
[8874947][I][BLE] enrichment rx chunk cipher=28 queued=0
[8874948][I][BLE] enrich_xfer_perf count=18 sendMs=77 waitMs=709 rxBytes=846
[8874948][I][BLE] enrichment batch received count=18 bytes=846
[8874948][I][BLE] enrichment batch consumed count=18
[8874949][I][BLE] Enrich batch queued count=18 queueSize=1
[8874949][I][BLE] Enrichment batch received count=18 claimed=18 queued=1
[8874960][I][BLE] Enrich drain begin count=18 queueSize=1 ageMs=11
[8877801][I][STORAGE] Spool enrich_batch applied=18 failed=0 batchFirstEventId=41259 batchLastEventId=41276 firstRecord=42375 lastRecord=42392 ms=1467
[8877802][I][BLE] enrich_perf count=18 applied=18 failed=0 deferred=0 storageMs=2131 pendingUpload=4472
[8877803][I][BLE] Enrich drain done applied=18 failed=0 deferred=0 queueSize=0
[8877803][I][BLE] Enrich torrent done drained=1 remaining=0 tookLease=0 preempt=0 elapsedMs=2843
[8877813][W][CORE] TaskHardware loop gap=2854ms owner=BLE_GPS pendingUpload=4472 maintPending=1 suppressed=3
[8877817][I][STORAGE] RAMSpool worker paused inflight=0 lastInflight=0
[8877818][I][STORAGE] Exclusive window begin kind=enrichment reason=manual_enrich_window workerPaused=1 displaySuspended=1
[8880317][I][STORAGE] Spool enrich_batch applied=18 failed=0 batchFirstEventId=40723 batchLastEventId=40740 firstRecord=42393 lastRecord=42410 ms=1705
[8880318][I][BLE] Manual enrichment window batch count=18 active=1 noData=18 budgetExhausted=0 timeHit=0
[8880319][I][STORAGE] RAMSpool worker resumed
[8880319][I][STORAGE] Exclusive window end kind=enrichment result=manual_batch_built reason=manual_enrich_window
[8880319][I][BLE] enrichment request queued count=18 bytes=180
[8880320][I][BLE] Requested enrichment batch count=18 queued=0
[8880334][I][BLE] enrichment send mtu=247 attPayload=244 bytes=180 count=18
[8880388][I][BLE] enrichment batch sent plain=180 sealed=202 count=18 writeOk=1
[8880535][I][BLE] enrichment rx chunk cipher=142 queued=0
[8880616][I][BLE] enrichment rx chunk cipher=142 queued=0
[8880697][I][BLE] enrichment rx chunk cipher=142 queued=0
[8880768][I][BLE] enrichment rx chunk cipher=142 queued=0
[8880860][I][BLE] enrichment rx chunk cipher=142 queued=0
[8880941][I][BLE] enrichment rx chunk cipher=142 queued=0
[8881022][I][BLE] enrichment rx chunk cipher=142 queued=0
[8881083][I][BLE] enrichment rx chunk cipher=28 queued=0
[8881084][I][BLE] enrich_xfer_perf count=18 sendMs=55 waitMs=695 rxBytes=846
[8881084][I][BLE] enrichment batch received count=18 bytes=846
[8881084][I][BLE] enrichment batch consumed count=18
[8881084][I][BLE] Enrich batch queued count=18 queueSize=1
[8881085][I][BLE] Enrichment batch received count=18 claimed=18 queued=1
[8881085][I][STACK] TaskButtons watermark=1784B min=1784B
[8881096][I][BLE] Enrich drain begin count=18 queueSize=1 ageMs=12
[8883572][I][STORAGE] Spool enrich_batch applied=18 failed=0 batchFirstEventId=41277 batchLastEventId=41294 firstRecord=42411 lastRecord=42428 ms=1371
[8883573][I][BLE] enrich_perf count=18 applied=18 failed=0 deferred=0 storageMs=1906 pendingUpload=4472
[8883573][I][BLE] Enrich drain done applied=18 failed=0 deferred=0 queueSize=0
[8883574][I][BLE] Enrich torrent done drained=1 remaining=0 tookLease=0 preempt=0 elapsedMs=2478
[8883588][I][STORAGE] RAMSpool worker paused inflight=0 lastInflight=0
[8883588][I][STORAGE] Exclusive window begin kind=enrichment reason=manual_enrich_window workerPaused=1 displaySuspended=1
[8885636][I][STORAGE] Spool enrich_batch applied=23 failed=0 batchFirstEventId=40741 batchLastEventId=40763 firstRecord=42429 lastRecord=42451 ms=1396
[8885637][I][BLE] Manual enrichment window batch count=18 active=1 noData=23 budgetExhausted=0 timeHit=0
[8885637][I][STORAGE] RAMSpool worker resumed
[8885638][I][STORAGE] Exclusive window end kind=enrichment result=manual_batch_built reason=manual_enrich_window
[8885638][I][BLE] enrichment request queued count=18 bytes=180
[8885638][I][BLE] Requested enrichment batch count=18 queued=0
[8885652][I][BLE] enrichment send mtu=247 attPayload=244 bytes=180 count=18
[8885713][I][BLE] enrichment batch sent plain=180 sealed=202 count=18 writeOk=1
[8885843][I][BLE] enrichment rx chunk cipher=142 queued=0
[8885934][I][BLE] enrichment rx chunk cipher=142 queued=0
[8886015][I][BLE] enrichment rx chunk cipher=142 queued=0
[8886076][I][BLE] enrichment rx chunk cipher=142 queued=0
[8886167][I][BLE] enrichment rx chunk cipher=142 queued=0
[8886228][I][BLE] enrichment rx chunk cipher=142 queued=0
[8886329][I][BLE] enrichment rx chunk cipher=142 queued=0
[8886390][I][BLE] enrichment rx chunk cipher=28 queued=0
[8886391][I][BLE] enrich_xfer_perf count=18 sendMs=62 waitMs=677 rxBytes=846
[8886391][I][BLE] enrichment batch received count=18 bytes=846
[8886391][I][BLE] enrichment batch consumed count=18
[8886392][I][BLE] Enrich batch queued count=18 queueSize=1
[8886392][I][BLE] Enrichment batch received count=18 claimed=18 queued=1
[8886403][I][BLE] Enrich drain begin count=18 queueSize=1 ageMs=12
[8888982][I][STORAGE] Spool enrich_batch applied=18 failed=0 batchFirstEventId=41295 batchLastEventId=41312 firstRecord=42452 lastRecord=42469 ms=1412
[8888983][I][BLE] enrich_perf count=18 applied=18 failed=0 deferred=0 storageMs=1975 pendingUpload=4472
[8888983][I][BLE] Enrich drain done applied=18 failed=0 deferred=0 queueSize=0
[8888984][I][BLE] Enrich torrent done drained=1 remaining=0 tookLease=0 preempt=0 elapsedMs=2581
[8888994][W][CORE] TaskHardware loop gap=2592ms owner=BLE_GPS pendingUpload=4472 maintPending=1 suppressed=3
[8888998][I][STORAGE] RAMSpool worker paused inflight=0 lastInflight=0
[8888999][I][STORAGE] Exclusive window begin kind=enrichment reason=manual_enrich_window workerPaused=1 displaySuspended=1
[8891339][I][STORAGE] Spool enrich_batch applied=13 failed=0 batchFirstEventId=40764 batchLastEventId=40776 firstRecord=42470 lastRecord=42482 ms=1570
[8891340][I][BLE] Manual enrichment window batch count=18 active=1 noData=13 budgetExhausted=0 timeHit=0
[8891340][I][STORAGE] RAMSpool worker resumed
[8891340][I][STORAGE] Exclusive window end kind=enrichment result=manual_batch_built reason=manual_enrich_window
[8891341][I][BLE] enrichment request queued count=18 bytes=180
[8891341][I][BLE] Requested enrichment batch count=18 queued=0
[8891355][I][BLE] enrichment send mtu=247 attPayload=244 bytes=180 count=18
[8891398][I][BLE] storage snapshot sent pendingUp=0/4472 pendingEnrich=0/2625 usedPct=28
[8891428][I][BLE] enrichment batch sent plain=180 sealed=202 count=18 writeOk=1
[8891570][I][BLE] enrichment rx chunk cipher=142 queued=0
[8891661][I][BLE] enrichment rx chunk cipher=142 queued=0
[8891742][I][BLE] enrichment rx chunk cipher=142 queued=0
[8891813][I][BLE] enrichment rx chunk cipher=142 queued=0
[8891894][I][BLE] enrichment rx chunk cipher=142 queued=0
[8891975][I][BLE] enrichment rx chunk cipher=142 queued=0
[8892056][I][BLE] enrichment rx chunk cipher=142 queued=0
[8892127][I][BLE] enrichment rx chunk cipher=28 queued=0
[8892128][I][BLE] enrich_xfer_perf count=18 sendMs=74 waitMs=699 rxBytes=846
[8892128][I][BLE] enrichment batch received count=18 bytes=846
[8892128][I][BLE] enrichment batch consumed count=18
[8892129][I][BLE] Enrich batch queued count=18 queueSize=1
[8892129][I][BLE] Enrichment batch received count=18 claimed=18 queued=1
[8892140][I][BLE] Enrich drain begin count=18 queueSize=1 ageMs=11

===== CMD: companion status =====
[8894947][I][STORAGE] Spool enrich_batch applied=18 failed=0 batchFirstEventId=41313 batchLastEventId=41330 firstRecord=42483 lastRecord=42500 ms=1460
[8894948][I][BLE] enrich_perf count=18 applied=18 failed=0 deferred=0 storageMs=2066 pendingUpload=4472
[8894948][I][BLE] Enrich drain done applied=18 failed=0 deferred=0 queueSize=0
[8894949][I][BLE] Enrich torrent done drained=1 remaining=0 tookLease=0 preempt=0 elapsedMs=2809
companion status
[COMP] enabled=1
[COMP] external accessory=0 bleProxy=0 phoneConnected=0 phone=unknown rssi=0 ageMs=0
[COMP] wio link=idle sx1262=0 textInput=0
[COMP] phone=AVAILABLE work=ENRICHING
[COMP] bleBegun=1 bleRadio=1 bleState=SUBSCRIBED
[COMP] ready link=1 gps=1 freshGps=0 ctrl=1 enrich=1
[COMP] bleInitAgeMs=8869947 scanStartAgeMs=80534 disconnReason=0
[COMP] pendingEnrichMission=0 pendingEnrichNoise=2499 pendingEnrichTotal=2499
[COMP] hold manual=0 autoOffload=0 managerActive=0 prep=1 deadlineInMs=0 retryInMs=0
[COMP] lastProbeAgeMs=78225 lastEnrichAgeMs=98445
[COMP] radioOwner=ble_gps
[8894966][I][STORAGE] RAMSpool worker paused inflight=0 lastInflight=0
[8894966][I][STORAGE] Exclusive window begin kind=enrichment reason=manual_enrich_window workerPaused=1 displaySuspended=1
[8897258][I][STORAGE] Spool enrich_batch applied=10 failed=0 batchFirstEventId=40777 batchLastEventId=40786 firstRecord=42501 lastRecord=42510 ms=1580
[8897259][I][BLE] Manual enrichment window batch count=18 active=1 noData=10 budgetExhausted=0 timeHit=0
[8897259][I][STORAGE] RAMSpool worker resumed
[8897260][I][STORAGE] Exclusive window end kind=enrichment result=manual_batch_built reason=manual_enrich_window
[8897260][I][BLE] enrichment request queued count=18 bytes=180
[8897260][I][BLE] Requested enrichment batch count=18 queued=0
[8897274][I][BLE] enrichment send mtu=247 attPayload=244 bytes=180 count=18
[8897308][I][BLE] enrichment batch sent plain=180 sealed=202 count=18 writeOk=1
[8897445][I][BLE] enrichment rx chunk cipher=142 queued=0
[8897506][I][BLE] enrichment rx chunk cipher=142 queued=0
[8897597][I][BLE] enrichment rx chunk cipher=142 queued=0
[8897678][I][BLE] enrichment rx chunk cipher=142 queued=0
[8897759][I][BLE] enrichment rx chunk cipher=142 queued=0
[8897820][I][BLE] enrichment rx chunk cipher=142 queued=0
[8897922][I][BLE] enrichment rx chunk cipher=142 queued=0
[8897983][I][BLE] enrichment rx chunk cipher=28 queued=0
[8897984][I][BLE] enrich_xfer_perf count=18 sendMs=35 waitMs=675 rxBytes=846
[8897984][I][BLE] enrichment batch received count=18 bytes=846
[8897984][I][BLE] enrichment batch consumed count=18
[8897985][I][BLE] Enrich batch queued count=18 queueSize=1
[8897985][I][BLE] Enrichment batch received count=18 claimed=18 queued=1
[8897996][I][BLE] Enrich drain begin count=18 queueSize=1 ageMs=11
[8900806][I][STORAGE] Spool enrich_batch applied=18 failed=0 batchFirstEventId=41331 batchLastEventId=41348 firstRecord=42511 lastRecord=42528 ms=1509
[8900806][I][BLE] enrich_perf count=18 applied=18 failed=0 deferred=0 storageMs=2142 pendingUpload=4472
[8900807][I][BLE] Enrich drain done applied=18 failed=0 deferred=0 queueSize=0
[8900807][I][BLE] Enrich torrent done drained=1 remaining=0 tookLease=0 preempt=0 elapsedMs=2811
[8900817][W][CORE] TaskHardware loop gap=2822ms owner=BLE_GPS pendingUpload=4472 maintPending=1 suppressed=3
[8900821][I][STORAGE] RAMSpool worker paused inflight=0 lastInflight=0
[8900822][I][STORAGE] Exclusive window begin kind=enrichment reason=manual_enrich_window workerPaused=1 displaySuspended=1
[8903090][I][STORAGE] Spool enrich_batch applied=14 failed=0 batchFirstEventId=40787 batchLastEventId=40800 firstRecord=42529 lastRecord=42542 ms=1520
[8903091][I][BLE] Manual enrichment window batch count=18 active=1 noData=14 budgetExhausted=0 timeHit=0
[8903091][I][STORAGE] RAMSpool worker resumed
[8903091][I][STORAGE] Exclusive window end kind=enrichment result=manual_batch_built reason=manual_enrich_window
[8903091][I][BLE] enrichment request queued count=18 bytes=180
[8903092][I][BLE] Requested enrichment batch count=18 queued=0
[8903093][I][STACK] TaskHardware watermark=7888B min=7888B
[8903097][I][HEAP] heap free=3859KB min=3797KB largest=3776KB frag=2% internalFree=41KB internalLargest=11KB psramFree=3818KB core=87/71% owner=BLE_GPS nets=9 pendingUpload=? pendingEnrich=2625
[HEALTH] time=2026-08-16 14:41:34 src=gps
[HEALTH] heap used=4594/8452KB free=3859KB min=3797KB largest=3776KB frag=2%
[HEALTH] internal used=220/260KB free=41KB min=0KB largest=11KB
[HEALTH] psram used=4374/8192KB free=3818KB largest=3776KB
[HEALTH] stack free_min: core0=8KB/18KB core1=5KB/10KB
[HEALTH] loopTask free_min=3080B/5120B
[HEALTH] core usage: core0=87% core1=71%
[HEALTH] power=usb state=usb batt=100% 4709mV trend=8mV/min runtime=0min cap=1100mAh charging=1
[HEALTH] radio=BLE_GPS wifi=0 ble=1 gps=0 nets=9 pendingUpload=? pendingEnrich=2625
[HEALTH] subghz=NONE mode=OFF pkts=0 nodes=0
[8903100][I][STACK] TaskStorage watermark=1896B
[8903100][I][STORAGE] RAMSpool enq=553 cons=553 inflight=0/1024 high=2 pressure=0 drop[full=0 big=0 noise=0 p3Evict=0 p3Drop=0 p2Drop=0 p1Fail=0] free=1024
[8903101][I][STORAGE] RAMSpool enqueue probe[ok=521 drop=0] device[ok=32 drop=0]
[8903101][I][STORAGE] RAMSpool worker probe[ok=521 sup=0 drop=0 fail=0 slow=0] device[ok=31 sup=1 drop=0 fail=0 slow=0] slowTotal=0 maxMs=0
[8903101][I][STORAGE] RAMSpool prioEnq p0=0 p1=0 p2=553 p3=0
[8903101][I][STORAGE] RAMSpool lanes p1=0/0 p2=0/1 p3=0/0
[8903115][I][BLE] enrichment send mtu=247 attPayload=244 bytes=180 count=18
[8903158][I][BLE] enrichment batch sent plain=180 sealed=202 count=18 writeOk=1
[8903296][I][BLE] enrichment rx chunk cipher=142 queued=0
[8903387][I][BLE] enrichment rx chunk cipher=142 queued=0
[8903448][I][BLE] enrichment rx chunk cipher=142 queued=0
[8903529][I][BLE] enrichment rx chunk cipher=142 queued=0
[8903610][I][BLE] enrichment rx chunk cipher=142 queued=0
[8903692][I][BLE] enrichment rx chunk cipher=142 queued=0
[8903793][I][BLE] enrichment rx chunk cipher=142 queued=0
[8903834][I][BLE] enrichment rx chunk cipher=28 queued=0
[8903835][I][BLE] enrich_xfer_perf count=18 sendMs=44 waitMs=677 rxBytes=846
[8903835][I][BLE] enrichment batch received count=18 bytes=846
[8903836][I][BLE] enrichment batch consumed count=18
[8903836][I][BLE] Enrich batch queued count=18 queueSize=1
[8903836][I][BLE] Enrichment batch received count=18 claimed=18 queued=1
[8903847][I][BLE] Enrich drain begin count=18 queueSize=1 ageMs=11
[8906768][I][STORAGE] Spool enrich_batch applied=18 failed=0 batchFirstEventId=41349 batchLastEventId=41366 firstRecord=42543 lastRecord=42560 ms=1556
[8906769][I][BLE] enrich_perf count=18 applied=18 failed=0 deferred=0 storageMs=2219 pendingUpload=4472
[8906770][I][BLE] Enrich drain done applied=18 failed=0 deferred=0 queueSize=0
[8906770][I][BLE] Enrich torrent done drained=1 remaining=0 tookLease=0 preempt=0 elapsedMs=2923
[8906818][I][BLE] storage snapshot sent pendingUp=0/4472 pendingEnrich=0/2625 usedPct=28
[8906832][I][BLE] worker stack free=7372B min=7372B
[8906832][I][STORAGE] RAMSpool worker paused inflight=0 lastInflight=0
[8906833][I][STORAGE] Exclusive window begin kind=enrichment reason=manual_enrich_window workerPaused=1 displaySuspended=1
[8909411][I][STORAGE] Spool enrich_batch applied=19 failed=0 batchFirstEventId=40801 batchLastEventId=40819 firstRecord=42561 lastRecord=42579 ms=1795
[8909411][I][BLE] Manual enrichment window batch count=18 active=1 noData=19 budgetExhausted=0 timeHit=0
[8909412][I][STORAGE] RAMSpool worker resumed
[8909412][I][STORAGE] Exclusive window end kind=enrichment result=manual_batch_built reason=manual_enrich_window
[8909412][I][BLE] enrichment request queued count=18 bytes=180
[8909413][I][BLE] Requested enrichment batch count=18 queued=0
[8909427][I][BLE] enrichment send mtu=247 attPayload=244 bytes=180 count=18
[8909518][I][BLE] enrichment batch sent plain=180 sealed=202 count=18 writeOk=1
[8909659][I][BLE] enrichment rx chunk cipher=142 queued=0
[8909720][I][BLE] enrichment rx chunk cipher=142 queued=0
[8909791][I][BLE] enrichment rx chunk cipher=142 queued=0
[8909872][I][BLE] enrichment rx chunk cipher=142 queued=0
[8909973][I][BLE] enrichment rx chunk cipher=142 queued=0
[8910034][I][BLE] enrichment rx chunk cipher=142 queued=0
[8910105][I][BLE] enrichment rx chunk cipher=142 queued=0
[8910207][I][BLE] enrichment rx chunk cipher=28 queued=0
[8910208][I][BLE] enrich_xfer_perf count=18 sendMs=92 waitMs=689 rxBytes=846
[8910208][I][BLE] enrichment batch received count=18 bytes=846
[8910208][I][BLE] enrichment batch consumed count=18
[8910209][I][BLE] Enrich batch queued count=18 queueSize=1
[8910209][I][BLE] Enrichment batch received count=18 claimed=18 queued=1
[8910220][I][BLE] Enrich drain begin count=18 queueSize=1 ageMs=11
[8911086][I][STACK] TaskButtons watermark=1784B min=1784B
[8912760][I][STORAGE] Spool enrich_batch applied=18 failed=0 batchFirstEventId=41367 batchLastEventId=41384 firstRecord=42580 lastRecord=42597 ms=1435
[8912761][I][BLE] enrich_perf count=18 applied=18 failed=0 deferred=0 storageMs=1974 pendingUpload=4472
[8912761][I][BLE] Enrich drain done applied=18 failed=0 deferred=0 queueSize=0
[8912762][I][BLE] Enrich torrent done drained=1 remaining=0 tookLease=0 preempt=0 elapsedMs=2543
[8912772][W][CORE] TaskHardware loop gap=2553ms owner=BLE_GPS pendingUpload=4472 maintPending=1 suppressed=3
[8912776][I][STORAGE] RAMSpool worker paused inflight=0 lastInflight=0
[8912777][I][STORAGE] Exclusive window begin kind=enrichment reason=manual_enrich_window workerPaused=1 displaySuspended=1

===== CMD: companion status =====
[8915022][I][STORAGE] Spool enrich_batch applied=17 failed=0 batchFirstEventId=40820 batchLastEventId=40836 firstRecord=42598 lastRecord=42614 ms=1596
[8915022][I][BLE] Manual enrichment window batch count=18 active=1 noData=17 budgetExhausted=0 timeHit=0
[8915022][I][STORAGE] RAMSpool worker resumed
[8915023][I][STORAGE] Exclusive window end kind=enrichment result=manual_batch_built reason=manual_enrich_window
[8915023][I][BLE] enrichment request queued count=18 bytes=180
[8915023][I][BLE] Requested enrichment batch count=18 queued=0
companion status
[COMP] enabled=1
[COMP] external accessory=0 bleProxy=0 phoneConnected=0 phone=unknown rssi=0 ageMs=0
[COMP] wio link=idle sx1262=0 textInput=0
[COMP] phone=AVAILABLE work=ENRICHING
[COMP] bleBegun=1 bleRadio=1 bleState=SUBSCRIBED
[COMP] ready link=1 gps=1 freshGps=0 ctrl=1 enrich=1
[COMP] bleInitAgeMs=8890022 scanStartAgeMs=100609 disconnReason=0
[COMP] pendingEnrichMission=0 pendingEnrichNoise=2427 pendingEnrichTotal=2427
[COMP] hold manual=0 autoOffload=0 managerActive=0 prep=1 deadlineInMs=0 retryInMs=0
[COMP] lastProbeAgeMs=98862 lastEnrichAgeMs=119082
[COMP] radioOwner=ble_gps
[8915041][I][BLE] enrichment send mtu=247 attPayload=244 bytes=180 count=18
[8915128][I][BLE] enrichment batch sent plain=180 sealed=202 count=18 writeOk=1
[8915282][I][BLE] enrichment rx chunk cipher=142 queued=0
[8915343][I][BLE] enrichment rx chunk cipher=142 queued=0
[8915444][I][BLE] enrichment rx chunk cipher=142 queued=0
[8915505][I][BLE] enrichment rx chunk cipher=142 queued=0
[8915587][I][BLE] enrichment rx chunk cipher=142 queued=0
[8915668][I][BLE] enrichment rx chunk cipher=142 queued=0
[8915749][I][BLE] enrichment rx chunk cipher=142 queued=0
[8915830][I][BLE] enrichment rx chunk cipher=28 queued=0
[8915831][I][BLE] enrich_xfer_perf count=18 sendMs=87 waitMs=702 rxBytes=846
[8915831][I][BLE] enrichment batch received count=18 bytes=846
[8915831][I][BLE] enrichment batch consumed count=18
[8915832][I][BLE] Enrich batch queued count=18 queueSize=1
[8915832][I][BLE] Enrichment batch received count=18 claimed=18 queued=1
[8915843][I][BLE] Enrich drain begin count=18 queueSize=1 ageMs=11
[8918525][I][STORAGE] Spool enrich_batch applied=18 failed=0 batchFirstEventId=41385 batchLastEventId=41402 firstRecord=42615 lastRecord=42632 ms=1483
[8918526][I][BLE] enrich_perf count=18 applied=18 failed=0 deferred=0 storageMs=2064 pendingUpload=4472
[8918526][I][BLE] Enrich drain done applied=18 failed=0 deferred=0 queueSize=0
[8918527][I][BLE] Enrich torrent done drained=1 remaining=0 tookLease=0 preempt=0 elapsedMs=2685
[8918541][I][STORAGE] RAMSpool worker paused inflight=0 lastInflight=0
[8918541][I][STORAGE] Exclusive window begin kind=enrichment reason=manual_enrich_window workerPaused=1 displaySuspended=1
[8920721][I][STORAGE] Spool enrich_batch applied=18 failed=0 batchFirstEventId=40837 batchLastEventId=40854 firstRecord=42633 lastRecord=42650 ms=1483
[8920722][I][BLE] Manual enrichment window batch count=18 active=1 noData=18 budgetExhausted=0 timeHit=0
[8920722][I][STORAGE] RAMSpool worker resumed
[8920723][I][STORAGE] Exclusive window end kind=enrichment result=manual_batch_built reason=manual_enrich_window
[8920723][I][BLE] enrichment request queued count=18 bytes=180
[8920723][I][BLE] Requested enrichment batch count=18 queued=0
[8920737][I][BLE] enrichment send mtu=247 attPayload=244 bytes=180 count=18
[8920828][I][BLE] enrichment batch sent plain=180 sealed=202 count=18 writeOk=1
[8920969][I][BLE] enrichment rx chunk cipher=142 queued=0
[8921030][I][BLE] enrichment rx chunk cipher=142 queued=0
[8921101][I][BLE] enrichment rx chunk cipher=142 queued=0
[8921182][I][BLE] enrichment rx chunk cipher=142 queued=0
[8921263][I][BLE] enrichment rx chunk cipher=142 queued=0
[8921344][I][BLE] enrichment rx chunk cipher=142 queued=0
[8921425][I][BLE] enrichment rx chunk cipher=142 queued=0
[8921506][I][BLE] enrichment rx chunk cipher=28 queued=0
[8921507][I][BLE] enrich_xfer_perf count=18 sendMs=92 waitMs=678 rxBytes=846
[8921507][I][BLE] enrichment batch received count=18 bytes=846
[8921507][I][BLE] enrichment batch consumed count=18
[8921508][I][BLE] Enrich batch queued count=18 queueSize=1
[8921508][I][BLE] Enrichment batch received count=18 claimed=18 queued=1
[8921519][I][BLE] Enrich drain begin count=18 queueSize=1 ageMs=12
[8924302][I][STORAGE] Spool enrich_batch applied=18 failed=0 batchFirstEventId=41403 batchLastEventId=41420 firstRecord=42651 lastRecord=42668 ms=1523
[8924303][I][BLE] enrich_perf count=18 applied=18 failed=0 deferred=0 storageMs=2132 pendingUpload=4472
[8924304][I][BLE] Enrich drain done applied=18 failed=0 deferred=0 queueSize=0
[8924304][I][BLE] Enrich torrent done drained=1 remaining=0 tookLease=0 preempt=0 elapsedMs=2786
[8924383][I][BLE] storage snapshot sent pendingUp=0/4472 pendingEnrich=0/2625 usedPct=28
[8924393][W][CORE] TaskHardware loop gap=2875ms owner=BLE_GPS pendingUpload=4472 maintPending=1 suppressed=3
[8924397][I][STORAGE] RAMSpool worker paused inflight=0 lastInflight=0
[8924398][I][STORAGE] Exclusive window begin kind=enrichment reason=manual_enrich_window workerPaused=1 displaySuspended=1
[8926680][I][STORAGE] Spool enrich_batch applied=15 failed=0 batchFirstEventId=40855 batchLastEventId=40869 firstRecord=42669 lastRecord=42683 ms=1550
[8926680][I][BLE] Manual enrichment window batch count=18 active=1 noData=15 budgetExhausted=0 timeHit=0
[8926681][I][STORAGE] RAMSpool worker resumed
[8926681][I][STORAGE] Exclusive window end kind=enrichment result=manual_batch_built reason=manual_enrich_window
[8926681][I][BLE] enrichment request queued count=18 bytes=180
[8926682][I][BLE] Requested enrichment batch count=18 queued=0
[8926696][I][BLE] enrichment send mtu=247 attPayload=244 bytes=180 count=18
[8926798][I][BLE] enrichment batch sent plain=180 sealed=202 count=18 writeOk=1
[8926937][I][BLE] enrichment rx chunk cipher=142 queued=0
[8926998][I][BLE] enrichment rx chunk cipher=142 queued=0
[8927089][I][BLE] enrichment rx chunk cipher=142 queued=0
[8927170][I][BLE] enrichment rx chunk cipher=142 queued=0
[8927251][I][BLE] enrichment rx chunk cipher=142 queued=0
[8927312][I][BLE] enrichment rx chunk cipher=142 queued=0
[8927393][I][BLE] enrichment rx chunk cipher=142 queued=0
[8927484][I][BLE] enrichment rx chunk cipher=28 queued=0
[8927485][I][BLE] enrich_xfer_perf count=18 sendMs=102 waitMs=686 rxBytes=846
[8927485][I][BLE] enrichment batch received count=18 bytes=846
[8927485][I][BLE] enrichment batch consumed count=18
[8927486][I][BLE] Enrich batch queued count=18 queueSize=1
[8927486][I][BLE] Enrichment batch received count=18 claimed=18 queued=1
[8927497][I][BLE] Enrich drain begin count=18 queueSize=1 ageMs=11
[8930370][I][STORAGE] Spool enrich_batch applied=18 failed=0 batchFirstEventId=41421 batchLastEventId=41438 firstRecord=42684 lastRecord=42701 ms=1550
[8930371][I][BLE] enrich_perf count=18 applied=18 failed=0 deferred=0 storageMs=2188 pendingUpload=4472
[8930372][I][BLE] Enrich drain done applied=18 failed=0 deferred=0 queueSize=0
[8930372][I][BLE] Enrich torrent done drained=1 remaining=0 tookLease=0 preempt=0 elapsedMs=2876
[8930386][I][STORAGE] RAMSpool worker paused inflight=0 lastInflight=0
[8930386][I][STORAGE] Exclusive window begin kind=enrichment reason=manual_enrich_window workerPaused=1 displaySuspended=1
[8931090][I][STORAGE] Spool enrich preflight rotate seg=648 bytes=48213 records=1018 enrich=941 expected=13
[8932128][I][STORAGE] Spool rotate newSeg=649 format=bin_v2
[8932129][I][STORAGE] Spool diag[rotate] validSegments=66 untrustedSegments=0 invalidSegments=0 activeSegment=649 totalRecords=6844 storedEvents=4472 pendingUpload=unknown nextEventId=42702 backlog=unknown
[8933049][I][STORAGE] Spool enrich_batch applied=13 failed=0 batchFirstEventId=40870 batchLastEventId=40882 firstRecord=42702 lastRecord=42714 ms=859
[8933050][I][BLE] Manual enrichment window batch count=18 active=1 noData=13 budgetExhausted=0 timeHit=0
[8933050][I][STORAGE] RAMSpool worker resumed
[8933051][I][STORAGE] Exclusive window end kind=enrichment result=manual_batch_built reason=manual_enrich_window
[8933051][I][BLE] enrichment request queued count=18 bytes=180
[8933051][I][BLE] Requested enrichment batch count=18 queued=0
[8933065][I][BLE] enrichment send mtu=247 attPayload=244 bytes=180 count=18
[8933083][I][BLE] enrichment batch sent plain=180 sealed=202 count=18 writeOk=1
[8933096][I][STACK] TaskHardware watermark=7888B min=7888B
[8933101][I][HEAP] heap free=3859KB min=3791KB largest=3776KB frag=2% internalFree=41KB internalLargest=11KB psramFree=3818KB core=85/69% owner=BLE_GPS nets=9 pendingUpload=? pendingEnrich=2625
[HEALTH] time=2026-08-16 14:42:06 src=gps
[HEALTH] heap used=4594/8452KB free=3859KB min=3791KB largest=3776KB frag=2%
[HEALTH] internal used=220/260KB free=41KB min=0KB largest=11KB
[HEALTH] psram used=4374/8192KB free=3818KB largest=3776KB
[HEALTH] stack free_min: core0=8KB/18KB core1=5KB/10KB
[HEALTH] loopTask free_min=3080B/5120B
[HEALTH] core usage: core0=85% core1=69%
[HEALTH] power=usb state=usb batt=100% 4716mV trend=8mV/min runtime=0min cap=1100mAh charging=1
[HEALTH] radio=BLE_GPS wifi=0 ble=1 gps=0 nets=9 pendingUpload=? pendingEnrich=2625
[HEALTH] subghz=NONE mode=OFF pkts=0 nodes=0
[8933103][I][STACK] TaskStorage watermark=1896B
[8933104][I][STORAGE] RAMSpool enq=553 cons=553 inflight=0/1024 high=2 pressure=0 drop[full=0 big=0 noise=0 p3Evict=0 p3Drop=0 p2Drop=0 p1Fail=0] free=1024
[8933104][I][STORAGE] RAMSpool enqueue probe[ok=521 drop=0] device[ok=32 drop=0]
[8933104][I][STORAGE] RAMSpool worker probe[ok=521 sup=0 drop=0 fail=0 slow=0] device[ok=31 sup=1 drop=0 fail=0 slow=0] slowTotal=0 maxMs=0
[8933105][I][STORAGE] RAMSpool prioEnq p0=0 p1=0 p2=553 p3=0
[8933105][I][STORAGE] RAMSpool lanes p1=0/0 p2=0/1 p3=0/0
[8933206][I][BLE] enrichment rx chunk cipher=142 queued=0
[8933297][I][BLE] enrichment rx chunk cipher=142 queued=0
[8933378][I][BLE] enrichment rx chunk cipher=142 queued=0
[8933459][I][BLE] enrichment rx chunk cipher=142 queued=0
[8933520][I][BLE] enrichment rx chunk cipher=142 queued=0
[8933602][I][BLE] enrichment rx chunk cipher=142 queued=0
[8933673][I][BLE] enrichment rx chunk cipher=142 queued=0
[8933754][I][BLE] enrichment rx chunk cipher=28 queued=0
[8933755][I][BLE] enrich_xfer_perf count=18 sendMs=19 waitMs=671 rxBytes=846
[8933755][I][BLE] enrichment batch received count=18 bytes=846
[8933755][I][BLE] enrichment batch consumed count=18
[8933756][I][BLE] Enrich batch queued count=18 queueSize=1
[8933756][I][BLE] Enrichment batch received count=18 claimed=18 queued=1
[8933767][I][BLE] Enrich drain begin count=18 queueSize=1 ageMs=12

===== CMD: companion status =====
[8935661][I][STORAGE] Spool enrich_batch applied=18 failed=0 batchFirstEventId=41439 batchLastEventId=41456 firstRecord=42715 lastRecord=42732 ms=645
[8935661][I][BLE] enrich_perf count=18 applied=18 failed=0 deferred=0 storageMs=1208 pendingUpload=4472
[8935662][I][BLE] Enrich drain done applied=18 failed=0 deferred=0 queueSize=0
[8935662][I][BLE] Enrich torrent done drained=1 remaining=0 tookLease=0 preempt=0 elapsedMs=1895
[8935672][W][CORE] TaskHardware loop gap=1906ms owner=BLE_GPS pendingUpload=4472 maintPending=1 suppressed=3
companion status
[COMP] enabled=1
[COMP] external accessory=0 bleProxy=0 phoneConnected=0 phone=unknown rssi=0 ageMs=0
[COMP] wio link=idle sx1262=0 textInput=0
[COMP] phone=AVAILABLE work=ENRICHING
[COMP] bleBegun=1 bleRadio=1 bleState=SUBSCRIBED
[COMP] ready link=1 gps=1 freshGps=0 ctrl=1 enrich=1
[COMP] bleInitAgeMs=8910660 scanStartAgeMs=121247 disconnReason=0
[COMP] pendingEnrichMission=0 pendingEnrichNoise=2373 pendingEnrichTotal=2373
[COMP] hold manual=0 autoOffload=0 managerActive=0 prep=1 deadlineInMs=0 retryInMs=0
[COMP] lastProbeAgeMs=119852 lastEnrichAgeMs=140072
[COMP] radioOwner=ble_gps
[8935680][I][STORAGE] RAMSpool worker paused inflight=0 lastInflight=0
[8935680][I][STORAGE] Exclusive window begin kind=enrichment reason=manual_enrich_window workerPaused=1 displaySuspended=1
[8937009][I][STORAGE] Spool enrich_batch applied=14 failed=0 batchFirstEventId=40883 batchLastEventId=40896 firstRecord=42733 lastRecord=42746 ms=659
[8937010][I][BLE] Manual enrichment window batch count=18 active=1 noData=14 budgetExhausted=0 timeHit=0
[8937010][I][STORAGE] RAMSpool worker resumed
[8937010][I][STORAGE] Exclusive window end kind=enrichment result=manual_batch_built reason=manual_enrich_window
[8937011][I][BLE] enrichment request queued count=18 bytes=180
[8937011][I][BLE] Requested enrichment batch count=18 queued=0
[8937025][I][BLE] worker stack free=7372B min=7372B
[8937025][I][BLE] enrichment send mtu=247 attPayload=244 bytes=180 count=18
[8937073][I][BLE] enrichment batch sent plain=180 sealed=202 count=18 writeOk=1
[8937197][I][BLE] enrichment rx chunk cipher=142 queued=0
[8937288][I][BLE] enrichment rx chunk cipher=142 queued=0
[8937349][I][BLE] enrichment rx chunk cipher=142 queued=0
[8937450][I][BLE] enrichment rx chunk cipher=142 queued=0
[8937511][I][BLE] enrichment rx chunk cipher=142 queued=0
[8937602][I][BLE] enrichment rx chunk cipher=142 queued=0
[8937663][I][BLE] enrichment rx chunk cipher=142 queued=0
[8937764][I][BLE] enrichment rx chunk cipher=28 queued=0
[8937765][I][BLE] enrich_xfer_perf count=18 sendMs=48 waitMs=691 rxBytes=846
[8937765][I][BLE] enrichment batch received count=18 bytes=846
[8937765][I][BLE] enrichment batch consumed count=18
[8937766][I][BLE] Enrich batch queued count=18 queueSize=1
[8937766][I][BLE] Enrichment batch received count=18 claimed=18 queued=1
[8937777][I][BLE] Enrich drain begin count=18 queueSize=1 ageMs=12
[8939673][I][STORAGE] Spool enrich_batch applied=18 failed=0 batchFirstEventId=41457 batchLastEventId=41474 firstRecord=42747 lastRecord=42764 ms=672
[8939674][I][BLE] enrich_perf count=18 applied=18 failed=0 deferred=0 storageMs=1270 pendingUpload=4472
[8939675][I][BLE] Enrich drain done applied=18 failed=0 deferred=0 queueSize=0
[8939675][I][BLE] Enrich torrent done drained=1 remaining=0 tookLease=0 preempt=0 elapsedMs=1898
[8939713][I][BLE] storage snapshot sent pendingUp=0/4472 pendingEnrich=0/2625 usedPct=28
[8939727][I][STORAGE] RAMSpool worker paused inflight=0 lastInflight=0
[8939727][I][STORAGE] Exclusive window begin kind=enrichment reason=manual_enrich_window workerPaused=1 displaySuspended=1
[8941086][I][STACK] TaskButtons watermark=1784B min=1784B
[8941124][I][STORAGE] Spool enrich_batch applied=20 failed=0 batchFirstEventId=40897 batchLastEventId=40916 firstRecord=42765 lastRecord=42784 ms=689
[8941125][I][BLE] Manual enrichment window batch count=18 active=1 noData=20 budgetExhausted=0 timeHit=0
[8941125][I][STORAGE] RAMSpool worker resumed
[8941125][I][STORAGE] Exclusive window end kind=enrichment result=manual_batch_built reason=manual_enrich_window
[8941126][I][BLE] enrichment request queued count=18 bytes=180
[8941126][I][BLE] Requested enrichment batch count=18 queued=0
[8941140][I][BLE] enrichment send mtu=247 attPayload=244 bytes=180 count=18
[8941183][I][BLE] enrichment batch sent plain=180 sealed=202 count=18 writeOk=1
[8941321][I][BLE] enrichment rx chunk cipher=142 queued=0
[8941412][I][BLE] enrichment rx chunk cipher=142 queued=0
[8941473][I][BLE] enrichment rx chunk cipher=142 queued=0
[8941554][I][BLE] enrichment rx chunk cipher=142 queued=0
[8941645][I][BLE] enrichment rx chunk cipher=142 queued=0
[8941726][I][BLE] enrichment rx chunk cipher=142 queued=0
[8941787][I][BLE] enrichment rx chunk cipher=142 queued=0
[8941888][I][BLE] enrichment rx chunk cipher=28 queued=0
[8941889][I][BLE] enrich_xfer_perf count=18 sendMs=44 waitMs=705 rxBytes=846
[8941889][I][BLE] enrichment batch received count=18 bytes=846
[8941889][I][BLE] enrichment batch consumed count=18
[8941890][I][BLE] Enrich batch queued count=18 queueSize=1
[8941890][I][BLE] Enrichment batch received count=18 claimed=18 queued=1
[8941901][I][BLE] Enrich drain begin count=18 queueSize=1 ageMs=12
[8943899][I][STORAGE] Spool enrich_batch applied=18 failed=0 batchFirstEventId=41475 batchLastEventId=41492 firstRecord=42785 lastRecord=42802 ms=710
[8943899][I][BLE] enrich_perf count=18 applied=18 failed=0 deferred=0 storageMs=1335 pendingUpload=4472
[8943900][I][BLE] Enrich drain done applied=18 failed=0 deferred=0 queueSize=0
[8943900][I][BLE] Enrich torrent done drained=1 remaining=0 tookLease=0 preempt=0 elapsedMs=2000
[8943914][I][STORAGE] RAMSpool worker paused inflight=0 lastInflight=0
[8943914][I][STORAGE] Exclusive window begin kind=enrichment reason=manual_enrich_window workerPaused=1 displaySuspended=1
[8945387][I][STORAGE] Spool enrich_batch applied=16 failed=0 batchFirstEventId=40917 batchLastEventId=40932 firstRecord=42803 lastRecord=42818 ms=729
[8945388][I][BLE] Manual enrichment window batch count=18 active=1 noData=16 budgetExhausted=0 timeHit=0
[8945388][I][STORAGE] RAMSpool worker resumed
[8945389][I][STORAGE] Exclusive window end kind=enrichment result=manual_batch_built reason=manual_enrich_window
[8945389][I][BLE] enrichment request queued count=18 bytes=180
[8945389][I][BLE] Requested enrichment batch count=18 queued=0
[8945403][I][BLE] enrichment send mtu=247 attPayload=244 bytes=180 count=18
[8945488][I][BLE] enrichment batch sent plain=180 sealed=202 count=18 writeOk=1
[8945644][I][BLE] enrichment rx chunk cipher=142 queued=0
[8945705][I][BLE] enrichment rx chunk cipher=142 queued=0
[8945776][I][BLE] enrichment rx chunk cipher=142 queued=0
[8945877][I][BLE] enrichment rx chunk cipher=142 queued=0
[8945958][I][BLE] enrichment rx chunk cipher=142 queued=0
[8946019][I][BLE] enrichment rx chunk cipher=142 queued=0
[8946090][I][BLE] enrichment rx chunk cipher=142 queued=0
[8946181][I][BLE] enrichment rx chunk cipher=28 queued=0
[8946182][I][BLE] enrich_xfer_perf count=18 sendMs=86 waitMs=693 rxBytes=846
[8946182][I][BLE] enrichment batch received count=18 bytes=846
[8946182][I][BLE] enrichment batch consumed count=18
[8946183][I][BLE] Enrich batch queued count=18 queueSize=1
[8946183][I][BLE] Enrichment batch received count=18 claimed=18 queued=1
[8946194][I][BLE] Enrich drain begin count=18 queueSize=1 ageMs=11
[8948430][I][STORAGE] Spool enrich_batch applied=18 failed=0 batchFirstEventId=41493 batchLastEventId=41510 firstRecord=42819 lastRecord=42836 ms=884
[8948431][I][BLE] enrich_perf count=18 applied=18 failed=0 deferred=0 storageMs=1540 pendingUpload=4472
[8948431][I][BLE] Enrich drain done applied=18 failed=0 deferred=0 queueSize=0
[8948431][I][BLE] Enrich torrent done drained=1 remaining=0 tookLease=0 preempt=0 elapsedMs=2237
[8948442][W][CORE] TaskHardware loop gap=2249ms owner=BLE_GPS pendingUpload=4472 maintPending=1 suppressed=5
[8948446][I][STORAGE] RAMSpool worker paused inflight=0 lastInflight=0
[8948447][I][STORAGE] Exclusive window begin kind=enrichment reason=manual_enrich_window workerPaused=1 displaySuspended=1
[8950229][I][STORAGE] Spool enrich_batch applied=8 failed=0 batchFirstEventId=40933 batchLastEventId=40940 firstRecord=42837 lastRecord=42844 ms=990
[8950230][I][BLE] Manual enrichment window batch count=18 active=1 noData=8 budgetExhausted=0 timeHit=0
[8950230][I][STORAGE] RAMSpool worker resumed
[8950230][I][STORAGE] Exclusive window end kind=enrichment result=manual_batch_built reason=manual_enrich_window
[8950230][I][BLE] enrichment request queued count=18 bytes=180
[8950231][I][BLE] Requested enrichment batch count=18 queued=0
[8950245][I][BLE] enrichment send mtu=247 attPayload=244 bytes=180 count=18
[8950378][I][BLE] enrichment batch sent plain=180 sealed=202 count=18 writeOk=1
[8950516][I][BLE] enrichment rx chunk cipher=142 queued=0
[8950607][I][BLE] enrichment rx chunk cipher=142 queued=0
[8950668][I][BLE] enrichment rx chunk cipher=142 queued=0
[8950749][I][BLE] enrichment rx chunk cipher=142 queued=0
[8950840][I][BLE] enrichment rx chunk cipher=142 queued=0
[8950921][I][BLE] enrichment rx chunk cipher=142 queued=0
[8950982][I][BLE] enrichment rx chunk cipher=142 queued=0
[8951073][I][BLE] enrichment rx chunk cipher=28 queued=0
[8951074][I][BLE] enrich_xfer_perf count=18 sendMs=134 waitMs=695 rxBytes=846
[8951074][I][BLE] enrichment batch received count=18 bytes=846
[8951074][I][BLE] enrichment batch consumed count=18
[8951075][I][BLE] Enrich batch queued count=18 queueSize=1
[8951075][I][BLE] Enrichment batch received count=18 claimed=18 queued=1
[8951086][I][BLE] Enrich drain begin count=18 queueSize=1 ageMs=12
[8952885][I][STORAGE] Spool enrich_batch applied=18 failed=0 batchFirstEventId=41511 batchLastEventId=41528 firstRecord=42845 lastRecord=42862 ms=655
[8952886][I][BLE] enrich_perf count=18 applied=18 failed=0 deferred=0 storageMs=1210 pendingUpload=4472
[8952886][I][BLE] Enrich drain done applied=18 failed=0 deferred=0 queueSize=0
[8952887][I][BLE] Enrich torrent done drained=1 remaining=0 tookLease=0 preempt=0 elapsedMs=1800
[8952901][I][STORAGE] RAMSpool worker paused inflight=0 lastInflight=0
[8952901][I][STORAGE] Exclusive window begin kind=enrichment reason=manual_enrich_window workerPaused=1 displaySuspended=1

===== CMD: companion status =====
[8954238][I][STORAGE] Spool enrich_batch applied=18 failed=0 batchFirstEventId=40941 batchLastEventId=40958 firstRecord=42863 lastRecord=42880 ms=667
[8954239][I][BLE] Manual enrichment window batch count=18 active=1 noData=18 budgetExhausted=0 timeHit=0
[8954239][I][STORAGE] RAMSpool worker resumed
[8954240][I][STORAGE] Exclusive window end kind=enrichment result=manual_batch_built reason=manual_enrich_window
[8954240][I][BLE] enrichment request queued count=18 bytes=180
[8954240][I][BLE] Requested enrichment batch count=18 queued=0
companion status
[COMP] enabled=1
[COMP] external accessory=0 bleProxy=0 phoneConnected=0 phone=unknown rssi=0 ageMs=0
[COMP] wio link=idle sx1262=0 textInput=0
[COMP] phone=AVAILABLE work=ENRICHING
[COMP] bleBegun=1 bleRadio=1 bleState=SUBSCRIBED
[COMP] ready link=1 gps=1 freshGps=0 ctrl=1 enrich=1
[COMP] bleInitAgeMs=8929238 scanStartAgeMs=139825 disconnReason=0
[COMP] pendingEnrichMission=0 pendingEnrichNoise=2283 pendingEnrichTotal=2283
[COMP] hold manual=0 autoOffload=0 managerActive=0 prep=1 deadlineInMs=0 retryInMs=0
[COMP] lastProbeAgeMs=138986 lastEnrichAgeMs=159206
[COMP] radioOwner=ble_gps
[8954257][I][BLE] enrichment send mtu=247 attPayload=244 bytes=180 count=18
[8954338][I][BLE] enrichment batch sent plain=180 sealed=202 count=18 writeOk=1
[8954480][I][BLE] enrichment rx chunk cipher=142 queued=0
[8954551][I][BLE] enrichment rx chunk cipher=142 queued=0
[8954632][I][BLE] enrichment rx chunk cipher=142 queued=0
[8954713][I][BLE] storage snapshot sent pendingUp=0/4472 pendingEnrich=0/2625 usedPct=28
[8954724][I][BLE] enrichment rx chunk cipher=142 queued=0
[8954795][I][BLE] enrichment rx chunk cipher=142 queued=0
[8954866][I][BLE] enrichment rx chunk cipher=142 queued=0
[8954957][I][BLE] enrichment rx chunk cipher=142 queued=0
[8955018][I][BLE] enrichment rx chunk cipher=28 queued=0
[8955019][I][BLE] enrich_xfer_perf count=18 sendMs=81 waitMs=680 rxBytes=846
[8955019][I][BLE] enrichment batch received count=18 bytes=846
[8955019][I][BLE] enrichment batch consumed count=18
[8955020][I][BLE] Enrich batch queued count=18 queueSize=1
[8955020][I][BLE] Enrichment batch received count=18 claimed=18 queued=1
[8955031][I][BLE] Enrich drain begin count=18 queueSize=1 ageMs=11
[8956931][I][STORAGE] Spool enrich_batch applied=18 failed=0 batchFirstEventId=41529 batchLastEventId=41546 firstRecord=42881 lastRecord=42898 ms=690
[8956932][I][BLE] enrich_perf count=18 applied=18 failed=0 deferred=0 storageMs=1274 pendingUpload=4472
[8956932][I][BLE] Enrich drain done applied=18 failed=0 deferred=0 queueSize=0
[8956933][I][BLE] Enrich torrent done drained=1 remaining=0 tookLease=0 preempt=0 elapsedMs=1901
[8956947][I][STORAGE] RAMSpool worker paused inflight=0 lastInflight=0
[8956947][I][STORAGE] Exclusive window begin kind=enrichment reason=manual_enrich_window workerPaused=1 displaySuspended=1
[8958459][I][STORAGE] Spool enrich_batch applied=16 failed=0 batchFirstEventId=40959 batchLastEventId=40974 firstRecord=42899 lastRecord=42914 ms=807
[8958460][I][BLE] Manual enrichment window batch count=18 active=1 noData=16 budgetExhausted=0 timeHit=0
[8958460][I][STORAGE] RAMSpool worker resumed
[8958461][I][STORAGE] Exclusive window end kind=enrichment result=manual_batch_built reason=manual_enrich_window
[8958461][I][BLE] enrichment request queued count=18 bytes=180
[8958461][I][BLE] Requested enrichment batch count=18 queued=0
[8958471][W][CORE] TaskHardware loop gap=1528ms owner=BLE_GPS pendingUpload=4472 maintPending=1 suppressed=4
[8958475][I][BLE] enrichment send mtu=247 attPayload=244 bytes=180 count=18
[8958553][I][BLE] enrichment batch sent plain=180 sealed=202 count=18 writeOk=1
[8958706][I][BLE] enrichment rx chunk cipher=142 queued=0
[8958787][I][BLE] enrichment rx chunk cipher=142 queued=0
[8958868][I][BLE] enrichment rx chunk cipher=142 queued=0
[8958949][I][BLE] enrichment rx chunk cipher=142 queued=0
[8959010][I][BLE] enrichment rx chunk cipher=142 queued=0
[8959101][I][BLE] enrichment rx chunk cipher=142 queued=0
[8959182][I][BLE] enrichment rx chunk cipher=142 queued=0
[8959273][I][BLE] enrichment rx chunk cipher=28 queued=0
[8959274][I][BLE] enrich_xfer_perf count=18 sendMs=78 waitMs=720 rxBytes=846
[8959274][I][BLE] enrichment batch received count=18 bytes=846
[8959274][I][BLE] enrichment batch consumed count=18
[8959275][I][BLE] Enrich batch queued count=18 queueSize=1
[8959275][I][BLE] Enrichment batch received count=18 claimed=18 queued=1
[8959286][I][BLE] Enrich drain begin count=18 queueSize=1 ageMs=11
[8961310][I][STORAGE] Spool enrich_batch applied=18 failed=0 batchFirstEventId=41547 batchLastEventId=41564 firstRecord=42915 lastRecord=42932 ms=750
[8961311][I][BLE] enrich_perf count=18 applied=18 failed=0 deferred=0 storageMs=1365 pendingUpload=4472
[8961311][I][BLE] Enrich drain done applied=18 failed=0 deferred=0 queueSize=0
[8961312][I][BLE] Enrich torrent done drained=1 remaining=0 tookLease=0 preempt=0 elapsedMs=2025
[8961326][I][STORAGE] RAMSpool worker paused inflight=0 lastInflight=0
[8961326][I][STORAGE] Exclusive window begin kind=enrichment reason=manual_enrich_window workerPaused=1 displaySuspended=1
[8962834][I][STORAGE] Spool enrich_batch applied=20 failed=0 batchFirstEventId=40975 batchLastEventId=40994 firstRecord=42933 lastRecord=42952 ms=766
[8962835][I][BLE] Manual enrichment window batch count=18 active=1 noData=20 budgetExhausted=0 timeHit=0
[8962835][I][STORAGE] RAMSpool worker resumed
[8962835][I][STORAGE] Exclusive window end kind=enrichment result=manual_batch_built reason=manual_enrich_window
[8962836][I][BLE] enrichment request queued count=18 bytes=180
[8962836][I][BLE] Requested enrichment batch count=18 queued=0
[8962850][I][BLE] enrichment send mtu=247 attPayload=244 bytes=180 count=18
[8962948][I][BLE] enrichment batch sent plain=180 sealed=202 count=18 writeOk=1
[8963061][I][BLE] enrichment rx chunk cipher=142 queued=0
[8963102][I][STACK] TaskHardware watermark=7888B min=7888B
[8963107][I][HEAP] heap free=3858KB min=3791KB largest=3776KB frag=2% internalFree=41KB internalLargest=11KB psramFree=3818KB core=81/64% owner=BLE_GPS nets=9 pendingUpload=? pendingEnrich=2625
[HEALTH] time=2026-08-16 14:42:36 src=gps
[HEALTH] heap used=4594/8452KB free=3858KB min=3791KB largest=3776KB frag=2%
[HEALTH] internal used=220/260KB free=41KB min=0KB largest=11KB
[HEALTH] psram used=4374/8192KB free=3818KB largest=3776KB
[HEALTH] stack free_min: core0=8KB/18KB core1=5KB/10KB
[HEALTH] loopTask free_min=3080B/5120B
[HEALTH] core usage: core0=81% core1=64%
[HEALTH] power=usb state=usb batt=100% 4712mV trend=7mV/min runtime=0min cap=1100mAh charging=1
[HEALTH] radio=BLE_GPS wifi=0 ble=1 gps=0 nets=9 pendingUpload=? pendingEnrich=2625
[HEALTH] subghz=NONE mode=OFF pkts=0 nodes=0
[8963110][I][STACK] TaskStorage watermark=1896B
[8963110][I][STORAGE] RAMSpool enq=553 cons=553 inflight=0/1024 high=2 pressure=0 drop[full=0 big=0 noise=0 p3Evict=0 p3Drop=0 p2Drop=0 p1Fail=0] free=1024
[8963111][I][STORAGE] RAMSpool enqueue probe[ok=521 drop=0] device[ok=32 drop=0]
[8963112][I][STORAGE] RAMSpool worker probe[ok=521 sup=0 drop=0 fail=0 slow=0] device[ok=31 sup=1 drop=0 fail=0 slow=0] slowTotal=0 maxMs=0
[8963112][I][STORAGE] RAMSpool prioEnq p0=0 p1=0 p2=553 p3=0
[8963112][I][STORAGE] RAMSpool lanes p1=0/0 p2=0/1 p3=0/0
[8963153][I][BLE] enrichment rx chunk cipher=142 queued=0
[8963224][I][BLE] enrichment rx chunk cipher=142 queued=0
[8963305][I][BLE] enrichment rx chunk cipher=142 queued=0
[8963386][I][BLE] enrichment rx chunk cipher=142 queued=0
[8963467][I][BLE] enrichment rx chunk cipher=142 queued=0
[8963548][I][BLE] enrichment rx chunk cipher=142 queued=0
[8963609][I][BLE] enrichment rx chunk cipher=28 queued=0
[8963610][I][BLE] enrich_xfer_perf count=18 sendMs=99 waitMs=662 rxBytes=846
[8963610][I][BLE] enrichment batch received count=18 bytes=846
[8963611][I][BLE] enrichment batch consumed count=18
[8963611][I][BLE] Enrich batch queued count=18 queueSize=1
[8963611][I][BLE] Enrichment batch received count=18 claimed=18 queued=1
[8963622][I][BLE] Enrich drain begin count=18 queueSize=1 ageMs=11
[8965986][I][STORAGE] Spool enrich_batch applied=18 failed=0 batchFirstEventId=41565 batchLastEventId=41582 firstRecord=42953 lastRecord=42970 ms=934
[8965987][I][BLE] enrich_perf count=18 applied=18 failed=0 deferred=0 storageMs=1577 pendingUpload=4472
[8965988][I][BLE] Enrich drain done applied=18 failed=0 deferred=0 queueSize=0
[8965988][I][BLE] Enrich torrent done drained=1 remaining=0 tookLease=0 preempt=0 elapsedMs=2366
[8966002][I][STORAGE] RAMSpool worker paused inflight=0 lastInflight=0
[8966002][I][STORAGE] Exclusive window begin kind=enrichment reason=manual_enrich_window workerPaused=1 displaySuspended=1
[8967711][I][STORAGE] Spool enrich_batch applied=21 failed=0 batchFirstEventId=40995 batchLastEventId=41015 firstRecord=42971 lastRecord=42991 ms=819
[8967712][I][BLE] Manual enrichment window batch count=18 active=1 noData=21 budgetExhausted=0 timeHit=0
[8967712][I][STORAGE] RAMSpool worker resumed
[8967713][I][STORAGE] Exclusive window end kind=enrichment result=manual_batch_built reason=manual_enrich_window
[8967713][I][BLE] enrichment request queued count=18 bytes=180
[8967713][I][BLE] Requested enrichment batch count=18 queued=0
[8967727][I][BLE] worker stack free=7372B min=7372B
[8967727][I][BLE] enrichment send mtu=247 attPayload=244 bytes=180 count=18
[8967808][I][BLE] enrichment batch sent plain=180 sealed=202 count=18 writeOk=1
[8967950][I][BLE] enrichment rx chunk cipher=142 queued=0
[8968031][I][BLE] enrichment rx chunk cipher=142 queued=0
[8968112][I][BLE] enrichment rx chunk cipher=142 queued=0
[8968203][I][BLE] enrichment rx chunk cipher=142 queued=0
[8968264][I][BLE] enrichment rx chunk cipher=142 queued=0
[8968345][I][BLE] enrichment rx chunk cipher=142 queued=0
[8968426][I][BLE] enrichment rx chunk cipher=142 queued=0
[8968507][I][BLE] enrichment rx chunk cipher=28 queued=0
[8968508][I][BLE] enrich_xfer_perf count=18 sendMs=81 waitMs=699 rxBytes=846
[8968508][I][BLE] enrichment batch received count=18 bytes=846
[8968508][I][BLE] enrichment batch consumed count=18
[8968509][I][BLE] Enrich batch queued count=18 queueSize=1
[8968509][I][BLE] Enrichment batch received count=18 claimed=18 queued=1
[8968520][I][BLE] Enrich drain begin count=18 queueSize=1 ageMs=11
[8970767][I][STORAGE] Spool enrich_batch applied=18 failed=0 batchFirstEventId=41583 batchLastEventId=41600 firstRecord=42992 lastRecord=43009 ms=833
[8970768][I][BLE] enrich_perf count=18 applied=18 failed=0 deferred=0 storageMs=1521 pendingUpload=4472
[8970768][I][BLE] Enrich drain done applied=18 failed=0 deferred=0 queueSize=0
[8970769][I][BLE] Enrich torrent done drained=1 remaining=0 tookLease=0 preempt=0 elapsedMs=2250
[8970808][I][BLE] storage snapshot sent pendingUp=0/4472 pendingEnrich=0/2625 usedPct=28
[8970818][W][CORE] TaskHardware loop gap=2299ms owner=BLE_GPS pendingUpload=4472 maintPending=1 suppressed=4
[8970822][I][STORAGE] RAMSpool worker paused inflight=0 lastInflight=0
[8970823][I][STORAGE] Exclusive window begin kind=enrichment reason=manual_enrich_window workerPaused=1 displaySuspended=1
[8971085][I][STACK] TaskButtons watermark=1784B min=1784B
[8972700][I][STORAGE] Spool enrich_batch applied=14 failed=0 batchFirstEventId=41016 batchLastEventId=41029 firstRecord=43010 lastRecord=43023 ms=1070
[8972701][I][BLE] Manual enrichment window batch count=18 active=1 noData=14 budgetExhausted=0 timeHit=0
[8972701][I][STORAGE] RAMSpool worker resumed
[8972701][I][STORAGE] Exclusive window end kind=enrichment result=manual_batch_built reason=manual_enrich_window
[8972701][I][BLE] enrichment request queued count=18 bytes=180
[8972702][I][BLE] Requested enrichment batch count=18 queued=0
[8972716][I][BLE] enrichment send mtu=247 attPayload=244 bytes=180 count=18
[8972818][I][BLE] enrichment batch sent plain=180 sealed=202 count=18 writeOk=1
[8972956][I][BLE] enrichment rx chunk cipher=142 queued=0
[8973047][I][BLE] enrichment rx chunk cipher=142 queued=0
[8973128][I][BLE] enrichment rx chunk cipher=142 queued=0
[8973209][I][BLE] enrichment rx chunk cipher=142 queued=0
[8973270][I][BLE] enrichment rx chunk cipher=142 queued=0
[8973352][I][BLE] enrichment rx chunk cipher=142 queued=0
[8973453][I][BLE] enrichment rx chunk cipher=142 queued=0
[8973514][I][BLE] enrichment rx chunk cipher=28 queued=0
[8973515][I][BLE] enrich_xfer_perf count=18 sendMs=103 waitMs=696 rxBytes=846
[8973515][I][BLE] enrichment batch received count=18 bytes=846
[8973515][I][BLE] enrichment batch consumed count=18
[8973516][I][BLE] Enrich batch queued count=18 queueSize=1
[8973516][I][BLE] Enrichment batch received count=18 claimed=18 queued=1
[8973527][I][BLE] Enrich drain begin count=18 queueSize=1 ageMs=11

===== CMD: companion status =====
[8975491][I][STORAGE] Spool enrich_batch applied=18 failed=0 batchFirstEventId=41601 batchLastEventId=39140 firstRecord=43024 lastRecord=43041 ms=724
[8975492][I][BLE] enrich_perf count=18 applied=18 failed=0 deferred=0 storageMs=1277 pendingUpload=4472
[8975493][I][BLE] Enrich drain done applied=18 failed=0 deferred=0 queueSize=0
[8975493][I][BLE] Enrich torrent done drained=1 remaining=0 tookLease=0 preempt=0 elapsedMs=1966
companion status
[COMP] enabled=1
[COMP] external accessory=0 bleProxy=0 phoneConnected=0 phone=unknown rssi=0 ageMs=0
[COMP] wio link=idle sx1262=0 textInput=0
[COMP] phone=AVAILABLE work=ENRICHING
[COMP] bleBegun=1 bleRadio=1 bleState=SUBSCRIBED
[COMP] ready link=1 gps=1 freshGps=0 ctrl=1 enrich=1
[COMP] bleInitAgeMs=8950490 scanStartAgeMs=161077 disconnReason=0
[COMP] pendingEnrichMission=0 pendingEnrichNoise=2211 pendingEnrichTotal=2211
[COMP] hold manual=0 autoOffload=0 managerActive=0 prep=1 deadlineInMs=0 retryInMs=0
[COMP] lastProbeAgeMs=159612 lastEnrichAgeMs=179832
[COMP] radioOwner=ble_gps
[8975510][I][STORAGE] RAMSpool worker paused inflight=0 lastInflight=0
[8975510][I][STORAGE] Exclusive window begin kind=enrichment reason=manual_enrich_window workerPaused=1 displaySuspended=1
[8976902][I][STORAGE] Spool enrich_batch applied=13 failed=0 batchFirstEventId=41030 batchLastEventId=41042 firstRecord=43042 lastRecord=43054 ms=733
[8976903][I][BLE] Manual enrichment window batch count=18 active=1 noData=13 budgetExhausted=0 timeHit=0
[8976903][I][STORAGE] RAMSpool worker resumed
[8976904][I][STORAGE] Exclusive window end kind=enrichment result=manual_batch_built reason=manual_enrich_window
[8976904][I][BLE] enrichment request queued count=18 bytes=180
[8976904][I][BLE] Requested enrichment batch count=18 queued=0
[8976918][I][BLE] enrichment send mtu=247 attPayload=244 bytes=180 count=18
[8977003][I][BLE] enrichment batch sent plain=180 sealed=202 count=18 writeOk=1
[8977159][I][BLE] enrichment rx chunk cipher=142 queued=0
[8977220][I][BLE] enrichment rx chunk cipher=142 queued=0
[8977301][I][BLE] enrichment rx chunk cipher=142 queued=0
[8977382][I][BLE] enrichment rx chunk cipher=142 queued=0
[8977463][I][BLE] enrichment rx chunk cipher=142 queued=0
[8977544][I][BLE] enrichment rx chunk cipher=142 queued=0
[8977605][I][BLE] enrichment rx chunk cipher=142 queued=0
[8977687][I][BLE] enrichment rx chunk cipher=28 queued=0
[8977688][I][BLE] enrich_xfer_perf count=18 sendMs=86 waitMs=685 rxBytes=846
[8977688][I][BLE] enrichment batch received count=18 bytes=846
[8977688][I][BLE] enrichment batch consumed count=18
[8977689][I][BLE] Enrich batch queued count=18 queueSize=1
[8977689][I][BLE] Enrichment batch received count=18 claimed=18 queued=1
[8977700][I][BLE] Enrich drain begin count=18 queueSize=1 ageMs=11
[8979767][I][STORAGE] Spool enrich_batch applied=18 failed=0 batchFirstEventId=41614 batchLastEventId=41624 firstRecord=43055 lastRecord=43072 ms=759
[8979768][I][BLE] enrich_perf count=18 applied=18 failed=0 deferred=0 storageMs=1342 pendingUpload=4472
[8979768][I][BLE] Enrich drain done applied=18 failed=0 deferred=0 queueSize=0
[8979769][I][BLE] Enrich torrent done drained=1 remaining=0 tookLease=0 preempt=0 elapsedMs=2069
[8979783][I][STORAGE] RAMSpool worker paused inflight=0 lastInflight=0
[8979783][I][STORAGE] Exclusive window begin kind=enrichment reason=manual_enrich_window workerPaused=1 displaySuspended=1
[8981256][I][STORAGE] Spool enrich_batch applied=10 failed=0 batchFirstEventId=41043 batchLastEventId=41052 firstRecord=43073 lastRecord=43082 ms=780
[8981257][I][BLE] Manual enrichment window batch count=18 active=1 noData=10 budgetExhausted=0 timeHit=0
[8981257][I][STORAGE] RAMSpool worker resumed
[8981257][I][STORAGE] Exclusive window end kind=enrichment result=manual_batch_built reason=manual_enrich_window
[8981258][I][BLE] enrichment request queued count=18 bytes=180
[8981258][I][BLE] Requested enrichment batch count=18 queued=0
[8981268][W][CORE] TaskHardware loop gap=1489ms owner=BLE_GPS pendingUpload=4472 maintPending=1 suppressed=4
[8981272][I][BLE] enrichment send mtu=247 attPayload=244 bytes=180 count=18
[8981353][I][BLE] enrichment batch sent plain=180 sealed=202 count=18 writeOk=1
[8981494][I][BLE] enrichment rx chunk cipher=142 queued=0
[8981565][I][BLE] enrichment rx chunk cipher=142 queued=0
[8981647][I][BLE] enrichment rx chunk cipher=142 queued=0
[8981748][I][BLE] enrichment rx chunk cipher=142 queued=0
[8981819][I][BLE] enrichment rx chunk cipher=142 queued=0
[8981880][I][BLE] enrichment rx chunk cipher=142 queued=0
[8981971][I][BLE] enrichment rx chunk cipher=142 queued=0
[8982062][I][BLE] enrichment rx chunk cipher=28 queued=0
[8982063][I][BLE] enrich_xfer_perf count=18 sendMs=81 waitMs=709 rxBytes=846
[8982063][I][BLE] enrichment batch received count=18 bytes=846
[8982063][I][BLE] enrichment batch consumed count=18
[8982063][I][BLE] Enrich batch queued count=18 queueSize=1
[8982064][I][BLE] Enrichment batch received count=18 claimed=18 queued=1
[8982075][I][BLE] Enrich drain begin count=18 queueSize=1 ageMs=12
[8984481][I][STORAGE] Spool enrich_batch applied=18 failed=0 batchFirstEventId=39148 batchLastEventId=39157 firstRecord=43083 lastRecord=43100 ms=1033
[8984482][I][BLE] enrich_perf count=18 applied=18 failed=0 deferred=0 storageMs=1645 pendingUpload=4472
[8984483][I][BLE] Enrich drain done applied=18 failed=0 deferred=0 queueSize=0
[8984483][I][BLE] Enrich torrent done drained=1 remaining=0 tookLease=0 preempt=0 elapsedMs=2409
[8984497][I][STORAGE] RAMSpool worker paused inflight=0 lastInflight=0
[8984497][I][STORAGE] Exclusive window begin kind=enrichment reason=manual_enrich_window workerPaused=1 displaySuspended=1
[8986078][I][STORAGE] Spool enrich_batch applied=6 failed=0 batchFirstEventId=41053 batchLastEventId=41058 firstRecord=43101 lastRecord=43106 ms=839
[8986079][I][BLE] Manual enrichment window batch count=18 active=1 noData=6 budgetExhausted=0 timeHit=0
[8986079][I][STORAGE] RAMSpool worker resumed
[8986079][I][STORAGE] Exclusive window end kind=enrichment result=manual_batch_built reason=manual_enrich_window
[8986080][I][BLE] enrichment request queued count=18 bytes=180
[8986080][I][BLE] Requested enrichment batch count=18 queued=0
[8986094][I][BLE] enrichment send mtu=247 attPayload=244 bytes=180 count=18
[8986183][I][BLE] storage snapshot sent pendingUp=0/4472 pendingEnrich=0/2625 usedPct=28
[8986213][I][BLE] enrichment batch sent plain=180 sealed=202 count=18 writeOk=1
[8986355][I][BLE] enrichment rx chunk cipher=142 queued=0
[8986426][I][BLE] enrichment rx chunk cipher=142 queued=0
[8986507][I][BLE] enrichment rx chunk cipher=142 queued=0
[8986608][I][BLE] enrichment rx chunk cipher=142 queued=0
[8986669][I][BLE] enrichment rx chunk cipher=142 queued=0
[8986750][I][BLE] enrichment rx chunk cipher=142 queued=0
[8986831][I][BLE] enrichment rx chunk cipher=142 queued=0
[8986892][I][BLE] enrichment rx chunk cipher=28 queued=0
[8986893][I][BLE] enrich_xfer_perf count=18 sendMs=120 waitMs=679 rxBytes=846
[8986893][I][BLE] enrichment batch received count=18 bytes=846
[8986893][I][BLE] enrichment batch consumed count=18
[8986894][I][BLE] Enrich batch queued count=18 queueSize=1
[8986894][I][BLE] Enrichment batch received count=18 claimed=18 queued=1
[8986905][I][BLE] Enrich drain begin count=18 queueSize=1 ageMs=12
[8989260][I][STORAGE] Spool enrich_batch applied=18 failed=0 batchFirstEventId=41633 batchLastEventId=41642 firstRecord=43107 lastRecord=43124 ms=878
[8989402][I][BLE] enrich_perf count=18 applied=18 failed=0 deferred=0 storageMs=1675 pendingUpload=4472
[8989403][I][BLE] Enrich drain done applied=18 failed=0 deferred=0 queueSize=0
[8989403][I][BLE] Enrich torrent done drained=1 remaining=0 tookLease=0 preempt=0 elapsedMs=2499
[8989417][I][STORAGE] RAMSpool worker paused inflight=0 lastInflight=0
[8989417][I][STORAGE] Exclusive window begin kind=enrichment reason=manual_enrich_window workerPaused=1 displaySuspended=1
[8991081][I][STORAGE] Spool enrich_batch applied=9 failed=0 batchFirstEventId=41059 batchLastEventId=41067 firstRecord=43125 lastRecord=43133 ms=887
[8991082][I][BLE] Manual enrichment window batch count=18 active=1 noData=9 budgetExhausted=0 timeHit=0
[8991082][I][STORAGE] RAMSpool worker resumed
[8991082][I][STORAGE] Exclusive window end kind=enrichment result=manual_batch_built reason=manual_enrich_window
[8991082][I][BLE] enrichment request queued count=18 bytes=180
[8991083][I][BLE] Requested enrichment batch count=18 queued=0
[8991097][I][BLE] enrichment send mtu=247 attPayload=244 bytes=180 count=18
[8991193][I][BLE] enrichment batch sent plain=180 sealed=202 count=18 writeOk=1
[8991348][I][BLE] enrichment rx chunk cipher=142 queued=0
[8991419][I][BLE] enrichment rx chunk cipher=142 queued=0
[8991500][I][BLE] enrichment rx chunk cipher=142 queued=0
[8991581][I][BLE] enrichment rx chunk cipher=142 queued=0
[8991662][I][BLE] enrichment rx chunk cipher=142 queued=0
[8991723][I][BLE] enrichment rx chunk cipher=142 queued=0
[8991824][I][BLE] enrichment rx chunk cipher=142 queued=0
[8991885][I][BLE] enrichment rx chunk cipher=28 queued=0
[8991886][I][BLE] enrich_xfer_perf count=18 sendMs=97 waitMs=692 rxBytes=846
[8991886][I][BLE] enrichment batch received count=18 bytes=846
[8991886][I][BLE] enrichment batch consumed count=18
[8991887][I][BLE] Enrich batch queued count=18 queueSize=1
[8991887][I][BLE] Enrichment batch received count=18 claimed=18 queued=1
[8991898][I][BLE] Enrich drain begin count=18 queueSize=1 ageMs=11

===== CMD: companion status =====
[8994351][I][STORAGE] Spool enrich_batch applied=18 failed=0 batchFirstEventId=41643 batchLastEventId=41652 firstRecord=43134 lastRecord=43151 ms=908
[8994352][I][BLE] enrich_perf count=18 applied=18 failed=0 deferred=0 storageMs=1595 pendingUpload=4472
[8994352][I][BLE] Enrich drain done applied=18 failed=0 deferred=0 queueSize=0
[8994352][I][BLE] Enrich torrent done drained=1 remaining=0 tookLease=0 preempt=0 elapsedMs=2454
[8994353][I][STACK] TaskHardware watermark=7888B min=7888B
[8994358][I][HEAP] heap free=3858KB min=3791KB largest=3776KB frag=2% internalFree=41KB internalLargest=11KB psramFree=3818KB core=83/66% owner=BLE_GPS nets=9 pendingUpload=? pendingEnrich=2625
[HEALTH] time=2026-08-16 14:43:04 src=gps
[HEALTH] heap used=4594/8452KB free=3858KB min=3791KB largest=3776KB frag=2%
[HEALTH] internal used=220/260KB free=41KB min=0KB largest=11KB
[HEALTH] psram used=4374/8192KB free=3818KB largest=3776KB
[HEALTH] stack free_min: core0=8KB/18KB core1=5KB/10KB
[HEALTH] loopTask free_min=3080B/5120B
[HEALTH] core usage: core0=83% core1=66%
[HEALTH] power=usb state=usb batt=100% 4717mV trend=7mV/min runtime=0min cap=1100mAh charging=1
[HEALTH] radio=BLE_GPS wifi=0 ble=1 gps=0 nets=9 pendingUpload=? pendingEnrich=2625
[HEALTH] subghz=NONE mode=OFF pkts=0 nodes=0
[8994361][I][STACK] TaskStorage watermark=1896B
[8994361][I][STORAGE] RAMSpool enq=553 cons=553 inflight=0/1024 high=2 pressure=0 drop[full=0 big=0 noise=0 p3Evict=0 p3Drop=0 p2Drop=0 p1Fail=0] free=1024
[8994362][I][STORAGE] RAMSpool enqueue probe[ok=521 drop=0] device[ok=32 drop=0]
[8994362][I][STORAGE] RAMSpool worker probe[ok=521 sup=0 drop=0 fail=0 slow=0] device[ok=31 sup=1 drop=0 fail=0 slow=0] slowTotal=0 maxMs=0
[8994362][I][STORAGE] RAMSpool prioEnq p0=0 p1=0 p2=553 p3=0
[8994362][I][STORAGE] RAMSpool lanes p1=0/0 p2=0/1 p3=0/0
[8994372][W][CORE] TaskHardware loop gap=2475ms owner=BLE_GPS pendingUpload=4472 maintPending=1 suppressed=4
companion status
[COMP] enabled=1
[COMP] external accessory=0 bleProxy=0 phoneConnected=0 phone=unknown rssi=0 ageMs=0
[COMP] wio link=idle sx1262=0 textInput=0
[COMP] phone=AVAILABLE work=ENRICHING
[COMP] bleBegun=1 bleRadio=1 bleState=SUBSCRIBED
[COMP] ready link=1 gps=1 freshGps=0 ctrl=1 enrich=1
[COMP] bleInitAgeMs=8969360 scanStartAgeMs=179947 disconnReason=0
[COMP] pendingEnrichMission=0 pendingEnrichNoise=2139 pendingEnrichTotal=2139
[COMP] hold manual=0 autoOffload=0 managerActive=0 prep=1 deadlineInMs=0 retryInMs=0
[COMP] lastProbeAgeMs=177983 lastEnrichAgeMs=198203
[COMP] radioOwner=ble_gps
[8994379][I][STORAGE] RAMSpool worker paused inflight=0 lastInflight=0
[8994380][I][STORAGE] Exclusive window begin kind=enrichment reason=manual_enrich_window workerPaused=1 displaySuspended=1
[8996335][I][STORAGE] Spool enrich_batch applied=8 failed=0 batchFirstEventId=41068 batchLastEventId=41075 firstRecord=43152 lastRecord=43159 ms=1143
[8996336][I][BLE] Manual enrichment window batch count=18 active=1 noData=8 budgetExhausted=0 timeHit=0
[8996336][I][STORAGE] RAMSpool worker resumed
[8996336][I][STORAGE] Exclusive window end kind=enrichment result=manual_batch_built reason=manual_enrich_window
[8996337][I][BLE] enrichment request queued count=18 bytes=180
[8996337][I][BLE] Requested enrichment batch count=18 queued=0
[8996351][I][BLE] enrichment send mtu=247 attPayload=244 bytes=180 count=18
[8996458][I][BLE] enrichment batch sent plain=180 sealed=202 count=18 writeOk=1
[8996581][I][BLE] enrichment rx chunk cipher=142 queued=0
[8996642][I][BLE] enrichment rx chunk cipher=142 queued=0
[8996763][I][BLE] enrichment rx chunk cipher=142 queued=0
[8996824][I][BLE] enrichment rx chunk cipher=142 queued=0
[8996925][I][BLE] enrichment rx chunk cipher=142 queued=0
[8996986][I][BLE] enrichment rx chunk cipher=142 queued=0
[8997077][I][BLE] enrichment rx chunk cipher=142 queued=0
[8997138][I][BLE] enrichment rx chunk cipher=28 queued=0
[8997139][I][BLE] enrich_xfer_perf count=18 sendMs=108 waitMs=680 rxBytes=846
[8997139][I][BLE] enrichment batch received count=18 bytes=846
[8997139][I][BLE] enrichment batch consumed count=18
[8997140][I][BLE] Enrich batch queued count=18 queueSize=1
[8997140][I][BLE] Enrichment batch received count=18 claimed=18 queued=1
[8997151][I][BLE] Enrich drain begin count=18 queueSize=1 ageMs=12
[8999201][I][STORAGE] Spool enrich_batch applied=18 failed=0 batchFirstEventId=41653 batchLastEventId=41660 firstRecord=43160 lastRecord=43177 ms=794
[8999201][I][BLE] enrich_perf count=18 applied=18 failed=0 deferred=0 storageMs=1349 pendingUpload=4472
[8999202][I][BLE] Enrich drain done applied=18 failed=0 deferred=0 queueSize=0
[8999202][I][BLE] Enrich torrent done drained=1 remaining=0 tookLease=0 preempt=0 elapsedMs=2052
[8999216][I][BLE] worker stack free=7372B min=7372B
[8999217][I][STORAGE] RAMSpool worker paused inflight=0 lastInflight=0
[8999217][I][STORAGE] Exclusive window begin kind=enrichment reason=manual_enrich_window workerPaused=1 displaySuspended=1
[9000693][I][STORAGE] Spool enrich_batch applied=9 failed=0 batchFirstEventId=41076 batchLastEventId=41084 firstRecord=43178 lastRecord=43186 ms=805
[9000694][I][BLE] Manual enrichment window batch count=18 active=1 noData=9 budgetExhausted=0 timeHit=0
[9000694][I][STORAGE] RAMSpool worker resumed
[9000695][I][STORAGE] Exclusive window end kind=enrichment result=manual_batch_built reason=manual_enrich_window
[9000695][I][BLE] enrichment request queued count=18 bytes=180
[9000695][I][BLE] Requested enrichment batch count=18 queued=0
[9000709][I][BLE] enrichment send mtu=247 attPayload=244 bytes=180 count=18
[9000793][I][BLE] enrichment batch sent plain=180 sealed=202 count=18 writeOk=1
[9000931][I][BLE] enrichment rx chunk cipher=142 queued=0
[9001022][I][BLE] enrichment rx chunk cipher=142 queued=0
[9001086][I][STACK] TaskButtons watermark=1784B min=1784B
[9001103][I][BLE] enrichment rx chunk cipher=142 queued=0
[9001138][I][BLE] storage snapshot sent pendingUp=0/4472 pendingEnrich=0/2625 usedPct=28
[9001199][I][BLE] enrichment rx chunk cipher=142 queued=0
[9001260][I][BLE] enrichment rx chunk cipher=142 queued=0
[9001361][I][BLE] enrichment rx chunk cipher=142 queued=0
[9001422][I][BLE] enrichment rx chunk cipher=142 queued=0
[9001493][I][BLE] enrichment rx chunk cipher=28 queued=0
[9001494][I][BLE] enrich_xfer_perf count=18 sendMs=85 waitMs=700 rxBytes=846
[9001494][I][BLE] enrichment batch received count=18 bytes=846
[9001494][I][BLE] enrichment batch consumed count=18
[9001494][I][BLE] Enrich batch queued count=18 queueSize=1
[9001495][I][BLE] Enrichment batch received count=18 claimed=18 queued=1
[9001506][I][BLE] Enrich drain begin count=18 queueSize=1 ageMs=12
[9003663][I][STORAGE] Spool enrich_batch applied=18 failed=0 batchFirstEventId=41661 batchLastEventId=39192 firstRecord=43187 lastRecord=43204 ms=833
[9003663][I][BLE] enrich_perf count=18 applied=18 failed=0 deferred=0 storageMs=1418 pendingUpload=4472
[9003664][I][BLE] Enrich drain done applied=18 failed=0 deferred=0 queueSize=0
[9003664][I][BLE] Enrich torrent done drained=1 remaining=0 tookLease=0 preempt=0 elapsedMs=2158
[9003678][I][STORAGE] RAMSpool worker paused inflight=0 lastInflight=0
[9003678][I][STORAGE] Exclusive window begin kind=enrichment reason=manual_enrich_window workerPaused=1 displaySuspended=1
[9005234][I][STORAGE] Spool enrich_batch applied=10 failed=0 batchFirstEventId=41085 batchLastEventId=41094 firstRecord=43205 lastRecord=43214 ms=851
[9005235][I][BLE] Manual enrichment window batch count=18 active=1 noData=10 budgetExhausted=0 timeHit=0
[9005235][I][STORAGE] RAMSpool worker resumed
[9005235][I][STORAGE] Exclusive window end kind=enrichment result=manual_batch_built reason=manual_enrich_window
[9005235][I][BLE] enrichment request queued count=18 bytes=180
[9005236][I][BLE] Requested enrichment batch count=18 queued=0
[9005246][W][CORE] TaskHardware loop gap=1572ms owner=BLE_GPS pendingUpload=4472 maintPending=1 suppressed=4
[9005250][I][BLE] enrichment send mtu=247 attPayload=244 bytes=180 count=18
[9005338][I][BLE] enrichment batch sent plain=180 sealed=202 count=18 writeOk=1
[9005471][I][BLE] enrichment rx chunk cipher=142 queued=0
[9005552][I][BLE] enrichment rx chunk cipher=142 queued=0
[9005633][I][BLE] enrichment rx chunk cipher=142 queued=0
[9005714][I][BLE] enrichment rx chunk cipher=142 queued=0
[9005775][I][BLE] enrichment rx chunk cipher=142 queued=0
[9005877][I][BLE] enrichment rx chunk cipher=142 queued=0
[9005968][I][BLE] enrichment rx chunk cipher=142 queued=0
[9006029][I][BLE] enrichment rx chunk cipher=28 queued=0
[9006030][I][BLE] enrich_xfer_perf count=18 sendMs=88 waitMs=692 rxBytes=846
[9006030][I][BLE] enrichment batch received count=18 bytes=846
[9006031][I][BLE] enrichment batch consumed count=18
[9006031][I][BLE] Enrich batch queued count=18 queueSize=1
[9006031][I][BLE] Enrichment batch received count=18 claimed=18 queued=1
[9006042][I][BLE] Enrich drain begin count=18 queueSize=1 ageMs=11
[9008496][I][STORAGE] Spool enrich_batch applied=18 failed=0 batchFirstEventId=41670 batchLastEventId=39201 firstRecord=43215 lastRecord=43232 ms=1064
[9008497][I][BLE] enrich_perf count=18 applied=18 failed=0 deferred=0 storageMs=1678 pendingUpload=4472
[9008498][I][BLE] Enrich drain done applied=18 failed=0 deferred=0 queueSize=0
[9008498][I][BLE] Enrich torrent done drained=1 remaining=0 tookLease=0 preempt=0 elapsedMs=2456
[9008512][I][STORAGE] RAMSpool worker paused inflight=0 lastInflight=0
[9008512][I][STORAGE] Exclusive window begin kind=enrichment reason=manual_enrich_window workerPaused=1 displaySuspended=1
[9010189][I][STORAGE] Spool enrich_batch applied=5 failed=0 batchFirstEventId=41095 batchLastEventId=41099 firstRecord=43233 lastRecord=43237 ms=922
[9010190][I][BLE] Manual enrichment window batch count=18 active=1 noData=5 budgetExhausted=0 timeHit=0
[9010190][I][STORAGE] RAMSpool worker resumed
[9010190][I][STORAGE] Exclusive window end kind=enrichment result=manual_batch_built reason=manual_enrich_window
[9010191][I][BLE] enrichment request queued count=18 bytes=180
[9010191][I][BLE] Requested enrichment batch count=18 queued=0
[9010205][I][BLE] enrichment send mtu=247 attPayload=244 bytes=180 count=18
[9010243][I][BLE] enrichment batch sent plain=180 sealed=202 count=18 writeOk=1
[9010407][I][BLE] enrichment rx chunk cipher=142 queued=0
[9010458][I][BLE] enrichment rx chunk cipher=142 queued=0
[9010549][I][BLE] enrichment rx chunk cipher=142 queued=0
[9010630][I][BLE] enrichment rx chunk cipher=142 queued=0
[9010711][I][BLE] enrichment rx chunk cipher=142 queued=0
[9010772][I][BLE] enrichment rx chunk cipher=142 queued=0
[9010863][I][BLE] enrichment rx chunk cipher=142 queued=0
[9010944][I][BLE] enrichment rx chunk cipher=28 queued=0
[9010945][I][BLE] enrich_xfer_perf count=18 sendMs=39 waitMs=701 rxBytes=846
[9010945][I][BLE] enrichment batch received count=18 bytes=846
[9010945][I][BLE] enrichment batch consumed count=18
[9010946][I][BLE] Enrich batch queued count=18 queueSize=1
[9010946][I][BLE] Enrichment batch received count=18 claimed=18 queued=1
[9010957][I][BLE] Enrich drain begin count=18 queueSize=1 ageMs=12
[9013492][I][STORAGE] Spool enrich_batch applied=18 failed=0 batchFirstEventId=39202 batchLastEventId=41688 firstRecord=43238 lastRecord=43255 ms=947
[9013493][I][BLE] enrich_perf count=18 applied=18 failed=0 deferred=0 storageMs=1606 pendingUpload=4472
[9013493][I][BLE] Enrich drain done applied=18 failed=0 deferred=0 queueSize=0
[9013494][I][BLE] Enrich torrent done drained=1 remaining=0 tookLease=0 preempt=0 elapsedMs=2537
[9013508][I][STORAGE] RAMSpool worker paused inflight=0 lastInflight=0
[9013508][I][STORAGE] Exclusive window begin kind=enrichment reason=manual_enrich_window workerPaused=1 displaySuspended=1

===== CMD: companion status =====
[9015247][I][STORAGE] Spool enrich_batch applied=5 failed=0 batchFirstEventId=41100 batchLastEventId=41104 firstRecord=43256 lastRecord=43260 ms=950
[9015247][I][BLE] Manual enrichment window batch count=18 active=1 noData=5 budgetExhausted=0 timeHit=0
[9015248][I][STORAGE] RAMSpool worker resumed
[9015248][I][STORAGE] Exclusive window end kind=enrichment result=manual_batch_built reason=manual_enrich_window
[9015248][I][BLE] enrichment request queued count=18 bytes=180
[9015249][I][BLE] Requested enrichment batch count=18 queued=0
[9015259][W][CORE] TaskHardware loop gap=1755ms owner=BLE_GPS pendingUpload=4472 maintPending=1 suppressed=3
companion status
[COMP] enabled=1
[COMP] external accessory=0 bleProxy=0 phoneConnected=0 phone=unknown rssi=0 ageMs=0
[COMP] wio link=idle sx1262=0 textInput=0
[COMP] phone=AVAILABLE work=ENRICHING
[COMP] bleBegun=1 bleRadio=1 bleState=SUBSCRIBED
[COMP] ready link=1 gps=1 freshGps=0 ctrl=1 enrich=1
[COMP] bleInitAgeMs=8990247 scanStartAgeMs=200834 disconnReason=0
[COMP] pendingEnrichMission=0 pendingEnrichNoise=2049 pendingEnrichTotal=2049
[COMP] hold manual=0 autoOffload=0 managerActive=0 prep=1 deadlineInMs=0 retryInMs=0
[COMP] lastProbeAgeMs=199593 lastEnrichAgeMs=219813
[COMP] radioOwner=ble_gps
[9015267][I][BLE] enrichment send mtu=247 attPayload=244 bytes=180 count=18
[9015358][I][BLE] enrichment batch sent plain=180 sealed=202 count=18 writeOk=1
[9015509][I][BLE] enrichment rx chunk cipher=142 queued=0
[9015570][I][BLE] enrichment rx chunk cipher=142 queued=0
[9015661][I][BLE] enrichment rx chunk cipher=142 queued=0
[9015742][I][BLE] enrichment rx chunk cipher=142 queued=0
[9015813][I][BLE] enrichment rx chunk cipher=142 queued=0
[9015894][I][BLE] enrichment rx chunk cipher=142 queued=0
[9015975][I][BLE] enrichment rx chunk cipher=142 queued=0
[9016066][I][BLE] enrichment rx chunk cipher=28 queued=0
[9016067][I][BLE] enrich_xfer_perf count=18 sendMs=92 waitMs=708 rxBytes=846
[9016067][I][BLE] enrichment batch received count=18 bytes=846
[9016067][I][BLE] enrichment batch consumed count=18
[9016068][I][BLE] Enrich batch queued count=18 queueSize=1
[9016068][I][BLE] Enrichment batch received count=18 claimed=18 queued=1
[9016079][I][BLE] Enrich drain begin count=18 queueSize=1 ageMs=12
[9018601][I][STORAGE] Spool enrich_batch applied=18 failed=0 batchFirstEventId=41689 batchLastEventId=41701 firstRecord=43261 lastRecord=43278 ms=982
[9018602][I][BLE] enrich_perf count=18 applied=18 failed=0 deferred=0 storageMs=1671 pendingUpload=4472
[9018603][I][BLE] Enrich drain done applied=18 failed=0 deferred=0 queueSize=0
[9018603][I][BLE] Enrich torrent done drained=1 remaining=0 tookLease=0 preempt=0 elapsedMs=2524
[9018688][I][BLE] storage snapshot sent pendingUp=0/4472 pendingEnrich=0/2625 usedPct=28
[9018702][I][STORAGE] RAMSpool worker paused inflight=0 lastInflight=0
[9018702][I][STORAGE] Exclusive window begin kind=enrichment reason=manual_enrich_window workerPaused=1 displaySuspended=1
[9020746][I][STORAGE] Spool enrich_batch applied=9 failed=0 batchFirstEventId=41105 batchLastEventId=41113 firstRecord=43279 lastRecord=43287 ms=1220
[9020747][I][BLE] Manual enrichment window batch count=18 active=1 noData=9 budgetExhausted=0 timeHit=0
[9020747][I][STORAGE] RAMSpool worker resumed
[9020747][I][STORAGE] Exclusive window end kind=enrichment result=manual_batch_built reason=manual_enrich_window
[9020748][I][BLE] enrichment request queued count=18 bytes=180
[9020748][I][BLE] Requested enrichment batch count=18 queued=0
[9020762][I][BLE] enrichment send mtu=247 attPayload=244 bytes=180 count=18
[9020848][I][BLE] enrichment batch sent plain=180 sealed=202 count=18 writeOk=1
[9021003][I][BLE] enrichment rx chunk cipher=142 queued=0
[9021084][I][BLE] enrichment rx chunk cipher=142 queued=0
[9021135][I][BLE] enrichment rx chunk cipher=142 queued=0
[9021217][I][BLE] enrichment rx chunk cipher=142 queued=0
[9021318][I][BLE] enrichment rx chunk cipher=142 queued=0
[9021379][I][BLE] enrichment rx chunk cipher=142 queued=0
[9021460][I][BLE] enrichment rx chunk cipher=142 queued=0
[9021541][I][BLE] enrichment rx chunk cipher=28 queued=0
[9021542][I][BLE] enrich_xfer_perf count=18 sendMs=87 waitMs=693 rxBytes=846
[9021542][I][BLE] enrichment batch received count=18 bytes=846
[9021542][I][BLE] enrichment batch consumed count=18
[9021543][I][BLE] Enrich batch queued count=18 queueSize=1
[9021543][I][BLE] Enrichment batch received count=18 claimed=18 queued=1
[9021554][I][BLE] Enrich drain begin count=18 queueSize=1 ageMs=12
[9023653][I][STORAGE] Spool enrich_batch applied=18 failed=0 batchFirstEventId=39215 batchLastEventId=41710 firstRecord=43288 lastRecord=43305 ms=862
[9023653][I][BLE] enrich_perf count=18 applied=18 failed=0 deferred=0 storageMs=1415 pendingUpload=4472
[9023654][I][BLE] Enrich drain done applied=18 failed=0 deferred=0 queueSize=0
[9023654][I][BLE] Enrich torrent done drained=1 remaining=0 tookLease=0 preempt=0 elapsedMs=2101
[9023668][I][STORAGE] RAMSpool worker paused inflight=0 lastInflight=0
[9023668][I][STORAGE] Exclusive window begin kind=enrichment reason=manual_enrich_window workerPaused=1 displaySuspended=1
[9025226][I][STORAGE] Spool enrich_batch applied=4 failed=0 batchFirstEventId=41114 batchLastEventId=41117 firstRecord=43306 lastRecord=43309 ms=885
[9025227][I][BLE] Manual enrichment window batch count=18 active=1 noData=4 budgetExhausted=0 timeHit=0
[9025227][I][STORAGE] RAMSpool worker resumed
[9025227][I][STORAGE] Exclusive window end kind=enrichment result=manual_batch_built reason=manual_enrich_window
[9025227][I][BLE] enrichment request queued count=18 bytes=180
[9025228][I][BLE] Requested enrichment batch count=18 queued=0
[9025229][I][STACK] TaskHardware watermark=7888B min=7888B
[9025233][I][HEAP] heap free=3858KB min=3791KB largest=3776KB frag=2% internalFree=41KB internalLargest=11KB psramFree=3818KB core=84/67% owner=BLE_GPS nets=9 pendingUpload=? pendingEnrich=2625
[HEALTH] time=2026-08-16 14:43:37 src=gps
[HEALTH] heap used=4594/8452KB free=3858KB min=3791KB largest=3776KB frag=2%
[HEALTH] internal used=220/260KB free=41KB min=0KB largest=11KB
[HEALTH] psram used=4374/8192KB free=3818KB largest=3776KB
[HEALTH] stack free_min: core0=8KB/18KB core1=5KB/10KB
[HEALTH] loopTask free_min=3080B/5120B
[HEALTH] core usage: core0=84% core1=67%
[HEALTH] power=usb state=usb batt=100% 4706mV trend=6mV/min runtime=0min cap=1100mAh charging=1
[HEALTH] radio=BLE_GPS wifi=0 ble=1 gps=0 nets=9 pendingUpload=? pendingEnrich=2625
[HEALTH] subghz=NONE mode=OFF pkts=0 nodes=0
[9025236][I][STACK] TaskStorage watermark=1896B
[9025236][I][STORAGE] RAMSpool enq=553 cons=553 inflight=0/1024 high=2 pressure=0 drop[full=0 big=0 noise=0 p3Evict=0 p3Drop=0 p2Drop=0 p1Fail=0] free=1024
[9025237][I][STORAGE] RAMSpool enqueue probe[ok=521 drop=0] device[ok=32 drop=0]
[9025237][I][STORAGE] RAMSpool worker probe[ok=521 sup=0 drop=0 fail=0 slow=0] device[ok=31 sup=1 drop=0 fail=0 slow=0] slowTotal=0 maxMs=0
[9025237][I][STORAGE] RAMSpool prioEnq p0=0 p1=0 p2=553 p3=0
[9025238][I][STORAGE] RAMSpool lanes p1=0/0 p2=0/1 p3=0/0
[9025348][I][BLE] enrichment send mtu=247 attPayload=244 bytes=180 count=18
[9025438][I][BLE] enrichment batch sent plain=180 sealed=202 count=18 writeOk=1
[9025560][I][BLE] enrichment rx chunk cipher=142 queued=0
[9025662][I][BLE] enrichment rx chunk cipher=142 queued=0
[9025733][I][BLE] enrichment rx chunk cipher=142 queued=0
[9025814][I][BLE] enrichment rx chunk cipher=142 queued=0
[9025875][I][BLE] enrichment rx chunk cipher=142 queued=0
[9025977][I][BLE] enrichment rx chunk cipher=142 queued=0
[9026059][I][BLE] enrichment rx chunk cipher=142 queued=0
[9026120][I][BLE] enrichment rx chunk cipher=28 queued=0
[9026121][I][BLE] enrich_xfer_perf count=18 sendMs=90 waitMs=682 rxBytes=846
[9026121][I][BLE] enrichment batch received count=18 bytes=846
[9026121][I][BLE] enrichment batch consumed count=18
[9026122][I][BLE] Enrich batch queued count=18 queueSize=1
[9026122][I][BLE] Enrichment batch received count=18 claimed=18 queued=1
[9026133][I][BLE] Enrich drain begin count=18 queueSize=1 ageMs=11
[9028355][I][STORAGE] Spool enrich_batch applied=18 failed=0 batchFirstEventId=39224 batchLastEventId=41719 firstRecord=43310 lastRecord=43327 ms=914
[9028355][I][BLE] enrich_perf count=18 applied=18 failed=0 deferred=0 storageMs=1498 pendingUpload=4472
[9028356][I][BLE] Enrich drain done applied=18 failed=0 deferred=0 queueSize=0
[9028356][I][BLE] Enrich torrent done drained=1 remaining=0 tookLease=0 preempt=0 elapsedMs=2223
[9028366][W][CORE] TaskHardware loop gap=2234ms owner=BLE_GPS pendingUpload=4472 maintPending=1 suppressed=4
[9028370][I][STORAGE] RAMSpool worker paused inflight=0 lastInflight=0
[9028371][I][STORAGE] Exclusive window begin kind=enrichment reason=manual_enrich_window workerPaused=1 displaySuspended=1
[9030090][I][STORAGE] Spool enrich_batch applied=9 failed=0 batchFirstEventId=41118 batchLastEventId=41126 firstRecord=43328 lastRecord=43336 ms=928
[9030091][I][BLE] Manual enrichment window batch count=18 active=1 noData=9 budgetExhausted=0 timeHit=0
[9030091][I][STORAGE] RAMSpool worker resumed
[9030092][I][STORAGE] Exclusive window end kind=enrichment result=manual_batch_built reason=manual_enrich_window
[9030092][I][BLE] enrichment request queued count=18 bytes=180
[9030092][I][BLE] Requested enrichment batch count=18 queued=0
[9030106][I][BLE] worker stack free=7372B min=7372B
[9030106][I][BLE] enrichment send mtu=247 attPayload=244 bytes=180 count=18
[9030148][I][BLE] enrichment batch sent plain=180 sealed=202 count=18 writeOk=1
[9030288][I][BLE] enrichment rx chunk cipher=142 queued=0
[9030379][I][BLE] enrichment rx chunk cipher=142 queued=0
[9030440][I][BLE] enrichment rx chunk cipher=142 queued=0
[9030521][I][BLE] enrichment rx chunk cipher=142 queued=0
[9030602][I][BLE] enrichment rx chunk cipher=142 queued=0
[9030683][I][BLE] enrichment rx chunk cipher=142 queued=0
[9030754][I][BLE] enrichment rx chunk cipher=142 queued=0
[9030835][I][BLE] enrichment rx chunk cipher=28 queued=0
[9030836][I][BLE] enrich_xfer_perf count=18 sendMs=42 waitMs=687 rxBytes=846
[9030836][I][BLE] enrichment batch received count=18 bytes=846
[9030836][I][BLE] enrichment batch consumed count=18
[9030837][I][BLE] Enrich batch queued count=18 queueSize=1
[9030837][I][BLE] Enrichment batch received count=18 claimed=18 queued=1
[9030848][I][BLE] Enrich drain begin count=18 queueSize=1 ageMs=11
[9031086][I][STACK] TaskButtons watermark=1784B min=1784B
[9033262][I][STORAGE] Spool enrich_batch applied=18 failed=0 batchFirstEventId=39233 batchLastEventId=39243 firstRecord=43337 lastRecord=43354 ms=1041
[9033263][I][BLE] enrich_perf count=18 applied=18 failed=0 deferred=0 storageMs=1654 pendingUpload=4472
[9033264][I][BLE] Enrich drain done applied=18 failed=0 deferred=0 queueSize=0
[9033264][I][BLE] Enrich torrent done drained=1 remaining=0 tookLease=0 preempt=0 elapsedMs=2417
[9033278][I][STORAGE] RAMSpool worker paused inflight=0 lastInflight=0
[9033278][I][STORAGE] Exclusive window begin kind=enrichment reason=manual_enrich_window workerPaused=1 displaySuspended=1

===== CMD: companion status =====
[9035119][I][STORAGE] Spool enrich_batch applied=9 failed=0 batchFirstEventId=41127 batchLastEventId=41135 firstRecord=43355 lastRecord=43363 ms=1120
[9035119][I][BLE] Manual enrichment window batch count=18 active=1 noData=9 budgetExhausted=0 timeHit=0
[9035120][I][STORAGE] RAMSpool worker resumed
[9035120][I][STORAGE] Exclusive window end kind=enrichment result=manual_batch_built reason=manual_enrich_window
[9035120][I][BLE] enrichment request queued count=18 bytes=180
[9035120][I][BLE] Requested enrichment batch count=18 queued=0
companion status
[COMP] enabled=1
[COMP] external accessory=0 bleProxy=0 phoneConnected=0 phone=unknown rssi=0 ageMs=0
[COMP] wio link=idle sx1262=0 textInput=0
[COMP] phone=AVAILABLE work=ENRICHING
[COMP] bleBegun=1 bleRadio=1 bleState=SUBSCRIBED
[COMP] ready link=1 gps=1 freshGps=0 ctrl=1 enrich=1
[COMP] bleInitAgeMs=9010119 scanStartAgeMs=220706 disconnReason=0
[COMP] pendingEnrichMission=0 pendingEnrichNoise=1977 pendingEnrichTotal=1977
[COMP] hold manual=0 autoOffload=0 managerActive=0 prep=1 deadlineInMs=0 retryInMs=0
[COMP] lastProbeAgeMs=219363 lastEnrichAgeMs=239583
[COMP] radioOwner=ble_gps
[9035138][I][BLE] enrichment send mtu=247 attPayload=244 bytes=180 count=18
[9035233][I][BLE] storage snapshot sent pendingUp=0/4472 pendingEnrich=0/2625 usedPct=28
[9035263][I][BLE] enrichment batch sent plain=180 sealed=202 count=18 writeOk=1
[9035405][I][BLE] enrichment rx chunk cipher=142 queued=0
[9035496][I][BLE] enrichment rx chunk cipher=142 queued=0
[9035567][I][BLE] enrichment rx chunk cipher=142 queued=0
[9035648][I][BLE] enrichment rx chunk cipher=142 queued=0
[9035729][I][BLE] enrichment rx chunk cipher=142 queued=0
[9035810][I][BLE] enrichment rx chunk cipher=142 queued=0
[9035891][I][BLE] enrichment rx chunk cipher=142 queued=0
[9035972][I][BLE] enrichment rx chunk cipher=28 queued=0
[9035973][I][BLE] enrich_xfer_perf count=18 sendMs=125 waitMs=709 rxBytes=846
[9035973][I][BLE] enrichment batch received count=18 bytes=846
[9035973][I][BLE] enrichment batch consumed count=18
[9035974][I][BLE] Enrich batch queued count=18 queueSize=1
[9035974][I][BLE] Enrichment batch received count=18 claimed=18 queued=1
[9035985][I][BLE] Enrich drain begin count=18 queueSize=1 ageMs=12
[9038481][I][STORAGE] Spool enrich_batch applied=18 failed=0 batchFirstEventId=39244 batchLastEventId=41735 firstRecord=43364 lastRecord=43381 ms=1021
[9038481][I][BLE] enrich_perf count=18 applied=18 failed=0 deferred=0 storageMs=1678 pendingUpload=4472
[9038482][I][BLE] Enrich drain done applied=18 failed=0 deferred=0 queueSize=0
[9038482][I][BLE] Enrich torrent done drained=1 remaining=0 tookLease=0 preempt=0 elapsedMs=2498
[9038492][W][CORE] TaskHardware loop gap=2508ms owner=BLE_GPS pendingUpload=4472 maintPending=1 suppressed=3
[9038496][I][STORAGE] RAMSpool worker paused inflight=0 lastInflight=0
[9038497][I][STORAGE] Exclusive window begin kind=enrichment reason=manual_enrich_window workerPaused=1 displaySuspended=1
[9040310][I][STORAGE] Spool enrich_batch applied=8 failed=0 batchFirstEventId=41136 batchLastEventId=41143 firstRecord=43382 lastRecord=43389 ms=1044
[9040311][I][BLE] Manual enrichment window batch count=18 active=1 noData=8 budgetExhausted=0 timeHit=0
[9040311][I][STORAGE] RAMSpool worker resumed
[9040311][I][STORAGE] Exclusive window end kind=enrichment result=manual_batch_built reason=manual_enrich_window
[9040312][I][BLE] enrichment request queued count=18 bytes=180
[9040312][I][BLE] Requested enrichment batch count=18 queued=0
[9040326][I][BLE] enrichment send mtu=247 attPayload=244 bytes=180 count=18
[9040423][I][BLE] enrichment batch sent plain=180 sealed=202 count=18 writeOk=1
[9040576][I][BLE] enrichment rx chunk cipher=142 queued=0
[9040637][I][BLE] enrichment rx chunk cipher=142 queued=0
[9040738][I][BLE] enrichment rx chunk cipher=142 queued=0
[9040819][I][BLE] enrichment rx chunk cipher=142 queued=0
[9040880][I][BLE] enrichment rx chunk cipher=142 queued=0
[9040961][I][BLE] enrichment rx chunk cipher=142 queued=0
[9041052][I][BLE] enrichment rx chunk cipher=142 queued=0
[9041123][I][BLE] enrichment rx chunk cipher=28 queued=0
[9041124][I][BLE] enrich_xfer_perf count=18 sendMs=98 waitMs=700 rxBytes=846
[9041124][I][BLE] enrichment batch received count=18 bytes=846
[9041124][I][BLE] enrichment batch consumed count=18
[9041125][I][BLE] Enrich batch queued count=18 queueSize=1
[9041125][I][BLE] Enrichment batch received count=18 claimed=18 queued=1
[9041136][I][BLE] Enrich drain begin count=18 queueSize=1 ageMs=12
[9043736][I][STORAGE] Spool enrich_batch applied=18 failed=0 batchFirstEventId=39253 batchLastEventId=39261 firstRecord=43390 lastRecord=43407 ms=1058
[9043737][I][BLE] enrich_perf count=18 applied=18 failed=0 deferred=0 storageMs=1745 pendingUpload=4472
[9043738][I][BLE] Enrich drain done applied=18 failed=0 deferred=0 queueSize=0
[9043738][I][BLE] Enrich torrent done drained=1 remaining=0 tookLease=0 preempt=0 elapsedMs=2602
[9043752][I][STORAGE] RAMSpool worker paused inflight=0 lastInflight=0
[9043752][I][STORAGE] Exclusive window begin kind=enrichment reason=manual_enrich_window workerPaused=1 displaySuspended=1
[9045854][I][STORAGE] Spool enrich_batch applied=6 failed=0 batchFirstEventId=41144 batchLastEventId=41149 firstRecord=43408 lastRecord=43413 ms=1299
[9045855][I][BLE] Manual enrichment window batch count=18 active=1 noData=6 budgetExhausted=0 timeHit=0
[9045855][I][STORAGE] RAMSpool worker resumed
[9045855][I][STORAGE] Exclusive window end kind=enrichment result=manual_batch_built reason=manual_enrich_window
[9045856][I][BLE] enrichment request queued count=18 bytes=180
[9045856][I][BLE] Requested enrichment batch count=18 queued=0
[9045870][I][BLE] enrichment send mtu=247 attPayload=244 bytes=180 count=18
[9045973][I][BLE] enrichment batch sent plain=180 sealed=202 count=18 writeOk=1
[9046121][I][BLE] enrichment rx chunk cipher=142 queued=0
[9046202][I][BLE] enrichment rx chunk cipher=142 queued=0
[9046263][I][BLE] enrichment rx chunk cipher=142 queued=0
[9046344][I][BLE] enrichment rx chunk cipher=142 queued=0
[9046425][I][BLE] enrichment rx chunk cipher=142 queued=0
[9046507][I][BLE] enrichment rx chunk cipher=142 queued=0
[9046578][I][BLE] enrichment rx chunk cipher=142 queued=0
[9046649][I][BLE] enrichment rx chunk cipher=28 queued=0
[9046650][I][BLE] enrich_xfer_perf count=18 sendMs=104 waitMs=677 rxBytes=846
[9046650][I][BLE] enrichment batch received count=18 bytes=846
[9046651][I][BLE] enrichment batch consumed count=18
[9046651][I][BLE] Enrich batch queued count=18 queueSize=1
[9046651][I][BLE] Enrichment batch received count=18 claimed=18 queued=1
[9046662][I][BLE] Enrich drain begin count=18 queueSize=1 ageMs=11
[9048859][I][STORAGE] Spool enrich_batch applied=18 failed=0 batchFirstEventId=39262 batchLastEventId=39268 firstRecord=43414 lastRecord=43431 ms=943
[9048859][I][BLE] enrich_perf count=18 applied=18 failed=0 deferred=0 storageMs=1499 pendingUpload=4472
[9048860][I][BLE] Enrich drain done applied=18 failed=0 deferred=0 queueSize=0
[9048860][I][BLE] Enrich torrent done drained=1 remaining=0 tookLease=0 preempt=0 elapsedMs=2198
[9048870][W][CORE] TaskHardware loop gap=2209ms owner=BLE_GPS pendingUpload=4472 maintPending=1 suppressed=3
[9048874][I][STORAGE] RAMSpool worker paused inflight=0 lastInflight=0
[9048875][I][STORAGE] Exclusive window begin kind=enrichment reason=manual_enrich_window workerPaused=1 displaySuspended=1
[9050499][I][STORAGE] Spool enrich_batch applied=12 failed=0 batchFirstEventId=41150 batchLastEventId=41161 firstRecord=43432 lastRecord=43443 ms=961
[9050500][I][BLE] Manual enrichment window batch count=18 active=1 noData=12 budgetExhausted=0 timeHit=0
[9050500][I][STORAGE] RAMSpool worker resumed
[9050500][I][STORAGE] Exclusive window end kind=enrichment result=manual_batch_built reason=manual_enrich_window
[9050501][I][BLE] enrichment request queued count=18 bytes=180
[9050501][I][BLE] Requested enrichment batch count=18 queued=0
[9050515][I][BLE] enrichment send mtu=247 attPayload=244 bytes=180 count=18
[9050548][I][BLE] storage snapshot sent pendingUp=0/4472 pendingEnrich=0/2625 usedPct=28
[9050578][I][BLE] enrichment batch sent plain=180 sealed=202 count=18 writeOk=1
[9050720][I][BLE] enrichment rx chunk cipher=142 queued=0
[9050801][I][BLE] enrichment rx chunk cipher=142 queued=0
[9050882][I][BLE] enrichment rx chunk cipher=142 queued=0
[9050943][I][BLE] enrichment rx chunk cipher=142 queued=0
[9051024][I][BLE] enrichment rx chunk cipher=142 queued=0
[9051115][I][BLE] enrichment rx chunk cipher=142 queued=0
[9051196][I][BLE] enrichment rx chunk cipher=142 queued=0
[9051257][I][BLE] enrichment rx chunk cipher=28 queued=0
[9051258][I][BLE] enrich_xfer_perf count=18 sendMs=64 waitMs=679 rxBytes=846
[9051258][I][BLE] enrichment batch received count=18 bytes=846
[9051258][I][BLE] enrichment batch consumed count=18
[9051259][I][BLE] Enrich batch queued count=18 queueSize=1
[9051259][I][BLE] Enrichment batch received count=18 claimed=18 queued=1
[9051270][I][BLE] Enrich drain begin count=18 queueSize=1 ageMs=12
[9053574][I][STORAGE] Spool enrich_batch applied=18 failed=0 batchFirstEventId=41756 batchLastEventId=39281 firstRecord=43444 lastRecord=43461 ms=984
[9053575][I][BLE] enrich_perf count=18 applied=18 failed=0 deferred=0 storageMs=1570 pendingUpload=4472
[9053575][I][BLE] Enrich drain done applied=18 failed=0 deferred=0 queueSize=0
[9053576][I][BLE] Enrich torrent done drained=1 remaining=0 tookLease=0 preempt=0 elapsedMs=2306
[9053590][I][STORAGE] RAMSpool worker paused inflight=0 lastInflight=0
[9053590][I][STORAGE] Exclusive window begin kind=enrichment reason=manual_enrich_window workerPaused=1 displaySuspended=1

===== CMD: companion status =====
[9055294][I][STORAGE] Spool enrich_batch applied=23 failed=0 batchFirstEventId=41162 batchLastEventId=41184 firstRecord=43462 lastRecord=43484 ms=1003
[9055295][I][BLE] Manual enrichment window batch count=18 active=1 noData=23 budgetExhausted=0 timeHit=0
[9055295][I][STORAGE] RAMSpool worker resumed
[9055295][I][STORAGE] Exclusive window end kind=enrichment result=manual_batch_built reason=manual_enrich_window
[9055296][I][BLE] enrichment request queued count=18 bytes=180
[9055296][I][BLE] Requested enrichment batch count=18 queued=0
[9055297][I][STACK] TaskHardware watermark=7888B min=7888B
[9055301][I][HEAP] heap free=3858KB min=3791KB largest=3776KB frag=2% internalFree=41KB internalLargest=11KB psramFree=3818KB core=84/67% owner=BLE_GPS nets=9 pendingUpload=? pendingEnrich=2625
[HEALTH] time=2026-08-16 14:44:07 src=gps
[HEALTH] heap used=4594/8452KB free=3858KB min=3791KB largest=3776KB frag=2%
[HEALTH] internal used=220/260KB free=41KB min=0KB largest=11KB
[HEALTH] psram used=4374/8192KB free=3818KB largest=3776KB
[HEALTH] stack free_min: core0=8KB/18KB core1=5KB/10KB
[HEALTH] loopTask free_min=3080B/5120B
[HEALTH] core usage: core0=84% core1=67%
[HEALTH] power=usb state=usb batt=100% 4698mV trend=4mV/min runtime=0min cap=1100mAh charging=1
[HEALTH] radio=BLE_GPS wifi=0 ble=1 gps=0 nets=9 pendingUpload=? pendingEnrich=2625
[HEALTH] subghz=NONE mode=OFF pkts=0 nodes=0
[9055305][I][STACK] TaskStorage watermark=1896B
[9055305][I][STORAGE] RAMSpool enq=553 cons=553 inflight=0/1024 high=2 pressure=0 drop[full=0 big=0 noise=0 p3Evict=0 p3Drop=0 p2Drop=0 p1Fail=0] free=1024
[9055305][I][STORAGE] RAMSpool enqueue probe[ok=521 drop=0] device[ok=32 drop=0]
[9055306][I][STORAGE] RAMSpool worker probe[ok=521 sup=0 drop=0 fail=0 slow=0] device[ok=31 sup=1 drop=0 fail=0 slow=0] slowTotal=0 maxMs=0
[9055306][I][STORAGE] RAMSpool prioEnq p0=0 p1=0 p2=553 p3=0
[9055306][I][STORAGE] RAMSpool lanes p1=0/0 p2=0/1 p3=0/0
companion status
[COMP] enabled=1
[COMP] external accessory=0 bleProxy=0 phoneConnected=0 phone=unknown rssi=0 ageMs=0
[COMP] wio link=idle sx1262=0 textInput=0
[COMP] phone=AVAILABLE work=ENRICHING
[COMP] bleBegun=1 bleRadio=1 bleState=SUBSCRIBED
[COMP] ready link=1 gps=1 freshGps=0 ctrl=1 enrich=1
[COMP] bleInitAgeMs=9030304 scanStartAgeMs=240891 disconnReason=0
[COMP] pendingEnrichMission=0 pendingEnrichNoise=1905 pendingEnrichTotal=1905
[COMP] hold manual=0 autoOffload=0 managerActive=0 prep=1 deadlineInMs=0 retryInMs=0
[COMP] lastProbeAgeMs=239675 lastEnrichAgeMs=259895
[COMP] radioOwner=ble_gps
[9055323][I][BLE] enrichment send mtu=247 attPayload=244 bytes=180 count=18
[9055408][I][BLE] enrichment batch sent plain=180 sealed=202 count=18 writeOk=1
[9055564][I][BLE] enrichment rx chunk cipher=142 queued=0
[9055625][I][BLE] enrichment rx chunk cipher=142 queued=0
[9055696][I][BLE] enrichment rx chunk cipher=142 queued=0
[9055787][I][BLE] enrichment rx chunk cipher=142 queued=0
[9055868][I][BLE] enrichment rx chunk cipher=142 queued=0
[9055949][I][BLE] enrichment rx chunk cipher=142 queued=0
[9056010][I][BLE] enrichment rx chunk cipher=142 queued=0
[9056092][I][BLE] enrichment rx chunk cipher=28 queued=0
[9056093][I][BLE] enrich_xfer_perf count=18 sendMs=85 waitMs=684 rxBytes=846
[9056093][I][BLE] enrichment batch received count=18 bytes=846
[9056093][I][BLE] enrichment batch consumed count=18
[9056094][I][BLE] Enrich batch queued count=18 queueSize=1
[9056094][I][BLE] Enrichment batch received count=18 claimed=18 queued=1
[9056105][I][BLE] Enrich drain begin count=18 queueSize=1 ageMs=11
[9058626][I][STORAGE] Spool enrich_batch applied=18 failed=0 batchFirstEventId=39282 batchLastEventId=39299 firstRecord=43485 lastRecord=43502 ms=1243
[9058626][I][BLE] enrich_perf count=18 applied=18 failed=0 deferred=0 storageMs=1857 pendingUpload=4472
[9058627][I][BLE] Enrich drain done applied=18 failed=0 deferred=0 queueSize=0
[9058627][I][BLE] Enrich torrent done drained=1 remaining=0 tookLease=0 preempt=0 elapsedMs=2523
[9058641][I][STORAGE] RAMSpool worker paused inflight=0 lastInflight=0
[9058641][I][STORAGE] Exclusive window begin kind=enrichment reason=manual_enrich_window workerPaused=1 displaySuspended=1
[9060473][I][STORAGE] Spool enrich_batch applied=18 failed=0 batchFirstEventId=41185 batchLastEventId=41202 firstRecord=43503 lastRecord=43520 ms=1080
[9060473][I][BLE] Manual enrichment window batch count=18 active=1 noData=18 budgetExhausted=0 timeHit=0
[9060474][I][STORAGE] RAMSpool worker resumed
[9060474][I][STORAGE] Exclusive window end kind=enrichment result=manual_batch_built reason=manual_enrich_window
[9060474][I][BLE] enrichment request queued count=18 bytes=180
[9060474][I][BLE] Requested enrichment batch count=18 queued=0
[9060485][W][CORE] TaskHardware loop gap=1848ms owner=BLE_GPS pendingUpload=4472 maintPending=1 suppressed=4
[9060489][I][BLE] worker stack free=7372B min=7372B
[9060490][I][BLE] enrichment send mtu=247 attPayload=244 bytes=180 count=18
[9060568][I][BLE] enrichment batch sent plain=180 sealed=202 count=18 writeOk=1
[9060721][I][BLE] enrichment rx chunk cipher=142 queued=0
[9060782][I][BLE] enrichment rx chunk cipher=142 queued=0
[9060863][I][BLE] enrichment rx chunk cipher=142 queued=0
[9060944][I][BLE] enrichment rx chunk cipher=142 queued=0
[9061005][I][BLE] enrichment rx chunk cipher=142 queued=0
[9061086][I][STACK] TaskButtons watermark=1784B min=1784B
[9061117][I][BLE] enrichment rx chunk cipher=142 queued=0
[9061178][I][BLE] enrichment rx chunk cipher=142 queued=0
[9061259][I][BLE] enrichment rx chunk cipher=28 queued=0
[9061259][I][BLE] enrich_xfer_perf count=18 sendMs=78 waitMs=691 rxBytes=846
[9061260][I][BLE] enrichment batch received count=18 bytes=846
[9061260][I][BLE] enrichment batch consumed count=18
[9061261][I][BLE] Enrich batch queued count=18 queueSize=1
[9061261][I][BLE] Enrichment batch received count=18 claimed=18 queued=1
[9061272][I][BLE] Enrich drain begin count=18 queueSize=1 ageMs=12
[9063742][I][STORAGE] Spool enrich_batch applied=18 failed=0 batchFirstEventId=39300 batchLastEventId=39317 firstRecord=43521 lastRecord=43538 ms=1092
[9063742][I][BLE] enrich_perf count=18 applied=18 failed=0 deferred=0 storageMs=1752 pendingUpload=4472
[9063743][I][BLE] Enrich drain done applied=18 failed=0 deferred=0 queueSize=0
[9063743][I][BLE] Enrich torrent done drained=1 remaining=0 tookLease=0 preempt=0 elapsedMs=2471
[9063757][I][STORAGE] RAMSpool worker paused inflight=0 lastInflight=0
[9063757][I][STORAGE] Exclusive window begin kind=enrichment reason=manual_enrich_window workerPaused=1 displaySuspended=1
[9065660][I][STORAGE] Spool enrich_batch applied=6 failed=0 batchFirstEventId=41203 batchLastEventId=41208 firstRecord=43539 lastRecord=43544 ms=1118
[9065661][I][BLE] Manual enrichment window batch count=18 active=1 noData=6 budgetExhausted=0 timeHit=0
[9065661][I][STORAGE] RAMSpool worker resumed
[9065662][I][STORAGE] Exclusive window end kind=enrichment result=manual_batch_built reason=manual_enrich_window
[9065662][I][BLE] enrichment request queued count=18 bytes=180
[9065662][I][BLE] Requested enrichment batch count=18 queued=0
[9065676][I][BLE] enrichment send mtu=247 attPayload=244 bytes=180 count=18
[9065758][I][BLE] storage snapshot sent pendingUp=0/4472 pendingEnrich=0/2625 usedPct=28
[9065788][I][BLE] enrichment batch sent plain=180 sealed=202 count=18 writeOk=1
[9065930][I][BLE] enrichment rx chunk cipher=142 queued=0
[9066001][I][BLE] enrichment rx chunk cipher=142 queued=0
[9066082][I][BLE] enrichment rx chunk cipher=142 queued=0
[9066153][I][BLE] enrichment rx chunk cipher=142 queued=0
[9066254][I][BLE] enrichment rx chunk cipher=142 queued=0
[9066325][I][BLE] enrichment rx chunk cipher=142 queued=0
[9066406][I][BLE] enrichment rx chunk cipher=142 queued=0
[9066467][I][BLE] enrichment rx chunk cipher=28 queued=0
[9066468][I][BLE] enrich_xfer_perf count=18 sendMs=113 waitMs=679 rxBytes=846
[9066468][I][BLE] enrichment batch received count=18 bytes=846
[9066468][I][BLE] enrichment batch consumed count=18
[9066469][I][BLE] Enrich batch queued count=18 queueSize=1
[9066469][I][BLE] Enrichment batch received count=18 claimed=18 queued=1
[9066480][I][BLE] Enrich drain begin count=18 queueSize=1 ageMs=11
[9069155][I][STORAGE] Spool enrich_batch applied=18 failed=0 batchFirstEventId=39318 batchLastEventId=39335 firstRecord=43545 lastRecord=43562 ms=1130
[9069156][I][BLE] enrich_perf count=18 applied=18 failed=0 deferred=0 storageMs=1820 pendingUpload=4472
[9069156][I][BLE] Enrich drain done applied=18 failed=0 deferred=0 queueSize=0
[9069157][I][BLE] Enrich torrent done drained=1 remaining=0 tookLease=0 preempt=0 elapsedMs=2676
[9069171][I][STORAGE] RAMSpool worker paused inflight=0 lastInflight=0
[9069171][I][STORAGE] Exclusive window begin kind=enrichment reason=manual_enrich_window workerPaused=1 displaySuspended=1
[9069172][I][BLE] Manual enrichment window batch count=18 active=1 noData=0 budgetExhausted=0 timeHit=0
[9069172][I][STORAGE] RAMSpool worker resumed
[9069172][I][STORAGE] Exclusive window end kind=enrichment result=manual_batch_built reason=manual_enrich_window
[9069173][I][BLE] enrichment request queued count=18 bytes=180
[9069173][I][BLE] Requested enrichment batch count=18 queued=0
[9069194][I][BLE] enrichment send mtu=247 attPayload=244 bytes=180 count=18
[9069238][I][BLE] enrichment batch sent plain=180 sealed=202 count=18 writeOk=1
[9069394][I][BLE] enrichment rx chunk cipher=142 queued=0
[9069455][I][BLE] enrichment rx chunk cipher=142 queued=0
[9069546][I][BLE] enrichment rx chunk cipher=142 queued=0
[9069617][I][BLE] enrichment rx chunk cipher=142 queued=0
[9069698][I][BLE] enrichment rx chunk cipher=142 queued=0
[9069779][I][BLE] enrichment rx chunk cipher=142 queued=0
[9069860][I][BLE] enrichment rx chunk cipher=142 queued=0
[9069941][I][BLE] enrichment rx chunk cipher=28 queued=0
[9069942][I][BLE] enrich_xfer_perf count=18 sendMs=45 waitMs=703 rxBytes=846
[9069942][I][BLE] enrichment batch received count=18 bytes=846
[9069942][I][BLE] enrichment batch consumed count=18
[9069943][I][BLE] Enrich batch queued count=18 queueSize=1
[9069943][I][BLE] Enrichment batch received count=18 claimed=18 queued=1
[9069954][I][BLE] Enrich drain begin count=18 queueSize=1 ageMs=11
[9072768][I][STORAGE] Spool enrich_batch applied=18 failed=0 batchFirstEventId=39336 batchLastEventId=39353 firstRecord=43563 lastRecord=43580 ms=1364
[9072768][I][BLE] enrich_perf count=18 applied=18 failed=0 deferred=0 storageMs=2066 pendingUpload=4472
[9072769][I][BLE] Enrich drain done applied=18 failed=0 deferred=0 queueSize=0
[9072769][I][BLE] Enrich torrent done drained=1 remaining=0 tookLease=0 preempt=0 elapsedMs=2815
[9072779][W][CORE] TaskHardware loop gap=2826ms owner=BLE_GPS pendingUpload=4472 maintPending=1 suppressed=3
[9072783][I][STORAGE] RAMSpool worker paused inflight=0 lastInflight=0
[9072784][I][STORAGE] Exclusive window begin kind=enrichment reason=manual_enrich_window workerPaused=1 displaySuspended=1
[9072784][I][BLE] Manual enrichment window batch count=18 active=1 noData=0 budgetExhausted=0 timeHit=0
[9072784][I][STORAGE] RAMSpool worker resumed
[9072785][I][STORAGE] Exclusive window end kind=enrichment result=manual_batch_built reason=manual_enrich_window
[9072785][I][BLE] enrichment request queued count=18 bytes=180
[9072785][I][BLE] Requested enrichment batch count=18 queued=0
[9072806][I][BLE] enrichment send mtu=247 attPayload=244 bytes=180 count=18
[9072898][I][BLE] enrichment batch sent plain=180 sealed=202 count=18 writeOk=1
[9073036][I][BLE] enrichment rx chunk cipher=142 queued=0
[9073107][I][BLE] enrichment rx chunk cipher=142 queued=0
[9073188][I][BLE] enrichment rx chunk cipher=142 queued=0
[9073269][I][BLE] enrichment rx chunk cipher=142 queued=0
[9073350][I][BLE] enrichment rx chunk cipher=142 queued=0
[9073411][I][BLE] enrichment rx chunk cipher=142 queued=0
[9073512][I][BLE] enrichment rx chunk cipher=142 queued=0
[9073583][I][BLE] enrichment rx chunk cipher=28 queued=0
[9073584][I][BLE] enrich_xfer_perf count=18 sendMs=92 waitMs=685 rxBytes=846
[9073584][I][BLE] enrichment batch received count=18 bytes=846
[9073584][I][BLE] enrichment batch consumed count=18
[9073585][I][BLE] Enrich batch queued count=18 queueSize=1
[9073585][I][BLE] Enrichment batch received count=18 claimed=18 queued=1
[9073596][I][BLE] Enrich drain begin count=18 queueSize=1 ageMs=11

===== CMD: companion status =====
[9075747][I][STORAGE] Spool enrich_batch applied=18 failed=0 batchFirstEventId=39354 batchLastEventId=39371 firstRecord=43581 lastRecord=43598 ms=1007
[9075748][I][BLE] enrich_perf count=18 applied=18 failed=0 deferred=0 storageMs=1561 pendingUpload=4472
[9075748][I][BLE] Enrich drain done applied=18 failed=0 deferred=0 queueSize=0
[9075748][I][BLE] Enrich torrent done drained=1 remaining=0 tookLease=0 preempt=0 elapsedMs=2152
companion status
[COMP] enabled=1
[COMP] external accessory=0 bleProxy=0 phoneConnected=0 phone=unknown rssi=0 ageMs=0
[COMP] wio link=idle sx1262=0 textInput=0
[COMP] phone=AVAILABLE work=ENRICHING
[COMP] bleBegun=1 bleRadio=1 bleState=SUBSCRIBED
[COMP] ready link=1 gps=1 freshGps=0 ctrl=1 enrich=1
[COMP] bleInitAgeMs=9050747 scanStartAgeMs=261334 disconnReason=0
[COMP] pendingEnrichMission=0 pendingEnrichNoise=1833 pendingEnrichTotal=1833
[COMP] hold manual=0 autoOffload=0 managerActive=0 prep=1 deadlineInMs=0 retryInMs=0
[COMP] lastProbeAgeMs=259681 lastEnrichAgeMs=279901
[COMP] radioOwner=ble_gps
[9075766][I][STORAGE] RAMSpool worker paused inflight=0 lastInflight=0
[9075766][I][STORAGE] Exclusive window begin kind=enrichment reason=manual_enrich_window workerPaused=1 displaySuspended=1
[9075767][I][BLE] Manual enrichment window batch count=18 active=1 noData=0 budgetExhausted=0 timeHit=0
[9075767][I][STORAGE] RAMSpool worker resumed
[9075768][I][STORAGE] Exclusive window end kind=enrichment result=manual_batch_built reason=manual_enrich_window
[9075768][I][BLE] enrichment request queued count=18 bytes=180
[9075768][I][BLE] Requested enrichment batch count=18 queued=0
[9075789][I][BLE] enrichment send mtu=247 attPayload=244 bytes=180 count=18
[9075883][I][BLE] enrichment batch sent plain=180 sealed=202 count=18 writeOk=1
[9076019][I][BLE] enrichment rx chunk cipher=142 queued=0
[9076080][I][BLE] enrichment rx chunk cipher=142 queued=0
[9076162][I][BLE] enrichment rx chunk cipher=142 queued=0
[9076243][I][BLE] enrichment rx chunk cipher=142 queued=0
[9076334][I][BLE] enrichment rx chunk cipher=142 queued=0
[9076395][I][BLE] enrichment rx chunk cipher=142 queued=0
[9076477][I][BLE] enrichment rx chunk cipher=142 queued=0
[9076559][I][BLE] enrichment rx chunk cipher=28 queued=0
[9076560][I][BLE] enrich_xfer_perf count=18 sendMs=95 waitMs=676 rxBytes=846
[9076560][I][BLE] enrichment batch received count=18 bytes=846
[9076560][I][BLE] enrichment batch consumed count=18
[9076561][I][BLE] Enrich batch queued count=18 queueSize=1
[9076561][I][BLE] Enrichment batch received count=18 claimed=18 queued=1
[9076572][I][BLE] Enrich drain begin count=18 queueSize=1 ageMs=12
[9078781][I][STORAGE] Spool enrich_batch applied=18 failed=0 batchFirstEventId=39372 batchLastEventId=39389 firstRecord=43599 lastRecord=43616 ms=1028
[9078782][I][BLE] enrich_perf count=18 applied=18 failed=0 deferred=0 storageMs=1599 pendingUpload=4472
[9078782][I][BLE] Enrich drain done applied=18 failed=0 deferred=0 queueSize=0
[9078783][I][BLE] Enrich torrent done drained=1 remaining=0 tookLease=0 preempt=0 elapsedMs=2210
[9078797][I][STORAGE] RAMSpool worker paused inflight=0 lastInflight=0
[9078797][I][STORAGE] Exclusive window begin kind=enrichment reason=manual_enrich_window workerPaused=1 displaySuspended=1
[9078798][I][BLE] Manual enrichment window batch count=18 active=1 noData=0 budgetExhausted=0 timeHit=0
[9078798][I][STORAGE] RAMSpool worker resumed
[9078798][I][STORAGE] Exclusive window end kind=enrichment result=manual_batch_built reason=manual_enrich_window
[9078798][I][BLE] enrichment request queued count=18 bytes=180
[9078799][I][BLE] Requested enrichment batch count=18 queued=0
[9078820][I][BLE] enrichment send mtu=247 attPayload=244 bytes=180 count=18
[9078898][I][BLE] enrichment batch sent plain=180 sealed=202 count=18 writeOk=1
[9079040][I][BLE] enrichment rx chunk cipher=142 queued=0
[9079111][I][BLE] enrichment rx chunk cipher=142 queued=0
[9079192][I][BLE] enrichment rx chunk cipher=142 queued=0
[9079273][I][BLE] enrichment rx chunk cipher=142 queued=0
[9079364][I][BLE] enrichment rx chunk cipher=142 queued=0
[9079425][I][BLE] enrichment rx chunk cipher=142 queued=0
[9079507][I][BLE] enrichment rx chunk cipher=142 queued=0
[9079578][I][BLE] enrichment rx chunk cipher=28 queued=0
[9079579][I][BLE] enrich_xfer_perf count=18 sendMs=79 waitMs=680 rxBytes=846
[9079579][I][BLE] enrichment batch received count=18 bytes=846
[9079579][I][BLE] enrichment batch consumed count=18
[9079580][I][BLE] Enrich batch queued count=18 queueSize=1
[9079580][I][BLE] Enrichment batch received count=18 claimed=18 queued=1
[9079591][I][BLE] Enrich drain begin count=18 queueSize=1 ageMs=12
[9081986][I][STORAGE] Spool enrich_batch applied=18 failed=0 batchFirstEventId=39390 batchLastEventId=39407 firstRecord=43617 lastRecord=43634 ms=1183
[9081987][I][BLE] enrich_perf count=18 applied=18 failed=0 deferred=0 storageMs=1767 pendingUpload=4472
[9081987][I][BLE] Enrich drain done applied=18 failed=0 deferred=0 queueSize=0
[9081988][I][BLE] Enrich torrent done drained=1 remaining=0 tookLease=0 preempt=0 elapsedMs=2398
[9082078][I][BLE] storage snapshot sent pendingUp=0/4472 pendingEnrich=0/2625 usedPct=28
[9082092][I][STORAGE] RAMSpool worker paused inflight=0 lastInflight=0
[9082092][I][STORAGE] Exclusive window begin kind=enrichment reason=manual_enrich_window workerPaused=1 displaySuspended=1
[9082093][I][BLE] Manual enrichment window batch count=18 active=1 noData=0 budgetExhausted=0 timeHit=0
[9082093][I][STORAGE] RAMSpool worker resumed
[9082093][I][STORAGE] Exclusive window end kind=enrichment result=manual_batch_built reason=manual_enrich_window
[9082093][I][BLE] enrichment request queued count=18 bytes=180
[9082094][I][BLE] Requested enrichment batch count=18 queued=0
[9082115][I][BLE] enrichment send mtu=247 attPayload=244 bytes=180 count=18
[9082138][I][BLE] enrichment batch sent plain=180 sealed=202 count=18 writeOk=1
[9082276][I][BLE] enrichment rx chunk cipher=142 queued=0
[9082367][I][BLE] enrichment rx chunk cipher=142 queued=0
[9082428][I][BLE] enrichment rx chunk cipher=142 queued=0
[9082529][I][BLE] enrichment rx chunk cipher=142 queued=0
[9082590][I][BLE] enrichment rx chunk cipher=142 queued=0
[9082672][I][BLE] enrichment rx chunk cipher=142 queued=0
[9082753][I][BLE] enrichment rx chunk cipher=142 queued=0
[9082844][I][BLE] enrichment rx chunk cipher=28 queued=0
[9082845][I][BLE] enrich_xfer_perf count=18 sendMs=24 waitMs=706 rxBytes=846
[9082845][I][BLE] enrichment batch received count=18 bytes=846
[9082845][I][BLE] enrichment batch consumed count=18
[9082846][I][BLE] Enrich batch queued count=18 queueSize=1
[9082846][I][BLE] Enrichment batch received count=18 claimed=18 queued=1
[9082857][I][BLE] Enrich drain begin count=18 queueSize=1 ageMs=11
[9085212][I][STORAGE] Spool enrich_batch applied=18 failed=0 batchFirstEventId=39408 batchLastEventId=39425 firstRecord=43635 lastRecord=43652 ms=1079
[9085213][I][BLE] enrich_perf count=18 applied=18 failed=0 deferred=0 storageMs=1691 pendingUpload=4472
[9085213][I][BLE] Enrich drain done applied=18 failed=0 deferred=0 queueSize=0
[9085213][I][BLE] Enrich torrent done drained=1 remaining=0 tookLease=0 preempt=0 elapsedMs=2356
[9085224][W][CORE] TaskHardware loop gap=2368ms owner=BLE_GPS pendingUpload=4472 maintPending=1 suppressed=3
[9085228][I][STORAGE] RAMSpool worker paused inflight=0 lastInflight=0
[9085229][I][STORAGE] Exclusive window begin kind=enrichment reason=manual_enrich_window workerPaused=1 displaySuspended=1
[9085229][I][BLE] Manual enrichment window batch count=18 active=1 noData=0 budgetExhausted=0 timeHit=0
[9085229][I][STORAGE] RAMSpool worker resumed
[9085230][I][STORAGE] Exclusive window end kind=enrichment result=manual_batch_built reason=manual_enrich_window
[9085230][I][BLE] enrichment request queued count=18 bytes=180
[9085230][I][BLE] Requested enrichment batch count=18 queued=0
[9085251][I][BLE] enrichment send mtu=247 attPayload=244 bytes=180 count=18
[9085288][I][BLE] enrichment batch sent plain=180 sealed=202 count=18 writeOk=1
[9085301][I][STACK] TaskHardware watermark=7888B min=7888B
[9085306][I][HEAP] heap free=3858KB min=3791KB largest=3776KB frag=2% internalFree=41KB internalLargest=11KB psramFree=3818KB core=78/63% owner=BLE_GPS nets=9 pendingUpload=? pendingEnrich=2625
[HEALTH] time=2026-08-16 14:44:39 src=gps
[HEALTH] heap used=4594/8452KB free=3858KB min=3791KB largest=3776KB frag=2%
[HEALTH] internal used=220/260KB free=41KB min=0KB largest=11KB
[HEALTH] psram used=4374/8192KB free=3818KB largest=3776KB
[HEALTH] stack free_min: core0=8KB/18KB core1=5KB/10KB
[HEALTH] loopTask free_min=3080B/5120B
[HEALTH] core usage: core0=78% core1=63%
[HEALTH] power=usb state=usb batt=100% 4702mV trend=5mV/min runtime=0min cap=1100mAh charging=1
[HEALTH] radio=BLE_GPS wifi=0 ble=1 gps=0 nets=9 pendingUpload=? pendingEnrich=2625
[HEALTH] subghz=NONE mode=OFF pkts=0 nodes=0
[9085309][I][STACK] TaskStorage watermark=1896B
[9085309][I][STORAGE] RAMSpool enq=553 cons=553 inflight=0/1024 high=2 pressure=0 drop[full=0 big=0 noise=0 p3Evict=0 p3Drop=0 p2Drop=0 p1Fail=0] free=1024
[9085309][I][STORAGE] RAMSpool enqueue probe[ok=521 drop=0] device[ok=32 drop=0]
[9085310][I][STORAGE] RAMSpool worker probe[ok=521 sup=0 drop=0 fail=0 slow=0] device[ok=31 sup=1 drop=0 fail=0 slow=0] slowTotal=0 maxMs=0
[9085310][I][STORAGE] RAMSpool prioEnq p0=0 p1=0 p2=553 p3=0
[9085310][I][STORAGE] RAMSpool lanes p1=0/0 p2=0/1 p3=0/0
[9085431][I][BLE] enrichment rx chunk cipher=142 queued=0
[9085502][I][BLE] enrichment rx chunk cipher=142 queued=0
[9085583][I][BLE] enrichment rx chunk cipher=142 queued=0
[9085664][I][BLE] enrichment rx chunk cipher=142 queued=0
[9085745][I][BLE] enrichment rx chunk cipher=142 queued=0
[9085816][I][BLE] enrichment rx chunk cipher=142 queued=0
[9085907][I][BLE] enrichment rx chunk cipher=142 queued=0
[9085968][I][BLE] enrichment rx chunk cipher=28 queued=0
[9085969][I][BLE] enrich_xfer_perf count=18 sendMs=38 waitMs=681 rxBytes=846
[9085969][I][BLE] enrichment batch received count=18 bytes=846
[9085969][I][BLE] enrichment batch consumed count=18
[9085970][I][BLE] Enrich batch queued count=18 queueSize=1
[9085970][I][BLE] Enrichment batch received count=18 claimed=18 queued=1
[9085981][I][BLE] Enrich drain begin count=18 queueSize=1 ageMs=11
[9088485][I][STORAGE] Spool enrich_batch applied=18 failed=0 batchFirstEventId=39426 batchLastEventId=39443 firstRecord=43653 lastRecord=43670 ms=1096
[9088486][I][BLE] enrich_perf count=18 applied=18 failed=0 deferred=0 storageMs=1726 pendingUpload=4472
[9088487][I][BLE] Enrich drain done applied=18 failed=0 deferred=0 queueSize=0
[9088487][I][BLE] Enrich torrent done drained=1 remaining=0 tookLease=0 preempt=0 elapsedMs=2507
[9088501][I][STORAGE] RAMSpool worker paused inflight=0 lastInflight=0
[9088501][I][STORAGE] Exclusive window begin kind=enrichment reason=manual_enrich_window workerPaused=1 displaySuspended=1
[9088502][I][BLE] Manual enrichment window batch count=18 active=1 noData=0 budgetExhausted=0 timeHit=0
[9088502][I][STORAGE] RAMSpool worker resumed
[9088502][I][STORAGE] Exclusive window end kind=enrichment result=manual_batch_built reason=manual_enrich_window
[9088502][I][BLE] enrichment request queued count=18 bytes=180
[9088503][I][BLE] Requested enrichment batch count=18 queued=0
[9088524][I][BLE] enrichment send mtu=247 attPayload=244 bytes=180 count=18
[9088603][I][BLE] enrichment batch sent plain=180 sealed=202 count=18 writeOk=1
[9088745][I][BLE] enrichment rx chunk cipher=142 queued=0
[9088816][I][BLE] enrichment rx chunk cipher=142 queued=0
[9088907][I][BLE] enrichment rx chunk cipher=142 queued=0
[9088998][I][BLE] enrichment rx chunk cipher=142 queued=0
[9089059][I][BLE] enrichment rx chunk cipher=142 queued=0
[9089130][I][BLE] enrichment rx chunk cipher=142 queued=0
[9089221][I][BLE] enrichment rx chunk cipher=142 queued=0
[9089302][I][BLE] enrichment rx chunk cipher=28 queued=0
[9089303][I][BLE] enrich_xfer_perf count=18 sendMs=80 waitMs=699 rxBytes=846
[9089303][I][BLE] enrichment batch received count=18 bytes=846
[9089303][I][BLE] enrichment batch consumed count=18
[9089304][I][BLE] Enrich batch queued count=18 queueSize=1
[9089304][I][BLE] Enrichment batch received count=18 claimed=18 queued=1
[9089315][I][BLE] Enrich drain begin count=18 queueSize=1 ageMs=11
[9091086][I][STACK] TaskButtons watermark=1784B min=1784B
[9091761][I][STORAGE] Spool enrich_batch applied=18 failed=0 batchFirstEventId=39444 batchLastEventId=39461 firstRecord=43671 lastRecord=43688 ms=1122
[9091762][I][BLE] enrich_perf count=18 applied=18 failed=0 deferred=0 storageMs=1765 pendingUpload=4472
[9091762][I][BLE] Enrich drain done applied=18 failed=0 deferred=0 queueSize=0
[9091763][I][BLE] Enrich torrent done drained=1 remaining=0 tookLease=0 preempt=0 elapsedMs=2448
[9091777][I][BLE] worker stack free=7372B min=7372B
[9091777][I][STORAGE] RAMSpool worker paused inflight=0 lastInflight=0
[9091778][I][STORAGE] Exclusive window begin kind=enrichment reason=manual_enrich_window workerPaused=1 displaySuspended=1
[9091778][I][BLE] Manual enrichment window batch count=18 active=1 noData=0 budgetExhausted=0 timeHit=0
[9091779][I][STORAGE] RAMSpool worker resumed
[9091779][I][STORAGE] Exclusive window end kind=enrichment result=manual_batch_built reason=manual_enrich_window
[9091779][I][BLE] enrichment request queued count=18 bytes=180
[9091779][I][BLE] Requested enrichment batch count=18 queued=0
[9091801][I][BLE] enrichment send mtu=247 attPayload=244 bytes=180 count=18
[9091903][I][BLE] enrichment batch sent plain=180 sealed=202 count=18 writeOk=1
[9092041][I][BLE] enrichment rx chunk cipher=142 queued=0
[9092122][I][BLE] enrichment rx chunk cipher=142 queued=0
[9092203][I][BLE] enrichment rx chunk cipher=142 queued=0
[9092274][I][BLE] enrichment rx chunk cipher=142 queued=0
[9092355][I][BLE] enrichment rx chunk cipher=142 queued=0
[9092446][I][BLE] enrichment rx chunk cipher=142 queued=0
[9092517][I][BLE] enrichment rx chunk cipher=142 queued=0
[9092608][I][BLE] enrichment rx chunk cipher=28 queued=0
[9092609][I][BLE] enrich_xfer_perf count=18 sendMs=103 waitMs=705 rxBytes=846
[9092609][I][BLE] enrichment batch received count=18 bytes=846
[9092609][I][BLE] enrichment batch consumed count=18
[9092610][I][BLE] Enrich batch queued count=18 queueSize=1
[9092610][I][BLE] Enrichment batch received count=18 claimed=18 queued=1
[9092621][I][BLE] Enrich drain begin count=18 queueSize=1 ageMs=11

===== CMD: companion status =====
[9095211][I][STORAGE] Spool enrich_batch applied=18 failed=0 batchFirstEventId=39462 batchLastEventId=39479 firstRecord=43689 lastRecord=43706 ms=1231
[9095212][I][BLE] enrich_perf count=18 applied=18 failed=0 deferred=0 storageMs=1889 pendingUpload=4472
[9095213][I][BLE] Enrich drain done applied=18 failed=0 deferred=0 queueSize=0
[9095213][I][BLE] Enrich torrent done drained=1 remaining=0 tookLease=0 preempt=0 elapsedMs=2593
companion status
[COMP] enabled=1
[COMP] external accessory=0 bleProxy=0 phoneConnected=0 phone=unknown rssi=0 ageMs=0
[COMP] wio link=idle sx1262=0 textInput=0
[COMP] phone=AVAILABLE work=ENRICHING
[COMP] bleBegun=1 bleRadio=1 bleState=SUBSCRIBED
[COMP] ready link=1 gps=1 freshGps=0 ctrl=1 enrich=1
[COMP] bleInitAgeMs=9070210 scanStartAgeMs=280797 disconnReason=0
[COMP] pendingEnrichMission=0 pendingEnrichNoise=1725 pendingEnrichTotal=1725
[COMP] hold manual=0 autoOffload=0 managerActive=0 prep=1 deadlineInMs=0 retryInMs=0
[COMP] lastProbeAgeMs=278706 lastEnrichAgeMs=298926
[COMP] radioOwner=ble_gps
[9095229][I][STORAGE] RAMSpool worker paused inflight=0 lastInflight=0
[9095230][I][STORAGE] Exclusive window begin kind=enrichment reason=manual_enrich_window workerPaused=1 displaySuspended=1
[9095230][I][BLE] Manual enrichment window batch count=18 active=1 noData=0 budgetExhausted=0 timeHit=0
[9095231][I][STORAGE] RAMSpool worker resumed
[9095231][I][STORAGE] Exclusive window end kind=enrichment result=manual_batch_built reason=manual_enrich_window
[9095231][I][BLE] enrichment request queued count=18 bytes=180
[9095231][I][BLE] Requested enrichment batch count=18 queued=0
[9095253][I][BLE] enrichment send mtu=247 attPayload=244 bytes=180 count=18
[9095293][I][BLE] enrichment batch sent plain=180 sealed=202 count=18 writeOk=1
[9095433][I][BLE] enrichment rx chunk cipher=142 queued=0
[9095524][I][BLE] enrichment rx chunk cipher=142 queued=0
[9095595][I][BLE] enrichment rx chunk cipher=142 queued=0
[9095677][I][BLE] enrichment rx chunk cipher=142 queued=0
[9095778][I][BLE] enrichment rx chunk cipher=142 queued=0
[9095839][I][BLE] enrichment rx chunk cipher=142 queued=0
[9095910][I][BLE] enrichment rx chunk cipher=142 queued=0
[9096001][I][BLE] enrichment rx chunk cipher=28 queued=0
[9096002][I][BLE] enrich_xfer_perf count=18 sendMs=41 waitMs=708 rxBytes=846
[9096002][I][BLE] enrichment batch received count=18 bytes=846
[9096002][I][BLE] enrichment batch consumed count=18
[9096002][I][BLE] Enrich batch queued count=18 queueSize=1
[9096003][I][BLE] Enrichment batch received count=18 claimed=18 queued=1
[9096014][I][BLE] Enrich drain begin count=18 queueSize=1 ageMs=12
[9098582][I][STORAGE] Spool enrich_batch applied=18 failed=0 batchFirstEventId=39480 batchLastEventId=39497 firstRecord=43707 lastRecord=43724 ms=1178
[9098583][I][BLE] enrich_perf count=18 applied=18 failed=0 deferred=0 storageMs=1849 pendingUpload=4472
[9098583][I][BLE] Enrich drain done applied=18 failed=0 deferred=0 queueSize=0
[9098583][I][BLE] Enrich torrent done drained=1 remaining=0 tookLease=0 preempt=0 elapsedMs=2570
[9098668][I][BLE] storage snapshot sent pendingUp=0/4472 pendingEnrich=0/2625 usedPct=28
[9098678][W][CORE] TaskHardware loop gap=2665ms owner=BLE_GPS pendingUpload=4472 maintPending=1 suppressed=3
[9098682][I][STORAGE] RAMSpool worker paused inflight=0 lastInflight=0
[9098683][I][STORAGE] Exclusive window begin kind=enrichment reason=manual_enrich_window workerPaused=1 displaySuspended=1
[9098683][I][BLE] Manual enrichment window batch count=18 active=1 noData=0 budgetExhausted=0 timeHit=0
[9098683][I][STORAGE] RAMSpool worker resumed
[9098684][I][STORAGE] Exclusive window end kind=enrichment result=manual_batch_built reason=manual_enrich_window
[9098684][I][BLE] enrichment request queued count=18 bytes=180
[9098684][I][BLE] Requested enrichment batch count=18 queued=0
[9098705][I][BLE] enrichment send mtu=247 attPayload=244 bytes=180 count=18
[9098728][I][BLE] enrichment batch sent plain=180 sealed=202 count=18 writeOk=1
[9098866][I][BLE] enrichment rx chunk cipher=142 queued=0
[9098957][I][BLE] enrichment rx chunk cipher=142 queued=0
[9099018][I][BLE] enrichment rx chunk cipher=142 queued=0
[9099109][I][BLE] enrichment rx chunk cipher=142 queued=0
[9099190][I][BLE] enrichment rx chunk cipher=142 queued=0
[9099271][I][BLE] enrichment rx chunk cipher=142 queued=0
[9099332][I][BLE] enrichment rx chunk cipher=142 queued=0
[9099413][I][BLE] enrichment rx chunk cipher=28 queued=0
[9099414][I][BLE] enrich_xfer_perf count=18 sendMs=24 waitMs=685 rxBytes=846
[9099414][I][BLE] enrichment batch received count=18 bytes=846
[9099414][I][BLE] enrichment batch consumed count=18
[9099415][I][BLE] Enrich batch queued count=18 queueSize=1
[9099415][I][BLE] Enrichment batch received count=18 claimed=18 queued=1
[9099426][I][BLE] Enrich drain begin count=18 queueSize=1 ageMs=11
[9100049][I][STORAGE] Spool enrich preflight rotate seg=649 bytes=24599 records=1023 enrich=1023 expected=18
[9101141][I][STORAGE] Spool rotate newSeg=650 format=bin_v2
[9101142][I][STORAGE] Spool diag[rotate] validSegments=67 untrustedSegments=0 invalidSegments=0 activeSegment=650 totalRecords=7867 storedEvents=4472 pendingUpload=unknown nextEventId=43725 backlog=unknown
[9103030][I][STORAGE] Spool enrich_batch applied=18 failed=0 batchFirstEventId=39498 batchLastEventId=39515 firstRecord=43725 lastRecord=43742 ms=675
[9103031][I][BLE] enrich_perf count=18 applied=18 failed=0 deferred=0 storageMs=1767 pendingUpload=4472
[9103031][I][BLE] Enrich drain done applied=18 failed=0 deferred=0 queueSize=0
[9103032][I][BLE] Enrich torrent done drained=1 remaining=0 tookLease=0 preempt=0 elapsedMs=3605
[9103046][I][STORAGE] RAMSpool worker paused inflight=0 lastInflight=0
[9103046][I][STORAGE] Exclusive window begin kind=enrichment reason=manual_enrich_window workerPaused=1 displaySuspended=1
[9103047][I][BLE] Manual enrichment window batch count=18 active=1 noData=0 budgetExhausted=0 timeHit=0
[9103047][I][STORAGE] RAMSpool worker resumed
[9103047][I][STORAGE] Exclusive window end kind=enrichment result=manual_batch_built reason=manual_enrich_window
[9103048][I][BLE] enrichment request queued count=18 bytes=180
[9103048][I][BLE] Requested enrichment batch count=18 queued=0
[9103069][I][BLE] enrichment send mtu=247 attPayload=244 bytes=180 count=18
[9103153][I][BLE] enrichment batch sent plain=180 sealed=202 count=18 writeOk=1
[9103309][I][BLE] enrichment rx chunk cipher=142 queued=0
[9103370][I][BLE] enrichment rx chunk cipher=142 queued=0
[9103451][I][BLE] enrichment rx chunk cipher=142 queued=0
[9103532][I][BLE] enrichment rx chunk cipher=142 queued=0
[9103623][I][BLE] enrichment rx chunk cipher=142 queued=0
[9103684][I][BLE] enrichment rx chunk cipher=142 queued=0
[9103765][I][BLE] enrichment rx chunk cipher=142 queued=0
[9103846][I][BLE] enrichment rx chunk cipher=28 queued=0
[9103847][I][BLE] enrich_xfer_perf count=18 sendMs=85 waitMs=693 rxBytes=846
[9103847][I][BLE] enrichment batch received count=18 bytes=846
[9103847][I][BLE] enrichment batch consumed count=18
[9103848][I][BLE] Enrich batch queued count=18 queueSize=1
[9103848][I][BLE] Enrichment batch received count=18 claimed=18 queued=1
[9103859][I][BLE] Enrich drain begin count=18 queueSize=1 ageMs=11
[9105740][I][STORAGE] Spool enrich_batch applied=18 failed=0 batchFirstEventId=39516 batchLastEventId=39533 firstRecord=43743 lastRecord=43760 ms=666
[9105741][I][BLE] enrich_perf count=18 applied=18 failed=0 deferred=0 storageMs=1252 pendingUpload=4472
[9105741][I][BLE] Enrich drain done applied=18 failed=0 deferred=0 queueSize=0
[9105741][I][BLE] Enrich torrent done drained=1 remaining=0 tookLease=0 preempt=0 elapsedMs=1883
[9105756][I][STORAGE] RAMSpool worker paused inflight=0 lastInflight=0
[9105756][I][STORAGE] Exclusive window begin kind=enrichment reason=manual_enrich_window workerPaused=1 displaySuspended=1
[9105757][I][BLE] Manual enrichment window batch count=18 active=1 noData=0 budgetExhausted=0 timeHit=0
[9105757][I][STORAGE] RAMSpool worker resumed
[9105757][I][STORAGE] Exclusive window end kind=enrichment result=manual_batch_built reason=manual_enrich_window
[9105758][I][BLE] enrichment request queued count=18 bytes=180
[9105758][I][BLE] Requested enrichment batch count=18 queued=0
[9105779][I][BLE] enrichment send mtu=247 attPayload=244 bytes=180 count=18
[9105868][I][BLE] enrichment batch sent plain=180 sealed=202 count=18 writeOk=1
[9106010][I][BLE] enrichment rx chunk cipher=142 queued=0
[9106101][I][BLE] enrichment rx chunk cipher=142 queued=0
[9106182][I][BLE] enrichment rx chunk cipher=142 queued=0
[9106253][I][BLE] enrichment rx chunk cipher=142 queued=0
[9106334][I][BLE] enrichment rx chunk cipher=142 queued=0
[9106425][I][BLE] enrichment rx chunk cipher=142 queued=0
[9106486][I][BLE] enrichment rx chunk cipher=142 queued=0
[9106577][I][BLE] enrichment rx chunk cipher=28 queued=0
[9106578][I][BLE] enrich_xfer_perf count=18 sendMs=90 waitMs=709 rxBytes=846
[9106578][I][BLE] enrichment batch received count=18 bytes=846
[9106578][I][BLE] enrichment batch consumed count=18
[9106579][I][BLE] Enrich batch queued count=18 queueSize=1
[9106579][I][BLE] Enrichment batch received count=18 claimed=18 queued=1
[9106590][I][BLE] Enrich drain begin count=18 queueSize=1 ageMs=12
[9108626][I][STORAGE] Spool enrich_batch applied=18 failed=0 batchFirstEventId=39534 batchLastEventId=39551 firstRecord=43761 lastRecord=43778 ms=681
[9108627][I][BLE] enrich_perf count=18 applied=18 failed=0 deferred=0 storageMs=1288 pendingUpload=4472
[9108627][I][BLE] Enrich drain done applied=18 failed=0 deferred=0 queueSize=0
[9108628][I][BLE] Enrich torrent done drained=1 remaining=0 tookLease=0 preempt=0 elapsedMs=2039
[9108642][I][STORAGE] RAMSpool worker paused inflight=0 lastInflight=0
[9108642][I][STORAGE] Exclusive window begin kind=enrichment reason=manual_enrich_window workerPaused=1 displaySuspended=1
[9108643][I][BLE] Manual enrichment window batch count=18 active=1 noData=0 budgetExhausted=0 timeHit=0
[9108643][I][STORAGE] RAMSpool worker resumed
[9108643][I][STORAGE] Exclusive window end kind=enrichment result=manual_batch_built reason=manual_enrich_window
[9108644][I][BLE] enrichment request queued count=18 bytes=180
[9108644][I][BLE] Requested enrichment batch count=18 queued=0
[9108665][I][BLE] enrichment send mtu=247 attPayload=244 bytes=180 count=18
[9108763][I][BLE] enrichment batch sent plain=180 sealed=202 count=18 writeOk=1
[9108916][I][BLE] enrichment rx chunk cipher=142 queued=0
[9108977][I][BLE] enrichment rx chunk cipher=142 queued=0
[9109068][I][BLE] enrichment rx chunk cipher=142 queued=0
[9109129][I][BLE] enrichment rx chunk cipher=142 queued=0
[9109220][I][BLE] enrichment rx chunk cipher=142 queued=0
[9109301][I][BLE] enrichment rx chunk cipher=142 queued=0
[9109386][I][BLE] enrichment rx chunk cipher=142 queued=0
[9109447][I][BLE] enrichment rx chunk cipher=28 queued=0
[9109448][I][BLE] enrich_xfer_perf count=18 sendMs=99 waitMs=684 rxBytes=846
[9109448][I][BLE] enrichment batch received count=18 bytes=846
[9109448][I][BLE] enrichment batch consumed count=18
[9109448][I][BLE] Enrich batch queued count=18 queueSize=1
[9109449][I][BLE] Enrichment batch received count=18 claimed=18 queued=1
[9109460][I][BLE] Enrich drain begin count=18 queueSize=1 ageMs=12
[9111436][I][STORAGE] Spool enrich_batch applied=18 failed=0 batchFirstEventId=39552 batchLastEventId=39569 firstRecord=43779 lastRecord=43796 ms=693
[9111437][I][BLE] enrich_perf count=18 applied=18 failed=0 deferred=0 storageMs=1317 pendingUpload=4472
[9111437][I][BLE] Enrich drain done applied=18 failed=0 deferred=0 queueSize=0
[9111438][I][BLE] Enrich torrent done drained=1 remaining=0 tookLease=0 preempt=0 elapsedMs=1978
[9111448][W][CORE] TaskHardware loop gap=1989ms owner=BLE_GPS pendingUpload=4472 maintPending=1 suppressed=3
[9111452][I][STORAGE] RAMSpool worker paused inflight=0 lastInflight=0
[9111453][I][STORAGE] Exclusive window begin kind=enrichment reason=manual_enrich_window workerPaused=1 displaySuspended=1
[9111453][I][BLE] Manual enrichment window batch count=18 active=1 noData=0 budgetExhausted=0 timeHit=0
[9111453][I][STORAGE] RAMSpool worker resumed
[9111454][I][STORAGE] Exclusive window end kind=enrichment result=manual_batch_built reason=manual_enrich_window
[9111454][I][BLE] enrichment request queued count=18 bytes=180
[9111454][I][BLE] Requested enrichment batch count=18 queued=0
[9111475][I][BLE] enrichment send mtu=247 attPayload=244 bytes=180 count=18
[9111508][I][BLE] enrichment batch sent plain=180 sealed=202 count=18 writeOk=1
[9111645][I][BLE] enrichment rx chunk cipher=142 queued=0
[9111747][I][BLE] enrichment rx chunk cipher=142 queued=0
[9111818][I][BLE] enrichment rx chunk cipher=142 queued=0
[9111899][I][BLE] enrichment rx chunk cipher=142 queued=0
[9111960][I][BLE] enrichment rx chunk cipher=142 queued=0
[9112062][I][BLE] enrichment rx chunk cipher=142 queued=0
[9112133][I][BLE] enrichment rx chunk cipher=142 queued=0
[9112214][I][BLE] enrichment rx chunk cipher=28 queued=0
[9112215][I][BLE] enrich_xfer_perf count=18 sendMs=34 waitMs=706 rxBytes=846
[9112215][I][BLE] enrichment batch received count=18 bytes=846
[9112215][I][BLE] enrichment batch consumed count=18
[9112216][I][BLE] Enrich batch queued count=18 queueSize=1
[9112216][I][BLE] Enrichment batch received count=18 claimed=18 queued=1
[9112227][I][BLE] Enrich drain begin count=18 queueSize=1 ageMs=11
[9114257][I][STORAGE] Spool enrich_batch applied=18 failed=0 batchFirstEventId=39570 batchLastEventId=39587 firstRecord=43797 lastRecord=43814 ms=715
[9114258][I][BLE] enrich_perf count=18 applied=18 failed=0 deferred=0 storageMs=1352 pendingUpload=4472
[9114258][I][BLE] Enrich drain done applied=18 failed=0 deferred=0 queueSize=0
[9114259][I][BLE] Enrich torrent done drained=1 remaining=0 tookLease=0 preempt=0 elapsedMs=2031
[9114343][I][BLE] storage snapshot sent pendingUp=0/4472 pendingEnrich=0/2625 usedPct=28
[9114357][I][STORAGE] RAMSpool worker paused inflight=0 lastInflight=0
[9114357][I][STORAGE] Exclusive window begin kind=enrichment reason=manual_enrich_window workerPaused=1 displaySuspended=1
[9114358][I][BLE] Manual enrichment window batch count=18 active=1 noData=0 budgetExhausted=0 timeHit=0
[9114358][I][STORAGE] RAMSpool worker resumed
[9114358][I][STORAGE] Exclusive window end kind=enrichment result=manual_batch_built reason=manual_enrich_window
[9114359][I][BLE] enrichment request queued count=18 bytes=180
[9114359][I][BLE] Requested enrichment batch count=18 queued=0
[9114380][I][BLE] enrichment send mtu=247 attPayload=244 bytes=180 count=18
[9114403][I][BLE] enrichment batch sent plain=180 sealed=202 count=18 writeOk=1
[9114551][I][BLE] enrichment rx chunk cipher=142 queued=0

===== CMD: companion status =====
[9114632][I][BLE] enrichment rx chunk cipher=142 queued=0
companion status
[COMP] enabled=1
[COMP] external accessory=0 bleProxy=0 phoneConnected=0 phone=unknown rssi=0 ageMs=0
[COMP] wio link=idle sx1262=0 textInput=0
[COMP] phone=AVAILABLE work=ENRICHING
[COMP] bleBegun=1 bleRadio=1 bleState=SUBSCRIBED
[COMP] ready link=1 gps=1 freshGps=0 ctrl=1 enrich=1
[COMP] bleInitAgeMs=9089667 scanStartAgeMs=300254 disconnReason=0
[COMP] pendingEnrichMission=0 pendingEnrichNoise=1599 pendingEnrichTotal=1599
[COMP] hold manual=0 autoOffload=0 managerActive=0 prep=1 deadlineInMs=0 retryInMs=0
[COMP] lastProbeAgeMs=300758 lastEnrichAgeMs=320978
[COMP] radioOwner=ble_gps
[9114716][I][BLE] enrichment rx chunk cipher=142 queued=0
[9114787][I][BLE] enrichment rx chunk cipher=142 queued=0
[9114868][I][BLE] enrichment rx chunk cipher=142 queued=0
[9114949][I][BLE] enrichment rx chunk cipher=142 queued=0
[9115010][I][BLE] enrichment rx chunk cipher=142 queued=0
[9115101][I][BLE] enrichment rx chunk cipher=28 queued=0
[9115102][I][BLE] enrich_xfer_perf count=18 sendMs=24 waitMs=698 rxBytes=846
[9115102][I][BLE] enrichment batch received count=18 bytes=846
[9115102][I][BLE] enrichment batch consumed count=18
[9115103][I][BLE] Enrich batch queued count=18 queueSize=1
[9115103][I][BLE] Enrichment batch received count=18 claimed=18 queued=1
[9115114][I][BLE] Enrich drain begin count=18 queueSize=1 ageMs=11
[9117202][I][STORAGE] Spool enrich_batch applied=18 failed=0 batchFirstEventId=39588 batchLastEventId=39605 firstRecord=43815 lastRecord=43832 ms=736
[9117203][I][BLE] enrich_perf count=18 applied=18 failed=0 deferred=0 storageMs=1389 pendingUpload=4472
[9117203][I][BLE] Enrich drain done applied=18 failed=0 deferred=0 queueSize=0
[9117204][I][BLE] Enrich torrent done drained=1 remaining=0 tookLease=0 preempt=0 elapsedMs=2090
[9117205][I][STACK] TaskHardware watermark=7888B min=7888B
[9117209][I][HEAP] heap free=3858KB min=3791KB largest=3776KB frag=2% internalFree=40KB internalLargest=11KB psramFree=3818KB core=75/59% owner=BLE_GPS nets=9 pendingUpload=? pendingEnrich=2625
[HEALTH] time=2026-08-16 14:45:08 src=gps
[HEALTH] heap used=4594/8452KB free=3858KB min=3791KB largest=3776KB frag=2%
[HEALTH] internal used=220/260KB free=40KB min=0KB largest=11KB
[HEALTH] psram used=4374/8192KB free=3818KB largest=3776KB
[HEALTH] stack free_min: core0=8KB/18KB core1=5KB/10KB
[HEALTH] loopTask free_min=3080B/5120B
[HEALTH] core usage: core0=75% core1=59%
[HEALTH] power=usb state=usb batt=100% 4714mV trend=6mV/min runtime=0min cap=1100mAh charging=1
[HEALTH] radio=BLE_GPS wifi=0 ble=1 gps=0 nets=9 pendingUpload=? pendingEnrich=2625
[HEALTH] subghz=NONE mode=OFF pkts=0 nodes=0
[9117212][I][STACK] TaskStorage watermark=1896B
[9117212][I][STORAGE] RAMSpool enq=553 cons=553 inflight=0/1024 high=2 pressure=0 drop[full=0 big=0 noise=0 p3Evict=0 p3Drop=0 p2Drop=0 p1Fail=0] free=1024
[9117213][I][STORAGE] RAMSpool enqueue probe[ok=521 drop=0] device[ok=32 drop=0]
[9117213][I][STORAGE] RAMSpool worker probe[ok=521 sup=0 drop=0 fail=0 slow=0] device[ok=31 sup=1 drop=0 fail=0 slow=0] slowTotal=0 maxMs=0
[9117214][I][STORAGE] RAMSpool prioEnq p0=0 p1=0 p2=553 p3=0
[9117214][I][STORAGE] RAMSpool lanes p1=0/0 p2=0/1 p3=0/0
[9117227][I][STORAGE] RAMSpool worker paused inflight=0 lastInflight=0
[9117227][I][STORAGE] Exclusive window begin kind=enrichment reason=manual_enrich_window workerPaused=1 displaySuspended=1
[9117228][I][BLE] Manual enrichment window batch count=18 active=1 noData=0 budgetExhausted=0 timeHit=0
[9117228][I][STORAGE] RAMSpool worker resumed
[9117228][I][STORAGE] Exclusive window end kind=enrichment result=manual_batch_built reason=manual_enrich_window
[9117229][I][BLE] enrichment request queued count=18 bytes=180
[9117229][I][BLE] Requested enrichment batch count=18 queued=0
[9117250][I][BLE] enrichment send mtu=247 attPayload=244 bytes=180 count=18
[9117328][I][BLE] enrichment batch sent plain=180 sealed=202 count=18 writeOk=1
[9117480][I][BLE] enrichment rx chunk cipher=142 queued=0
[9117551][I][BLE] enrichment rx chunk cipher=142 queued=0
[9117632][I][BLE] enrichment rx chunk cipher=142 queued=0
[9117693][I][BLE] enrichment rx chunk cipher=142 queued=0
[9117794][I][BLE] enrichment rx chunk cipher=142 queued=0
[9117855][I][BLE] enrichment rx chunk cipher=142 queued=0
[9117937][I][BLE] enrichment rx chunk cipher=142 queued=0
[9118018][I][BLE] enrichment rx chunk cipher=28 queued=0
[9118019][I][BLE] enrich_xfer_perf count=18 sendMs=79 waitMs=690 rxBytes=846
[9118019][I][BLE] enrichment batch received count=18 bytes=846
[9118019][I][BLE] enrichment batch consumed count=18
[9118020][I][BLE] Enrich batch queued count=18 queueSize=1
[9118020][I][BLE] Enrichment batch received count=18 claimed=18 queued=1
[9118031][I][BLE] Enrich drain begin count=18 queueSize=1 ageMs=11
[9120169][I][STORAGE] Spool enrich_batch applied=18 failed=0 batchFirstEventId=39606 batchLastEventId=39623 firstRecord=43833 lastRecord=43850 ms=753
[9120169][I][BLE] enrich_perf count=18 applied=18 failed=0 deferred=0 storageMs=1420 pendingUpload=4472
[9120170][I][BLE] Enrich drain done applied=18 failed=0 deferred=0 queueSize=0
[9120170][I][BLE] Enrich torrent done drained=1 remaining=0 tookLease=0 preempt=0 elapsedMs=2140
[9120184][I][STORAGE] RAMSpool worker paused inflight=0 lastInflight=0
[9120184][I][STORAGE] Exclusive window begin kind=enrichment reason=manual_enrich_window workerPaused=1 displaySuspended=1
[9120185][I][BLE] Manual enrichment window batch count=18 active=1 noData=0 budgetExhausted=0 timeHit=0
[9120185][I][STORAGE] RAMSpool worker resumed
[9120185][I][STORAGE] Exclusive window end kind=enrichment result=manual_batch_built reason=manual_enrich_window
[9120185][I][BLE] enrichment request queued count=18 bytes=180
[9120186][I][BLE] Requested enrichment batch count=18 queued=0
[9120207][I][BLE] enrichment send mtu=247 attPayload=244 bytes=180 count=18
[9120328][I][BLE] enrichment batch sent plain=180 sealed=202 count=18 writeOk=1
[9120477][I][BLE] enrichment rx chunk cipher=142 queued=0
[9120559][I][BLE] enrichment rx chunk cipher=142 queued=0
[9120620][I][BLE] enrichment rx chunk cipher=142 queued=0
[9120721][I][BLE] enrichment rx chunk cipher=142 queued=0
[9120782][I][BLE] enrichment rx chunk cipher=142 queued=0
[9120863][I][BLE] enrichment rx chunk cipher=142 queued=0
[9120944][I][BLE] enrichment rx chunk cipher=142 queued=0
[9121025][I][BLE] enrichment rx chunk cipher=28 queued=0
[9121026][I][BLE] enrich_xfer_perf count=18 sendMs=121 waitMs=697 rxBytes=846
[9121026][I][BLE] enrichment batch received count=18 bytes=846
[9121026][I][BLE] enrichment batch consumed count=18
[9121027][I][BLE] Enrich batch queued count=18 queueSize=1
[9121027][I][BLE] Enrichment batch received count=18 claimed=18 queued=1
[9121038][I][BLE] Enrich drain begin count=18 queueSize=1 ageMs=11
[9121096][I][STACK] TaskButtons watermark=1784B min=1784B
[9123581][I][STORAGE] Spool enrich_batch applied=18 failed=0 batchFirstEventId=39624 batchLastEventId=39641 firstRecord=43851 lastRecord=43868 ms=1122
[9123582][I][BLE] enrich_perf count=18 applied=18 failed=0 deferred=0 storageMs=1806 pendingUpload=4472
[9123582][I][BLE] Enrich drain done applied=18 failed=0 deferred=0 queueSize=0
[9123583][I][BLE] Enrich torrent done drained=1 remaining=0 tookLease=0 preempt=0 elapsedMs=2545
[9123593][W][CORE] TaskHardware loop gap=2556ms owner=BLE_GPS pendingUpload=4472 maintPending=1 suppressed=3
[9123597][I][BLE] worker stack free=7372B min=7372B
[9123598][I][STORAGE] RAMSpool worker paused inflight=0 lastInflight=0
[9123599][I][STORAGE] Exclusive window begin kind=enrichment reason=manual_enrich_window workerPaused=1 displaySuspended=1
[9123599][I][BLE] Manual enrichment window batch count=18 active=1 noData=0 budgetExhausted=0 timeHit=0
[9123599][I][STORAGE] RAMSpool worker resumed
[9123600][I][STORAGE] Exclusive window end kind=enrichment result=manual_batch_built reason=manual_enrich_window
[9123600][I][BLE] enrichment request queued count=18 bytes=180
[9123600][I][BLE] Requested enrichment batch count=18 queued=0
[9123621][I][BLE] enrichment send mtu=247 attPayload=244 bytes=180 count=18
[9123703][I][BLE] enrichment batch sent plain=180 sealed=202 count=18 writeOk=1
[9123841][I][BLE] enrichment rx chunk cipher=142 queued=0
[9123932][I][BLE] enrichment rx chunk cipher=142 queued=0
[9123993][I][BLE] enrichment rx chunk cipher=142 queued=0
[9124084][I][BLE] enrichment rx chunk cipher=142 queued=0
[9124165][I][BLE] enrichment rx chunk cipher=142 queued=0
[9124236][I][BLE] enrichment rx chunk cipher=142 queued=0
[9124307][I][BLE] enrichment rx chunk cipher=142 queued=0
[9124408][I][BLE] enrichment rx chunk cipher=28 queued=0
[9124409][I][BLE] enrich_xfer_perf count=18 sendMs=83 waitMs=705 rxBytes=846
[9124409][I][BLE] enrichment batch received count=18 bytes=846
[9124409][I][BLE] enrichment batch consumed count=18
[9124410][I][BLE] Enrich batch queued count=18 queueSize=1
[9124410][I][BLE] Enrichment batch received count=18 claimed=18 queued=1
[9124421][I][BLE] Enrich drain begin count=18 queueSize=1 ageMs=11
[9126300][I][STORAGE] Spool enrich_batch applied=18 failed=0 batchFirstEventId=39642 batchLastEventId=39659 firstRecord=43869 lastRecord=43886 ms=673
[9126301][I][BLE] enrich_perf count=18 applied=18 failed=0 deferred=0 storageMs=1253 pendingUpload=4472
[9126301][I][BLE] Enrich drain done applied=18 failed=0 deferred=0 queueSize=0
[9126301][I][BLE] Enrich torrent done drained=1 remaining=0 tookLease=0 preempt=0 elapsedMs=1881
[9126316][I][STORAGE] RAMSpool worker paused inflight=0 lastInflight=0
[9126316][I][STORAGE] Exclusive window begin kind=enrichment reason=manual_enrich_window workerPaused=1 displaySuspended=1
[9126317][I][BLE] Manual enrichment window batch count=18 active=1 noData=0 budgetExhausted=0 timeHit=0
[9126317][I][STORAGE] RAMSpool worker resumed
[9126317][I][STORAGE] Exclusive window end kind=enrichment result=manual_batch_built reason=manual_enrich_window
[9126318][I][BLE] enrichment request queued count=18 bytes=180
[9126318][I][BLE] Requested enrichment batch count=18 queued=0
[9126339][I][BLE] enrichment send mtu=247 attPayload=244 bytes=180 count=18
[9126433][I][BLE] enrichment batch sent plain=180 sealed=202 count=18 writeOk=1
[9126589][I][BLE] enrichment rx chunk cipher=142 queued=0
[9126660][I][BLE] enrichment rx chunk cipher=142 queued=0
[9126721][I][BLE] enrichment rx chunk cipher=142 queued=0
[9126812][I][BLE] enrichment rx chunk cipher=142 queued=0
[9126893][I][BLE] enrichment rx chunk cipher=142 queued=0
[9126974][I][BLE] enrichment rx chunk cipher=142 queued=0
[9127035][I][BLE] enrichment rx chunk cipher=142 queued=0
[9127137][I][BLE] enrichment rx chunk cipher=28 queued=0
[9127138][I][BLE] enrich_xfer_perf count=18 sendMs=95 waitMs=704 rxBytes=846
[9127138][I][BLE] enrichment batch received count=18 bytes=846
[9127138][I][BLE] enrichment batch consumed count=18
[9127139][I][BLE] Enrich batch queued count=18 queueSize=1
[9127139][I][BLE] Enrichment batch received count=18 claimed=18 queued=1
[9127150][I][BLE] Enrich drain begin count=18 queueSize=1 ageMs=11
[9129171][I][STORAGE] Spool enrich_batch applied=18 failed=0 batchFirstEventId=39660 batchLastEventId=39677 firstRecord=43887 lastRecord=43904 ms=688
[9129172][I][BLE] enrich_perf count=18 applied=18 failed=0 deferred=0 storageMs=1284 pendingUpload=4472
[9129172][I][BLE] Enrich drain done applied=18 failed=0 deferred=0 queueSize=0
[9129173][I][BLE] Enrich torrent done drained=1 remaining=0 tookLease=0 preempt=0 elapsedMs=2023
[9129187][I][STORAGE] RAMSpool worker paused inflight=0 lastInflight=0
[9129187][I][STORAGE] Exclusive window begin kind=enrichment reason=manual_enrich_window workerPaused=1 displaySuspended=1
[9129188][I][BLE] Manual enrichment window batch count=18 active=1 noData=0 budgetExhausted=0 timeHit=0
[9129188][I][STORAGE] RAMSpool worker resumed
[9129188][I][STORAGE] Exclusive window end kind=enrichment result=manual_batch_built reason=manual_enrich_window
[9129188][I][BLE] enrichment request queued count=18 bytes=180
[9129189][I][BLE] Requested enrichment batch count=18 queued=0
[9129210][I][BLE] enrichment send mtu=247 attPayload=244 bytes=180 count=18
[9129253][I][BLE] enrichment batch sent plain=180 sealed=202 count=18 writeOk=1
[9129283][I][BLE] storage snapshot sent pendingUp=0/4472 pendingEnrich=0/2625 usedPct=28
[9129404][I][BLE] enrichment rx chunk cipher=142 queued=0
[9129485][I][BLE] enrichment rx chunk cipher=142 queued=0
[9129556][I][BLE] enrichment rx chunk cipher=142 queued=0
[9129647][I][BLE] enrichment rx chunk cipher=142 queued=0
[9129728][I][BLE] enrichment rx chunk cipher=142 queued=0
[9129809][I][BLE] enrichment rx chunk cipher=142 queued=0
[9129870][I][BLE] enrichment rx chunk cipher=142 queued=0
[9129972][I][BLE] enrichment rx chunk cipher=28 queued=0
[9129973][I][BLE] enrich_xfer_perf count=18 sendMs=44 waitMs=719 rxBytes=846
[9129973][I][BLE] enrichment batch received count=18 bytes=846
[9129973][I][BLE] enrichment batch consumed count=18
[9129974][I][BLE] Enrich batch queued count=18 queueSize=1
[9129974][I][BLE] Enrichment batch received count=18 claimed=18 queued=1
[9129985][I][BLE] Enrich drain begin count=18 queueSize=1 ageMs=11
[9131940][I][STORAGE] Spool enrich_batch applied=18 failed=0 batchFirstEventId=39678 batchLastEventId=39695 firstRecord=43905 lastRecord=43922 ms=701
[9131941][I][BLE] enrich_perf count=18 applied=18 failed=0 deferred=0 storageMs=1310 pendingUpload=4472
[9131941][I][BLE] Enrich drain done applied=18 failed=0 deferred=0 queueSize=0
[9131941][I][BLE] Enrich torrent done drained=1 remaining=0 tookLease=0 preempt=0 elapsedMs=1957
[9131955][I][STORAGE] RAMSpool worker paused inflight=0 lastInflight=0
[9131955][I][STORAGE] Exclusive window begin kind=enrichment reason=manual_enrich_window workerPaused=1 displaySuspended=1
[9131956][I][BLE] Manual enrichment window batch count=18 active=1 noData=0 budgetExhausted=0 timeHit=0
[9131956][I][STORAGE] RAMSpool worker resumed
[9131956][I][STORAGE] Exclusive window end kind=enrichment result=manual_batch_built reason=manual_enrich_window
[9131957][I][BLE] enrichment request queued count=18 bytes=180
[9131957][I][BLE] Requested enrichment batch count=18 queued=0
[9131978][I][BLE] enrichment send mtu=247 attPayload=244 bytes=180 count=18
[9132013][I][BLE] enrichment batch sent plain=180 sealed=202 count=18 writeOk=1
[9132159][I][BLE] enrichment rx chunk cipher=142 queued=0
[9132250][I][BLE] enrichment rx chunk cipher=142 queued=0
[9132331][I][BLE] enrichment rx chunk cipher=142 queued=0
[9132392][I][BLE] enrichment rx chunk cipher=142 queued=0
[9132473][I][BLE] enrichment rx chunk cipher=142 queued=0
[9132574][I][BLE] enrichment rx chunk cipher=142 queued=0
[9132635][I][BLE] enrichment rx chunk cipher=142 queued=0
[9132706][I][BLE] enrichment rx chunk cipher=28 queued=0
[9132707][I][BLE] enrich_xfer_perf count=18 sendMs=36 waitMs=693 rxBytes=846
[9132707][I][BLE] enrichment batch received count=18 bytes=846
[9132707][I][BLE] enrichment batch consumed count=18
[9132708][I][BLE] Enrich batch queued count=18 queueSize=1
[9132708][I][BLE] Enrichment batch received count=18 claimed=18 queued=1
[9132719][I][BLE] Enrich drain begin count=18 queueSize=1 ageMs=11

===== CMD: companion status =====
[9134839][I][STORAGE] Spool enrich_batch applied=18 failed=0 batchFirstEventId=39696 batchLastEventId=39713 firstRecord=43923 lastRecord=43940 ms=830
[9134840][I][BLE] enrich_perf count=18 applied=18 failed=0 deferred=0 storageMs=1455 pendingUpload=4472
[9134840][I][BLE] Enrich drain done applied=18 failed=0 deferred=0 queueSize=0
[9134841][I][BLE] Enrich torrent done drained=1 remaining=0 tookLease=0 preempt=0 elapsedMs=2122
[9134851][W][CORE] TaskHardware loop gap=2133ms owner=BLE_GPS pendingUpload=4472 maintPending=1 suppressed=3
companion status
[COMP] enabled=1
[COMP] external accessory=0 bleProxy=0 phoneConnected=0 phone=unknown rssi=0 ageMs=0
[COMP] wio link=idle sx1262=0 textInput=0
[COMP] phone=AVAILABLE work=ENRICHING
[COMP] bleBegun=1 bleRadio=1 bleState=SUBSCRIBED
[COMP] ready link=1 gps=1 freshGps=0 ctrl=1 enrich=1
[COMP] bleInitAgeMs=9109839 scanStartAgeMs=320426 disconnReason=0
[COMP] pendingEnrichMission=0 pendingEnrichNoise=1491 pendingEnrichTotal=1491
[COMP] hold manual=0 autoOffload=0 managerActive=0 prep=1 deadlineInMs=0 retryInMs=0
[COMP] lastProbeAgeMs=318804 lastEnrichAgeMs=339024
[COMP] radioOwner=ble_gps
[9134858][I][STORAGE] RAMSpool worker paused inflight=0 lastInflight=0
[9134858][I][STORAGE] Exclusive window begin kind=enrichment reason=manual_enrich_window workerPaused=1 displaySuspended=1
[9134859][I][BLE] Manual enrichment window batch count=18 active=1 noData=0 budgetExhausted=0 timeHit=0
[9134859][I][STORAGE] RAMSpool worker resumed
[9134859][I][STORAGE] Exclusive window end kind=enrichment result=manual_batch_built reason=manual_enrich_window
[9134860][I][BLE] enrichment request queued count=18 bytes=180
[9134860][I][BLE] Requested enrichment batch count=18 queued=0
[9134881][I][BLE] enrichment send mtu=247 attPayload=244 bytes=180 count=18
[9134968][I][BLE] enrichment batch sent plain=180 sealed=202 count=18 writeOk=1
[9135101][I][BLE] enrichment rx chunk cipher=142 queued=0
[9135182][I][BLE] enrichment rx chunk cipher=142 queued=0
[9135243][I][BLE] enrichment rx chunk cipher=142 queued=0
[9135344][I][BLE] enrichment rx chunk cipher=142 queued=0
[9135405][I][BLE] enrichment rx chunk cipher=142 queued=0
[9135487][I][BLE] enrichment rx chunk cipher=142 queued=0
[9135558][I][BLE] enrichment rx chunk cipher=142 queued=0
[9135659][I][BLE] enrichment rx chunk cipher=28 queued=0
[9135660][I][BLE] enrich_xfer_perf count=18 sendMs=88 waitMs=691 rxBytes=846
[9135660][I][BLE] enrichment batch received count=18 bytes=846
[9135660][I][BLE] enrichment batch consumed count=18
[9135661][I][BLE] Enrich batch queued count=18 queueSize=1
[9135661][I][BLE] Enrichment batch received count=18 claimed=18 queued=1
[9135672][I][BLE] Enrich drain begin count=18 queueSize=1 ageMs=11
[9137775][I][STORAGE] Spool enrich_batch applied=18 failed=0 batchFirstEventId=39714 batchLastEventId=39731 firstRecord=43941 lastRecord=43958 ms=780
[9137775][I][BLE] enrich_perf count=18 applied=18 failed=0 deferred=0 storageMs=1418 pendingUpload=4472
[9137776][I][BLE] Enrich drain done applied=18 failed=0 deferred=0 queueSize=0
[9137776][I][BLE] Enrich torrent done drained=1 remaining=0 tookLease=0 preempt=0 elapsedMs=2104
[9137790][I][STORAGE] RAMSpool worker paused inflight=0 lastInflight=0
[9137790][I][STORAGE] Exclusive window begin kind=enrichment reason=manual_enrich_window workerPaused=1 displaySuspended=1
[9137791][I][BLE] Manual enrichment window batch count=18 active=1 noData=0 budgetExhausted=0 timeHit=0
[9137791][I][STORAGE] RAMSpool worker resumed
[9137791][I][STORAGE] Exclusive window end kind=enrichment result=manual_batch_built reason=manual_enrich_window
[9137791][I][BLE] enrichment request queued count=18 bytes=180
[9137792][I][BLE] Requested enrichment batch count=18 queued=0
[9137813][I][BLE] enrichment send mtu=247 attPayload=244 bytes=180 count=18
[9137893][I][BLE] enrichment batch sent plain=180 sealed=202 count=18 writeOk=1
[9138035][I][BLE] enrichment rx chunk cipher=142 queued=0
[9138116][I][BLE] enrichment rx chunk cipher=142 queued=0
[9138187][I][BLE] enrichment rx chunk cipher=142 queued=0
[9138268][I][BLE] enrichment rx chunk cipher=142 queued=0
[9138349][I][BLE] enrichment rx chunk cipher=142 queued=0
[9138430][I][BLE] enrichment rx chunk cipher=142 queued=0
[9138511][I][BLE] enrichment rx chunk cipher=142 queued=0
[9138572][I][BLE] enrichment rx chunk cipher=28 queued=0
[9138573][I][BLE] enrich_xfer_perf count=18 sendMs=81 waitMs=679 rxBytes=846
[9138573][I][BLE] enrichment batch received count=18 bytes=846
[9138573][I][BLE] enrichment batch consumed count=18
[9138574][I][BLE] Enrich batch queued count=18 queueSize=1
[9138574][I][BLE] Enrichment batch received count=18 claimed=18 queued=1
[9138585][I][BLE] Enrich drain begin count=18 queueSize=1 ageMs=11
[9140735][I][STORAGE] Spool enrich_batch applied=18 failed=0 batchFirstEventId=39732 batchLastEventId=39749 firstRecord=43959 lastRecord=43976 ms=790
[9140736][I][BLE] enrich_perf count=18 applied=18 failed=0 deferred=0 storageMs=1446 pendingUpload=4472
[9140736][I][BLE] Enrich drain done applied=18 failed=0 deferred=0 queueSize=0
[9140736][I][BLE] Enrich torrent done drained=1 remaining=0 tookLease=0 preempt=0 elapsedMs=2152
[9140751][I][STORAGE] RAMSpool worker paused inflight=0 lastInflight=0
[9140751][I][STORAGE] Exclusive window begin kind=enrichment reason=manual_enrich_window workerPaused=1 displaySuspended=1
[9140752][I][BLE] Manual enrichment window batch count=18 active=1 noData=0 budgetExhausted=0 timeHit=0
[9140752][I][STORAGE] RAMSpool worker resumed
[9140752][I][STORAGE] Exclusive window end kind=enrichment result=manual_batch_built reason=manual_enrich_window
[9140752][I][BLE] enrichment request queued count=18 bytes=180
[9140753][I][BLE] Requested enrichment batch count=18 queued=0
[9140774][I][BLE] enrichment send mtu=247 attPayload=244 bytes=180 count=18
[9140878][I][BLE] enrichment batch sent plain=180 sealed=202 count=18 writeOk=1
[9141014][I][BLE] enrichment rx chunk cipher=142 queued=0
[9141075][I][BLE] enrichment rx chunk cipher=142 queued=0
[9141177][I][BLE] enrichment rx chunk cipher=142 queued=0
[9141248][I][BLE] enrichment rx chunk cipher=142 queued=0
[9141329][I][BLE] enrichment rx chunk cipher=142 queued=0
[9141390][I][BLE] enrichment rx chunk cipher=142 queued=0
[9141492][I][BLE] enrichment rx chunk cipher=142 queued=0
[9141563][I][BLE] enrichment rx chunk cipher=28 queued=0
[9141564][I][BLE] enrich_xfer_perf count=18 sendMs=105 waitMs=685 rxBytes=846
[9141564][I][BLE] enrichment batch received count=18 bytes=846
[9141564][I][BLE] enrichment batch consumed count=18
[9141565][I][BLE] Enrich batch queued count=18 queueSize=1
[9141565][I][BLE] Enrichment batch received count=18 claimed=18 queued=1
[9141576][I][BLE] Enrich drain begin count=18 queueSize=1 ageMs=11
[9143780][I][STORAGE] Spool enrich_batch applied=18 failed=0 batchFirstEventId=39750 batchLastEventId=39767 firstRecord=43977 lastRecord=43994 ms=812
[9143781][I][BLE] enrich_perf count=18 applied=18 failed=0 deferred=0 storageMs=1481 pendingUpload=4472
[9143782][I][BLE] Enrich drain done applied=18 failed=0 deferred=0 queueSize=0
[9143782][I][BLE] Enrich torrent done drained=1 remaining=0 tookLease=0 preempt=0 elapsedMs=2206
[9143796][I][STORAGE] RAMSpool worker paused inflight=0 lastInflight=0
[9143796][I][STORAGE] Exclusive window begin kind=enrichment reason=manual_enrich_window workerPaused=1 displaySuspended=1
[9143797][I][BLE] Manual enrichment window batch count=18 active=1 noData=0 budgetExhausted=0 timeHit=0
[9143797][I][STORAGE] RAMSpool worker resumed
[9143797][I][STORAGE] Exclusive window end kind=enrichment result=manual_batch_built reason=manual_enrich_window
[9143797][I][BLE] enrichment request queued count=18 bytes=180
[9143798][I][BLE] Requested enrichment batch count=18 queued=0
[9143819][I][BLE] enrichment send mtu=247 attPayload=244 bytes=180 count=18
[9143923][I][BLE] enrichment batch sent plain=180 sealed=202 count=18 writeOk=1
[9144079][I][BLE] enrichment rx chunk cipher=142 queued=0
[9144140][I][BLE] enrichment rx chunk cipher=142 queued=0
[9144221][I][BLE] enrichment rx chunk cipher=142 queued=0
[9144283][I][BLE] storage snapshot sent pendingUp=0/4472 pendingEnrich=0/2625 usedPct=28
[9144324][I][BLE] enrichment rx chunk cipher=142 queued=0
[9144385][I][BLE] enrichment rx chunk cipher=142 queued=0
[9144456][I][BLE] enrichment rx chunk cipher=142 queued=0
[9144527][I][BLE] enrichment rx chunk cipher=142 queued=0
[9144618][I][BLE] enrichment rx chunk cipher=28 queued=0
[9144618][I][BLE] enrich_xfer_perf count=18 sendMs=105 waitMs=695 rxBytes=846
[9144619][I][BLE] enrichment batch received count=18 bytes=846
[9144619][I][BLE] enrichment batch consumed count=18
[9144619][I][BLE] Enrich batch queued count=18 queueSize=1
[9144620][I][BLE] Enrichment batch received count=18 claimed=18 queued=1
[9144631][I][BLE] Enrich drain begin count=18 queueSize=1 ageMs=12
[9147137][I][STORAGE] Spool enrich_batch applied=18 failed=0 batchFirstEventId=39768 batchLastEventId=39785 firstRecord=43995 lastRecord=44012 ms=975
[9147138][I][BLE] enrich_perf count=18 applied=18 failed=0 deferred=0 storageMs=1659 pendingUpload=4472
[9147139][I][BLE] Enrich drain done applied=18 failed=0 deferred=0 queueSize=0
[9147139][I][BLE] Enrich torrent done drained=1 remaining=0 tookLease=0 preempt=0 elapsedMs=2509
[9147149][W][CORE] TaskHardware loop gap=2519ms owner=BLE_GPS pendingUpload=4472 maintPending=1 suppressed=3
[9147153][I][STORAGE] RAMSpool worker paused inflight=0 lastInflight=0
[9147154][I][STORAGE] Exclusive window begin kind=enrichment reason=manual_enrich_window workerPaused=1 displaySuspended=1
[9147154][I][BLE] Manual enrichment window batch count=18 active=1 noData=0 budgetExhausted=0 timeHit=0
[9147154][I][STORAGE] RAMSpool worker resumed
[9147155][I][STORAGE] Exclusive window end kind=enrichment result=manual_batch_built reason=manual_enrich_window
[9147155][I][BLE] enrichment request queued count=18 bytes=180
[9147155][I][BLE] Requested enrichment batch count=18 queued=0
[9147176][I][BLE] enrichment send mtu=247 attPayload=244 bytes=180 count=18
[9147206][I][STACK] TaskHardware watermark=7888B min=7888B
[9147211][I][HEAP] heap free=3858KB min=3791KB largest=3776KB frag=2% internalFree=40KB internalLargest=11KB psramFree=3818KB core=73/58% owner=BLE_GPS nets=9 pendingUpload=? pendingEnrich=2625
[HEALTH] time=2026-08-16 14:45:40 src=gps
[HEALTH] heap used=4594/8452KB free=3858KB min=3791KB largest=3776KB frag=2%
[HEALTH] internal used=220/260KB free=40KB min=0KB largest=11KB
[HEALTH] psram used=4374/8192KB free=3818KB largest=3776KB
[HEALTH] stack free_min: core0=8KB/18KB core1=5KB/10KB
[HEALTH] loopTask free_min=3080B/5120B
[HEALTH] core usage: core0=73% core1=58%
[HEALTH] power=usb state=usb batt=100% 4715mV trend=2mV/min runtime=0min cap=1100mAh charging=0
[HEALTH] radio=BLE_GPS wifi=0 ble=1 gps=0 nets=9 pendingUpload=? pendingEnrich=2625
[HEALTH] subghz=NONE mode=OFF pkts=0 nodes=0
[9147213][I][STACK] TaskStorage watermark=1896B
[9147214][I][STORAGE] RAMSpool enq=553 cons=553 inflight=0/1024 high=2 pressure=0 drop[full=0 big=0 noise=0 p3Evict=0 p3Drop=0 p2Drop=0 p1Fail=0] free=1024
[9147214][I][STORAGE] RAMSpool enqueue probe[ok=521 drop=0] device[ok=32 drop=0]
[9147214][I][STORAGE] RAMSpool worker probe[ok=521 sup=0 drop=0 fail=0 slow=0] device[ok=31 sup=1 drop=0 fail=0 slow=0] slowTotal=0 maxMs=0
[9147215][I][STORAGE] RAMSpool prioEnq p0=0 p1=0 p2=553 p3=0
[9147215][I][STORAGE] RAMSpool lanes p1=0/0 p2=0/1 p3=0/0
[9147268][I][BLE] enrichment batch sent plain=180 sealed=202 count=18 writeOk=1
[9147406][I][BLE] enrichment rx chunk cipher=142 queued=0
[9147507][I][BLE] enrichment rx chunk cipher=142 queued=0
[9147598][I][BLE] enrichment rx chunk cipher=142 queued=0
[9147679][I][BLE] enrichment rx chunk cipher=142 queued=0
[9147720][I][BLE] enrichment rx chunk cipher=142 queued=0
[9147802][I][BLE] enrichment rx chunk cipher=142 queued=0
[9147873][I][BLE] enrichment rx chunk cipher=142 queued=0
[9147974][I][BLE] enrichment rx chunk cipher=28 queued=0
[9147975][I][BLE] enrich_xfer_perf count=18 sendMs=92 waitMs=707 rxBytes=846
[9147975][I][BLE] enrichment batch received count=18 bytes=846
[9147976][I][BLE] enrichment batch consumed count=18
[9147976][I][BLE] Enrich batch queued count=18 queueSize=1
[9147976][I][BLE] Enrichment batch received count=18 claimed=18 queued=1
[9147987][I][BLE] Enrich drain begin count=18 queueSize=1 ageMs=11
[9150319][I][STORAGE] Spool enrich_batch applied=18 failed=0 batchFirstEventId=39786 batchLastEventId=39803 firstRecord=44013 lastRecord=44030 ms=858
[9150319][I][BLE] enrich_perf count=18 applied=18 failed=0 deferred=0 storageMs=1572 pendingUpload=4472
[9150320][I][BLE] Enrich drain done applied=18 failed=0 deferred=0 queueSize=0
[9150320][I][BLE] Enrich torrent done drained=1 remaining=0 tookLease=0 preempt=0 elapsedMs=2333
[9150334][I][STORAGE] RAMSpool worker paused inflight=0 lastInflight=0
[9150334][I][STORAGE] Exclusive window begin kind=enrichment reason=manual_enrich_window workerPaused=1 displaySuspended=1
[9150335][I][BLE] Manual enrichment window batch count=18 active=1 noData=0 budgetExhausted=0 timeHit=0
[9150335][I][STORAGE] RAMSpool worker resumed
[9150335][I][STORAGE] Exclusive window end kind=enrichment result=manual_batch_built reason=manual_enrich_window
[9150335][I][BLE] enrichment request queued count=18 bytes=180
[9150336][I][BLE] Requested enrichment batch count=18 queued=0
[9150357][I][BLE] enrichment send mtu=247 attPayload=244 bytes=180 count=18
[9150523][I][BLE] enrichment batch sent plain=180 sealed=202 count=18 writeOk=1
[9150678][I][BLE] enrichment rx chunk cipher=142 queued=0
[9150739][I][BLE] enrichment rx chunk cipher=142 queued=0
[9150820][I][BLE] enrichment rx chunk cipher=142 queued=0
[9150901][I][BLE] enrichment rx chunk cipher=142 queued=0
[9150992][I][BLE] enrichment rx chunk cipher=142 queued=0
[9151073][I][BLE] enrichment rx chunk cipher=142 queued=0
[9151096][I][STACK] TaskButtons watermark=1784B min=1784B
[9151134][I][BLE] enrichment rx chunk cipher=142 queued=0
[9151225][I][BLE] enrichment rx chunk cipher=28 queued=0
[9151226][I][BLE] enrich_xfer_perf count=18 sendMs=166 waitMs=702 rxBytes=846
[9151226][I][BLE] enrichment batch received count=18 bytes=846
[9151226][I][BLE] enrichment batch consumed count=18
[9151227][I][BLE] Enrich batch queued count=18 queueSize=1
[9151227][I][BLE] Enrichment batch received count=18 claimed=18 queued=1
[9151238][I][BLE] Enrich drain begin count=18 queueSize=1 ageMs=11
[9153846][I][STORAGE] Spool enrich_batch applied=18 failed=0 batchFirstEventId=39804 batchLastEventId=39821 firstRecord=44031 lastRecord=44048 ms=1102
[9153847][I][BLE] enrich_perf count=18 applied=18 failed=0 deferred=0 storageMs=1829 pendingUpload=4472
[9153847][I][BLE] Enrich drain done applied=18 failed=0 deferred=0 queueSize=0
[9153847][I][BLE] Enrich torrent done drained=1 remaining=0 tookLease=0 preempt=0 elapsedMs=2610
[9153861][I][BLE] worker stack free=7372B min=7372B
[9153861][I][STORAGE] RAMSpool worker paused inflight=0 lastInflight=0
[9153862][I][STORAGE] Exclusive window begin kind=enrichment reason=manual_enrich_window workerPaused=1 displaySuspended=1
[9153862][I][BLE] Manual enrichment window batch count=18 active=1 noData=0 budgetExhausted=0 timeHit=0
[9153863][I][STORAGE] RAMSpool worker resumed
[9153863][I][STORAGE] Exclusive window end kind=enrichment result=manual_batch_built reason=manual_enrich_window
[9153863][I][BLE] enrichment request queued count=18 bytes=180
[9153864][I][BLE] Requested enrichment batch count=18 queued=0
[9153885][I][BLE] enrichment send mtu=247 attPayload=244 bytes=180 count=18
[9153943][I][BLE] enrichment batch sent plain=180 sealed=202 count=18 writeOk=1
[9154096][I][BLE] enrichment rx chunk cipher=142 queued=0
[9154157][I][BLE] enrichment rx chunk cipher=142 queued=0
[9154258][I][BLE] enrichment rx chunk cipher=142 queued=0
[9154349][I][BLE] enrichment rx chunk cipher=142 queued=0
[9154410][I][BLE] enrichment rx chunk cipher=142 queued=0
[9154471][I][BLE] enrichment rx chunk cipher=142 queued=0
[9154572][I][BLE] enrichment rx chunk cipher=142 queued=0
[9154663][I][BLE] enrichment rx chunk cipher=28 queued=0
[9154664][I][BLE] enrich_xfer_perf count=18 sendMs=58 waitMs=720 rxBytes=846
[9154664][I][BLE] enrichment batch received count=18 bytes=846
[9154664][I][BLE] enrichment batch consumed count=18
[9154665][I][BLE] Enrich batch queued count=18 queueSize=1
[9154665][I][BLE] Enrichment batch received count=18 claimed=18 queued=1
[9154676][I][BLE] Enrich drain begin count=18 queueSize=1 ageMs=12

===== CMD: companion status =====
[9156616][I][STORAGE] Spool enrich_batch applied=18 failed=0 batchFirstEventId=39822 batchLastEventId=39839 firstRecord=44049 lastRecord=44066 ms=747
[9156617][I][BLE] enrich_perf count=18 applied=18 failed=0 deferred=0 storageMs=1325 pendingUpload=4472
[9156617][I][BLE] Enrich drain done applied=18 failed=0 deferred=0 queueSize=0
[9156617][I][BLE] Enrich torrent done drained=1 remaining=0 tookLease=0 preempt=0 elapsedMs=1941
companion status
[COMP] enabled=1
[COMP] external accessory=0 bleProxy=0 phoneConnected=0 phone=unknown rssi=0 ageMs=0
[COMP] wio link=idle sx1262=0 textInput=0
[COMP] phone=AVAILABLE work=ENRICHING
[COMP] bleBegun=1 bleRadio=1 bleState=SUBSCRIBED
[COMP] ready link=1 gps=1 freshGps=0 ctrl=1 enrich=1
[COMP] bleInitAgeMs=9131805 scanStartAgeMs=342392 disconnReason=0
[COMP] pendingEnrichMission=0 pendingEnrichNoise=1365 pendingEnrichTotal=1365
[COMP] hold manual=0 autoOffload=0 managerActive=0 prep=1 deadlineInMs=0 retryInMs=0
[COMP] lastProbeAgeMs=340761 lastEnrichAgeMs=360981
[COMP] radioOwner=ble_gps
[9156825][I][STORAGE] RAMSpool worker paused inflight=0 lastInflight=0
[9156825][I][STORAGE] Exclusive window begin kind=enrichment reason=manual_enrich_window workerPaused=1 displaySuspended=1
[9156826][I][BLE] Manual enrichment window batch count=18 active=1 noData=0 budgetExhausted=0 timeHit=0
[9156826][I][STORAGE] RAMSpool worker resumed
[9156826][I][STORAGE] Exclusive window end kind=enrichment result=manual_batch_built reason=manual_enrich_window
[9156827][I][BLE] enrichment request queued count=18 bytes=180
[9156827][I][BLE] Requested enrichment batch count=18 queued=0
[9156848][I][BLE] enrichment send mtu=247 attPayload=244 bytes=180 count=18
[9156943][I][BLE] enrichment batch sent plain=180 sealed=202 count=18 writeOk=1
[9157038][I][BLE] enrichment rx chunk cipher=142 queued=0
[9157129][I][BLE] enrichment rx chunk cipher=142 queued=0
[9157210][I][BLE] enrichment rx chunk cipher=142 queued=0
[9157291][I][BLE] enrichment rx chunk cipher=142 queued=0
[9157352][I][BLE] enrichment rx chunk cipher=142 queued=0
[9157433][I][BLE] enrichment rx chunk cipher=142 queued=0
[9157524][I][BLE] enrichment rx chunk cipher=142 queued=0
[9157605][I][BLE] enrichment rx chunk cipher=28 queued=0
[9157606][I][BLE] enrich_xfer_perf count=18 sendMs=96 waitMs=662 rxBytes=846
[9157606][I][BLE] enrichment batch received count=18 bytes=846
[9157606][I][BLE] enrichment batch consumed count=18
[9157607][I][BLE] Enrich batch queued count=18 queueSize=1
[9157607][I][BLE] Enrichment batch received count=18 claimed=18 queued=1
[9157618][I][BLE] Enrich drain begin count=18 queueSize=1 ageMs=11
[9159583][I][STORAGE] Spool enrich_batch applied=18 failed=0 batchFirstEventId=39840 batchLastEventId=39857 firstRecord=44067 lastRecord=44084 ms=756
[9159583][I][BLE] enrich_perf count=18 applied=18 failed=0 deferred=0 storageMs=1338 pendingUpload=4472
[9159584][I][BLE] Enrich drain done applied=18 failed=0 deferred=0 queueSize=0
[9159584][I][BLE] Enrich torrent done drained=1 remaining=0 tookLease=0 preempt=0 elapsedMs=1966
[9159628][I][BLE] storage snapshot sent pendingUp=0/4472 pendingEnrich=0/2625 usedPct=28
[9159638][W][CORE] TaskHardware loop gap=2021ms owner=BLE_GPS pendingUpload=4472 maintPending=1 suppressed=3
[9159642][I][STORAGE] RAMSpool worker paused inflight=0 lastInflight=0
[9159643][I][STORAGE] Exclusive window begin kind=enrichment reason=manual_enrich_window workerPaused=1 displaySuspended=1
[9159643][I][BLE] Manual enrichment window batch count=18 active=1 noData=0 budgetExhausted=0 timeHit=0
[9159643][I][STORAGE] RAMSpool worker resumed
[9159644][I][STORAGE] Exclusive window end kind=enrichment result=manual_batch_built reason=manual_enrich_window
[9159644][I][BLE] enrichment request queued count=18 bytes=180
[9159644][I][BLE] Requested enrichment batch count=18 queued=0
[9159665][I][BLE] enrichment send mtu=247 attPayload=244 bytes=180 count=18
[9159688][I][BLE] enrichment batch sent plain=180 sealed=202 count=18 writeOk=1
[9159826][I][BLE] enrichment rx chunk cipher=142 queued=0
[9159917][I][BLE] enrichment rx chunk cipher=142 queued=0
[9159978][I][BLE] enrichment rx chunk cipher=142 queued=0
[9160069][I][BLE] enrichment rx chunk cipher=142 queued=0
[9160140][I][BLE] enrichment rx chunk cipher=142 queued=0
[9160222][I][BLE] enrichment rx chunk cipher=142 queued=0
[9160303][I][BLE] enrichment rx chunk cipher=142 queued=0
[9160394][I][BLE] enrichment rx chunk cipher=28 queued=0
[9160395][I][BLE] enrich_xfer_perf count=18 sendMs=24 waitMs=706 rxBytes=846
[9160395][I][BLE] enrichment batch received count=18 bytes=846
[9160395][I][BLE] enrichment batch consumed count=18
[9160396][I][BLE] Enrich batch queued count=18 queueSize=1
[9160396][I][BLE] Enrichment batch received count=18 claimed=18 queued=1
[9160407][I][BLE] Enrich drain begin count=18 queueSize=1 ageMs=11
[9162415][I][STORAGE] Spool enrich_batch applied=18 failed=0 batchFirstEventId=39858 batchLastEventId=39875 firstRecord=44085 lastRecord=44102 ms=769
[9162416][I][BLE] enrich_perf count=18 applied=18 failed=0 deferred=0 storageMs=1364 pendingUpload=4472
[9162417][I][BLE] Enrich drain done applied=18 failed=0 deferred=0 queueSize=0
[9162417][I][BLE] Enrich torrent done drained=1 remaining=0 tookLease=0 preempt=0 elapsedMs=2010
[9162431][I][STORAGE] RAMSpool worker paused inflight=0 lastInflight=0
[9162431][I][STORAGE] Exclusive window begin kind=enrichment reason=manual_enrich_window workerPaused=1 displaySuspended=1
[9162432][I][BLE] Manual enrichment window batch count=18 active=1 noData=0 budgetExhausted=0 timeHit=0
[9162432][I][STORAGE] RAMSpool worker resumed
[9162432][I][STORAGE] Exclusive window end kind=enrichment result=manual_batch_built reason=manual_enrich_window
[9162432][I][BLE] enrichment request queued count=18 bytes=180
[9162433][I][BLE] Requested enrichment batch count=18 queued=0
[9162454][I][BLE] enrichment send mtu=247 attPayload=244 bytes=180 count=18
[9162553][I][BLE] enrichment batch sent plain=180 sealed=202 count=18 writeOk=1
[9162675][I][BLE] enrichment rx chunk cipher=142 queued=0
[9162777][I][BLE] enrichment rx chunk cipher=142 queued=0
[9162848][I][BLE] enrichment rx chunk cipher=142 queued=0
[9162929][I][BLE] enrichment rx chunk cipher=142 queued=0
[9162990][I][BLE] enrichment rx chunk cipher=142 queued=0
[9163092][I][BLE] enrichment rx chunk cipher=142 queued=0
[9163163][I][BLE] enrichment rx chunk cipher=142 queued=0
[9163244][I][BLE] enrichment rx chunk cipher=28 queued=0
[9163245][I][BLE] enrich_xfer_perf count=18 sendMs=100 waitMs=691 rxBytes=846
[9163245][I][BLE] enrichment batch received count=18 bytes=846
[9163245][I][BLE] enrichment batch consumed count=18
[9163246][I][BLE] Enrich batch queued count=18 queueSize=1
[9163246][I][BLE] Enrichment batch received count=18 claimed=18 queued=1
[9163257][I][BLE] Enrich drain begin count=18 queueSize=1 ageMs=12
[9165407][I][STORAGE] Spool enrich_batch applied=18 failed=0 batchFirstEventId=39876 batchLastEventId=39893 firstRecord=44103 lastRecord=44120 ms=782
[9165407][I][BLE] enrich_perf count=18 applied=18 failed=0 deferred=0 storageMs=1393 pendingUpload=4472
[9165408][I][BLE] Enrich drain done applied=18 failed=0 deferred=0 queueSize=0
[9165408][I][BLE] Enrich torrent done drained=1 remaining=0 tookLease=0 preempt=0 elapsedMs=2151
[9165422][I][STORAGE] RAMSpool worker paused inflight=0 lastInflight=0
[9165422][I][STORAGE] Exclusive window begin kind=enrichment reason=manual_enrich_window workerPaused=1 displaySuspended=1
[9165423][I][BLE] Manual enrichment window batch count=18 active=1 noData=0 budgetExhausted=0 timeHit=0
[9165423][I][STORAGE] RAMSpool worker resumed
[9165423][I][STORAGE] Exclusive window end kind=enrichment result=manual_batch_built reason=manual_enrich_window
[9165423][I][BLE] enrichment request queued count=18 bytes=180
[9165424][I][BLE] Requested enrichment batch count=18 queued=0
[9165445][I][BLE] enrichment send mtu=247 attPayload=244 bytes=180 count=18
[9165523][I][BLE] enrichment batch sent plain=180 sealed=202 count=18 writeOk=1
[9165655][I][BLE] enrichment rx chunk cipher=142 queued=0
[9165736][I][BLE] enrichment rx chunk cipher=142 queued=0
[9165797][I][BLE] enrichment rx chunk cipher=142 queued=0
[9165878][I][BLE] enrichment rx chunk cipher=142 queued=0
[9165979][I][BLE] enrichment rx chunk cipher=142 queued=0
[9166050][I][BLE] enrichment rx chunk cipher=142 queued=0
[9166111][I][BLE] enrichment rx chunk cipher=142 queued=0
[9166192][I][BLE] enrichment rx chunk cipher=28 queued=0
[9166193][I][BLE] enrich_xfer_perf count=18 sendMs=79 waitMs=669 rxBytes=846
[9166193][I][BLE] enrichment batch received count=18 bytes=846
[9166193][I][BLE] enrichment batch consumed count=18
[9166194][I][BLE] Enrich batch queued count=18 queueSize=1
[9166194][I][BLE] Enrichment batch received count=18 claimed=18 queued=1
[9166205][I][BLE] Enrich drain begin count=18 queueSize=1 ageMs=12
[9168289][I][STORAGE] Spool enrich_batch applied=18 failed=0 batchFirstEventId=39894 batchLastEventId=39911 firstRecord=44121 lastRecord=44138 ms=796
[9168290][I][BLE] enrich_perf count=18 applied=18 failed=0 deferred=0 storageMs=1422 pendingUpload=4472
[9168290][I][BLE] Enrich drain done applied=18 failed=0 deferred=0 queueSize=0
[9168290][I][BLE] Enrich torrent done drained=1 remaining=0 tookLease=0 preempt=0 elapsedMs=2086
[9168305][I][STORAGE] RAMSpool worker paused inflight=0 lastInflight=0
[9168305][I][STORAGE] Exclusive window begin kind=enrichment reason=manual_enrich_window workerPaused=1 displaySuspended=1
[9168306][I][BLE] Manual enrichment window batch count=18 active=1 noData=0 budgetExhausted=0 timeHit=0
[9168306][I][STORAGE] RAMSpool worker resumed
[9168306][I][STORAGE] Exclusive window end kind=enrichment result=manual_batch_built reason=manual_enrich_window
[9168306][I][BLE] enrichment request queued count=18 bytes=180
[9168307][I][BLE] Requested enrichment batch count=18 queued=0
[9168328][I][BLE] enrichment send mtu=247 attPayload=244 bytes=180 count=18
[9168418][I][BLE] enrichment batch sent plain=180 sealed=202 count=18 writeOk=1
[9168569][I][BLE] enrichment rx chunk cipher=142 queued=0
[9168630][I][BLE] enrichment rx chunk cipher=142 queued=0
[9168721][I][BLE] enrichment rx chunk cipher=142 queued=0
[9168802][I][BLE] enrichment rx chunk cipher=142 queued=0
[9168873][I][BLE] enrichment rx chunk cipher=142 queued=0
[9168954][I][BLE] enrichment rx chunk cipher=142 queued=0
[9169035][I][BLE] enrichment rx chunk cipher=142 queued=0
[9169116][I][BLE] enrichment rx chunk cipher=28 queued=0
[9169117][I][BLE] enrich_xfer_perf count=18 sendMs=91 waitMs=698 rxBytes=846
[9169117][I][BLE] enrichment batch received count=18 bytes=846
[9169117][I][BLE] enrichment batch consumed count=18
[9169118][I][BLE] Enrich batch queued count=18 queueSize=1
[9169118][I][BLE] Enrichment batch received count=18 claimed=18 queued=1
[9169129][I][BLE] Enrich drain begin count=18 queueSize=1 ageMs=11
[9171503][I][STORAGE] Spool enrich_batch applied=18 failed=0 batchFirstEventId=39912 batchLastEventId=39929 firstRecord=44139 lastRecord=44156 ms=1047
[9171504][I][BLE] enrich_perf count=18 applied=18 failed=0 deferred=0 storageMs=1690 pendingUpload=4472
[9171504][I][BLE] Enrich drain done applied=18 failed=0 deferred=0 queueSize=0
[9171505][I][BLE] Enrich torrent done drained=1 remaining=0 tookLease=0 preempt=0 elapsedMs=2375
[9171515][W][CORE] TaskHardware loop gap=2387ms owner=BLE_GPS pendingUpload=4472 maintPending=1 suppressed=3
[9171519][I][STORAGE] RAMSpool worker paused inflight=0 lastInflight=0
[9171520][I][STORAGE] Exclusive window begin kind=enrichment reason=manual_enrich_window workerPaused=1 displaySuspended=1
[9171520][I][BLE] Manual enrichment window batch count=18 active=1 noData=0 budgetExhausted=0 timeHit=0
[9171520][I][STORAGE] RAMSpool worker resumed
[9171521][I][STORAGE] Exclusive window end kind=enrichment result=manual_batch_built reason=manual_enrich_window
[9171521][I][BLE] enrichment request queued count=18 bytes=180
[9171521][I][BLE] Requested enrichment batch count=18 queued=0
[9171542][I][BLE] enrichment send mtu=247 attPayload=244 bytes=180 count=18
[9171628][I][BLE] enrichment batch sent plain=180 sealed=202 count=18 writeOk=1
[9171782][I][BLE] enrichment rx chunk cipher=142 queued=0
[9171863][I][BLE] enrichment rx chunk cipher=142 queued=0
[9171944][I][BLE] enrichment rx chunk cipher=142 queued=0
[9172005][I][BLE] enrichment rx chunk cipher=142 queued=0
[9172087][I][BLE] enrichment rx chunk cipher=142 queued=0
[9172158][I][BLE] enrichment rx chunk cipher=142 queued=0
[9172279][I][BLE] enrichment rx chunk cipher=142 queued=0
[9172320][I][BLE] enrichment rx chunk cipher=28 queued=0
[9172321][I][BLE] enrich_xfer_perf count=18 sendMs=87 waitMs=692 rxBytes=846
[9172321][I][BLE] enrichment batch received count=18 bytes=846
[9172321][I][BLE] enrichment batch consumed count=18
[9172322][I][BLE] Enrich batch queued count=18 queueSize=1
[9172322][I][BLE] Enrichment batch received count=18 claimed=18 queued=1
[9172333][I][BLE] Enrich drain begin count=18 queueSize=1 ageMs=11
[9174612][I][STORAGE] Spool enrich_batch applied=18 failed=0 batchFirstEventId=39930 batchLastEventId=39947 firstRecord=44157 lastRecord=44174 ms=886
[9174613][I][BLE] enrich_perf count=18 applied=18 failed=0 deferred=0 storageMs=1559 pendingUpload=4472
[9174613][I][BLE] Enrich drain done applied=18 failed=0 deferred=0 queueSize=0
[9174613][I][BLE] Enrich torrent done drained=1 remaining=0 tookLease=0 preempt=0 elapsedMs=2280
[9174658][I][BLE] storage snapshot sent pendingUp=0/4472 pendingEnrich=0/2625 usedPct=28
[9174672][I][STORAGE] RAMSpool worker paused inflight=0 lastInflight=0
[9174672][I][STORAGE] Exclusive window begin kind=enrichment reason=manual_enrich_window workerPaused=1 displaySuspended=1
[9174673][I][BLE] Manual enrichment window batch count=18 active=1 noData=0 budgetExhausted=0 timeHit=0
[9174673][I][STORAGE] RAMSpool worker resumed
[9174673][I][STORAGE] Exclusive window end kind=enrichment result=manual_batch_built reason=manual_enrich_window
[9174674][I][BLE] enrichment request queued count=18 bytes=180
[9174674][I][BLE] Requested enrichment batch count=18 queued=0
[9174695][I][BLE] enrichment send mtu=247 attPayload=244 bytes=180 count=18
[9174718][I][BLE] enrichment batch sent plain=180 sealed=202 count=18 writeOk=1

===== CMD: companion status =====
[9174856][I][BLE] enrichment rx chunk cipher=142 queued=0
companion status
[COMP] enabled=1
[COMP] external accessory=0 bleProxy=0 phoneConnected=0 phone=unknown rssi=0 ageMs=0
[COMP] wio link=idle sx1262=0 textInput=0
[COMP] phone=AVAILABLE work=ENRICHING
[COMP] bleBegun=1 bleRadio=1 bleState=SUBSCRIBED
[COMP] ready link=1 gps=1 freshGps=0 ctrl=1 enrich=1
[COMP] bleInitAgeMs=9149881 scanStartAgeMs=360468 disconnReason=0
[COMP] pendingEnrichMission=0 pendingEnrichNoise=1239 pendingEnrichTotal=1239
[COMP] hold manual=0 autoOffload=0 managerActive=0 prep=1 deadlineInMs=0 retryInMs=0
[COMP] lastProbeAgeMs=360972 lastEnrichAgeMs=381192
[COMP] radioOwner=ble_gps
[9174951][I][BLE] enrichment rx chunk cipher=142 queued=0
[9175022][I][BLE] enrichment rx chunk cipher=142 queued=0
[9175103][I][BLE] enrichment rx chunk cipher=142 queued=0
[9175184][I][BLE] enrichment rx chunk cipher=142 queued=0
[9175265][I][BLE] enrichment rx chunk cipher=142 queued=0
[9175336][I][BLE] enrichment rx chunk cipher=142 queued=0
[9175427][I][BLE] enrichment rx chunk cipher=28 queued=0
[9175428][I][BLE] enrich_xfer_perf count=18 sendMs=24 waitMs=709 rxBytes=846
[9175428][I][BLE] enrichment batch received count=18 bytes=846
[9175428][I][BLE] enrichment batch consumed count=18
[9175428][I][BLE] Enrich batch queued count=18 queueSize=1
[9175429][I][BLE] Enrichment batch received count=18 claimed=18 queued=1
[9175440][I][BLE] Enrich drain begin count=18 queueSize=1 ageMs=12
[9177759][I][STORAGE] Spool enrich_batch applied=18 failed=0 batchFirstEventId=39948 batchLastEventId=39965 firstRecord=44175 lastRecord=44192 ms=895
[9177759][I][BLE] enrich_perf count=18 applied=18 failed=0 deferred=0 storageMs=1580 pendingUpload=4472
[9177760][I][BLE] Enrich drain done applied=18 failed=0 deferred=0 queueSize=0
[9177760][I][BLE] Enrich torrent done drained=1 remaining=0 tookLease=0 preempt=0 elapsedMs=2320
[9177761][I][STACK] TaskHardware watermark=7888B min=7888B
[9177766][I][HEAP] heap free=3858KB min=3791KB largest=3776KB frag=2% internalFree=40KB internalLargest=11KB psramFree=3818KB core=74/59% owner=BLE_GPS nets=9 pendingUpload=? pendingEnrich=2625
[HEALTH] time=2026-08-16 14:46:08 src=gps
[HEALTH] heap used=4594/8452KB free=3858KB min=3791KB largest=3776KB frag=2%
[HEALTH] internal used=220/260KB free=40KB min=0KB largest=11KB
[HEALTH] psram used=4374/8192KB free=3818KB largest=3776KB
[HEALTH] stack free_min: core0=8KB/18KB core1=5KB/10KB
[HEALTH] loopTask free_min=3080B/5120B
[HEALTH] core usage: core0=74% core1=59%
[HEALTH] power=usb state=usb batt=100% 4716mV trend=0mV/min runtime=0min cap=1100mAh charging=0
[HEALTH] radio=BLE_GPS wifi=0 ble=1 gps=0 nets=9 pendingUpload=? pendingEnrich=2625
[HEALTH] subghz=NONE mode=OFF pkts=0 nodes=0
[9177768][I][STACK] TaskStorage watermark=1896B
[9177768][I][STORAGE] RAMSpool enq=553 cons=553 inflight=0/1024 high=2 pressure=0 drop[full=0 big=0 noise=0 p3Evict=0 p3Drop=0 p2Drop=0 p1Fail=0] free=1024
[9177769][I][STORAGE] RAMSpool enqueue probe[ok=521 drop=0] device[ok=32 drop=0]
[9177769][I][STORAGE] RAMSpool worker probe[ok=521 sup=0 drop=0 fail=0 slow=0] device[ok=31 sup=1 drop=0 fail=0 slow=0] slowTotal=0 maxMs=0
[9177770][I][STORAGE] RAMSpool prioEnq p0=0 p1=0 p2=553 p3=0
[9177770][I][STORAGE] RAMSpool lanes p1=0/0 p2=0/1 p3=0/0
[9177784][I][STORAGE] RAMSpool worker paused inflight=0 lastInflight=0
[9177784][I][STORAGE] Exclusive window begin kind=enrichment reason=manual_enrich_window workerPaused=1 displaySuspended=1
[9177785][I][BLE] Manual enrichment window batch count=18 active=1 noData=0 budgetExhausted=0 timeHit=0
[9177785][I][STORAGE] RAMSpool worker resumed
[9177785][I][STORAGE] Exclusive window end kind=enrichment result=manual_batch_built reason=manual_enrich_window
[9177786][I][BLE] enrichment request queued count=18 bytes=180
[9177786][I][BLE] Requested enrichment batch count=18 queued=0
[9177807][I][BLE] enrichment send mtu=247 attPayload=244 bytes=180 count=18
[9177913][I][BLE] enrichment batch sent plain=180 sealed=202 count=18 writeOk=1
[9178067][I][BLE] enrichment rx chunk cipher=142 queued=0
[9178128][I][BLE] enrichment rx chunk cipher=142 queued=0
[9178209][I][BLE] enrichment rx chunk cipher=142 queued=0
[9178290][I][BLE] enrichment rx chunk cipher=142 queued=0
[9178351][I][BLE] enrichment rx chunk cipher=142 queued=0
[9178452][I][BLE] enrichment rx chunk cipher=142 queued=0
[9178523][I][BLE] enrichment rx chunk cipher=142 queued=0
[9178604][I][BLE] enrichment rx chunk cipher=28 queued=0
[9178605][I][BLE] enrich_xfer_perf count=18 sendMs=106 waitMs=691 rxBytes=846
[9178605][I][BLE] enrichment batch received count=18 bytes=846
[9178605][I][BLE] enrichment batch consumed count=18
[9178606][I][BLE] Enrich batch queued count=18 queueSize=1
[9178606][I][BLE] Enrichment batch received count=18 claimed=18 queued=1
[9178617][I][BLE] Enrich drain begin count=18 queueSize=1 ageMs=12
[9180991][I][STORAGE] Spool enrich_batch applied=18 failed=0 batchFirstEventId=39966 batchLastEventId=39983 firstRecord=44193 lastRecord=44210 ms=914
[9180992][I][BLE] enrich_perf count=18 applied=18 failed=0 deferred=0 storageMs=1616 pendingUpload=4472
[9180992][I][BLE] Enrich drain done applied=18 failed=0 deferred=0 queueSize=0
[9180993][I][BLE] Enrich torrent done drained=1 remaining=0 tookLease=0 preempt=0 elapsedMs=2375
[9181007][I][STORAGE] RAMSpool worker paused inflight=0 lastInflight=0
[9181007][I][STORAGE] Exclusive window begin kind=enrichment reason=manual_enrich_window workerPaused=1 displaySuspended=1
[9181008][I][BLE] Manual enrichment window batch count=18 active=1 noData=0 budgetExhausted=0 timeHit=0
[9181008][I][STORAGE] RAMSpool worker resumed
[9181008][I][STORAGE] Exclusive window end kind=enrichment result=manual_batch_built reason=manual_enrich_window
[9181009][I][BLE] enrichment request queued count=18 bytes=180
[9181009][I][BLE] Requested enrichment batch count=18 queued=0
[9181030][I][BLE] enrichment send mtu=247 attPayload=244 bytes=180 count=18
[9181096][I][STACK] TaskButtons watermark=1784B min=1784B
[9181123][I][BLE] enrichment batch sent plain=180 sealed=202 count=18 writeOk=1
[9181240][I][BLE] enrichment rx chunk cipher=142 queued=0
[9181321][I][BLE] enrichment rx chunk cipher=142 queued=0
[9181402][I][BLE] enrichment rx chunk cipher=142 queued=0
[9181483][I][BLE] enrichment rx chunk cipher=142 queued=0
[9181554][I][BLE] enrichment rx chunk cipher=142 queued=0
[9181635][I][BLE] enrichment rx chunk cipher=142 queued=0
[9181727][I][BLE] enrichment rx chunk cipher=142 queued=0
[9181788][I][BLE] enrichment rx chunk cipher=28 queued=0
[9181789][I][BLE] enrich_xfer_perf count=18 sendMs=94 waitMs=665 rxBytes=846
[9181789][I][BLE] enrichment batch received count=18 bytes=846
[9181789][I][BLE] enrichment batch consumed count=18
[9181790][I][BLE] Enrich batch queued count=18 queueSize=1
[9181790][I][BLE] Enrichment batch received count=18 claimed=18 queued=1
[9181801][I][BLE] Enrich drain begin count=18 queueSize=1 ageMs=12
[9184556][I][STORAGE] Spool enrich_batch applied=18 failed=0 batchFirstEventId=39984 batchLastEventId=40001 firstRecord=44211 lastRecord=44228 ms=1159
[9184556][I][BLE] enrich_perf count=18 applied=18 failed=0 deferred=0 storageMs=1873 pendingUpload=4472
[9184557][I][BLE] Enrich drain done applied=18 failed=0 deferred=0 queueSize=0
[9184557][I][BLE] Enrich torrent done drained=1 remaining=0 tookLease=0 preempt=0 elapsedMs=2757
[9184567][W][CORE] TaskHardware loop gap=2767ms owner=BLE_GPS pendingUpload=4472 maintPending=1 suppressed=3
[9184571][I][BLE] worker stack free=7372B min=7372B
[9184572][I][STORAGE] RAMSpool worker paused inflight=0 lastInflight=0
[9184572][I][STORAGE] Exclusive window begin kind=enrichment reason=manual_enrich_window workerPaused=1 displaySuspended=1
[9184573][I][BLE] Manual enrichment window batch count=18 active=1 noData=0 budgetExhausted=0 timeHit=0
[9184573][I][STORAGE] RAMSpool worker resumed
[9184573][I][STORAGE] Exclusive window end kind=enrichment result=manual_batch_built reason=manual_enrich_window
[9184574][I][BLE] enrichment request queued count=18 bytes=180
[9184574][I][BLE] Requested enrichment batch count=18 queued=0
[9184595][I][BLE] enrichment send mtu=247 attPayload=244 bytes=180 count=18
[9184678][I][BLE] enrichment batch sent plain=180 sealed=202 count=18 writeOk=1
[9184816][I][BLE] enrichment rx chunk cipher=142 queued=0
[9184907][I][BLE] enrichment rx chunk cipher=142 queued=0
[9184968][I][BLE] enrichment rx chunk cipher=142 queued=0
[9185069][I][BLE] enrichment rx chunk cipher=142 queued=0
[9185130][I][BLE] enrichment rx chunk cipher=142 queued=0
[9185212][I][BLE] enrichment rx chunk cipher=142 queued=0
[9185283][I][BLE] enrichment rx chunk cipher=142 queued=0
[9185354][I][BLE] enrichment rx chunk cipher=28 queued=0
[9185355][I][BLE] enrich_xfer_perf count=18 sendMs=84 waitMs=677 rxBytes=846
[9185355][I][BLE] enrichment batch received count=18 bytes=846
[9185356][I][BLE] enrichment batch consumed count=18
[9185356][I][BLE] Enrich batch queued count=18 queueSize=1
[9185356][I][BLE] Enrichment batch received count=18 claimed=18 queued=1
[9185367][I][BLE] Enrich drain begin count=18 queueSize=1 ageMs=11
[9187327][I][STORAGE] Spool enrich_batch applied=18 failed=0 batchFirstEventId=40002 batchLastEventId=40019 firstRecord=44229 lastRecord=44246 ms=794
[9187328][I][BLE] enrich_perf count=18 applied=18 failed=0 deferred=0 storageMs=1362 pendingUpload=4472
[9187328][I][BLE] Enrich drain done applied=18 failed=0 deferred=0 queueSize=0
[9187329][I][BLE] Enrich torrent done drained=1 remaining=0 tookLease=0 preempt=0 elapsedMs=1961
[9187343][I][STORAGE] RAMSpool worker paused inflight=0 lastInflight=0
[9187343][I][STORAGE] Exclusive window begin kind=enrichment reason=manual_enrich_window workerPaused=1 displaySuspended=1
[9187344][I][BLE] Manual enrichment window batch count=18 active=1 noData=0 budgetExhausted=0 timeHit=0
[9187344][I][STORAGE] RAMSpool worker resumed
[9187344][I][STORAGE] Exclusive window end kind=enrichment result=manual_batch_built reason=manual_enrich_window
[9187344][I][BLE] enrichment request queued count=18 bytes=180
[9187345][I][BLE] Requested enrichment batch count=18 queued=0
[9187366][I][BLE] enrichment send mtu=247 attPayload=244 bytes=180 count=18
[9187408][I][BLE] enrichment batch sent plain=180 sealed=202 count=18 writeOk=1
[9187546][I][BLE] enrichment rx chunk cipher=142 queued=0
[9187637][I][BLE] enrichment rx chunk cipher=142 queued=0
[9187718][I][BLE] enrichment rx chunk cipher=142 queued=0
[9187799][I][BLE] enrichment rx chunk cipher=142 queued=0
[9187860][I][BLE] enrichment rx chunk cipher=142 queued=0
[9187962][I][BLE] enrichment rx chunk cipher=142 queued=0
[9188043][I][BLE] enrichment rx chunk cipher=142 queued=0
[9188104][I][BLE] enrichment rx chunk cipher=28 queued=0
[9188105][I][BLE] enrich_xfer_perf count=18 sendMs=42 waitMs=696 rxBytes=846
[9188105][I][BLE] enrichment batch received count=18 bytes=846
[9188105][I][BLE] enrichment batch consumed count=18
[9188106][I][BLE] Enrich batch queued count=18 queueSize=1
[9188106][I][BLE] Enrichment batch received count=18 claimed=18 queued=1
[9188117][I][BLE] Enrich drain begin count=18 queueSize=1 ageMs=11
[9190132][I][STORAGE] Spool enrich_batch applied=18 failed=0 batchFirstEventId=40020 batchLastEventId=40037 firstRecord=44247 lastRecord=44264 ms=811
[9190133][I][BLE] enrich_perf count=18 applied=18 failed=0 deferred=0 storageMs=1395 pendingUpload=4472
[9190133][I][BLE] Enrich drain done applied=18 failed=0 deferred=0 queueSize=0
[9190134][I][BLE] Enrich torrent done drained=1 remaining=0 tookLease=0 preempt=0 elapsedMs=2018
[9190168][I][BLE] storage snapshot sent pendingUp=0/4472 pendingEnrich=0/2625 usedPct=28
[9190182][I][STORAGE] RAMSpool worker paused inflight=0 lastInflight=0
[9190182][I][STORAGE] Exclusive window begin kind=enrichment reason=manual_enrich_window workerPaused=1 displaySuspended=1
[9190183][I][BLE] Manual enrichment window batch count=18 active=1 noData=0 budgetExhausted=0 timeHit=0
[9190183][I][STORAGE] RAMSpool worker resumed
[9190183][I][STORAGE] Exclusive window end kind=enrichment result=manual_batch_built reason=manual_enrich_window
[9190183][I][BLE] enrichment request queued count=18 bytes=180
[9190184][I][BLE] Requested enrichment batch count=18 queued=0
[9190205][I][BLE] enrichment send mtu=247 attPayload=244 bytes=180 count=18
[9190228][I][BLE] enrichment batch sent plain=180 sealed=202 count=18 writeOk=1
[9190366][I][BLE] enrichment rx chunk cipher=142 queued=0
[9190457][I][BLE] enrichment rx chunk cipher=142 queued=0
[9190518][I][BLE] enrichment rx chunk cipher=142 queued=0
[9190599][I][BLE] enrichment rx chunk cipher=142 queued=0
[9190700][I][BLE] enrichment rx chunk cipher=142 queued=0
[9190761][I][BLE] enrichment rx chunk cipher=142 queued=0
[9190832][I][BLE] enrichment rx chunk cipher=142 queued=0
[9190923][I][BLE] enrichment rx chunk cipher=28 queued=0
[9190923][I][BLE] enrich_xfer_perf count=18 sendMs=24 waitMs=695 rxBytes=846
[9190924][I][BLE] enrichment batch received count=18 bytes=846
[9190924][I][BLE] enrichment batch consumed count=18
[9190924][I][BLE] Enrich batch queued count=18 queueSize=1
[9190925][I][BLE] Enrichment batch received count=18 claimed=18 queued=1
[9190936][I][BLE] Enrich drain begin count=18 queueSize=1 ageMs=12
[9193003][I][STORAGE] Spool enrich_batch applied=18 failed=0 batchFirstEventId=40038 batchLastEventId=40055 firstRecord=44265 lastRecord=44282 ms=831
[9193003][I][BLE] enrich_perf count=18 applied=18 failed=0 deferred=0 storageMs=1429 pendingUpload=4472
[9193004][I][BLE] Enrich drain done applied=18 failed=0 deferred=0 queueSize=0
[9193004][I][BLE] Enrich torrent done drained=1 remaining=0 tookLease=0 preempt=0 elapsedMs=2068
[9193019][I][STORAGE] RAMSpool worker paused inflight=0 lastInflight=0
[9193019][I][STORAGE] Exclusive window begin kind=enrichment reason=manual_enrich_window workerPaused=1 displaySuspended=1
[9193020][I][BLE] Manual enrichment window batch count=18 active=1 noData=0 budgetExhausted=0 timeHit=0
[9193020][I][STORAGE] RAMSpool worker resumed
[9193020][I][STORAGE] Exclusive window end kind=enrichment result=manual_batch_built reason=manual_enrich_window
[9193020][I][BLE] enrichment request queued count=18 bytes=180
[9193021][I][BLE] Requested enrichment batch count=18 queued=0
[9193042][I][BLE] enrichment send mtu=247 attPayload=244 bytes=180 count=18
[9193123][I][BLE] enrichment batch sent plain=180 sealed=202 count=18 writeOk=1
[9193262][I][BLE] enrichment rx chunk cipher=142 queued=0
[9193353][I][BLE] enrichment rx chunk cipher=142 queued=0
[9193434][I][BLE] enrichment rx chunk cipher=142 queued=0
[9193515][I][BLE] enrichment rx chunk cipher=142 queued=0
[9193586][I][BLE] enrichment rx chunk cipher=142 queued=0
[9193657][I][BLE] enrichment rx chunk cipher=142 queued=0
[9193758][I][BLE] enrichment rx chunk cipher=142 queued=0
[9193819][I][BLE] enrichment rx chunk cipher=28 queued=0
[9193820][I][BLE] enrich_xfer_perf count=18 sendMs=82 waitMs=696 rxBytes=846
[9193820][I][BLE] enrichment batch received count=18 bytes=846
[9193820][I][BLE] enrichment batch consumed count=18
[9193821][I][BLE] Enrich batch queued count=18 queueSize=1
[9193821][I][BLE] Enrichment batch received count=18 claimed=18 queued=1
[9193832][I][BLE] Enrich drain begin count=18 queueSize=1 ageMs=11

===== CMD: companion status =====
[9196105][I][STORAGE] Spool enrich_batch applied=18 failed=0 batchFirstEventId=40056 batchLastEventId=40073 firstRecord=44283 lastRecord=44300 ms=1000
[9196106][I][BLE] enrich_perf count=18 applied=18 failed=0 deferred=0 storageMs=1615 pendingUpload=4472
[9196107][I][BLE] Enrich drain done applied=18 failed=0 deferred=0 queueSize=0
[9196107][I][BLE] Enrich torrent done drained=1 remaining=0 tookLease=0 preempt=0 elapsedMs=2276
[9196117][W][CORE] TaskHardware loop gap=2286ms owner=BLE_GPS pendingUpload=4472 maintPending=1 suppressed=3
companion status
[COMP] enabled=1
[COMP] external accessory=0 bleProxy=0 phoneConnected=0 phone=unknown rssi=0 ageMs=0
[COMP] wio link=idle sx1262=0 textInput=0
[COMP] phone=AVAILABLE work=ENRICHING
[COMP] bleBegun=1 bleRadio=1 bleState=SUBSCRIBED
[COMP] ready link=1 gps=1 freshGps=0 ctrl=1 enrich=1
[COMP] bleInitAgeMs=9171105 scanStartAgeMs=381692 disconnReason=0
[COMP] pendingEnrichMission=0 pendingEnrichNoise=1131 pendingEnrichTotal=1131
[COMP] hold manual=0 autoOffload=0 managerActive=0 prep=1 deadlineInMs=0 retryInMs=0
[COMP] lastProbeAgeMs=379917 lastEnrichAgeMs=400137
[COMP] radioOwner=ble_gps
[9196124][I][STORAGE] RAMSpool worker paused inflight=0 lastInflight=0
[9196125][I][STORAGE] Exclusive window begin kind=enrichment reason=manual_enrich_window workerPaused=1 displaySuspended=1
[9196125][I][BLE] Manual enrichment window batch count=18 active=1 noData=0 budgetExhausted=0 timeHit=0
[9196126][I][STORAGE] RAMSpool worker resumed
[9196126][I][STORAGE] Exclusive window end kind=enrichment result=manual_batch_built reason=manual_enrich_window
[9196126][I][BLE] enrichment request queued count=18 bytes=180
[9196127][I][BLE] Requested enrichment batch count=18 queued=0
[9196148][I][BLE] enrichment send mtu=247 attPayload=244 bytes=180 count=18
[9196183][I][BLE] enrichment batch sent plain=180 sealed=202 count=18 writeOk=1
[9196338][I][BLE] enrichment rx chunk cipher=142 queued=0
[9196399][I][BLE] enrichment rx chunk cipher=142 queued=0
[9196500][I][BLE] enrichment rx chunk cipher=142 queued=0
[9196561][I][BLE] enrichment rx chunk cipher=142 queued=0
[9196642][I][BLE] enrichment rx chunk cipher=142 queued=0
[9196723][I][BLE] enrichment rx chunk cipher=142 queued=0
[9196814][I][BLE] enrichment rx chunk cipher=142 queued=0
[9196875][I][BLE] enrichment rx chunk cipher=28 queued=0
[9196876][I][BLE] enrich_xfer_perf count=18 sendMs=36 waitMs=693 rxBytes=846
[9196876][I][BLE] enrichment batch received count=18 bytes=846
[9196876][I][BLE] enrichment batch consumed count=18
[9196877][I][BLE] Enrich batch queued count=18 queueSize=1
[9196877][I][BLE] Enrichment batch received count=18 claimed=18 queued=1
[9196888][I][BLE] Enrich drain begin count=18 queueSize=1 ageMs=12
[9199112][I][STORAGE] Spool enrich_batch applied=18 failed=0 batchFirstEventId=40074 batchLastEventId=40091 firstRecord=44301 lastRecord=44318 ms=884
[9199113][I][BLE] enrich_perf count=18 applied=18 failed=0 deferred=0 storageMs=1528 pendingUpload=4472
[9199113][I][BLE] Enrich drain done applied=18 failed=0 deferred=0 queueSize=0
[9199113][I][BLE] Enrich torrent done drained=1 remaining=0 tookLease=0 preempt=0 elapsedMs=2225
[9199127][I][STORAGE] RAMSpool worker paused inflight=0 lastInflight=0
[9199127][I][STORAGE] Exclusive window begin kind=enrichment reason=manual_enrich_window workerPaused=1 displaySuspended=1
[9199128][I][BLE] Manual enrichment window batch count=18 active=1 noData=0 budgetExhausted=0 timeHit=0
[9199128][I][STORAGE] RAMSpool worker resumed
[9199128][I][STORAGE] Exclusive window end kind=enrichment result=manual_batch_built reason=manual_enrich_window
[9199129][I][BLE] enrichment request queued count=18 bytes=180
[9199129][I][BLE] Requested enrichment batch count=18 queued=0
[9199150][I][BLE] enrichment send mtu=247 attPayload=244 bytes=180 count=18
[9199228][I][BLE] enrichment batch sent plain=180 sealed=202 count=18 writeOk=1
[9199380][I][BLE] enrichment rx chunk cipher=142 queued=0
[9199441][I][BLE] enrichment rx chunk cipher=142 queued=0
[9199522][I][BLE] enrichment rx chunk cipher=142 queued=0
[9199603][I][BLE] enrichment rx chunk cipher=142 queued=0
[9199684][I][BLE] enrichment rx chunk cipher=142 queued=0
[9199765][I][BLE] enrichment rx chunk cipher=142 queued=0
[9199846][I][BLE] enrichment rx chunk cipher=142 queued=0
[9199907][I][BLE] enrichment rx chunk cipher=28 queued=0
[9199908][I][BLE] enrich_xfer_perf count=18 sendMs=79 waitMs=679 rxBytes=846
[9199908][I][BLE] enrichment batch received count=18 bytes=846
[9199908][I][BLE] enrichment batch consumed count=18
[9199909][I][BLE] Enrich batch queued count=18 queueSize=1
[9199909][I][BLE] Enrichment batch received count=18 claimed=18 queued=1
[9199920][I][BLE] Enrich drain begin count=18 queueSize=1 ageMs=11
[9202186][I][STORAGE] Spool enrich_batch applied=18 failed=0 batchFirstEventId=40092 batchLastEventId=40109 firstRecord=44319 lastRecord=44336 ms=896
[9202187][I][BLE] enrich_perf count=18 applied=18 failed=0 deferred=0 storageMs=1554 pendingUpload=4472
[9202188][I][BLE] Enrich drain done applied=18 failed=0 deferred=0 queueSize=0
[9202188][I][BLE] Enrich torrent done drained=1 remaining=0 tookLease=0 preempt=0 elapsedMs=2269
[9202202][I][STORAGE] RAMSpool worker paused inflight=0 lastInflight=0
[9202202][I][STORAGE] Exclusive window begin kind=enrichment reason=manual_enrich_window workerPaused=1 displaySuspended=1
[9202203][I][BLE] Manual enrichment window batch count=18 active=1 noData=0 budgetExhausted=0 timeHit=0
[9202203][I][STORAGE] RAMSpool worker resumed
[9202203][I][STORAGE] Exclusive window end kind=enrichment result=manual_batch_built reason=manual_enrich_window
[9202203][I][BLE] enrichment request queued count=18 bytes=180
[9202204][I][BLE] Requested enrichment batch count=18 queued=0
[9202225][I][BLE] enrichment send mtu=247 attPayload=244 bytes=180 count=18
[9202303][I][BLE] enrichment batch sent plain=180 sealed=202 count=18 writeOk=1
[9202455][I][BLE] enrichment rx chunk cipher=142 queued=0
[9202536][I][BLE] enrichment rx chunk cipher=142 queued=0
[9202607][I][BLE] enrichment rx chunk cipher=142 queued=0
[9202688][I][BLE] enrichment rx chunk cipher=142 queued=0
[9202789][I][BLE] enrichment rx chunk cipher=142 queued=0
[9202850][I][BLE] enrichment rx chunk cipher=142 queued=0
[9202931][I][BLE] enrichment rx chunk cipher=142 queued=0
[9203022][I][BLE] enrichment rx chunk cipher=28 queued=0
[9203023][I][BLE] enrich_xfer_perf count=18 sendMs=79 waitMs=719 rxBytes=846
[9203023][I][BLE] enrichment batch received count=18 bytes=846
[9203023][I][BLE] enrichment batch consumed count=18
[9203024][I][BLE] Enrich batch queued count=18 queueSize=1
[9203024][I][BLE] Enrichment batch received count=18 claimed=18 queued=1
[9203035][I][BLE] Enrich drain begin count=18 queueSize=1 ageMs=11
[9205450][I][STORAGE] Spool enrich_batch applied=18 failed=0 batchFirstEventId=40110 batchLastEventId=40127 firstRecord=44337 lastRecord=44354 ms=1028
[9205451][I][BLE] enrich_perf count=18 applied=18 failed=0 deferred=0 storageMs=1702 pendingUpload=4472
[9205452][I][BLE] Enrich drain done applied=18 failed=0 deferred=0 queueSize=0
[9205452][I][BLE] Enrich torrent done drained=1 remaining=0 tookLease=0 preempt=0 elapsedMs=2418
[9205513][I][BLE] storage snapshot sent pendingUp=0/4472 pendingEnrich=0/2625 usedPct=28
[9205527][I][STORAGE] RAMSpool worker paused inflight=0 lastInflight=0
[9205527][I][STORAGE] Exclusive window begin kind=enrichment reason=manual_enrich_window workerPaused=1 displaySuspended=1
[9205528][I][BLE] Manual enrichment window batch count=18 active=1 noData=0 budgetExhausted=0 timeHit=0
[9205528][I][STORAGE] RAMSpool worker resumed
[9205528][I][STORAGE] Exclusive window end kind=enrichment result=manual_batch_built reason=manual_enrich_window
[9205529][I][BLE] enrichment request queued count=18 bytes=180
[9205529][I][BLE] Requested enrichment batch count=18 queued=0
[9205550][I][BLE] enrichment send mtu=247 attPayload=244 bytes=180 count=18
[9205573][I][BLE] enrichment batch sent plain=180 sealed=202 count=18 writeOk=1
[9205711][I][BLE] enrichment rx chunk cipher=142 queued=0
[9205802][I][BLE] enrichment rx chunk cipher=142 queued=0
[9205863][I][BLE] enrichment rx chunk cipher=142 queued=0
[9205944][I][BLE] enrichment rx chunk cipher=142 queued=0
[9206025][I][BLE] enrichment rx chunk cipher=142 queued=0
[9206106][I][BLE] enrichment rx chunk cipher=142 queued=0
[9206177][I][BLE] enrichment rx chunk cipher=142 queued=0
[9206268][I][BLE] enrichment rx chunk cipher=28 queued=0
[9206269][I][BLE] enrich_xfer_perf count=18 sendMs=24 waitMs=695 rxBytes=846
[9206269][I][BLE] enrichment batch received count=18 bytes=846
[9206269][I][BLE] enrichment batch consumed count=18
[9206269][I][BLE] Enrich batch queued count=18 queueSize=1
[9206270][I][BLE] Enrichment batch received count=18 claimed=18 queued=1
[9206281][I][BLE] Enrich drain begin count=18 queueSize=1 ageMs=12
[9208672][I][STORAGE] Spool enrich_batch applied=18 failed=0 batchFirstEventId=40128 batchLastEventId=40145 firstRecord=44355 lastRecord=44372 ms=972
[9208673][I][BLE] enrich_perf count=18 applied=18 failed=0 deferred=0 storageMs=1659 pendingUpload=4472
[9208673][I][BLE] Enrich drain done applied=18 failed=0 deferred=0 queueSize=0
[9208674][I][BLE] Enrich torrent done drained=1 remaining=0 tookLease=0 preempt=0 elapsedMs=2393
[9208675][I][STACK] TaskHardware watermark=7888B min=7888B
[9208679][I][HEAP] heap free=3858KB min=3791KB largest=3776KB frag=2% internalFree=40KB internalLargest=11KB psramFree=3818KB core=74/60% owner=BLE_GPS nets=9 pendingUpload=? pendingEnrich=2625
[HEALTH] time=2026-08-16 14:46:39 src=gps
[HEALTH] heap used=4594/8452KB free=3858KB min=3791KB largest=3776KB frag=2%
[HEALTH] internal used=220/260KB free=40KB min=0KB largest=11KB
[HEALTH] psram used=4374/8192KB free=3818KB largest=3776KB
[HEALTH] stack free_min: core0=8KB/18KB core1=5KB/10KB
[HEALTH] loopTask free_min=3080B/5120B
[HEALTH] core usage: core0=74% core1=60%
[HEALTH] power=usb state=usb batt=100% 4718mV trend=1mV/min runtime=0min cap=1100mAh charging=0
[HEALTH] radio=BLE_GPS wifi=0 ble=1 gps=0 nets=9 pendingUpload=? pendingEnrich=2625
[HEALTH] subghz=NONE mode=OFF pkts=0 nodes=0
[9208682][I][STACK] TaskStorage watermark=1896B
[9208682][I][STORAGE] RAMSpool enq=553 cons=553 inflight=0/1024 high=2 pressure=0 drop[full=0 big=0 noise=0 p3Evict=0 p3Drop=0 p2Drop=0 p1Fail=0] free=1024
[9208683][I][STORAGE] RAMSpool enqueue probe[ok=521 drop=0] device[ok=32 drop=0]
[9208683][I][STORAGE] RAMSpool worker probe[ok=521 sup=0 drop=0 fail=0 slow=0] device[ok=31 sup=1 drop=0 fail=0 slow=0] slowTotal=0 maxMs=0
[9208683][I][STORAGE] RAMSpool prioEnq p0=0 p1=0 p2=553 p3=0
[9208683][I][STORAGE] RAMSpool lanes p1=0/0 p2=0/1 p3=0/0
[9208693][W][CORE] TaskHardware loop gap=2413ms owner=BLE_GPS pendingUpload=4472 maintPending=1 suppressed=3
[9208697][I][STORAGE] RAMSpool worker paused inflight=0 lastInflight=0
[9208698][I][STORAGE] Exclusive window begin kind=enrichment reason=manual_enrich_window workerPaused=1 displaySuspended=1
[9208698][I][BLE] Manual enrichment window batch count=18 active=1 noData=0 budgetExhausted=0 timeHit=0
[9208698][I][STORAGE] RAMSpool worker resumed
[9208699][I][STORAGE] Exclusive window end kind=enrichment result=manual_batch_built reason=manual_enrich_window
[9208699][I][BLE] enrichment request queued count=18 bytes=180
[9208699][I][BLE] Requested enrichment batch count=18 queued=0
[9208720][I][BLE] enrichment send mtu=247 attPayload=244 bytes=180 count=18
[9208753][I][BLE] enrichment batch sent plain=180 sealed=202 count=18 writeOk=1
[9208890][I][BLE] enrichment rx chunk cipher=142 queued=0
[9208951][I][BLE] enrichment rx chunk cipher=142 queued=0
[9209052][I][BLE] enrichment rx chunk cipher=142 queued=0
[9209123][I][BLE] enrichment rx chunk cipher=142 queued=0
[9209204][I][BLE] enrichment rx chunk cipher=142 queued=0
[9209265][I][BLE] enrichment rx chunk cipher=142 queued=0
[9209347][I][BLE] enrichment rx chunk cipher=142 queued=0
[9209448][I][BLE] enrichment rx chunk cipher=28 queued=0
[9209449][I][BLE] enrich_xfer_perf count=18 sendMs=33 waitMs=695 rxBytes=846
[9209449][I][BLE] enrichment batch received count=18 bytes=846
[9209449][I][BLE] enrichment batch consumed count=18
[9209450][I][BLE] Enrich batch queued count=18 queueSize=1
[9209450][I][BLE] Enrichment batch received count=18 claimed=18 queued=1
[9209461][I][BLE] Enrich drain begin count=18 queueSize=1 ageMs=12
[9211102][I][STACK] TaskButtons watermark=1784B min=1784B
[9211908][I][STORAGE] Spool enrich_batch applied=18 failed=0 batchFirstEventId=40146 batchLastEventId=40163 firstRecord=44373 lastRecord=44390 ms=991
[9211909][I][BLE] enrich_perf count=18 applied=18 failed=0 deferred=0 storageMs=1695 pendingUpload=4472
[9211910][I][BLE] Enrich drain done applied=18 failed=0 deferred=0 queueSize=0
[9211910][I][BLE] Enrich torrent done drained=1 remaining=0 tookLease=0 preempt=0 elapsedMs=2449
[9211924][I][STORAGE] RAMSpool worker paused inflight=0 lastInflight=0
[9211924][I][STORAGE] Exclusive window begin kind=enrichment reason=manual_enrich_window workerPaused=1 displaySuspended=1
[9211925][I][BLE] Manual enrichment window batch count=18 active=1 noData=0 budgetExhausted=0 timeHit=0
[9211925][I][STORAGE] RAMSpool worker resumed
[9211925][I][STORAGE] Exclusive window end kind=enrichment result=manual_batch_built reason=manual_enrich_window
[9211926][I][BLE] enrichment request queued count=18 bytes=180
[9211926][I][BLE] Requested enrichment batch count=18 queued=0
[9211947][I][BLE] enrichment send mtu=247 attPayload=244 bytes=180 count=18
[9212038][I][BLE] enrichment batch sent plain=180 sealed=202 count=18 writeOk=1
[9212187][I][BLE] enrichment rx chunk cipher=142 queued=0
[9212278][I][BLE] enrichment rx chunk cipher=142 queued=0
[9212329][I][BLE] enrichment rx chunk cipher=142 queued=0
[9212430][I][BLE] enrichment rx chunk cipher=142 queued=0
[9212491][I][BLE] enrichment rx chunk cipher=142 queued=0
[9212582][I][BLE] enrichment rx chunk cipher=142 queued=0
[9212643][I][BLE] enrichment rx chunk cipher=142 queued=0
[9212744][I][BLE] enrichment rx chunk cipher=28 queued=0
[9212745][I][BLE] enrich_xfer_perf count=18 sendMs=91 waitMs=706 rxBytes=846
[9212745][I][BLE] enrichment batch received count=18 bytes=846
[9212745][I][BLE] enrichment batch consumed count=18
[9212746][I][BLE] Enrich batch queued count=18 queueSize=1
[9212746][I][BLE] Enrichment batch received count=18 claimed=18 queued=1
[9212757][I][BLE] Enrich drain begin count=18 queueSize=1 ageMs=11

===== CMD: companion status =====
[9215472][I][STORAGE] Spool enrich_batch applied=18 failed=0 batchFirstEventId=40164 batchLastEventId=40181 firstRecord=44391 lastRecord=44408 ms=1227
[9215473][I][BLE] enrich_perf count=18 applied=18 failed=0 deferred=0 storageMs=1944 pendingUpload=4472
[9215473][I][BLE] Enrich drain done applied=18 failed=0 deferred=0 queueSize=0
[9215474][I][BLE] Enrich torrent done drained=1 remaining=0 tookLease=0 preempt=0 elapsedMs=2717
companion status
[COMP] enabled=1
[COMP] external accessory=0 bleProxy=0 phoneConnected=0 phone=unknown rssi=0 ageMs=0
[COMP] wio link=idle sx1262=0 textInput=0
[COMP] phone=AVAILABLE work=ENRICHING
[COMP] bleBegun=1 bleRadio=1 bleState=SUBSCRIBED
[COMP] ready link=1 gps=1 freshGps=0 ctrl=1 enrich=1
[COMP] bleInitAgeMs=9190472 scanStartAgeMs=401059 disconnReason=0
[COMP] pendingEnrichMission=0 pendingEnrichNoise=1023 pendingEnrichTotal=1023
[COMP] hold manual=0 autoOffload=0 managerActive=0 prep=1 deadlineInMs=0 retryInMs=0
[COMP] lastProbeAgeMs=398842 lastEnrichAgeMs=419062
[COMP] radioOwner=ble_gps
[9215491][I][BLE] worker stack free=7372B min=7372B
[9215492][I][STORAGE] RAMSpool worker paused inflight=0 lastInflight=0
[9215492][I][STORAGE] Exclusive window begin kind=enrichment reason=manual_enrich_window workerPaused=1 displaySuspended=1
[9215493][I][BLE] Manual enrichment window batch count=18 active=1 noData=0 budgetExhausted=0 timeHit=0
[9215493][I][STORAGE] RAMSpool worker resumed
[9215493][I][STORAGE] Exclusive window end kind=enrichment result=manual_batch_built reason=manual_enrich_window
[9215494][I][BLE] enrichment request queued count=18 bytes=180
[9215494][I][BLE] Requested enrichment batch count=18 queued=0
[9215515][I][BLE] enrichment send mtu=247 attPayload=244 bytes=180 count=18
[9215548][I][BLE] enrichment batch sent plain=180 sealed=202 count=18 writeOk=1
[9215685][I][BLE] enrichment rx chunk cipher=142 queued=0
[9215787][I][BLE] enrichment rx chunk cipher=142 queued=0
[9215858][I][BLE] enrichment rx chunk cipher=142 queued=0
[9215939][I][BLE] enrichment rx chunk cipher=142 queued=0
[9216000][I][BLE] enrichment rx chunk cipher=142 queued=0
[9216102][I][BLE] enrichment rx chunk cipher=142 queued=0
[9216173][I][BLE] enrichment rx chunk cipher=142 queued=0
[9216254][I][BLE] enrichment rx chunk cipher=28 queued=0
[9216255][I][BLE] enrich_xfer_perf count=18 sendMs=34 waitMs=706 rxBytes=846
[9216255][I][BLE] enrichment batch received count=18 bytes=846
[9216255][I][BLE] enrichment batch consumed count=18
[9216256][I][BLE] Enrich batch queued count=18 queueSize=1
[9216256][I][BLE] Enrichment batch received count=18 claimed=18 queued=1
[9216267][I][BLE] Enrich drain begin count=18 queueSize=1 ageMs=12
[9218309][I][STORAGE] Spool enrich_batch applied=18 failed=0 batchFirstEventId=40182 batchLastEventId=40199 firstRecord=44409 lastRecord=44426 ms=867
[9218310][I][BLE] enrich_perf count=18 applied=18 failed=0 deferred=0 storageMs=1434 pendingUpload=4472
[9218310][I][BLE] Enrich drain done applied=18 failed=0 deferred=0 queueSize=0
[9218311][I][BLE] Enrich torrent done drained=1 remaining=0 tookLease=0 preempt=0 elapsedMs=2044
[9218325][I][STORAGE] RAMSpool worker paused inflight=0 lastInflight=0
[9218325][I][STORAGE] Exclusive window begin kind=enrichment reason=manual_enrich_window workerPaused=1 displaySuspended=1
[9218326][I][BLE] Manual enrichment window batch count=18 active=1 noData=0 budgetExhausted=0 timeHit=0
[9218326][I][STORAGE] RAMSpool worker resumed
[9218326][I][STORAGE] Exclusive window end kind=enrichment result=manual_batch_built reason=manual_enrich_window
[9218327][I][BLE] enrichment request queued count=18 bytes=180
[9218327][I][BLE] Requested enrichment batch count=18 queued=0
[9218348][I][BLE] enrichment send mtu=247 attPayload=244 bytes=180 count=18
[9218428][I][BLE] enrichment batch sent plain=180 sealed=202 count=18 writeOk=1
[9218569][I][BLE] enrichment rx chunk cipher=142 queued=0
[9218640][I][BLE] enrichment rx chunk cipher=142 queued=0
[9218722][I][BLE] enrichment rx chunk cipher=142 queued=0
[9218823][I][BLE] enrichment rx chunk cipher=142 queued=0
[9218884][I][BLE] enrichment rx chunk cipher=142 queued=0
[9218965][I][BLE] enrichment rx chunk cipher=142 queued=0
[9219046][I][BLE] enrichment rx chunk cipher=142 queued=0
[9219107][I][BLE] enrichment rx chunk cipher=28 queued=0
[9219108][I][BLE] enrich_xfer_perf count=18 sendMs=81 waitMs=679 rxBytes=846
[9219108][I][BLE] enrichment batch received count=18 bytes=846
[9219108][I][BLE] enrichment batch consumed count=18
[9219109][I][BLE] Enrich batch queued count=18 queueSize=1
[9219109][I][BLE] Enrichment batch received count=18 claimed=18 queued=1
[9219120][I][BLE] Enrich drain begin count=18 queueSize=1 ageMs=12
[9221360][I][STORAGE] Spool enrich_batch applied=18 failed=0 batchFirstEventId=40200 batchLastEventId=40217 firstRecord=44427 lastRecord=44444 ms=1027
[9221360][I][BLE] enrich_perf count=18 applied=18 failed=0 deferred=0 storageMs=1610 pendingUpload=4472
[9221361][I][BLE] Enrich drain done applied=18 failed=0 deferred=0 queueSize=0
[9221361][I][BLE] Enrich torrent done drained=1 remaining=0 tookLease=0 preempt=0 elapsedMs=2242
[9221443][I][BLE] storage snapshot sent pendingUp=0/4472 pendingEnrich=0/2625 usedPct=28
[9221453][W][CORE] TaskHardware loop gap=2334ms owner=BLE_GPS pendingUpload=4472 maintPending=1 suppressed=3
[9221457][I][STORAGE] RAMSpool worker paused inflight=0 lastInflight=0
[9221458][I][STORAGE] Exclusive window begin kind=enrichment reason=manual_enrich_window workerPaused=1 displaySuspended=1
[9221458][I][BLE] Manual enrichment window batch count=18 active=1 noData=0 budgetExhausted=0 timeHit=0
[9221459][I][STORAGE] RAMSpool worker resumed
[9221459][I][STORAGE] Exclusive window end kind=enrichment result=manual_batch_built reason=manual_enrich_window
[9221459][I][BLE] enrichment request queued count=18 bytes=180
[9221459][I][BLE] Requested enrichment batch count=18 queued=0
[9221480][I][BLE] enrichment send mtu=247 attPayload=244 bytes=180 count=18
[9221518][I][BLE] enrichment batch sent plain=180 sealed=202 count=18 writeOk=1
[9221670][I][BLE] enrichment rx chunk cipher=142 queued=0
[9221731][I][BLE] enrichment rx chunk cipher=142 queued=0
[9221832][I][BLE] enrichment rx chunk cipher=142 queued=0
[9221903][I][BLE] enrichment rx chunk cipher=142 queued=0
[9221984][I][BLE] enrichment rx chunk cipher=142 queued=0
[9222045][I][BLE] enrichment rx chunk cipher=142 queued=0
[9222147][I][BLE] enrichment rx chunk cipher=142 queued=0
[9222218][I][BLE] enrichment rx chunk cipher=28 queued=0
[9222219][I][BLE] enrich_xfer_perf count=18 sendMs=38 waitMs=701 rxBytes=846
[9222219][I][BLE] enrichment batch received count=18 bytes=846
[9222219][I][BLE] enrichment batch consumed count=18
[9222220][I][BLE] Enrich batch queued count=18 queueSize=1
[9222220][I][BLE] Enrichment batch received count=18 claimed=18 queued=1
[9222231][I][BLE] Enrich drain begin count=18 queueSize=1 ageMs=11
[9224516][I][STORAGE] Spool enrich_batch applied=18 failed=0 batchFirstEventId=40218 batchLastEventId=40235 firstRecord=44445 lastRecord=44462 ms=916
[9224517][I][BLE] enrich_perf count=18 applied=18 failed=0 deferred=0 storageMs=1528 pendingUpload=4472
[9224517][I][BLE] Enrich drain done applied=18 failed=0 deferred=0 queueSize=0
[9224517][I][BLE] Enrich torrent done drained=1 remaining=0 tookLease=0 preempt=0 elapsedMs=2287
[9224532][I][STORAGE] RAMSpool worker paused inflight=0 lastInflight=0
[9224532][I][STORAGE] Exclusive window begin kind=enrichment reason=manual_enrich_window workerPaused=1 displaySuspended=1
[9224533][I][BLE] Manual enrichment window batch count=18 active=1 noData=0 budgetExhausted=0 timeHit=0
[9224533][I][STORAGE] RAMSpool worker resumed
[9224533][I][STORAGE] Exclusive window end kind=enrichment result=manual_batch_built reason=manual_enrich_window
[9224534][I][BLE] enrichment request queued count=18 bytes=180
[9224534][I][BLE] Requested enrichment batch count=18 queued=0
[9224555][I][BLE] enrichment send mtu=247 attPayload=244 bytes=180 count=18
[9224638][I][BLE] enrichment batch sent plain=180 sealed=202 count=18 writeOk=1
[9224776][I][BLE] enrichment rx chunk cipher=142 queued=0
[9224867][I][BLE] enrichment rx chunk cipher=142 queued=0
[9224928][I][BLE] enrichment rx chunk cipher=142 queued=0
[9225009][I][BLE] enrichment rx chunk cipher=142 queued=0
[9225100][I][BLE] enrichment rx chunk cipher=142 queued=0
[9225181][I][BLE] enrichment rx chunk cipher=142 queued=0
[9225242][I][BLE] enrichment rx chunk cipher=142 queued=0
[9225323][I][BLE] enrichment rx chunk cipher=28 queued=0
[9225324][I][BLE] enrich_xfer_perf count=18 sendMs=84 waitMs=685 rxBytes=846
[9225324][I][BLE] enrichment batch received count=18 bytes=846
[9225324][I][BLE] enrichment batch consumed count=18
[9225325][I][BLE] Enrich batch queued count=18 queueSize=1
[9225325][I][BLE] Enrichment batch received count=18 claimed=18 queued=1
[9225336][I][BLE] Enrich drain begin count=18 queueSize=1 ageMs=12
[9227570][I][STORAGE] Spool enrich_batch applied=18 failed=0 batchFirstEventId=40236 batchLastEventId=40253 firstRecord=44463 lastRecord=44480 ms=946
[9227570][I][BLE] enrich_perf count=18 applied=18 failed=0 deferred=0 storageMs=1571 pendingUpload=4472
[9227571][I][BLE] Enrich drain done applied=18 failed=0 deferred=0 queueSize=0
[9227571][I][BLE] Enrich torrent done drained=1 remaining=0 tookLease=0 preempt=0 elapsedMs=2235
[9227585][I][STORAGE] RAMSpool worker paused inflight=0 lastInflight=0
[9227585][I][STORAGE] Exclusive window begin kind=enrichment reason=manual_enrich_window workerPaused=1 displaySuspended=1
[9227586][I][BLE] Manual enrichment window batch count=18 active=1 noData=0 budgetExhausted=0 timeHit=0
[9227586][I][STORAGE] RAMSpool worker resumed
[9227586][I][STORAGE] Exclusive window end kind=enrichment result=manual_batch_built reason=manual_enrich_window
[9227587][I][BLE] enrichment request queued count=18 bytes=180
[9227587][I][BLE] Requested enrichment batch count=18 queued=0
[9227608][I][BLE] enrichment send mtu=247 attPayload=244 bytes=180 count=18
[9227698][I][BLE] enrichment batch sent plain=180 sealed=202 count=18 writeOk=1
[9227839][I][BLE] enrichment rx chunk cipher=142 queued=0
[9227910][I][BLE] enrichment rx chunk cipher=142 queued=0
[9228001][I][BLE] enrichment rx chunk cipher=142 queued=0
[9228082][I][BLE] enrichment rx chunk cipher=142 queued=0
[9228153][I][BLE] enrichment rx chunk cipher=142 queued=0
[9228234][I][BLE] enrichment rx chunk cipher=142 queued=0
[9228315][I][BLE] enrichment rx chunk cipher=142 queued=0
[9228396][I][BLE] enrichment rx chunk cipher=28 queued=0
[9228397][I][BLE] enrich_xfer_perf count=18 sendMs=91 waitMs=698 rxBytes=846
[9228397][I][BLE] enrichment batch received count=18 bytes=846
[9228397][I][BLE] enrichment batch consumed count=18
[9228398][I][BLE] Enrich batch queued count=18 queueSize=1
[9228398][I][BLE] Enrichment batch received count=18 claimed=18 queued=1
[9228409][I][BLE] Enrich drain begin count=18 queueSize=1 ageMs=11
[9230684][I][STORAGE] Spool enrich_batch applied=18 failed=0 batchFirstEventId=40254 batchLastEventId=40271 firstRecord=44481 lastRecord=44498 ms=948
[9230829][I][BLE] enrich_perf count=18 applied=18 failed=0 deferred=0 storageMs=1735 pendingUpload=4472
[9230830][I][BLE] Enrich drain done applied=18 failed=0 deferred=0 queueSize=0
[9230830][I][BLE] Enrich torrent done drained=1 remaining=0 tookLease=0 preempt=0 elapsedMs=2422
[9230844][I][STORAGE] RAMSpool worker paused inflight=0 lastInflight=0
[9230844][I][STORAGE] Exclusive window begin kind=enrichment reason=manual_enrich_window workerPaused=1 displaySuspended=1
[9230845][I][BLE] Manual enrichment window batch count=18 active=1 noData=0 budgetExhausted=0 timeHit=0
[9230845][I][STORAGE] RAMSpool worker resumed
[9230845][I][STORAGE] Exclusive window end kind=enrichment result=manual_batch_built reason=manual_enrich_window
[9230845][I][BLE] enrichment request queued count=18 bytes=180
[9230846][I][BLE] Requested enrichment batch count=18 queued=0
[9230867][I][BLE] enrichment send mtu=247 attPayload=244 bytes=180 count=18
[9230953][I][BLE] enrichment batch sent plain=180 sealed=202 count=18 writeOk=1
[9231097][I][BLE] enrichment rx chunk cipher=142 queued=0
[9231188][I][BLE] enrichment rx chunk cipher=142 queued=0
[9231269][I][BLE] enrichment rx chunk cipher=142 queued=0
[9231330][I][BLE] enrichment rx chunk cipher=142 queued=0
[9231412][I][BLE] enrichment rx chunk cipher=142 queued=0
[9231513][I][BLE] enrichment rx chunk cipher=142 queued=0
[9231574][I][BLE] enrichment rx chunk cipher=142 queued=0
[9231655][I][BLE] enrichment rx chunk cipher=28 queued=0
[9231656][I][BLE] enrich_xfer_perf count=18 sendMs=87 waitMs=702 rxBytes=846
[9231656][I][BLE] enrichment batch received count=18 bytes=846
[9231656][I][BLE] enrichment batch consumed count=18
[9231657][I][BLE] Enrich batch queued count=18 queueSize=1
[9231657][I][BLE] Enrichment batch received count=18 claimed=18 queued=1
[9231668][I][BLE] Enrich drain begin count=18 queueSize=1 ageMs=12
[9233987][I][STORAGE] Spool enrich_batch applied=18 failed=0 batchFirstEventId=40272 batchLastEventId=40289 firstRecord=44499 lastRecord=44516 ms=961
[9233988][I][BLE] enrich_perf count=18 applied=18 failed=0 deferred=0 storageMs=1618 pendingUpload=4472
[9233988][I][BLE] Enrich drain done applied=18 failed=0 deferred=0 queueSize=0
[9233989][I][BLE] Enrich torrent done drained=1 remaining=0 tookLease=0 preempt=0 elapsedMs=2320
[9233999][W][CORE] TaskHardware loop gap=2332ms owner=BLE_GPS pendingUpload=4472 maintPending=1 suppressed=3
[9234003][I][STORAGE] RAMSpool worker paused inflight=0 lastInflight=0
[9234004][I][STORAGE] Exclusive window begin kind=enrichment reason=manual_enrich_window workerPaused=1 displaySuspended=1
[9234004][I][BLE] Manual enrichment window batch count=18 active=1 noData=0 budgetExhausted=0 timeHit=0
[9234004][I][STORAGE] RAMSpool worker resumed
[9234005][I][STORAGE] Exclusive window end kind=enrichment result=manual_batch_built reason=manual_enrich_window
[9234005][I][BLE] enrichment request queued count=18 bytes=180
[9234005][I][BLE] Requested enrichment batch count=18 queued=0
[9234026][I][BLE] enrichment send mtu=247 attPayload=244 bytes=180 count=18
[9234118][I][BLE] enrichment batch sent plain=180 sealed=202 count=18 writeOk=1
[9234256][I][BLE] enrichment rx chunk cipher=142 queued=0
[9234347][I][BLE] enrichment rx chunk cipher=142 queued=0
[9234408][I][BLE] enrichment rx chunk cipher=142 queued=0
[9234500][I][BLE] enrichment rx chunk cipher=142 queued=0
[9234561][I][BLE] enrichment rx chunk cipher=142 queued=0
[9234632][I][BLE] enrichment rx chunk cipher=142 queued=0
[9234733][I][BLE] enrichment rx chunk cipher=142 queued=0
[9234794][I][BLE] enrichment rx chunk cipher=28 queued=0
[9234795][I][BLE] enrich_xfer_perf count=18 sendMs=92 waitMs=677 rxBytes=846
[9234795][I][BLE] enrichment batch received count=18 bytes=846
[9234796][I][BLE] enrichment batch consumed count=18
[9234796][I][BLE] Enrich batch queued count=18 queueSize=1
[9234796][I][BLE] Enrichment batch received count=18 claimed=18 queued=1
[9234807][I][BLE] Enrich drain begin count=18 queueSize=1 ageMs=11

===== CMD: companion status =====
[9237199][I][STORAGE] Spool enrich_batch applied=18 failed=0 batchFirstEventId=40290 batchLastEventId=40307 firstRecord=44517 lastRecord=44534 ms=995
[9237199][I][BLE] enrich_perf count=18 applied=18 failed=0 deferred=0 storageMs=1667 pendingUpload=4472
[9237200][I][BLE] Enrich drain done applied=18 failed=0 deferred=0 queueSize=0
[9237200][I][BLE] Enrich torrent done drained=1 remaining=0 tookLease=0 preempt=0 elapsedMs=2393
[9237238][I][BLE] storage snapshot sent pendingUp=0/4472 pendingEnrich=0/2625 usedPct=28
companion status
[COMP] enabled=1
[COMP] external accessory=0 bleProxy=0 phoneConnected=0 phone=unknown rssi=0 ageMs=0
[COMP] wio link=idle sx1262=0 textInput=0
[COMP] phone=AVAILABLE work=ENRICHING
[COMP] bleBegun=1 bleRadio=1 bleState=SUBSCRIBED
[COMP] ready link=1 gps=1 freshGps=0 ctrl=1 enrich=1
[COMP] bleInitAgeMs=9212235 scanStartAgeMs=422822 disconnReason=0
[COMP] pendingEnrichMission=0 pendingEnrichNoise=897 pendingEnrichTotal=897
[COMP] hold manual=0 autoOffload=0 managerActive=0 prep=1 deadlineInMs=0 retryInMs=0
[COMP] lastProbeAgeMs=420892 lastEnrichAgeMs=441112
[COMP] radioOwner=ble_gps
[9237255][I][STORAGE] RAMSpool worker paused inflight=0 lastInflight=0
[9237255][I][STORAGE] Exclusive window begin kind=enrichment reason=manual_enrich_window workerPaused=1 displaySuspended=1
[9237256][I][BLE] Manual enrichment window batch count=18 active=1 noData=0 budgetExhausted=0 timeHit=0
[9237256][I][STORAGE] RAMSpool worker resumed
[9237256][I][STORAGE] Exclusive window end kind=enrichment result=manual_batch_built reason=manual_enrich_window
[9237257][I][BLE] enrichment request queued count=18 bytes=180
[9237257][I][BLE] Requested enrichment batch count=18 queued=0
[9237278][I][BLE] enrichment send mtu=247 attPayload=244 bytes=180 count=18
[9237298][I][BLE] enrichment batch sent plain=180 sealed=202 count=18 writeOk=1
[9237439][I][BLE] enrichment rx chunk cipher=142 queued=0
[9237500][I][BLE] enrichment rx chunk cipher=142 queued=0
[9237601][I][BLE] enrichment rx chunk cipher=142 queued=0
[9237662][I][BLE] enrichment rx chunk cipher=142 queued=0
[9237743][I][BLE] enrichment rx chunk cipher=142 queued=0
[9237844][I][BLE] enrichment rx chunk cipher=142 queued=0
[9237905][I][BLE] enrichment rx chunk cipher=142 queued=0
[9237976][I][BLE] enrichment rx chunk cipher=28 queued=0
[9237977][I][BLE] enrich_xfer_perf count=18 sendMs=21 waitMs=679 rxBytes=846
[9237977][I][BLE] enrichment batch received count=18 bytes=846
[9237978][I][BLE] enrichment batch consumed count=18
[9237978][I][BLE] Enrich batch queued count=18 queueSize=1
[9237978][I][BLE] Enrichment batch received count=18 claimed=18 queued=1
[9237989][I][BLE] Enrich drain begin count=18 queueSize=1 ageMs=11
[9240428][I][STORAGE] Spool enrich_batch applied=18 failed=0 batchFirstEventId=40308 batchLastEventId=40325 firstRecord=44535 lastRecord=44552 ms=1010
[9240428][I][BLE] enrich_perf count=18 applied=18 failed=0 deferred=0 storageMs=1696 pendingUpload=4472
[9240429][I][BLE] Enrich drain done applied=18 failed=0 deferred=0 queueSize=0
[9240429][I][BLE] Enrich torrent done drained=1 remaining=0 tookLease=0 preempt=0 elapsedMs=2440
[9240430][I][STACK] TaskHardware watermark=7888B min=7888B
[9240435][I][HEAP] heap free=3858KB min=3791KB largest=3776KB frag=2% internalFree=40KB internalLargest=11KB psramFree=3818KB core=75/60% owner=BLE_GPS nets=9 pendingUpload=? pendingEnrich=2625
[HEALTH] time=2026-08-16 14:47:11 src=gps
[HEALTH] heap used=4594/8452KB free=3858KB min=3791KB largest=3776KB frag=2%
[HEALTH] internal used=220/260KB free=40KB min=0KB largest=11KB
[HEALTH] psram used=4374/8192KB free=3818KB largest=3776KB
[HEALTH] stack free_min: core0=8KB/18KB core1=5KB/10KB
[HEALTH] loopTask free_min=3080B/5120B
[HEALTH] core usage: core0=75% core1=60%
[HEALTH] power=usb state=usb batt=100% 4717mV trend=0mV/min runtime=0min cap=1100mAh charging=0
[HEALTH] radio=BLE_GPS wifi=0 ble=1 gps=0 nets=9 pendingUpload=? pendingEnrich=2625
[HEALTH] subghz=NONE mode=OFF pkts=0 nodes=0
[9240438][I][STACK] TaskStorage watermark=1896B
[9240438][I][STORAGE] RAMSpool enq=553 cons=553 inflight=0/1024 high=2 pressure=0 drop[full=0 big=0 noise=0 p3Evict=0 p3Drop=0 p2Drop=0 p1Fail=0] free=1024
[9240439][I][STORAGE] RAMSpool enqueue probe[ok=521 drop=0] device[ok=32 drop=0]
[9240439][I][STORAGE] RAMSpool worker probe[ok=521 sup=0 drop=0 fail=0 slow=0] device[ok=31 sup=1 drop=0 fail=0 slow=0] slowTotal=0 maxMs=0
[9240440][I][STORAGE] RAMSpool prioEnq p0=0 p1=0 p2=553 p3=0
[9240440][I][STORAGE] RAMSpool lanes p1=0/0 p2=0/1 p3=0/0
[9240454][I][STORAGE] RAMSpool worker paused inflight=0 lastInflight=0
[9240454][I][STORAGE] Exclusive window begin kind=enrichment reason=manual_enrich_window workerPaused=1 displaySuspended=1
[9240455][I][BLE] Manual enrichment window batch count=18 active=1 noData=0 budgetExhausted=0 timeHit=0
[9240455][I][STORAGE] RAMSpool worker resumed
[9240455][I][STORAGE] Exclusive window end kind=enrichment result=manual_batch_built reason=manual_enrich_window
[9240455][I][BLE] enrichment request queued count=18 bytes=180
[9240456][I][BLE] Requested enrichment batch count=18 queued=0
[9240477][I][BLE] enrichment send mtu=247 attPayload=244 bytes=180 count=18
[9240523][I][BLE] enrichment batch sent plain=180 sealed=202 count=18 writeOk=1
[9240678][I][BLE] enrichment rx chunk cipher=142 queued=0
[9240759][I][BLE] enrichment rx chunk cipher=142 queued=0
[9240840][I][BLE] enrichment rx chunk cipher=142 queued=0
[9240901][I][BLE] enrichment rx chunk cipher=142 queued=0
[9240982][I][BLE] enrichment rx chunk cipher=142 queued=0
[9241073][I][BLE] enrichment rx chunk cipher=142 queued=0
[9241106][I][STACK] TaskButtons watermark=1784B min=1784B
[9241144][I][BLE] enrichment rx chunk cipher=142 queued=0
[9241215][I][BLE] enrichment rx chunk cipher=28 queued=0
[9241216][I][BLE] enrich_xfer_perf count=18 sendMs=46 waitMs=692 rxBytes=846
[9241216][I][BLE] enrichment batch received count=18 bytes=846
[9241216][I][BLE] enrichment batch consumed count=18
[9241217][I][BLE] Enrich batch queued count=18 queueSize=1
[9241217][I][BLE] Enrichment batch received count=18 claimed=18 queued=1
[9241228][I][BLE] Enrich drain begin count=18 queueSize=1 ageMs=11
[9243923][I][STORAGE] Spool enrich_batch applied=18 failed=0 batchFirstEventId=40326 batchLastEventId=40343 firstRecord=44553 lastRecord=44570 ms=1128
[9243924][I][BLE] enrich_perf count=18 applied=18 failed=0 deferred=0 storageMs=1830 pendingUpload=4472
[9243925][I][BLE] Enrich drain done applied=18 failed=0 deferred=0 queueSize=0
[9243925][I][BLE] Enrich torrent done drained=1 remaining=0 tookLease=0 preempt=0 elapsedMs=2697
[9243939][I][STORAGE] RAMSpool worker paused inflight=0 lastInflight=0
[9243939][I][STORAGE] Exclusive window begin kind=enrichment reason=manual_enrich_window workerPaused=1 displaySuspended=1
[9243940][I][BLE] Manual enrichment window batch count=18 active=1 noData=0 budgetExhausted=0 timeHit=0
[9243940][I][STORAGE] RAMSpool worker resumed
[9243940][I][STORAGE] Exclusive window end kind=enrichment result=manual_batch_built reason=manual_enrich_window
[9243940][I][BLE] enrichment request queued count=18 bytes=180
[9243941][I][BLE] Requested enrichment batch count=18 queued=0
[9243962][I][BLE] enrichment send mtu=247 attPayload=244 bytes=180 count=18
[9244048][I][BLE] enrichment batch sent plain=180 sealed=202 count=18 writeOk=1
[9244202][I][BLE] enrichment rx chunk cipher=142 queued=0
[9244263][I][BLE] enrichment rx chunk cipher=142 queued=0
[9244364][I][BLE] enrichment rx chunk cipher=142 queued=0
[9244425][I][BLE] enrichment rx chunk cipher=142 queued=0
[9244527][I][BLE] enrichment rx chunk cipher=142 queued=0
[9244578][I][BLE] enrichment rx chunk cipher=142 queued=0
[9244659][I][BLE] enrichment rx chunk cipher=142 queued=0
[9244740][I][BLE] enrichment rx chunk cipher=28 queued=0
[9244741][I][BLE] enrich_xfer_perf count=18 sendMs=87 waitMs=692 rxBytes=846
[9244741][I][BLE] enrichment batch received count=18 bytes=846
[9244741][I][BLE] enrichment batch consumed count=18
[9244742][I][BLE] Enrich batch queued count=18 queueSize=1
[9244742][I][BLE] Enrichment batch received count=18 claimed=18 queued=1
[9244753][I][BLE] Enrich drain begin count=18 queueSize=1 ageMs=11
[9247664][I][STORAGE] Spool enrich_batch applied=18 failed=0 batchFirstEventId=40344 batchLastEventId=40361 firstRecord=44571 lastRecord=44588 ms=1435
[9247665][I][BLE] enrich_perf count=18 applied=18 failed=0 deferred=0 storageMs=2151 pendingUpload=4472
[9247665][I][BLE] Enrich drain done applied=18 failed=0 deferred=0 queueSize=0
[9247665][I][BLE] Enrich torrent done drained=1 remaining=0 tookLease=0 preempt=0 elapsedMs=2912
[9247675][W][CORE] TaskHardware loop gap=2923ms owner=BLE_GPS pendingUpload=4472 maintPending=1 suppressed=3
[9247679][I][BLE] worker stack free=7372B min=7372B
[9247680][I][STORAGE] RAMSpool worker paused inflight=0 lastInflight=0
[9247680][I][STORAGE] Exclusive window begin kind=enrichment reason=manual_enrich_window workerPaused=1 displaySuspended=1
[9247681][I][BLE] Manual enrichment window batch count=18 active=1 noData=0 budgetExhausted=0 timeHit=0
[9247681][I][STORAGE] RAMSpool worker resumed
[9247681][I][STORAGE] Exclusive window end kind=enrichment result=manual_batch_built reason=manual_enrich_window
[9247682][I][BLE] enrichment request queued count=18 bytes=180
[9247682][I][BLE] Requested enrichment batch count=18 queued=0
[9247703][I][BLE] enrichment send mtu=247 attPayload=244 bytes=180 count=18
[9247798][I][BLE] enrichment batch sent plain=180 sealed=202 count=18 writeOk=1
[9247953][I][BLE] enrichment rx chunk cipher=142 queued=0
[9248014][I][BLE] enrichment rx chunk cipher=142 queued=0
[9248105][I][BLE] enrichment rx chunk cipher=142 queued=0
[9248176][I][BLE] enrichment rx chunk cipher=142 queued=0
[9248257][I][BLE] enrichment rx chunk cipher=142 queued=0
[9248338][I][BLE] enrichment rx chunk cipher=142 queued=0
[9248429][I][BLE] enrichment rx chunk cipher=142 queued=0
[9248490][I][BLE] enrichment rx chunk cipher=28 queued=0
[9248491][I][BLE] enrich_xfer_perf count=18 sendMs=96 waitMs=692 rxBytes=846
[9248491][I][BLE] enrichment batch received count=18 bytes=846
[9248491][I][BLE] enrichment batch consumed count=18
[9248492][I][BLE] Enrich batch queued count=18 queueSize=1
[9248492][I][BLE] Enrichment batch received count=18 claimed=18 queued=1
[9248503][I][BLE] Enrich drain begin count=18 queueSize=1 ageMs=11
[9250653][I][STORAGE] Spool enrich_batch applied=18 failed=0 batchFirstEventId=40362 batchLastEventId=40379 firstRecord=44589 lastRecord=44606 ms=946
[9250654][I][BLE] enrich_perf count=18 applied=18 failed=0 deferred=0 storageMs=1531 pendingUpload=4472
[9250654][I][BLE] Enrich drain done applied=18 failed=0 deferred=0 queueSize=0
[9250654][I][BLE] Enrich torrent done drained=1 remaining=0 tookLease=0 preempt=0 elapsedMs=2151
[9250669][I][STORAGE] RAMSpool worker paused inflight=0 lastInflight=0
[9250669][I][STORAGE] Exclusive window begin kind=enrichment reason=manual_enrich_window workerPaused=1 displaySuspended=1
[9250670][I][BLE] Manual enrichment window batch count=18 active=1 noData=0 budgetExhausted=0 timeHit=0
[9250670][I][STORAGE] RAMSpool worker resumed
[9250670][I][STORAGE] Exclusive window end kind=enrichment result=manual_batch_built reason=manual_enrich_window
[9250670][I][BLE] enrichment request queued count=18 bytes=180
[9250671][I][BLE] Requested enrichment batch count=18 queued=0
[9250692][I][BLE] enrichment send mtu=247 attPayload=244 bytes=180 count=18
[9250738][I][BLE] enrichment batch sent plain=180 sealed=202 count=18 writeOk=1
[9250882][I][BLE] enrichment rx chunk cipher=142 queued=0
[9250973][I][BLE] enrichment rx chunk cipher=142 queued=0
[9251054][I][BLE] enrichment rx chunk cipher=142 queued=0
[9251135][I][BLE] enrichment rx chunk cipher=142 queued=0
[9251206][I][BLE] enrichment rx chunk cipher=142 queued=0
[9251287][I][BLE] enrichment rx chunk cipher=142 queued=0
[9251368][I][BLE] enrichment rx chunk cipher=142 queued=0
[9251429][I][BLE] enrichment rx chunk cipher=28 queued=0
[9251430][I][BLE] enrich_xfer_perf count=18 sendMs=46 waitMs=692 rxBytes=846
[9251430][I][BLE] enrichment batch received count=18 bytes=846
[9251431][I][BLE] enrichment batch consumed count=18
[9251431][I][BLE] Enrich batch queued count=18 queueSize=1
[9251431][I][BLE] Enrichment batch received count=18 claimed=18 queued=1
[9251442][I][BLE] Enrich drain begin count=18 queueSize=1 ageMs=11
[9253651][I][STORAGE] Spool enrich_batch applied=18 failed=0 batchFirstEventId=40380 batchLastEventId=40397 firstRecord=44607 lastRecord=44624 ms=972
[9253652][I][BLE] enrich_perf count=18 applied=18 failed=0 deferred=0 storageMs=1569 pendingUpload=4472
[9253652][I][BLE] Enrich drain done applied=18 failed=0 deferred=0 queueSize=0
[9253652][I][BLE] Enrich torrent done drained=1 remaining=0 tookLease=0 preempt=0 elapsedMs=2210
[9253753][I][BLE] storage snapshot sent pendingUp=0/4472 pendingEnrich=0/2625 usedPct=28
[9253767][I][STORAGE] RAMSpool worker paused inflight=0 lastInflight=0
[9253767][I][STORAGE] Exclusive window begin kind=enrichment reason=manual_enrich_window workerPaused=1 displaySuspended=1
[9253768][I][BLE] Manual enrichment window batch count=18 active=1 noData=0 budgetExhausted=0 timeHit=0
[9253768][I][STORAGE] RAMSpool worker resumed
[9253768][I][STORAGE] Exclusive window end kind=enrichment result=manual_batch_built reason=manual_enrich_window
[9253769][I][BLE] enrichment request queued count=18 bytes=180
[9253769][I][BLE] Requested enrichment batch count=18 queued=0
[9253790][I][BLE] enrichment send mtu=247 attPayload=244 bytes=180 count=18
[9253813][I][BLE] enrichment batch sent plain=180 sealed=202 count=18 writeOk=1
[9253951][I][BLE] enrichment rx chunk cipher=142 queued=0
[9254052][I][BLE] enrichment rx chunk cipher=142 queued=0
[9254133][I][BLE] enrichment rx chunk cipher=142 queued=0
[9254194][I][BLE] enrichment rx chunk cipher=142 queued=0
[9254275][I][BLE] enrichment rx chunk cipher=142 queued=0
[9254356][I][BLE] enrichment rx chunk cipher=142 queued=0
[9254437][I][BLE] enrichment rx chunk cipher=142 queued=0
[9254518][I][BLE] enrichment rx chunk cipher=28 queued=0
[9254519][I][BLE] enrich_xfer_perf count=18 sendMs=24 waitMs=705 rxBytes=846
[9254519][I][BLE] enrichment batch received count=18 bytes=846
[9254519][I][BLE] enrichment batch consumed count=18
[9254520][I][BLE] Enrich batch queued count=18 queueSize=1
[9254520][I][BLE] Enrichment batch received count=18 claimed=18 queued=1
[9254531][I][BLE] Enrich drain begin count=18 queueSize=1 ageMs=11

===== CMD: companion status =====
[9256794][I][STORAGE] Spool enrich_batch applied=18 failed=0 batchFirstEventId=40398 batchLastEventId=40415 firstRecord=44625 lastRecord=44642 ms=988
[9256795][I][BLE] enrich_perf count=18 applied=18 failed=0 deferred=0 storageMs=1603 pendingUpload=4472
[9256796][I][BLE] Enrich drain done applied=18 failed=0 deferred=0 queueSize=0
[9256796][I][BLE] Enrich torrent done drained=1 remaining=0 tookLease=0 preempt=0 elapsedMs=2266
companion status
[COMP] enabled=1
[COMP] external accessory=0 bleProxy=0 phoneConnected=0 phone=unknown rssi=0 ageMs=0
[COMP] wio link=idle sx1262=0 textInput=0
[COMP] phone=AVAILABLE work=ENRICHING
[COMP] bleBegun=1 bleRadio=1 bleState=SUBSCRIBED
[COMP] ready link=1 gps=1 freshGps=0 ctrl=1 enrich=1
[COMP] bleInitAgeMs=9231793 scanStartAgeMs=442380 disconnReason=0
[COMP] pendingEnrichMission=0 pendingEnrichNoise=789 pendingEnrichTotal=789
[COMP] hold manual=0 autoOffload=0 managerActive=0 prep=1 deadlineInMs=0 retryInMs=0
[COMP] lastProbeAgeMs=440616 lastEnrichAgeMs=460836
[COMP] radioOwner=ble_gps
[9256813][I][STORAGE] RAMSpool worker paused inflight=0 lastInflight=0
[9256813][I][STORAGE] Exclusive window begin kind=enrichment reason=manual_enrich_window workerPaused=1 displaySuspended=1
[9256814][I][BLE] Manual enrichment window batch count=18 active=1 noData=0 budgetExhausted=0 timeHit=0
[9256814][I][STORAGE] RAMSpool worker resumed
[9256815][I][STORAGE] Exclusive window end kind=enrichment result=manual_batch_built reason=manual_enrich_window
[9256815][I][BLE] enrichment request queued count=18 bytes=180
[9256815][I][BLE] Requested enrichment batch count=18 queued=0
[9256836][I][BLE] enrichment send mtu=247 attPayload=244 bytes=180 count=18
[9256918][I][BLE] enrichment batch sent plain=180 sealed=202 count=18 writeOk=1
[9257056][I][BLE] enrichment rx chunk cipher=142 queued=0
[9257147][I][BLE] enrichment rx chunk cipher=142 queued=0
[9257208][I][BLE] enrichment rx chunk cipher=142 queued=0
[9257299][I][BLE] enrichment rx chunk cipher=142 queued=0
[9257380][I][BLE] enrichment rx chunk cipher=142 queued=0
[9257461][I][BLE] enrichment rx chunk cipher=142 queued=0
[9257522][I][BLE] enrichment rx chunk cipher=142 queued=0
[9257623][I][BLE] enrichment rx chunk cipher=28 queued=0
[9257624][I][BLE] enrich_xfer_perf count=18 sendMs=82 waitMs=705 rxBytes=846
[9257624][I][BLE] enrichment batch received count=18 bytes=846
[9257624][I][BLE] enrichment batch consumed count=18
[9257625][I][BLE] Enrich batch queued count=18 queueSize=1
[9257625][I][BLE] Enrichment batch received count=18 claimed=18 queued=1
[9257636][I][BLE] Enrich drain begin count=18 queueSize=1 ageMs=11
[9259947][I][STORAGE] Spool enrich_batch applied=18 failed=0 batchFirstEventId=40416 batchLastEventId=40433 firstRecord=44643 lastRecord=44660 ms=1005
[9259947][I][BLE] enrich_perf count=18 applied=18 failed=0 deferred=0 storageMs=1633 pendingUpload=4472
[9259948][I][BLE] Enrich drain done applied=18 failed=0 deferred=0 queueSize=0
[9259948][I][BLE] Enrich torrent done drained=1 remaining=0 tookLease=0 preempt=0 elapsedMs=2312
[9259958][W][CORE] TaskHardware loop gap=2323ms owner=BLE_GPS pendingUpload=4472 maintPending=1 suppressed=3
[9259962][I][STORAGE] RAMSpool worker paused inflight=0 lastInflight=0
[9259962][I][STORAGE] Exclusive window begin kind=enrichment reason=manual_enrich_window workerPaused=1 displaySuspended=1
[9259963][I][BLE] Manual enrichment window batch count=18 active=1 noData=0 budgetExhausted=0 timeHit=0
[9259963][I][STORAGE] RAMSpool worker resumed
[9259964][I][STORAGE] Exclusive window end kind=enrichment result=manual_batch_built reason=manual_enrich_window
[9259964][I][BLE] enrichment request queued count=18 bytes=180
[9259964][I][BLE] Requested enrichment batch count=18 queued=0
[9259985][I][BLE] enrichment send mtu=247 attPayload=244 bytes=180 count=18
[9260083][I][BLE] enrichment batch sent plain=180 sealed=202 count=18 writeOk=1
[9260236][I][BLE] enrichment rx chunk cipher=142 queued=0
[9260297][I][BLE] enrichment rx chunk cipher=142 queued=0
[9260398][I][BLE] enrichment rx chunk cipher=142 queued=0
[9260479][I][BLE] enrichment rx chunk cipher=142 queued=0
[9260540][I][BLE] enrichment rx chunk cipher=142 queued=0
[9260641][I][BLE] enrichment rx chunk cipher=142 queued=0
[9260702][I][BLE] enrichment rx chunk cipher=142 queued=0
[9260783][I][BLE] enrichment rx chunk cipher=28 queued=0
[9260784][I][BLE] enrich_xfer_perf count=18 sendMs=98 waitMs=700 rxBytes=846
[9260784][I][BLE] enrichment batch received count=18 bytes=846
[9260784][I][BLE] enrichment batch consumed count=18
[9260784][I][BLE] Enrich batch queued count=18 queueSize=1
[9260785][I][BLE] Enrichment batch received count=18 claimed=18 queued=1
[9260796][I][BLE] Enrich drain begin count=18 queueSize=1 ageMs=12
[9263256][I][STORAGE] Spool enrich_batch applied=18 failed=0 batchFirstEventId=40434 batchLastEventId=40451 firstRecord=44661 lastRecord=44678 ms=1020
[9263257][I][BLE] enrich_perf count=18 applied=18 failed=0 deferred=0 storageMs=1665 pendingUpload=4472
[9263257][I][BLE] Enrich drain done applied=18 failed=0 deferred=0 queueSize=0
[9263258][I][BLE] Enrich torrent done drained=1 remaining=0 tookLease=0 preempt=0 elapsedMs=2462
[9263272][I][STORAGE] RAMSpool worker paused inflight=0 lastInflight=0
[9263272][I][STORAGE] Exclusive window begin kind=enrichment reason=manual_enrich_window workerPaused=1 displaySuspended=1
[9263273][I][BLE] Manual enrichment window batch count=18 active=1 noData=0 budgetExhausted=0 timeHit=0
[9263273][I][STORAGE] RAMSpool worker resumed
[9263273][I][STORAGE] Exclusive window end kind=enrichment result=manual_batch_built reason=manual_enrich_window
[9263273][I][BLE] enrichment request queued count=18 bytes=180
[9263274][I][BLE] Requested enrichment batch count=18 queued=0
[9263295][I][BLE] enrichment send mtu=247 attPayload=244 bytes=180 count=18
[9263398][I][BLE] enrichment batch sent plain=180 sealed=202 count=18 writeOk=1
[9263535][I][BLE] enrichment rx chunk cipher=142 queued=0
[9263617][I][BLE] enrichment rx chunk cipher=142 queued=0
[9263698][I][BLE] enrichment rx chunk cipher=142 queued=0
[9263779][I][BLE] enrichment rx chunk cipher=142 queued=0
[9263840][I][BLE] enrichment rx chunk cipher=142 queued=0
[9263941][I][BLE] enrichment rx chunk cipher=142 queued=0
[9264002][I][BLE] enrichment rx chunk cipher=142 queued=0
[9264083][I][BLE] enrichment rx chunk cipher=28 queued=0
[9264084][I][BLE] enrich_xfer_perf count=18 sendMs=104 waitMs=685 rxBytes=846
[9264084][I][BLE] enrichment batch received count=18 bytes=846
[9264084][I][BLE] enrichment batch consumed count=18
[9264085][I][BLE] Enrich batch queued count=18 queueSize=1
[9264085][I][BLE] Enrichment batch received count=18 claimed=18 queued=1
[9264096][I][BLE] Enrich drain begin count=18 queueSize=1 ageMs=11
[9266502][I][STORAGE] Spool enrich_batch applied=18 failed=0 batchFirstEventId=40452 batchLastEventId=40469 firstRecord=44679 lastRecord=44696 ms=1052
[9266502][I][BLE] enrich_perf count=18 applied=18 failed=0 deferred=0 storageMs=1710 pendingUpload=4472
[9266503][I][BLE] Enrich drain done applied=18 failed=0 deferred=0 queueSize=0
[9266503][I][BLE] Enrich torrent done drained=1 remaining=0 tookLease=0 preempt=0 elapsedMs=2407
[9266517][I][STORAGE] RAMSpool worker paused inflight=0 lastInflight=0
[9266517][I][STORAGE] Exclusive window begin kind=enrichment reason=manual_enrich_window workerPaused=1 displaySuspended=1
[9266518][I][BLE] Manual enrichment window batch count=18 active=1 noData=0 budgetExhausted=0 timeHit=0
[9266518][I][STORAGE] RAMSpool worker resumed
[9266519][I][STORAGE] Exclusive window end kind=enrichment result=manual_batch_built reason=manual_enrich_window
[9266519][I][BLE] enrichment request queued count=18 bytes=180
[9266519][I][BLE] Requested enrichment batch count=18 queued=0
[9266540][I][BLE] enrichment send mtu=247 attPayload=244 bytes=180 count=18
[9266623][I][BLE] enrichment batch sent plain=180 sealed=202 count=18 writeOk=1
[9266761][I][BLE] enrichment rx chunk cipher=142 queued=0
[9266852][I][BLE] enrichment rx chunk cipher=142 queued=0
[9266933][I][BLE] enrichment rx chunk cipher=142 queued=0
[9267014][I][BLE] enrichment rx chunk cipher=142 queued=0
[9267075][I][BLE] enrichment rx chunk cipher=142 queued=0
[9267157][I][BLE] enrichment rx chunk cipher=142 queued=0
[9267258][I][BLE] enrichment rx chunk cipher=142 queued=0
[9267319][I][BLE] enrichment rx chunk cipher=28 queued=0
[9267320][I][BLE] enrich_xfer_perf count=18 sendMs=84 waitMs=696 rxBytes=846
[9267320][I][BLE] enrichment batch received count=18 bytes=846
[9267320][I][BLE] enrichment batch consumed count=18
[9267321][I][BLE] Enrich batch queued count=18 queueSize=1
[9267321][I][BLE] Enrichment batch received count=18 claimed=18 queued=1
[9267332][I][BLE] Enrich drain begin count=18 queueSize=1 ageMs=11
[9269789][I][STORAGE] Spool enrich_batch applied=18 failed=0 batchFirstEventId=40470 batchLastEventId=40487 firstRecord=44697 lastRecord=44714 ms=1066
[9269789][I][BLE] enrich_perf count=18 applied=18 failed=0 deferred=0 storageMs=1739 pendingUpload=4472
[9269790][I][BLE] Enrich drain done applied=18 failed=0 deferred=0 queueSize=0
[9269790][I][BLE] Enrich torrent done drained=1 remaining=0 tookLease=0 preempt=0 elapsedMs=2459
[9269878][I][BLE] storage snapshot sent pendingUp=0/4472 pendingEnrich=0/2625 usedPct=28
[9269892][I][STORAGE] RAMSpool worker paused inflight=0 lastInflight=0
[9269892][I][STORAGE] Exclusive window begin kind=enrichment reason=manual_enrich_window workerPaused=1 displaySuspended=1
[9269893][I][BLE] Manual enrichment window batch count=18 active=1 noData=0 budgetExhausted=0 timeHit=0
[9269893][I][STORAGE] RAMSpool worker resumed
[9269893][I][STORAGE] Exclusive window end kind=enrichment result=manual_batch_built reason=manual_enrich_window
[9269893][I][BLE] enrichment request queued count=18 bytes=180
[9269894][I][BLE] Requested enrichment batch count=18 queued=0
[9269915][I][BLE] enrichment send mtu=247 attPayload=244 bytes=180 count=18
[9269938][I][BLE] enrichment batch sent plain=180 sealed=202 count=18 writeOk=1
[9270076][I][BLE] enrichment rx chunk cipher=142 queued=0
[9270167][I][BLE] enrichment rx chunk cipher=142 queued=0
[9270268][I][BLE] enrichment rx chunk cipher=142 queued=0
[9270329][I][BLE] enrichment rx chunk cipher=142 queued=0
[9270390][I][BLE] enrichment rx chunk cipher=142 queued=0
[9270432][I][STACK] TaskHardware watermark=7888B min=7888B
[9270437][I][HEAP] heap free=3858KB min=3791KB largest=3776KB frag=2% internalFree=40KB internalLargest=11KB psramFree=3818KB core=74/59% owner=BLE_GPS nets=9 pendingUpload=? pendingEnrich=2625
[HEALTH] time=2026-08-16 14:47:43 src=gps
[HEALTH] heap used=4594/8452KB free=3858KB min=3791KB largest=3776KB frag=2%
[HEALTH] internal used=220/260KB free=40KB min=0KB largest=11KB
[HEALTH] psram used=4374/8192KB free=3818KB largest=3776KB
[HEALTH] stack free_min: core0=8KB/18KB core1=5KB/10KB
[HEALTH] loopTask free_min=3080B/5120B
[HEALTH] core usage: core0=74% core1=59%
[HEALTH] power=usb state=usb batt=100% 4716mV trend=0mV/min runtime=0min cap=1100mAh charging=0
[HEALTH] radio=BLE_GPS wifi=0 ble=1 gps=0 nets=9 pendingUpload=? pendingEnrich=2625
[HEALTH] subghz=NONE mode=OFF pkts=0 nodes=0
[9270440][I][STACK] TaskStorage watermark=1896B
[9270440][I][STORAGE] RAMSpool enq=553 cons=553 inflight=0/1024 high=2 pressure=0 drop[full=0 big=0 noise=0 p3Evict=0 p3Drop=0 p2Drop=0 p1Fail=0] free=1024
[9270440][I][STORAGE] RAMSpool enqueue probe[ok=521 drop=0] device[ok=32 drop=0]
[9270441][I][STORAGE] RAMSpool worker probe[ok=521 sup=0 drop=0 fail=0 slow=0] device[ok=31 sup=1 drop=0 fail=0 slow=0] slowTotal=0 maxMs=0
[9270441][I][STORAGE] RAMSpool prioEnq p0=0 p1=0 p2=553 p3=0
[9270441][I][STORAGE] RAMSpool lanes p1=0/0 p2=0/1 p3=0/0
[9270482][I][BLE] enrichment rx chunk cipher=142 queued=0
[9270563][I][BLE] enrichment rx chunk cipher=142 queued=0
[9270644][I][BLE] enrichment rx chunk cipher=28 queued=0
[9270645][I][BLE] enrich_xfer_perf count=18 sendMs=24 waitMs=706 rxBytes=846
[9270645][I][BLE] enrichment batch received count=18 bytes=846
[9270645][I][BLE] enrichment batch consumed count=18
[9270646][I][BLE] Enrich batch queued count=18 queueSize=1
[9270646][I][BLE] Enrichment batch received count=18 claimed=18 queued=1
[9270657][I][BLE] Enrich drain begin count=18 queueSize=1 ageMs=12
[9271106][I][STACK] TaskButtons watermark=1784B min=1784B
[9273480][I][STORAGE] Spool enrich_batch applied=18 failed=0 batchFirstEventId=40488 batchLastEventId=40505 firstRecord=44715 lastRecord=44732 ms=1400
[9273480][I][BLE] enrich_perf count=18 applied=18 failed=0 deferred=0 storageMs=2088 pendingUpload=4472
[9273481][I][BLE] Enrich drain done applied=18 failed=0 deferred=0 queueSize=0
[9273481][I][BLE] Enrich torrent done drained=1 remaining=0 tookLease=0 preempt=0 elapsedMs=2824
[9273491][W][CORE] TaskHardware loop gap=2835ms owner=BLE_GPS pendingUpload=4472 maintPending=1 suppressed=3
[9273495][I][STORAGE] RAMSpool worker paused inflight=0 lastInflight=0
[9273496][I][STORAGE] Exclusive window begin kind=enrichment reason=manual_enrich_window workerPaused=1 displaySuspended=1
[9273496][I][BLE] Manual enrichment window batch count=18 active=1 noData=0 budgetExhausted=0 timeHit=0
[9273496][I][STORAGE] RAMSpool worker resumed
[9273497][I][STORAGE] Exclusive window end kind=enrichment result=manual_batch_built reason=manual_enrich_window
[9273497][I][BLE] enrichment request queued count=18 bytes=180
[9273497][I][BLE] Requested enrichment batch count=18 queued=0
[9273518][I][BLE] enrichment send mtu=247 attPayload=244 bytes=180 count=18
[9273598][I][BLE] enrichment batch sent plain=180 sealed=202 count=18 writeOk=1
[9273739][I][BLE] enrichment rx chunk cipher=142 queued=0
[9273810][I][BLE] enrichment rx chunk cipher=142 queued=0
[9273912][I][BLE] enrichment rx chunk cipher=142 queued=0
[9273983][I][BLE] enrichment rx chunk cipher=142 queued=0
[9274054][I][BLE] enrichment rx chunk cipher=142 queued=0
[9274135][I][BLE] enrichment rx chunk cipher=142 queued=0
[9274216][I][BLE] enrichment rx chunk cipher=142 queued=0
[9274297][I][BLE] enrichment rx chunk cipher=28 queued=0
[9274298][I][BLE] enrich_xfer_perf count=18 sendMs=81 waitMs=699 rxBytes=846
[9274298][I][BLE] enrichment batch received count=18 bytes=846
[9274298][I][BLE] enrichment batch consumed count=18
[9274299][I][BLE] Enrich batch queued count=18 queueSize=1
[9274299][I][BLE] Enrichment batch received count=18 claimed=18 queued=1
[9274310][I][BLE] Enrich drain begin count=18 queueSize=1 ageMs=11
[9274961][I][STORAGE] Spool enrich preflight rotate seg=650 bytes=19841 records=1008 enrich=1008 expected=18

===== CMD: companion status =====
[9276660][I][STORAGE] Spool rotate newSeg=651 format=bin_v2
[9276661][I][STORAGE] Spool diag[rotate] validSegments=68 untrustedSegments=0 invalidSegments=0 activeSegment=651 totalRecords=8875 storedEvents=4472 pendingUpload=unknown nextEventId=44733 backlog=unknown
[9277744][I][STORAGE] Spool enrich_batch applied=18 failed=0 batchFirstEventId=40506 batchLastEventId=40523 firstRecord=44733 lastRecord=44750 ms=482
[9277745][I][BLE] enrich_perf count=18 applied=18 failed=0 deferred=0 storageMs=991 pendingUpload=4472
[9277746][I][BLE] Enrich drain done applied=18 failed=0 deferred=0 queueSize=0
[9277746][I][BLE] Enrich torrent done drained=1 remaining=0 tookLease=0 preempt=0 elapsedMs=3437
companion status
[COMP] enabled=1
[COMP] external accessory=0 bleProxy=0 phoneConnected=0 phone=unknown rssi=0 ageMs=0
[COMP] wio link=idle sx1262=0 textInput=0
[COMP] phone=AVAILABLE work=ENRICHING
[COMP] bleBegun=1 bleRadio=1 bleState=SUBSCRIBED
[COMP] ready link=1 gps=1 freshGps=0 ctrl=1 enrich=1
[COMP] bleInitAgeMs=9252743 scanStartAgeMs=463330 disconnReason=0
[COMP] pendingEnrichMission=0 pendingEnrichNoise=681 pendingEnrichTotal=681
[COMP] hold manual=0 autoOffload=0 managerActive=0 prep=1 deadlineInMs=0 retryInMs=0
[COMP] lastProbeAgeMs=460395 lastEnrichAgeMs=480615
[COMP] radioOwner=ble_gps
[9277763][I][BLE] worker stack free=7372B min=7372B
[9277764][I][STORAGE] RAMSpool worker paused inflight=0 lastInflight=0
[9277764][I][STORAGE] Exclusive window begin kind=enrichment reason=manual_enrich_window workerPaused=1 displaySuspended=1
[9277764][I][BLE] Manual enrichment window batch count=18 active=1 noData=0 budgetExhausted=0 timeHit=0
[9277765][I][STORAGE] RAMSpool worker resumed
[9277765][I][STORAGE] Exclusive window end kind=enrichment result=manual_batch_built reason=manual_enrich_window
[9277765][I][BLE] enrichment request queued count=18 bytes=180
[9277766][I][BLE] Requested enrichment batch count=18 queued=0
[9277787][I][BLE] enrichment send mtu=247 attPayload=244 bytes=180 count=18
[9277828][I][BLE] enrichment batch sent plain=180 sealed=202 count=18 writeOk=1
[9277967][I][BLE] enrichment rx chunk cipher=142 queued=0
[9278058][I][BLE] enrichment rx chunk cipher=142 queued=0
[9278159][I][BLE] enrichment rx chunk cipher=142 queued=0
[9278220][I][BLE] enrichment rx chunk cipher=142 queued=0
[9278291][I][BLE] enrichment rx chunk cipher=142 queued=0
[9278372][I][BLE] enrichment rx chunk cipher=142 queued=0
[9278453][I][BLE] enrichment rx chunk cipher=142 queued=0
[9278524][I][BLE] enrichment rx chunk cipher=28 queued=0
[9278525][I][BLE] enrich_xfer_perf count=18 sendMs=41 waitMs=696 rxBytes=846
[9278525][I][BLE] enrichment batch received count=18 bytes=846
[9278525][I][BLE] enrichment batch consumed count=18
[9278526][I][BLE] Enrich batch queued count=18 queueSize=1
[9278526][I][BLE] Enrichment batch received count=18 claimed=18 queued=1
[9278537][I][BLE] Enrich drain begin count=18 queueSize=1 ageMs=11
[9280256][I][STORAGE] Spool enrich_batch applied=18 failed=0 batchFirstEventId=40524 batchLastEventId=40541 firstRecord=44751 lastRecord=44768 ms=607
[9280257][I][BLE] enrich_perf count=18 applied=18 failed=0 deferred=0 storageMs=1144 pendingUpload=4472
[9280258][I][BLE] Enrich drain done applied=18 failed=0 deferred=0 queueSize=0
[9280258][I][BLE] Enrich torrent done drained=1 remaining=0 tookLease=0 preempt=0 elapsedMs=1721
[9280272][I][STORAGE] RAMSpool worker paused inflight=0 lastInflight=0
[9280272][I][STORAGE] Exclusive window begin kind=enrichment reason=manual_enrich_window workerPaused=1 displaySuspended=1
[9280273][I][BLE] Manual enrichment window batch count=18 active=1 noData=0 budgetExhausted=0 timeHit=0
[9280273][I][STORAGE] RAMSpool worker resumed
[9280273][I][STORAGE] Exclusive window end kind=enrichment result=manual_batch_built reason=manual_enrich_window
[9280273][I][BLE] enrichment request queued count=18 bytes=180
[9280274][I][BLE] Requested enrichment batch count=18 queued=0
[9280295][I][BLE] enrichment send mtu=247 attPayload=244 bytes=180 count=18
[9280333][I][BLE] enrichment batch sent plain=180 sealed=202 count=18 writeOk=1
[9280486][I][BLE] enrichment rx chunk cipher=142 queued=0
[9280577][I][BLE] enrichment rx chunk cipher=142 queued=0
[9280638][I][BLE] enrichment rx chunk cipher=142 queued=0
[9280739][I][BLE] enrichment rx chunk cipher=142 queued=0
[9280800][I][BLE] enrichment rx chunk cipher=142 queued=0
[9280861][I][BLE] enrichment rx chunk cipher=142 queued=0
[9280962][I][BLE] enrichment rx chunk cipher=142 queued=0
[9281043][I][BLE] enrichment rx chunk cipher=28 queued=0
[9281044][I][BLE] enrich_xfer_perf count=18 sendMs=39 waitMs=710 rxBytes=846
[9281044][I][BLE] enrichment batch received count=18 bytes=846
[9281044][I][BLE] enrichment batch consumed count=18
[9281045][I][BLE] Enrich batch queued count=18 queueSize=1
[9281045][I][BLE] Enrichment batch received count=18 claimed=18 queued=1
[9281056][I][BLE] Enrich drain begin count=18 queueSize=1 ageMs=12
[9282849][I][STORAGE] Spool enrich_batch applied=18 failed=0 batchFirstEventId=40542 batchLastEventId=40559 firstRecord=44769 lastRecord=44786 ms=632
[9282850][I][BLE] enrich_perf count=18 applied=18 failed=0 deferred=0 storageMs=1189 pendingUpload=4472
[9282850][I][BLE] Enrich drain done applied=18 failed=0 deferred=0 queueSize=0
[9282850][I][BLE] Enrich torrent done drained=1 remaining=0 tookLease=0 preempt=0 elapsedMs=1794
[9282865][I][STORAGE] RAMSpool worker paused inflight=0 lastInflight=0
[9282865][I][STORAGE] Exclusive window begin kind=enrichment reason=manual_enrich_window workerPaused=1 displaySuspended=1
[9282866][I][BLE] Manual enrichment window batch count=18 active=1 noData=0 budgetExhausted=0 timeHit=0
[9282866][I][STORAGE] RAMSpool worker resumed
[9282866][I][STORAGE] Exclusive window end kind=enrichment result=manual_batch_built reason=manual_enrich_window
[9282866][I][BLE] enrichment request queued count=18 bytes=180
[9282867][I][BLE] Requested enrichment batch count=18 queued=0
[9282888][I][BLE] enrichment send mtu=247 attPayload=244 bytes=180 count=18
[9282988][I][BLE] enrichment batch sent plain=180 sealed=202 count=18 writeOk=1
[9283129][I][BLE] enrichment rx chunk cipher=142 queued=0
[9283200][I][BLE] enrichment rx chunk cipher=142 queued=0
[9283302][I][BLE] enrichment rx chunk cipher=142 queued=0
[9283373][I][BLE] enrichment rx chunk cipher=142 queued=0
[9283454][I][BLE] enrichment rx chunk cipher=142 queued=0
[9283515][I][BLE] enrichment rx chunk cipher=142 queued=0
[9283617][I][BLE] enrichment rx chunk cipher=142 queued=0
[9283688][I][BLE] enrichment rx chunk cipher=28 queued=0
[9283689][I][BLE] enrich_xfer_perf count=18 sendMs=101 waitMs=700 rxBytes=846
[9283689][I][BLE] enrichment batch received count=18 bytes=846
[9283689][I][BLE] enrichment batch consumed count=18
[9283690][I][BLE] Enrich batch queued count=18 queueSize=1
[9283690][I][BLE] Enrichment batch received count=18 claimed=18 queued=1
[9283701][I][BLE] Enrich drain begin count=18 queueSize=1 ageMs=12
[9285636][I][STORAGE] Spool enrich_batch applied=18 failed=0 batchFirstEventId=40560 batchLastEventId=40577 firstRecord=44787 lastRecord=44804 ms=648
[9285637][I][BLE] enrich_perf count=18 applied=18 failed=0 deferred=0 storageMs=1221 pendingUpload=4472
[9285637][I][BLE] Enrich drain done applied=18 failed=0 deferred=0 queueSize=0
[9285637][I][BLE] Enrich torrent done drained=1 remaining=0 tookLease=0 preempt=0 elapsedMs=1937
[9285673][I][BLE] storage snapshot sent pendingUp=0/4472 pendingEnrich=0/2625 usedPct=28
[9285683][W][CORE] TaskHardware loop gap=1983ms owner=BLE_GPS pendingUpload=4472 maintPending=1 suppressed=3
[9285687][I][STORAGE] RAMSpool worker paused inflight=0 lastInflight=0
[9285688][I][STORAGE] Exclusive window begin kind=enrichment reason=manual_enrich_window workerPaused=1 displaySuspended=1
[9285688][I][STORAGE] Enrichment window released reason=manual_cursor_done
[9285689][I][BLE] Manual enrichment window batch count=13 active=0 noData=0 budgetExhausted=0 timeHit=0
[9285689][I][STORAGE] RAMSpool worker resumed
[9285689][I][STORAGE] Exclusive window end kind=enrichment result=manual_batch_built reason=manual_enrich_window
[9285689][I][BLE] enrichment request queued count=13 bytes=130
[9285690][I][BLE] Requested enrichment batch count=13 queued=0
[9285711][I][BLE] enrichment send mtu=247 attPayload=244 bytes=130 count=13
[9285733][I][BLE] enrichment batch sent plain=130 sealed=152 count=13 writeOk=1
[9285882][I][BLE] enrichment rx chunk cipher=142 queued=0
[9285953][I][BLE] enrichment rx chunk cipher=142 queued=0
[9286034][I][BLE] enrichment rx chunk cipher=142 queued=0
[9286095][I][BLE] enrichment rx chunk cipher=142 queued=0
[9286197][I][BLE] enrichment rx chunk cipher=142 queued=0
[9286268][I][BLE] enrichment rx chunk cipher=33 queued=0
[9286269][I][BLE] enrich_xfer_perf count=13 sendMs=23 waitMs=535 rxBytes=611
[9286269][I][BLE] enrichment batch received count=13 bytes=611
[9286269][I][BLE] enrichment batch consumed count=13
[9286270][I][BLE] Enrich batch queued count=13 queueSize=1
[9286270][I][BLE] Enrichment batch received count=13 claimed=13 queued=1
[9286281][I][BLE] Enrich drain begin count=13 queueSize=1 ageMs=12
[9288160][I][STORAGE] Spool enrich_batch applied=13 failed=0 batchFirstEventId=40578 batchLastEventId=40590 firstRecord=44805 lastRecord=44817 ms=670
[9288161][I][BLE] enrich_perf count=13 applied=13 failed=0 deferred=0 storageMs=1257 pendingUpload=4472
[9288161][I][BLE] Enrich drain done applied=13 failed=0 deferred=0 queueSize=0
[9288162][I][BLE] Enrich torrent done drained=1 remaining=0 tookLease=0 preempt=0 elapsedMs=1882
[9288176][I][STORAGE] RAMSpool worker paused inflight=0 lastInflight=0
[9288176][I][STORAGE] Exclusive window begin kind=enrichment reason=manual_enrich_window workerPaused=1 displaySuspended=1
[9288179][I][STORAGE] Enrichment window build started limit=596 enrichedIdReserve=4430 segments=68 freeInternal=41224 freePsram=3932816
[9288997][I][STORAGE] Enrichment ID slice scanned=11 skipped=1 nextSegment=12/68 ids=625 ms=817
[9288997][I][STORAGE] RAMSpool worker resumed
[9288997][I][STORAGE] Exclusive window end kind=enrichment result=manual_index_slice reason=manual_enrich_window
[9289009][I][STORAGE] RAMSpool worker paused inflight=0 lastInflight=0
[9289009][I][STORAGE] Exclusive window begin kind=enrichment reason=manual_enrich_window workerPaused=1 displaySuspended=1
[9289806][I][STORAGE] Enrichment ID slice scanned=10 skipped=1 nextSegment=23/68 ids=1037 ms=797
[9289806][I][STORAGE] RAMSpool worker resumed
[9289807][I][STORAGE] Exclusive window end kind=enrichment result=manual_index_slice reason=manual_enrich_window
[9289821][I][STORAGE] RAMSpool worker paused inflight=0 lastInflight=0
[9289821][I][STORAGE] Exclusive window begin kind=enrichment reason=manual_enrich_window workerPaused=1 displaySuspended=1
[9290600][I][STORAGE] Enrichment ID slice scanned=10 skipped=0 nextSegment=33/68 ids=1431 ms=779
[9290601][I][STORAGE] RAMSpool worker resumed
[9290601][I][STORAGE] Exclusive window end kind=enrichment result=manual_index_slice reason=manual_enrich_window
[9290612][I][STORAGE] RAMSpool worker paused inflight=0 lastInflight=0
[9290612][I][STORAGE] Exclusive window begin kind=enrichment reason=manual_enrich_window workerPaused=1 displaySuspended=1
[9291278][I][STORAGE] Enrichment IDs ready records=4468 scanned=4 skipped=31 ms=666
[9291370][I][STORAGE] Enrichment window slice scanned=1 skipped=0 nextSegment=1/68 candidates=0 ms=758
[9291370][I][STORAGE] RAMSpool worker resumed
[9291371][I][STORAGE] Exclusive window end kind=enrichment result=manual_index_slice reason=manual_enrich_window
[9291385][I][STORAGE] RAMSpool worker paused inflight=0 lastInflight=0
[9291385][I][STORAGE] Exclusive window begin kind=enrichment reason=manual_enrich_window workerPaused=1 displaySuspended=1
[9292172][I][STORAGE] Enrichment window slice scanned=11 skipped=0 nextSegment=12/68 candidates=0 ms=786
[9292172][I][STORAGE] RAMSpool worker resumed
[9292172][I][STORAGE] Exclusive window end kind=enrichment result=manual_index_slice reason=manual_enrich_window
[9292183][I][STORAGE] RAMSpool worker paused inflight=0 lastInflight=0
[9292183][I][STORAGE] Exclusive window begin kind=enrichment reason=manual_enrich_window workerPaused=1 displaySuspended=1
[9292975][I][STORAGE] Enrichment window slice scanned=10 skipped=0 nextSegment=22/68 candidates=0 ms=791
[9292976][I][STORAGE] RAMSpool worker resumed
[9292976][I][STORAGE] Exclusive window end kind=enrichment result=manual_index_slice reason=manual_enrich_window
[9292990][I][STORAGE] RAMSpool worker paused inflight=0 lastInflight=0
[9292990][I][STORAGE] Exclusive window begin kind=enrichment reason=manual_enrich_window workerPaused=1 displaySuspended=1
[9293755][I][STORAGE] Enrichment window slice scanned=10 skipped=0 nextSegment=32/68 candidates=0 ms=765
[9293756][I][STORAGE] RAMSpool worker resumed
[9293756][I][STORAGE] Exclusive window end kind=enrichment result=manual_index_slice reason=manual_enrich_window
[9293767][I][STORAGE] RAMSpool worker paused inflight=0 lastInflight=0
[9293767][I][STORAGE] Exclusive window begin kind=enrichment reason=manual_enrich_window workerPaused=1 displaySuspended=1
[9294592][I][STORAGE] Enrichment window slice scanned=8 skipped=0 nextSegment=40/68 candidates=0 ms=823
[9294592][I][STORAGE] RAMSpool worker resumed
[9294592][I][STORAGE] Exclusive window end kind=enrichment result=manual_index_slice reason=manual_enrich_window
[9294606][I][STORAGE] RAMSpool worker paused inflight=0 lastInflight=0
[9294606][I][STORAGE] Exclusive window begin kind=enrichment reason=manual_enrich_window workerPaused=1 displaySuspended=1

===== CMD: companion status =====
[9295396][I][STORAGE] Enrichment window slice scanned=7 skipped=0 nextSegment=47/68 candidates=0 ms=790
[9295396][I][STORAGE] RAMSpool worker resumed
[9295396][I][STORAGE] Exclusive window end kind=enrichment result=manual_index_slice reason=manual_enrich_window
companion status
[COMP] enabled=1
[COMP] external accessory=0 bleProxy=0 phoneConnected=0 phone=unknown rssi=0 ageMs=0
[COMP] wio link=idle sx1262=0 textInput=0
[COMP] phone=AVAILABLE work=ENRICHING
[COMP] bleBegun=1 bleRadio=1 bleState=SUBSCRIBED
[COMP] ready link=1 gps=1 freshGps=0 ctrl=1 enrich=1
[COMP] bleInitAgeMs=9270392 scanStartAgeMs=480979 disconnReason=0
[COMP] pendingEnrichMission=0 pendingEnrichNoise=596 pendingEnrichTotal=596
[COMP] hold manual=0 autoOffload=0 managerActive=0 prep=1 deadlineInMs=0 retryInMs=0
[COMP] lastProbeAgeMs=480691 lastEnrichAgeMs=500911
[COMP] radioOwner=ble_gps
[9295411][I][STORAGE] RAMSpool worker paused inflight=0 lastInflight=0
[9295412][I][STORAGE] Exclusive window begin kind=enrichment reason=manual_enrich_window workerPaused=1 displaySuspended=1
[9296199][I][STORAGE] Enrichment window slice scanned=8 skipped=0 nextSegment=55/68 candidates=4 ms=787
[9296200][I][STORAGE] RAMSpool worker resumed
[9296200][I][STORAGE] Exclusive window end kind=enrichment result=manual_index_slice reason=manual_enrich_window
[9296210][W][CORE] TaskHardware loop gap=803ms owner=BLE_GPS pendingUpload=4472 maintPending=1 suppressed=10
[9296214][I][STORAGE] RAMSpool worker paused inflight=0 lastInflight=0
[9296215][I][STORAGE] Exclusive window begin kind=enrichment reason=manual_enrich_window workerPaused=1 displaySuspended=1
[9296975][I][STORAGE] Enrichment window slice scanned=7 skipped=0 nextSegment=62/68 candidates=4 ms=760
[9296975][I][STORAGE] RAMSpool worker resumed
[9296976][I][STORAGE] Exclusive window end kind=enrichment result=manual_index_slice reason=manual_enrich_window
[9296987][I][STORAGE] RAMSpool worker paused inflight=0 lastInflight=0
[9296987][I][STORAGE] Exclusive window begin kind=enrichment reason=manual_enrich_window workerPaused=1 displaySuspended=1
[9297403][I][STORAGE] Enrichment window ready records=4 truncated=0 buildMs=9224 freeInternal=41224 freePsram=3950740
[9297403][I][STORAGE] Enrichment window released reason=manual_cursor_done
[9297404][I][BLE] Manual enrichment window batch count=4 active=0 noData=0 budgetExhausted=0 timeHit=0
[9297404][I][STORAGE] RAMSpool worker resumed
[9297404][I][STORAGE] Exclusive window end kind=enrichment result=manual_batch_built reason=manual_enrich_window
[9297404][I][BLE] enrichment request queued count=4 bytes=40
[9297405][I][BLE] Requested enrichment batch count=4 queued=0
[9297419][I][BLE] enrichment send mtu=247 attPayload=244 bytes=40 count=4
[9297448][I][BLE] enrichment batch sent plain=40 sealed=62 count=4 writeOk=1
[9297590][I][BLE] enrichment rx chunk cipher=142 queued=0
[9297661][I][BLE] enrichment rx chunk cipher=90 queued=0
[9297662][I][BLE] enrich_xfer_perf count=4 sendMs=30 waitMs=213 rxBytes=188
[9297662][I][BLE] enrichment batch received count=4 bytes=188
[9297662][I][BLE] enrichment batch consumed count=4
[9297663][I][BLE] Enrich batch queued count=4 queueSize=1
[9297663][I][BLE] Enrichment batch received count=4 claimed=4 queued=1
[9297674][I][BLE] Enrich drain begin count=4 queueSize=1 ageMs=12
[9299604][I][STORAGE] Spool enrich_batch applied=4 failed=0 batchFirstEventId=40591 batchLastEventId=40594 firstRecord=44818 lastRecord=44821 ms=686
[9299605][I][BLE] enrich_perf count=4 applied=4 failed=0 deferred=0 storageMs=1289 pendingUpload=4472
[9299605][I][BLE] Enrich drain done applied=4 failed=0 deferred=0 queueSize=0
[9299605][I][BLE] Enrich torrent done drained=1 remaining=0 tookLease=0 preempt=0 elapsedMs=1931
[9299619][I][BLE] Manual enrich: window drained nothing (deferred pass 1/2); re-offering to phone
[9299619][I][STORAGE] RAMSpool worker paused inflight=0 lastInflight=0
[9299619][I][STORAGE] Exclusive window begin kind=enrichment reason=manual_enrich_window workerPaused=1 displaySuspended=1
[9299622][I][STORAGE] Enrichment window build started limit=592 enrichedIdReserve=4434 segments=68 freeInternal=41224 freePsram=3932816
[9300439][I][STORAGE] Enrichment ID slice scanned=11 skipped=1 nextSegment=12/68 ids=625 ms=816
[9300439][I][STORAGE] RAMSpool worker resumed
[9300439][I][STORAGE] Exclusive window end kind=enrichment result=manual_index_slice reason=manual_enrich_window
[9300440][I][STACK] TaskHardware watermark=7888B min=7888B
[9300445][I][HEAP] heap free=3881KB min=3789KB largest=3776KB frag=2% internalFree=40KB internalLargest=11KB psramFree=3841KB core=85/57% owner=BLE_GPS nets=9 pendingUpload=? pendingEnrich=2625
[HEALTH] time=2026-08-16 14:48:13 src=gps
[HEALTH] heap used=4571/8452KB free=3881KB min=3789KB largest=3776KB frag=2%
[HEALTH] internal used=220/260KB free=40KB min=0KB largest=11KB
[HEALTH] psram used=4351/8192KB free=3841KB largest=3776KB
[HEALTH] stack free_min: core0=8KB/18KB core1=5KB/10KB
[HEALTH] loopTask free_min=3080B/5120B
[HEALTH] core usage: core0=85% core1=57%
[HEALTH] power=usb state=usb batt=100% 4716mV trend=6mV/min runtime=0min cap=1100mAh charging=1
[HEALTH] radio=BLE_GPS wifi=0 ble=1 gps=0 nets=9 pendingUpload=? pendingEnrich=2625
[HEALTH] subghz=NONE mode=OFF pkts=0 nodes=0
[9300448][I][STACK] TaskStorage watermark=1896B
[9300448][I][STORAGE] RAMSpool enq=553 cons=553 inflight=0/1024 high=2 pressure=0 drop[full=0 big=0 noise=0 p3Evict=0 p3Drop=0 p2Drop=0 p1Fail=0] free=1024
[9300448][I][STORAGE] RAMSpool enqueue probe[ok=521 drop=0] device[ok=32 drop=0]
[9300449][I][STORAGE] RAMSpool worker probe[ok=521 sup=0 drop=0 fail=0 slow=0] device[ok=31 sup=1 drop=0 fail=0 slow=0] slowTotal=0 maxMs=0
[9300449][I][STORAGE] RAMSpool prioEnq p0=0 p1=0 p2=553 p3=0
[9300449][I][STORAGE] RAMSpool lanes p1=0/0 p2=0/1 p3=0/0
[9300460][I][STORAGE] RAMSpool worker paused inflight=0 lastInflight=0
[9300460][I][STORAGE] Exclusive window begin kind=enrichment reason=manual_enrich_window workerPaused=1 displaySuspended=1
[9301105][I][STACK] TaskButtons watermark=1784B min=1784B
[9301256][I][STORAGE] Enrichment ID slice scanned=10 skipped=1 nextSegment=23/68 ids=1037 ms=795
[9301256][I][STORAGE] RAMSpool worker resumed
[9301257][I][STORAGE] Exclusive window end kind=enrichment result=manual_index_slice reason=manual_enrich_window
[9301303][I][BLE] storage snapshot sent pendingUp=0/4472 pendingEnrich=0/2625 usedPct=28
[9301303][I][STORAGE] RAMSpool worker paused inflight=0 lastInflight=0
[9301304][I][STORAGE] Exclusive window begin kind=enrichment reason=manual_enrich_window workerPaused=1 displaySuspended=1
[9302082][I][STORAGE] Enrichment ID slice scanned=10 skipped=0 nextSegment=33/68 ids=1431 ms=778
[9302083][I][STORAGE] RAMSpool worker resumed
[9302083][I][STORAGE] Exclusive window end kind=enrichment result=manual_index_slice reason=manual_enrich_window
[9302094][I][STORAGE] RAMSpool worker paused inflight=0 lastInflight=0
[9302094][I][STORAGE] Exclusive window begin kind=enrichment reason=manual_enrich_window workerPaused=1 displaySuspended=1
[9302762][I][STORAGE] Enrichment IDs ready records=4472 scanned=4 skipped=31 ms=667
[9302854][I][STORAGE] Enrichment window slice scanned=1 skipped=0 nextSegment=1/68 candidates=0 ms=759
[9302854][I][STORAGE] RAMSpool worker resumed
[9302855][I][STORAGE] Exclusive window end kind=enrichment result=manual_index_slice reason=manual_enrich_window
[9302869][I][STORAGE] RAMSpool worker paused inflight=0 lastInflight=0
[9302869][I][STORAGE] Exclusive window begin kind=enrichment reason=manual_enrich_window workerPaused=1 displaySuspended=1
[9303656][I][STORAGE] Enrichment window slice scanned=11 skipped=0 nextSegment=12/68 candidates=0 ms=786
[9303656][I][STORAGE] RAMSpool worker resumed
[9303656][I][STORAGE] Exclusive window end kind=enrichment result=manual_index_slice reason=manual_enrich_window
[9303668][I][STORAGE] RAMSpool worker paused inflight=0 lastInflight=0
[9303668][I][STORAGE] Exclusive window begin kind=enrichment reason=manual_enrich_window workerPaused=1 displaySuspended=1
[9304462][I][STORAGE] Enrichment window slice scanned=10 skipped=0 nextSegment=22/68 candidates=0 ms=794
[9304463][I][STORAGE] RAMSpool worker resumed
[9304463][I][STORAGE] Exclusive window end kind=enrichment result=manual_index_slice reason=manual_enrich_window
[9304477][I][STORAGE] RAMSpool worker paused inflight=0 lastInflight=0
[9304477][I][STORAGE] Exclusive window begin kind=enrichment reason=manual_enrich_window workerPaused=1 displaySuspended=1
[9305241][I][STORAGE] Enrichment window slice scanned=10 skipped=0 nextSegment=32/68 candidates=0 ms=764
[9305242][I][STORAGE] RAMSpool worker resumed
[9305242][I][STORAGE] Exclusive window end kind=enrichment result=manual_index_slice reason=manual_enrich_window
[9305253][I][STORAGE] RAMSpool worker paused inflight=0 lastInflight=0
[9305253][I][STORAGE] Exclusive window begin kind=enrichment reason=manual_enrich_window workerPaused=1 displaySuspended=1
[9306083][I][STORAGE] Enrichment window slice scanned=8 skipped=0 nextSegment=40/68 candidates=0 ms=829
[9306083][I][STORAGE] RAMSpool worker resumed
[9306083][I][STORAGE] Exclusive window end kind=enrichment result=manual_index_slice reason=manual_enrich_window
[9306097][I][STORAGE] RAMSpool worker paused inflight=0 lastInflight=0
[9306097][I][STORAGE] Exclusive window begin kind=enrichment reason=manual_enrich_window workerPaused=1 displaySuspended=1
[9306893][I][STORAGE] Enrichment window slice scanned=7 skipped=0 nextSegment=47/68 candidates=0 ms=796
[9306893][I][STORAGE] RAMSpool worker resumed
[9306894][I][STORAGE] Exclusive window end kind=enrichment result=manual_index_slice reason=manual_enrich_window
[9306904][W][CORE] TaskHardware loop gap=811ms owner=BLE_GPS pendingUpload=4472 maintPending=1 suppressed=11
[9306905][I][STORAGE] RAMSpool worker paused inflight=0 lastInflight=0
[9306906][I][STORAGE] Exclusive window begin kind=enrichment reason=manual_enrich_window workerPaused=1 displaySuspended=1
[9307701][I][STORAGE] Enrichment window slice scanned=8 skipped=0 nextSegment=55/68 candidates=0 ms=795
[9307702][I][STORAGE] RAMSpool worker resumed
[9307702][I][STORAGE] Exclusive window end kind=enrichment result=manual_index_slice reason=manual_enrich_window
[9307716][I][STORAGE] RAMSpool worker paused inflight=0 lastInflight=0
[9307716][I][STORAGE] Exclusive window begin kind=enrichment reason=manual_enrich_window workerPaused=1 displaySuspended=1
[9308484][I][STORAGE] Enrichment window slice scanned=7 skipped=0 nextSegment=62/68 candidates=0 ms=768
[9308484][I][STORAGE] RAMSpool worker resumed
[9308485][I][STORAGE] Exclusive window end kind=enrichment result=manual_index_slice reason=manual_enrich_window
[9308496][I][BLE] worker stack free=7372B min=7372B
[9308497][I][STORAGE] RAMSpool worker paused inflight=0 lastInflight=0
[9308497][I][STORAGE] Exclusive window begin kind=enrichment reason=manual_enrich_window workerPaused=1 displaySuspended=1
[9308914][I][STORAGE] Enrichment window ready records=0 truncated=0 buildMs=9291 freeInternal=41224 freePsram=3950740
[9308914][I][STORAGE] Enrichment window released reason=manual_scan_empty
[9308914][I][BLE] Manual enrich complete: authoritative scan found no pending records
[9308915][I][STORAGE] RAMSpool worker resumed
[9308915][I][STORAGE] Exclusive window end kind=enrichment result=manual_scan_empty reason=manual_enrich_window
[9308915][I][BLE] enrich_session_summary requested=2033 applied=2033 failed=0 deferred=0 batches=114 xferMs=86673 storageMs=183533 totalMs=492331
[9309005][I][BLE] Phone enrichment finished successfully
[9309103][I][BLE] storage snapshot sent pendingUp=0/4472 pendingEnrich=0/0 usedPct=28
[9309103][I][OFFLOAD] automatic handoff opened reason=localization_complete commandWindow=30s active=0
[9309104][I][OFFLOAD] localization complete; bounded handoff pending=4472
[9309104][I][BLE] Enrichment complete; persistent companion link retained
[9309210][I][OFFLOAD] index preparation observed; extending handoff window

===== CMD: companion status =====
companion status
[COMP] enabled=1
[COMP] external accessory=0 bleProxy=0 phoneConnected=0 phone=unknown rssi=0 ageMs=0
[COMP] wio link=idle sx1262=0 textInput=0
[COMP] phone=AVAILABLE work=IDLE
[COMP] bleBegun=1 bleRadio=1 bleState=SUBSCRIBED
[COMP] ready link=1 gps=1 freshGps=0 ctrl=1 enrich=1
[COMP] bleInitAgeMs=9290280 scanStartAgeMs=500867 disconnReason=0
[COMP] pendingEnrichMission=0 pendingEnrichNoise=0 pendingEnrichTotal=0
[COMP] hold manual=0 autoOffload=1 managerActive=0 prep=1 deadlineInMs=53925 retryInMs=0
[COMP] lastProbeAgeMs=501371 lastEnrichAgeMs=6280
[COMP] radioOwner=ble_gps

===== CMD: upload resume =====
upload resume
[9320319][I][MQTT] Upload auto-start resumed reason=usb_serial wasPaused=0
[UPLOAD] automatic uploads already enabled

===== CMD: upload start =====
upload start
[UPLOAD] pending count not authoritative; forcing indexed recovery drain pending=4472
[9323323][I][WIO] External BLE link dropped reason=manual_upload_start
[9323336][I][STORAGE] Upload index released reason=manual_upload_start indexed=4459 sessions=39
[9323337][I][BLE] probe resource release
[9323338][I][BLE] advertising stop
[9323338][I][BLE] client soft drop reason=radio_disabled
[9323339][I][BLE] radio disabled handoffSettle=75ms workerRetained=1
[9323339][I][BLE] probe release waiting for BLE handoff settle
[UPLOAD] request unavailable state=idle owner=NONE pending=4472
[9323353][I][OFFLOAD] idle index preparation released reason=ble_disconnect
[9323354][I][BLE] peer disconnect ignored after radio release reason=534
[9323499][I][WIFI] Radio suspended
[9323510][I][STORAGE] RAMSpool worker paused inflight=0 lastInflight=0
[9323510][I][STORAGE] Exclusive window begin kind=maintenance reason=radio_owner_window workerPaused=1 displaySuspended=1
[9323511][I][STORAGE] Maintenance start reason=radio_owner_window budgetMs=30000 flags=dirty_spool_index|dirty_summary|snapshot_lagged|counter_untrusted|segment_audit captureSafe=0
[9324609][I][STORAGE] worker ui refresh serviced uiRefreshServiceCount=500 uiDeferred=734 uiFlush=500 pressure=0 usedPct=33 pending=4472
[9324610][W][STORAGE] worker metadata flush reason=radio_owner_window ms=1099 ok=1 dirty=0
[9324610][I][STORAGE] worker metadata flush metadataFlushCount=108 reason=radio_owner_window entryMetadataDirtyPending=1 entryUiRefreshPending=1 metadataDirtyPending=0 uiDeferred=734 uiFlush=500 uiRefreshServiceCo
[9324907][I][STORAGE] Spool repair checkpoint seg=648 off=47211 records=931 events=77 enrich=854
[9325138][I][STORAGE] Spool repair checkpoint seg=649 off=23456 records=933 events=0 enrich=933
[9325366][I][STORAGE] Spool repair checkpoint seg=650 off=19841 records=1008 events=0 enrich=1008
[9325432][I][STORAGE] Spool repair: counter advanced during scan old=42193 now=44822 (active segment skipped, OK)
[9326437][W][STORAGE] Counter trust=trusted reason=repair_complete since=9326437
[9326437][W][STORAGE] Spool repair slow reason=maintenance_segment_audit segs=67 recs=772 ms=527294
[9326438][I][STORAGE] Spool audit[maintenance_segment_audit] scannedSegs=67 scannedRecords=772 validEvents=573 uploadedRetained=0 validEnrichDeltas=199 invalidRecords=0 skippedRecords=0 quarantined=0 unreadable=0 
[9328143][I][STORAGE] Maintenance continuity log wrote clean=1 reason=radio_owner_window completed=dirty_spool_index|dirty_summary|boot_safe_deferred_persist|snapshot_lagged|upload_enrich_cursor_dirty|segment_audi
[9328144][I][STORAGE] Maintenance done reason=radio_owner_window actions=dirty_spool_index|dirty_summary|boot_safe_deferred_persist|snapshot_lagged|upload_enrich_cursor_dirty|segment_audit|continuity_pass skipped=
[9328145][I][STORAGE] RAMSpool worker resumed
[9328145][I][STORAGE] Exclusive window end kind=maintenance result=capture_safe reason=radio_owner_window
[9328146][I][STORAGE] maintenance owner window ms=4637 captureSafe=1 remaining=none
[9328208][W][CORE] TaskHardware loop gap=4699ms owner=WIFI_UPLOAD pendingUpload=4472 maintPending=0 suppressed=3
[9328222][I][STORAGE] RAMSpool worker paused inflight=0 lastInflight=0
[9328222][I][STORAGE] Exclusive window begin kind=fieldvault_upload reason=startup_field workerPaused=1 displaySuspended=1
[9328223][I][STORAGE] Upload batch open; deferring watermark flush
[9328223][I][MQTT] Startup field upload pending=0 lease=30s
[9328225][I][MQTT] Connecting to upload network: Nothing But Net timeout=30s txPowerQdbm=78
[9330441][I][STACK] TaskHardware watermark=7888B min=7888B
[9330443][I][HEAP] heap free=4423KB min=3789KB largest=4352KB frag=1% internalFree=21KB internalLargest=7KB psramFree=4402KB core=44/23% owner=WIFI_UPLOAD nets=9 pendingUpload=4472 pendingEnrich=3163
[HEALTH] time=2026-08-16 14:48:43 src=gps
[HEALTH] heap used=4029/8452KB free=4423KB min=3789KB largest=4352KB frag=1%
[HEALTH] internal used=240/260KB free=21KB min=0KB largest=7KB
[HEALTH] psram used=3790/8192KB free=4402KB largest=4352KB
[HEALTH] stack free_min: core0=8KB/18KB core1=5KB/10KB
[HEALTH] loopTask free_min=3080B/5120B
[HEALTH] core usage: core0=44% core1=23%
[HEALTH] power=usb state=usb batt=100% 4695mV trend=-2mV/min runtime=0min cap=1100mAh charging=0
[HEALTH] radio=WIFI_UPLOAD wifi=0 ble=0 gps=0 nets=9 pendingUpload=4472 pendingEnrich=3163
[HEALTH] subghz=NONE mode=OFF pkts=0 nodes=0
[9330446][I][STACK] TaskStorage watermark=1896B
[9330446][I][STORAGE] RAMSpool enq=553 cons=553 inflight=0/1024 high=2 pressure=0 drop[full=0 big=0 noise=0 p3Evict=0 p3Drop=0 p2Drop=0 p1Fail=0] free=1024
[9330447][I][STORAGE] RAMSpool enqueue probe[ok=521 drop=0] device[ok=32 drop=0]
[9330447][I][STORAGE] RAMSpool worker probe[ok=521 sup=0 drop=0 fail=0 slow=0] device[ok=31 sup=1 drop=0 fail=0 slow=0] slowTotal=0 maxMs=0
[9330448][I][STORAGE] RAMSpool prioEnq p0=0 p1=0 p2=553 p3=0
[9330449][I][STORAGE] RAMSpool lanes p1=0/0 p2=0/1 p3=0/0
[9331106][I][STACK] TaskButtons watermark=1784B min=1784B
[9333331][I][MQTT] WiFi connected, connecting broker
[9333342][I][MQTT] Broker connect settling after WiFi association ms=300
[9333654][I][MQTT] Broker connect attempt host=192.168.0.11 port=1883 client=spectre_33e864-7
[9333664][I][MQTT] Broker connect result ok=1 state=0 ms=9
[9333665][I][MQTT] Broker connected, dumping
[9333669][I][MQTT] Dump start pendingUpload=4472 lease=30s leaseMaxEvents=4472
[9333719][I][MQTT] QoS1 PUBACK received packetId=1
[9333923][I][MQTT] Startup field upload ended early published=8
[9333945][I][MQTT] Startup field dump complete
[9340711][I][STORAGE] RAMSpool worker resumed
[9340711][I][STORAGE] Exclusive window end kind=fieldvault_upload result=done reason=startup_field
[9340712][I][WIFI] Promiscuous: YES
[9340712][I][WIFI] Promiscuous mode started data=0
[9340716][I][STACK] TaskHardware upload watermark result=done before=7888B after=7888B drop=0B
[9340726][W][CORE] TaskHardware loop gap=6782ms owner=WIFI_CAPTURE pendingUpload=4472 maintPending=0 suppressed=1
[9340730][I][WIFI] Radio paused
[9340735][I][STORAGE] RAMSpool worker paused inflight=0 lastInflight=0
[9340736][I][STORAGE] Exclusive window begin kind=upload reason=upload_stream workerPaused=1 displaySuspended=1
[9340737][I][STORAGE] Upload index rebuild begin pending=4472 window=8192 heapFree=4528892 largest=4456436
[9340771][W][STORAGE] Upload index sidecar stale seg=550 reason=coverage max=36052 last=36069 pending=110
[9340772][I][STORAGE] Maintenance requested reason=dirty_spool_index source=upload_index_sidecar_coverage flags=dirty_spool_index
[9341416][I][STORAGE] Maintenance requested reason=segment_audit source=upload_index_counter_drift flags=dirty_spool_index|segment_audit
[9341416][W][STORAGE] Upload index observed segment counter drift seg=550 old=0/110 scan=0/97; queued maintenance
[9341945][W][STORAGE] Upload index sidecar stale seg=551 reason=coverage max=36245 last=36269 pending=100
[9343230][W][STORAGE] Upload index sidecar stale seg=552 reason=coverage max=36452 last=36469 pending=100
[9344262][W][STORAGE] Upload index sidecar stale seg=553 reason=coverage max=36507 last=36545 pending=38
[9344829][W][STORAGE] Upload index sidecar stale seg=554 reason=coverage max=36573 last=36605 pending=28
[9345377][W][STORAGE] Upload index sidecar stale seg=562 reason=coverage max=36627 last=36647 pending=22
[9345866][W][STORAGE] Upload index sidecar stale seg=563 reason=coverage max=36773 last=36789 pending=70
[9346920][W][STORAGE] Upload index sidecar stale seg=569 reason=coverage max=36809 last=36829 pending=20
[9347342][W][STORAGE] Upload index sidecar stale seg=571 reason=coverage max=36873 last=36913 pending=44
[9347949][W][STORAGE] Upload index sidecar stale seg=572 reason=coverage max=36953 last=36961 pending=22

===== CMD: upload start =====
[9348418][W][STORAGE] Upload index sidecar stale seg=574 reason=coverage max=37030 last=37089 pending=69
[9349299][W][STORAGE] Upload index sidecar stale seg=575 reason=coverage max=37253 last=37273 pending=93
[9350530][W][STORAGE] Upload index sidecar stale seg=577 reason=coverage max=37451 last=37461 pending=102
[9351595][W][STORAGE] Upload index sidecar stale seg=578 reason=coverage max=37463 last=37473 pending=2
[9351890][W][STORAGE] Upload index sidecar stale seg=579 reason=coverage max=37526 last=37555 pending=28
[9352469][W][STORAGE] Upload index sidecar stale seg=583 reason=coverage max=37632 last=37662 pending=54
[9353204][W][STORAGE] Upload index sidecar stale seg=584 reason=coverage max=37711 last=37759 pending=48
[9353927][W][STORAGE] Upload index sidecar stale seg=588 reason=coverage max=37779 last=37799 pending=20
[9354752][W][STORAGE] Upload index sidecar stale seg=599 reason=coverage max=37824 last=37826 pending=8
[9355105][W][STORAGE] Upload index sidecar stale seg=600 reason=coverage max=37866 last=37871 pending=23
[9355586][W][STORAGE] Upload index sidecar stale seg=602 reason=coverage max=37888 last=37903 pending=15
[9356030][W][STORAGE] Upload index sidecar stale seg=603 reason=coverage max=38012 last=38035 pending=66
[9356921][I][STORAGE] Upload index rebuild progress segs=25 indexed=1085 window=8192 heapFree=4314740 largest=4194292
[9356964][W][STORAGE] Upload index sidecar stale seg=604 reason=coverage max=38060 last=38085 pending=25
[9357701][W][STORAGE] Upload index sidecar stale seg=605 reason=coverage max=38228 last=38253 pending=84
[9358676][W][STORAGE] Upload index sidecar stale seg=606 reason=coverage max=38310 last=38337 pending=42
[9359297][W][STORAGE] Upload index sidecar stale seg=609 reason=coverage max=38387 last=38393 pending=12
[9359717][W][STORAGE] Upload index sidecar stale seg=612 reason=coverage max=38400 last=38407 pending=7
[9360362][W][STORAGE] Upload index sidecar stale seg=614 reason=coverage max=38411 last=38417 pending=4
[9361106][I][STACK] TaskButtons watermark=1784B min=1784B
[9362682][I][STORAGE] Upload index rebuild progress segs=50 indexed=3293 window=8192 heapFree=4110376 largest=4063220
[9367883][I][STORAGE] Upload window rebuild accepted indexed=4459 window=8192 pending=4472 sessions=39 skipped=0 failedSegs=0 sidecarLoaded=38 sidecarStale=29 truncated=0 heapFree=3752808 largest=3735540
[9367883][I][STORAGE] Upload stream prepare index built ok=1 resident=1 ms=27147
[9367884][I][STORAGE] Upload stream prepare ready=1 pending=4472 budgetMs=1200000 ms=27148 internalFree=9784 internalLargest=5620 psramFree=3743024
[9367890][I][MQTT] Dump start pendingUpload=4472 lease=1200s leaseMaxEvents=4472
[9367891][I][MQTT] First event batch fetch session=33e864-8161-b2d237c7 since=35862 radioQuiet=1
[9367942][I][MQTT] First event batch fetched ok=1 count=1 ms=49 radioQuiet=1
[9367943][I][STORAGE] Upload batch open; deferring watermark flush
[9367944][I][MQTT] Upload lease granted pending=4472 window=4472 lease=1200s
[9367944][I][MQTT] WiFi connected, connecting broker
[9367945][I][STACK] TaskHardware watermark=7888B min=7888B
[9367953][I][HEAP] heap free=3656KB min=3652KB largest=3648KB frag=0% internalFree=2KB internalLargest=0KB psramFree=3655KB core=90/37% owner=WIFI_UPLOAD nets=9 pendingUpload=4472 pendingEnrich=3163
[HEALTH] time=2026-08-16 14:48:54 src=gps
[HEALTH] heap used=4796/8452KB free=3656KB min=3652KB largest=3648KB frag=0%
[HEALTH] internal used=259/260KB free=2KB min=0KB largest=0KB
[HEALTH] psram used=4537/8192KB free=3655KB largest=3648KB
[HEALTH] stack free_min: core0=8KB/18KB core1=5KB/10KB
[HEALTH] loopTask free_min=3080B/5120B
[HEALTH] core usage: core0=90% core1=37%
[HEALTH] power=usb state=usb batt=100% 4680mV trend=-5mV/min runtime=0min cap=1100mAh charging=0
[HEALTH] radio=WIFI_UPLOAD wifi=0 ble=0 gps=0 nets=9 pendingUpload=4472 pendingEnrich=3163
[HEALTH] subghz=NONE mode=OFF pkts=0 nodes=0
[9367956][I][STACK] TaskStorage watermark=1896B
[9367956][I][STORAGE] RAMSpool enq=553 cons=553 inflight=0/1024 high=2 pressure=0 drop[full=0 big=0 noise=0 p3Evict=0 p3Drop=0 p2Drop=0 p1Fail=0] free=1024
[9367957][I][STORAGE] RAMSpool enqueue probe[ok=521 drop=0] device[ok=32 drop=0]
[9367957][I][STORAGE] RAMSpool worker probe[ok=521 sup=0 drop=0 fail=0 slow=0] device[ok=31 sup=1 drop=0 fail=0 slow=0] slowTotal=0 maxMs=0
[9367957][I][STORAGE] RAMSpool prioEnq p0=0 p1=0 p2=553 p3=0
[9367958][I][STORAGE] RAMSpool lanes p1=0/0 p2=0/1 p3=0/0
[9367967][W][CORE] TaskHardware loop gap=27241ms owner=WIFI_UPLOAD pendingUpload=4472 maintPending=1 suppressed=0
upload start
[UPLOAD] busy state=broker pending=4472
[9367972][I][MQTT] Broker connect settling after WiFi association ms=300
[9368264][I][MQTT] Broker connect attempt host=192.168.0.11 port=1883 client=spectre_33e864-7
[9371267][I][MQTT] Broker connect result ok=0 state=-2 ms=3002
[9371414][I][MQTT] Broker connect attempt host=192.168.0.11 port=1883 client=spectre_33e864-7

===== CMD: upload start =====
[9374417][I][MQTT] Broker connect result ok=0 state=-2 ms=3002
upload start
[UPLOAD] busy state=broker pending=4472
[9374451][I][MQTT] Broker connect attempt host=192.168.0.11 port=1883 client=spectre_33e864-7
[9377454][I][MQTT] Broker connect result ok=0 state=-2 ms=3001
[9377487][I][MQTT] Broker connect attempt host=192.168.0.11 port=1883 client=spectre_33e864-7
[9380490][I][MQTT] Broker connect result ok=0 state=-2 ms=3002
[9380500][W][CORE] TaskHardware loop gap=3036ms owner=WIFI_UPLOAD pendingUpload=4472 maintPending=1 suppressed=3
[9380523][I][MQTT] Broker connect attempt host=192.168.0.11 port=1883 client=spectre_33e864-7
[9383526][I][MQTT] Broker connect result ok=0 state=-2 ms=3002
[9383559][I][MQTT] Broker connect attempt host=192.168.0.11 port=1883 client=spectre_33e864-7
[9386562][I][MQTT] Broker connect result ok=0 state=-2 ms=3002
[9386562][W][MQTT] Broker connect failed
[9386562][W][MQTT] Broker timeout
[9386576][W][MQTT] Dump failed, backoff 300000 ms
[9386715][I][STORAGE] Upload index released reason=upload_batch_end_clean indexed=4459 sessions=39
[9391106][I][STACK] TaskButtons watermark=1784B min=1784B
[9393729][I][STORAGE] RAMSpool worker resumed
[9393729][I][STORAGE] Exclusive window end kind=upload result=failed reason=upload_stream
[9393886][I][WIFI] Radio suspended
[9393887][I][STACK] TaskHardware upload watermark result=failed before=7888B after=7888B drop=0B
[HEAP] integrity check ok
[9393898][W][CORE] TaskHardware loop gap=7326ms owner=STORAGE_MAINT pendingUpload=4472 maintPending=1 suppressed=2
[9393902][I][STORAGE] RAMSpool worker paused inflight=0 lastInflight=0
[9393902][I][STORAGE] Exclusive window begin kind=maintenance reason=radio_owner_window workerPaused=1 displaySuspended=1
[9393903][I][STORAGE] Maintenance start reason=radio_owner_window budgetMs=5000 flags=dirty_spool_index|segment_audit captureSafe=1
[9393903][I][STORAGE] Maintenance requested reason=counter_untrusted source=maintenance_segment_audit flags=counter_untrusted|segment_audit
[9393904][W][STORAGE] Counter trust=repair_required reason=maintenance_segment_audit since=9393904
[9393904][W][STORAGE] Spool repair queued reason=maintenance_segment_audit
[9393905][I][STORAGE] Spool repair start reason=maintenance_segment_audit segs=68
[9394014][I][STORAGE] Spool repair checkpoint seg=550 off=42213 records=220 events=110 enrich=110
[9394181][I][STORAGE] Spool repair checkpoint seg=551 off=38420 records=200 events=100 enrich=100
[9394348][I][STORAGE] Spool repair checkpoint seg=552 off=37933 records=200 events=100 enrich=100
[9394503][I][STORAGE] Spool repair checkpoint seg=553 off=14576 records=76 events=38 enrich=38
[9394654][I][STORAGE] Spool repair checkpoint seg=554 off=10851 records=58 events=28 enrich=30
[9394956][I][STORAGE] Spool repair checkpoint seg=562 off=8215 records=42 events=22 enrich=20
[9395115][I][STORAGE] Spool repair checkpoint seg=563 off=26683 records=140 events=70 enrich=70
[9395174][I][STORAGE] Maintenance skip action=counter_recount reason=repair_in_progress flags=counter_untrusted|segment_audit
[9395274][I][STORAGE] Maintenance done reason=radio_owner_window actions=dirty_spool_index|boot_safe_deferred_persist|snapshot_lagged|upload_enrich_cursor_dirty|segment_audit skipped=counter_untrusted|segment_audi
[9395275][I][STORAGE] RAMSpool worker resumed
[9395275][I][STORAGE] Exclusive window end kind=maintenance result=pending reason=radio_owner_window
[9395276][I][STORAGE] maintenance owner window ms=1374 captureSafe=0 remaining=counter_untrusted|segment_audit
[9395435][I][WIFI] Radio suspended
[9395439][I][STORAGE] RAMSpool worker paused inflight=0 lastInflight=0
[9395439][I][STORAGE] Exclusive window begin kind=maintenance reason=radio_owner_window workerPaused=1 displaySuspended=1
[9395440][I][STORAGE] Maintenance start reason=radio_owner_window budgetMs=30000 flags=counter_untrusted|segment_audit captureSafe=0
[9395531][I][STORAGE] Spool repair checkpoint seg=569 off=7600 records=40 events=20 enrich=20
[9395684][I][STORAGE] Spool repair checkpoint seg=571 off=16505 records=84 events=44 enrich=40
[9395832][I][STORAGE] Spool repair checkpoint seg=572 off=8668 records=44 events=22 enrich=22
[9395987][I][STORAGE] Spool repair checkpoint seg=574 off=26257 records=138 events=69 enrich=69
[9396148][I][STORAGE] Spool repair checkpoint seg=575 off=35857 records=184 events=93 enrich=91
[9396309][I][STORAGE] Spool repair checkpoint seg=577 off=38261 records=186 events=102 enrich=84
[9396454][I][STORAGE] Spool repair checkpoint seg=578 off=1165 records=12 events=2 enrich=10
[9396604][I][STORAGE] Spool repair checkpoint seg=579 off=11116 records=64 events=28 enrich=36
[9396661][I][STORAGE] Maintenance skip action=counter_recount reason=repair_in_progress flags=counter_untrusted|segment_audit
[9396761][I][STORAGE] Maintenance done reason=radio_owner_window actions=segment_audit skipped=counter_untrusted|segment_audit remaining=counter_untrusted|segment_audit elapsedMs=1322 captureSafe=0
[9396762][I][STORAGE] RAMSpool worker resumed
[9396762][I][STORAGE] Exclusive window end kind=maintenance result=pending reason=radio_owner_window
[9396763][I][STORAGE] maintenance owner window ms=1323 captureSafe=0 remaining=counter_untrusted|segment_audit
[9396921][I][WIFI] Radio suspended
[9396925][I][STORAGE] RAMSpool worker paused inflight=0 lastInflight=0
[9396925][I][STORAGE] Exclusive window begin kind=maintenance reason=radio_owner_window workerPaused=1 displaySuspended=1
[9396926][I][STORAGE] Maintenance start reason=radio_owner_window budgetMs=30000 flags=counter_untrusted|segment_audit captureSafe=0
[9397188][I][STORAGE] Spool repair checkpoint seg=583 off=21024 records=107 events=54 enrich=53
[9397339][I][STORAGE] Spool repair checkpoint seg=584 off=19785 records=116 events=48 enrich=10
[9397482][I][STORAGE] Spool repair checkpoint seg=588 off=7648 records=40 events=20 enrich=20
[9397624][I][STORAGE] Spool repair checkpoint seg=596 off=2455 records=12 events=6 enrich=6
[9397766][I][STORAGE] Spool repair checkpoint seg=599 off=3322 records=15 events=8 enrich=7
[9397910][I][STORAGE] Spool repair checkpoint seg=600 off=9178 records=44 events=23 enrich=21
[9398051][I][STORAGE] Spool repair checkpoint seg=602 off=5789 records=30 events=15 enrich=15
[9398201][I][STORAGE] Spool repair checkpoint seg=603 off=26734 records=132 events=66 enrich=66
[9398257][I][STORAGE] Maintenance skip action=counter_recount reason=repair_in_progress flags=counter_untrusted|segment_audit
[9398357][I][STORAGE] Maintenance done reason=radio_owner_window actions=segment_audit skipped=counter_untrusted|segment_audit remaining=counter_untrusted|segment_audit elapsedMs=1432 captureSafe=0
[9398358][I][STORAGE] RAMSpool worker resumed
[9398358][I][STORAGE] Exclusive window end kind=maintenance result=pending reason=radio_owner_window
[9398359][I][STORAGE] maintenance owner window ms=1433 captureSafe=0 remaining=counter_untrusted|segment_audit

===== CMD: upload start =====
[9398517][I][WIFI] Radio suspended
[9398521][I][STORAGE] RAMSpool worker paused inflight=0 lastInflight=0
[9398521][I][STORAGE] Exclusive window begin kind=maintenance reason=radio_owner_window workerPaused=1 displaySuspended=1
[9398522][I][STORAGE] Maintenance start reason=radio_owner_window budgetMs=30000 flags=counter_untrusted|segment_audit captureSafe=0
[9398609][I][STORAGE] Spool repair checkpoint seg=604 off=9814 records=50 events=25 enrich=25
[9398761][I][STORAGE] Spool repair checkpoint seg=605 off=34093 records=168 events=84 enrich=84
[9398905][I][STORAGE] Spool repair checkpoint seg=606 off=16763 records=84 events=42 enrich=42
[9399042][I][STORAGE] Spool repair checkpoint seg=609 off=4339 records=18 events=12 enrich=6
[9399178][I][STORAGE] Spool repair checkpoint seg=612 off=2773 records=14 events=7 enrich=7
[9399315][I][STORAGE] Spool repair checkpoint seg=614 off=1714 records=10 events=4 enrich=6
[9399467][I][STORAGE] Spool repair checkpoint seg=615 off=32243 records=160 events=80 enrich=80
[9399705][I][STORAGE] Spool repair checkpoint seg=616 off=28081 records=133 events=70 enrich=63
[9399759][I][STORAGE] Maintenance skip action=counter_recount reason=repair_in_progress flags=counter_untrusted|segment_audit
[9399859][I][STORAGE] Maintenance done reason=radio_owner_window actions=segment_audit skipped=counter_untrusted|segment_audit remaining=counter_untrusted|segment_audit elapsedMs=1338 captureSafe=0
[9399860][I][STORAGE] RAMSpool worker resumed
[9399860][I][STORAGE] Exclusive window end kind=maintenance result=pending reason=radio_owner_window
[9399861][I][STORAGE] maintenance owner window ms=1339 captureSafe=0 remaining=counter_untrusted|segment_audit
[9400019][I][WIFI] Radio suspended
upload start
[UPLOAD] pending count not authoritative; forcing indexed recovery drain pending=4472
[9400023][I][WIO] External BLE link dropped reason=manual_upload_start
[9400085][I][STORAGE] RAMSpool worker paused inflight=0 lastInflight=0
[9400086][I][STORAGE] Exclusive window begin kind=upload reason=upload_stream workerPaused=1 displaySuspended=1
[9400086][I][STORAGE] Upload index rebuild begin pending=4472 window=8192 heapFree=4523388 largest=4456436
[9400125][W][STORAGE] Upload index sidecar stale seg=550 reason=coverage max=36052 last=36069 pending=110
[9400126][I][STORAGE] Maintenance requested reason=dirty_spool_index source=upload_index_sidecar_coverage flags=dirty_spool_index|counter_untrusted|segment_audit
[9400971][W][STORAGE] Upload index observed segment counter drift seg=550 old=0/110 scan=0/97; queued maintenance
[9401484][W][STORAGE] Upload index sidecar stale seg=551 reason=coverage max=36245 last=36269 pending=100
[9402529][W][STORAGE] Upload index sidecar stale seg=552 reason=coverage max=36452 last=36469 pending=100
[9403581][W][STORAGE] Upload index sidecar stale seg=553 reason=coverage max=36507 last=36545 pending=38
[9404169][W][STORAGE] Upload index sidecar stale seg=554 reason=coverage max=36573 last=36605 pending=28
[9404755][W][STORAGE] Upload index sidecar stale seg=562 reason=coverage max=36627 last=36647 pending=22
[9405428][W][STORAGE] Upload index sidecar stale seg=563 reason=coverage max=36773 last=36789 pending=70
[9406268][W][STORAGE] Upload index sidecar stale seg=569 reason=coverage max=36809 last=36829 pending=20
[9406716][W][STORAGE] Upload index sidecar stale seg=571 reason=coverage max=36873 last=36913 pending=44
[9407351][W][STORAGE] Upload index sidecar stale seg=572 reason=coverage max=36953 last=36961 pending=22
[9407854][W][STORAGE] Upload index sidecar stale seg=574 reason=coverage max=37030 last=37089 pending=69
[9408903][W][STORAGE] Upload index sidecar stale seg=575 reason=coverage max=37253 last=37273 pending=93
[9409907][W][STORAGE] Upload index sidecar stale seg=577 reason=coverage max=37451 last=37461 pending=102
[9410974][W][STORAGE] Upload index sidecar stale seg=578 reason=coverage max=37463 last=37473 pending=2
[9411292][W][STORAGE] Upload index sidecar stale seg=579 reason=coverage max=37526 last=37555 pending=28
[9412047][W][STORAGE] Upload index sidecar stale seg=583 reason=coverage max=37632 last=37662 pending=54
[9412749][W][STORAGE] Upload index sidecar stale seg=584 reason=coverage max=37711 last=37759 pending=48
[9413442][W][STORAGE] Upload index sidecar stale seg=588 reason=coverage max=37779 last=37799 pending=20
[9414218][W][STORAGE] Upload index sidecar stale seg=599 reason=coverage max=37824 last=37826 pending=8
[9414547][W][STORAGE] Upload index sidecar stale seg=600 reason=coverage max=37866 last=37871 pending=23
[9414998][W][STORAGE] Upload index sidecar stale seg=602 reason=coverage max=37888 last=37903 pending=15
[9415411][W][STORAGE] Upload index sidecar stale seg=603 reason=coverage max=38012 last=38035 pending=66
[9416263][I][STORAGE] Upload index rebuild progress segs=25 indexed=1085 window=8192 heapFree=4309256 largest=4194292
[9416300][W][STORAGE] Upload index sidecar stale seg=604 reason=coverage max=38060 last=38085 pending=25
[9416827][W][STORAGE] Upload index sidecar stale seg=605 reason=coverage max=38228 last=38253 pending=84
[9418154][W][STORAGE] Upload index sidecar stale seg=606 reason=coverage max=38310 last=38337 pending=42
[9418830][W][STORAGE] Upload index sidecar stale seg=609 reason=coverage max=38387 last=38393 pending=12
[9419524][W][STORAGE] Upload index sidecar stale seg=612 reason=coverage max=38400 last=38407 pending=7
[9419829][W][STORAGE] Upload index sidecar stale seg=614 reason=coverage max=38411 last=38417 pending=4
[9421106][I][STACK] TaskButtons watermark=1784B min=1784B
[9422134][I][STORAGE] Upload index rebuild progress segs=50 indexed=3293 window=8192 heapFree=4104912 largest=4063220
[9422924][W][STORAGE] Upload index sidecar stale seg=648 reason=coverage max=41760 last=42614 pending=77

===== CMD: upload start =====
[9427101][I][STORAGE] Upload window rebuild accepted indexed=4459 window=8192 pending=4472 sessions=39 skipped=0 failedSegs=0 sidecarLoaded=38 sidecarStale=29 truncated=0 heapFree=3747336 largest=3670004
[9427102][I][STORAGE] Upload stream prepare index built ok=1 resident=1 ms=27015
[9427102][I][STORAGE] Upload stream prepare ready=1 pending=4472 budgetMs=1200000 ms=27016 internalFree=10440 internalLargest=6644 psramFree=3736896
[9427108][I][MQTT] Dump start pendingUpload=4472 lease=1200s leaseMaxEvents=4472
[9427109][I][MQTT] First event batch fetch session=33e864-8161-b2d237c7 since=35862 radioQuiet=1
[9427156][I][MQTT] First event batch fetched ok=1 count=1 ms=45 radioQuiet=1
[9427157][I][STORAGE] Upload batch open; deferring watermark flush
[9427158][I][MQTT] Upload lease granted pending=4472 window=4472 lease=1200s
[UPLOAD] manual upload queued pending=4472
upload start
[UPLOAD] busy state=wifi pending=4472
[9427162][I][MQTT] Connecting to upload network: Nothing But Net timeout=30s txPowerQdbm=78
[9427163][E][CORE] Contract violation: repair pending owner=WIFI_UPLOAD flags=dirty_spool_index|counter_untrusted|segment_audit
[9427164][I][STACK] TaskHardware watermark=7888B min=7888B
[9427172][I][HEAP] heap free=3651KB min=3646KB largest=3584KB frag=1% internalFree=2KB internalLargest=1KB psramFree=3649KB core=65/29% owner=WIFI_UPLOAD nets=9 pendingUpload=? pendingEnrich=3163
[HEALTH] time=2026-08-16 14:50:20 src=gps
[HEALTH] heap used=4802/8452KB free=3651KB min=3646KB largest=3584KB frag=1%
[HEALTH] internal used=258/260KB free=2KB min=0KB largest=1KB
[HEALTH] psram used=4543/8192KB free=3649KB largest=3584KB
[HEALTH] stack free_min: core0=8KB/18KB core1=5KB/10KB
[HEALTH] loopTask free_min=3080B/5120B
[HEALTH] core usage: core0=65% core1=29%
[HEALTH] power=usb state=usb batt=100% 4708mV trend=-1mV/min runtime=0min cap=1100mAh charging=0
[HEALTH] radio=WIFI_UPLOAD wifi=0 ble=0 gps=0 nets=9 pendingUpload=? pendingEnrich=3163
[HEALTH] subghz=NONE mode=OFF pkts=0 nodes=0
[9427174][I][STACK] TaskStorage watermark=1896B
[9427174][I][STORAGE] RAMSpool enq=553 cons=553 inflight=0/1024 high=2 pressure=0 drop[full=0 big=0 noise=0 p3Evict=0 p3Drop=0 p2Drop=0 p1Fail=0] free=1024
[9427175][I][STORAGE] RAMSpool enqueue probe[ok=521 drop=0] device[ok=32 drop=0]
[9427175][I][STORAGE] RAMSpool worker probe[ok=521 sup=0 drop=0 fail=0 slow=0] device[ok=31 sup=1 drop=0 fail=0 slow=0] slowTotal=0 maxMs=0
[9427176][I][STORAGE] RAMSpool prioEnq p0=0 p1=0 p2=553 p3=0
[9427176][I][STORAGE] RAMSpool lanes p1=0/0 p2=0/1 p3=0/0
[9427185][W][CORE] TaskHardware loop gap=27166ms owner=WIFI_UPLOAD pendingUpload=4472 maintPending=1 suppressed=4

===== CMD: upload start =====
upload start
[UPLOAD] busy state=wifi pending=4472
[9451106][I][STACK] TaskButtons watermark=1784B min=1784B
[9457159][W][MQTT] WiFi timeout status=6 elapsed=30s
[9457311][I][STACK] TaskHardware watermark=7888B min=7888B
[9457319][I][HEAP] heap free=3651KB min=3642KB largest=3584KB frag=1% internalFree=2KB internalLargest=1KB psramFree=3649KB core=2/1% owner=WIFI_UPLOAD nets=9 pendingUpload=? pendingEnrich=3163
[HEALTH] time=2026-08-16 14:50:50 src=gps
[HEALTH] heap used=4801/8452KB free=3651KB min=3642KB largest=3584KB frag=1%
[HEALTH] internal used=258/260KB free=2KB min=0KB largest=1KB
[HEALTH] psram used=4543/8192KB free=3649KB largest=3584KB
[HEALTH] stack free_min: core0=8KB/18KB core1=5KB/10KB
[HEALTH] loopTask free_min=3080B/5120B
[HEALTH] core usage: core0=2% core1=1%
[HEALTH] power=usb state=usb batt=100% 4675mV trend=-5mV/min runtime=0min cap=1100mAh charging=0
[HEALTH] radio=WIFI_UPLOAD wifi=0 ble=0 gps=0 nets=9 pendingUpload=? pendingEnrich=3163
[HEALTH] subghz=NONE mode=OFF pkts=0 nodes=0
[9457321][I][STACK] TaskStorage watermark=1896B
[9457322][I][STORAGE] RAMSpool enq=553 cons=553 inflight=0/1024 high=2 pressure=0 drop[full=0 big=0 noise=0 p3Evict=0 p3Drop=0 p2Drop=0 p1Fail=0] free=1024
[9457322][I][STORAGE] RAMSpool enqueue probe[ok=521 drop=0] device[ok=32 drop=0]
[9457322][I][STORAGE] RAMSpool worker probe[ok=521 sup=0 drop=0 fail=0 slow=0] device[ok=31 sup=1 drop=0 fail=0 slow=0] slowTotal=0 maxMs=0
[9457323][I][STORAGE] RAMSpool prioEnq p0=0 p1=0 p2=553 p3=0
[9457324][I][STORAGE] RAMSpool lanes p1=0/0 p2=0/1 p3=0/0
[9457337][W][MQTT] Dump failed, backoff 300000 ms
[9457483][I][STORAGE] Upload index released reason=upload_batch_end_clean indexed=4459 sessions=39
[9464088][I][STORAGE] RAMSpool worker resumed
[9464088][I][STORAGE] Exclusive window end kind=upload result=failed reason=upload_stream
[9464245][I][WIFI] Radio suspended
[9464246][I][STACK] TaskHardware upload watermark result=failed before=7888B after=7888B drop=0B
[9464256][W][CORE] TaskHardware loop gap=6923ms owner=STORAGE_MAINT pendingUpload=4472 maintPending=1 suppressed=0
[9464260][I][STORAGE] RAMSpool worker paused inflight=0 lastInflight=0
[9464260][I][STORAGE] Exclusive window begin kind=maintenance reason=radio_owner_window workerPaused=1 displaySuspended=1
[9464261][I][STORAGE] Maintenance start reason=radio_owner_window budgetMs=30000 flags=dirty_spool_index|counter_untrusted|segment_audit captureSafe=0
[9464497][I][STORAGE] Spool repair checkpoint seg=617 off=35316 records=96 events=96 enrich=0
[9464685][I][STORAGE] Spool repair checkpoint seg=618 off=35383 records=96 events=96 enrich=0
[9464905][I][STORAGE] Spool repair checkpoint seg=619 off=35448 records=96 events=96 enrich=0
[9465149][I][STORAGE] Spool repair checkpoint seg=620 off=35504 records=96 events=96 enrich=0
[9465393][I][STORAGE] Spool repair checkpoint seg=621 off=35632 records=96 events=96 enrich=0
[9465465][I][STORAGE] Maintenance skip action=counter_recount reason=repair_in_progress flags=counter_untrusted|segment_audit
[9465565][I][STORAGE] Maintenance done reason=radio_owner_window actions=dirty_spool_index|boot_safe_deferred_persist|snapshot_lagged|upload_enrich_cursor_dirty|segment_audit skipped=counter_untrusted|segment_audi
[9465566][I][STORAGE] RAMSpool worker resumed
[9465566][I][STORAGE] Exclusive window end kind=maintenance result=pending reason=radio_owner_window
[9465567][I][STORAGE] maintenance owner window ms=1307 captureSafe=0 remaining=counter_untrusted|segment_audit
[9465726][I][WIFI] Radio suspended
[9465730][I][STORAGE] RAMSpool worker paused inflight=0 lastInflight=0
[9465730][I][STORAGE] Exclusive window begin kind=maintenance reason=radio_owner_window workerPaused=1 displaySuspended=1
[9465731][I][STORAGE] Maintenance start reason=radio_owner_window budgetMs=30000 flags=counter_untrusted|segment_audit captureSafe=0
[9465974][I][STORAGE] Spool repair checkpoint seg=622 off=35512 records=96 events=96 enrich=0
[9466217][I][STORAGE] Spool repair checkpoint seg=623 off=35740 records=97 events=97 enrich=0
[9466456][I][STORAGE] Spool repair checkpoint seg=624 off=35492 records=96 events=96 enrich=0
[9466698][I][STORAGE] Spool repair checkpoint seg=625 off=35918 records=97 events=97 enrich=0
[9466936][I][STORAGE] Spool repair checkpoint seg=626 off=35754 records=96 events=96 enrich=0
[9467007][I][STORAGE] Maintenance skip action=counter_recount reason=repair_in_progress flags=counter_untrusted|segment_audit
[9467107][I][STORAGE] Maintenance done reason=radio_owner_window actions=segment_audit skipped=counter_untrusted|segment_audit remaining=counter_untrusted|segment_audit elapsedMs=1377 captureSafe=0
[9467108][I][STORAGE] RAMSpool worker resumed
[9467108][I][STORAGE] Exclusive window end kind=maintenance result=pending reason=radio_owner_window
[9467108][I][STORAGE] maintenance owner window ms=1378 captureSafe=0 remaining=counter_untrusted|segment_audit
[9467267][I][WIFI] Radio suspended
[9467271][I][STORAGE] RAMSpool worker paused inflight=0 lastInflight=0
[9467271][I][STORAGE] Exclusive window begin kind=maintenance reason=radio_owner_window workerPaused=1 displaySuspended=1
[9467272][I][STORAGE] Maintenance start reason=radio_owner_window budgetMs=30000 flags=counter_untrusted|segment_audit captureSafe=0
[9467511][I][STORAGE] Spool repair checkpoint seg=627 off=35669 records=96 events=96 enrich=0
[9467750][I][STORAGE] Spool repair checkpoint seg=628 off=35438 records=96 events=96 enrich=0
[9467990][I][STORAGE] Spool repair checkpoint seg=629 off=35058 records=96 events=96 enrich=0
[9468234][I][STORAGE] Spool repair checkpoint seg=630 off=35182 records=96 events=96 enrich=0
[9468480][I][STORAGE] Spool repair checkpoint seg=631 off=35210 records=96 events=96 enrich=0
[9468550][I][STORAGE] Maintenance skip action=counter_recount reason=repair_in_progress flags=counter_untrusted|segment_audit
[9468650][I][STORAGE] Maintenance done reason=radio_owner_window actions=segment_audit skipped=counter_untrusted|segment_audit remaining=counter_untrusted|segment_audit elapsedMs=1379 captureSafe=0
[9468651][I][STORAGE] RAMSpool worker resumed
[9468651][I][STORAGE] Exclusive window end kind=maintenance result=pending reason=radio_owner_window
[9468651][I][STORAGE] maintenance owner window ms=1380 captureSafe=0 remaining=counter_untrusted|segment_audit
[9468810][I][WIFI] Radio suspended
[9468814][I][STORAGE] RAMSpool worker paused inflight=0 lastInflight=0
[9468814][I][STORAGE] Exclusive window begin kind=maintenance reason=radio_owner_window workerPaused=1 displaySuspended=1
[9468815][I][STORAGE] Maintenance start reason=radio_owner_window budgetMs=30000 flags=counter_untrusted|segment_audit captureSafe=0
[9469057][I][STORAGE] Spool repair checkpoint seg=632 off=35780 records=97 events=97 enrich=0
[9469281][I][STORAGE] Spool repair checkpoint seg=633 off=11908 records=32 events=32 enrich=0
[9470145][I][STORAGE] Maintenance skip action=counter_recount reason=repair_in_progress flags=counter_untrusted|segment_audit
[9470245][I][STORAGE] Maintenance done reason=radio_owner_window actions=segment_audit skipped=counter_untrusted|segment_audit remaining=counter_untrusted|segment_audit elapsedMs=1431 captureSafe=0
[9470246][I][STORAGE] RAMSpool worker resumed
[9470246][I][STORAGE] Exclusive window end kind=maintenance result=pending reason=radio_owner_window
[9470247][I][STORAGE] maintenance owner window ms=1432 captureSafe=0 remaining=counter_untrusted|segment_audit
[9470405][I][WIFI] Radio suspended
[9470409][I][STORAGE] RAMSpool worker paused inflight=0 lastInflight=0
[9470409][I][STORAGE] Exclusive window begin kind=maintenance reason=radio_owner_window workerPaused=1 displaySuspended=1
[9470410][I][STORAGE] Maintenance start reason=radio_owner_window budgetMs=30000 flags=counter_untrusted|segment_audit captureSafe=0
[9470798][I][STORAGE] Spool repair checkpoint seg=639 off=33864 records=98 events=98 enrich=0
[9471048][I][STORAGE] Spool repair checkpoint seg=640 off=33749 records=96 events=96 enrich=0
[9471300][I][STORAGE] Spool repair checkpoint seg=641 off=33966 records=97 events=97 enrich=0
[9471550][I][STORAGE] Spool repair checkpoint seg=642 off=34136 records=97 events=97 enrich=0
[9471617][I][STORAGE] Maintenance skip action=counter_recount reason=repair_in_progress flags=counter_untrusted|segment_audit
[9471717][I][STORAGE] Maintenance done reason=radio_owner_window actions=segment_audit skipped=counter_untrusted|segment_audit remaining=counter_untrusted|segment_audit elapsedMs=1308 captureSafe=0
[9471718][I][STORAGE] RAMSpool worker resumed
[9471718][I][STORAGE] Exclusive window end kind=maintenance result=pending reason=radio_owner_window
[9471718][I][STORAGE] maintenance owner window ms=1309 captureSafe=0 remaining=counter_untrusted|segment_audit
[9471877][I][WIFI] Radio suspended
[9471881][I][STORAGE] RAMSpool worker paused inflight=0 lastInflight=0
[9471881][I][STORAGE] Exclusive window begin kind=maintenance reason=radio_owner_window workerPaused=1 displaySuspended=1
[9471882][I][STORAGE] Maintenance start reason=radio_owner_window budgetMs=30000 flags=counter_untrusted|segment_audit captureSafe=0
[9472128][I][STORAGE] Spool repair checkpoint seg=643 off=22563 records=64 events=64 enrich=0
[9472392][I][STORAGE] Spool repair checkpoint seg=644 off=33653 records=97 events=97 enrich=0
[9472644][I][STORAGE] Spool repair checkpoint seg=645 off=34022 records=97 events=97 enrich=0
[9472894][I][STORAGE] Spool repair checkpoint seg=646 off=34034 records=97 events=97 enrich=0
[9473141][I][STORAGE] Spool repair checkpoint seg=647 off=33905 records=96 events=96 enrich=0
[9473207][I][STORAGE] Maintenance skip action=counter_recount reason=repair_in_progress flags=counter_untrusted|segment_audit
[9473307][I][STORAGE] Maintenance done reason=radio_owner_window actions=segment_audit skipped=counter_untrusted|segment_audit remaining=counter_untrusted|segment_audit elapsedMs=1426 captureSafe=0
[9473308][I][STORAGE] RAMSpool worker resumed
[9473308][I][STORAGE] Exclusive window end kind=maintenance result=pending reason=radio_owner_window
[9473309][I][STORAGE] maintenance owner window ms=1427 captureSafe=0 remaining=counter_untrusted|segment_audit
[9473467][I][WIFI] Radio suspended
[9473471][I][STORAGE] RAMSpool worker paused inflight=0 lastInflight=0
[9473471][I][STORAGE] Exclusive window begin kind=maintenance reason=radio_owner_window workerPaused=1 displaySuspended=1
[9473472][I][STORAGE] Maintenance start reason=radio_owner_window budgetMs=30000 flags=counter_untrusted|segment_audit captureSafe=0

===== CMD: upload start =====
[9473770][I][STORAGE] Spool repair checkpoint seg=648 off=47211 records=931 events=77 enrich=854
[9474000][I][STORAGE] Spool repair checkpoint seg=649 off=23456 records=933 events=0 enrich=933
[9474228][I][STORAGE] Spool repair checkpoint seg=650 off=19841 records=1008 events=0 enrich=1008
[9474295][W][STORAGE] Counter trust=trusted reason=repair_complete since=9474295
[9474295][W][STORAGE] Spool repair slow reason=maintenance_segment_audit segs=67 recs=772 ms=80390
[9474296][I][STORAGE] Spool audit[maintenance_segment_audit] scannedSegs=67 scannedRecords=772 validEvents=573 uploadedRetained=0 validEnrichDeltas=199 invalidRecords=0 skippedRecords=0 quarantined=0 unreadable=0 
[9476267][I][STORAGE] Maintenance continuity log wrote clean=1 reason=radio_owner_window completed=segment_audit remaining=none gen=16032
[9476267][I][STORAGE] Maintenance done reason=radio_owner_window actions=segment_audit|continuity_pass skipped=none remaining=none elapsedMs=2796 captureSafe=1
[9476268][I][STORAGE] RAMSpool worker resumed
[9476268][I][STORAGE] Exclusive window end kind=maintenance result=capture_safe reason=radio_owner_window
[9476269][I][STORAGE] maintenance owner window ms=2797 captureSafe=1 remaining=none
[9476330][I][WIFI] Promiscuous: YES
[9476331][I][WIFI] Promiscuous mode started data=0
[9476336][W][CORE] TaskHardware loop gap=2869ms owner=WIFI_CAPTURE pendingUpload=4472 maintPending=0 suppressed=6
upload start
[9476340][I][WIO] External BLE link dropped reason=manual_upload_start
[9476341][I][WIFI] Radio paused
[9476348][I][STORAGE] RAMSpool worker paused inflight=0 lastInflight=0
[9476348][I][STORAGE] Exclusive window begin kind=upload reason=upload_stream workerPaused=1 displaySuspended=1
[9476349][I][STORAGE] Upload index rebuild begin pending=4472 window=8192 heapFree=4530212 largest=4456436
[9476374][W][STORAGE] Upload index sidecar stale seg=550 reason=coverage max=36052 last=36069 pending=110
[9476375][I][STORAGE] Maintenance requested reason=dirty_spool_index source=upload_index_sidecar_coverage flags=dirty_spool_index
[9476979][I][STORAGE] Maintenance requested reason=segment_audit source=upload_index_counter_drift flags=dirty_spool_index|segment_audit
[9476979][W][STORAGE] Upload index observed segment counter drift seg=550 old=0/110 scan=0/97; queued maintenance
[9477497][W][STORAGE] Upload index sidecar stale seg=551 reason=coverage max=36245 last=36269 pending=100
[9478568][W][STORAGE] Upload index sidecar stale seg=552 reason=coverage max=36452 last=36469 pending=100
[9479645][W][STORAGE] Upload index sidecar stale seg=553 reason=coverage max=36507 last=36545 pending=38
[9480263][W][STORAGE] Upload index sidecar stale seg=554 reason=coverage max=36573 last=36605 pending=28
[9481004][W][STORAGE] Upload index sidecar stale seg=562 reason=coverage max=36627 last=36647 pending=22
[9481106][I][STACK] TaskButtons watermark=1784B min=1784B
[9481445][W][STORAGE] Upload index sidecar stale seg=563 reason=coverage max=36773 last=36789 pending=70
[9482290][W][STORAGE] Upload index sidecar stale seg=569 reason=coverage max=36809 last=36829 pending=20
[9482758][W][STORAGE] Upload index sidecar stale seg=571 reason=coverage max=36873 last=36913 pending=44
[9483405][W][STORAGE] Upload index sidecar stale seg=572 reason=coverage max=36953 last=36961 pending=22
[9484076][W][STORAGE] Upload index sidecar stale seg=574 reason=coverage max=37030 last=37089 pending=69
[9484909][W][STORAGE] Upload index sidecar stale seg=575 reason=coverage max=37253 last=37273 pending=93
[9485929][W][STORAGE] Upload index sidecar stale seg=577 reason=coverage max=37451 last=37461 pending=102
[9487013][W][STORAGE] Upload index sidecar stale seg=578 reason=coverage max=37463 last=37473 pending=2
[9487622][W][STORAGE] Upload index sidecar stale seg=579 reason=coverage max=37526 last=37555 pending=28
[9488124][W][STORAGE] Upload index sidecar stale seg=583 reason=coverage max=37632 last=37662 pending=54
[9488803][W][STORAGE] Upload index sidecar stale seg=584 reason=coverage max=37711 last=37759 pending=48
[9489466][W][STORAGE] Upload index sidecar stale seg=588 reason=coverage max=37779 last=37799 pending=20
[9490056][W][STORAGE] Upload index sidecar stale seg=599 reason=coverage max=37824 last=37826 pending=8
[9490442][W][STORAGE] Upload index sidecar stale seg=600 reason=coverage max=37866 last=37871 pending=23
[9491043][W][STORAGE] Upload index sidecar stale seg=602 reason=coverage max=37888 last=37903 pending=15
[9491428][W][STORAGE] Upload index sidecar stale seg=603 reason=coverage max=38012 last=38035 pending=66
[9492258][I][STORAGE] Upload index rebuild progress segs=25 indexed=1085 window=8192 heapFree=4316060 largest=4194292
[9492291][W][STORAGE] Upload index sidecar stale seg=604 reason=coverage max=38060 last=38085 pending=25
[9492791][W][STORAGE] Upload index sidecar stale seg=605 reason=coverage max=38228 last=38253 pending=84
[9493852][W][STORAGE] Upload index sidecar stale seg=606 reason=coverage max=38310 last=38337 pending=42
[9494550][W][STORAGE] Upload index sidecar stale seg=609 reason=coverage max=38387 last=38393 pending=12
[9495307][W][STORAGE] Upload index sidecar stale seg=612 reason=coverage max=38400 last=38407 pending=7
[9495645][W][STORAGE] Upload index sidecar stale seg=614 reason=coverage max=38411 last=38417 pending=4
[9498093][I][STORAGE] Upload index rebuild progress segs=50 indexed=3293 window=8192 heapFree=4111708 largest=4063220

===== CMD: upload start =====
[9498938][W][STORAGE] Upload index sidecar stale seg=648 reason=coverage max=41760 last=42614 pending=77
[9503051][I][STORAGE] Upload window rebuild accepted indexed=4459 window=8192 pending=4472 sessions=39 skipped=0 failedSegs=0 sidecarLoaded=38 sidecarStale=29 truncated=0 heapFree=3754112 largest=3735540
[9503052][I][STORAGE] Upload stream prepare index built ok=1 resident=1 ms=26703
[9503052][I][STORAGE] Upload stream prepare ready=1 pending=4472 budgetMs=1200000 ms=26704 internalFree=11080 internalLargest=4596 psramFree=3743032
[9503120][I][MQTT] Dump start pendingUpload=4472 lease=1200s leaseMaxEvents=4472
[9503121][I][MQTT] First event batch fetch session=33e864-8161-b2d237c7 since=35862 radioQuiet=1
[9503167][I][MQTT] First event batch fetched ok=1 count=1 ms=44 radioQuiet=1
[9503168][I][STORAGE] Upload batch open; deferring watermark flush
[9503169][I][MQTT] Upload lease granted pending=4472 window=4472 lease=1200s
[UPLOAD] manual upload queued pending=4472
upload start
[UPLOAD] busy state=wifi pending=4472
[9503173][I][MQTT] Connecting to upload network: Nothing But Net timeout=30s txPowerQdbm=78
[9503174][I][STACK] TaskHardware watermark=7888B min=7888B
[9503183][I][HEAP] heap free=3658KB min=3642KB largest=3648KB frag=0% internalFree=3KB internalLargest=2KB psramFree=3655KB core=96/43% owner=WIFI_UPLOAD nets=9 pendingUpload=4472 pendingEnrich=3163
[HEALTH] time=2026-08-16 14:51:36 src=gps
[HEALTH] heap used=4795/8452KB free=3658KB min=3642KB largest=3648KB frag=0%
[HEALTH] internal used=257/260KB free=3KB min=0KB largest=2KB
[HEALTH] psram used=4537/8192KB free=3655KB largest=3648KB
[HEALTH] stack free_min: core0=8KB/18KB core1=5KB/10KB
[HEALTH] loopTask free_min=3080B/5120B
[HEALTH] core usage: core0=96% core1=43%
[HEALTH] power=usb state=usb batt=100% 4703mV trend=-1mV/min runtime=0min cap=1100mAh charging=0
[HEALTH] radio=WIFI_UPLOAD wifi=0 ble=0 gps=0 nets=9 pendingUpload=4472 pendingEnrich=3163
[HEALTH] subghz=NONE mode=OFF pkts=0 nodes=0
[9503186][I][STACK] TaskStorage watermark=1896B
[9503186][I][STORAGE] RAMSpool enq=553 cons=553 inflight=0/1024 high=2 pressure=0 drop[full=0 big=0 noise=0 p3Evict=0 p3Drop=0 p2Drop=0 p1Fail=0] free=1024
[9503186][I][STORAGE] RAMSpool enqueue probe[ok=521 drop=0] device[ok=32 drop=0]
[9503187][I][STORAGE] RAMSpool worker probe[ok=521 sup=0 drop=0 fail=0 slow=0] device[ok=31 sup=1 drop=0 fail=0 slow=0] slowTotal=0 maxMs=0
[9503187][I][STORAGE] RAMSpool prioEnq p0=0 p1=0 p2=553 p3=0
[9503187][I][STORAGE] RAMSpool lanes p1=0/0 p2=0/1 p3=0/0
[9503197][W][CORE] TaskHardware loop gap=26861ms owner=WIFI_UPLOAD pendingUpload=4472 maintPending=1 suppressed=0
[9505778][I][MQTT] WiFi connected, connecting broker
[9505789][I][MQTT] Broker connect settling after WiFi association ms=300
[9506099][I][MQTT] Broker connect attempt host=192.168.0.11 port=1883 client=spectre_33e864-7
[9506109][I][MQTT] Broker connect result ok=1 state=0 ms=10
[9506110][I][MQTT] Broker connected, resuming dump
[9506121][I][MQTT] Health publish begin
[9506444][I][MQTT] Health publish end
[9506458][I][MQTT] Upload events phase sessions=39 bucketRecords=1 radioHot=1
[9506458][I][MQTT] First event payload staged event=35863 bytes=533
[9506459][I][MQTT] First event publish begin event=35863 bytes=533 stack=7888B
[9511106][I][STACK] TaskButtons watermark=1784B min=1784B
[9511459][W][MQTT] QoS1 PUBACK timeout packetId=9 connected=1
[9511460][W][MQTT] Publish failed for session=33e864-8161-b2d237c7 event=35863 topic=aether/sensor/spectre_field/probe payload=533 ms=5001 mqttState=0 connected=0 poisonFails=1/3
[9511461][W][MQTT] Publish retry deferred event=35863 nextIn=750ms
[9512215][W][MQTT] Broker disconnected before event=35863; reconnecting
[9512235][I][MQTT] Broker connect attempt host=192.168.0.11 port=1883 client=spectre_33e864-7
[9515238][I][MQTT] Broker connect result ok=0 state=-2 ms=3002
[9515238][W][MQTT] Reconnect failed before publish event=35863
[HEAP] integrity check ok
[9515255][W][CORE] TaskHardware loop gap=3041ms owner=WIFI_UPLOAD pendingUpload=4472 maintPending=1 suppressed=2
[9515259][W][MQTT] Dump failed, backoff 300000 ms
[9515386][I][STORAGE] Upload index released reason=upload_batch_end_clean indexed=4459 sessions=39
[9522411][I][STORAGE] RAMSpool worker resumed
[9522411][I][STORAGE] Exclusive window end kind=upload result=failed reason=upload_stream
[9522568][I][WIFI] Radio suspended
[9522569][I][STACK] TaskHardware upload watermark result=failed before=7888B after=7888B drop=0B
[9522582][I][STORAGE] RAMSpool worker paused inflight=0 lastInflight=0
[9522583][I][STORAGE] Exclusive window begin kind=maintenance reason=radio_owner_window workerPaused=1 displaySuspended=1
[9522583][I][STORAGE] Maintenance start reason=radio_owner_window budgetMs=5000 flags=dirty_spool_index|segment_audit captureSafe=1
[9522584][I][STORAGE] Maintenance requested reason=counter_untrusted source=maintenance_segment_audit flags=counter_untrusted|segment_audit
[9522585][W][STORAGE] Counter trust=repair_required reason=maintenance_segment_audit since=9522584
[9522585][W][STORAGE] Spool repair queued reason=maintenance_segment_audit
[9522586][I][STORAGE] Spool repair start reason=maintenance_segment_audit segs=68
[9522701][I][STORAGE] Spool repair checkpoint seg=550 off=42213 records=220 events=110 enrich=110
[9522878][I][STORAGE] Spool repair checkpoint seg=551 off=38420 records=200 events=100 enrich=100
[9523055][I][STORAGE] Spool repair checkpoint seg=552 off=37933 records=200 events=100 enrich=100
[9523219][I][STORAGE] Spool repair checkpoint seg=553 off=14576 records=76 events=38 enrich=38
[9523381][I][STORAGE] Spool repair checkpoint seg=554 off=10851 records=58 events=28 enrich=30
[9523704][I][STORAGE] Spool repair checkpoint seg=562 off=8215 records=42 events=22 enrich=20
[9523872][I][STORAGE] Spool repair checkpoint seg=563 off=26683 records=140 events=70 enrich=70

===== CMD: upload start =====
[9523935][I][STORAGE] Maintenance skip action=counter_recount reason=repair_in_progress flags=counter_untrusted|segment_audit
[9524042][I][STORAGE] Maintenance done reason=radio_owner_window actions=dirty_spool_index|boot_safe_deferred_persist|snapshot_lagged|upload_enrich_cursor_dirty|segment_audit skipped=counter_untrusted|segment_audi
[9524043][I][STORAGE] RAMSpool worker resumed
[9524043][I][STORAGE] Exclusive window end kind=maintenance result=pending reason=radio_owner_window
[9524043][I][STORAGE] maintenance owner window ms=1461 captureSafe=0 remaining=counter_untrusted|segment_audit
[9524202][I][WIFI] Radio suspended
upload start
[UPLOAD] pending count not authoritative; forcing indexed recovery drain pending=4472
[9524206][I][WIO] External BLE link dropped reason=manual_upload_start
[9524267][I][STORAGE] RAMSpool worker paused inflight=0 lastInflight=0
[9524268][I][STORAGE] Exclusive window begin kind=upload reason=upload_stream workerPaused=1 displaySuspended=1
[9524268][I][STORAGE] Upload index rebuild begin pending=4472 window=8192 heapFree=4524068 largest=4456436
[9524297][W][STORAGE] Upload index sidecar stale seg=550 reason=coverage max=36052 last=36069 pending=110
[9524298][I][STORAGE] Maintenance requested reason=dirty_spool_index source=upload_index_sidecar_coverage flags=dirty_spool_index|counter_untrusted|segment_audit
[9524917][W][STORAGE] Upload index observed segment counter drift seg=550 old=0/110 scan=0/97; queued maintenance
[9525449][W][STORAGE] Upload index sidecar stale seg=551 reason=coverage max=36245 last=36269 pending=100
[9526544][W][STORAGE] Upload index sidecar stale seg=552 reason=coverage max=36452 last=36469 pending=100
[9527667][W][STORAGE] Upload index sidecar stale seg=553 reason=coverage max=36507 last=36545 pending=38
[9528478][W][STORAGE] Upload index sidecar stale seg=554 reason=coverage max=36573 last=36605 pending=28
[9529005][W][STORAGE] Upload index sidecar stale seg=562 reason=coverage max=36627 last=36647 pending=22
[9529479][W][STORAGE] Upload index sidecar stale seg=563 reason=coverage max=36773 last=36789 pending=70
[9530359][W][STORAGE] Upload index sidecar stale seg=569 reason=coverage max=36809 last=36829 pending=20
[9530860][W][STORAGE] Upload index sidecar stale seg=571 reason=coverage max=36873 last=36913 pending=44
[9531696][W][STORAGE] Upload index sidecar stale seg=572 reason=coverage max=36953 last=36961 pending=22
[9532156][W][STORAGE] Upload index sidecar stale seg=574 reason=coverage max=37030 last=37089 pending=69
[9533024][W][STORAGE] Upload index sidecar stale seg=575 reason=coverage max=37253 last=37273 pending=93
[9534068][W][STORAGE] Upload index sidecar stale seg=577 reason=coverage max=37451 last=37461 pending=102
[9535186][W][STORAGE] Upload index sidecar stale seg=578 reason=coverage max=37463 last=37473 pending=2
[9535692][W][STORAGE] Upload index sidecar stale seg=579 reason=coverage max=37526 last=37555 pending=28
[9536236][W][STORAGE] Upload index sidecar stale seg=583 reason=coverage max=37632 last=37662 pending=54
[9536958][W][STORAGE] Upload index sidecar stale seg=584 reason=coverage max=37711 last=37759 pending=48
[9537753][W][STORAGE] Upload index sidecar stale seg=588 reason=coverage max=37779 last=37799 pending=20
[9538302][W][STORAGE] Upload index sidecar stale seg=599 reason=coverage max=37824 last=37826 pending=8
[9538656][W][STORAGE] Upload index sidecar stale seg=600 reason=coverage max=37866 last=37871 pending=23
[9539136][W][STORAGE] Upload index sidecar stale seg=602 reason=coverage max=37888 last=37903 pending=15
[9539573][W][STORAGE] Upload index sidecar stale seg=603 reason=coverage max=38012 last=38035 pending=66
[9540530][I][STORAGE] Upload index rebuild progress segs=25 indexed=1085 window=8192 heapFree=4309888 largest=4194292
[9540565][W][STORAGE] Upload index sidecar stale seg=604 reason=coverage max=38060 last=38085 pending=25
[9541083][W][STORAGE] Upload index sidecar stale seg=605 reason=coverage max=38228 last=38253 pending=84
[9541105][I][STACK] TaskButtons watermark=1784B min=1784B
[9542118][W][STORAGE] Upload index sidecar stale seg=606 reason=coverage max=38310 last=38337 pending=42
[9543097][W][STORAGE] Upload index sidecar stale seg=609 reason=coverage max=38387 last=38393 pending=12
[9543488][W][STORAGE] Upload index sidecar stale seg=612 reason=coverage max=38400 last=38407 pending=7
[9543834][W][STORAGE] Upload index sidecar stale seg=614 reason=coverage max=38411 last=38417 pending=4
[9546467][I][STORAGE] Upload index rebuild progress segs=50 indexed=3293 window=8192 heapFree=4105556 largest=4063220
[9547284][W][STORAGE] Upload index sidecar stale seg=648 reason=coverage max=41760 last=42614 pending=77

===== CMD: upload start =====
[9551847][I][STORAGE] Upload window rebuild accepted indexed=4459 window=8192 pending=4472 sessions=39 skipped=0 failedSegs=0 sidecarLoaded=38 sidecarStale=29 truncated=0 heapFree=3748068 largest=3735540
[9551848][I][STORAGE] Upload stream prepare index built ok=1 resident=1 ms=27579
[9551848][I][STORAGE] Upload stream prepare ready=1 pending=4472 budgetMs=1200000 ms=27580 internalFree=11164 internalLargest=7156 psramFree=3736904
[9551854][I][MQTT] Dump start pendingUpload=4472 lease=1200s leaseMaxEvents=4472
[9551855][I][MQTT] First event batch fetch session=33e864-8161-b2d237c7 since=35862 radioQuiet=1
[9551895][I][MQTT] First event batch fetched ok=1 count=1 ms=37 radioQuiet=1
[9551896][I][STORAGE] Upload batch open; deferring watermark flush
[9551897][I][MQTT] Upload lease granted pending=4472 window=4472 lease=1200s
[UPLOAD] manual upload queued pending=4472
upload start
[UPLOAD] busy state=wifi pending=4472
[9551901][I][MQTT] Connecting to upload network: Nothing But Net timeout=30s txPowerQdbm=78
[9551902][E][CORE] Contract violation: repair pending owner=WIFI_UPLOAD flags=dirty_spool_index|counter_untrusted|segment_audit
[9551902][I][STACK] TaskHardware watermark=7888B min=7888B
[9551911][I][HEAP] heap free=3652KB min=3642KB largest=3584KB frag=1% internalFree=3KB internalLargest=2KB psramFree=3649KB core=74/32% owner=WIFI_UPLOAD nets=9 pendingUpload=? pendingEnrich=3163
[HEALTH] time=2026-08-16 14:52:25 src=gps
[HEALTH] heap used=4801/8452KB free=3652KB min=3642KB largest=3584KB frag=1%
[HEALTH] internal used=257/260KB free=3KB min=0KB largest=2KB
[HEALTH] psram used=4543/8192KB free=3649KB largest=3584KB
[HEALTH] stack free_min: core0=8KB/18KB core1=5KB/10KB
[HEALTH] loopTask free_min=3080B/5120B
[HEALTH] core usage: core0=74% core1=32%
[HEALTH] power=usb state=usb batt=100% 4697mV trend=-2mV/min runtime=0min cap=1100mAh charging=0
[HEALTH] radio=WIFI_UPLOAD wifi=0 ble=0 gps=0 nets=9 pendingUpload=? pendingEnrich=3163
[HEALTH] subghz=NONE mode=OFF pkts=0 nodes=0
[9551913][I][STACK] TaskStorage watermark=1896B
[9551914][I][STORAGE] RAMSpool enq=553 cons=553 inflight=0/1024 high=2 pressure=0 drop[full=0 big=0 noise=0 p3Evict=0 p3Drop=0 p2Drop=0 p1Fail=0] free=1024
[9551914][I][STORAGE] RAMSpool enqueue probe[ok=521 drop=0] device[ok=32 drop=0]
[9551914][I][STORAGE] RAMSpool worker probe[ok=521 sup=0 drop=0 fail=0 slow=0] device[ok=31 sup=1 drop=0 fail=0 slow=0] slowTotal=0 maxMs=0
[9551915][I][STORAGE] RAMSpool prioEnq p0=0 p1=0 p2=553 p3=0
[9551915][I][STORAGE] RAMSpool lanes p1=0/0 p2=0/1 p3=0/0
[9551925][W][CORE] TaskHardware loop gap=27723ms owner=WIFI_UPLOAD pendingUpload=4472 maintPending=1 suppressed=2
[9571106][I][STACK] TaskButtons watermark=1784B min=1784B

===== CMD: upload start =====
upload start
[UPLOAD] busy state=wifi pending=4472
[9581905][W][MQTT] WiFi timeout status=6 elapsed=30s
[9582057][I][STACK] TaskHardware watermark=7888B min=7888B
[9582065][I][HEAP] heap free=3651KB min=3642KB largest=3584KB frag=1% internalFree=3KB internalLargest=2KB psramFree=3649KB core=2/1% owner=WIFI_UPLOAD nets=9 pendingUpload=? pendingEnrich=3163
[HEALTH] time=2026-08-16 14:52:54 src=gps
[HEALTH] heap used=4801/8452KB free=3651KB min=3642KB largest=3584KB frag=1%
[HEALTH] internal used=257/260KB free=3KB min=0KB largest=2KB
[HEALTH] psram used=4543/8192KB free=3649KB largest=3584KB
[HEALTH] stack free_min: core0=8KB/18KB core1=5KB/10KB
[HEALTH] loopTask free_min=3080B/5120B
[HEALTH] core usage: core0=2% core1=1%
[HEALTH] power=usb state=usb batt=100% 4675mV trend=-5mV/min runtime=0min cap=1100mAh charging=0
[HEALTH] radio=WIFI_UPLOAD wifi=0 ble=0 gps=0 nets=9 pendingUpload=? pendingEnrich=3163
[HEALTH] subghz=NONE mode=OFF pkts=0 nodes=0
[9582068][I][STACK] TaskStorage watermark=1896B
[9582068][I][STORAGE] RAMSpool enq=553 cons=553 inflight=0/1024 high=2 pressure=0 drop[full=0 big=0 noise=0 p3Evict=0 p3Drop=0 p2Drop=0 p1Fail=0] free=1024
[9582068][I][STORAGE] RAMSpool enqueue probe[ok=521 drop=0] device[ok=32 drop=0]
[9582069][I][STORAGE] RAMSpool worker probe[ok=521 sup=0 drop=0 fail=0 slow=0] device[ok=31 sup=1 drop=0 fail=0 slow=0] slowTotal=0 maxMs=0
[9582069][I][STORAGE] RAMSpool prioEnq p0=0 p1=0 p2=553 p3=0
[9582069][I][STORAGE] RAMSpool lanes p1=0/0 p2=0/1 p3=0/0
[9582080][W][MQTT] Dump failed, backoff 300000 ms
[9582208][I][STORAGE] Upload index released reason=upload_batch_end_clean indexed=4459 sessions=39
[9588498][I][STORAGE] RAMSpool worker resumed
[9588498][I][STORAGE] Exclusive window end kind=upload result=failed reason=upload_stream
[9588684][I][WIFI] Radio suspended
[9588685][I][STACK] TaskHardware upload watermark result=failed before=7888B after=7888B drop=0B
[9588695][W][CORE] TaskHardware loop gap=6616ms owner=STORAGE_MAINT pendingUpload=4472 maintPending=1 suppressed=0
[9588699][I][STORAGE] RAMSpool worker paused inflight=0 lastInflight=0
[9588699][I][STORAGE] Exclusive window begin kind=maintenance reason=radio_owner_window workerPaused=1 displaySuspended=1
[9588700][I][STORAGE] Maintenance start reason=radio_owner_window budgetMs=30000 flags=dirty_spool_index|counter_untrusted|segment_audit captureSafe=0
[9588771][I][STORAGE] Spool repair checkpoint seg=569 off=7600 records=40 events=20 enrich=20
[9588889][I][STORAGE] Spool repair checkpoint seg=571 off=16505 records=84 events=44 enrich=40
[9589003][I][STORAGE] Spool repair checkpoint seg=572 off=8668 records=44 events=22 enrich=22
[9589124][I][STORAGE] Spool repair checkpoint seg=574 off=26257 records=138 events=69 enrich=69
[9589261][I][STORAGE] Spool repair checkpoint seg=575 off=35857 records=184 events=93 enrich=91
[9589406][I][STORAGE] Spool repair checkpoint seg=577 off=38261 records=186 events=102 enrich=84
[9589535][I][STORAGE] Spool repair checkpoint seg=578 off=1165 records=12 events=2 enrich=10
[9589669][I][STORAGE] Spool repair checkpoint seg=579 off=11116 records=64 events=28 enrich=36
[9589954][I][STORAGE] Spool repair checkpoint seg=583 off=21024 records=107 events=54 enrich=53
[9590004][I][STORAGE] Maintenance skip action=counter_recount reason=repair_in_progress flags=counter_untrusted|segment_audit
[9590111][I][STORAGE] Maintenance done reason=radio_owner_window actions=dirty_spool_index|boot_safe_deferred_persist|snapshot_lagged|upload_enrich_cursor_dirty|segment_audit skipped=counter_untrusted|segment_audi
[9590111][I][STORAGE] RAMSpool worker resumed
[9590112][I][STORAGE] Exclusive window end kind=maintenance result=pending reason=radio_owner_window
[9590112][I][STORAGE] maintenance owner window ms=1413 captureSafe=0 remaining=counter_untrusted|segment_audit
[9590271][I][WIFI] Radio suspended
[9590275][I][STORAGE] RAMSpool worker paused inflight=0 lastInflight=0
[9590275][I][STORAGE] Exclusive window begin kind=maintenance reason=radio_owner_window workerPaused=1 displaySuspended=1
[9590276][I][STORAGE] Maintenance start reason=radio_owner_window budgetMs=30000 flags=counter_untrusted|segment_audit captureSafe=0
[9590411][I][STORAGE] Spool repair checkpoint seg=584 off=19785 records=116 events=48 enrich=10
[9590539][I][STORAGE] Spool repair checkpoint seg=588 off=7648 records=40 events=20 enrich=20
[9590665][I][STORAGE] Spool repair checkpoint seg=596 off=2455 records=12 events=6 enrich=6
[9590790][I][STORAGE] Spool repair checkpoint seg=599 off=3322 records=15 events=8 enrich=7
[9590917][I][STORAGE] Spool repair checkpoint seg=600 off=9178 records=44 events=23 enrich=21
[9591042][I][STORAGE] Spool repair checkpoint seg=602 off=5789 records=30 events=15 enrich=15
[9591176][I][STORAGE] Spool repair checkpoint seg=603 off=26734 records=132 events=66 enrich=66
[9591302][I][STORAGE] Spool repair checkpoint seg=604 off=9814 records=50 events=25 enrich=25
[9591438][I][STORAGE] Spool repair checkpoint seg=605 off=34093 records=168 events=84 enrich=84
[9591486][I][STORAGE] Maintenance skip action=counter_recount reason=repair_in_progress flags=counter_untrusted|segment_audit
[9591592][I][STORAGE] Maintenance done reason=radio_owner_window actions=segment_audit skipped=counter_untrusted|segment_audit remaining=counter_untrusted|segment_audit elapsedMs=1317 captureSafe=0
[9591593][I][STORAGE] RAMSpool worker resumed
[9591593][I][STORAGE] Exclusive window end kind=maintenance result=pending reason=radio_owner_window
[9591594][I][STORAGE] maintenance owner window ms=1319 captureSafe=0 remaining=counter_untrusted|segment_audit
[9591753][I][WIFI] Radio suspended
[9591757][I][STORAGE] RAMSpool worker paused inflight=0 lastInflight=0
[9591757][I][STORAGE] Exclusive window begin kind=maintenance reason=radio_owner_window workerPaused=1 displaySuspended=1
[9591758][I][STORAGE] Maintenance start reason=radio_owner_window budgetMs=30000 flags=counter_untrusted|segment_audit captureSafe=0
[9591838][I][STORAGE] Spool repair checkpoint seg=606 off=16763 records=84 events=42 enrich=42
[9591959][I][STORAGE] Spool repair checkpoint seg=609 off=4339 records=18 events=12 enrich=6
[9592080][I][STORAGE] Spool repair checkpoint seg=612 off=2773 records=14 events=7 enrich=7
[9592200][I][STORAGE] Spool repair checkpoint seg=614 off=1714 records=10 events=4 enrich=6
[9592337][I][STORAGE] Spool repair checkpoint seg=615 off=32243 records=160 events=80 enrich=80
[9592559][I][STORAGE] Spool repair checkpoint seg=616 off=28081 records=133 events=70 enrich=63
[9592789][I][STORAGE] Spool repair checkpoint seg=617 off=35316 records=96 events=96 enrich=0
[9592973][I][STORAGE] Spool repair checkpoint seg=618 off=35383 records=96 events=96 enrich=0
[9593020][I][STORAGE] Maintenance skip action=counter_recount reason=repair_in_progress flags=counter_untrusted|segment_audit
[9593127][I][STORAGE] Maintenance done reason=radio_owner_window actions=segment_audit skipped=counter_untrusted|segment_audit remaining=counter_untrusted|segment_audit elapsedMs=1370 captureSafe=0
[9593127][I][STORAGE] RAMSpool worker resumed
[9593128][I][STORAGE] Exclusive window end kind=maintenance result=pending reason=radio_owner_window
[9593128][I][STORAGE] maintenance owner window ms=1371 captureSafe=0 remaining=counter_untrusted|segment_audit
[9593287][I][WIFI] Radio suspended
[9593291][I][STORAGE] RAMSpool worker paused inflight=0 lastInflight=0
[9593291][I][STORAGE] Exclusive window begin kind=maintenance reason=radio_owner_window workerPaused=1 displaySuspended=1
[9593292][I][STORAGE] Maintenance start reason=radio_owner_window budgetMs=30000 flags=counter_untrusted|segment_audit captureSafe=0
[9593509][I][STORAGE] Spool repair checkpoint seg=619 off=35448 records=96 events=96 enrich=0
[9593749][I][STORAGE] Spool repair checkpoint seg=620 off=35504 records=96 events=96 enrich=0
[9593989][I][STORAGE] Spool repair checkpoint seg=621 off=35632 records=96 events=96 enrich=0
[9594229][I][STORAGE] Spool repair checkpoint seg=622 off=35512 records=96 events=96 enrich=0
[9594468][I][STORAGE] Spool repair checkpoint seg=623 off=35740 records=97 events=97 enrich=0
[9594537][I][STORAGE] Maintenance skip action=counter_recount reason=repair_in_progress flags=counter_untrusted|segment_audit
[9594644][I][STORAGE] Maintenance done reason=radio_owner_window actions=segment_audit skipped=counter_untrusted|segment_audit remaining=counter_untrusted|segment_audit elapsedMs=1353 captureSafe=0
[9594644][I][STORAGE] RAMSpool worker resumed
[9594645][I][STORAGE] Exclusive window end kind=maintenance result=pending reason=radio_owner_window
[9594645][I][STORAGE] maintenance owner window ms=1354 captureSafe=0 remaining=counter_untrusted|segment_audit
[9594804][I][WIFI] Radio suspended
[9594808][I][STORAGE] RAMSpool worker paused inflight=0 lastInflight=0
[9594808][I][STORAGE] Exclusive window begin kind=maintenance reason=radio_owner_window workerPaused=1 displaySuspended=1
[9594809][I][STORAGE] Maintenance start reason=radio_owner_window budgetMs=30000 flags=counter_untrusted|segment_audit captureSafe=0
[9595044][I][STORAGE] Spool repair checkpoint seg=624 off=35492 records=96 events=96 enrich=0
[9595283][I][STORAGE] Spool repair checkpoint seg=625 off=35918 records=97 events=97 enrich=0
[9595517][I][STORAGE] Spool repair checkpoint seg=626 off=35754 records=96 events=96 enrich=0
[9595751][I][STORAGE] Spool repair checkpoint seg=627 off=35669 records=96 events=96 enrich=0
[9595987][I][STORAGE] Spool repair checkpoint seg=628 off=35438 records=96 events=96 enrich=0
[9596056][I][STORAGE] Maintenance skip action=counter_recount reason=repair_in_progress flags=counter_untrusted|segment_audit
[9596162][I][STORAGE] Maintenance done reason=radio_owner_window actions=segment_audit skipped=counter_untrusted|segment_audit remaining=counter_untrusted|segment_audit elapsedMs=1354 captureSafe=0
[9596163][I][STORAGE] RAMSpool worker resumed
[9596163][I][STORAGE] Exclusive window end kind=maintenance result=pending reason=radio_owner_window
[9596164][I][STORAGE] maintenance owner window ms=1355 captureSafe=0 remaining=counter_untrusted|segment_audit
[9596322][I][WIFI] Radio suspended
[9596326][I][STORAGE] RAMSpool worker paused inflight=0 lastInflight=0
[9596326][I][STORAGE] Exclusive window begin kind=maintenance reason=radio_owner_window workerPaused=1 displaySuspended=1
[9596327][I][STORAGE] Maintenance start reason=radio_owner_window budgetMs=30000 flags=counter_untrusted|segment_audit captureSafe=0
[9596562][I][STORAGE] Spool repair checkpoint seg=629 off=35058 records=96 events=96 enrich=0
[9596803][I][STORAGE] Spool repair checkpoint seg=630 off=35182 records=96 events=96 enrich=0
[9597045][I][STORAGE] Spool repair checkpoint seg=631 off=35210 records=96 events=96 enrich=0
[9597282][I][STORAGE] Spool repair checkpoint seg=632 off=35780 records=97 events=97 enrich=0
[9597503][I][STORAGE] Spool repair checkpoint seg=633 off=11908 records=32 events=32 enrich=0
[9597571][I][STORAGE] Maintenance skip action=counter_recount reason=repair_in_progress flags=counter_untrusted|segment_audit
[9597677][I][STORAGE] Maintenance done reason=radio_owner_window actions=segment_audit skipped=counter_untrusted|segment_audit remaining=counter_untrusted|segment_audit elapsedMs=1351 captureSafe=0
[9597678][I][STORAGE] RAMSpool worker resumed
[9597678][I][STORAGE] Exclusive window end kind=maintenance result=pending reason=radio_owner_window
[9597679][I][STORAGE] maintenance owner window ms=1353 captureSafe=0 remaining=counter_untrusted|segment_audit
[9597838][I][WIFI] Radio suspended
[9597842][I][STORAGE] RAMSpool worker paused inflight=0 lastInflight=0
[9597842][I][STORAGE] Exclusive window begin kind=maintenance reason=radio_owner_window workerPaused=1 displaySuspended=1
[9597843][I][STORAGE] Maintenance start reason=radio_owner_window budgetMs=30000 flags=counter_untrusted|segment_audit captureSafe=0
[9598938][I][STORAGE] Spool repair checkpoint seg=639 off=33864 records=98 events=98 enrich=0
[9599044][I][STORAGE] Maintenance skip action=counter_recount reason=repair_in_progress flags=counter_untrusted|segment_audit

===== CMD: upload start =====
[9599150][I][STORAGE] Maintenance done reason=radio_owner_window actions=segment_audit skipped=counter_untrusted|segment_audit remaining=counter_untrusted|segment_audit elapsedMs=1308 captureSafe=0
[9599150][I][STORAGE] RAMSpool worker resumed
[9599151][I][STORAGE] Exclusive window end kind=maintenance result=pending reason=radio_owner_window
[9599151][I][STORAGE] maintenance owner window ms=1309 captureSafe=0 remaining=counter_untrusted|segment_audit
[9599310][I][WIFI] Radio suspended
[9599311][W][CORE] TaskHardware loop gap=1472ms owner=STORAGE_MAINT pendingUpload=4472 maintPending=1 suppressed=6
upload start
[UPLOAD] pending count not authoritative; forcing indexed recovery drain pending=4472
[9599315][I][WIO] External BLE link dropped reason=manual_upload_start
[9599376][I][STORAGE] RAMSpool worker paused inflight=0 lastInflight=0
[9599377][I][STORAGE] Exclusive window begin kind=upload reason=upload_stream workerPaused=1 displaySuspended=1
[9599377][I][STORAGE] Upload index rebuild begin pending=4472 window=8192 heapFree=4523268 largest=4456436
[9599409][W][STORAGE] Upload index sidecar stale seg=550 reason=coverage max=36052 last=36069 pending=110
[9599410][I][STORAGE] Maintenance requested reason=dirty_spool_index source=upload_index_sidecar_coverage flags=dirty_spool_index|counter_untrusted|segment_audit
[9600025][W][STORAGE] Upload index observed segment counter drift seg=550 old=0/110 scan=0/97; queued maintenance
[9600536][W][STORAGE] Upload index sidecar stale seg=551 reason=coverage max=36245 last=36269 pending=100
[9601106][I][STACK] TaskButtons watermark=1784B min=1784B
[9601613][W][STORAGE] Upload index sidecar stale seg=552 reason=coverage max=36452 last=36469 pending=100
[9602855][W][STORAGE] Upload index sidecar stale seg=553 reason=coverage max=36507 last=36545 pending=38
[9603371][W][STORAGE] Upload index sidecar stale seg=554 reason=coverage max=36573 last=36605 pending=28
[9603876][W][STORAGE] Upload index sidecar stale seg=562 reason=coverage max=36627 last=36647 pending=22
[9604326][W][STORAGE] Upload index sidecar stale seg=563 reason=coverage max=36773 last=36789 pending=70
[9605189][W][STORAGE] Upload index sidecar stale seg=569 reason=coverage max=36809 last=36829 pending=20
[9605817][W][STORAGE] Upload index sidecar stale seg=571 reason=coverage max=36873 last=36913 pending=44
[9606376][W][STORAGE] Upload index sidecar stale seg=572 reason=coverage max=36953 last=36961 pending=22
[9606807][W][STORAGE] Upload index sidecar stale seg=574 reason=coverage max=37030 last=37089 pending=69
[9607646][W][STORAGE] Upload index sidecar stale seg=575 reason=coverage max=37253 last=37273 pending=93
[9608693][W][STORAGE] Upload index sidecar stale seg=577 reason=coverage max=37451 last=37461 pending=102
[9609940][W][STORAGE] Upload index sidecar stale seg=578 reason=coverage max=37463 last=37473 pending=2
[9610204][W][STORAGE] Upload index sidecar stale seg=579 reason=coverage max=37526 last=37555 pending=28
[9610742][W][STORAGE] Upload index sidecar stale seg=583 reason=coverage max=37632 last=37662 pending=54
[9611407][W][STORAGE] Upload index sidecar stale seg=584 reason=coverage max=37711 last=37759 pending=48
[9612054][W][STORAGE] Upload index sidecar stale seg=588 reason=coverage max=37779 last=37799 pending=20
[9612629][W][STORAGE] Upload index sidecar stale seg=599 reason=coverage max=37824 last=37826 pending=8
[9613004][W][STORAGE] Upload index sidecar stale seg=600 reason=coverage max=37866 last=37871 pending=23
[9613642][W][STORAGE] Upload index sidecar stale seg=602 reason=coverage max=37888 last=37903 pending=15
[9614028][W][STORAGE] Upload index sidecar stale seg=603 reason=coverage max=38012 last=38035 pending=66
[9614877][I][STORAGE] Upload index rebuild progress segs=25 indexed=1085 window=8192 heapFree=4309116 largest=4194292
[9614918][W][STORAGE] Upload index sidecar stale seg=604 reason=coverage max=38060 last=38085 pending=25
[9615468][W][STORAGE] Upload index sidecar stale seg=605 reason=coverage max=38228 last=38253 pending=84
[9616955][W][STORAGE] Upload index sidecar stale seg=606 reason=coverage max=38310 last=38337 pending=42
[9617583][W][STORAGE] Upload index sidecar stale seg=609 reason=coverage max=38387 last=38393 pending=12
[9618011][W][STORAGE] Upload index sidecar stale seg=612 reason=coverage max=38400 last=38407 pending=7
[9618880][W][STORAGE] Upload index sidecar stale seg=614 reason=coverage max=38411 last=38417 pending=4
[9621099][I][STORAGE] Upload index rebuild progress segs=50 indexed=3293 window=8192 heapFree=4104760 largest=4063220
[9621984][W][STORAGE] Upload index sidecar stale seg=648 reason=coverage max=41760 last=42614 pending=77

===== CMD: upload start =====
[9626237][I][STORAGE] Upload window rebuild accepted indexed=4459 window=8192 pending=4472 sessions=39 skipped=0 failedSegs=0 sidecarLoaded=38 sidecarStale=29 truncated=0 heapFree=3747264 largest=3735540
[9626238][I][STORAGE] Upload stream prepare index built ok=1 resident=1 ms=26860
[9626238][I][STORAGE] Upload stream prepare ready=1 pending=4472 budgetMs=1200000 ms=26861 internalFree=10380 internalLargest=4596 psramFree=3736884
[9626244][I][MQTT] Dump start pendingUpload=4472 lease=1200s leaseMaxEvents=4472
[9626245][I][MQTT] First event batch fetch session=33e864-8161-b2d237c7 since=35862 radioQuiet=1
[9626290][I][MQTT] First event batch fetched ok=1 count=1 ms=42 radioQuiet=1
[9626291][I][STORAGE] Upload batch open; deferring watermark flush
[9626292][I][MQTT] Upload lease granted pending=4472 window=4472 lease=1200s
[UPLOAD] manual upload queued pending=4472
upload start
[UPLOAD] busy state=wifi pending=4472
[9626294][I][BLE] Phone availability expired
[9626296][I][MQTT] Connecting to upload network: Nothing But Net timeout=30s txPowerQdbm=78
[9626297][E][CORE] Contract violation: repair pending owner=WIFI_UPLOAD flags=dirty_spool_index|counter_untrusted|segment_audit
[9626298][I][STACK] TaskHardware watermark=7888B min=7888B
[9626306][I][HEAP] heap free=3651KB min=3642KB largest=3584KB frag=1% internalFree=2KB internalLargest=1KB psramFree=3649KB core=96/41% owner=WIFI_UPLOAD nets=9 pendingUpload=? pendingEnrich=3163
[HEALTH] time=2026-08-16 14:53:40 src=gps
[HEALTH] heap used=4802/8452KB free=3651KB min=3642KB largest=3584KB frag=1%
[HEALTH] internal used=258/260KB free=2KB min=0KB largest=1KB
[HEALTH] psram used=4543/8192KB free=3649KB largest=3584KB
[HEALTH] stack free_min: core0=8KB/18KB core1=5KB/10KB
[HEALTH] loopTask free_min=3080B/5120B
[HEALTH] core usage: core0=96% core1=41%
[HEALTH] power=usb state=usb batt=100% 4717mV trend=1mV/min runtime=0min cap=1100mAh charging=0
[HEALTH] radio=WIFI_UPLOAD wifi=0 ble=0 gps=0 nets=9 pendingUpload=? pendingEnrich=3163
[HEALTH] subghz=NONE mode=OFF pkts=0 nodes=0
[9626309][I][STACK] TaskStorage watermark=1896B
[9626309][I][STORAGE] RAMSpool enq=553 cons=553 inflight=0/1024 high=2 pressure=0 drop[full=0 big=0 noise=0 p3Evict=0 p3Drop=0 p2Drop=0 p1Fail=0] free=1024
[9626309][I][STORAGE] RAMSpool enqueue probe[ok=521 drop=0] device[ok=32 drop=0]
[9626309][I][STORAGE] RAMSpool worker probe[ok=521 sup=0 drop=0 fail=0 slow=0] device[ok=31 sup=1 drop=0 fail=0 slow=0] slowTotal=0 maxMs=0
[9626310][I][STORAGE] RAMSpool prioEnq p0=0 p1=0 p2=553 p3=0
[9626310][I][STORAGE] RAMSpool lanes p1=0/0 p2=0/1 p3=0/0
[9626320][W][CORE] TaskHardware loop gap=27010ms owner=WIFI_UPLOAD pendingUpload=4472 maintPending=1 suppressed=0
[9631106][I][STACK] TaskButtons watermark=1784B min=1784B
[HEAP] integrity check ok

===== CMD: upload start =====
upload start
[UPLOAD] busy state=wifi pending=4472
[9656298][W][MQTT] WiFi timeout status=6 elapsed=30s
[9656450][I][STACK] TaskHardware watermark=7888B min=7888B
[9656458][I][HEAP] heap free=3651KB min=3642KB largest=3584KB frag=1% internalFree=2KB internalLargest=1KB psramFree=3649KB core=2/1% owner=WIFI_UPLOAD nets=9 pendingUpload=? pendingEnrich=3163
[HEALTH] time=2026-08-16 14:54:09 src=gps
[HEALTH] heap used=4802/8452KB free=3651KB min=3642KB largest=3584KB frag=1%
[HEALTH] internal used=258/260KB free=2KB min=0KB largest=1KB
[HEALTH] psram used=4543/8192KB free=3649KB largest=3584KB
[HEALTH] stack free_min: core0=8KB/18KB core1=5KB/10KB
[HEALTH] loopTask free_min=3080B/5120B
[HEALTH] core usage: core0=2% core1=1%
[HEALTH] power=usb state=usb batt=100% 4677mV trend=-6mV/min runtime=0min cap=1100mAh charging=0
[HEALTH] radio=WIFI_UPLOAD wifi=0 ble=0 gps=0 nets=9 pendingUpload=? pendingEnrich=3163
[HEALTH] subghz=NONE mode=OFF pkts=0 nodes=0
[9656461][I][STACK] TaskStorage watermark=1896B
[9656461][I][STORAGE] RAMSpool enq=553 cons=553 inflight=0/1024 high=2 pressure=0 drop[full=0 big=0 noise=0 p3Evict=0 p3Drop=0 p2Drop=0 p1Fail=0] free=1024
[9656462][I][STORAGE] RAMSpool enqueue probe[ok=521 drop=0] device[ok=32 drop=0]
[9656462][I][STORAGE] RAMSpool worker probe[ok=521 sup=0 drop=0 fail=0 slow=0] device[ok=31 sup=1 drop=0 fail=0 slow=0] slowTotal=0 maxMs=0
[9656463][I][STORAGE] RAMSpool prioEnq p0=0 p1=0 p2=553 p3=0
[9656463][I][STORAGE] RAMSpool lanes p1=0/0 p2=0/1 p3=0/0
[9656477][W][MQTT] Dump failed, backoff 300000 ms
[9656607][I][STORAGE] Upload index released reason=upload_batch_end_clean indexed=4459 sessions=39
[9661106][I][STACK] TaskButtons watermark=1784B min=1784B
[9663456][I][STORAGE] RAMSpool worker resumed
[9663456][I][STORAGE] Exclusive window end kind=upload result=failed reason=upload_stream
[9663642][I][WIFI] Radio suspended
[9663643][I][STACK] TaskHardware upload watermark result=failed before=7888B after=7888B drop=0B
[9663653][W][CORE] TaskHardware loop gap=7180ms owner=STORAGE_MAINT pendingUpload=4472 maintPending=1 suppressed=0
[9663758][I][STORAGE] RAMSpool worker paused inflight=0 lastInflight=0
[9663759][I][STORAGE] Exclusive window begin kind=maintenance reason=radio_owner_window workerPaused=1 displaySuspended=1
[9663759][I][STORAGE] Maintenance start reason=radio_owner_window budgetMs=30000 flags=dirty_spool_index|counter_untrusted|segment_audit captureSafe=0
[9663980][I][STORAGE] Spool repair checkpoint seg=640 off=33749 records=96 events=96 enrich=0
[9664242][I][STORAGE] Spool repair checkpoint seg=641 off=33966 records=97 events=97 enrich=0
[9664501][I][STORAGE] Spool repair checkpoint seg=642 off=34136 records=97 events=97 enrich=0
[9664755][I][STORAGE] Spool repair checkpoint seg=643 off=22563 records=64 events=64 enrich=0
[9665030][I][STORAGE] Spool repair checkpoint seg=644 off=33653 records=97 events=97 enrich=0
[9665100][I][STORAGE] Maintenance skip action=counter_recount reason=repair_in_progress flags=counter_untrusted|segment_audit
[9665207][I][STORAGE] Maintenance done reason=radio_owner_window actions=dirty_spool_index|boot_safe_deferred_persist|snapshot_lagged|upload_enrich_cursor_dirty|segment_audit skipped=counter_untrusted|segment_audi
[9665208][I][STORAGE] RAMSpool worker resumed
[9665208][I][STORAGE] Exclusive window end kind=maintenance result=pending reason=radio_owner_window
[9665208][I][STORAGE] maintenance owner window ms=1450 captureSafe=0 remaining=counter_untrusted|segment_audit
[9665367][I][WIFI] Radio suspended
[9665371][I][STORAGE] RAMSpool worker paused inflight=0 lastInflight=0
[9665371][I][STORAGE] Exclusive window begin kind=maintenance reason=radio_owner_window workerPaused=1 displaySuspended=1
[9665372][I][STORAGE] Maintenance start reason=radio_owner_window budgetMs=30000 flags=counter_untrusted|segment_audit captureSafe=0
[9665634][I][STORAGE] Spool repair checkpoint seg=645 off=34022 records=97 events=97 enrich=0
[9665893][I][STORAGE] Spool repair checkpoint seg=646 off=34034 records=97 events=97 enrich=0
[9666149][I][STORAGE] Spool repair checkpoint seg=647 off=33905 records=96 events=96 enrich=0
[9666456][I][STORAGE] Spool repair checkpoint seg=648 off=47211 records=931 events=77 enrich=854
[9666695][I][STORAGE] Spool repair checkpoint seg=649 off=23456 records=933 events=0 enrich=933
[9666765][I][STORAGE] Maintenance skip action=counter_recount reason=repair_in_progress flags=counter_untrusted|segment_audit
[9666872][I][STORAGE] Maintenance done reason=radio_owner_window actions=segment_audit skipped=counter_untrusted|segment_audit remaining=counter_untrusted|segment_audit elapsedMs=1501 captureSafe=0
[9666872][I][STORAGE] RAMSpool worker resumed
[9666873][I][STORAGE] Exclusive window end kind=maintenance result=pending reason=radio_owner_window
[9666873][I][STORAGE] maintenance owner window ms=1502 captureSafe=0 remaining=counter_untrusted|segment_audit
[9667032][I][WIFI] Radio suspended
[9667036][I][STORAGE] RAMSpool worker paused inflight=0 lastInflight=0
[9667036][I][STORAGE] Exclusive window begin kind=maintenance reason=radio_owner_window workerPaused=1 displaySuspended=1
[9667037][I][STORAGE] Maintenance start reason=radio_owner_window budgetMs=30000 flags=counter_untrusted|segment_audit captureSafe=0
[9667275][I][STORAGE] Spool repair checkpoint seg=650 off=19841 records=1008 events=0 enrich=1008
[9667345][W][STORAGE] Counter trust=trusted reason=repair_complete since=9667345
[9667345][W][STORAGE] Spool repair slow reason=maintenance_segment_audit segs=67 recs=772 ms=144759
[9667346][I][STORAGE] Spool audit[maintenance_segment_audit] scannedSegs=67 scannedRecords=772 validEvents=573 uploadedRetained=0 validEnrichDeltas=199 invalidRecords=0 skippedRecords=0 quarantined=0 unreadable=0 
[9669372][I][STORAGE] Maintenance continuity log wrote clean=1 reason=radio_owner_window completed=segment_audit remaining=none gen=16032
[9669373][I][STORAGE] Maintenance done reason=radio_owner_window actions=segment_audit|continuity_pass skipped=none remaining=none elapsedMs=2337 captureSafe=1
[9669374][I][STORAGE] RAMSpool worker resumed
[9669374][I][STORAGE] Exclusive window end kind=maintenance result=capture_safe reason=radio_owner_window
[9669374][I][STORAGE] maintenance owner window ms=2338 captureSafe=1 remaining=none
[9669435][I][WIFI] Promiscuous: YES
[9669436][I][WIFI] Promiscuous mode started data=0
[9671114][I][STORAGE] Routine maintenance requests coalesced count=2 latest=snapshot_lagged source=append_metadata_deferred flags=dirty_spool_index|snapshot_lagged

===== CMD: upload start =====
upload start
[9674322][I][WIO] External BLE link dropped reason=manual_upload_start
[9674323][I][WIFI] Radio paused
[9674392][I][STORAGE] RAMSpool worker paused inflight=0 lastInflight=0
[9674392][I][STORAGE] Exclusive window begin kind=upload reason=upload_stream workerPaused=1 displaySuspended=1
[9674794][W][STORAGE] worker append file flush reason=prepare_upload_stream seg=651 records=2 ms=402 close=1 ok=1
[9674795][I][STORAGE] Upload index rebuild begin pending=4474 window=8192 heapFree=4530312 largest=4456436
[9674830][W][STORAGE] Upload index sidecar stale seg=550 reason=coverage max=36052 last=36069 pending=110
[9674831][I][STORAGE] Maintenance requested reason=dirty_spool_index source=upload_index_sidecar_coverage flags=dirty_spool_index|dirty_summary|snapshot_lagged
[9675480][I][STORAGE] Maintenance requested reason=segment_audit source=upload_index_counter_drift flags=dirty_spool_index|dirty_summary|snapshot_lagged|segment_audit
[9675480][W][STORAGE] Upload index observed segment counter drift seg=550 old=0/110 scan=0/97; queued maintenance
[9676005][W][STORAGE] Upload index sidecar stale seg=551 reason=coverage max=36245 last=36269 pending=100
[9677274][W][STORAGE] Upload index sidecar stale seg=552 reason=coverage max=36452 last=36469 pending=100
[9678300][W][STORAGE] Upload index sidecar stale seg=553 reason=coverage max=36507 last=36545 pending=38
[9678861][W][STORAGE] Upload index sidecar stale seg=554 reason=coverage max=36573 last=36605 pending=28
[9679407][W][STORAGE] Upload index sidecar stale seg=562 reason=coverage max=36627 last=36647 pending=22
[9679894][W][STORAGE] Upload index sidecar stale seg=563 reason=coverage max=36773 last=36789 pending=70
[9680950][W][STORAGE] Upload index sidecar stale seg=569 reason=coverage max=36809 last=36829 pending=20
[9681364][W][STORAGE] Upload index sidecar stale seg=571 reason=coverage max=36873 last=36913 pending=44
[9681969][W][STORAGE] Upload index sidecar stale seg=572 reason=coverage max=36953 last=36961 pending=22
[9682441][W][STORAGE] Upload index sidecar stale seg=574 reason=coverage max=37030 last=37089 pending=69
[9683319][W][STORAGE] Upload index sidecar stale seg=575 reason=coverage max=37253 last=37273 pending=93
[9684544][W][STORAGE] Upload index sidecar stale seg=577 reason=coverage max=37451 last=37461 pending=102
