--------- beginning of main
08-07 11:57:30.745 14885 14885 I SpectrePeripheral: event=connection_state peer=xx:7A:39 status=0 newState=disconnected connectedBefore=1
08-07 11:57:30.745 14885 14885 I SpectrePeripheral: event=advertise_restart reason=disconnect mode=uuidOnly count=6
08-07 11:57:30.745 14885 14885 I SpectrePeripheral: event=app_log message=Advertising restart requested: disconnect
08-07 11:57:30.745 14885 14885 I SpectrePeripheral: event=advertise_stop_request mode=uuidOnly
08-07 11:57:30.746 14885 14885 I SpectrePeripheral: event=advertise_start_request mode=uuidOnly includeName=false includeService=true scanResponseService=false connectable=true
08-07 11:57:30.747 14885 14885 I SpectrePeripheral: event=app_log message=Peripheral disconnected: 64:E8:33:4B:7A:39
08-07 11:57:30.778 14885 14885 I SpectrePeripheral: event=advertise_start_success mode=uuidOnly txPower=3 advertiseMode=2 restarts=6
08-07 11:57:30.778 14885 14885 I SpectrePeripheral: event=app_log message=Spectre peripheral advertising started
08-07 11:57:33.386 14885 14885 I SpectrePeripheral: event=connection_state peer=xx:7A:39 status=0 newState=connected connectedBefore=0
08-07 11:57:33.386 14885 14885 I SpectrePeripheral: event=app_log message=Peripheral connected: 64:E8:33:4B:7A:39
08-07 11:57:33.389 14885 14903 I SpectrePeripheral: event=mtu_changed peer=xx:7A:39 mtu=247
08-07 11:57:33.979 14885 14903 I SpectrePeripheral: event=descriptor_write peer=xx:7A:39 descriptor=cccd char=auth requestId=20 offset=0 bytes=2 responseNeeded=false value=notify
08-07 11:58:04.349 14885 14885 I SpectrePeripheral: event=connection_state peer=xx:7A:39 status=0 newState=disconnected connectedBefore=1
08-07 11:58:04.349 14885 14885 I SpectrePeripheral: event=advertise_restart reason=disconnect mode=uuidOnly count=7
08-07 11:58:04.349 14885 14885 I SpectrePeripheral: event=app_log message=Advertising restart requested: disconnect
08-07 11:58:04.349 14885 14885 I SpectrePeripheral: event=advertise_stop_request mode=uuidOnly
08-07 11:58:04.351 14885 14885 I SpectrePeripheral: event=advertise_start_request mode=uuidOnly includeName=false includeService=true scanResponseService=false connectable=true
08-07 11:58:04.353 14885 14885 I SpectrePeripheral: event=app_log message=Peripheral disconnected: 64:E8:33:4B:7A:39
08-07 11:58:04.382 14885 14885 I SpectrePeripheral: event=advertise_start_success mode=uuidOnly txPower=3 advertiseMode=2 restarts=7
08-07 11:58:04.382 14885 14885 I SpectrePeripheral: event=app_log message=Spectre peripheral advertising started
08-07 11:58:05.363 14885 14885 I SpectrePeripheral: event=connection_state peer=xx:7A:39 status=0 newState=connected connectedBefore=0
08-07 11:58:05.363 14885 14885 I SpectrePeripheral: event=app_log message=Peripheral connected: 64:E8:33:4B:7A:39
08-07 11:58:35.342 14885 14885 I SpectrePeripheral: event=connection_state peer=xx:7A:39 status=0 newState=disconnected connectedBefore=1
08-07 11:58:35.342 14885 14885 I SpectrePeripheral: event=advertise_restart reason=disconnect mode=uuidOnly count=8
08-07 11:58:35.342 14885 14885 I SpectrePeripheral: event=app_log message=Advertising restart requested: disconnect
08-07 11:58:35.343 14885 14885 I SpectrePeripheral: event=advertise_stop_request mode=uuidOnly
08-07 11:58:35.344 14885 14885 I SpectrePeripheral: event=advertise_start_request mode=uuidOnly includeName=false includeService=true scanResponseService=false connectable=true
08-07 11:58:35.345 14885 14885 I SpectrePeripheral: event=app_log message=Peripheral disconnected: 64:E8:33:4B:7A:39
08-07 11:58:35.377 14885 14885 I SpectrePeripheral: event=advertise_start_success mode=uuidOnly txPower=3 advertiseMode=2 restarts=8
08-07 11:58:35.377 14885 14885 I SpectrePeripheral: event=app_log message=Spectre peripheral advertising started
08-07 12:02:22.128 14885 14885 I SpectrePeripheral: event=connection_state peer=xx:7A:39 status=0 newState=connected connectedBefore=0
08-07 12:02:22.129 14885 14885 I SpectrePeripheral: event=app_log message=Peripheral connected: 64:E8:33:4B:7A:39
08-07 12:02:22.131 14885 14903 I SpectrePeripheral: event=mtu_changed peer=xx:7A:39 mtu=247
08-07 12:02:52.489 14885 14885 I SpectrePeripheral: event=connection_state peer=xx:7A:39 status=0 newState=disconnected connectedBefore=1
08-07 12:02:52.489 14885 14885 I SpectrePeripheral: event=advertise_restart reason=disconnect mode=uuidOnly count=9
08-07 12:02:52.489 14885 14885 I SpectrePeripheral: event=app_log message=Advertising restart requested: disconnect
08-07 12:02:52.489 14885 14885 I SpectrePeripheral: event=advertise_stop_request mode=uuidOnly
08-07 12:02:52.490 14885 14885 I SpectrePeripheral: event=advertise_start_request mode=uuidOnly includeName=false includeService=true scanResponseService=false connectable=true
08-07 12:02:52.491 14885 14885 I SpectrePeripheral: event=app_log message=Peripheral disconnected: 64:E8:33:4B:7A:39
08-07 12:02:52.511 14885 14885 I SpectrePeripheral: event=advertise_start_success mode=uuidOnly txPower=3 advertiseMode=2 restarts=9
08-07 12:02:52.511 14885 14885 I SpectrePeripheral: event=app_log message=Spectre peripheral advertising started
08-07 12:02:53.598 14885 14885 I SpectrePeripheral: event=connection_state peer=xx:7A:39 status=0 newState=connected connectedBefore=0
08-07 12:02:53.598 14885 14885 I SpectrePeripheral: event=app_log message=Peripheral connected: 64:E8:33:4B:7A:39
08-07 12:03:23.587 14885 14885 I SpectrePeripheral: event=connection_state peer=xx:7A:39 status=0 newState=disconnected connectedBefore=1
08-07 12:03:23.587 14885 14885 I SpectrePeripheral: event=advertise_restart reason=disconnect mode=uuidOnly count=10
08-07 12:03:23.587 14885 14885 I SpectrePeripheral: event=app_log message=Advertising restart requested: disconnect
08-07 12:03:23.587 14885 14885 I SpectrePeripheral: event=advertise_stop_request mode=uuidOnly
08-07 12:03:23.588 14885 14885 I SpectrePeripheral: event=advertise_start_request mode=uuidOnly includeName=false includeService=true scanResponseService=false connectable=true
08-07 12:03:23.589 14885 14885 I SpectrePeripheral: event=app_log message=Peripheral disconnected: 64:E8:33:4B:7A:39
08-07 12:03:23.606 14885 14885 I SpectrePeripheral: event=advertise_start_success mode=uuidOnly txPower=3 advertiseMode=2 restarts=10
08-07 12:03:23.606 14885 14885 I SpectrePeripheral: event=app_log message=Spectre peripheral advertising started
08-07 12:03:26.268 14885 14885 I SpectrePeripheral: event=connection_state peer=xx:7A:39 status=0 newState=connected connectedBefore=0
08-07 12:03:26.268 14885 14885 I SpectrePeripheral: event=app_log message=Peripheral connected: 64:E8:33:4B:7A:39
08-07 12:03:26.269 14885 14907 I SpectrePeripheral: event=mtu_changed peer=xx:7A:39 mtu=247
08-07 12:03:56.704 14885 14885 I SpectrePeripheral: event=connection_state peer=xx:7A:39 status=0 newState=disconnected connectedBefore=1
08-07 12:03:56.704 14885 14885 I SpectrePeripheral: event=advertise_restart reason=disconnect mode=uuidOnly count=11
08-07 12:03:56.704 14885 14885 I SpectrePeripheral: event=app_log message=Advertising restart requested: disconnect
08-07 12:03:56.705 14885 14885 I SpectrePeripheral: event=advertise_stop_request mode=uuidOnly
08-07 12:03:56.706 14885 14885 I SpectrePeripheral: event=advertise_start_request mode=uuidOnly includeName=false includeService=true scanResponseService=false connectable=true
08-07 12:03:56.707 14885 14885 I SpectrePeripheral: event=app_log message=Peripheral disconnected: 64:E8:33:4B:7A:39
08-07 12:03:56.738 14885 14885 I SpectrePeripheral: event=advertise_start_success mode=uuidOnly txPower=3 advertiseMode=2 restarts=11
08-07 12:03:56.738 14885 14885 I SpectrePeripheral: event=app_log message=Spectre peripheral advertising started
08-07 12:03:57.620 14885 14885 I SpectrePeripheral: event=connection_state peer=xx:7A:39 status=0 newState=connected connectedBefore=0
08-07 12:03:57.620 14885 14885 I SpectrePeripheral: event=app_log message=Peripheral connected: 64:E8:33:4B:7A:39
08-07 12:04:27.605 14885 14885 I SpectrePeripheral: event=connection_state peer=xx:7A:39 status=0 newState=disconnected connectedBefore=1
08-07 12:04:27.606 14885 14885 I SpectrePeripheral: event=advertise_restart reason=disconnect mode=uuidOnly count=12
08-07 12:04:27.606 14885 14885 I SpectrePeripheral: event=app_log message=Advertising restart requested: disconnect
08-07 12:04:27.606 14885 14885 I SpectrePeripheral: event=advertise_stop_request mode=uuidOnly
08-07 12:04:27.606 14885 14885 I SpectrePeripheral: event=advertise_start_request mode=uuidOnly includeName=false includeService=true scanResponseService=false connectable=true
08-07 12:04:27.608 14885 14885 I SpectrePeripheral: event=app_log message=Peripheral disconnected: 64:E8:33:4B:7A:39
08-07 12:04:27.633 14885 14885 I SpectrePeripheral: event=advertise_start_success mode=uuidOnly txPower=3 advertiseMode=2 restarts=12
08-07 12:04:27.633 14885 14885 I SpectrePeripheral: event=app_log message=Spectre peripheral advertising started
08-07 12:09:58.428 14885 14885 I SpectrePeripheral: event=connection_state peer=xx:7A:39 status=0 newState=connected connectedBefore=0
08-07 12:09:58.428 14885 14885 I SpectrePeripheral: event=app_log message=Peripheral connected: 64:E8:33:4B:7A:39
08-07 12:09:58.429 14885 14903 I SpectrePeripheral: event=mtu_changed peer=xx:7A:39 mtu=247
08-07 12:09:58.787 14885 14903 I SpectrePeripheral: event=descriptor_write peer=xx:7A:39 descriptor=cccd char=auth requestId=21 offset=0 bytes=2 responseNeeded=false value=notify
08-07 12:10:05.314 14885 14885 I SpectrePeripheral: event=connection_state peer=xx:7A:39 status=0 newState=disconnected connectedBefore=1
08-07 12:10:05.315 14885 14885 I SpectrePeripheral: event=advertise_restart reason=disconnect mode=uuidOnly count=13
08-07 12:10:05.315 14885 14885 I SpectrePeripheral: event=app_log message=Advertising restart requested: disconnect
08-07 12:10:05.315 14885 14885 I SpectrePeripheral: event=advertise_stop_request mode=uuidOnly
08-07 12:10:05.316 14885 14885 I SpectrePeripheral: event=advertise_start_request mode=uuidOnly includeName=false includeService=true scanResponseService=false connectable=true
08-07 12:10:05.317 14885 14885 I SpectrePeripheral: event=app_log message=Peripheral disconnected: 64:E8:33:4B:7A:39
08-07 12:10:05.343 14885 14885 I SpectrePeripheral: event=advertise_start_success mode=uuidOnly txPower=3 advertiseMode=2 restarts=13
08-07 12:10:05.343 14885 14885 I SpectrePeripheral: event=app_log message=Spectre peripheral advertising started
08-07 12:10:06.708 14885 14885 I SpectrePeripheral: event=connection_state peer=xx:7A:39 status=0 newState=connected connectedBefore=0
08-07 12:10:06.708 14885 14885 I SpectrePeripheral: event=app_log message=Peripheral connected: 64:E8:33:4B:7A:39
08-07 12:10:06.709 14885 14907 I SpectrePeripheral: event=mtu_changed peer=xx:7A:39 mtu=247
08-07 12:10:07.096 14885 14907 I SpectrePeripheral: event=descriptor_write peer=xx:7A:39 descriptor=cccd char=auth requestId=22 offset=0 bytes=2 responseNeeded=false value=notify
08-07 12:10:13.655 14885 14885 I SpectrePeripheral: event=connection_state peer=xx:7A:39 status=0 newState=disconnected connectedBefore=1
08-07 12:10:13.655 14885 14885 I SpectrePeripheral: event=advertise_restart reason=disconnect mode=uuidOnly count=14
08-07 12:10:13.655 14885 14885 I SpectrePeripheral: event=app_log message=Advertising restart requested: disconnect
08-07 12:10:13.655 14885 14885 I SpectrePeripheral: event=advertise_stop_request mode=uuidOnly
08-07 12:10:13.656 14885 14885 I SpectrePeripheral: event=advertise_start_request mode=uuidOnly includeName=false includeService=true scanResponseService=false connectable=true
08-07 12:10:13.657 14885 14885 I SpectrePeripheral: event=app_log message=Peripheral disconnected: 64:E8:33:4B:7A:39
08-07 12:10:13.684 14885 14885 I SpectrePeripheral: event=advertise_start_success mode=uuidOnly txPower=3 advertiseMode=2 restarts=14
08-07 12:10:13.684 14885 14885 I SpectrePeripheral: event=app_log message=Spectre peripheral advertising started
08-07 12:10:14.567 14885 14885 I SpectrePeripheral: event=connection_state peer=xx:7A:39 status=0 newState=connected connectedBefore=0
08-07 12:10:14.567 14885 14885 I SpectrePeripheral: event=app_log message=Peripheral connected: 64:E8:33:4B:7A:39
08-07 12:10:14.569 14885 14907 I SpectrePeripheral: event=mtu_changed peer=xx:7A:39 mtu=247
08-07 12:10:21.512 14885 14885 I SpectrePeripheral: event=connection_state peer=xx:7A:39 status=0 newState=disconnected connectedBefore=1
08-07 12:10:21.513 14885 14885 I SpectrePeripheral: event=advertise_restart reason=disconnect mode=uuidOnly count=15
08-07 12:10:21.513 14885 14885 I SpectrePeripheral: event=app_log message=Advertising restart requested: disconnect
08-07 12:10:21.513 14885 14885 I SpectrePeripheral: event=advertise_stop_request mode=uuidOnly
08-07 12:10:21.514 14885 14885 I SpectrePeripheral: event=advertise_start_request mode=uuidOnly includeName=false includeService=true scanResponseService=false connectable=true
08-07 12:10:21.515 14885 14885 I SpectrePeripheral: event=app_log message=Peripheral disconnected: 64:E8:33:4B:7A:39
08-07 12:10:21.540 14885 14885 I SpectrePeripheral: event=advertise_start_success mode=uuidOnly txPower=3 advertiseMode=2 restarts=15
08-07 12:10:21.540 14885 14885 I SpectrePeripheral: event=app_log message=Spectre peripheral advertising started
08-07 12:10:22.608 14885 14885 I SpectrePeripheral: event=connection_state peer=xx:7A:39 status=0 newState=connected connectedBefore=0
08-07 12:10:22.608 14885 14885 I SpectrePeripheral: event=app_log message=Peripheral connected: 64:E8:33:4B:7A:39
08-07 12:10:52.596 14885 14885 I SpectrePeripheral: event=connection_state peer=xx:7A:39 status=0 newState=disconnected connectedBefore=1
08-07 12:10:52.596 14885 14885 I SpectrePeripheral: event=advertise_restart reason=disconnect mode=uuidOnly count=16
08-07 12:10:52.596 14885 14885 I SpectrePeripheral: event=app_log message=Advertising restart requested: disconnect
08-07 12:10:52.597 14885 14885 I SpectrePeripheral: event=advertise_stop_request mode=uuidOnly
08-07 12:10:52.598 14885 14885 I SpectrePeripheral: event=advertise_start_request mode=uuidOnly includeName=false includeService=true scanResponseService=false connectable=true
08-07 12:10:52.599 14885 14885 I SpectrePeripheral: event=app_log message=Peripheral disconnected: 64:E8:33:4B:7A:39
08-07 12:10:52.621 14885 14885 I SpectrePeripheral: event=advertise_start_success mode=uuidOnly txPower=3 advertiseMode=2 restarts=16
08-07 12:10:52.621 14885 14885 I SpectrePeripheral: event=app_log message=Spectre peripheral advertising started
08-07 12:10:55.308 14885 14885 I SpectrePeripheral: event=connection_state peer=xx:7A:39 status=0 newState=connected connectedBefore=0
08-07 12:10:55.309 14885 14885 I SpectrePeripheral: event=app_log message=Peripheral connected: 64:E8:33:4B:7A:39
08-07 12:10:55.310 14885 14907 I SpectrePeripheral: event=mtu_changed peer=xx:7A:39 mtu=247
08-07 12:11:02.209 14885 14885 I SpectrePeripheral: event=connection_state peer=xx:7A:39 status=0 newState=disconnected connectedBefore=1
08-07 12:11:02.209 14885 14885 I SpectrePeripheral: event=advertise_restart reason=disconnect mode=uuidOnly count=17
08-07 12:11:02.210 14885 14885 I SpectrePeripheral: event=app_log message=Advertising restart requested: disconnect
08-07 12:11:02.210 14885 14885 I SpectrePeripheral: event=advertise_stop_request mode=uuidOnly
08-07 12:11:02.211 14885 14885 I SpectrePeripheral: event=advertise_start_request mode=uuidOnly includeName=false includeService=true scanResponseService=false connectable=true
08-07 12:11:02.212 14885 14885 I SpectrePeripheral: event=app_log message=Peripheral disconnected: 64:E8:33:4B:7A:39
08-07 12:11:02.239 14885 14885 I SpectrePeripheral: event=advertise_start_success mode=uuidOnly txPower=3 advertiseMode=2 restarts=17
08-07 12:11:02.239 14885 14885 I SpectrePeripheral: event=app_log message=Spectre peripheral advertising started
08-07 12:11:03.286 14885 14885 I SpectrePeripheral: event=connection_state peer=xx:7A:39 status=0 newState=connected connectedBefore=0
08-07 12:11:03.286 14885 14885 I SpectrePeripheral: event=app_log message=Peripheral connected: 64:E8:33:4B:7A:39
08-07 12:11:33.273 14885 14885 I SpectrePeripheral: event=connection_state peer=xx:7A:39 status=0 newState=disconnected connectedBefore=1
08-07 12:11:33.273 14885 14885 I SpectrePeripheral: event=advertise_restart reason=disconnect mode=uuidOnly count=18
08-07 12:11:33.273 14885 14885 I SpectrePeripheral: event=app_log message=Advertising restart requested: disconnect
08-07 12:11:33.274 14885 14885 I SpectrePeripheral: event=advertise_stop_request mode=uuidOnly
08-07 12:11:33.274 14885 14885 I SpectrePeripheral: event=advertise_start_request mode=uuidOnly includeName=false includeService=true scanResponseService=false connectable=true
08-07 12:11:33.275 14885 14885 I SpectrePeripheral: event=app_log message=Peripheral disconnected: 64:E8:33:4B:7A:39
08-07 12:11:33.297 14885 14885 I SpectrePeripheral: event=advertise_start_success mode=uuidOnly txPower=3 advertiseMode=2 restarts=18
08-07 12:11:33.297 14885 14885 I SpectrePeripheral: event=app_log message=Spectre peripheral advertising started
08-07 12:36:54.226 27971 27996 I ReactNativeJS: Running "SpectreCompanion"
08-07 12:37:11.419 27971 27971 I SpectrePeripheral: event=start_server mode=uuidOnly useDeviceLocation=true metadataBytes=14 gpsBytes=20 controlBytes=4 enrichmentBytes=0
08-07 12:37:11.424 27971 27971 I SpectrePeripheral: event=secure_value_pending char=metadata plainBytes=14
08-07 12:37:11.424 27971 27971 I SpectrePeripheral: event=secure_value_pending char=gps plainBytes=20
08-07 12:37:11.424 27971 27971 I SpectrePeripheral: event=secure_value_pending char=control plainBytes=4
08-07 12:37:11.427 27971 27971 I SpectrePeripheral: event=service_char_added char=gps properties=read|notify permissions=1
08-07 12:37:11.428 27971 27971 I SpectrePeripheral: event=service_char_added char=control properties=read|notify permissions=1
08-07 12:37:11.428 27971 27971 I SpectrePeripheral: event=service_char_added char=metadata properties=read|notify permissions=1
08-07 12:37:11.428 27971 27971 I SpectrePeripheral: event=service_char_added char=event_batch properties=write|write_no_response permissions=16
08-07 12:37:11.428 27971 27971 I SpectrePeripheral: event=service_char_added char=enrichment properties=read|notify permissions=1
08-07 12:37:11.428 27971 27971 I SpectrePeripheral: event=service_char_added char=auth properties=write|write_no_response|notify permissions=16
08-07 12:37:11.428 27971 27971 I SpectrePeripheral: event=service_char_added char=storage properties=write|write_no_response permissions=16
08-07 12:37:11.428 27971 27971 I SpectrePeripheral: event=service_char_added char=command_req properties=read|notify permissions=1
08-07 12:37:11.428 27971 27971 I SpectrePeripheral: event=service_char_added char=command_resp properties=write|write_no_response permissions=16
08-07 12:37:11.428 27971 27971 I SpectrePeripheral: event=service_char_added char=log_stream properties=write|write_no_response permissions=16
08-07 12:37:11.428 27971 27971 I SpectrePeripheral: event=service_char_added char=dashboard_stream properties=write|write_no_response permissions=16
08-07 12:37:11.428 27971 27971 I SpectrePeripheral: event=service_char_added char=notification properties=write|write_no_response permissions=16
08-07 12:37:11.430 27971 27971 I SpectrePeripheral: event=service_added status=success uuid=phone_service characteristics=12 pendingAdvertise=true
08-07 12:37:11.430 27971 27971 I SpectrePeripheral: event=app_log message=Spectre GATT service ready
08-07 12:37:11.430 27971 27971 I SpectrePeripheral: event=advertise_start_request mode=uuidOnly includeName=false includeService=true scanResponseService=false connectable=true
08-07 12:37:11.443 27971 27971 I SpectrePeripheral: event=update_value char=gps bytes=20
08-07 12:37:11.443 27971 27971 I SpectrePeripheral: event=secure_value_pending char=gps plainBytes=20
08-07 12:37:11.451 27971 27971 I SpectrePeripheral: event=advertise_start_success mode=uuidOnly txPower=3 advertiseMode=2 restarts=0
08-07 12:37:11.451 27971 27971 I SpectrePeripheral: event=app_log message=Spectre peripheral advertising started
08-07 12:39:40.874 27971 27986 I SpectrePeripheral: event=mtu_changed peer=xx:7A:39 mtu=247
08-07 12:39:40.874 27971 27971 I SpectrePeripheral: event=connection_state peer=xx:7A:39 status=0 newState=connected connectedBefore=0
08-07 12:39:40.874 27971 27971 I SpectrePeripheral: event=app_log message=Peripheral connected: 64:E8:33:4B:7A:39
08-07 12:39:41.224 27971 27986 I SpectrePeripheral: event=descriptor_write peer=xx:7A:39 descriptor=cccd char=auth requestId=23 offset=0 bytes=2 responseNeeded=false value=notify
08-07 12:39:47.771 27971 27971 I SpectrePeripheral: event=connection_state peer=xx:7A:39 status=0 newState=disconnected connectedBefore=1
08-07 12:39:47.771 27971 27971 I SpectrePeripheral: event=advertise_restart reason=disconnect mode=uuidOnly count=1
08-07 12:39:47.772 27971 27971 I SpectrePeripheral: event=app_log message=Advertising restart requested: disconnect
08-07 12:39:47.772 27971 27971 I SpectrePeripheral: event=advertise_stop_request mode=uuidOnly
08-07 12:39:47.773 27971 27971 I SpectrePeripheral: event=advertise_start_request mode=uuidOnly includeName=false includeService=true scanResponseService=false connectable=true
08-07 12:39:47.774 27971 27971 I SpectrePeripheral: event=app_log message=Peripheral disconnected: 64:E8:33:4B:7A:39
08-07 12:39:47.790 27971 27971 I SpectrePeripheral: event=advertise_start_success mode=uuidOnly txPower=3 advertiseMode=2 restarts=1
08-07 12:39:47.790 27971 27971 I SpectrePeripheral: event=app_log message=Spectre peripheral advertising started
08-07 12:39:48.813 27971 27971 I SpectrePeripheral: event=connection_state peer=xx:7A:39 status=0 newState=connected connectedBefore=0
08-07 12:39:48.813 27971 27971 I SpectrePeripheral: event=app_log message=Peripheral connected: 64:E8:33:4B:7A:39
08-07 12:39:48.814 27971 27983 I SpectrePeripheral: event=mtu_changed peer=xx:7A:39 mtu=247
08-07 12:39:55.717 27971 27971 I SpectrePeripheral: event=connection_state peer=xx:7A:39 status=0 newState=disconnected connectedBefore=1
08-07 12:39:55.717 27971 27971 I SpectrePeripheral: event=advertise_restart reason=disconnect mode=uuidOnly count=2
08-07 12:39:55.717 27971 27971 I SpectrePeripheral: event=app_log message=Advertising restart requested: disconnect
08-07 12:39:55.718 27971 27971 I SpectrePeripheral: event=advertise_stop_request mode=uuidOnly
08-07 12:39:55.718 27971 27971 I SpectrePeripheral: event=advertise_start_request mode=uuidOnly includeName=false includeService=true scanResponseService=false connectable=true
08-07 12:39:55.719 27971 27971 I SpectrePeripheral: event=app_log message=Peripheral disconnected: 64:E8:33:4B:7A:39
08-07 12:39:55.746 27971 27971 I SpectrePeripheral: event=advertise_start_success mode=uuidOnly txPower=3 advertiseMode=2 restarts=2
08-07 12:39:55.746 27971 27971 I SpectrePeripheral: event=app_log message=Spectre peripheral advertising started
08-07 12:39:56.734 27971 27971 I SpectrePeripheral: event=connection_state peer=xx:7A:39 status=0 newState=connected connectedBefore=0
08-07 12:39:56.734 27971 27971 I SpectrePeripheral: event=app_log message=Peripheral connected: 64:E8:33:4B:7A:39
08-07 12:40:26.708 27971 27971 I SpectrePeripheral: event=connection_state peer=xx:7A:39 status=0 newState=disconnected connectedBefore=1
08-07 12:40:26.708 27971 27971 I SpectrePeripheral: event=advertise_restart reason=disconnect mode=uuidOnly count=3
08-07 12:40:26.708 27971 27971 I SpectrePeripheral: event=app_log message=Advertising restart requested: disconnect
08-07 12:40:26.708 27971 27971 I SpectrePeripheral: event=advertise_stop_request mode=uuidOnly
08-07 12:40:26.709 27971 27971 I SpectrePeripheral: event=advertise_start_request mode=uuidOnly includeName=false includeService=true scanResponseService=false connectable=true
08-07 12:40:26.710 27971 27971 I SpectrePeripheral: event=app_log message=Peripheral disconnected: 64:E8:33:4B:7A:39
08-07 12:40:26.729 27971 27971 I SpectrePeripheral: event=advertise_start_success mode=uuidOnly txPower=3 advertiseMode=2 restarts=3
08-07 12:40:26.729 27971 27971 I SpectrePeripheral: event=app_log message=Spectre peripheral advertising started
08-07 12:40:29.435 27971 27971 I SpectrePeripheral: event=connection_state peer=xx:7A:39 status=0 newState=connected connectedBefore=0
08-07 12:40:29.435 27971 27971 I SpectrePeripheral: event=app_log message=Peripheral connected: 64:E8:33:4B:7A:39
08-07 12:40:29.438 27971 27983 I SpectrePeripheral: event=mtu_changed peer=xx:7A:39 mtu=247
08-07 12:40:59.632 27971 27971 I SpectrePeripheral: event=connection_state peer=xx:7A:39 status=0 newState=disconnected connectedBefore=1
08-07 12:40:59.633 27971 27971 I SpectrePeripheral: event=advertise_restart reason=disconnect mode=uuidOnly count=4
08-07 12:40:59.633 27971 27971 I SpectrePeripheral: event=app_log message=Advertising restart requested: disconnect
08-07 12:40:59.633 27971 27971 I SpectrePeripheral: event=advertise_stop_request mode=uuidOnly
08-07 12:40:59.634 27971 27971 I SpectrePeripheral: event=advertise_start_request mode=uuidOnly includeName=false includeService=true scanResponseService=false connectable=true
08-07 12:40:59.635 27971 27971 I SpectrePeripheral: event=app_log message=Peripheral disconnected: 64:E8:33:4B:7A:39
08-07 12:40:59.663 27971 27971 I SpectrePeripheral: event=advertise_start_success mode=uuidOnly txPower=3 advertiseMode=2 restarts=4
08-07 12:40:59.663 27971 27971 I SpectrePeripheral: event=app_log message=Spectre peripheral advertising started
08-07 12:45:24.080 27971 27971 I SpectrePeripheral: event=connection_state peer=xx:7A:39 status=0 newState=connected connectedBefore=0
08-07 12:45:24.080 27971 27971 I SpectrePeripheral: event=app_log message=Peripheral connected: 64:E8:33:4B:7A:39
08-07 12:45:24.080 27971 27986 I SpectrePeripheral: event=mtu_changed peer=xx:7A:39 mtu=247
08-07 12:45:24.436 27971 27986 I SpectrePeripheral: event=descriptor_write peer=xx:7A:39 descriptor=cccd char=auth requestId=24 offset=0 bytes=2 responseNeeded=false value=notify
08-07 12:45:24.469 27971 27971 I SpectrePeripheral: event=char_write peer=xx:7A:39 char=event_batch requestId=25 offset=0 chunkBytes=1 totalBytes=1 prepared=false responseNeeded=false
08-07 12:45:24.469 27971 27971 W SpectrePeripheral: event=secure_decrypt_failed channel=event_batch bytes=1 reason=secure session not ready
08-07 12:45:24.469 27971 27971 I SpectrePeripheral: event=app_log message=Event batch decrypt failed: secure session not ready
08-07 12:45:31.143 27971 27971 I SpectrePeripheral: event=connection_state peer=xx:7A:39 status=0 newState=disconnected connectedBefore=1
08-07 12:45:31.143 27971 27971 I SpectrePeripheral: event=advertise_restart reason=disconnect mode=uuidOnly count=5
08-07 12:45:31.143 27971 27971 I SpectrePeripheral: event=app_log message=Advertising restart requested: disconnect
08-07 12:45:31.143 27971 27971 I SpectrePeripheral: event=advertise_stop_request mode=uuidOnly
08-07 12:45:31.146 27971 27971 I SpectrePeripheral: event=advertise_start_request mode=uuidOnly includeName=false includeService=true scanResponseService=false connectable=true
08-07 12:45:31.147 27971 27971 I SpectrePeripheral: event=app_log message=Peripheral disconnected: 64:E8:33:4B:7A:39
08-07 12:45:31.162 27971 27971 I SpectrePeripheral: event=advertise_start_success mode=uuidOnly txPower=3 advertiseMode=2 restarts=5
08-07 12:45:31.162 27971 27971 I SpectrePeripheral: event=app_log message=Spectre peripheral advertising started
08-07 12:45:32.027 27971 27971 I SpectrePeripheral: event=connection_state peer=xx:7A:39 status=0 newState=connected connectedBefore=0
08-07 12:45:32.027 27971 27971 I SpectrePeripheral: event=app_log message=Peripheral connected: 64:E8:33:4B:7A:39
08-07 12:45:32.030 27971 27986 I SpectrePeripheral: event=mtu_changed peer=xx:7A:39 mtu=247
08-07 12:45:39.125 27971 27971 I SpectrePeripheral: event=connection_state peer=xx:7A:39 status=0 newState=disconnected connectedBefore=1
08-07 12:45:39.125 27971 27971 I SpectrePeripheral: event=advertise_restart reason=disconnect mode=uuidOnly count=6
08-07 12:45:39.125 27971 27971 I SpectrePeripheral: event=app_log message=Advertising restart requested: disconnect
08-07 12:45:39.126 27971 27971 I SpectrePeripheral: event=advertise_stop_request mode=uuidOnly
08-07 12:45:39.127 27971 27971 I SpectrePeripheral: event=advertise_start_request mode=uuidOnly includeName=false includeService=true scanResponseService=false connectable=true
08-07 12:45:39.128 27971 27971 I SpectrePeripheral: event=app_log message=Peripheral disconnected: 64:E8:33:4B:7A:39
08-07 12:45:39.151 27971 27971 I SpectrePeripheral: event=advertise_start_success mode=uuidOnly txPower=3 advertiseMode=2 restarts=6
08-07 12:45:39.151 27971 27971 I SpectrePeripheral: event=app_log message=Spectre peripheral advertising started
08-07 12:45:40.066 27971 27971 I SpectrePeripheral: event=connection_state peer=xx:7A:39 status=0 newState=connected connectedBefore=0
08-07 12:45:40.066 27971 27971 I SpectrePeripheral: event=app_log message=Peripheral connected: 64:E8:33:4B:7A:39
08-07 12:46:10.056 27971 27971 I SpectrePeripheral: event=connection_state peer=xx:7A:39 status=0 newState=disconnected connectedBefore=1
08-07 12:46:10.056 27971 27971 I SpectrePeripheral: event=advertise_restart reason=disconnect mode=uuidOnly count=7
08-07 12:46:10.056 27971 27971 I SpectrePeripheral: event=app_log message=Advertising restart requested: disconnect
08-07 12:46:10.057 27971 27971 I SpectrePeripheral: event=advertise_stop_request mode=uuidOnly
08-07 12:46:10.057 27971 27971 I SpectrePeripheral: event=advertise_start_request mode=uuidOnly includeName=false includeService=true scanResponseService=false connectable=true
08-07 12:46:10.058 27971 27971 I SpectrePeripheral: event=app_log message=Peripheral disconnected: 64:E8:33:4B:7A:39
08-07 12:46:10.072 27971 27971 I SpectrePeripheral: event=advertise_start_success mode=uuidOnly txPower=3 advertiseMode=2 restarts=7
08-07 12:46:10.072 27971 27971 I SpectrePeripheral: event=app_log message=Spectre peripheral advertising started
08-07 12:46:13.336 27971 27971 I SpectrePeripheral: event=connection_state peer=xx:7A:39 status=0 newState=connected connectedBefore=0
08-07 12:46:13.336 27971 27971 I SpectrePeripheral: event=app_log message=Peripheral connected: 64:E8:33:4B:7A:39
08-07 12:46:13.339 27971 27986 I SpectrePeripheral: event=mtu_changed peer=xx:7A:39 mtu=247
08-07 12:46:13.696 27971 27983 I SpectrePeripheral: event=descriptor_write peer=xx:7A:39 descriptor=cccd char=auth requestId=26 offset=0 bytes=2 responseNeeded=false value=notify
08-07 12:46:20.285 27971 27971 I SpectrePeripheral: event=connection_state peer=xx:7A:39 status=0 newState=disconnected connectedBefore=1
08-07 12:46:20.285 27971 27971 I SpectrePeripheral: event=advertise_restart reason=disconnect mode=uuidOnly count=8
08-07 12:46:20.285 27971 27971 I SpectrePeripheral: event=app_log message=Advertising restart requested: disconnect
08-07 12:46:20.286 27971 27971 I SpectrePeripheral: event=advertise_stop_request mode=uuidOnly
08-07 12:46:20.286 27971 27971 I SpectrePeripheral: event=advertise_start_request mode=uuidOnly includeName=false includeService=true scanResponseService=false connectable=true
08-07 12:46:20.287 27971 27971 I SpectrePeripheral: event=app_log message=Peripheral disconnected: 64:E8:33:4B:7A:39
08-07 12:46:20.316 27971 27971 I SpectrePeripheral: event=advertise_start_success mode=uuidOnly txPower=3 advertiseMode=2 restarts=8
08-07 12:46:20.316 27971 27971 I SpectrePeripheral: event=app_log message=Spectre peripheral advertising started
08-07 12:46:21.403 27971 27971 I SpectrePeripheral: event=connection_state peer=xx:7A:39 status=0 newState=connected connectedBefore=0
08-07 12:46:21.403 27971 27971 I SpectrePeripheral: event=app_log message=Peripheral connected: 64:E8:33:4B:7A:39
08-07 12:46:21.406 27971 27983 I SpectrePeripheral: event=mtu_changed peer=xx:7A:39 mtu=247
08-07 12:46:21.913 27971 27986 I SpectrePeripheral: event=descriptor_write peer=xx:7A:39 descriptor=cccd char=auth requestId=27 offset=0 bytes=2 responseNeeded=false value=notify
08-07 12:46:21.914 27971 27971 I SpectrePeripheral: event=char_write peer=xx:7A:39 char=event_batch requestId=28 offset=0 chunkBytes=1 totalBytes=1 prepared=false responseNeeded=false
08-07 12:46:21.914 27971 27971 W SpectrePeripheral: event=secure_decrypt_failed channel=event_batch bytes=1 reason=secure session not ready
08-07 12:46:21.914 27971 27971 I SpectrePeripheral: event=app_log message=Event batch decrypt failed: secure session not ready
08-07 12:46:28.471 27971 27971 I SpectrePeripheral: event=connection_state peer=xx:7A:39 status=0 newState=disconnected connectedBefore=1
08-07 12:46:28.471 27971 27971 I SpectrePeripheral: event=advertise_restart reason=disconnect mode=uuidOnly count=9
08-07 12:46:28.471 27971 27971 I SpectrePeripheral: event=app_log message=Advertising restart requested: disconnect
08-07 12:46:28.471 27971 27971 I SpectrePeripheral: event=advertise_stop_request mode=uuidOnly
08-07 12:46:28.472 27971 27971 I SpectrePeripheral: event=advertise_start_request mode=uuidOnly includeName=false includeService=true scanResponseService=false connectable=true
08-07 12:46:28.473 27971 27971 I SpectrePeripheral: event=app_log message=Peripheral disconnected: 64:E8:33:4B:7A:39
08-07 12:46:28.497 27971 27971 I SpectrePeripheral: event=advertise_start_success mode=uuidOnly txPower=3 advertiseMode=2 restarts=9
08-07 12:46:28.497 27971 27971 I SpectrePeripheral: event=app_log message=Spectre peripheral advertising started
08-07 12:46:30.351 27971 27971 I SpectrePeripheral: event=connection_state peer=xx:7A:39 status=0 newState=connected connectedBefore=0
08-07 12:46:30.351 27971 27971 I SpectrePeripheral: event=app_log message=Peripheral connected: 64:E8:33:4B:7A:39
08-07 12:46:30.352 27971 27983 I SpectrePeripheral: event=mtu_changed peer=xx:7A:39 mtu=247
08-07 12:46:30.766 27971 27986 I SpectrePeripheral: event=descriptor_write peer=xx:7A:39 descriptor=cccd char=auth requestId=29 offset=0 bytes=2 responseNeeded=false value=notify
08-07 12:46:30.767 27971 27971 I SpectrePeripheral: event=char_write peer=xx:7A:39 char=event_batch requestId=30 offset=0 chunkBytes=1 totalBytes=1 prepared=false responseNeeded=false
08-07 12:46:30.767 27971 27971 W SpectrePeripheral: event=secure_decrypt_failed channel=event_batch bytes=1 reason=secure session not ready
08-07 12:46:30.767 27971 27971 I SpectrePeripheral: event=app_log message=Event batch decrypt failed: secure session not ready
08-07 12:46:37.322 27971 27971 I SpectrePeripheral: event=connection_state peer=xx:7A:39 status=0 newState=disconnected connectedBefore=1
08-07 12:46:37.322 27971 27971 I SpectrePeripheral: event=advertise_restart reason=disconnect mode=uuidOnly count=10
08-07 12:46:37.322 27971 27971 I SpectrePeripheral: event=app_log message=Advertising restart requested: disconnect
08-07 12:46:37.322 27971 27971 I SpectrePeripheral: event=advertise_stop_request mode=uuidOnly
08-07 12:46:37.323 27971 27971 I SpectrePeripheral: event=advertise_start_request mode=uuidOnly includeName=false includeService=true scanResponseService=false connectable=true
08-07 12:46:37.324 27971 27971 I SpectrePeripheral: event=app_log message=Peripheral disconnected: 64:E8:33:4B:7A:39
08-07 12:46:37.355 27971 27971 I SpectrePeripheral: event=advertise_start_success mode=uuidOnly txPower=3 advertiseMode=2 restarts=10
08-07 12:46:37.355 27971 27971 I SpectrePeripheral: event=app_log message=Spectre peripheral advertising started
08-07 12:46:38.447 27971 27971 I SpectrePeripheral: event=connection_state peer=xx:7A:39 status=0 newState=connected connectedBefore=0
08-07 12:46:38.447 27971 27971 I SpectrePeripheral: event=app_log message=Peripheral connected: 64:E8:33:4B:7A:39
08-07 12:46:38.448 27971 27986 I SpectrePeripheral: event=mtu_changed peer=xx:7A:39 mtu=247
08-07 12:46:45.347 27971 27971 I SpectrePeripheral: event=connection_state peer=xx:7A:39 status=0 newState=disconnected connectedBefore=1
08-07 12:46:45.347 27971 27971 I SpectrePeripheral: event=advertise_restart reason=disconnect mode=uuidOnly count=11
08-07 12:46:45.347 27971 27971 I SpectrePeripheral: event=app_log message=Advertising restart requested: disconnect
08-07 12:46:45.348 27971 27971 I SpectrePeripheral: event=advertise_stop_request mode=uuidOnly
08-07 12:46:45.348 27971 27971 I SpectrePeripheral: event=advertise_start_request mode=uuidOnly includeName=false includeService=true scanResponseService=false connectable=true
08-07 12:46:45.349 27971 27971 I SpectrePeripheral: event=app_log message=Peripheral disconnected: 64:E8:33:4B:7A:39
08-07 12:46:45.373 27971 27971 I SpectrePeripheral: event=advertise_start_success mode=uuidOnly txPower=3 advertiseMode=2 restarts=11
08-07 12:46:45.373 27971 27971 I SpectrePeripheral: event=app_log message=Spectre peripheral advertising started
08-07 12:46:46.367 27971 27971 I SpectrePeripheral: event=connection_state peer=xx:7A:39 status=0 newState=connected connectedBefore=0
08-07 12:46:46.367 27971 27971 I SpectrePeripheral: event=app_log message=Peripheral connected: 64:E8:33:4B:7A:39
08-07 12:47:16.343 27971 27971 I SpectrePeripheral: event=connection_state peer=xx:7A:39 status=0 newState=disconnected connectedBefore=1
08-07 12:47:16.344 27971 27971 I SpectrePeripheral: event=advertise_restart reason=disconnect mode=uuidOnly count=12
08-07 12:47:16.344 27971 27971 I SpectrePeripheral: event=app_log message=Advertising restart requested: disconnect
08-07 12:47:16.344 27971 27971 I SpectrePeripheral: event=advertise_stop_request mode=uuidOnly
08-07 12:47:16.345 27971 27971 I SpectrePeripheral: event=advertise_start_request mode=uuidOnly includeName=false includeService=true scanResponseService=false connectable=true
08-07 12:47:16.346 27971 27971 I SpectrePeripheral: event=app_log message=Peripheral disconnected: 64:E8:33:4B:7A:39
08-07 12:47:16.369 27971 27971 I SpectrePeripheral: event=advertise_start_success mode=uuidOnly txPower=3 advertiseMode=2 restarts=12
08-07 12:47:16.369 27971 27971 I SpectrePeripheral: event=app_log message=Spectre peripheral advertising started
08-07 12:49:25.800 31672 31696 I ReactNativeJS: Running "SpectreCompanion"
08-07 12:49:48.758 31672 31672 I SpectrePeripheral: event=start_server mode=uuidOnly useDeviceLocation=true metadataBytes=14 gpsBytes=20 controlBytes=4 enrichmentBytes=0
08-07 12:49:48.762 31672 31672 I SpectrePeripheral: event=secure_value_pending char=metadata plainBytes=14
08-07 12:49:48.762 31672 31672 I SpectrePeripheral: event=secure_value_pending char=gps plainBytes=20
08-07 12:49:48.762 31672 31672 I SpectrePeripheral: event=secure_value_pending char=control plainBytes=4
08-07 12:49:48.765 31672 31672 I SpectrePeripheral: event=service_char_added char=gps properties=read|notify permissions=1
08-07 12:49:48.765 31672 31672 I SpectrePeripheral: event=service_char_added char=control properties=read|notify permissions=1
08-07 12:49:48.765 31672 31672 I SpectrePeripheral: event=service_char_added char=metadata properties=read|notify permissions=1
08-07 12:49:48.765 31672 31672 I SpectrePeripheral: event=service_char_added char=event_batch properties=write|write_no_response permissions=16
08-07 12:49:48.765 31672 31672 I SpectrePeripheral: event=service_char_added char=enrichment properties=read|notify permissions=1
08-07 12:49:48.765 31672 31672 I SpectrePeripheral: event=service_char_added char=auth properties=notify permissions=0
08-07 12:49:48.765 31672 31672 I SpectrePeripheral: event=service_char_added char=auth_request properties=write|write_no_response permissions=16
08-07 12:49:48.765 31672 31672 I SpectrePeripheral: event=service_char_added char=storage properties=write|write_no_response permissions=16
08-07 12:49:48.765 31672 31672 I SpectrePeripheral: event=service_char_added char=command_req properties=read|notify permissions=1
08-07 12:49:48.765 31672 31672 I SpectrePeripheral: event=service_char_added char=command_resp properties=write|write_no_response permissions=16
08-07 12:49:48.765 31672 31672 I SpectrePeripheral: event=service_char_added char=log_stream properties=write|write_no_response permissions=16
08-07 12:49:48.765 31672 31672 I SpectrePeripheral: event=service_char_added char=dashboard_stream properties=write|write_no_response permissions=16
08-07 12:49:48.765 31672 31672 I SpectrePeripheral: event=service_char_added char=notification properties=write|write_no_response permissions=16
08-07 12:49:48.767 31672 31672 I SpectrePeripheral: event=service_added status=success uuid=phone_service characteristics=13 pendingAdvertise=true
08-07 12:49:48.767 31672 31672 I SpectrePeripheral: event=app_log message=Spectre GATT service ready
08-07 12:49:48.767 31672 31672 I SpectrePeripheral: event=advertise_start_request mode=uuidOnly includeName=false includeService=true scanResponseService=false connectable=true
08-07 12:49:48.776 31672 31672 I SpectrePeripheral: event=update_value char=gps bytes=20
08-07 12:49:48.776 31672 31672 I SpectrePeripheral: event=secure_value_pending char=gps plainBytes=20
08-07 12:49:48.783 31672 31672 I SpectrePeripheral: event=advertise_start_success mode=uuidOnly txPower=3 advertiseMode=2 restarts=0
08-07 12:49:48.783 31672 31672 I SpectrePeripheral: event=app_log message=Spectre peripheral advertising started
08-07 12:50:52.828 31672 31672 I SpectrePeripheral: event=connection_state peer=xx:7A:39 status=0 newState=connected connectedBefore=0
08-07 12:50:52.828 31672 31672 I SpectrePeripheral: event=app_log message=Peripheral connected: 64:E8:33:4B:7A:39
08-07 12:50:52.828 31672 31715 I SpectrePeripheral: event=mtu_changed peer=xx:7A:39 mtu=247
08-07 12:50:53.183 31672 31715 I SpectrePeripheral: event=descriptor_write peer=xx:7A:39 descriptor=cccd char=auth requestId=31 offset=0 bytes=2 responseNeeded=false value=notify
08-07 12:50:59.801 31672 31672 I SpectrePeripheral: event=connection_state peer=xx:7A:39 status=0 newState=disconnected connectedBefore=1
08-07 12:50:59.801 31672 31672 I SpectrePeripheral: event=advertise_restart reason=disconnect mode=uuidOnly count=1
08-07 12:50:59.801 31672 31672 I SpectrePeripheral: event=app_log message=Advertising restart requested: disconnect
08-07 12:50:59.802 31672 31672 I SpectrePeripheral: event=advertise_stop_request mode=uuidOnly
08-07 12:50:59.803 31672 31672 I SpectrePeripheral: event=advertise_start_request mode=uuidOnly includeName=false includeService=true scanResponseService=false connectable=true
08-07 12:50:59.803 31672 31672 I SpectrePeripheral: event=app_log message=Peripheral disconnected: 64:E8:33:4B:7A:39
08-07 12:50:59.822 31672 31672 I SpectrePeripheral: event=advertise_start_success mode=uuidOnly txPower=3 advertiseMode=2 restarts=1
08-07 12:50:59.822 31672 31672 I SpectrePeripheral: event=app_log message=Spectre peripheral advertising started
08-07 12:51:00.806 31672 31672 I SpectrePeripheral: event=connection_state peer=xx:7A:39 status=0 newState=connected connectedBefore=0
08-07 12:51:00.806 31672 31672 I SpectrePeripheral: event=app_log message=Peripheral connected: 64:E8:33:4B:7A:39
08-07 12:51:00.808 31672 31715 I SpectrePeripheral: event=mtu_changed peer=xx:7A:39 mtu=247
08-07 12:51:01.194 31672 31714 I SpectrePeripheral: event=descriptor_write peer=xx:7A:39 descriptor=cccd char=auth requestId=32 offset=0 bytes=2 responseNeeded=false value=notify
08-07 12:51:07.928 31672 31672 I SpectrePeripheral: event=connection_state peer=xx:7A:39 status=0 newState=disconnected connectedBefore=1
08-07 12:51:07.928 31672 31672 I SpectrePeripheral: event=advertise_restart reason=disconnect mode=uuidOnly count=2
08-07 12:51:07.928 31672 31672 I SpectrePeripheral: event=app_log message=Advertising restart requested: disconnect
08-07 12:51:07.928 31672 31672 I SpectrePeripheral: event=advertise_stop_request mode=uuidOnly
08-07 12:51:07.929 31672 31672 I SpectrePeripheral: event=advertise_start_request mode=uuidOnly includeName=false includeService=true scanResponseService=false connectable=true
08-07 12:51:07.930 31672 31672 I SpectrePeripheral: event=app_log message=Peripheral disconnected: 64:E8:33:4B:7A:39
08-07 12:51:07.952 31672 31672 I SpectrePeripheral: event=advertise_start_success mode=uuidOnly txPower=3 advertiseMode=2 restarts=2
08-07 12:51:07.952 31672 31672 I SpectrePeripheral: event=app_log message=Spectre peripheral advertising started
08-07 12:51:08.967 31672 31672 I SpectrePeripheral: event=connection_state peer=xx:7A:39 status=0 newState=connected connectedBefore=0
08-07 12:51:08.967 31672 31672 I SpectrePeripheral: event=app_log message=Peripheral connected: 64:E8:33:4B:7A:39
08-07 12:51:08.969 31672 31685 I SpectrePeripheral: event=mtu_changed peer=xx:7A:39 mtu=247
08-07 12:51:09.353 31672 31685 I SpectrePeripheral: event=descriptor_write peer=xx:7A:39 descriptor=cccd char=auth requestId=33 offset=0 bytes=2 responseNeeded=false value=notify
08-07 12:51:16.017 31672 31672 I SpectrePeripheral: event=connection_state peer=xx:7A:39 status=0 newState=disconnected connectedBefore=1
08-07 12:51:16.018 31672 31672 I SpectrePeripheral: event=advertise_restart reason=disconnect mode=uuidOnly count=3
08-07 12:51:16.018 31672 31672 I SpectrePeripheral: event=app_log message=Advertising restart requested: disconnect
08-07 12:51:16.018 31672 31672 I SpectrePeripheral: event=advertise_stop_request mode=uuidOnly
08-07 12:51:16.019 31672 31672 I SpectrePeripheral: event=advertise_start_request mode=uuidOnly includeName=false includeService=true scanResponseService=false connectable=true
08-07 12:51:16.020 31672 31672 I SpectrePeripheral: event=app_log message=Peripheral disconnected: 64:E8:33:4B:7A:39
08-07 12:51:16.047 31672 31672 I SpectrePeripheral: event=advertise_start_success mode=uuidOnly txPower=3 advertiseMode=2 restarts=3
08-07 12:51:16.047 31672 31672 I SpectrePeripheral: event=app_log message=Spectre peripheral advertising started
08-07 12:51:16.944 31672 31672 I SpectrePeripheral: event=connection_state peer=xx:7A:39 status=0 newState=connected connectedBefore=0
08-07 12:51:16.944 31672 31672 I SpectrePeripheral: event=app_log message=Peripheral connected: 64:E8:33:4B:7A:39
08-07 12:51:16.946 31672 31685 I SpectrePeripheral: event=mtu_changed peer=xx:7A:39 mtu=247
08-07 12:51:17.304 31672 31685 I SpectrePeripheral: event=descriptor_write peer=xx:7A:39 descriptor=cccd char=auth requestId=34 offset=0 bytes=2 responseNeeded=false value=notify
08-07 12:51:23.859 31672 31672 I SpectrePeripheral: event=connection_state peer=xx:7A:39 status=0 newState=disconnected connectedBefore=1
08-07 12:51:23.859 31672 31672 I SpectrePeripheral: event=advertise_restart reason=disconnect mode=uuidOnly count=4
08-07 12:51:23.859 31672 31672 I SpectrePeripheral: event=app_log message=Advertising restart requested: disconnect
08-07 12:51:23.859 31672 31672 I SpectrePeripheral: event=advertise_stop_request mode=uuidOnly
08-07 12:51:23.860 31672 31672 I SpectrePeripheral: event=advertise_start_request mode=uuidOnly includeName=false includeService=true scanResponseService=false connectable=true
08-07 12:51:23.861 31672 31672 I SpectrePeripheral: event=app_log message=Peripheral disconnected: 64:E8:33:4B:7A:39
08-07 12:51:23.875 31672 31672 I SpectrePeripheral: event=advertise_start_success mode=uuidOnly txPower=3 advertiseMode=2 restarts=4
08-07 12:51:23.875 31672 31672 I SpectrePeripheral: event=app_log message=Spectre peripheral advertising started
08-07 12:51:24.834 31672 31672 I SpectrePeripheral: event=connection_state peer=xx:7A:39 status=0 newState=connected connectedBefore=0
08-07 12:51:24.834 31672 31672 I SpectrePeripheral: event=app_log message=Peripheral connected: 64:E8:33:4B:7A:39
08-07 12:51:24.836 31672 31685 I SpectrePeripheral: event=mtu_changed peer=xx:7A:39 mtu=247
08-07 12:51:25.195 31672 31685 I SpectrePeripheral: event=descriptor_write peer=xx:7A:39 descriptor=cccd char=auth requestId=35 offset=0 bytes=2 responseNeeded=false value=notify
08-07 12:51:31.752 31672 31672 I SpectrePeripheral: event=connection_state peer=xx:7A:39 status=0 newState=disconnected connectedBefore=1
08-07 12:51:31.752 31672 31672 I SpectrePeripheral: event=advertise_restart reason=disconnect mode=uuidOnly count=5
08-07 12:51:31.752 31672 31672 I SpectrePeripheral: event=app_log message=Advertising restart requested: disconnect
08-07 12:51:31.753 31672 31672 I SpectrePeripheral: event=advertise_stop_request mode=uuidOnly
08-07 12:51:31.753 31672 31672 I SpectrePeripheral: event=advertise_start_request mode=uuidOnly includeName=false includeService=true scanResponseService=false connectable=true
08-07 12:51:31.754 31672 31672 I SpectrePeripheral: event=app_log message=Peripheral disconnected: 64:E8:33:4B:7A:39
08-07 12:51:31.780 31672 31672 I SpectrePeripheral: event=advertise_start_success mode=uuidOnly txPower=3 advertiseMode=2 restarts=5
08-07 12:51:31.780 31672 31672 I SpectrePeripheral: event=app_log message=Spectre peripheral advertising started
08-07 12:51:32.965 31672 31672 I SpectrePeripheral: event=connection_state peer=xx:7A:39 status=0 newState=connected connectedBefore=0
08-07 12:51:32.965 31672 31672 I SpectrePeripheral: event=app_log message=Peripheral connected: 64:E8:33:4B:7A:39
08-07 12:51:32.967 31672 31685 I SpectrePeripheral: event=mtu_changed peer=xx:7A:39 mtu=247
08-07 12:51:43.882 31672 31672 I SpectrePeripheral: event=connection_state peer=xx:7A:39 status=0 newState=disconnected connectedBefore=1
08-07 12:51:43.882 31672 31672 I SpectrePeripheral: event=advertise_restart reason=disconnect mode=uuidOnly count=6
08-07 12:51:43.882 31672 31672 I SpectrePeripheral: event=app_log message=Advertising restart requested: disconnect
08-07 12:51:43.883 31672 31672 I SpectrePeripheral: event=advertise_stop_request mode=uuidOnly
08-07 12:51:43.883 31672 31672 I SpectrePeripheral: event=advertise_start_request mode=uuidOnly includeName=false includeService=true scanResponseService=false connectable=true
08-07 12:51:43.884 31672 31672 I SpectrePeripheral: event=app_log message=Peripheral disconnected: 64:E8:33:4B:7A:39
08-07 12:51:43.900 31672 31672 I SpectrePeripheral: event=advertise_start_success mode=uuidOnly txPower=3 advertiseMode=2 restarts=6
08-07 12:51:43.900 31672 31672 I SpectrePeripheral: event=app_log message=Spectre peripheral advertising started
08-07 12:54:28.595 31672 31672 I SpectrePeripheral: event=connection_state peer=xx:7A:39 status=0 newState=connected connectedBefore=0
08-07 12:54:28.595 31672 31672 I SpectrePeripheral: event=app_log message=Peripheral connected: 64:E8:33:4B:7A:39
08-07 12:54:28.596 31672 31714 I SpectrePeripheral: event=mtu_changed peer=xx:7A:39 mtu=247
08-07 12:54:28.981 31672 31714 I SpectrePeripheral: event=descriptor_write peer=xx:7A:39 descriptor=cccd char=auth requestId=36 offset=0 bytes=2 responseNeeded=false value=notify
08-07 12:54:29.344 31672 31714 I SpectrePeripheral: event=char_write peer=xx:7A:39 char=auth_request requestId=37 offset=0 chunkBytes=20 totalBytes=20 prepared=false responseNeeded=true
08-07 12:54:29.344 31672 31714 I SpectrePeripheral: event=auth_challenge_chunk peer=xx:7A:39 bytes=20 targetBytes=163
08-07 12:54:29.402 31672 31714 I SpectrePeripheral: event=char_write peer=xx:7A:39 char=auth_request requestId=38 offset=0 chunkBytes=20 totalBytes=40 prepared=false responseNeeded=true
08-07 12:54:29.403 31672 31714 I SpectrePeripheral: event=auth_challenge_chunk peer=xx:7A:39 bytes=40 targetBytes=163
08-07 12:54:29.462 31672 31714 I SpectrePeripheral: event=char_write peer=xx:7A:39 char=auth_request requestId=39 offset=0 chunkBytes=20 totalBytes=60 prepared=false responseNeeded=true
08-07 12:54:29.462 31672 31714 I SpectrePeripheral: event=auth_challenge_chunk peer=xx:7A:39 bytes=60 targetBytes=163
08-07 12:54:29.522 31672 31714 I SpectrePeripheral: event=char_write peer=xx:7A:39 char=auth_request requestId=40 offset=0 chunkBytes=20 totalBytes=80 prepared=false responseNeeded=true
08-07 12:54:29.523 31672 31714 I SpectrePeripheral: event=auth_challenge_chunk peer=xx:7A:39 bytes=80 targetBytes=163
08-07 12:54:29.582 31672 31714 I SpectrePeripheral: event=char_write peer=xx:7A:39 char=auth_request requestId=41 offset=0 chunkBytes=20 totalBytes=100 prepared=false responseNeeded=true
08-07 12:54:29.583 31672 31714 I SpectrePeripheral: event=auth_challenge_chunk peer=xx:7A:39 bytes=100 targetBytes=163
08-07 12:54:29.639 31672 31714 I SpectrePeripheral: event=char_write peer=xx:7A:39 char=auth_request requestId=42 offset=0 chunkBytes=20 totalBytes=120 prepared=false responseNeeded=true
08-07 12:54:29.640 31672 31714 I SpectrePeripheral: event=auth_challenge_chunk peer=xx:7A:39 bytes=120 targetBytes=163
08-07 12:54:29.702 31672 31714 I SpectrePeripheral: event=char_write peer=xx:7A:39 char=auth_request requestId=43 offset=0 chunkBytes=20 totalBytes=140 prepared=false responseNeeded=true
08-07 12:54:29.703 31672 31714 I SpectrePeripheral: event=auth_challenge_chunk peer=xx:7A:39 bytes=140 targetBytes=163
08-07 12:54:29.759 31672 31714 I SpectrePeripheral: event=char_write peer=xx:7A:39 char=auth_request requestId=44 offset=0 chunkBytes=20 totalBytes=160 prepared=false responseNeeded=true
08-07 12:54:29.760 31672 31714 I SpectrePeripheral: event=auth_challenge_chunk peer=xx:7A:39 bytes=160 targetBytes=163
08-07 12:54:29.822 31672 31714 I SpectrePeripheral: event=char_write peer=xx:7A:39 char=auth_request requestId=45 offset=0 chunkBytes=3 totalBytes=163 prepared=false responseNeeded=true
08-07 12:54:29.823 31672 31714 I SpectrePeripheral: event=auth_challenge_received peer=xx:7A:39 bytes=163
08-07 12:54:29.836 31672 31714 I SpectrePeripheral: event=notify_requested char=auth bytes=163 connected=1
08-07 12:54:29.837 31672 31714 I SpectrePeripheral: event=notify_device peer=xx:7A:39 char=auth bytes=163
08-07 12:54:29.839 31672 31714 I SpectrePeripheral: event=secure_value_updated char=metadata channel=3 plainBytes=14 cipherBytes=36 notify=false
08-07 12:54:29.839 31672 31714 I SpectrePeripheral: event=notify_requested char=gps bytes=42 connected=1
08-07 12:54:29.840 31672 31714 I SpectrePeripheral: event=notify_device peer=xx:7A:39 char=gps bytes=42
08-07 12:54:29.840 31672 31714 I SpectrePeripheral: event=secure_value_updated char=gps channel=1 plainBytes=20 cipherBytes=42 notify=true
08-07 12:54:29.840 31672 31714 I SpectrePeripheral: event=secure_value_updated char=control channel=2 plainBytes=4 cipherBytes=26 notify=false
08-07 12:54:29.840 31672 31714 I SpectrePeripheral: event=auth_session_ready peer=xx:7A:39 responseBytes=163
08-07 12:54:29.841 31672 31714 I SpectrePeripheral: event=app_log message=Secure session established with 64:E8:33:4B:7A:39
08-07 12:54:29.842 31672 31672 I SpectrePeripheral: event=notify_sent peer=xx:7A:39 status=success remaining=0
08-07 12:54:29.842 31672 31672 I SpectrePeripheral: event=notify_sent peer=xx:7A:39 status=success remaining=0
08-07 12:54:29.857 31672 31672 I SpectrePeripheral: event=update_value char=gps bytes=20
08-07 12:54:29.857 31672 31672 I SpectrePeripheral: event=notify_requested char=gps bytes=42 connected=1
08-07 12:54:29.858 31672 31672 I SpectrePeripheral: event=notify_device peer=xx:7A:39 char=gps bytes=42
08-07 12:54:29.858 31672 31672 I SpectrePeripheral: event=secure_value_updated char=gps channel=1 plainBytes=20 cipherBytes=42 notify=true
08-07 12:54:29.859 31672 31672 I SpectrePeripheral: event=notify_sent peer=xx:7A:39 status=success remaining=0
08-07 12:54:30.361 31672 31715 I SpectrePeripheral: event=descriptor_write peer=xx:7A:39 descriptor=cccd char=enrichment requestId=46 offset=0 bytes=2 responseNeeded=false value=notify
08-07 12:54:30.361 31672 31715 I SpectrePeripheral: event=char_read peer=xx:7A:39 char=metadata requestId=47 offset=0 valueBytes=36 responseBytes=36
08-07 12:54:30.420 31672 31715 I SpectrePeripheral: event=char_read peer=xx:7A:39 char=gps requestId=48 offset=0 valueBytes=42 responseBytes=42
08-07 12:54:30.480 31672 31715 I SpectrePeripheral: event=char_read peer=xx:7A:39 char=control requestId=49 offset=0 valueBytes=26 responseBytes=26
08-07 12:54:30.545 31672 31672 I SpectrePeripheral: event=char_write peer=xx:7A:39 char=storage requestId=50 offset=0 chunkBytes=90 totalBytes=90 prepared=false responseNeeded=true
08-07 12:54:30.547 31672 31672 I SpectrePeripheral: event=storage_snapshot_received peer=xx:7A:39 cipherBytes=90 plainBytes=68
08-07 12:54:30.602 31672 31672 I SpectrePeripheral: event=connection_state peer=xx:7A:39 status=0 newState=disconnected connectedBefore=1
08-07 12:54:30.602 31672 31672 I SpectrePeripheral: event=advertise_restart reason=disconnect mode=uuidOnly count=7
08-07 12:54:30.602 31672 31672 I SpectrePeripheral: event=app_log message=Advertising restart requested: disconnect
08-07 12:54:30.603 31672 31672 I SpectrePeripheral: event=advertise_stop_request mode=uuidOnly
08-07 12:54:30.604 31672 31672 I SpectrePeripheral: event=advertise_start_request mode=uuidOnly includeName=false includeService=true scanResponseService=false connectable=true
08-07 12:54:30.604 31672 31672 I SpectrePeripheral: event=app_log message=Peripheral disconnected: 64:E8:33:4B:7A:39
08-07 12:54:30.623 31672 31672 I SpectrePeripheral: event=advertise_start_success mode=uuidOnly txPower=3 advertiseMode=2 restarts=7
08-07 12:54:30.623 31672 31672 I SpectrePeripheral: event=app_log message=Spectre peripheral advertising started
08-07 12:58:47.357 31672 31672 I SpectrePeripheral: event=connection_state peer=xx:7A:39 status=0 newState=connected connectedBefore=0
08-07 12:58:47.357 31672 31672 I SpectrePeripheral: event=app_log message=Peripheral connected: 64:E8:33:4B:7A:39
08-07 12:58:47.361 31672 31715 I SpectrePeripheral: event=mtu_changed peer=xx:7A:39 mtu=247
08-07 12:59:18.275 31672 31672 I SpectrePeripheral: event=connection_state peer=xx:7A:39 status=0 newState=disconnected connectedBefore=1
08-07 12:59:18.276 31672 31672 I SpectrePeripheral: event=advertise_restart reason=disconnect mode=uuidOnly count=8
08-07 12:59:18.276 31672 31672 I SpectrePeripheral: event=app_log message=Advertising restart requested: disconnect
08-07 12:59:18.276 31672 31672 I SpectrePeripheral: event=advertise_stop_request mode=uuidOnly
08-07 12:59:18.277 31672 31672 I SpectrePeripheral: event=advertise_start_request mode=uuidOnly includeName=false includeService=true scanResponseService=false connectable=true
08-07 12:59:18.278 31672 31672 I SpectrePeripheral: event=app_log message=Peripheral disconnected: 64:E8:33:4B:7A:39
08-07 12:59:18.306 31672 31672 I SpectrePeripheral: event=advertise_start_success mode=uuidOnly txPower=3 advertiseMode=2 restarts=8
08-07 12:59:18.306 31672 31672 I SpectrePeripheral: event=app_log message=Spectre peripheral advertising started
08-07 12:59:19.276 31672 31672 I SpectrePeripheral: event=connection_state peer=xx:7A:39 status=0 newState=connected connectedBefore=0
08-07 12:59:19.276 31672 31672 I SpectrePeripheral: event=app_log message=Peripheral connected: 64:E8:33:4B:7A:39
08-07 12:59:49.233 31672 31672 I SpectrePeripheral: event=connection_state peer=xx:7A:39 status=0 newState=disconnected connectedBefore=1
08-07 12:59:49.233 31672 31672 I SpectrePeripheral: event=advertise_restart reason=disconnect mode=uuidOnly count=9
08-07 12:59:49.233 31672 31672 I SpectrePeripheral: event=app_log message=Advertising restart requested: disconnect
08-07 12:59:49.233 31672 31672 I SpectrePeripheral: event=advertise_stop_request mode=uuidOnly
08-07 12:59:49.234 31672 31672 I SpectrePeripheral: event=advertise_start_request mode=uuidOnly includeName=false includeService=true scanResponseService=false connectable=true
08-07 12:59:49.235 31672 31672 I SpectrePeripheral: event=app_log message=Peripheral disconnected: 64:E8:33:4B:7A:39
08-07 12:59:49.268 31672 31672 I SpectrePeripheral: event=advertise_start_success mode=uuidOnly txPower=3 advertiseMode=2 restarts=9
08-07 12:59:49.268 31672 31672 I SpectrePeripheral: event=app_log message=Spectre peripheral advertising started
08-07 12:59:52.068 31672 31672 I SpectrePeripheral: event=connection_state peer=xx:7A:39 status=0 newState=connected connectedBefore=0
08-07 12:59:52.068 31672 31672 I SpectrePeripheral: event=app_log message=Peripheral connected: 64:E8:33:4B:7A:39
08-07 12:59:52.068 31672 31715 I SpectrePeripheral: event=mtu_changed peer=xx:7A:39 mtu=247
08-07 12:59:52.484 31672 31685 I SpectrePeripheral: event=descriptor_write peer=xx:7A:39 descriptor=cccd char=auth requestId=51 offset=0 bytes=2 responseNeeded=false value=notify
08-07 13:00:21.503 31672 31672 I SpectrePeripheral: event=connection_state peer=xx:7A:39 status=0 newState=disconnected connectedBefore=1
08-07 13:00:21.503 31672 31672 I SpectrePeripheral: event=advertise_restart reason=disconnect mode=uuidOnly count=10
08-07 13:00:21.503 31672 31672 I SpectrePeripheral: event=app_log message=Advertising restart requested: disconnect
08-07 13:00:21.504 31672 31672 I SpectrePeripheral: event=advertise_stop_request mode=uuidOnly
08-07 13:00:21.505 31672 31672 I SpectrePeripheral: event=advertise_start_request mode=uuidOnly includeName=false includeService=true scanResponseService=false connectable=true
08-07 13:00:21.505 31672 31672 I SpectrePeripheral: event=app_log message=Peripheral disconnected: 64:E8:33:4B:7A:39
08-07 13:00:21.536 31672 31672 I SpectrePeripheral: event=advertise_start_success mode=uuidOnly txPower=3 advertiseMode=2 restarts=10
08-07 13:00:21.536 31672 31672 I SpectrePeripheral: event=app_log message=Spectre peripheral advertising started
08-07 13:03:12.633 31672 31672 I SpectrePeripheral: event=connection_state peer=xx:7A:39 status=0 newState=connected connectedBefore=0
08-07 13:03:12.633 31672 31672 I SpectrePeripheral: event=app_log message=Peripheral connected: 64:E8:33:4B:7A:39
08-07 13:03:12.635 31672  2982 I SpectrePeripheral: event=mtu_changed peer=xx:7A:39 mtu=247
08-07 13:03:13.108 31672 31683 I SpectrePeripheral: event=descriptor_write peer=xx:7A:39 descriptor=cccd char=auth requestId=52 offset=0 bytes=2 responseNeeded=true value=notify
08-07 13:03:13.502 31672 31683 I SpectrePeripheral: event=char_write peer=xx:7A:39 char=auth_request requestId=53 offset=0 chunkBytes=20 totalBytes=20 prepared=false responseNeeded=true
08-07 13:03:13.502 31672 31683 I SpectrePeripheral: event=auth_challenge_chunk peer=xx:7A:39 bytes=20 targetBytes=163
08-07 13:03:13.557 31672 31683 I SpectrePeripheral: event=char_write peer=xx:7A:39 char=auth_request requestId=54 offset=0 chunkBytes=20 totalBytes=40 prepared=false responseNeeded=true
08-07 13:03:13.558 31672 31683 I SpectrePeripheral: event=auth_challenge_chunk peer=xx:7A:39 bytes=40 targetBytes=163
08-07 13:03:13.619 31672 31683 I SpectrePeripheral: event=char_write peer=xx:7A:39 char=auth_request requestId=55 offset=0 chunkBytes=20 totalBytes=60 prepared=false responseNeeded=true
08-07 13:03:13.619 31672 31683 I SpectrePeripheral: event=auth_challenge_chunk peer=xx:7A:39 bytes=60 targetBytes=163
08-07 13:03:13.680 31672 31683 I SpectrePeripheral: event=char_write peer=xx:7A:39 char=auth_request requestId=56 offset=0 chunkBytes=20 totalBytes=80 prepared=false responseNeeded=true
08-07 13:03:13.681 31672 31683 I SpectrePeripheral: event=auth_challenge_chunk peer=xx:7A:39 bytes=80 targetBytes=163
08-07 13:03:13.769 31672 31683 I SpectrePeripheral: event=char_write peer=xx:7A:39 char=auth_request requestId=57 offset=0 chunkBytes=20 totalBytes=100 prepared=false responseNeeded=true
08-07 13:03:13.770 31672 31683 I SpectrePeripheral: event=auth_challenge_chunk peer=xx:7A:39 bytes=100 targetBytes=163
08-07 13:03:13.828 31672 31683 I SpectrePeripheral: event=char_write peer=xx:7A:39 char=auth_request requestId=58 offset=0 chunkBytes=20 totalBytes=120 prepared=false responseNeeded=true
08-07 13:03:13.829 31672 31683 I SpectrePeripheral: event=auth_challenge_chunk peer=xx:7A:39 bytes=120 targetBytes=163
08-07 13:03:13.919 31672 31683 I SpectrePeripheral: event=char_write peer=xx:7A:39 char=auth_request requestId=59 offset=0 chunkBytes=20 totalBytes=140 prepared=false responseNeeded=true
08-07 13:03:13.920 31672 31683 I SpectrePeripheral: event=auth_challenge_chunk peer=xx:7A:39 bytes=140 targetBytes=163
08-07 13:03:13.979 31672 31683 I SpectrePeripheral: event=char_write peer=xx:7A:39 char=auth_request requestId=60 offset=0 chunkBytes=20 totalBytes=160 prepared=false responseNeeded=true
08-07 13:03:13.980 31672 31683 I SpectrePeripheral: event=auth_challenge_chunk peer=xx:7A:39 bytes=160 targetBytes=163
08-07 13:03:14.071 31672 31683 I SpectrePeripheral: event=char_write peer=xx:7A:39 char=auth_request requestId=61 offset=0 chunkBytes=3 totalBytes=163 prepared=false responseNeeded=true
08-07 13:03:14.072 31672 31683 I SpectrePeripheral: event=auth_challenge_received peer=xx:7A:39 bytes=163
08-07 13:03:14.076 31672 31683 I SpectrePeripheral: event=notify_requested char=auth bytes=163 connected=1
08-07 13:03:14.077 31672 31683 I SpectrePeripheral: event=notify_device peer=xx:7A:39 char=auth bytes=163
08-07 13:03:14.078 31672 31683 I SpectrePeripheral: event=secure_value_updated char=metadata channel=3 plainBytes=14 cipherBytes=36 notify=false
08-07 13:03:14.078 31672 31683 I SpectrePeripheral: event=notify_requested char=gps bytes=42 connected=1
08-07 13:03:14.078 31672 31683 I SpectrePeripheral: event=notify_device peer=xx:7A:39 char=gps bytes=42
08-07 13:03:14.079 31672 31683 I SpectrePeripheral: event=secure_value_updated char=gps channel=1 plainBytes=20 cipherBytes=42 notify=true
08-07 13:03:14.079 31672 31683 I SpectrePeripheral: event=secure_value_updated char=control channel=2 plainBytes=4 cipherBytes=26 notify=false
08-07 13:03:14.080 31672 31683 I SpectrePeripheral: event=auth_session_ready peer=xx:7A:39 responseBytes=163
08-07 13:03:14.080 31672 31683 I SpectrePeripheral: event=app_log message=Secure session established with 64:E8:33:4B:7A:39
08-07 13:03:14.083 31672 31672 I SpectrePeripheral: event=notify_sent peer=xx:7A:39 status=success remaining=0
08-07 13:03:14.084 31672 31672 I SpectrePeripheral: event=notify_sent peer=xx:7A:39 status=success remaining=0
08-07 13:03:14.092 31672 31672 I SpectrePeripheral: event=update_value char=gps bytes=20
08-07 13:03:14.092 31672 31672 I SpectrePeripheral: event=notify_requested char=gps bytes=42 connected=1
08-07 13:03:14.093 31672 31672 I SpectrePeripheral: event=notify_device peer=xx:7A:39 char=gps bytes=42
08-07 13:03:14.094 31672 31672 I SpectrePeripheral: event=secure_value_updated char=gps channel=1 plainBytes=20 cipherBytes=42 notify=true
08-07 13:03:14.099 31672 31672 I SpectrePeripheral: event=notify_sent peer=xx:7A:39 status=success remaining=0
08-07 13:03:14.637 31672  2982 I SpectrePeripheral: event=descriptor_write peer=xx:7A:39 descriptor=cccd char=enrichment requestId=62 offset=0 bytes=2 responseNeeded=true value=notify
08-07 13:03:14.697 31672  2982 I SpectrePeripheral: event=char_read peer=xx:7A:39 char=metadata requestId=63 offset=0 valueBytes=36 responseBytes=36
08-07 13:03:14.819 31672  2982 I SpectrePeripheral: event=char_read peer=xx:7A:39 char=gps requestId=64 offset=0 valueBytes=42 responseBytes=42
08-07 13:03:14.877 31672  2982 I SpectrePeripheral: event=char_read peer=xx:7A:39 char=control requestId=65 offset=0 valueBytes=26 responseBytes=26
08-07 13:03:14.943 31672 31672 I SpectrePeripheral: event=char_write peer=xx:7A:39 char=storage requestId=66 offset=0 chunkBytes=90 totalBytes=90 prepared=false responseNeeded=true
08-07 13:03:14.945 31672 31672 I SpectrePeripheral: event=storage_snapshot_received peer=xx:7A:39 cipherBytes=90 plainBytes=68
08-07 13:03:15.030 31672 31672 I SpectrePeripheral: event=connection_state peer=xx:7A:39 status=0 newState=disconnected connectedBefore=1
08-07 13:03:15.030 31672 31672 I SpectrePeripheral: event=advertise_restart reason=disconnect mode=uuidOnly count=11
08-07 13:03:15.030 31672 31672 I SpectrePeripheral: event=app_log message=Advertising restart requested: disconnect
08-07 13:03:15.030 31672 31672 I SpectrePeripheral: event=advertise_stop_request mode=uuidOnly
08-07 13:03:15.031 31672 31672 I SpectrePeripheral: event=advertise_start_request mode=uuidOnly includeName=false includeService=true scanResponseService=false connectable=true
08-07 13:03:15.032 31672 31672 I SpectrePeripheral: event=app_log message=Peripheral disconnected: 64:E8:33:4B:7A:39
08-07 13:03:15.061 31672 31672 I SpectrePeripheral: event=advertise_start_success mode=uuidOnly txPower=3 advertiseMode=2 restarts=11
08-07 13:03:15.061 31672 31672 I SpectrePeripheral: event=app_log message=Spectre peripheral advertising started
08-07 13:07:34.538 31672 31672 I SpectrePeripheral: event=connection_state peer=xx:7A:39 status=0 newState=connected connectedBefore=0
08-07 13:07:34.538 31672 31672 I SpectrePeripheral: event=app_log message=Peripheral connected: 64:E8:33:4B:7A:39
08-07 13:07:34.541 31672 31683 I SpectrePeripheral: event=mtu_changed peer=xx:7A:39 mtu=247
08-07 13:07:34.899 31672  2982 I SpectrePeripheral: event=descriptor_write peer=xx:7A:39 descriptor=cccd char=auth requestId=67 offset=0 bytes=2 responseNeeded=true value=notify
08-07 13:07:35.295 31672  2982 I SpectrePeripheral: event=char_write peer=xx:7A:39 char=auth_request requestId=68 offset=0 chunkBytes=20 totalBytes=20 prepared=false responseNeeded=true
08-07 13:07:35.296 31672  2982 I SpectrePeripheral: event=auth_challenge_chunk peer=xx:7A:39 bytes=20 targetBytes=163
08-07 13:07:35.350 31672  2982 I SpectrePeripheral: event=char_write peer=xx:7A:39 char=auth_request requestId=69 offset=0 chunkBytes=20 totalBytes=40 prepared=false responseNeeded=true
08-07 13:07:35.351 31672  2982 I SpectrePeripheral: event=auth_challenge_chunk peer=xx:7A:39 bytes=40 targetBytes=163
08-07 13:07:35.438 31672  2982 I SpectrePeripheral: event=char_write peer=xx:7A:39 char=auth_request requestId=70 offset=0 chunkBytes=20 totalBytes=60 prepared=false responseNeeded=true
08-07 13:07:35.439 31672  2982 I SpectrePeripheral: event=auth_challenge_chunk peer=xx:7A:39 bytes=60 targetBytes=163
08-07 13:07:35.497 31672  2982 I SpectrePeripheral: event=char_write peer=xx:7A:39 char=auth_request requestId=71 offset=0 chunkBytes=20 totalBytes=80 prepared=false responseNeeded=true
08-07 13:07:35.499 31672  2982 I SpectrePeripheral: event=auth_challenge_chunk peer=xx:7A:39 bytes=80 targetBytes=163
08-07 13:07:35.558 31672  2982 I SpectrePeripheral: event=char_write peer=xx:7A:39 char=auth_request requestId=72 offset=0 chunkBytes=20 totalBytes=100 prepared=false responseNeeded=true
08-07 13:07:35.558 31672  2982 I SpectrePeripheral: event=auth_challenge_chunk peer=xx:7A:39 bytes=100 targetBytes=163
08-07 13:07:35.619 31672  2982 I SpectrePeripheral: event=char_write peer=xx:7A:39 char=auth_request requestId=73 offset=0 chunkBytes=20 totalBytes=120 prepared=false responseNeeded=true
08-07 13:07:35.620 31672  2982 I SpectrePeripheral: event=auth_challenge_chunk peer=xx:7A:39 bytes=120 targetBytes=163
08-07 13:07:35.679 31672  2982 I SpectrePeripheral: event=char_write peer=xx:7A:39 char=auth_request requestId=74 offset=0 chunkBytes=20 totalBytes=140 prepared=false responseNeeded=true
08-07 13:07:35.680 31672  2982 I SpectrePeripheral: event=auth_challenge_chunk peer=xx:7A:39 bytes=140 targetBytes=163
08-07 13:07:35.738 31672  2982 I SpectrePeripheral: event=char_write peer=xx:7A:39 char=auth_request requestId=75 offset=0 chunkBytes=20 totalBytes=160 prepared=false responseNeeded=true
08-07 13:07:35.740 31672  2982 I SpectrePeripheral: event=auth_challenge_chunk peer=xx:7A:39 bytes=160 targetBytes=163
08-07 13:07:35.798 31672  2982 I SpectrePeripheral: event=char_write peer=xx:7A:39 char=auth_request requestId=76 offset=0 chunkBytes=3 totalBytes=163 prepared=false responseNeeded=true
08-07 13:07:35.798 31672  2982 I SpectrePeripheral: event=auth_challenge_received peer=xx:7A:39 bytes=163
08-07 13:07:35.803 31672  2982 I SpectrePeripheral: event=notify_requested char=auth bytes=163 connected=1
08-07 13:07:35.803 31672  2982 I SpectrePeripheral: event=notify_device peer=xx:7A:39 char=auth bytes=163
08-07 13:07:35.804 31672  2982 I SpectrePeripheral: event=secure_value_updated char=metadata channel=3 plainBytes=14 cipherBytes=36 notify=false
08-07 13:07:35.805 31672  2982 I SpectrePeripheral: event=notify_requested char=gps bytes=42 connected=1
08-07 13:07:35.805 31672  2982 I SpectrePeripheral: event=notify_device peer=xx:7A:39 char=gps bytes=42
08-07 13:07:35.806 31672  2982 I SpectrePeripheral: event=secure_value_updated char=gps channel=1 plainBytes=20 cipherBytes=42 notify=true
08-07 13:07:35.806 31672  2982 I SpectrePeripheral: event=secure_value_updated char=control channel=2 plainBytes=4 cipherBytes=26 notify=false
08-07 13:07:35.807 31672  2982 I SpectrePeripheral: event=auth_session_ready peer=xx:7A:39 responseBytes=163
08-07 13:07:35.807 31672  2982 I SpectrePeripheral: event=app_log message=Secure session established with 64:E8:33:4B:7A:39
08-07 13:07:35.809 31672 31672 I SpectrePeripheral: event=notify_sent peer=xx:7A:39 status=success remaining=0
08-07 13:07:35.809 31672 31672 I SpectrePeripheral: event=notify_sent peer=xx:7A:39 status=success remaining=0
08-07 13:07:35.824 31672 31672 I SpectrePeripheral: event=update_value char=gps bytes=20
08-07 13:07:35.824 31672 31672 I SpectrePeripheral: event=notify_requested char=gps bytes=42 connected=1
08-07 13:07:35.825 31672 31672 I SpectrePeripheral: event=notify_device peer=xx:7A:39 char=gps bytes=42
08-07 13:07:35.825 31672 31672 I SpectrePeripheral: event=secure_value_updated char=gps channel=1 plainBytes=20 cipherBytes=42 notify=true
08-07 13:07:35.835 31672 31672 I SpectrePeripheral: event=notify_sent peer=xx:7A:39 status=success remaining=0
08-07 13:07:36.486 31672 31683 I SpectrePeripheral: event=descriptor_write peer=xx:7A:39 descriptor=cccd char=enrichment requestId=77 offset=0 bytes=2 responseNeeded=true value=notify
08-07 13:07:36.546 31672 31683 I SpectrePeripheral: event=char_read peer=xx:7A:39 char=metadata requestId=78 offset=0 valueBytes=36 responseBytes=36
08-07 13:07:36.606 31672 31683 I SpectrePeripheral: event=char_read peer=xx:7A:39 char=gps requestId=79 offset=0 valueBytes=42 responseBytes=42
08-07 13:07:36.670 31672 31683 I SpectrePeripheral: event=char_read peer=xx:7A:39 char=control requestId=80 offset=0 valueBytes=26 responseBytes=26
08-07 13:07:36.728 31672 31672 I SpectrePeripheral: event=char_write peer=xx:7A:39 char=storage requestId=81 offset=0 chunkBytes=90 totalBytes=90 prepared=false responseNeeded=true
08-07 13:07:36.729 31672 31672 I SpectrePeripheral: event=storage_snapshot_received peer=xx:7A:39 cipherBytes=90 plainBytes=68
08-07 13:07:39.353 31672 31683 I SpectrePeripheral: event=char_read peer=xx:7A:39 char=gps requestId=82 offset=0 valueBytes=42 responseBytes=42
08-07 13:07:39.396 31672 31683 I SpectrePeripheral: event=char_read peer=xx:7A:39 char=control requestId=83 offset=0 valueBytes=26 responseBytes=26
08-07 13:07:39.461 31672 31672 I SpectrePeripheral: event=char_write peer=xx:7A:39 char=event_batch requestId=84 offset=0 chunkBytes=202 totalBytes=202 prepared=false responseNeeded=true
08-07 13:07:39.462 31672 31672 I SpectrePeripheral: event=event_batch_received peer=xx:7A:39 cipherBytes=202 plainBytes=180 recordsEstimate=18 sessionId=0 batchId=0 totalBatches=1
08-07 13:07:39.636 31672 31696 I ReactNativeJS: [SpectreEnrich] batch events=18 matched=1 skipped=17 history=186 firstEvent=1783046093000 lastEvent=1785170117000 oldestHistory=1783461501000 newestHistory=1786124952000 nearestDriftMin=219612 nearestDriftMax=415408000 nearestFixFirst=1783461501000 nativeRecorder=1
08-07 13:07:39.638 31672 31672 W SpectrePeripheral: event=enrichment_response_unframed records=18 pendingRecords=18 sessionId=0 batchId=0
08-07 13:07:39.638 31672 31672 I SpectrePeripheral: event=notify_chunked char=enrichment plainBytes=846 chunks=5 chunkPlainMax=200
08-07 13:07:39.638 31672 31672 I SpectrePeripheral: event=notify_chunk char=enrichment chunk=0 plainBytes=200 bytes=222
08-07 13:07:39.639 31672 31672 I SpectrePeripheral: event=notify_queued peer=xx:7A:39 char=enrichment bytes=222 label=chunked chunk=0 chunks=5 queued=1
08-07 13:07:39.640 31672 31672 I SpectrePeripheral: event=notify_send reason=enqueue peer=xx:7A:39 char=enrichment bytes=222 label=chunked chunk=0 chunks=5 remaining=0
08-07 13:07:39.640 31672 31672 I SpectrePeripheral: event=notify_chunk char=enrichment chunk=1 plainBytes=200 bytes=222
08-07 13:07:39.641 31672 31672 I SpectrePeripheral: event=notify_queued peer=xx:7A:39 char=enrichment bytes=222 label=chunked chunk=1 chunks=5 queued=1
08-07 13:07:39.641 31672 31672 I SpectrePeripheral: event=notify_chunk char=enrichment chunk=2 plainBytes=200 bytes=222
08-07 13:07:39.641 31672 31672 I SpectrePeripheral: event=notify_queued peer=xx:7A:39 char=enrichment bytes=222 label=chunked chunk=2 chunks=5 queued=2
08-07 13:07:39.641 31672 31672 I SpectrePeripheral: event=notify_chunk char=enrichment chunk=3 plainBytes=200 bytes=222
08-07 13:07:39.641 31672 31672 I SpectrePeripheral: event=notify_queued peer=xx:7A:39 char=enrichment bytes=222 label=chunked chunk=3 chunks=5 queued=3
08-07 13:07:39.641 31672 31672 I SpectrePeripheral: event=notify_chunk char=enrichment chunk=4 plainBytes=46 bytes=68
08-07 13:07:39.641 31672 31672 I SpectrePeripheral: event=notify_queued peer=xx:7A:39 char=enrichment bytes=68 label=chunked chunk=4 chunks=5 queued=4
08-07 13:07:39.641 31672 31672 I SpectrePeripheral: event=update_value char=control bytes=4
08-07 13:07:39.642 31672 31672 I SpectrePeripheral: event=notify_requested char=control bytes=26 connected=1
08-07 13:07:39.642 31672 31672 I SpectrePeripheral: event=notify_device peer=xx:7A:39 char=control bytes=26
08-07 13:07:39.643 31672 31672 I SpectrePeripheral: event=secure_value_updated char=control channel=2 plainBytes=4 cipherBytes=26 notify=true
08-07 13:07:39.643 31672 31672 I SpectrePeripheral: event=notify_sent peer=xx:7A:39 status=success remaining=4
08-07 13:07:39.643 31672 31672 I SpectrePeripheral: event=notify_send reason=sent peer=xx:7A:39 char=enrichment bytes=222 label=chunked chunk=1 chunks=5 remaining=3
08-07 13:07:39.644 31672 31672 I SpectrePeripheral: event=notify_sent peer=xx:7A:39 status=success remaining=3
08-07 13:07:39.644 31672 31672 I SpectrePeripheral: event=notify_send reason=sent peer=xx:7A:39 char=enrichment bytes=222 label=chunked chunk=2 chunks=5 remaining=2
08-07 13:07:39.652 31672 31672 I SpectrePeripheral: event=notify_sent peer=xx:7A:39 status=success remaining=2
08-07 13:07:39.652 31672 31672 I SpectrePeripheral: event=notify_send reason=sent peer=xx:7A:39 char=enrichment bytes=222 label=chunked chunk=3 chunks=5 remaining=1
08-07 13:07:39.653 31672 31672 I SpectrePeripheral: event=notify_sent peer=xx:7A:39 status=success remaining=1
08-07 13:07:39.653 31672 31672 I SpectrePeripheral: event=notify_send reason=sent peer=xx:7A:39 char=enrichment bytes=68 label=chunked chunk=4 chunks=5 remaining=0
08-07 13:07:39.654 31672 31672 I SpectrePeripheral: event=notify_sent peer=xx:7A:39 status=success remaining=0
08-07 13:07:39.659 31672 31672 I SpectrePeripheral: event=notify_sent peer=xx:7A:39 status=success remaining=0
08-07 13:07:44.512 31672 31672 I SpectrePeripheral: event=connection_state peer=xx:7A:39 status=0 newState=disconnected connectedBefore=1
08-07 13:07:44.512 31672 31672 I SpectrePeripheral: event=advertise_restart reason=disconnect mode=uuidOnly count=12
08-07 13:07:44.512 31672 31672 I SpectrePeripheral: event=app_log message=Advertising restart requested: disconnect
08-07 13:07:44.513 31672 31672 I SpectrePeripheral: event=advertise_stop_request mode=uuidOnly
08-07 13:07:44.514 31672 31672 I SpectrePeripheral: event=advertise_start_request mode=uuidOnly includeName=false includeService=true scanResponseService=false connectable=true
08-07 13:07:44.515 31672 31672 I SpectrePeripheral: event=app_log message=Peripheral disconnected: 64:E8:33:4B:7A:39
08-07 13:07:44.611 31672 31672 I SpectrePeripheral: event=advertise_start_success mode=uuidOnly txPower=3 advertiseMode=2 restarts=12
08-07 13:07:44.611 31672 31672 I SpectrePeripheral: event=app_log message=Spectre peripheral advertising started
08-07 13:07:45.711 31672 31672 I SpectrePeripheral: event=update_value char=control bytes=4
08-07 13:07:45.711 31672 31672 I SpectrePeripheral: event=secure_value_pending char=control plainBytes=4
08-07 13:15:28.041  8720  8747 I ReactNativeJS: Running "SpectreCompanion"
08-07 13:15:47.207  8720  8720 I SpectrePeripheral: event=start_server mode=uuidOnly useDeviceLocation=false metadataBytes=14 gpsBytes=20 controlBytes=4 enrichmentBytes=0
08-07 13:15:47.211  8720  8720 I SpectrePeripheral: event=secure_value_pending char=metadata plainBytes=14
08-07 13:15:47.211  8720  8720 I SpectrePeripheral: event=secure_value_pending char=gps plainBytes=20
08-07 13:15:47.211  8720  8720 I SpectrePeripheral: event=secure_value_pending char=control plainBytes=4
08-07 13:15:47.214  8720  8720 I SpectrePeripheral: event=service_char_added char=gps properties=read|notify permissions=1
08-07 13:15:47.214  8720  8720 I SpectrePeripheral: event=service_char_added char=control properties=read|notify permissions=1
08-07 13:15:47.214  8720  8720 I SpectrePeripheral: event=service_char_added char=metadata properties=read|notify permissions=1
08-07 13:15:47.214  8720  8720 I SpectrePeripheral: event=service_char_added char=event_batch properties=write|write_no_response permissions=16
08-07 13:15:47.214  8720  8720 I SpectrePeripheral: event=service_char_added char=enrichment properties=read|notify permissions=1
08-07 13:15:47.214  8720  8720 I SpectrePeripheral: event=service_char_added char=auth properties=notify permissions=0
08-07 13:15:47.214  8720  8720 I SpectrePeripheral: event=service_char_added char=auth_request properties=write|write_no_response permissions=16
08-07 13:15:47.214  8720  8720 I SpectrePeripheral: event=service_char_added char=storage properties=write|write_no_response permissions=16
08-07 13:15:47.214  8720  8720 I SpectrePeripheral: event=service_char_added char=command_req properties=read|notify permissions=1
08-07 13:15:47.214  8720  8720 I SpectrePeripheral: event=service_char_added char=command_resp properties=write|write_no_response permissions=16
08-07 13:15:47.214  8720  8720 I SpectrePeripheral: event=service_char_added char=log_stream properties=write|write_no_response permissions=16
08-07 13:15:47.214  8720  8720 I SpectrePeripheral: event=service_char_added char=dashboard_stream properties=write|write_no_response permissions=16
08-07 13:15:47.214  8720  8720 I SpectrePeripheral: event=service_char_added char=notification properties=write|write_no_response permissions=16
08-07 13:15:47.216  8720  8720 I SpectrePeripheral: event=service_added status=success uuid=phone_service characteristics=13 pendingAdvertise=true
08-07 13:15:47.216  8720  8720 I SpectrePeripheral: event=app_log message=Spectre GATT service ready
08-07 13:15:47.216  8720  8720 I SpectrePeripheral: event=advertise_start_request mode=uuidOnly includeName=false includeService=true scanResponseService=false connectable=true
08-07 13:15:47.224  8720  8720 I SpectrePeripheral: event=update_value char=gps bytes=20
08-07 13:15:47.224  8720  8720 I SpectrePeripheral: event=secure_value_pending char=gps plainBytes=20
08-07 13:15:47.231  8720  8720 I SpectrePeripheral: event=advertise_start_success mode=uuidOnly txPower=3 advertiseMode=2 restarts=0
08-07 13:15:47.231  8720  8720 I SpectrePeripheral: event=app_log message=Spectre peripheral advertising started
08-07 13:16:02.229  8720  8720 I SpectrePeripheral: event=update_value char=gps bytes=20
08-07 13:16:02.229  8720  8720 I SpectrePeripheral: event=secure_value_pending char=gps plainBytes=20
08-07 13:16:09.853  8720  8720 I SpectrePeripheral: event=update_value char=gps bytes=20
08-07 13:16:09.853  8720  8720 I SpectrePeripheral: event=secure_value_pending char=gps plainBytes=20
08-07 13:17:19.891  8720  8720 I SpectrePeripheral: event=update_value char=gps bytes=20
08-07 13:17:19.891  8720  8720 I SpectrePeripheral: event=secure_value_pending char=gps plainBytes=20
08-07 13:19:32.617  8720  8774 I SpectrePeripheral: event=mtu_changed peer=xx:7A:39 mtu=247
08-07 13:19:32.617  8720  8720 I SpectrePeripheral: event=connection_state peer=xx:7A:39 status=0 newState=connected connectedBefore=0
08-07 13:19:32.617  8720  8720 I SpectrePeripheral: event=app_log message=Peripheral connected: 64:E8:33:4B:7A:39
08-07 13:19:33.125  8720  8774 I SpectrePeripheral: event=descriptor_write peer=xx:7A:39 descriptor=cccd char=auth requestId=85 offset=0 bytes=2 responseNeeded=true value=notify
08-07 13:20:03.620  8720  8720 I SpectrePeripheral: event=connection_state peer=xx:7A:39 status=0 newState=disconnected connectedBefore=1
08-07 13:20:03.620  8720  8720 I SpectrePeripheral: event=advertise_restart reason=disconnect mode=uuidOnly count=1
08-07 13:20:03.620  8720  8720 I SpectrePeripheral: event=app_log message=Advertising restart requested: disconnect
08-07 13:20:03.621  8720  8720 I SpectrePeripheral: event=advertise_stop_request mode=uuidOnly
08-07 13:20:03.621  8720  8720 I SpectrePeripheral: event=advertise_start_request mode=uuidOnly includeName=false includeService=true scanResponseService=false connectable=true
08-07 13:20:03.622  8720  8720 I SpectrePeripheral: event=app_log message=Peripheral disconnected: 64:E8:33:4B:7A:39
08-07 13:20:03.655  8720  8720 I SpectrePeripheral: event=advertise_start_success mode=uuidOnly txPower=3 advertiseMode=2 restarts=1
08-07 13:20:03.655  8720  8720 I SpectrePeripheral: event=app_log message=Spectre peripheral advertising started
08-07 13:20:04.653  8720  8720 I SpectrePeripheral: event=connection_state peer=xx:7A:39 status=0 newState=connected connectedBefore=0
08-07 13:20:04.653  8720  8720 I SpectrePeripheral: event=app_log message=Peripheral connected: 64:E8:33:4B:7A:39
08-07 13:20:34.635  8720  8720 I SpectrePeripheral: event=connection_state peer=xx:7A:39 status=0 newState=disconnected connectedBefore=1
08-07 13:20:34.635  8720  8720 I SpectrePeripheral: event=advertise_restart reason=disconnect mode=uuidOnly count=2
08-07 13:20:34.635  8720  8720 I SpectrePeripheral: event=app_log message=Advertising restart requested: disconnect
08-07 13:20:34.636  8720  8720 I SpectrePeripheral: event=advertise_stop_request mode=uuidOnly
08-07 13:20:34.636  8720  8720 I SpectrePeripheral: event=advertise_start_request mode=uuidOnly includeName=false includeService=true scanResponseService=false connectable=true
08-07 13:20:34.637  8720  8720 I SpectrePeripheral: event=app_log message=Peripheral disconnected: 64:E8:33:4B:7A:39
08-07 13:20:34.662  8720  8720 I SpectrePeripheral: event=advertise_start_success mode=uuidOnly txPower=3 advertiseMode=2 restarts=2
08-07 13:20:34.662  8720  8720 I SpectrePeripheral: event=app_log message=Spectre peripheral advertising started
08-07 13:20:37.383  8720  8720 I SpectrePeripheral: event=connection_state peer=xx:7A:39 status=0 newState=connected connectedBefore=0
08-07 13:20:37.383  8720  8720 I SpectrePeripheral: event=app_log message=Peripheral connected: 64:E8:33:4B:7A:39
08-07 13:20:37.387  8720  8774 I SpectrePeripheral: event=mtu_changed peer=xx:7A:39 mtu=247
08-07 13:20:37.739  8720  8731 I SpectrePeripheral: event=descriptor_write peer=xx:7A:39 descriptor=cccd char=auth requestId=86 offset=0 bytes=2 responseNeeded=true value=notify
08-07 13:21:08.180  8720  8720 I SpectrePeripheral: event=connection_state peer=xx:7A:39 status=0 newState=disconnected connectedBefore=1
08-07 13:21:08.180  8720  8720 I SpectrePeripheral: event=advertise_restart reason=disconnect mode=uuidOnly count=3
08-07 13:21:08.180  8720  8720 I SpectrePeripheral: event=app_log message=Advertising restart requested: disconnect
08-07 13:21:08.181  8720  8720 I SpectrePeripheral: event=advertise_stop_request mode=uuidOnly
08-07 13:21:08.182  8720  8720 I SpectrePeripheral: event=advertise_start_request mode=uuidOnly includeName=false includeService=true scanResponseService=false connectable=true
08-07 13:21:08.183  8720  8720 I SpectrePeripheral: event=app_log message=Peripheral disconnected: 64:E8:33:4B:7A:39
08-07 13:21:08.215  8720  8720 I SpectrePeripheral: event=advertise_start_success mode=uuidOnly txPower=3 advertiseMode=2 restarts=3
08-07 13:21:08.215  8720  8720 I SpectrePeripheral: event=app_log message=Spectre peripheral advertising started
08-07 13:21:09.362  8720  8720 I SpectrePeripheral: event=connection_state peer=xx:7A:39 status=0 newState=connected connectedBefore=0
08-07 13:21:09.362  8720  8720 I SpectrePeripheral: event=app_log message=Peripheral connected: 64:E8:33:4B:7A:39
08-07 13:21:39.337  8720  8720 I SpectrePeripheral: event=connection_state peer=xx:7A:39 status=0 newState=disconnected connectedBefore=1
08-07 13:21:39.337  8720  8720 I SpectrePeripheral: event=advertise_restart reason=disconnect mode=uuidOnly count=4
08-07 13:21:39.337  8720  8720 I SpectrePeripheral: event=app_log message=Advertising restart requested: disconnect
08-07 13:21:39.337  8720  8720 I SpectrePeripheral: event=advertise_stop_request mode=uuidOnly
08-07 13:21:39.338  8720  8720 I SpectrePeripheral: event=advertise_start_request mode=uuidOnly includeName=false includeService=true scanResponseService=false connectable=true
08-07 13:21:39.339  8720  8720 I SpectrePeripheral: event=app_log message=Peripheral disconnected: 64:E8:33:4B:7A:39
08-07 13:21:39.369  8720  8720 I SpectrePeripheral: event=advertise_start_success mode=uuidOnly txPower=3 advertiseMode=2 restarts=4
08-07 13:21:39.369  8720  8720 I SpectrePeripheral: event=app_log message=Spectre peripheral advertising started
08-07 13:27:40.559  8720  8720 I SpectrePeripheral: event=connection_state peer=xx:7A:39 status=0 newState=connected connectedBefore=0
08-07 13:27:40.559  8720  8720 I SpectrePeripheral: event=app_log message=Peripheral connected: 64:E8:33:4B:7A:39
08-07 13:27:40.561  8720  8732 I SpectrePeripheral: event=mtu_changed peer=xx:7A:39 mtu=247
08-07 13:27:40.917  8720  8731 I SpectrePeripheral: event=descriptor_write peer=xx:7A:39 descriptor=cccd char=auth requestId=87 offset=0 bytes=2 responseNeeded=true value=notify
08-07 13:27:41.311  8720  8731 I SpectrePeripheral: event=char_write peer=xx:7A:39 char=auth_request requestId=88 offset=0 chunkBytes=20 totalBytes=20 prepared=false responseNeeded=true
08-07 13:27:41.311  8720  8731 I SpectrePeripheral: event=auth_challenge_chunk peer=xx:7A:39 bytes=20 targetBytes=163
08-07 13:27:41.369  8720  8731 I SpectrePeripheral: event=char_write peer=xx:7A:39 char=auth_request requestId=89 offset=0 chunkBytes=20 totalBytes=40 prepared=false responseNeeded=true
08-07 13:27:41.369  8720  8731 I SpectrePeripheral: event=auth_challenge_chunk peer=xx:7A:39 bytes=40 targetBytes=163
08-07 13:27:41.428  8720  8731 I SpectrePeripheral: event=char_write peer=xx:7A:39 char=auth_request requestId=90 offset=0 chunkBytes=20 totalBytes=60 prepared=false responseNeeded=true
08-07 13:27:41.429  8720  8731 I SpectrePeripheral: event=auth_challenge_chunk peer=xx:7A:39 bytes=60 targetBytes=163
08-07 13:27:41.488  8720  8731 I SpectrePeripheral: event=char_write peer=xx:7A:39 char=auth_request requestId=91 offset=0 chunkBytes=20 totalBytes=80 prepared=false responseNeeded=true
08-07 13:27:41.489  8720  8731 I SpectrePeripheral: event=auth_challenge_chunk peer=xx:7A:39 bytes=80 targetBytes=163
08-07 13:27:41.547  8720  8731 I SpectrePeripheral: event=char_write peer=xx:7A:39 char=auth_request requestId=92 offset=0 chunkBytes=20 totalBytes=100 prepared=false responseNeeded=true
08-07 13:27:41.548  8720  8731 I SpectrePeripheral: event=auth_challenge_chunk peer=xx:7A:39 bytes=100 targetBytes=163
08-07 13:27:41.605  8720  8731 I SpectrePeripheral: event=char_write peer=xx:7A:39 char=auth_request requestId=93 offset=0 chunkBytes=20 totalBytes=120 prepared=false responseNeeded=true
08-07 13:27:41.606  8720  8731 I SpectrePeripheral: event=auth_challenge_chunk peer=xx:7A:39 bytes=120 targetBytes=163
08-07 13:27:41.667  8720  8731 I SpectrePeripheral: event=char_write peer=xx:7A:39 char=auth_request requestId=94 offset=0 chunkBytes=20 totalBytes=140 prepared=false responseNeeded=true
08-07 13:27:41.668  8720  8731 I SpectrePeripheral: event=auth_challenge_chunk peer=xx:7A:39 bytes=140 targetBytes=163
08-07 13:27:41.730  8720  8731 I SpectrePeripheral: event=char_write peer=xx:7A:39 char=auth_request requestId=95 offset=0 chunkBytes=20 totalBytes=160 prepared=false responseNeeded=true
08-07 13:27:41.731  8720  8731 I SpectrePeripheral: event=auth_challenge_chunk peer=xx:7A:39 bytes=160 targetBytes=163
08-07 13:27:41.787  8720  8731 I SpectrePeripheral: event=char_write peer=xx:7A:39 char=auth_request requestId=96 offset=0 chunkBytes=3 totalBytes=163 prepared=false responseNeeded=true
08-07 13:27:41.788  8720  8731 I SpectrePeripheral: event=auth_challenge_received peer=xx:7A:39 bytes=163
08-07 13:27:41.796  8720  8731 I SpectrePeripheral: event=notify_requested char=auth bytes=163 connected=1
08-07 13:27:41.797  8720  8731 I SpectrePeripheral: event=notify_queued peer=xx:7A:39 char=auth bytes=163 label=value chunk=0 chunks=1 queued=1
08-07 13:27:41.797  8720  8731 I SpectrePeripheral: event=notify_send reason=enqueue peer=xx:7A:39 char=auth bytes=163 label=value chunk=0 chunks=1 remaining=0
08-07 13:27:41.798  8720  8731 I SpectrePeripheral: event=secure_value_updated char=metadata channel=3 plainBytes=14 cipherBytes=36 notify=false
08-07 13:27:41.798  8720  8731 I SpectrePeripheral: event=notify_requested char=gps bytes=42 connected=1
08-07 13:27:41.799  8720  8731 I SpectrePeripheral: event=notify_queued peer=xx:7A:39 char=gps bytes=42 label=value chunk=0 chunks=1 queued=1
08-07 13:27:41.799  8720  8731 I SpectrePeripheral: event=secure_value_updated char=gps channel=1 plainBytes=20 cipherBytes=42 notify=true
08-07 13:27:41.799  8720  8731 I SpectrePeripheral: event=secure_value_updated char=control channel=2 plainBytes=4 cipherBytes=26 notify=false
08-07 13:27:41.800  8720  8731 I SpectrePeripheral: event=auth_session_ready peer=xx:7A:39 responseBytes=163
08-07 13:27:41.800  8720  8731 I SpectrePeripheral: event=app_log message=Secure session established with 64:E8:33:4B:7A:39
08-07 13:27:41.802  8720  8720 I SpectrePeripheral: event=notify_sent peer=xx:7A:39 status=success remaining=1
08-07 13:27:41.802  8720  8720 I SpectrePeripheral: event=notify_send reason=sent peer=xx:7A:39 char=gps bytes=42 label=value chunk=0 chunks=1 remaining=0
08-07 13:27:41.805  8720  8720 I SpectrePeripheral: event=notify_sent peer=xx:7A:39 status=success remaining=0
08-07 13:27:41.818  8720  8720 I SpectrePeripheral: event=update_value char=gps bytes=20
08-07 13:27:41.818  8720  8720 I SpectrePeripheral: event=notify_requested char=gps bytes=42 connected=1
08-07 13:27:41.819  8720  8720 I SpectrePeripheral: event=notify_queued peer=xx:7A:39 char=gps bytes=42 label=value chunk=0 chunks=1 queued=1
08-07 13:27:41.820  8720  8720 I SpectrePeripheral: event=notify_send reason=enqueue peer=xx:7A:39 char=gps bytes=42 label=value chunk=0 chunks=1 remaining=0
08-07 13:27:41.820  8720  8720 I SpectrePeripheral: event=secure_value_updated char=gps channel=1 plainBytes=20 cipherBytes=42 notify=true
08-07 13:27:41.821  8720  8720 I SpectrePeripheral: event=notify_sent peer=xx:7A:39 status=success remaining=0
08-07 13:27:42.416  8720  8731 I SpectrePeripheral: event=descriptor_write peer=xx:7A:39 descriptor=cccd char=enrichment requestId=97 offset=0 bytes=2 responseNeeded=true value=notify
08-07 13:27:42.477  8720  8731 I SpectrePeripheral: event=char_read peer=xx:7A:39 char=metadata requestId=98 offset=0 valueBytes=36 responseBytes=36
08-07 13:27:42.536  8720  8731 I SpectrePeripheral: event=char_read peer=xx:7A:39 char=gps requestId=99 offset=0 valueBytes=42 responseBytes=42
08-07 13:27:42.596  8720  8731 I SpectrePeripheral: event=char_read peer=xx:7A:39 char=control requestId=100 offset=0 valueBytes=26 responseBytes=26
08-07 13:27:42.689  8720  8720 I SpectrePeripheral: event=char_write peer=xx:7A:39 char=storage requestId=101 offset=0 chunkBytes=90 totalBytes=90 prepared=false responseNeeded=true
08-07 13:27:42.690  8720  8720 I SpectrePeripheral: event=storage_snapshot_received peer=xx:7A:39 cipherBytes=90 plainBytes=68
08-07 13:27:42.747  8720  8731 I SpectrePeripheral: event=char_read peer=xx:7A:39 char=gps requestId=102 offset=0 valueBytes=42 responseBytes=42
08-07 13:27:42.806  8720  8731 I SpectrePeripheral: event=char_read peer=xx:7A:39 char=control requestId=103 offset=0 valueBytes=26 responseBytes=26
08-07 13:27:45.374  8720  8731 I SpectrePeripheral: event=char_read peer=xx:7A:39 char=control requestId=104 offset=0 valueBytes=26 responseBytes=26
08-07 13:27:45.419  8720  8720 I SpectrePeripheral: event=char_write peer=xx:7A:39 char=event_batch requestId=105 offset=0 chunkBytes=202 totalBytes=202 prepared=false responseNeeded=true
08-07 13:27:45.421  8720  8720 I SpectrePeripheral: event=event_batch_received peer=xx:7A:39 cipherBytes=202 plainBytes=180 recordsEstimate=18 sessionId=0 batchId=0 totalBatches=1
08-07 13:27:45.593  8720  8747 I ReactNativeJS: [SpectreEnrich] batch events=18 matched=1 skipped=17 history=188 firstEvent=1783046093000 lastEvent=1785170117000 oldestHistory=1783461501000 newestHistory=1786126571866 nearestDriftMin=219612 nearestDriftMax=415408000 nearestFixFirst=1783461501000 nativeRecorder=1
08-07 13:27:45.595  8720  8720 I SpectrePeripheral: event=update_value char=control bytes=4
08-07 13:27:45.595  8720  8720 I SpectrePeripheral: event=notify_requested char=control bytes=26 connected=1
08-07 13:27:45.596  8720  8720 I SpectrePeripheral: event=notify_queued peer=xx:7A:39 char=control bytes=26 label=value chunk=0 chunks=1 queued=1
08-07 13:27:45.597  8720  8720 I SpectrePeripheral: event=notify_send reason=enqueue peer=xx:7A:39 char=control bytes=26 label=value chunk=0 chunks=1 remaining=0
08-07 13:27:45.597  8720  8720 I SpectrePeripheral: event=secure_value_updated char=control channel=2 plainBytes=4 cipherBytes=26 notify=true
08-07 13:27:45.599  8720  8720 W SpectrePeripheral: event=enrichment_response_unframed records=18 pendingRecords=18 sessionId=0 batchId=0
08-07 13:27:45.599  8720  8720 I SpectrePeripheral: event=notify_chunked char=enrichment plainBytes=846 chunks=5 chunkPlainMax=200
08-07 13:27:45.599  8720  8720 I SpectrePeripheral: event=notify_chunk char=enrichment chunk=0 plainBytes=200 bytes=222
08-07 13:27:45.600  8720  8720 I SpectrePeripheral: event=notify_queued peer=xx:7A:39 char=enrichment bytes=222 label=chunked chunk=0 chunks=5 queued=1
08-07 13:27:45.600  8720  8720 I SpectrePeripheral: event=notify_chunk char=enrichment chunk=1 plainBytes=200 bytes=222
08-07 13:27:45.600  8720  8720 I SpectrePeripheral: event=notify_queued peer=xx:7A:39 char=enrichment bytes=222 label=chunked chunk=1 chunks=5 queued=2
08-07 13:27:45.600  8720  8720 I SpectrePeripheral: event=notify_chunk char=enrichment chunk=2 plainBytes=200 bytes=222
08-07 13:27:45.600  8720  8720 I SpectrePeripheral: event=notify_queued peer=xx:7A:39 char=enrichment bytes=222 label=chunked chunk=2 chunks=5 queued=3
08-07 13:27:45.600  8720  8720 I SpectrePeripheral: event=notify_chunk char=enrichment chunk=3 plainBytes=200 bytes=222
08-07 13:27:45.601  8720  8720 I SpectrePeripheral: event=notify_queued peer=xx:7A:39 char=enrichment bytes=222 label=chunked chunk=3 chunks=5 queued=4
08-07 13:27:45.601  8720  8720 I SpectrePeripheral: event=notify_chunk char=enrichment chunk=4 plainBytes=46 bytes=68
08-07 13:27:45.601  8720  8720 I SpectrePeripheral: event=notify_queued peer=xx:7A:39 char=enrichment bytes=68 label=chunked chunk=4 chunks=5 queued=5
08-07 13:27:45.601  8720  8720 I SpectrePeripheral: event=notify_sent peer=xx:7A:39 status=success remaining=5
08-07 13:27:45.602  8720  8720 I SpectrePeripheral: event=notify_send reason=sent peer=xx:7A:39 char=enrichment bytes=222 label=chunked chunk=0 chunks=5 remaining=4
08-07 13:27:45.604  8720  8720 I SpectrePeripheral: event=notify_sent peer=xx:7A:39 status=success remaining=4
08-07 13:27:45.680  8720  8720 I SpectrePeripheral: event=notify_send reason=sent_paced peer=xx:7A:39 char=enrichment bytes=222 label=chunked chunk=1 chunks=5 remaining=3
08-07 13:27:45.683  8720  8720 I SpectrePeripheral: event=notify_sent peer=xx:7A:39 status=success remaining=3
08-07 13:27:45.759  8720  8720 I SpectrePeripheral: event=notify_send reason=sent_paced peer=xx:7A:39 char=enrichment bytes=222 label=chunked chunk=2 chunks=5 remaining=2
08-07 13:27:45.761  8720  8720 I SpectrePeripheral: event=notify_sent peer=xx:7A:39 status=success remaining=2
08-07 13:27:45.838  8720  8720 I SpectrePeripheral: event=notify_send reason=sent_paced peer=xx:7A:39 char=enrichment bytes=222 label=chunked chunk=3 chunks=5 remaining=1
08-07 13:27:45.840  8720  8720 I SpectrePeripheral: event=notify_sent peer=xx:7A:39 status=success remaining=1
08-07 13:27:45.917  8720  8720 I SpectrePeripheral: event=notify_send reason=sent_paced peer=xx:7A:39 char=enrichment bytes=68 label=chunked chunk=4 chunks=5 remaining=0
08-07 13:27:45.919  8720  8720 I SpectrePeripheral: event=notify_sent peer=xx:7A:39 status=success remaining=0
08-07 13:27:46.756  8720  8720 I SpectrePeripheral: event=char_write peer=xx:7A:39 char=event_batch requestId=106 offset=0 chunkBytes=202 totalBytes=202 prepared=false responseNeeded=true
08-07 13:27:46.758  8720  8720 I SpectrePeripheral: event=event_batch_received peer=xx:7A:39 cipherBytes=202 plainBytes=180 recordsEstimate=18 sessionId=0 batchId=0 totalBatches=2
08-07 13:27:46.933  8720  8720 I SpectrePeripheral: event=update_value char=control bytes=4
08-07 13:27:46.933  8720  8720 I SpectrePeripheral: event=notify_requested char=control bytes=26 connected=1
08-07 13:27:46.934  8720  8720 I SpectrePeripheral: event=notify_queued peer=xx:7A:39 char=control bytes=26 label=value chunk=0 chunks=1 queued=1
08-07 13:27:46.934  8720  8747 I ReactNativeJS: [SpectreEnrich] batch events=18 matched=4 skipped=14 history=188 firstEvent=1783044772000 lastEvent=1785190003000 oldestHistory=1783461501000 newestHistory=1786126571866 nearestDriftMin=148000 nearestDriftMax=540878000 nearestFixFirst=1783461501000 nativeRecorder=1
08-07 13:27:46.935  8720  8720 I SpectrePeripheral: event=notify_send reason=enqueue peer=xx:7A:39 char=control bytes=26 label=value chunk=0 chunks=1 remaining=0
08-07 13:27:46.935  8720  8720 I SpectrePeripheral: event=secure_value_updated char=control channel=2 plainBytes=4 cipherBytes=26 notify=true
08-07 13:27:46.935  8720  8720 W SpectrePeripheral: event=enrichment_response_unframed records=18 pendingRecords=18 sessionId=0 batchId=0
08-07 13:27:46.935  8720  8720 I SpectrePeripheral: event=notify_chunked char=enrichment plainBytes=846 chunks=5 chunkPlainMax=200
08-07 13:27:46.936  8720  8720 I SpectrePeripheral: event=notify_chunk char=enrichment chunk=0 plainBytes=200 bytes=222
08-07 13:27:46.936  8720  8720 I SpectrePeripheral: event=notify_queued peer=xx:7A:39 char=enrichment bytes=222 label=chunked chunk=0 chunks=5 queued=1
08-07 13:27:46.936  8720  8720 I SpectrePeripheral: event=notify_chunk char=enrichment chunk=1 plainBytes=200 bytes=222
08-07 13:27:46.937  8720  8720 I SpectrePeripheral: event=notify_queued peer=xx:7A:39 char=enrichment bytes=222 label=chunked chunk=1 chunks=5 queued=2
08-07 13:27:46.938  8720  8720 I SpectrePeripheral: event=notify_chunk char=enrichment chunk=2 plainBytes=200 bytes=222
08-07 13:27:46.938  8720  8720 I SpectrePeripheral: event=notify_queued peer=xx:7A:39 char=enrichment bytes=222 label=chunked chunk=2 chunks=5 queued=3
08-07 13:27:46.938  8720  8720 I SpectrePeripheral: event=notify_chunk char=enrichment chunk=3 plainBytes=200 bytes=222
08-07 13:27:46.939  8720  8720 I SpectrePeripheral: event=notify_queued peer=xx:7A:39 char=enrichment bytes=222 label=chunked chunk=3 chunks=5 queued=4
08-07 13:27:46.939  8720  8720 I SpectrePeripheral: event=notify_chunk char=enrichment chunk=4 plainBytes=46 bytes=68
08-07 13:27:46.940  8720  8720 I SpectrePeripheral: event=notify_queued peer=xx:7A:39 char=enrichment bytes=68 label=chunked chunk=4 chunks=5 queued=5
08-07 13:27:46.940  8720  8720 I SpectrePeripheral: event=notify_sent peer=xx:7A:39 status=success remaining=5
08-07 13:27:46.941  8720  8720 I SpectrePeripheral: event=notify_send reason=sent peer=xx:7A:39 char=enrichment bytes=222 label=chunked chunk=0 chunks=5 remaining=4
08-07 13:27:46.943  8720  8720 I SpectrePeripheral: event=notify_sent peer=xx:7A:39 status=success remaining=4
08-07 13:27:47.019  8720  8720 I SpectrePeripheral: event=notify_send reason=sent_paced peer=xx:7A:39 char=enrichment bytes=222 label=chunked chunk=1 chunks=5 remaining=3
08-07 13:27:47.022  8720  8720 I SpectrePeripheral: event=notify_sent peer=xx:7A:39 status=success remaining=3
08-07 13:27:47.098  8720  8720 I SpectrePeripheral: event=notify_send reason=sent_paced peer=xx:7A:39 char=enrichment bytes=222 label=chunked chunk=2 chunks=5 remaining=2
08-07 13:27:47.101  8720  8720 I SpectrePeripheral: event=notify_sent peer=xx:7A:39 status=success remaining=2
08-07 13:27:47.177  8720  8720 I SpectrePeripheral: event=notify_send reason=sent_paced peer=xx:7A:39 char=enrichment bytes=222 label=chunked chunk=3 chunks=5 remaining=1
08-07 13:27:47.180  8720  8720 I SpectrePeripheral: event=notify_sent peer=xx:7A:39 status=success remaining=1
08-07 13:27:47.256  8720  8720 I SpectrePeripheral: event=notify_send reason=sent_paced peer=xx:7A:39 char=enrichment bytes=68 label=chunked chunk=4 chunks=5 remaining=0
08-07 13:27:47.259  8720  8720 I SpectrePeripheral: event=notify_sent peer=xx:7A:39 status=success remaining=0
08-07 13:27:47.582  8720  8762 I SpectrePeripheral: event=char_read peer=xx:7A:39 char=control requestId=107 offset=0 valueBytes=26 responseBytes=26
08-07 13:27:47.725  8720  8762 I SpectrePeripheral: event=char_read peer=xx:7A:39 char=gps requestId=108 offset=0 valueBytes=42 responseBytes=42
08-07 13:27:47.793  8720  8720 I SpectrePeripheral: event=char_write peer=xx:7A:39 char=event_batch requestId=109 offset=0 chunkBytes=202 totalBytes=202 prepared=false responseNeeded=true
08-07 13:27:47.795  8720  8720 I SpectrePeripheral: event=event_batch_received peer=xx:7A:39 cipherBytes=202 plainBytes=180 recordsEstimate=18 sessionId=0 batchId=0 totalBatches=3
08-07 13:27:47.962  8720  8747 I ReactNativeJS: [SpectreEnrich] batch events=18 matched=5 skipped=13 history=188 firstEvent=1783046296000 lastEvent=1785190009000 oldestHistory=1783461501000 newestHistory=1786126571866 nearestDriftMin=20931 nearestDriftMax=540870000 nearestFixFirst=1784071679928 nativeRecorder=1
08-07 13:27:47.966  8720  8720 I SpectrePeripheral: event=update_value char=control bytes=4
08-07 13:27:47.966  8720  8720 I SpectrePeripheral: event=notify_requested char=control bytes=26 connected=1
08-07 13:27:47.967  8720  8720 I SpectrePeripheral: event=notify_queued peer=xx:7A:39 char=control bytes=26 label=value chunk=0 chunks=1 queued=1
08-07 13:27:47.967  8720  8720 I SpectrePeripheral: event=notify_send reason=enqueue peer=xx:7A:39 char=control bytes=26 label=value chunk=0 chunks=1 remaining=0
08-07 13:27:47.967  8720  8720 I SpectrePeripheral: event=secure_value_updated char=control channel=2 plainBytes=4 cipherBytes=26 notify=true
08-07 13:27:47.967  8720  8720 W SpectrePeripheral: event=enrichment_response_unframed records=18 pendingRecords=18 sessionId=0 batchId=0
08-07 13:27:47.967  8720  8720 I SpectrePeripheral: event=notify_chunked char=enrichment plainBytes=846 chunks=5 chunkPlainMax=200
08-07 13:27:47.967  8720  8720 I SpectrePeripheral: event=notify_chunk char=enrichment chunk=0 plainBytes=200 bytes=222
08-07 13:27:47.968  8720  8720 I SpectrePeripheral: event=notify_queued peer=xx:7A:39 char=enrichment bytes=222 label=chunked chunk=0 chunks=5 queued=1
08-07 13:27:47.968  8720  8720 I SpectrePeripheral: event=notify_chunk char=enrichment chunk=1 plainBytes=200 bytes=222
08-07 13:27:47.968  8720  8720 I SpectrePeripheral: event=notify_queued peer=xx:7A:39 char=enrichment bytes=222 label=chunked chunk=1 chunks=5 queued=2
08-07 13:27:47.968  8720  8720 I SpectrePeripheral: event=notify_chunk char=enrichment chunk=2 plainBytes=200 bytes=222
08-07 13:27:47.968  8720  8720 I SpectrePeripheral: event=notify_queued peer=xx:7A:39 char=enrichment bytes=222 label=chunked chunk=2 chunks=5 queued=3
08-07 13:27:47.969  8720  8720 I SpectrePeripheral: event=notify_chunk char=enrichment chunk=3 plainBytes=200 bytes=222
08-07 13:27:47.969  8720  8720 I SpectrePeripheral: event=notify_queued peer=xx:7A:39 char=enrichment bytes=222 label=chunked chunk=3 chunks=5 queued=4
08-07 13:27:47.969  8720  8720 I SpectrePeripheral: event=notify_chunk char=enrichment chunk=4 plainBytes=46 bytes=68
08-07 13:27:47.969  8720  8720 I SpectrePeripheral: event=notify_queued peer=xx:7A:39 char=enrichment bytes=68 label=chunked chunk=4 chunks=5 queued=5
08-07 13:27:47.969  8720  8720 I SpectrePeripheral: event=notify_sent peer=xx:7A:39 status=success remaining=5
08-07 13:27:47.970  8720  8720 I SpectrePeripheral: event=notify_send reason=sent peer=xx:7A:39 char=enrichment bytes=222 label=chunked chunk=0 chunks=5 remaining=4
08-07 13:27:47.974  8720  8720 I SpectrePeripheral: event=notify_sent peer=xx:7A:39 status=success remaining=4
08-07 13:27:48.051  8720  8720 I SpectrePeripheral: event=notify_send reason=sent_paced peer=xx:7A:39 char=enrichment bytes=222 label=chunked chunk=1 chunks=5 remaining=3
08-07 13:27:48.054  8720  8720 I SpectrePeripheral: event=notify_sent peer=xx:7A:39 status=success remaining=3
08-07 13:27:48.131  8720  8720 I SpectrePeripheral: event=notify_send reason=sent_paced peer=xx:7A:39 char=enrichment bytes=222 label=chunked chunk=2 chunks=5 remaining=2
08-07 13:27:48.134  8720  8720 I SpectrePeripheral: event=notify_sent peer=xx:7A:39 status=success remaining=2
08-07 13:27:48.209  8720  8720 I SpectrePeripheral: event=notify_send reason=sent_paced peer=xx:7A:39 char=enrichment bytes=222 label=chunked chunk=3 chunks=5 remaining=1
08-07 13:27:48.212  8720  8720 I SpectrePeripheral: event=notify_sent peer=xx:7A:39 status=success remaining=1
08-07 13:27:48.288  8720  8720 I SpectrePeripheral: event=notify_send reason=sent_paced peer=xx:7A:39 char=enrichment bytes=68 label=chunked chunk=4 chunks=5 remaining=0
08-07 13:27:48.291  8720  8720 I SpectrePeripheral: event=notify_sent peer=xx:7A:39 status=success remaining=0
08-07 13:27:48.754  8720  8720 I SpectrePeripheral: event=char_write peer=xx:7A:39 char=event_batch requestId=110 offset=0 chunkBytes=202 totalBytes=202 prepared=false responseNeeded=true
08-07 13:27:48.755  8720  8720 I SpectrePeripheral: event=event_batch_received peer=xx:7A:39 cipherBytes=202 plainBytes=180 recordsEstimate=18 sessionId=0 batchId=0 totalBatches=4
08-07 13:27:48.929  8720  8747 I ReactNativeJS: [SpectreEnrich] batch events=18 matched=10 skipped=8 history=188 firstEvent=1783046304000 lastEvent=1786013630000 oldestHistory=1783461501000 newestHistory=1786126571866 nearestDriftMin=20000 nearestDriftMax=540867000 nearestFixFirst=1785189852000 nativeRecorder=1
08-07 13:27:48.932  8720  8720 I SpectrePeripheral: event=update_value char=control bytes=4
08-07 13:27:48.932  8720  8720 I SpectrePeripheral: event=notify_requested char=control bytes=26 connected=1
08-07 13:27:48.933  8720  8720 I SpectrePeripheral: event=notify_queued peer=xx:7A:39 char=control bytes=26 label=value chunk=0 chunks=1 queued=1
08-07 13:27:48.934  8720  8720 I SpectrePeripheral: event=notify_send reason=enqueue peer=xx:7A:39 char=control bytes=26 label=value chunk=0 chunks=1 remaining=0
08-07 13:27:48.934  8720  8720 I SpectrePeripheral: event=secure_value_updated char=control channel=2 plainBytes=4 cipherBytes=26 notify=true
08-07 13:27:48.934  8720  8720 W SpectrePeripheral: event=enrichment_response_unframed records=18 pendingRecords=18 sessionId=0 batchId=0
08-07 13:27:48.934  8720  8720 I SpectrePeripheral: event=notify_chunked char=enrichment plainBytes=846 chunks=5 chunkPlainMax=200
08-07 13:27:48.935  8720  8720 I SpectrePeripheral: event=notify_chunk char=enrichment chunk=0 plainBytes=200 bytes=222
08-07 13:27:48.935  8720  8720 I SpectrePeripheral: event=notify_queued peer=xx:7A:39 char=enrichment bytes=222 label=chunked chunk=0 chunks=5 queued=1
08-07 13:27:48.935  8720  8720 I SpectrePeripheral: event=notify_chunk char=enrichment chunk=1 plainBytes=200 bytes=222
08-07 13:27:48.935  8720  8720 I SpectrePeripheral: event=notify_queued peer=xx:7A:39 char=enrichment bytes=222 label=chunked chunk=1 chunks=5 queued=2
08-07 13:27:48.935  8720  8720 I SpectrePeripheral: event=notify_chunk char=enrichment chunk=2 plainBytes=200 bytes=222
08-07 13:27:48.936  8720  8720 I SpectrePeripheral: event=notify_queued peer=xx:7A:39 char=enrichment bytes=222 label=chunked chunk=2 chunks=5 queued=3
08-07 13:27:48.936  8720  8720 I SpectrePeripheral: event=notify_chunk char=enrichment chunk=3 plainBytes=200 bytes=222
08-07 13:27:48.936  8720  8720 I SpectrePeripheral: event=notify_queued peer=xx:7A:39 char=enrichment bytes=222 label=chunked chunk=3 chunks=5 queued=4
08-07 13:27:48.936  8720  8720 I SpectrePeripheral: event=notify_chunk char=enrichment chunk=4 plainBytes=46 bytes=68
08-07 13:27:48.937  8720  8720 I SpectrePeripheral: event=notify_queued peer=xx:7A:39 char=enrichment bytes=68 label=chunked chunk=4 chunks=5 queued=5
08-07 13:27:48.937  8720  8720 I SpectrePeripheral: event=notify_sent peer=xx:7A:39 status=success remaining=5
08-07 13:27:48.937  8720  8720 I SpectrePeripheral: event=notify_send reason=sent peer=xx:7A:39 char=enrichment bytes=222 label=chunked chunk=0 chunks=5 remaining=4
08-07 13:27:48.941  8720  8720 I SpectrePeripheral: event=notify_sent peer=xx:7A:39 status=success remaining=4
08-07 13:27:49.018  8720  8720 I SpectrePeripheral: event=notify_send reason=sent_paced peer=xx:7A:39 char=enrichment bytes=222 label=chunked chunk=1 chunks=5 remaining=3
08-07 13:27:49.020  8720  8720 I SpectrePeripheral: event=notify_sent peer=xx:7A:39 status=success remaining=3
08-07 13:27:49.097  8720  8720 I SpectrePeripheral: event=notify_send reason=sent_paced peer=xx:7A:39 char=enrichment bytes=222 label=chunked chunk=2 chunks=5 remaining=2
08-07 13:27:49.099  8720  8720 I SpectrePeripheral: event=notify_sent peer=xx:7A:39 status=success remaining=2
08-07 13:27:49.176  8720  8720 I SpectrePeripheral: event=notify_send reason=sent_paced peer=xx:7A:39 char=enrichment bytes=222 label=chunked chunk=3 chunks=5 remaining=1
08-07 13:27:49.178  8720  8720 I SpectrePeripheral: event=notify_sent peer=xx:7A:39 status=success remaining=1
08-07 13:27:49.254  8720  8720 I SpectrePeripheral: event=notify_send reason=sent_paced peer=xx:7A:39 char=enrichment bytes=68 label=chunked chunk=4 chunks=5 remaining=0
08-07 13:27:49.257  8720  8720 I SpectrePeripheral: event=notify_sent peer=xx:7A:39 status=success remaining=0
08-07 13:27:49.591  8720  8731 I SpectrePeripheral: event=char_read peer=xx:7A:39 char=control requestId=111 offset=0 valueBytes=26 responseBytes=26
08-07 13:27:49.741  8720  8720 I SpectrePeripheral: event=char_write peer=xx:7A:39 char=event_batch requestId=112 offset=0 chunkBytes=202 totalBytes=202 prepared=false responseNeeded=true
08-07 13:27:49.744  8720  8720 I SpectrePeripheral: event=event_batch_received peer=xx:7A:39 cipherBytes=202 plainBytes=180 recordsEstimate=18 sessionId=0 batchId=0 totalBatches=5
08-07 13:27:49.919  8720  8747 I ReactNativeJS: [SpectreEnrich] batch events=18 matched=11 skipped=7 history=188 firstEvent=1783044792000 lastEvent=1786013639000 oldestHistory=1783461501000 newestHistory=1786126571866 nearestDriftMin=23000 nearestDriftMax=416709000 nearestFixFirst=1783461501000 nativeRecorder=1
08-07 13:27:49.921  8720  8720 I SpectrePeripheral: event=update_value char=control bytes=4
08-07 13:27:49.921  8720  8720 I SpectrePeripheral: event=notify_requested char=control bytes=26 connected=1
08-07 13:27:49.922  8720  8720 I SpectrePeripheral: event=notify_queued peer=xx:7A:39 char=control bytes=26 label=value chunk=0 chunks=1 queued=1
08-07 13:27:49.922  8720  8720 I SpectrePeripheral: event=notify_send reason=enqueue peer=xx:7A:39 char=control bytes=26 label=value chunk=0 chunks=1 remaining=0
08-07 13:27:49.922  8720  8720 I SpectrePeripheral: event=secure_value_updated char=control channel=2 plainBytes=4 cipherBytes=26 notify=true
08-07 13:27:49.922  8720  8720 W SpectrePeripheral: event=enrichment_response_unframed records=18 pendingRecords=18 sessionId=0 batchId=0
08-07 13:27:49.922  8720  8720 I SpectrePeripheral: event=notify_chunked char=enrichment plainBytes=846 chunks=5 chunkPlainMax=200
08-07 13:27:49.922  8720  8720 I SpectrePeripheral: event=notify_chunk char=enrichment chunk=0 plainBytes=200 bytes=222
08-07 13:27:49.923  8720  8720 I SpectrePeripheral: event=notify_queued peer=xx:7A:39 char=enrichment bytes=222 label=chunked chunk=0 chunks=5 queued=1
08-07 13:27:49.923  8720  8720 I SpectrePeripheral: event=notify_chunk char=enrichment chunk=1 plainBytes=200 bytes=222
08-07 13:27:49.923  8720  8720 I SpectrePeripheral: event=notify_queued peer=xx:7A:39 char=enrichment bytes=222 label=chunked chunk=1 chunks=5 queued=2
08-07 13:27:49.923  8720  8720 I SpectrePeripheral: event=notify_chunk char=enrichment chunk=2 plainBytes=200 bytes=222
08-07 13:27:49.923  8720  8720 I SpectrePeripheral: event=notify_queued peer=xx:7A:39 char=enrichment bytes=222 label=chunked chunk=2 chunks=5 queued=3
08-07 13:27:49.923  8720  8720 I SpectrePeripheral: event=notify_chunk char=enrichment chunk=3 plainBytes=200 bytes=222
08-07 13:27:49.923  8720  8720 I SpectrePeripheral: event=notify_queued peer=xx:7A:39 char=enrichment bytes=222 label=chunked chunk=3 chunks=5 queued=4
08-07 13:27:49.923  8720  8720 I SpectrePeripheral: event=notify_chunk char=enrichment chunk=4 plainBytes=46 bytes=68
08-07 13:27:49.924  8720  8720 I SpectrePeripheral: event=notify_queued peer=xx:7A:39 char=enrichment bytes=68 label=chunked chunk=4 chunks=5 queued=5
08-07 13:27:49.924  8720  8720 I SpectrePeripheral: event=notify_sent peer=xx:7A:39 status=success remaining=5
08-07 13:27:49.924  8720  8720 I SpectrePeripheral: event=notify_send reason=sent peer=xx:7A:39 char=enrichment bytes=222 label=chunked chunk=0 chunks=5 remaining=4
08-07 13:27:49.932  8720  8720 I SpectrePeripheral: event=notify_sent peer=xx:7A:39 status=success remaining=4
08-07 13:27:50.009  8720  8720 I SpectrePeripheral: event=notify_send reason=sent_paced peer=xx:7A:39 char=enrichment bytes=222 label=chunked chunk=1 chunks=5 remaining=3
08-07 13:27:50.012  8720  8720 I SpectrePeripheral: event=notify_sent peer=xx:7A:39 status=success remaining=3
08-07 13:27:50.087  8720  8720 I SpectrePeripheral: event=notify_send reason=sent_paced peer=xx:7A:39 char=enrichment bytes=222 label=chunked chunk=2 chunks=5 remaining=2
08-07 13:27:50.087  8720  8720 I SpectrePeripheral: event=notify_sent peer=xx:7A:39 status=success remaining=2
08-07 13:27:50.164  8720  8720 I SpectrePeripheral: event=notify_send reason=sent_paced peer=xx:7A:39 char=enrichment bytes=222 label=chunked chunk=3 chunks=5 remaining=1
08-07 13:27:50.167  8720  8720 I SpectrePeripheral: event=notify_sent peer=xx:7A:39 status=success remaining=1
08-07 13:27:50.244  8720  8720 I SpectrePeripheral: event=notify_send reason=sent_paced peer=xx:7A:39 char=enrichment bytes=68 label=chunked chunk=4 chunks=5 remaining=0
08-07 13:27:50.246  8720  8720 I SpectrePeripheral: event=notify_sent peer=xx:7A:39 status=success remaining=0
08-07 13:27:50.737  8720  8720 I SpectrePeripheral: event=char_write peer=xx:7A:39 char=event_batch requestId=113 offset=0 chunkBytes=202 totalBytes=202 prepared=false responseNeeded=true
08-07 13:27:50.738  8720  8720 I SpectrePeripheral: event=event_batch_received peer=xx:7A:39 cipherBytes=202 plainBytes=180 recordsEstimate=18 sessionId=0 batchId=0 totalBatches=6
08-07 13:27:50.911  8720  8720 I SpectrePeripheral: event=update_value char=control bytes=4
08-07 13:27:50.911  8720  8720 I SpectrePeripheral: event=notify_requested char=control bytes=26 connected=1
08-07 13:27:50.913  8720  8720 I SpectrePeripheral: event=notify_queued peer=xx:7A:39 char=control bytes=26 label=value chunk=0 chunks=1 queued=1
08-07 13:27:50.913  8720  8720 I SpectrePeripheral: event=notify_send reason=enqueue peer=xx:7A:39 char=control bytes=26 label=value chunk=0 chunks=1 remaining=0
08-07 13:27:50.914  8720  8720 I SpectrePeripheral: event=secure_value_updated char=control channel=2 plainBytes=4 cipherBytes=26 notify=true
08-07 13:27:50.914  8720  8747 I ReactNativeJS: [SpectreEnrich] batch events=18 matched=2 skipped=16 history=188 firstEvent=1783046135000 lastEvent=1786013639000 oldestHistory=1783461501000 newestHistory=1786126571866 nearestDriftMin=29000 nearestDriftMax=540857000 nearestFixFirst=1786013610000 nativeRecorder=1
08-07 13:27:50.914  8720  8720 I SpectrePeripheral: event=notify_sent peer=xx:7A:39 status=success remaining=0
08-07 13:27:50.914  8720  8720 W SpectrePeripheral: event=enrichment_response_unframed records=18 pendingRecords=18 sessionId=0 batchId=0
08-07 13:27:50.914  8720  8720 I SpectrePeripheral: event=notify_chunked char=enrichment plainBytes=846 chunks=5 chunkPlainMax=200
08-07 13:27:50.914  8720  8720 I SpectrePeripheral: event=notify_chunk char=enrichment chunk=0 plainBytes=200 bytes=222
08-07 13:27:50.915  8720  8720 I SpectrePeripheral: event=notify_queued peer=xx:7A:39 char=enrichment bytes=222 label=chunked chunk=0 chunks=5 queued=1
08-07 13:27:50.915  8720  8720 I SpectrePeripheral: event=notify_send reason=enqueue peer=xx:7A:39 char=enrichment bytes=222 label=chunked chunk=0 chunks=5 remaining=0
08-07 13:27:50.915  8720  8720 I SpectrePeripheral: event=notify_chunk char=enrichment chunk=1 plainBytes=200 bytes=222
08-07 13:27:50.915  8720  8720 I SpectrePeripheral: event=notify_queued peer=xx:7A:39 char=enrichment bytes=222 label=chunked chunk=1 chunks=5 queued=1
08-07 13:27:50.915  8720  8720 I SpectrePeripheral: event=notify_chunk char=enrichment chunk=2 plainBytes=200 bytes=222
08-07 13:27:50.916  8720  8720 I SpectrePeripheral: event=notify_queued peer=xx:7A:39 char=enrichment bytes=222 label=chunked chunk=2 chunks=5 queued=2
08-07 13:27:50.916  8720  8720 I SpectrePeripheral: event=notify_chunk char=enrichment chunk=3 plainBytes=200 bytes=222
08-07 13:27:50.916  8720  8720 I SpectrePeripheral: event=notify_queued peer=xx:7A:39 char=enrichment bytes=222 label=chunked chunk=3 chunks=5 queued=3
08-07 13:27:50.916  8720  8720 I SpectrePeripheral: event=notify_chunk char=enrichment chunk=4 plainBytes=46 bytes=68
08-07 13:27:50.916  8720  8720 I SpectrePeripheral: event=notify_queued peer=xx:7A:39 char=enrichment bytes=68 label=chunked chunk=4 chunks=5 queued=4
08-07 13:27:50.916  8720  8720 I SpectrePeripheral: event=notify_sent peer=xx:7A:39 status=success remaining=4
08-07 13:27:50.993  8720  8720 I SpectrePeripheral: event=notify_send reason=sent_paced peer=xx:7A:39 char=enrichment bytes=222 label=chunked chunk=1 chunks=5 remaining=3
08-07 13:27:50.995  8720  8720 I SpectrePeripheral: event=notify_sent peer=xx:7A:39 status=success remaining=3
08-07 13:27:51.071  8720  8720 I SpectrePeripheral: event=notify_send reason=sent_paced peer=xx:7A:39 char=enrichment bytes=222 label=chunked chunk=2 chunks=5 remaining=2
08-07 13:27:51.073  8720  8720 I SpectrePeripheral: event=notify_sent peer=xx:7A:39 status=success remaining=2
08-07 13:27:51.150  8720  8720 I SpectrePeripheral: event=notify_send reason=sent_paced peer=xx:7A:39 char=enrichment bytes=222 label=chunked chunk=3 chunks=5 remaining=1
08-07 13:27:51.153  8720  8720 I SpectrePeripheral: event=notify_sent peer=xx:7A:39 status=success remaining=1
08-07 13:27:51.231  8720  8720 I SpectrePeripheral: event=notify_send reason=sent_paced peer=xx:7A:39 char=enrichment bytes=68 label=chunked chunk=4 chunks=5 remaining=0
08-07 13:27:51.233  8720  8720 I SpectrePeripheral: event=notify_sent peer=xx:7A:39 status=success remaining=0
08-07 13:27:51.569  8720  8762 I SpectrePeripheral: event=char_read peer=xx:7A:39 char=control requestId=114 offset=0 valueBytes=26 responseBytes=26
08-07 13:27:51.750  8720  8720 I SpectrePeripheral: event=char_write peer=xx:7A:39 char=event_batch requestId=115 offset=0 chunkBytes=202 totalBytes=202 prepared=false responseNeeded=true
08-07 13:27:51.751  8720  8720 I SpectrePeripheral: event=event_batch_received peer=xx:7A:39 cipherBytes=202 plainBytes=180 recordsEstimate=18 sessionId=0 batchId=0 totalBatches=7
08-07 13:27:51.918  8720  8747 I ReactNativeJS: [SpectreEnrich] batch events=18 matched=1 skipped=17 history=188 firstEvent=1783046135000 lastEvent=1785190028000 oldestHistory=1783461501000 newestHistory=1786126571866 nearestDriftMin=176000 nearestDriftMax=540854000 nearestFixFirst=1783461501000 nativeRecorder=1
08-07 13:27:51.919  8720  8720 I SpectrePeripheral: event=update_value char=control bytes=4
08-07 13:27:51.919  8720  8720 I SpectrePeripheral: event=notify_requested char=control bytes=26 connected=1
08-07 13:27:51.919  8720  8720 I SpectrePeripheral: event=notify_queued peer=xx:7A:39 char=control bytes=26 label=value chunk=0 chunks=1 queued=1
08-07 13:27:51.920  8720  8720 I SpectrePeripheral: event=notify_send reason=enqueue peer=xx:7A:39 char=control bytes=26 label=value chunk=0 chunks=1 remaining=0
08-07 13:27:51.920  8720  8720 I SpectrePeripheral: event=secure_value_updated char=control channel=2 plainBytes=4 cipherBytes=26 notify=true
08-07 13:27:51.920  8720  8720 W SpectrePeripheral: event=enrichment_response_unframed records=18 pendingRecords=18 sessionId=0 batchId=0
08-07 13:27:51.920  8720  8720 I SpectrePeripheral: event=notify_chunked char=enrichment plainBytes=846 chunks=5 chunkPlainMax=200
08-07 13:27:51.921  8720  8720 I SpectrePeripheral: event=notify_chunk char=enrichment chunk=0 plainBytes=200 bytes=222
08-07 13:27:51.921  8720  8720 I SpectrePeripheral: event=notify_queued peer=xx:7A:39 char=enrichment bytes=222 label=chunked chunk=0 chunks=5 queued=1
08-07 13:27:51.921  8720  8720 I SpectrePeripheral: event=notify_chunk char=enrichment chunk=1 plainBytes=200 bytes=222
08-07 13:27:51.921  8720  8720 I SpectrePeripheral: event=notify_queued peer=xx:7A:39 char=enrichment bytes=222 label=chunked chunk=1 chunks=5 queued=2
08-07 13:27:51.921  8720  8720 I SpectrePeripheral: event=notify_chunk char=enrichment chunk=2 plainBytes=200 bytes=222
08-07 13:27:51.921  8720  8720 I SpectrePeripheral: event=notify_queued peer=xx:7A:39 char=enrichment bytes=222 label=chunked chunk=2 chunks=5 queued=3
08-07 13:27:51.922  8720  8720 I SpectrePeripheral: event=notify_chunk char=enrichment chunk=3 plainBytes=200 bytes=222
08-07 13:27:51.922  8720  8720 I SpectrePeripheral: event=notify_queued peer=xx:7A:39 char=enrichment bytes=222 label=chunked chunk=3 chunks=5 queued=4
08-07 13:27:51.922  8720  8720 I SpectrePeripheral: event=notify_chunk char=enrichment chunk=4 plainBytes=46 bytes=68
08-07 13:27:51.922  8720  8720 I SpectrePeripheral: event=notify_queued peer=xx:7A:39 char=enrichment bytes=68 label=chunked chunk=4 chunks=5 queued=5
08-07 13:27:51.922  8720  8720 I SpectrePeripheral: event=notify_sent peer=xx:7A:39 status=success remaining=5
08-07 13:27:51.922  8720  8720 I SpectrePeripheral: event=notify_send reason=sent peer=xx:7A:39 char=enrichment bytes=222 label=chunked chunk=0 chunks=5 remaining=4
08-07 13:27:51.923  8720  8720 I SpectrePeripheral: event=notify_sent peer=xx:7A:39 status=success remaining=4
08-07 13:27:52.000  8720  8720 I SpectrePeripheral: event=notify_send reason=sent_paced peer=xx:7A:39 char=enrichment bytes=222 label=chunked chunk=1 chunks=5 remaining=3
08-07 13:27:52.001  8720  8720 I SpectrePeripheral: event=notify_sent peer=xx:7A:39 status=success remaining=3
08-07 13:27:52.078  8720  8720 I SpectrePeripheral: event=notify_send reason=sent_paced peer=xx:7A:39 char=enrichment bytes=222 label=chunked chunk=2 chunks=5 remaining=2
08-07 13:27:52.081  8720  8720 I SpectrePeripheral: event=notify_sent peer=xx:7A:39 status=success remaining=2
08-07 13:27:52.157  8720  8720 I SpectrePeripheral: event=notify_send reason=sent_paced peer=xx:7A:39 char=enrichment bytes=222 label=chunked chunk=3 chunks=5 remaining=1
08-07 13:27:52.160  8720  8720 I SpectrePeripheral: event=notify_sent peer=xx:7A:39 status=success remaining=1
08-07 13:27:52.236  8720  8720 I SpectrePeripheral: event=notify_send reason=sent_paced peer=xx:7A:39 char=enrichment bytes=68 label=chunked chunk=4 chunks=5 remaining=0
08-07 13:27:52.239  8720  8720 I SpectrePeripheral: event=notify_sent peer=xx:7A:39 status=success remaining=0
08-07 13:27:52.752  8720  8762 I SpectrePeripheral: event=char_read peer=xx:7A:39 char=gps requestId=116 offset=0 valueBytes=42 responseBytes=42
08-07 13:27:52.798  8720  8720 I SpectrePeripheral: event=char_write peer=xx:7A:39 char=event_batch requestId=117 offset=0 chunkBytes=202 totalBytes=202 prepared=false responseNeeded=true
08-07 13:27:52.800  8720  8720 I SpectrePeripheral: event=event_batch_received peer=xx:7A:39 cipherBytes=202 plainBytes=180 recordsEstimate=18 sessionId=0 batchId=0 totalBatches=8
08-07 13:27:52.975  8720  8747 I ReactNativeJS: [SpectreEnrich] batch events=18 matched=3 skipped=15 history=188 firstEvent=1783044809000 lastEvent=1784119661000 oldestHistory=1783461501000 newestHistory=1786126571866 nearestDriftMin=6941 nearestDriftMax=416692000 nearestFixFirst=1783461501000 nativeRecorder=1
08-07 13:27:52.977  8720  8720 I SpectrePeripheral: event=update_value char=control bytes=4
08-07 13:27:52.977  8720  8720 I SpectrePeripheral: event=notify_requested char=control bytes=26 connected=1
08-07 13:27:52.978  8720  8720 I SpectrePeripheral: event=notify_queued peer=xx:7A:39 char=control bytes=26 label=value chunk=0 chunks=1 queued=1
08-07 13:27:52.978  8720  8720 I SpectrePeripheral: event=notify_send reason=enqueue peer=xx:7A:39 char=control bytes=26 label=value chunk=0 chunks=1 remaining=0
08-07 13:27:52.979  8720  8720 I SpectrePeripheral: event=secure_value_updated char=control channel=2 plainBytes=4 cipherBytes=26 notify=true
08-07 13:27:52.979  8720  8720 W SpectrePeripheral: event=enrichment_response_unframed records=18 pendingRecords=18 sessionId=0 batchId=0
08-07 13:27:52.979  8720  8720 I SpectrePeripheral: event=notify_chunked char=enrichment plainBytes=846 chunks=5 chunkPlainMax=200
08-07 13:27:52.979  8720  8720 I SpectrePeripheral: event=notify_chunk char=enrichment chunk=0 plainBytes=200 bytes=222
08-07 13:27:52.979  8720  8720 I SpectrePeripheral: event=notify_queued peer=xx:7A:39 char=enrichment bytes=222 label=chunked chunk=0 chunks=5 queued=1
08-07 13:27:52.979  8720  8720 I SpectrePeripheral: event=notify_chunk char=enrichment chunk=1 plainBytes=200 bytes=222
08-07 13:27:52.980  8720  8720 I SpectrePeripheral: event=notify_queued peer=xx:7A:39 char=enrichment bytes=222 label=chunked chunk=1 chunks=5 queued=2
08-07 13:27:52.980  8720  8720 I SpectrePeripheral: event=notify_chunk char=enrichment chunk=2 plainBytes=200 bytes=222
08-07 13:27:52.980  8720  8720 I SpectrePeripheral: event=notify_queued peer=xx:7A:39 char=enrichment bytes=222 label=chunked chunk=2 chunks=5 queued=3
08-07 13:27:52.980  8720  8720 I SpectrePeripheral: event=notify_chunk char=enrichment chunk=3 plainBytes=200 bytes=222
08-07 13:27:52.980  8720  8720 I SpectrePeripheral: event=notify_queued peer=xx:7A:39 char=enrichment bytes=222 label=chunked chunk=3 chunks=5 queued=4
08-07 13:27:52.981  8720  8720 I SpectrePeripheral: event=notify_chunk char=enrichment chunk=4 plainBytes=46 bytes=68
08-07 13:27:52.981  8720  8720 I SpectrePeripheral: event=notify_queued peer=xx:7A:39 char=enrichment bytes=68 label=chunked chunk=4 chunks=5 queued=5
08-07 13:27:52.981  8720  8720 I SpectrePeripheral: event=notify_sent peer=xx:7A:39 status=success remaining=5
08-07 13:27:52.981  8720  8720 I SpectrePeripheral: event=notify_send reason=sent peer=xx:7A:39 char=enrichment bytes=222 label=chunked chunk=0 chunks=5 remaining=4
08-07 13:27:52.985  8720  8720 I SpectrePeripheral: event=notify_sent peer=xx:7A:39 status=success remaining=4
08-07 13:27:53.061  8720  8720 I SpectrePeripheral: event=notify_send reason=sent_paced peer=xx:7A:39 char=enrichment bytes=222 label=chunked chunk=1 chunks=5 remaining=3
08-07 13:27:53.063  8720  8720 I SpectrePeripheral: event=notify_sent peer=xx:7A:39 status=success remaining=3
08-07 13:27:53.140  8720  8720 I SpectrePeripheral: event=notify_send reason=sent_paced peer=xx:7A:39 char=enrichment bytes=222 label=chunked chunk=2 chunks=5 remaining=2
08-07 13:27:53.143  8720  8720 I SpectrePeripheral: event=notify_sent peer=xx:7A:39 status=success remaining=2
08-07 13:27:53.219  8720  8720 I SpectrePeripheral: event=notify_send reason=sent_paced peer=xx:7A:39 char=enrichment bytes=222 label=chunked chunk=3 chunks=5 remaining=1
08-07 13:27:53.221  8720  8720 I SpectrePeripheral: event=notify_sent peer=xx:7A:39 status=success remaining=1
08-07 13:27:53.298  8720  8720 I SpectrePeripheral: event=notify_send reason=sent_paced peer=xx:7A:39 char=enrichment bytes=68 label=chunked chunk=4 chunks=5 remaining=0
08-07 13:27:53.301  8720  8720 I SpectrePeripheral: event=notify_sent peer=xx:7A:39 status=success remaining=0
08-07 13:27:53.611  8720  8731 I SpectrePeripheral: event=char_read peer=xx:7A:39 char=control requestId=118 offset=0 valueBytes=26 responseBytes=26
08-07 13:27:53.759  8720  8720 I SpectrePeripheral: event=char_write peer=xx:7A:39 char=event_batch requestId=119 offset=0 chunkBytes=202 totalBytes=202 prepared=false responseNeeded=true
08-07 13:27:53.761  8720  8720 I SpectrePeripheral: event=event_batch_received peer=xx:7A:39 cipherBytes=202 plainBytes=180 recordsEstimate=18 sessionId=0 batchId=0 totalBatches=9
08-07 13:27:53.934  8720  8720 I SpectrePeripheral: event=update_value char=control bytes=4
08-07 13:27:53.934  8720  8720 I SpectrePeripheral: event=notify_requested char=control bytes=26 connected=1
08-07 13:27:53.934  8720  8747 I ReactNativeJS: [SpectreEnrich] batch events=18 matched=5 skipped=13 history=188 firstEvent=1783046331000 lastEvent=1786013659000 oldestHistory=1783461501000 newestHistory=1786126571866 nearestDriftMin=1059 nearestDriftMax=415170000 nearestFixFirst=1783635479000 nativeRecorder=1
08-07 13:27:53.935  8720  8720 I SpectrePeripheral: event=notify_queued peer=xx:7A:39 char=control bytes=26 label=value chunk=0 chunks=1 queued=1
08-07 13:27:53.935  8720  8720 I SpectrePeripheral: event=notify_send reason=enqueue peer=xx:7A:39 char=control bytes=26 label=value chunk=0 chunks=1 remaining=0
08-07 13:27:53.936  8720  8720 I SpectrePeripheral: event=secure_value_updated char=control channel=2 plainBytes=4 cipherBytes=26 notify=true
08-07 13:27:53.936  8720  8720 W SpectrePeripheral: event=enrichment_response_unframed records=18 pendingRecords=18 sessionId=0 batchId=0
08-07 13:27:53.936  8720  8720 I SpectrePeripheral: event=notify_chunked char=enrichment plainBytes=846 chunks=5 chunkPlainMax=200
08-07 13:27:53.936  8720  8720 I SpectrePeripheral: event=notify_chunk char=enrichment chunk=0 plainBytes=200 bytes=222
08-07 13:27:53.936  8720  8720 I SpectrePeripheral: event=notify_queued peer=xx:7A:39 char=enrichment bytes=222 label=chunked chunk=0 chunks=5 queued=1
08-07 13:27:53.936  8720  8720 I SpectrePeripheral: event=notify_chunk char=enrichment chunk=1 plainBytes=200 bytes=222
08-07 13:27:53.936  8720  8720 I SpectrePeripheral: event=notify_queued peer=xx:7A:39 char=enrichment bytes=222 label=chunked chunk=1 chunks=5 queued=2
08-07 13:27:53.936  8720  8720 I SpectrePeripheral: event=notify_chunk char=enrichment chunk=2 plainBytes=200 bytes=222
08-07 13:27:53.937  8720  8720 I SpectrePeripheral: event=notify_queued peer=xx:7A:39 char=enrichment bytes=222 label=chunked chunk=2 chunks=5 queued=3
08-07 13:27:53.937  8720  8720 I SpectrePeripheral: event=notify_chunk char=enrichment chunk=3 plainBytes=200 bytes=222
08-07 13:27:53.937  8720  8720 I SpectrePeripheral: event=notify_queued peer=xx:7A:39 char=enrichment bytes=222 label=chunked chunk=3 chunks=5 queued=4
08-07 13:27:53.937  8720  8720 I SpectrePeripheral: event=notify_chunk char=enrichment chunk=4 plainBytes=46 bytes=68
08-07 13:27:53.937  8720  8720 I SpectrePeripheral: event=notify_queued peer=xx:7A:39 char=enrichment bytes=68 label=chunked chunk=4 chunks=5 queued=5
08-07 13:27:53.937  8720  8720 I SpectrePeripheral: event=notify_sent peer=xx:7A:39 status=success remaining=5
08-07 13:27:53.937  8720  8720 I SpectrePeripheral: event=notify_send reason=sent peer=xx:7A:39 char=enrichment bytes=222 label=chunked chunk=0 chunks=5 remaining=4
08-07 13:27:53.938  8720  8720 I SpectrePeripheral: event=notify_sent peer=xx:7A:39 status=success remaining=4
08-07 13:27:54.016  8720  8720 I SpectrePeripheral: event=notify_send reason=sent_paced peer=xx:7A:39 char=enrichment bytes=222 label=chunked chunk=1 chunks=5 remaining=3
08-07 13:27:54.019  8720  8720 I SpectrePeripheral: event=notify_sent peer=xx:7A:39 status=success remaining=3
08-07 13:27:54.094  8720  8720 I SpectrePeripheral: event=notify_send reason=sent_paced peer=xx:7A:39 char=enrichment bytes=222 label=chunked chunk=2 chunks=5 remaining=2
08-07 13:27:54.096  8720  8720 I SpectrePeripheral: event=notify_sent peer=xx:7A:39 status=success remaining=2
08-07 13:27:54.172  8720  8720 I SpectrePeripheral: event=notify_send reason=sent_paced peer=xx:7A:39 char=enrichment bytes=222 label=chunked chunk=3 chunks=5 remaining=1
08-07 13:27:54.175  8720  8720 I SpectrePeripheral: event=notify_sent peer=xx:7A:39 status=success remaining=1
08-07 13:27:54.252  8720  8720 I SpectrePeripheral: event=notify_send reason=sent_paced peer=xx:7A:39 char=enrichment bytes=68 label=chunked chunk=4 chunks=5 remaining=0
08-07 13:27:54.254  8720  8720 I SpectrePeripheral: event=notify_sent peer=xx:7A:39 status=success remaining=0
08-07 13:27:54.768  8720  8720 I SpectrePeripheral: event=char_write peer=xx:7A:39 char=event_batch requestId=120 offset=0 chunkBytes=202 totalBytes=202 prepared=false responseNeeded=true
08-07 13:27:54.770  8720  8720 I SpectrePeripheral: event=event_batch_received peer=xx:7A:39 cipherBytes=202 plainBytes=180 recordsEstimate=18 sessionId=0 batchId=0 totalBatches=10
08-07 13:27:54.937  8720  8747 I ReactNativeJS: [SpectreEnrich] batch events=18 matched=1 skipped=17 history=188 firstEvent=1783044816000 lastEvent=1786013661000 oldestHistory=1783461501000 newestHistory=1786126571866 nearestDriftMin=51000 nearestDriftMax=416685000 nearestFixFirst=1784066852000 nativeRecorder=1
08-07 13:27:54.940  8720  8720 I SpectrePeripheral: event=update_value char=control bytes=4
08-07 13:27:54.940  8720  8720 I SpectrePeripheral: event=notify_requested char=control bytes=26 connected=1
08-07 13:27:54.942  8720  8720 I SpectrePeripheral: event=notify_queued peer=xx:7A:39 char=control bytes=26 label=value chunk=0 chunks=1 queued=1
08-07 13:27:54.943  8720  8720 I SpectrePeripheral: event=notify_send reason=enqueue peer=xx:7A:39 char=control bytes=26 label=value chunk=0 chunks=1 remaining=0
08-07 13:27:54.943  8720  8720 I SpectrePeripheral: event=secure_value_updated char=control channel=2 plainBytes=4 cipherBytes=26 notify=true
08-07 13:27:54.943  8720  8720 W SpectrePeripheral: event=enrichment_response_unframed records=18 pendingRecords=18 sessionId=0 batchId=0
08-07 13:27:54.943  8720  8720 I SpectrePeripheral: event=notify_chunked char=enrichment plainBytes=846 chunks=5 chunkPlainMax=200
08-07 13:27:54.943  8720  8720 I SpectrePeripheral: event=notify_chunk char=enrichment chunk=0 plainBytes=200 bytes=222
08-07 13:27:54.943  8720  8720 I SpectrePeripheral: event=notify_queued peer=xx:7A:39 char=enrichment bytes=222 label=chunked chunk=0 chunks=5 queued=1
08-07 13:27:54.943  8720  8720 I SpectrePeripheral: event=notify_chunk char=enrichment chunk=1 plainBytes=200 bytes=222
08-07 13:27:54.944  8720  8720 I SpectrePeripheral: event=notify_queued peer=xx:7A:39 char=enrichment bytes=222 label=chunked chunk=1 chunks=5 queued=2
08-07 13:27:54.944  8720  8720 I SpectrePeripheral: event=notify_chunk char=enrichment chunk=2 plainBytes=200 bytes=222
08-07 13:27:54.944  8720  8720 I SpectrePeripheral: event=notify_queued peer=xx:7A:39 char=enrichment bytes=222 label=chunked chunk=2 chunks=5 queued=3
08-07 13:27:54.944  8720  8720 I SpectrePeripheral: event=notify_chunk char=enrichment chunk=3 plainBytes=200 bytes=222
08-07 13:27:54.944  8720  8720 I SpectrePeripheral: event=notify_queued peer=xx:7A:39 char=enrichment bytes=222 label=chunked chunk=3 chunks=5 queued=4
08-07 13:27:54.945  8720  8720 I SpectrePeripheral: event=notify_chunk char=enrichment chunk=4 plainBytes=46 bytes=68
08-07 13:27:54.945  8720  8720 I SpectrePeripheral: event=notify_queued peer=xx:7A:39 char=enrichment bytes=68 label=chunked chunk=4 chunks=5 queued=5
08-07 13:27:54.945  8720  8720 I SpectrePeripheral: event=notify_sent peer=xx:7A:39 status=success remaining=5
08-07 13:27:54.945  8720  8720 I SpectrePeripheral: event=notify_send reason=sent peer=xx:7A:39 char=enrichment bytes=222 label=chunked chunk=0 chunks=5 remaining=4
08-07 13:27:54.950  8720  8720 I SpectrePeripheral: event=notify_sent peer=xx:7A:39 status=success remaining=4
08-07 13:27:55.026  8720  8720 I SpectrePeripheral: event=notify_send reason=sent_paced peer=xx:7A:39 char=enrichment bytes=222 label=chunked chunk=1 chunks=5 remaining=3
08-07 13:27:55.028  8720  8720 I SpectrePeripheral: event=notify_sent peer=xx:7A:39 status=success remaining=3
08-07 13:27:55.105  8720  8720 I SpectrePeripheral: event=notify_send reason=sent_paced peer=xx:7A:39 char=enrichment bytes=222 label=chunked chunk=2 chunks=5 remaining=2
08-07 13:27:55.107  8720  8720 I SpectrePeripheral: event=notify_sent peer=xx:7A:39 status=success remaining=2
08-07 13:27:55.184  8720  8720 I SpectrePeripheral: event=notify_send reason=sent_paced peer=xx:7A:39 char=enrichment bytes=222 label=chunked chunk=3 chunks=5 remaining=1
08-07 13:27:55.187  8720  8720 I SpectrePeripheral: event=notify_sent peer=xx:7A:39 status=success remaining=1
08-07 13:27:55.264  8720  8720 I SpectrePeripheral: event=notify_send reason=sent_paced peer=xx:7A:39 char=enrichment bytes=68 label=chunked chunk=4 chunks=5 remaining=0
08-07 13:27:55.267  8720  8720 I SpectrePeripheral: event=notify_sent peer=xx:7A:39 status=success remaining=0
08-07 13:27:56.070  8720  8774 I SpectrePeripheral: event=char_read peer=xx:7A:39 char=control requestId=121 offset=0 valueBytes=26 responseBytes=26
08-07 13:27:56.219  8720  8720 I SpectrePeripheral: event=char_write peer=xx:7A:39 char=event_batch requestId=122 offset=0 chunkBytes=202 totalBytes=202 prepared=false responseNeeded=true
08-07 13:27:56.220  8720  8720 I SpectrePeripheral: event=event_batch_received peer=xx:7A:39 cipherBytes=202 plainBytes=180 recordsEstimate=18 sessionId=0 batchId=0 totalBatches=11
08-07 13:27:56.389  8720  8720 I SpectrePeripheral: event=update_value char=control bytes=4
08-07 13:27:56.390  8720  8720 I SpectrePeripheral: event=notify_requested char=control bytes=26 connected=1
08-07 13:27:56.391  8720  8720 I SpectrePeripheral: event=notify_queued peer=xx:7A:39 char=control bytes=26 label=value chunk=0 chunks=1 queued=1
08-07 13:27:56.391  8720  8720 I SpectrePeripheral: event=notify_send reason=enqueue peer=xx:7A:39 char=control bytes=26 label=value chunk=0 chunks=1 remaining=0
08-07 13:27:56.392  8720  8720 I SpectrePeripheral: event=secure_value_updated char=control channel=2 plainBytes=4 cipherBytes=26 notify=true
08-07 13:27:56.393  8720  8747 I ReactNativeJS: [SpectreEnrich] batch events=18 matched=5 skipped=13 history=188 firstEvent=1783087792000 lastEvent=1786013678000 oldestHistory=1783461501000 newestHistory=1786126571866 nearestDriftMin=12059 nearestDriftMax=373709000 nearestFixFirst=1783635479000 nativeRecorder=1
08-07 13:27:56.394  8720  8720 I SpectrePeripheral: event=notify_sent peer=xx:7A:39 status=success remaining=0
08-07 13:27:56.395  8720  8720 W SpectrePeripheral: event=enrichment_response_unframed records=18 pendingRecords=18 sessionId=0 batchId=0
08-07 13:27:56.395  8720  8720 I SpectrePeripheral: event=notify_chunked char=enrichment plainBytes=846 chunks=5 chunkPlainMax=200
08-07 13:27:56.395  8720  8720 I SpectrePeripheral: event=notify_chunk char=enrichment chunk=0 plainBytes=200 bytes=222
08-07 13:27:56.395  8720  8720 I SpectrePeripheral: event=notify_queued peer=xx:7A:39 char=enrichment bytes=222 label=chunked chunk=0 chunks=5 queued=1
08-07 13:27:56.396  8720  8720 I SpectrePeripheral: event=notify_send reason=enqueue peer=xx:7A:39 char=enrichment bytes=222 label=chunked chunk=0 chunks=5 remaining=0
08-07 13:27:56.397  8720  8720 I SpectrePeripheral: event=notify_chunk char=enrichment chunk=1 plainBytes=200 bytes=222
08-07 13:27:56.398  8720  8720 I SpectrePeripheral: event=notify_queued peer=xx:7A:39 char=enrichment bytes=222 label=chunked chunk=1 chunks=5 queued=1
08-07 13:27:56.398  8720  8720 I SpectrePeripheral: event=notify_chunk char=enrichment chunk=2 plainBytes=200 bytes=222
08-07 13:27:56.398  8720  8720 I SpectrePeripheral: event=notify_queued peer=xx:7A:39 char=enrichment bytes=222 label=chunked chunk=2 chunks=5 queued=2
08-07 13:27:56.398  8720  8720 I SpectrePeripheral: event=notify_chunk char=enrichment chunk=3 plainBytes=200 bytes=222
08-07 13:27:56.399  8720  8720 I SpectrePeripheral: event=notify_queued peer=xx:7A:39 char=enrichment bytes=222 label=chunked chunk=3 chunks=5 queued=3
08-07 13:27:56.399  8720  8720 I SpectrePeripheral: event=notify_chunk char=enrichment chunk=4 plainBytes=46 bytes=68
08-07 13:27:56.399  8720  8720 I SpectrePeripheral: event=notify_queued peer=xx:7A:39 char=enrichment bytes=68 label=chunked chunk=4 chunks=5 queued=4
08-07 13:27:56.399  8720  8720 I SpectrePeripheral: event=notify_sent peer=xx:7A:39 status=success remaining=4
08-07 13:27:56.475  8720  8720 I SpectrePeripheral: event=notify_send reason=sent_paced peer=xx:7A:39 char=enrichment bytes=222 label=chunked chunk=1 chunks=5 remaining=3
08-07 13:27:56.477  8720  8720 I SpectrePeripheral: event=notify_sent peer=xx:7A:39 status=success remaining=3
08-07 13:27:56.554  8720  8720 I SpectrePeripheral: event=notify_send reason=sent_paced peer=xx:7A:39 char=enrichment bytes=222 label=chunked chunk=2 chunks=5 remaining=2
08-07 13:27:56.557  8720  8720 I SpectrePeripheral: event=notify_sent peer=xx:7A:39 status=success remaining=2
08-07 13:27:56.633  8720  8720 I SpectrePeripheral: event=notify_send reason=sent_paced peer=xx:7A:39 char=enrichment bytes=222 label=chunked chunk=3 chunks=5 remaining=1
08-07 13:27:56.634  8720  8720 I SpectrePeripheral: event=notify_sent peer=xx:7A:39 status=success remaining=1
08-07 13:27:56.716  8720  8720 I SpectrePeripheral: event=notify_send reason=sent_paced peer=xx:7A:39 char=enrichment bytes=68 label=chunked chunk=4 chunks=5 remaining=0
08-07 13:27:56.717  8720  8720 I SpectrePeripheral: event=notify_sent peer=xx:7A:39 status=success remaining=0
08-07 13:27:57.214  8720  8720 I SpectrePeripheral: event=char_write peer=xx:7A:39 char=event_batch requestId=123 offset=0 chunkBytes=202 totalBytes=202 prepared=false responseNeeded=true
08-07 13:27:57.216  8720  8720 I SpectrePeripheral: event=event_batch_received peer=xx:7A:39 cipherBytes=202 plainBytes=180 recordsEstimate=18 sessionId=0 batchId=0 totalBatches=12
08-07 13:27:57.384  8720  8747 I ReactNativeJS: [SpectreEnrich] batch events=18 matched=3 skipped=15 history=188 firstEvent=1783044836000 lastEvent=1786013679000 oldestHistory=1783461501000 newestHistory=1786126571866 nearestDriftMin=69000 nearestDriftMax=416665000 nearestFixFirst=1786013610000 nativeRecorder=1
08-07 13:27:57.387  8720  8720 I SpectrePeripheral: event=update_value char=control bytes=4
08-07 13:27:57.387  8720  8720 I SpectrePeripheral: event=notify_requested char=control bytes=26 connected=1
08-07 13:27:57.390  8720  8720 I SpectrePeripheral: event=notify_queued peer=xx:7A:39 char=control bytes=26 label=value chunk=0 chunks=1 queued=1
08-07 13:27:57.391  8720  8720 I SpectrePeripheral: event=notify_send reason=enqueue peer=xx:7A:39 char=control bytes=26 label=value chunk=0 chunks=1 remaining=0
08-07 13:27:57.391  8720  8720 I SpectrePeripheral: event=secure_value_updated char=control channel=2 plainBytes=4 cipherBytes=26 notify=true
08-07 13:27:57.391  8720  8720 W SpectrePeripheral: event=enrichment_response_unframed records=18 pendingRecords=18 sessionId=0 batchId=0
08-07 13:27:57.391  8720  8720 I SpectrePeripheral: event=notify_chunked char=enrichment plainBytes=846 chunks=5 chunkPlainMax=200
08-07 13:27:57.391  8720  8720 I SpectrePeripheral: event=notify_chunk char=enrichment chunk=0 plainBytes=200 bytes=222
08-07 13:27:57.392  8720  8720 I SpectrePeripheral: event=notify_queued peer=xx:7A:39 char=enrichment bytes=222 label=chunked chunk=0 chunks=5 queued=1
08-07 13:27:57.392  8720  8720 I SpectrePeripheral: event=notify_chunk char=enrichment chunk=1 plainBytes=200 bytes=222
08-07 13:27:57.392  8720  8720 I SpectrePeripheral: event=notify_queued peer=xx:7A:39 char=enrichment bytes=222 label=chunked chunk=1 chunks=5 queued=2
08-07 13:27:57.392  8720  8720 I SpectrePeripheral: event=notify_chunk char=enrichment chunk=2 plainBytes=200 bytes=222
08-07 13:27:57.393  8720  8720 I SpectrePeripheral: event=notify_queued peer=xx:7A:39 char=enrichment bytes=222 label=chunked chunk=2 chunks=5 queued=3
08-07 13:27:57.393  8720  8720 I SpectrePeripheral: event=notify_chunk char=enrichment chunk=3 plainBytes=200 bytes=222
08-07 13:27:57.393  8720  8720 I SpectrePeripheral: event=notify_queued peer=xx:7A:39 char=enrichment bytes=222 label=chunked chunk=3 chunks=5 queued=4
08-07 13:27:57.393  8720  8720 I SpectrePeripheral: event=notify_chunk char=enrichment chunk=4 plainBytes=46 bytes=68
08-07 13:27:57.393  8720  8720 I SpectrePeripheral: event=notify_queued peer=xx:7A:39 char=enrichment bytes=68 label=chunked chunk=4 chunks=5 queued=5
08-07 13:27:57.394  8720  8720 I SpectrePeripheral: event=notify_sent peer=xx:7A:39 status=success remaining=5
08-07 13:27:57.394  8720  8720 I SpectrePeripheral: event=notify_send reason=sent peer=xx:7A:39 char=enrichment bytes=222 label=chunked chunk=0 chunks=5 remaining=4
08-07 13:27:57.398  8720  8720 I SpectrePeripheral: event=notify_sent peer=xx:7A:39 status=success remaining=4
08-07 13:27:57.473  8720  8720 I SpectrePeripheral: event=notify_send reason=sent_paced peer=xx:7A:39 char=enrichment bytes=222 label=chunked chunk=1 chunks=5 remaining=3
08-07 13:27:57.475  8720  8720 I SpectrePeripheral: event=notify_sent peer=xx:7A:39 status=success remaining=3
08-07 13:27:57.551  8720  8720 I SpectrePeripheral: event=notify_send reason=sent_paced peer=xx:7A:39 char=enrichment bytes=222 label=chunked chunk=2 chunks=5 remaining=2
08-07 13:27:57.554  8720  8720 I SpectrePeripheral: event=notify_sent peer=xx:7A:39 status=success remaining=2
08-07 13:27:57.630  8720  8720 I SpectrePeripheral: event=notify_send reason=sent_paced peer=xx:7A:39 char=enrichment bytes=222 label=chunked chunk=3 chunks=5 remaining=1
08-07 13:27:57.633  8720  8720 I SpectrePeripheral: event=notify_sent peer=xx:7A:39 status=success remaining=1
08-07 13:27:57.695  8720  8720 I SpectrePeripheral: event=char_write peer=xx:7A:39 char=storage requestId=124 offset=0 chunkBytes=90 totalBytes=90 prepared=false responseNeeded=true
08-07 13:27:57.696  8720  8720 I SpectrePeripheral: event=storage_snapshot_received peer=xx:7A:39 cipherBytes=90 plainBytes=68
08-07 13:27:57.714  8720  8720 I SpectrePeripheral: event=notify_send reason=sent_paced peer=xx:7A:39 char=enrichment bytes=68 label=chunked chunk=4 chunks=5 remaining=0
08-07 13:27:57.716  8720  8720 I SpectrePeripheral: event=notify_sent peer=xx:7A:39 status=success remaining=0
08-07 13:27:57.808  8720  8731 I SpectrePeripheral: event=char_read peer=xx:7A:39 char=gps requestId=125 offset=0 valueBytes=42 responseBytes=42
08-07 13:27:58.230  8720  8731 I SpectrePeripheral: event=char_read peer=xx:7A:39 char=control requestId=126 offset=0 valueBytes=26 responseBytes=26
08-07 13:27:58.292  8720  8720 I SpectrePeripheral: event=char_write peer=xx:7A:39 char=event_batch requestId=127 offset=0 chunkBytes=202 totalBytes=202 prepared=false responseNeeded=true
08-07 13:27:58.294  8720  8720 I SpectrePeripheral: event=event_batch_received peer=xx:7A:39 cipherBytes=202 plainBytes=180 recordsEstimate=18 sessionId=0 batchId=0 totalBatches=13
08-07 13:27:58.469  8720  8747 I ReactNativeJS: [SpectreEnrich] batch events=18 matched=4 skipped=14 history=188 firstEvent=1783046199000 lastEvent=1785190099000 oldestHistory=1783461501000 newestHistory=1786126571866 nearestDriftMin=227000 nearestDriftMax=415302000 nearestFixFirst=1785189852000 nativeRecorder=1
08-07 13:27:58.469  8720  8720 I SpectrePeripheral: event=update_value char=control bytes=4
08-07 13:27:58.469  8720  8720 I SpectrePeripheral: event=notify_requested char=control bytes=26 connected=1
08-07 13:27:58.470  8720  8720 I SpectrePeripheral: event=notify_queued peer=xx:7A:39 char=control bytes=26 label=value chunk=0 chunks=1 queued=1
08-07 13:27:58.471  8720  8720 I SpectrePeripheral: event=notify_send reason=enqueue peer=xx:7A:39 char=control bytes=26 label=value chunk=0 chunks=1 remaining=0
08-07 13:27:58.472  8720  8720 I SpectrePeripheral: event=secure_value_updated char=control channel=2 plainBytes=4 cipherBytes=26 notify=true
08-07 13:27:58.472  8720  8720 W SpectrePeripheral: event=enrichment_response_unframed records=18 pendingRecords=18 sessionId=0 batchId=0
08-07 13:27:58.472  8720  8720 I SpectrePeripheral: event=notify_chunked char=enrichment plainBytes=846 chunks=5 chunkPlainMax=200
08-07 13:27:58.472  8720  8720 I SpectrePeripheral: event=notify_chunk char=enrichment chunk=0 plainBytes=200 bytes=222
08-07 13:27:58.473  8720  8720 I SpectrePeripheral: event=notify_queued peer=xx:7A:39 char=enrichment bytes=222 label=chunked chunk=0 chunks=5 queued=1
08-07 13:27:58.473  8720  8720 I SpectrePeripheral: event=notify_chunk char=enrichment chunk=1 plainBytes=200 bytes=222
08-07 13:27:58.473  8720  8720 I SpectrePeripheral: event=notify_queued peer=xx:7A:39 char=enrichment bytes=222 label=chunked chunk=1 chunks=5 queued=2
08-07 13:27:58.473  8720  8720 I SpectrePeripheral: event=notify_chunk char=enrichment chunk=2 plainBytes=200 bytes=222
08-07 13:27:58.474  8720  8720 I SpectrePeripheral: event=notify_queued peer=xx:7A:39 char=enrichment bytes=222 label=chunked chunk=2 chunks=5 queued=3
08-07 13:27:58.474  8720  8720 I SpectrePeripheral: event=notify_chunk char=enrichment chunk=3 plainBytes=200 bytes=222
08-07 13:27:58.474  8720  8720 I SpectrePeripheral: event=notify_queued peer=xx:7A:39 char=enrichment bytes=222 label=chunked chunk=3 chunks=5 queued=4
08-07 13:27:58.474  8720  8720 I SpectrePeripheral: event=notify_chunk char=enrichment chunk=4 plainBytes=46 bytes=68
08-07 13:27:58.475  8720  8720 I SpectrePeripheral: event=notify_queued peer=xx:7A:39 char=enrichment bytes=68 label=chunked chunk=4 chunks=5 queued=5
08-07 13:27:58.475  8720  8720 I SpectrePeripheral: event=notify_sent peer=xx:7A:39 status=success remaining=5
08-07 13:27:58.476  8720  8720 I SpectrePeripheral: event=notify_send reason=sent peer=xx:7A:39 char=enrichment bytes=222 label=chunked chunk=0 chunks=5 remaining=4
08-07 13:27:58.486  8720  8720 I SpectrePeripheral: event=notify_sent peer=xx:7A:39 status=success remaining=4
08-07 13:27:58.563  8720  8720 I SpectrePeripheral: event=notify_send reason=sent_paced peer=xx:7A:39 char=enrichment bytes=222 label=chunked chunk=1 chunks=5 remaining=3
08-07 13:27:58.566  8720  8720 I SpectrePeripheral: event=notify_sent peer=xx:7A:39 status=success remaining=3
08-07 13:27:58.642  8720  8720 I SpectrePeripheral: event=notify_send reason=sent_paced peer=xx:7A:39 char=enrichment bytes=222 label=chunked chunk=2 chunks=5 remaining=2
08-07 13:27:58.645  8720  8720 I SpectrePeripheral: event=notify_sent peer=xx:7A:39 status=success remaining=2
08-07 13:27:58.722  8720  8720 I SpectrePeripheral: event=notify_send reason=sent_paced peer=xx:7A:39 char=enrichment bytes=222 label=chunked chunk=3 chunks=5 remaining=1
08-07 13:27:58.724  8720  8720 I SpectrePeripheral: event=notify_sent peer=xx:7A:39 status=success remaining=1
08-07 13:27:58.801  8720  8720 I SpectrePeripheral: event=notify_send reason=sent_paced peer=xx:7A:39 char=enrichment bytes=68 label=chunked chunk=4 chunks=5 remaining=0
08-07 13:27:58.803  8720  8720 I SpectrePeripheral: event=notify_sent peer=xx:7A:39 status=success remaining=0
08-07 13:27:59.386  8720  8720 I SpectrePeripheral: event=char_write peer=xx:7A:39 char=event_batch requestId=128 offset=0 chunkBytes=202 totalBytes=202 prepared=false responseNeeded=true
08-07 13:27:59.388  8720  8720 I SpectrePeripheral: event=event_batch_received peer=xx:7A:39 cipherBytes=202 plainBytes=180 recordsEstimate=18 sessionId=0 batchId=0 totalBatches=14
08-07 13:27:59.561  8720  8720 I SpectrePeripheral: event=update_value char=control bytes=4
08-07 13:27:59.561  8720  8720 I SpectrePeripheral: event=notify_requested char=control bytes=26 connected=1
08-07 13:27:59.562  8720  8720 I SpectrePeripheral: event=notify_queued peer=xx:7A:39 char=control bytes=26 label=value chunk=0 chunks=1 queued=1
08-07 13:27:59.563  8720  8720 I SpectrePeripheral: event=notify_send reason=enqueue peer=xx:7A:39 char=control bytes=26 label=value chunk=0 chunks=1 remaining=0
08-07 13:27:59.564  8720  8720 I SpectrePeripheral: event=secure_value_updated char=control channel=2 plainBytes=4 cipherBytes=26 notify=true
08-07 13:27:59.565  8720  8747 I ReactNativeJS: [SpectreEnrich] batch events=18 matched=12 skipped=6 history=188 firstEvent=1783092226000 lastEvent=1786013750000 oldestHistory=1783461501000 newestHistory=1786126571866 nearestDriftMin=3374 nearestDriftMax=369275000 nearestFixFirst=1784066980374 nativeRecorder=1
08-07 13:27:59.566  8720  8720 I SpectrePeripheral: event=notify_sent peer=xx:7A:39 status=success remaining=0
08-07 13:27:59.567  8720  8720 W SpectrePeripheral: event=enrichment_response_unframed records=18 pendingRecords=18 sessionId=0 batchId=0
08-07 13:27:59.567  8720  8720 I SpectrePeripheral: event=notify_chunked char=enrichment plainBytes=846 chunks=5 chunkPlainMax=200
08-07 13:27:59.567  8720  8720 I SpectrePeripheral: event=notify_chunk char=enrichment chunk=0 plainBytes=200 bytes=222
08-07 13:27:59.567  8720  8720 I SpectrePeripheral: event=notify_queued peer=xx:7A:39 char=enrichment bytes=222 label=chunked chunk=0 chunks=5 queued=1
08-07 13:27:59.567  8720  8720 I SpectrePeripheral: event=notify_send reason=enqueue peer=xx:7A:39 char=enrichment bytes=222 label=chunked chunk=0 chunks=5 remaining=0
08-07 13:27:59.568  8720  8720 I SpectrePeripheral: event=notify_chunk char=enrichment chunk=1 plainBytes=200 bytes=222
08-07 13:27:59.568  8720  8720 I SpectrePeripheral: event=notify_queued peer=xx:7A:39 char=enrichment bytes=222 label=chunked chunk=1 chunks=5 queued=1
08-07 13:27:59.568  8720  8720 I SpectrePeripheral: event=notify_chunk char=enrichment chunk=2 plainBytes=200 bytes=222
08-07 13:27:59.568  8720  8720 I SpectrePeripheral: event=notify_queued peer=xx:7A:39 char=enrichment bytes=222 label=chunked chunk=2 chunks=5 queued=2
08-07 13:27:59.569  8720  8720 I SpectrePeripheral: event=notify_chunk char=enrichment chunk=3 plainBytes=200 bytes=222
08-07 13:27:59.569  8720  8720 I SpectrePeripheral: event=notify_queued peer=xx:7A:39 char=enrichment bytes=222 label=chunked chunk=3 chunks=5 queued=3
08-07 13:27:59.569  8720  8720 I SpectrePeripheral: event=notify_chunk char=enrichment chunk=4 plainBytes=46 bytes=68
08-07 13:27:59.569  8720  8720 I SpectrePeripheral: event=notify_queued peer=xx:7A:39 char=enrichment bytes=68 label=chunked chunk=4 chunks=5 queued=4
08-07 13:27:59.569  8720  8720 I SpectrePeripheral: event=notify_sent peer=xx:7A:39 status=success remaining=4
08-07 13:27:59.645  8720  8720 I SpectrePeripheral: event=notify_send reason=sent_paced peer=xx:7A:39 char=enrichment bytes=222 label=chunked chunk=1 chunks=5 remaining=3
08-07 13:27:59.648  8720  8720 I SpectrePeripheral: event=notify_sent peer=xx:7A:39 status=success remaining=3
08-07 13:27:59.724  8720  8720 I SpectrePeripheral: event=notify_send reason=sent_paced peer=xx:7A:39 char=enrichment bytes=222 label=chunked chunk=2 chunks=5 remaining=2
08-07 13:27:59.727  8720  8720 I SpectrePeripheral: event=notify_sent peer=xx:7A:39 status=success remaining=2
08-07 13:27:59.803  8720  8720 I SpectrePeripheral: event=notify_send reason=sent_paced peer=xx:7A:39 char=enrichment bytes=222 label=chunked chunk=3 chunks=5 remaining=1
08-07 13:27:59.804  8720  8720 I SpectrePeripheral: event=notify_sent peer=xx:7A:39 status=success remaining=1
08-07 13:27:59.880  8720  8720 I SpectrePeripheral: event=notify_send reason=sent_paced peer=xx:7A:39 char=enrichment bytes=68 label=chunked chunk=4 chunks=5 remaining=0
08-07 13:27:59.883  8720  8720 I SpectrePeripheral: event=notify_sent peer=xx:7A:39 status=success remaining=0
08-07 13:28:00.243  8720  8731 I SpectrePeripheral: event=char_read peer=xx:7A:39 char=control requestId=129 offset=0 valueBytes=26 responseBytes=26
08-07 13:28:00.391  8720  8720 I SpectrePeripheral: event=char_write peer=xx:7A:39 char=event_batch requestId=130 offset=0 chunkBytes=202 totalBytes=202 prepared=false responseNeeded=true
08-07 13:28:00.393  8720  8720 I SpectrePeripheral: event=event_batch_received peer=xx:7A:39 cipherBytes=202 plainBytes=180 recordsEstimate=18 sessionId=0 batchId=0 totalBatches=15
08-07 13:28:00.570  8720  8747 I ReactNativeJS: [SpectreEnrich] batch events=18 matched=4 skipped=14 history=188 firstEvent=1783046263000 lastEvent=1786013780000 oldestHistory=1783461501000 newestHistory=1786126571866 nearestDriftMin=20055 nearestDriftMax=540709000 nearestFixFirst=1783461501000 nativeRecorder=1
08-07 13:28:00.571  8720  8720 W SpectrePeripheral: event=enrichment_response_unframed records=18 pendingRecords=18 sessionId=0 batchId=0
08-07 13:28:00.571  8720  8720 I SpectrePeripheral: event=notify_chunked char=enrichment plainBytes=846 chunks=5 chunkPlainMax=200
08-07 13:28:00.572  8720  8720 I SpectrePeripheral: event=notify_chunk char=enrichment chunk=0 plainBytes=200 bytes=222
08-07 13:28:00.574  8720  8720 I SpectrePeripheral: event=notify_queued peer=xx:7A:39 char=enrichment bytes=222 label=chunked chunk=0 chunks=5 queued=1
08-07 13:28:00.575  8720  8720 I SpectrePeripheral: event=notify_send reason=enqueue peer=xx:7A:39 char=enrichment bytes=222 label=chunked chunk=0 chunks=5 remaining=0
08-07 13:28:00.576  8720  8720 I SpectrePeripheral: event=notify_chunk char=enrichment chunk=1 plainBytes=200 bytes=222
08-07 13:28:00.576  8720  8720 I SpectrePeripheral: event=notify_queued peer=xx:7A:39 char=enrichment bytes=222 label=chunked chunk=1 chunks=5 queued=1
08-07 13:28:00.576  8720  8720 I SpectrePeripheral: event=notify_chunk char=enrichment chunk=2 plainBytes=200 bytes=222
08-07 13:28:00.577  8720  8720 I SpectrePeripheral: event=notify_queued peer=xx:7A:39 char=enrichment bytes=222 label=chunked chunk=2 chunks=5 queued=2
08-07 13:28:00.577  8720  8720 I SpectrePeripheral: event=notify_chunk char=enrichment chunk=3 plainBytes=200 bytes=222
08-07 13:28:00.577  8720  8720 I SpectrePeripheral: event=notify_queued peer=xx:7A:39 char=enrichment bytes=222 label=chunked chunk=3 chunks=5 queued=3
08-07 13:28:00.577  8720  8720 I SpectrePeripheral: event=notify_chunk char=enrichment chunk=4 plainBytes=46 bytes=68
08-07 13:28:00.578  8720  8720 I SpectrePeripheral: event=notify_queued peer=xx:7A:39 char=enrichment bytes=68 label=chunked chunk=4 chunks=5 queued=4
08-07 13:28:00.578  8720  8720 I SpectrePeripheral: event=update_value char=control bytes=4
08-07 13:28:00.578  8720  8720 I SpectrePeripheral: event=notify_requested char=control bytes=26 connected=1
08-07 13:28:00.578  8720  8720 I SpectrePeripheral: event=notify_queued peer=xx:7A:39 char=control bytes=26 label=value chunk=0 chunks=1 queued=5
08-07 13:28:00.578  8720  8720 I SpectrePeripheral: event=secure_value_updated char=control channel=2 plainBytes=4 cipherBytes=26 notify=true
08-07 13:28:00.578  8720  8720 I SpectrePeripheral: event=notify_sent peer=xx:7A:39 status=success remaining=5
08-07 13:28:00.655  8720  8720 I SpectrePeripheral: event=notify_send reason=sent_paced peer=xx:7A:39 char=enrichment bytes=222 label=chunked chunk=1 chunks=5 remaining=4
08-07 13:28:00.657  8720  8720 I SpectrePeripheral: event=notify_sent peer=xx:7A:39 status=success remaining=4
08-07 13:28:00.734  8720  8720 I SpectrePeripheral: event=notify_send reason=sent_paced peer=xx:7A:39 char=enrichment bytes=222 label=chunked chunk=2 chunks=5 remaining=3
08-07 13:28:00.737  8720  8720 I SpectrePeripheral: event=notify_sent peer=xx:7A:39 status=success remaining=3
08-07 13:28:00.812  8720  8720 I SpectrePeripheral: event=notify_send reason=sent_paced peer=xx:7A:39 char=enrichment bytes=222 label=chunked chunk=3 chunks=5 remaining=2
08-07 13:28:00.817  8720  8720 I SpectrePeripheral: event=notify_sent peer=xx:7A:39 status=success remaining=2
08-07 13:28:00.893  8720  8720 I SpectrePeripheral: event=notify_send reason=sent_paced peer=xx:7A:39 char=enrichment bytes=68 label=chunked chunk=4 chunks=5 remaining=1
08-07 13:28:00.896  8720  8720 I SpectrePeripheral: event=notify_sent peer=xx:7A:39 status=success remaining=1
08-07 13:28:00.973  8720  8720 I SpectrePeripheral: event=notify_send reason=sent_paced peer=xx:7A:39 char=control bytes=26 label=value chunk=0 chunks=1 remaining=0
08-07 13:28:00.977  8720  8720 I SpectrePeripheral: event=notify_sent peer=xx:7A:39 status=success remaining=0
08-07 13:28:01.453  8720  8720 I SpectrePeripheral: event=char_write peer=xx:7A:39 char=event_batch requestId=131 offset=0 chunkBytes=202 totalBytes=202 prepared=false responseNeeded=true
08-07 13:28:01.455  8720  8720 I SpectrePeripheral: event=event_batch_received peer=xx:7A:39 cipherBytes=202 plainBytes=180 recordsEstimate=18 sessionId=0 batchId=0 totalBatches=16
08-07 13:28:01.624  8720  8747 I ReactNativeJS: [SpectreEnrich] batch events=18 matched=7 skipped=11 history=188 firstEvent=1783087927000 lastEvent=1786013813000 oldestHistory=1783461501000 newestHistory=1786126571866 nearestDriftMin=6055 nearestDriftMax=540709000 nearestFixFirst=1785189852000 nativeRecorder=1
08-07 13:28:01.625  8720  8720 W SpectrePeripheral: event=enrichment_response_unframed records=18 pendingRecords=18 sessionId=0 batchId=0
08-07 13:28:01.625  8720  8720 I SpectrePeripheral: event=notify_chunked char=enrichment plainBytes=846 chunks=5 chunkPlainMax=200
08-07 13:28:01.625  8720  8720 I SpectrePeripheral: event=notify_chunk char=enrichment chunk=0 plainBytes=200 bytes=222
08-07 13:28:01.626  8720  8720 I SpectrePeripheral: event=notify_queued peer=xx:7A:39 char=enrichment bytes=222 label=chunked chunk=0 chunks=5 queued=1
08-07 13:28:01.626  8720  8720 I SpectrePeripheral: event=notify_send reason=enqueue peer=xx:7A:39 char=enrichment bytes=222 label=chunked chunk=0 chunks=5 remaining=0
08-07 13:28:01.627  8720  8720 I SpectrePeripheral: event=notify_chunk char=enrichment chunk=1 plainBytes=200 bytes=222
08-07 13:28:01.627  8720  8720 I SpectrePeripheral: event=notify_queued peer=xx:7A:39 char=enrichment bytes=222 label=chunked chunk=1 chunks=5 queued=1
08-07 13:28:01.627  8720  8720 I SpectrePeripheral: event=notify_chunk char=enrichment chunk=2 plainBytes=200 bytes=222
08-07 13:28:01.628  8720  8720 I SpectrePeripheral: event=notify_queued peer=xx:7A:39 char=enrichment bytes=222 label=chunked chunk=2 chunks=5 queued=2
08-07 13:28:01.628  8720  8720 I SpectrePeripheral: event=notify_chunk char=enrichment chunk=3 plainBytes=200 bytes=222
08-07 13:28:01.628  8720  8720 I SpectrePeripheral: event=notify_queued peer=xx:7A:39 char=enrichment bytes=222 label=chunked chunk=3 chunks=5 queued=3
08-07 13:28:01.628  8720  8720 I SpectrePeripheral: event=notify_chunk char=enrichment chunk=4 plainBytes=46 bytes=68
08-07 13:28:01.628  8720  8720 I SpectrePeripheral: event=notify_queued peer=xx:7A:39 char=enrichment bytes=68 label=chunked chunk=4 chunks=5 queued=4
08-07 13:28:01.628  8720  8720 I SpectrePeripheral: event=update_value char=control bytes=4
08-07 13:28:01.628  8720  8720 I SpectrePeripheral: event=notify_requested char=control bytes=26 connected=1
08-07 13:28:01.628  8720  8720 I SpectrePeripheral: event=notify_queued peer=xx:7A:39 char=control bytes=26 label=value chunk=0 chunks=1 queued=5
08-07 13:28:01.628  8720  8720 I SpectrePeripheral: event=secure_value_updated char=control channel=2 plainBytes=4 cipherBytes=26 notify=true
08-07 13:28:01.629  8720  8720 I SpectrePeripheral: event=notify_sent peer=xx:7A:39 status=success remaining=5
08-07 13:28:01.705  8720  8720 I SpectrePeripheral: event=notify_send reason=sent_paced peer=xx:7A:39 char=enrichment bytes=222 label=chunked chunk=1 chunks=5 remaining=4
08-07 13:28:01.707  8720  8720 I SpectrePeripheral: event=notify_sent peer=xx:7A:39 status=success remaining=4
08-07 13:28:01.784  8720  8720 I SpectrePeripheral: event=notify_send reason=sent_paced peer=xx:7A:39 char=enrichment bytes=222 label=chunked chunk=2 chunks=5 remaining=3
08-07 13:28:01.786  8720  8720 I SpectrePeripheral: event=notify_sent peer=xx:7A:39 status=success remaining=3
08-07 13:28:01.861  8720  8720 I SpectrePeripheral: event=notify_send reason=sent_paced peer=xx:7A:39 char=enrichment bytes=222 label=chunked chunk=3 chunks=5 remaining=2
08-07 13:28:01.864  8720  8720 I SpectrePeripheral: event=notify_sent peer=xx:7A:39 status=success remaining=2
08-07 13:28:01.940  8720  8720 I SpectrePeripheral: event=notify_send reason=sent_paced peer=xx:7A:39 char=enrichment bytes=68 label=chunked chunk=4 chunks=5 remaining=1
08-07 13:28:01.943  8720  8720 I SpectrePeripheral: event=notify_sent peer=xx:7A:39 status=success remaining=1
08-07 13:28:02.019  8720  8720 I SpectrePeripheral: event=notify_send reason=sent_paced peer=xx:7A:39 char=control bytes=26 label=value chunk=0 chunks=1 remaining=0
08-07 13:28:02.021  8720  8720 I SpectrePeripheral: event=notify_sent peer=xx:7A:39 status=success remaining=0
08-07 13:28:02.248  8720  8762 I SpectrePeripheral: event=char_read peer=xx:7A:39 char=control requestId=132 offset=0 valueBytes=26 responseBytes=26
08-07 13:28:02.399  8720  8720 I SpectrePeripheral: event=char_write peer=xx:7A:39 char=event_batch requestId=133 offset=0 chunkBytes=202 totalBytes=202 prepared=false responseNeeded=true
08-07 13:28:02.400  8720  8720 I SpectrePeripheral: event=event_batch_received peer=xx:7A:39 cipherBytes=202 plainBytes=180 recordsEstimate=18 sessionId=0 batchId=0 totalBatches=17
08-07 13:28:02.578  8720  8747 I ReactNativeJS: [SpectreEnrich] batch events=18 matched=10 skipped=8 history=188 firstEvent=1783094831000 lastEvent=1786013847000 oldestHistory=1783461501000 newestHistory=1786126571866 nearestDriftMin=5001 nearestDriftMax=366670000 nearestFixFirst=1783461501000 nativeRecorder=1
08-07 13:28:02.581  8720  8720 I SpectrePeripheral: event=update_value char=control bytes=4
08-07 13:28:02.581  8720  8720 I SpectrePeripheral: event=notify_requested char=control bytes=26 connected=1
08-07 13:28:02.582  8720  8720 I SpectrePeripheral: event=notify_queued peer=xx:7A:39 char=control bytes=26 label=value chunk=0 chunks=1 queued=1
08-07 13:28:02.583  8720  8720 I SpectrePeripheral: event=notify_send reason=enqueue peer=xx:7A:39 char=control bytes=26 label=value chunk=0 chunks=1 remaining=0
08-07 13:28:02.583  8720  8720 I SpectrePeripheral: event=secure_value_updated char=control channel=2 plainBytes=4 cipherBytes=26 notify=true
08-07 13:28:02.583  8720  8720 W SpectrePeripheral: event=enrichment_response_unframed records=18 pendingRecords=18 sessionId=0 batchId=0
08-07 13:28:02.583  8720  8720 I SpectrePeripheral: event=notify_chunked char=enrichment plainBytes=846 chunks=5 chunkPlainMax=200
08-07 13:28:02.583  8720  8720 I SpectrePeripheral: event=notify_chunk char=enrichment chunk=0 plainBytes=200 bytes=222
08-07 13:28:02.583  8720  8720 I SpectrePeripheral: event=notify_queued peer=xx:7A:39 char=enrichment bytes=222 label=chunked chunk=0 chunks=5 queued=1
08-07 13:28:02.583  8720  8720 I SpectrePeripheral: event=notify_chunk char=enrichment chunk=1 plainBytes=200 bytes=222
08-07 13:28:02.584  8720  8720 I SpectrePeripheral: event=notify_queued peer=xx:7A:39 char=enrichment bytes=222 label=chunked chunk=1 chunks=5 queued=2
08-07 13:28:02.584  8720  8720 I SpectrePeripheral: event=notify_chunk char=enrichment chunk=2 plainBytes=200 bytes=222
08-07 13:28:02.584  8720  8720 I SpectrePeripheral: event=notify_queued peer=xx:7A:39 char=enrichment bytes=222 label=chunked chunk=2 chunks=5 queued=3
08-07 13:28:02.584  8720  8720 I SpectrePeripheral: event=notify_chunk char=enrichment chunk=3 plainBytes=200 bytes=222
08-07 13:28:02.584  8720  8720 I SpectrePeripheral: event=notify_queued peer=xx:7A:39 char=enrichment bytes=222 label=chunked chunk=3 chunks=5 queued=4
08-07 13:28:02.584  8720  8720 I SpectrePeripheral: event=notify_chunk char=enrichment chunk=4 plainBytes=46 bytes=68
08-07 13:28:02.585  8720  8720 I SpectrePeripheral: event=notify_queued peer=xx:7A:39 char=enrichment bytes=68 label=chunked chunk=4 chunks=5 queued=5
08-07 13:28:02.585  8720  8720 I SpectrePeripheral: event=notify_sent peer=xx:7A:39 status=success remaining=5
08-07 13:28:02.585  8720  8720 I SpectrePeripheral: event=notify_send reason=sent peer=xx:7A:39 char=enrichment bytes=222 label=chunked chunk=0 chunks=5 remaining=4
08-07 13:28:02.590  8720  8720 I SpectrePeripheral: event=notify_sent peer=xx:7A:39 status=success remaining=4
08-07 13:28:02.667  8720  8720 I SpectrePeripheral: event=notify_send reason=sent_paced peer=xx:7A:39 char=enrichment bytes=222 label=chunked chunk=1 chunks=5 remaining=3
08-07 13:28:02.669  8720  8720 I SpectrePeripheral: event=notify_sent peer=xx:7A:39 status=success remaining=3
08-07 13:28:02.744  8720  8720 I SpectrePeripheral: event=notify_send reason=sent_paced peer=xx:7A:39 char=enrichment bytes=222 label=chunked chunk=2 chunks=5 remaining=2
08-07 13:28:02.745  8720  8720 I SpectrePeripheral: event=notify_sent peer=xx:7A:39 status=success remaining=2
08-07 13:28:02.821  8720  8720 I SpectrePeripheral: event=notify_send reason=sent_paced peer=xx:7A:39 char=enrichment bytes=222 label=chunked chunk=3 chunks=5 remaining=1
08-07 13:28:02.824  8720  8720 I SpectrePeripheral: event=notify_sent peer=xx:7A:39 status=success remaining=1
08-07 13:28:02.877  8720  8731 I SpectrePeripheral: event=char_read peer=xx:7A:39 char=gps requestId=134 offset=0 valueBytes=42 responseBytes=42
08-07 13:28:02.900  8720  8720 I SpectrePeripheral: event=notify_send reason=sent_paced peer=xx:7A:39 char=enrichment bytes=68 label=chunked chunk=4 chunks=5 remaining=0
08-07 13:28:02.902  8720  8720 I SpectrePeripheral: event=notify_sent peer=xx:7A:39 status=success remaining=0
08-07 13:28:05.336  8720  8731 I SpectrePeripheral: event=char_read peer=xx:7A:39 char=control requestId=135 offset=0 valueBytes=26 responseBytes=26
08-07 13:28:05.491  8720  8720 I SpectrePeripheral: event=char_write peer=xx:7A:39 char=event_batch requestId=136 offset=0 chunkBytes=202 totalBytes=202 prepared=false responseNeeded=true
08-07 13:28:05.492  8720  8720 I SpectrePeripheral: event=event_batch_received peer=xx:7A:39 cipherBytes=202 plainBytes=180 recordsEstimate=18 sessionId=0 batchId=0 totalBatches=18
08-07 13:28:05.656  8720  8747 I ReactNativeJS: [SpectreEnrich] batch events=18 matched=10 skipped=8 history=188 firstEvent=1783087978000 lastEvent=1786013889000 oldestHistory=1783461501000 newestHistory=1786126571866 nearestDriftMin=445 nearestDriftMax=540645000 nearestFixFirst=1783636615069 nativeRecorder=1
08-07 13:28:05.659  8720  8720 W SpectrePeripheral: event=enrichment_response_unframed records=18 pendingRecords=18 sessionId=0 batchId=0
08-07 13:28:05.659  8720  8720 I SpectrePeripheral: event=notify_chunked char=enrichment plainBytes=846 chunks=5 chunkPlainMax=200
08-07 13:28:05.660  8720  8720 I SpectrePeripheral: event=notify_chunk char=enrichment chunk=0 plainBytes=200 bytes=222
08-07 13:28:05.660  8720  8720 I SpectrePeripheral: event=notify_queued peer=xx:7A:39 char=enrichment bytes=222 label=chunked chunk=0 chunks=5 queued=1
08-07 13:28:05.660  8720  8720 I SpectrePeripheral: event=notify_send reason=enqueue peer=xx:7A:39 char=enrichment bytes=222 label=chunked chunk=0 chunks=5 remaining=0
08-07 13:28:05.661  8720  8720 I SpectrePeripheral: event=notify_chunk char=enrichment chunk=1 plainBytes=200 bytes=222
08-07 13:28:05.661  8720  8720 I SpectrePeripheral: event=notify_queued peer=xx:7A:39 char=enrichment bytes=222 label=chunked chunk=1 chunks=5 queued=1
08-07 13:28:05.661  8720  8720 I SpectrePeripheral: event=notify_chunk char=enrichment chunk=2 plainBytes=200 bytes=222
08-07 13:28:05.661  8720  8720 I SpectrePeripheral: event=notify_queued peer=xx:7A:39 char=enrichment bytes=222 label=chunked chunk=2 chunks=5 queued=2
08-07 13:28:05.661  8720  8720 I SpectrePeripheral: event=notify_chunk char=enrichment chunk=3 plainBytes=200 bytes=222
08-07 13:28:05.661  8720  8720 I SpectrePeripheral: event=notify_queued peer=xx:7A:39 char=enrichment bytes=222 label=chunked chunk=3 chunks=5 queued=3
08-07 13:28:05.661  8720  8720 I SpectrePeripheral: event=notify_chunk char=enrichment chunk=4 plainBytes=46 bytes=68
08-07 13:28:05.661  8720  8720 I SpectrePeripheral: event=notify_queued peer=xx:7A:39 char=enrichment bytes=68 label=chunked chunk=4 chunks=5 queued=4
08-07 13:28:05.661  8720  8720 I SpectrePeripheral: event=update_value char=control bytes=4
08-07 13:28:05.661  8720  8720 I SpectrePeripheral: event=notify_requested char=control bytes=26 connected=1
08-07 13:28:05.661  8720  8720 I SpectrePeripheral: event=notify_queued peer=xx:7A:39 char=control bytes=26 label=value chunk=0 chunks=1 queued=5
08-07 13:28:05.661  8720  8720 I SpectrePeripheral: event=secure_value_updated char=control channel=2 plainBytes=4 cipherBytes=26 notify=true
08-07 13:28:05.661  8720  8720 I SpectrePeripheral: event=notify_sent peer=xx:7A:39 status=success remaining=5
08-07 13:28:05.738  8720  8720 I SpectrePeripheral: event=notify_send reason=sent_paced peer=xx:7A:39 char=enrichment bytes=222 label=chunked chunk=1 chunks=5 remaining=4
08-07 13:28:05.742  8720  8720 I SpectrePeripheral: event=notify_sent peer=xx:7A:39 status=success remaining=4
08-07 13:28:05.818  8720  8720 I SpectrePeripheral: event=notify_send reason=sent_paced peer=xx:7A:39 char=enrichment bytes=222 label=chunked chunk=2 chunks=5 remaining=3
08-07 13:28:05.820  8720  8720 I SpectrePeripheral: event=notify_sent peer=xx:7A:39 status=success remaining=3
08-07 13:28:05.895  8720  8720 I SpectrePeripheral: event=notify_send reason=sent_paced peer=xx:7A:39 char=enrichment bytes=222 label=chunked chunk=3 chunks=5 remaining=2
08-07 13:28:05.898  8720  8720 I SpectrePeripheral: event=notify_sent peer=xx:7A:39 status=success remaining=2
08-07 13:28:05.974  8720  8720 I SpectrePeripheral: event=notify_send reason=sent_paced peer=xx:7A:39 char=enrichment bytes=68 label=chunked chunk=4 chunks=5 remaining=1
08-07 13:28:05.976  8720  8720 I SpectrePeripheral: event=notify_sent peer=xx:7A:39 status=success remaining=1
08-07 13:28:06.052  8720  8720 I SpectrePeripheral: event=notify_send reason=sent_paced peer=xx:7A:39 char=control bytes=26 label=value chunk=0 chunks=1 remaining=0
08-07 13:28:06.055  8720  8720 I SpectrePeripheral: event=notify_sent peer=xx:7A:39 status=success remaining=0
08-07 13:28:06.484  8720  8720 I SpectrePeripheral: event=char_write peer=xx:7A:39 char=event_batch requestId=137 offset=0 chunkBytes=202 totalBytes=202 prepared=false responseNeeded=true
08-07 13:28:06.486  8720  8720 I SpectrePeripheral: event=event_batch_received peer=xx:7A:39 cipherBytes=202 plainBytes=180 recordsEstimate=18 sessionId=0 batchId=0 totalBatches=19
08-07 13:28:06.655  8720  8747 I ReactNativeJS: [SpectreEnrich] batch events=18 matched=8 skipped=10 history=188 firstEvent=1783056302000 lastEvent=1786013922000 oldestHistory=1783461501000 newestHistory=1786126571866 nearestDriftMin=8445 nearestDriftMax=540595000 nearestFixFirst=1783461501000 nativeRecorder=1
08-07 13:28:06.659  8720  8720 I SpectrePeripheral: event=update_value char=control bytes=4
08-07 13:28:06.660  8720  8720 I SpectrePeripheral: event=notify_requested char=control bytes=26 connected=1
08-07 13:28:06.660  8720  8720 I SpectrePeripheral: event=notify_queued peer=xx:7A:39 char=control bytes=26 label=value chunk=0 chunks=1 queued=1
08-07 13:28:06.661  8720  8720 I SpectrePeripheral: event=notify_send reason=enqueue peer=xx:7A:39 char=control bytes=26 label=value chunk=0 chunks=1 remaining=0
08-07 13:28:06.661  8720  8720 I SpectrePeripheral: event=secure_value_updated char=control channel=2 plainBytes=4 cipherBytes=26 notify=true
08-07 13:28:06.661  8720  8720 W SpectrePeripheral: event=enrichment_response_unframed records=18 pendingRecords=18 sessionId=0 batchId=0
08-07 13:28:06.661  8720  8720 I SpectrePeripheral: event=notify_chunked char=enrichment plainBytes=846 chunks=5 chunkPlainMax=200
08-07 13:28:06.661  8720  8720 I SpectrePeripheral: event=notify_chunk char=enrichment chunk=0 plainBytes=200 bytes=222
08-07 13:28:06.662  8720  8720 I SpectrePeripheral: event=notify_queued peer=xx:7A:39 char=enrichment bytes=222 label=chunked chunk=0 chunks=5 queued=1
08-07 13:28:06.662  8720  8720 I SpectrePeripheral: event=notify_chunk char=enrichment chunk=1 plainBytes=200 bytes=222
08-07 13:28:06.662  8720  8720 I SpectrePeripheral: event=notify_queued peer=xx:7A:39 char=enrichment bytes=222 label=chunked chunk=1 chunks=5 queued=2
08-07 13:28:06.662  8720  8720 I SpectrePeripheral: event=notify_chunk char=enrichment chunk=2 plainBytes=200 bytes=222
08-07 13:28:06.662  8720  8720 I SpectrePeripheral: event=notify_queued peer=xx:7A:39 char=enrichment bytes=222 label=chunked chunk=2 chunks=5 queued=3
08-07 13:28:06.662  8720  8720 I SpectrePeripheral: event=notify_chunk char=enrichment chunk=3 plainBytes=200 bytes=222
08-07 13:28:06.662  8720  8720 I SpectrePeripheral: event=notify_queued peer=xx:7A:39 char=enrichment bytes=222 label=chunked chunk=3 chunks=5 queued=4
08-07 13:28:06.663  8720  8720 I SpectrePeripheral: event=notify_chunk char=enrichment chunk=4 plainBytes=46 bytes=68
08-07 13:28:06.663  8720  8720 I SpectrePeripheral: event=notify_queued peer=xx:7A:39 char=enrichment bytes=68 label=chunked chunk=4 chunks=5 queued=5
08-07 13:28:06.663  8720  8720 I SpectrePeripheral: event=notify_sent peer=xx:7A:39 status=success remaining=5
08-07 13:28:06.663  8720  8720 I SpectrePeripheral: event=notify_send reason=sent peer=xx:7A:39 char=enrichment bytes=222 label=chunked chunk=0 chunks=5 remaining=4
08-07 13:28:06.667  8720  8720 I SpectrePeripheral: event=notify_sent peer=xx:7A:39 status=success remaining=4
08-07 13:28:06.744  8720  8720 I SpectrePeripheral: event=notify_send reason=sent_paced peer=xx:7A:39 char=enrichment bytes=222 label=chunked chunk=1 chunks=5 remaining=3
08-07 13:28:06.747  8720  8720 I SpectrePeripheral: event=notify_sent peer=xx:7A:39 status=success remaining=3
08-07 13:28:06.822  8720  8720 I SpectrePeripheral: event=notify_send reason=sent_paced peer=xx:7A:39 char=enrichment bytes=222 label=chunked chunk=2 chunks=5 remaining=2
08-07 13:28:06.825  8720  8720 I SpectrePeripheral: event=notify_sent peer=xx:7A:39 status=success remaining=2
08-07 13:28:06.901  8720  8720 I SpectrePeripheral: event=notify_send reason=sent_paced peer=xx:7A:39 char=enrichment bytes=222 label=chunked chunk=3 chunks=5 remaining=1
08-07 13:28:06.904  8720  8720 I SpectrePeripheral: event=notify_sent peer=xx:7A:39 status=success remaining=1
08-07 13:28:06.980  8720  8720 I SpectrePeripheral: event=notify_send reason=sent_paced peer=xx:7A:39 char=enrichment bytes=68 label=chunked chunk=4 chunks=5 remaining=0
08-07 13:28:06.983  8720  8720 I SpectrePeripheral: event=notify_sent peer=xx:7A:39 status=success remaining=0
08-07 13:28:07.483  8720  8762 I SpectrePeripheral: event=char_read peer=xx:7A:39 char=control requestId=138 offset=0 valueBytes=26 responseBytes=26
08-07 13:28:07.529  8720  8720 I SpectrePeripheral: event=char_write peer=xx:7A:39 char=event_batch requestId=139 offset=0 chunkBytes=202 totalBytes=202 prepared=false responseNeeded=true
08-07 13:28:07.530  8720  8720 I SpectrePeripheral: event=event_batch_received peer=xx:7A:39 cipherBytes=202 plainBytes=180 recordsEstimate=18 sessionId=0 batchId=0 totalBatches=20
08-07 13:28:07.709  8720  8720 I SpectrePeripheral: event=update_value char=control bytes=4
08-07 13:28:07.709  8720  8720 I SpectrePeripheral: event=notify_requested char=control bytes=26 connected=1
08-07 13:28:07.712  8720  8720 I SpectrePeripheral: event=notify_queued peer=xx:7A:39 char=control bytes=26 label=value chunk=0 chunks=1 queued=1
08-07 13:28:07.712  8720  8720 I SpectrePeripheral: event=notify_send reason=enqueue peer=xx:7A:39 char=control bytes=26 label=value chunk=0 chunks=1 remaining=0
08-07 13:28:07.712  8720  8747 I ReactNativeJS: [SpectreEnrich] batch events=18 matched=16 skipped=2 history=188 firstEvent=1783094968000 lastEvent=1786013989000 oldestHistory=1783461501000 newestHistory=1786126571866 nearestDriftMin=20 nearestDriftMax=366533000 nearestFixFirst=1786013950980 nativeRecorder=1
08-07 13:28:07.713  8720  8720 I SpectrePeripheral: event=secure_value_updated char=control channel=2 plainBytes=4 cipherBytes=26 notify=true
08-07 13:28:07.713  8720  8720 I SpectrePeripheral: event=notify_sent peer=xx:7A:39 status=success remaining=0
08-07 13:28:07.713  8720  8720 W SpectrePeripheral: event=enrichment_response_unframed records=18 pendingRecords=18 sessionId=0 batchId=0
08-07 13:28:07.713  8720  8720 I SpectrePeripheral: event=notify_chunked char=enrichment plainBytes=846 chunks=5 chunkPlainMax=200
08-07 13:28:07.713  8720  8720 I SpectrePeripheral: event=notify_chunk char=enrichment chunk=0 plainBytes=200 bytes=222
08-07 13:28:07.714  8720  8720 I SpectrePeripheral: event=notify_queued peer=xx:7A:39 char=enrichment bytes=222 label=chunked chunk=0 chunks=5 queued=1
08-07 13:28:07.714  8720  8720 I SpectrePeripheral: event=notify_send reason=enqueue peer=xx:7A:39 char=enrichment bytes=222 label=chunked chunk=0 chunks=5 remaining=0
08-07 13:28:07.714  8720  8720 I SpectrePeripheral: event=notify_chunk char=enrichment chunk=1 plainBytes=200 bytes=222
08-07 13:28:07.714  8720  8720 I SpectrePeripheral: event=notify_queued peer=xx:7A:39 char=enrichment bytes=222 label=chunked chunk=1 chunks=5 queued=1
08-07 13:28:07.714  8720  8720 I SpectrePeripheral: event=notify_chunk char=enrichment chunk=2 plainBytes=200 bytes=222
08-07 13:28:07.715  8720  8720 I SpectrePeripheral: event=notify_queued peer=xx:7A:39 char=enrichment bytes=222 label=chunked chunk=2 chunks=5 queued=2
08-07 13:28:07.715  8720  8720 I SpectrePeripheral: event=notify_chunk char=enrichment chunk=3 plainBytes=200 bytes=222
08-07 13:28:07.715  8720  8720 I SpectrePeripheral: event=notify_queued peer=xx:7A:39 char=enrichment bytes=222 label=chunked chunk=3 chunks=5 queued=3
08-07 13:28:07.715  8720  8720 I SpectrePeripheral: event=notify_chunk char=enrichment chunk=4 plainBytes=46 bytes=68
08-07 13:28:07.715  8720  8720 I SpectrePeripheral: event=notify_queued peer=xx:7A:39 char=enrichment bytes=68 label=chunked chunk=4 chunks=5 queued=4
08-07 13:28:07.716  8720  8720 I SpectrePeripheral: event=notify_sent peer=xx:7A:39 status=success remaining=4
08-07 13:28:07.792  8720  8720 I SpectrePeripheral: event=notify_send reason=sent_paced peer=xx:7A:39 char=enrichment bytes=222 label=chunked chunk=1 chunks=5 remaining=3
08-07 13:28:07.794  8720  8720 I SpectrePeripheral: event=notify_sent peer=xx:7A:39 status=success remaining=3
08-07 13:28:07.871  8720  8720 I SpectrePeripheral: event=notify_send reason=sent_paced peer=xx:7A:39 char=enrichment bytes=222 label=chunked chunk=2 chunks=5 remaining=2
08-07 13:28:07.873  8720  8720 I SpectrePeripheral: event=notify_sent peer=xx:7A:39 status=success remaining=2
08-07 13:28:07.915  8720  8762 I SpectrePeripheral: event=char_read peer=xx:7A:39 char=gps requestId=140 offset=0 valueBytes=42 responseBytes=42
08-07 13:28:07.948  8720  8720 I SpectrePeripheral: event=notify_send reason=sent_paced peer=xx:7A:39 char=enrichment bytes=222 label=chunked chunk=3 chunks=5 remaining=1
08-07 13:28:07.949  8720  8720 I SpectrePeripheral: event=notify_sent peer=xx:7A:39 status=success remaining=1
08-07 13:28:08.025  8720  8720 I SpectrePeripheral: event=notify_send reason=sent_paced peer=xx:7A:39 char=enrichment bytes=68 label=chunked chunk=4 chunks=5 remaining=0
08-07 13:28:08.025  8720  8720 I SpectrePeripheral: event=notify_sent peer=xx:7A:39 status=success remaining=0
08-07 13:28:08.462  8720  8720 I SpectrePeripheral: event=char_write peer=xx:7A:39 char=event_batch requestId=141 offset=0 chunkBytes=202 totalBytes=202 prepared=false responseNeeded=true
08-07 13:28:08.462  8720  8720 I SpectrePeripheral: event=event_batch_received peer=xx:7A:39 cipherBytes=202 plainBytes=180 recordsEstimate=18 sessionId=0 batchId=0 totalBatches=21
08-07 13:28:08.620  8720  8747 I ReactNativeJS: [SpectreEnrich] batch events=18 matched=8 skipped=10 history=188 firstEvent=1783050166000 lastEvent=1786014020000 oldestHistory=1783461501000 newestHistory=1786126571866 nearestDriftMin=2588 nearestDriftMax=411335000 nearestFixFirst=1786014013412 nativeRecorder=1
08-07 13:28:08.623  8720  8720 I SpectrePeripheral: event=update_value char=control bytes=4
08-07 13:28:08.623  8720  8720 I SpectrePeripheral: event=notify_requested char=control bytes=26 connected=1
08-07 13:28:08.623  8720  8720 I SpectrePeripheral: event=notify_queued peer=xx:7A:39 char=control bytes=26 label=value chunk=0 chunks=1 queued=1
08-07 13:28:08.623  8720  8720 I SpectrePeripheral: event=notify_send reason=enqueue peer=xx:7A:39 char=control bytes=26 label=value chunk=0 chunks=1 remaining=0
08-07 13:28:08.624  8720  8720 I SpectrePeripheral: event=secure_value_updated char=control channel=2 plainBytes=4 cipherBytes=26 notify=true
08-07 13:28:08.624  8720  8720 W SpectrePeripheral: event=enrichment_response_unframed records=18 pendingRecords=18 sessionId=0 batchId=0
08-07 13:28:08.624  8720  8720 I SpectrePeripheral: event=notify_chunked char=enrichment plainBytes=846 chunks=5 chunkPlainMax=200
08-07 13:28:08.624  8720  8720 I SpectrePeripheral: event=notify_chunk char=enrichment chunk=0 plainBytes=200 bytes=222
08-07 13:28:08.624  8720  8720 I SpectrePeripheral: event=notify_queued peer=xx:7A:39 char=enrichment bytes=222 label=chunked chunk=0 chunks=5 queued=1
08-07 13:28:08.624  8720  8720 I SpectrePeripheral: event=notify_chunk char=enrichment chunk=1 plainBytes=200 bytes=222
08-07 13:28:08.624  8720  8720 I SpectrePeripheral: event=notify_queued peer=xx:7A:39 char=enrichment bytes=222 label=chunked chunk=1 chunks=5 queued=2
08-07 13:28:08.624  8720  8720 I SpectrePeripheral: event=notify_chunk char=enrichment chunk=2 plainBytes=200 bytes=222
08-07 13:28:08.624  8720  8720 I SpectrePeripheral: event=notify_queued peer=xx:7A:39 char=enrichment bytes=222 label=chunked chunk=2 chunks=5 queued=3
08-07 13:28:08.624  8720  8720 I SpectrePeripheral: event=notify_chunk char=enrichment chunk=3 plainBytes=200 bytes=222
08-07 13:28:08.624  8720  8720 I SpectrePeripheral: event=notify_queued peer=xx:7A:39 char=enrichment bytes=222 label=chunked chunk=3 chunks=5 queued=4
08-07 13:28:08.624  8720  8720 I SpectrePeripheral: event=notify_chunk char=enrichment chunk=4 plainBytes=46 bytes=68
08-07 13:28:08.624  8720  8720 I SpectrePeripheral: event=notify_queued peer=xx:7A:39 char=enrichment bytes=68 label=chunked chunk=4 chunks=5 queued=5
08-07 13:28:08.624  8720  8720 I SpectrePeripheral: event=notify_sent peer=xx:7A:39 status=success remaining=5
08-07 13:28:08.624  8720  8720 I SpectrePeripheral: event=notify_send reason=sent peer=xx:7A:39 char=enrichment bytes=222 label=chunked chunk=0 chunks=5 remaining=4
08-07 13:28:08.631  8720  8720 I SpectrePeripheral: event=notify_sent peer=xx:7A:39 status=success remaining=4
08-07 13:28:08.707  8720  8720 I SpectrePeripheral: event=notify_send reason=sent_paced peer=xx:7A:39 char=enrichment bytes=222 label=chunked chunk=1 chunks=5 remaining=3
08-07 13:28:08.707  8720  8720 I SpectrePeripheral: event=notify_sent peer=xx:7A:39 status=success remaining=3
08-07 13:28:08.783  8720  8720 I SpectrePeripheral: event=notify_send reason=sent_paced peer=xx:7A:39 char=enrichment bytes=222 label=chunked chunk=2 chunks=5 remaining=2
08-07 13:28:08.784  8720  8720 I SpectrePeripheral: event=notify_sent peer=xx:7A:39 status=success remaining=2
08-07 13:28:08.861  8720  8720 I SpectrePeripheral: event=notify_send reason=sent_paced peer=xx:7A:39 char=enrichment bytes=222 label=chunked chunk=3 chunks=5 remaining=1
08-07 13:28:08.862  8720  8720 I SpectrePeripheral: event=notify_sent peer=xx:7A:39 status=success remaining=1
08-07 13:28:08.937  8720  8720 I SpectrePeripheral: event=notify_send reason=sent_paced peer=xx:7A:39 char=enrichment bytes=68 label=chunked chunk=4 chunks=5 remaining=0
08-07 13:28:08.939  8720  8720 I SpectrePeripheral: event=notify_sent peer=xx:7A:39 status=success remaining=0
08-07 13:28:09.462  8720  8720 I SpectrePeripheral: event=char_write peer=xx:7A:39 char=event_batch requestId=142 offset=0 chunkBytes=202 totalBytes=202 prepared=false responseNeeded=true
08-07 13:28:09.463  8720  8720 I SpectrePeripheral: event=event_batch_received peer=xx:7A:39 cipherBytes=202 plainBytes=180 recordsEstimate=18 sessionId=0 batchId=0 totalBatches=22
08-07 13:28:09.595  8720  8762 I SpectrePeripheral: event=char_read peer=xx:7A:39 char=control requestId=143 offset=0 valueBytes=26 responseBytes=26
08-07 13:28:09.638  8720  8747 I ReactNativeJS: [SpectreEnrich] batch events=18 matched=12 skipped=6 history=188 firstEvent=1783088189000 lastEvent=1786014060000 oldestHistory=1783461501000 newestHistory=1786126571866 nearestDriftMin=15804 nearestDriftMax=373312000 nearestFixFirst=1785190489127 nativeRecorder=1
08-07 13:28:09.639  8720  8720 W SpectrePeripheral: event=enrichment_response_unframed records=18 pendingRecords=18 sessionId=0 batchId=0
08-07 13:28:09.640  8720  8720 I SpectrePeripheral: event=notify_chunked char=enrichment plainBytes=846 chunks=5 chunkPlainMax=200
08-07 13:28:09.640  8720  8720 I SpectrePeripheral: event=notify_chunk char=enrichment chunk=0 plainBytes=200 bytes=222
08-07 13:28:09.640  8720  8720 I SpectrePeripheral: event=notify_queued peer=xx:7A:39 char=enrichment bytes=222 label=chunked chunk=0 chunks=5 queued=1
08-07 13:28:09.641  8720  8720 I SpectrePeripheral: event=notify_send reason=enqueue peer=xx:7A:39 char=enrichment bytes=222 label=chunked chunk=0 chunks=5 remaining=0
08-07 13:28:09.642  8720  8720 I SpectrePeripheral: event=notify_chunk char=enrichment chunk=1 plainBytes=200 bytes=222
08-07 13:28:09.642  8720  8720 I SpectrePeripheral: event=notify_queued peer=xx:7A:39 char=enrichment bytes=222 label=chunked chunk=1 chunks=5 queued=1
08-07 13:28:09.642  8720  8720 I SpectrePeripheral: event=notify_chunk char=enrichment chunk=2 plainBytes=200 bytes=222
08-07 13:28:09.643  8720  8720 I SpectrePeripheral: event=notify_queued peer=xx:7A:39 char=enrichment bytes=222 label=chunked chunk=2 chunks=5 queued=2
08-07 13:28:09.643  8720  8720 I SpectrePeripheral: event=notify_chunk char=enrichment chunk=3 plainBytes=200 bytes=222
08-07 13:28:09.643  8720  8720 I SpectrePeripheral: event=notify_queued peer=xx:7A:39 char=enrichment bytes=222 label=chunked chunk=3 chunks=5 queued=3
08-07 13:28:09.643  8720  8720 I SpectrePeripheral: event=notify_chunk char=enrichment chunk=4 plainBytes=46 bytes=68
08-07 13:28:09.643  8720  8720 I SpectrePeripheral: event=notify_queued peer=xx:7A:39 char=enrichment bytes=68 label=chunked chunk=4 chunks=5 queued=4
08-07 13:28:09.643  8720  8720 I SpectrePeripheral: event=update_value char=control bytes=4
08-07 13:28:09.643  8720  8720 I SpectrePeripheral: event=notify_requested char=control bytes=26 connected=1
08-07 13:28:09.644  8720  8720 I SpectrePeripheral: event=notify_queued peer=xx:7A:39 char=control bytes=26 label=value chunk=0 chunks=1 queued=5
08-07 13:28:09.644  8720  8720 I SpectrePeripheral: event=secure_value_updated char=control channel=2 plainBytes=4 cipherBytes=26 notify=true
08-07 13:28:09.644  8720  8720 I SpectrePeripheral: event=notify_sent peer=xx:7A:39 status=success remaining=5
08-07 13:28:09.721  8720  8720 I SpectrePeripheral: event=notify_send reason=sent_paced peer=xx:7A:39 char=enrichment bytes=222 label=chunked chunk=1 chunks=5 remaining=4
08-07 13:28:09.723  8720  8720 I SpectrePeripheral: event=notify_sent peer=xx:7A:39 status=success remaining=4
08-07 13:28:09.799  8720  8720 I SpectrePeripheral: event=notify_send reason=sent_paced peer=xx:7A:39 char=enrichment bytes=222 label=chunked chunk=2 chunks=5 remaining=3
08-07 13:28:09.802  8720  8720 I SpectrePeripheral: event=notify_sent peer=xx:7A:39 status=success remaining=3
08-07 13:28:09.877  8720  8720 I SpectrePeripheral: event=notify_send reason=sent_paced peer=xx:7A:39 char=enrichment bytes=222 label=chunked chunk=3 chunks=5 remaining=2
08-07 13:28:09.880  8720  8720 I SpectrePeripheral: event=notify_sent peer=xx:7A:39 status=success remaining=2
08-07 13:28:09.957  8720  8720 I SpectrePeripheral: event=notify_send reason=sent_paced peer=xx:7A:39 char=enrichment bytes=68 label=chunked chunk=4 chunks=5 remaining=1
08-07 13:28:09.960  8720  8720 I SpectrePeripheral: event=notify_sent peer=xx:7A:39 status=success remaining=1
08-07 13:28:10.036  8720  8720 I SpectrePeripheral: event=notify_send reason=sent_paced peer=xx:7A:39 char=control bytes=26 label=value chunk=0 chunks=1 remaining=0
08-07 13:28:10.038  8720  8720 I SpectrePeripheral: event=notify_sent peer=xx:7A:39 status=success remaining=0
08-07 13:28:10.473  8720  8720 I SpectrePeripheral: event=char_write peer=xx:7A:39 char=event_batch requestId=144 offset=0 chunkBytes=202 totalBytes=202 prepared=false responseNeeded=true
08-07 13:28:10.476  8720  8720 I SpectrePeripheral: event=event_batch_received peer=xx:7A:39 cipherBytes=202 plainBytes=180 recordsEstimate=18 sessionId=0 batchId=0 totalBatches=23
08-07 13:28:10.636  8720  8747 I ReactNativeJS: [SpectreEnrich] batch events=18 matched=8 skipped=10 history=188 firstEvent=1783050247000 lastEvent=1786014100000 oldestHistory=1783461501000 newestHistory=1786126571866 nearestDriftMin=6127 nearestDriftMax=411254000 nearestFixFirst=1784067394496 nativeRecorder=1
08-07 13:28:10.637  8720  8720 I SpectrePeripheral: event=update_value char=control bytes=4
08-07 13:28:10.637  8720  8720 I SpectrePeripheral: event=notify_requested char=control bytes=26 connected=1
08-07 13:28:10.638  8720  8720 I SpectrePeripheral: event=notify_queued peer=xx:7A:39 char=control bytes=26 label=value chunk=0 chunks=1 queued=1
08-07 13:28:10.639  8720  8720 I SpectrePeripheral: event=notify_send reason=enqueue peer=xx:7A:39 char=control bytes=26 label=value chunk=0 chunks=1 remaining=0
08-07 13:28:10.639  8720  8720 I SpectrePeripheral: event=secure_value_updated char=control channel=2 plainBytes=4 cipherBytes=26 notify=true
08-07 13:28:10.639  8720  8720 W SpectrePeripheral: event=enrichment_response_unframed records=18 pendingRecords=18 sessionId=0 batchId=0
08-07 13:28:10.639  8720  8720 I SpectrePeripheral: event=notify_chunked char=enrichment plainBytes=846 chunks=5 chunkPlainMax=200
08-07 13:28:10.639  8720  8720 I SpectrePeripheral: event=notify_chunk char=enrichment chunk=0 plainBytes=200 bytes=222
08-07 13:28:10.640  8720  8720 I SpectrePeripheral: event=notify_queued peer=xx:7A:39 char=enrichment bytes=222 label=chunked chunk=0 chunks=5 queued=1
08-07 13:28:10.640  8720  8720 I SpectrePeripheral: event=notify_chunk char=enrichment chunk=1 plainBytes=200 bytes=222
08-07 13:28:10.640  8720  8720 I SpectrePeripheral: event=notify_queued peer=xx:7A:39 char=enrichment bytes=222 label=chunked chunk=1 chunks=5 queued=2
08-07 13:28:10.640  8720  8720 I SpectrePeripheral: event=notify_chunk char=enrichment chunk=2 plainBytes=200 bytes=222
08-07 13:28:10.640  8720  8720 I SpectrePeripheral: event=notify_queued peer=xx:7A:39 char=enrichment bytes=222 label=chunked chunk=2 chunks=5 queued=3
08-07 13:28:10.640  8720  8720 I SpectrePeripheral: event=notify_chunk char=enrichment chunk=3 plainBytes=200 bytes=222
08-07 13:28:10.640  8720  8720 I SpectrePeripheral: event=notify_queued peer=xx:7A:39 char=enrichment bytes=222 label=chunked chunk=3 chunks=5 queued=4
08-07 13:28:10.640  8720  8720 I SpectrePeripheral: event=notify_chunk char=enrichment chunk=4 plainBytes=46 bytes=68
08-07 13:28:10.640  8720  8720 I SpectrePeripheral: event=notify_queued peer=xx:7A:39 char=enrichment bytes=68 label=chunked chunk=4 chunks=5 queued=5
08-07 13:28:10.646  8720  8720 I SpectrePeripheral: event=notify_sent peer=xx:7A:39 status=success remaining=5
08-07 13:28:10.646  8720  8720 I SpectrePeripheral: event=notify_send reason=sent peer=xx:7A:39 char=enrichment bytes=222 label=chunked chunk=0 chunks=5 remaining=4
08-07 13:28:10.654  8720  8720 I SpectrePeripheral: event=notify_sent peer=xx:7A:39 status=success remaining=4
08-07 13:28:10.730  8720  8720 I SpectrePeripheral: event=notify_send reason=sent_paced peer=xx:7A:39 char=enrichment bytes=222 label=chunked chunk=1 chunks=5 remaining=3
08-07 13:28:10.732  8720  8720 I SpectrePeripheral: event=notify_sent peer=xx:7A:39 status=success remaining=3
08-07 13:28:10.809  8720  8720 I SpectrePeripheral: event=notify_send reason=sent_paced peer=xx:7A:39 char=enrichment bytes=222 label=chunked chunk=2 chunks=5 remaining=2
08-07 13:28:10.812  8720  8720 I SpectrePeripheral: event=notify_sent peer=xx:7A:39 status=success remaining=2
08-07 13:28:10.889  8720  8720 I SpectrePeripheral: event=notify_send reason=sent_paced peer=xx:7A:39 char=enrichment bytes=222 label=chunked chunk=3 chunks=5 remaining=1
08-07 13:28:10.891  8720  8720 I SpectrePeripheral: event=notify_sent peer=xx:7A:39 status=success remaining=1
08-07 13:28:10.968  8720  8720 I SpectrePeripheral: event=notify_send reason=sent_paced peer=xx:7A:39 char=enrichment bytes=68 label=chunked chunk=4 chunks=5 remaining=0
08-07 13:28:10.970  8720  8720 I SpectrePeripheral: event=notify_sent peer=xx:7A:39 status=success remaining=0
08-07 13:28:11.507  8720  8720 I SpectrePeripheral: event=char_write peer=xx:7A:39 char=event_batch requestId=145 offset=0 chunkBytes=202 totalBytes=202 prepared=false responseNeeded=true
08-07 13:28:11.509  8720  8720 I SpectrePeripheral: event=event_batch_received peer=xx:7A:39 cipherBytes=202 plainBytes=180 recordsEstimate=18 sessionId=0 batchId=0 totalBatches=24
08-07 13:28:11.637  8720  8731 I SpectrePeripheral: event=char_read peer=xx:7A:39 char=control requestId=146 offset=0 valueBytes=26 responseBytes=26
08-07 13:28:11.685  8720  8747 I ReactNativeJS: [SpectreEnrich] batch events=18 matched=14 skipped=4 history=188 firstEvent=1783088223000 lastEvent=1786014120000 oldestHistory=1783461501000 newestHistory=1786126571866 nearestDriftMin=10873 nearestDriftMax=373278000 nearestFixFirst=1784067394496 nativeRecorder=1
08-07 13:28:11.687  8720  8720 W SpectrePeripheral: event=enrichment_response_unframed records=18 pendingRecords=18 sessionId=0 batchId=0
08-07 13:28:11.687  8720  8720 I SpectrePeripheral: event=notify_chunked char=enrichment plainBytes=846 chunks=5 chunkPlainMax=200
08-07 13:28:11.687  8720  8720 I SpectrePeripheral: event=notify_chunk char=enrichment chunk=0 plainBytes=200 bytes=222
08-07 13:28:11.688  8720  8720 I SpectrePeripheral: event=notify_queued peer=xx:7A:39 char=enrichment bytes=222 label=chunked chunk=0 chunks=5 queued=1
08-07 13:28:11.689  8720  8720 I SpectrePeripheral: event=notify_send reason=enqueue peer=xx:7A:39 char=enrichment bytes=222 label=chunked chunk=0 chunks=5 remaining=0
08-07 13:28:11.690  8720  8720 I SpectrePeripheral: event=notify_chunk char=enrichment chunk=1 plainBytes=200 bytes=222
08-07 13:28:11.690  8720  8720 I SpectrePeripheral: event=notify_queued peer=xx:7A:39 char=enrichment bytes=222 label=chunked chunk=1 chunks=5 queued=1
08-07 13:28:11.690  8720  8720 I SpectrePeripheral: event=notify_chunk char=enrichment chunk=2 plainBytes=200 bytes=222
08-07 13:28:11.691  8720  8720 I SpectrePeripheral: event=notify_queued peer=xx:7A:39 char=enrichment bytes=222 label=chunked chunk=2 chunks=5 queued=2
08-07 13:28:11.691  8720  8720 I SpectrePeripheral: event=notify_chunk char=enrichment chunk=3 plainBytes=200 bytes=222
08-07 13:28:11.691  8720  8720 I SpectrePeripheral: event=notify_queued peer=xx:7A:39 char=enrichment bytes=222 label=chunked chunk=3 chunks=5 queued=3
08-07 13:28:11.691  8720  8720 I SpectrePeripheral: event=notify_chunk char=enrichment chunk=4 plainBytes=46 bytes=68
08-07 13:28:11.691  8720  8720 I SpectrePeripheral: event=notify_queued peer=xx:7A:39 char=enrichment bytes=68 label=chunked chunk=4 chunks=5 queued=4
08-07 13:28:11.691  8720  8720 I SpectrePeripheral: event=update_value char=control bytes=4
08-07 13:28:11.691  8720  8720 I SpectrePeripheral: event=notify_requested char=control bytes=26 connected=1
08-07 13:28:11.691  8720  8720 I SpectrePeripheral: event=notify_queued peer=xx:7A:39 char=control bytes=26 label=value chunk=0 chunks=1 queued=5
08-07 13:28:11.692  8720  8720 I SpectrePeripheral: event=secure_value_updated char=control channel=2 plainBytes=4 cipherBytes=26 notify=true
08-07 13:28:11.692  8720  8720 I SpectrePeripheral: event=notify_sent peer=xx:7A:39 status=success remaining=5
08-07 13:28:11.767  8720  8720 I SpectrePeripheral: event=notify_send reason=sent_paced peer=xx:7A:39 char=enrichment bytes=222 label=chunked chunk=1 chunks=5 remaining=4
08-07 13:28:11.769  8720  8720 I SpectrePeripheral: event=notify_sent peer=xx:7A:39 status=success remaining=4
08-07 13:28:11.844  8720  8720 I SpectrePeripheral: event=notify_send reason=sent_paced peer=xx:7A:39 char=enrichment bytes=222 label=chunked chunk=2 chunks=5 remaining=3
08-07 13:28:11.845  8720  8720 I SpectrePeripheral: event=notify_sent peer=xx:7A:39 status=success remaining=3
08-07 13:28:11.921  8720  8720 I SpectrePeripheral: event=notify_send reason=sent_paced peer=xx:7A:39 char=enrichment bytes=222 label=chunked chunk=3 chunks=5 remaining=2
08-07 13:28:11.924  8720  8720 I SpectrePeripheral: event=notify_sent peer=xx:7A:39 status=success remaining=2
08-07 13:28:12.001  8720  8720 I SpectrePeripheral: event=notify_send reason=sent_paced peer=xx:7A:39 char=enrichment bytes=68 label=chunked chunk=4 chunks=5 remaining=1
08-07 13:28:12.004  8720  8720 I SpectrePeripheral: event=notify_sent peer=xx:7A:39 status=success remaining=1
08-07 13:28:12.080  8720  8720 I SpectrePeripheral: event=notify_send reason=sent_paced peer=xx:7A:39 char=control bytes=26 label=value chunk=0 chunks=1 remaining=0
08-07 13:28:12.082  8720  8720 I SpectrePeripheral: event=notify_sent peer=xx:7A:39 status=success remaining=0
08-07 13:28:12.511  8720  8720 I SpectrePeripheral: event=char_write peer=xx:7A:39 char=event_batch requestId=147 offset=0 chunkBytes=202 totalBytes=202 prepared=false responseNeeded=true
08-07 13:28:12.513  8720  8720 I SpectrePeripheral: event=event_batch_received peer=xx:7A:39 cipherBytes=202 plainBytes=180 recordsEstimate=18 sessionId=0 batchId=0 totalBatches=25
08-07 13:28:12.684  8720  8747 I ReactNativeJS: [SpectreEnrich] batch events=18 matched=16 skipped=2 history=188 firstEvent=1783124551000 lastEvent=1786014139000 oldestHistory=1783461501000 newestHistory=1786126571866 nearestDriftMin=2999 nearestDriftMax=336950000 nearestFixFirst=1783461501000 nativeRecorder=1
08-07 13:28:12.689  8720  8720 W SpectrePeripheral: event=enrichment_response_unframed records=18 pendingRecords=18 sessionId=0 batchId=0
08-07 13:28:12.689  8720  8720 I SpectrePeripheral: event=notify_chunked char=enrichment plainBytes=846 chunks=5 chunkPlainMax=200
08-07 13:28:12.689  8720  8720 I SpectrePeripheral: event=notify_chunk char=enrichment chunk=0 plainBytes=200 bytes=222
08-07 13:28:12.689  8720  8720 I SpectrePeripheral: event=notify_queued peer=xx:7A:39 char=enrichment bytes=222 label=chunked chunk=0 chunks=5 queued=1
08-07 13:28:12.690  8720  8720 I SpectrePeripheral: event=notify_send reason=enqueue peer=xx:7A:39 char=enrichment bytes=222 label=chunked chunk=0 chunks=5 remaining=0
08-07 13:28:12.690  8720  8720 I SpectrePeripheral: event=notify_chunk char=enrichment chunk=1 plainBytes=200 bytes=222
08-07 13:28:12.690  8720  8720 I SpectrePeripheral: event=notify_queued peer=xx:7A:39 char=enrichment bytes=222 label=chunked chunk=1 chunks=5 queued=1
08-07 13:28:12.690  8720  8720 I SpectrePeripheral: event=notify_chunk char=enrichment chunk=2 plainBytes=200 bytes=222
08-07 13:28:12.691  8720  8720 I SpectrePeripheral: event=notify_queued peer=xx:7A:39 char=enrichment bytes=222 label=chunked chunk=2 chunks=5 queued=2
08-07 13:28:12.691  8720  8720 I SpectrePeripheral: event=notify_chunk char=enrichment chunk=3 plainBytes=200 bytes=222
08-07 13:28:12.691  8720  8720 I SpectrePeripheral: event=notify_queued peer=xx:7A:39 char=enrichment bytes=222 label=chunked chunk=3 chunks=5 queued=3
08-07 13:28:12.691  8720  8720 I SpectrePeripheral: event=notify_chunk char=enrichment chunk=4 plainBytes=46 bytes=68
08-07 13:28:12.692  8720  8720 I SpectrePeripheral: event=notify_queued peer=xx:7A:39 char=enrichment bytes=68 label=chunked chunk=4 chunks=5 queued=4
08-07 13:28:12.692  8720  8720 I SpectrePeripheral: event=update_value char=control bytes=4
08-07 13:28:12.692  8720  8720 I SpectrePeripheral: event=notify_requested char=control bytes=26 connected=1
08-07 13:28:12.692  8720  8720 I SpectrePeripheral: event=notify_queued peer=xx:7A:39 char=control bytes=26 label=value chunk=0 chunks=1 queued=5
08-07 13:28:12.692  8720  8720 I SpectrePeripheral: event=secure_value_updated char=control channel=2 plainBytes=4 cipherBytes=26 notify=true
08-07 13:28:12.693  8720  8720 I SpectrePeripheral: event=char_write peer=xx:7A:39 char=storage requestId=148 offset=0 chunkBytes=90 totalBytes=90 prepared=false responseNeeded=true
08-07 13:28:12.693  8720  8720 I SpectrePeripheral: event=storage_snapshot_received peer=xx:7A:39 cipherBytes=90 plainBytes=68
08-07 13:28:12.694  8720  8720 I SpectrePeripheral: event=notify_sent peer=xx:7A:39 status=success remaining=5
08-07 13:28:12.770  8720  8720 I SpectrePeripheral: event=notify_send reason=sent_paced peer=xx:7A:39 char=enrichment bytes=222 label=chunked chunk=1 chunks=5 remaining=4
08-07 13:28:12.771  8720  8720 I SpectrePeripheral: event=notify_sent peer=xx:7A:39 status=success remaining=4
08-07 13:28:12.848  8720  8720 I SpectrePeripheral: event=notify_send reason=sent_paced peer=xx:7A:39 char=enrichment bytes=222 label=chunked chunk=2 chunks=5 remaining=3
08-07 13:28:12.851  8720  8720 I SpectrePeripheral: event=notify_sent peer=xx:7A:39 status=success remaining=3
08-07 13:28:12.927  8720  8720 I SpectrePeripheral: event=notify_send reason=sent_paced peer=xx:7A:39 char=enrichment bytes=222 label=chunked chunk=3 chunks=5 remaining=2
08-07 13:28:12.929  8720  8720 I SpectrePeripheral: event=notify_sent peer=xx:7A:39 status=success remaining=2
08-07 13:28:12.955  8720  8731 I SpectrePeripheral: event=char_read peer=xx:7A:39 char=gps requestId=149 offset=0 valueBytes=42 responseBytes=42
08-07 13:28:13.005  8720  8720 I SpectrePeripheral: event=notify_send reason=sent_paced peer=xx:7A:39 char=enrichment bytes=68 label=chunked chunk=4 chunks=5 remaining=1
08-07 13:28:13.009  8720  8720 I SpectrePeripheral: event=notify_sent peer=xx:7A:39 status=success remaining=1
08-07 13:28:13.085  8720  8720 I SpectrePeripheral: event=notify_send reason=sent_paced peer=xx:7A:39 char=control bytes=26 label=value chunk=0 chunks=1 remaining=0
08-07 13:28:13.087  8720  8720 I SpectrePeripheral: event=notify_sent peer=xx:7A:39 status=success remaining=0
08-07 13:28:14.533  8720  8731 I SpectrePeripheral: event=char_read peer=xx:7A:39 char=control requestId=150 offset=0 valueBytes=26 responseBytes=26
08-07 13:28:14.670  8720  8720 I SpectrePeripheral: event=char_write peer=xx:7A:39 char=event_batch requestId=151 offset=0 chunkBytes=202 totalBytes=202 prepared=false responseNeeded=true
08-07 13:28:14.671  8720  8720 I SpectrePeripheral: event=event_batch_received peer=xx:7A:39 cipherBytes=202 plainBytes=180 recordsEstimate=18 sessionId=0 batchId=0 totalBatches=26
08-07 13:28:14.835  8720  8747 I ReactNativeJS: [SpectreEnrich] batch events=18 matched=15 skipped=3 history=188 firstEvent=1783124566000 lastEvent=1786014159000 oldestHistory=1783461501000 newestHistory=1786126571866 nearestDriftMin=999 nearestDriftMax=336935000 nearestFixFirst=1786014141999 nativeRecorder=1
08-07 13:28:14.839  8720  8720 I SpectrePeripheral: event=update_value char=control bytes=4
08-07 13:28:14.839  8720  8720 I SpectrePeripheral: event=notify_requested char=control bytes=26 connected=1
08-07 13:28:14.839  8720  8720 I SpectrePeripheral: event=notify_queued peer=xx:7A:39 char=control bytes=26 label=value chunk=0 chunks=1 queued=1
08-07 13:28:14.840  8720  8720 I SpectrePeripheral: event=notify_send reason=enqueue peer=xx:7A:39 char=control bytes=26 label=value chunk=0 chunks=1 remaining=0
08-07 13:28:14.840  8720  8720 I SpectrePeripheral: event=secure_value_updated char=control channel=2 plainBytes=4 cipherBytes=26 notify=true
08-07 13:28:14.840  8720  8720 W SpectrePeripheral: event=enrichment_response_unframed records=18 pendingRecords=18 sessionId=0 batchId=0
08-07 13:28:14.840  8720  8720 I SpectrePeripheral: event=notify_chunked char=enrichment plainBytes=846 chunks=5 chunkPlainMax=200
08-07 13:28:14.840  8720  8720 I SpectrePeripheral: event=notify_chunk char=enrichment chunk=0 plainBytes=200 bytes=222
08-07 13:28:14.840  8720  8720 I SpectrePeripheral: event=notify_queued peer=xx:7A:39 char=enrichment bytes=222 label=chunked chunk=0 chunks=5 queued=1
08-07 13:28:14.840  8720  8720 I SpectrePeripheral: event=notify_chunk char=enrichment chunk=1 plainBytes=200 bytes=222
08-07 13:28:14.841  8720  8720 I SpectrePeripheral: event=notify_queued peer=xx:7A:39 char=enrichment bytes=222 label=chunked chunk=1 chunks=5 queued=2
08-07 13:28:14.841  8720  8720 I SpectrePeripheral: event=notify_chunk char=enrichment chunk=2 plainBytes=200 bytes=222
08-07 13:28:14.841  8720  8720 I SpectrePeripheral: event=notify_queued peer=xx:7A:39 char=enrichment bytes=222 label=chunked chunk=2 chunks=5 queued=3
08-07 13:28:14.841  8720  8720 I SpectrePeripheral: event=notify_chunk char=enrichment chunk=3 plainBytes=200 bytes=222
08-07 13:28:14.841  8720  8720 I SpectrePeripheral: event=notify_queued peer=xx:7A:39 char=enrichment bytes=222 label=chunked chunk=3 chunks=5 queued=4
08-07 13:28:14.841  8720  8720 I SpectrePeripheral: event=notify_chunk char=enrichment chunk=4 plainBytes=46 bytes=68
08-07 13:28:14.841  8720  8720 I SpectrePeripheral: event=notify_queued peer=xx:7A:39 char=enrichment bytes=68 label=chunked chunk=4 chunks=5 queued=5
08-07 13:28:14.841  8720  8720 I SpectrePeripheral: event=notify_sent peer=xx:7A:39 status=success remaining=5
08-07 13:28:14.842  8720  8720 I SpectrePeripheral: event=notify_send reason=sent peer=xx:7A:39 char=enrichment bytes=222 label=chunked chunk=0 chunks=5 remaining=4
08-07 13:28:14.848  8720  8720 I SpectrePeripheral: event=notify_sent peer=xx:7A:39 status=success remaining=4
08-07 13:28:14.924  8720  8720 I SpectrePeripheral: event=notify_send reason=sent_paced peer=xx:7A:39 char=enrichment bytes=222 label=chunked chunk=1 chunks=5 remaining=3
08-07 13:28:14.925  8720  8720 I SpectrePeripheral: event=notify_sent peer=xx:7A:39 status=success remaining=3
08-07 13:28:15.002  8720  8720 I SpectrePeripheral: event=notify_send reason=sent_paced peer=xx:7A:39 char=enrichment bytes=222 label=chunked chunk=2 chunks=5 remaining=2
08-07 13:28:15.004  8720  8720 I SpectrePeripheral: event=notify_sent peer=xx:7A:39 status=success remaining=2
08-07 13:28:15.080  8720  8720 I SpectrePeripheral: event=notify_send reason=sent_paced peer=xx:7A:39 char=enrichment bytes=222 label=chunked chunk=3 chunks=5 remaining=1
08-07 13:28:15.083  8720  8720 I SpectrePeripheral: event=notify_sent peer=xx:7A:39 status=success remaining=1
08-07 13:28:15.160  8720  8720 I SpectrePeripheral: event=notify_send reason=sent_paced peer=xx:7A:39 char=enrichment bytes=68 label=chunked chunk=4 chunks=5 remaining=0
08-07 13:28:15.162  8720  8720 I SpectrePeripheral: event=notify_sent peer=xx:7A:39 status=success remaining=0
08-07 13:28:15.944  8720  8720 I SpectrePeripheral: event=char_write peer=xx:7A:39 char=event_batch requestId=152 offset=0 chunkBytes=202 totalBytes=202 prepared=false responseNeeded=true
08-07 13:28:15.946  8720  8720 I SpectrePeripheral: event=event_batch_received peer=xx:7A:39 cipherBytes=202 plainBytes=180 recordsEstimate=18 sessionId=0 batchId=0 totalBatches=27
08-07 13:28:16.122  8720  8720 I SpectrePeripheral: event=update_value char=control bytes=4
08-07 13:28:16.122  8720  8720 I SpectrePeripheral: event=notify_requested char=control bytes=26 connected=1
08-07 13:28:16.124  8720  8720 I SpectrePeripheral: event=notify_queued peer=xx:7A:39 char=control bytes=26 label=value chunk=0 chunks=1 queued=1
08-07 13:28:16.125  8720  8747 I ReactNativeJS: [SpectreEnrich] batch events=18 matched=13 skipped=5 history=188 firstEvent=1783088292000 lastEvent=1786014190000 oldestHistory=1783461501000 newestHistory=1786126571866 nearestDriftMin=1886 nearestDriftMax=540311000 nearestFixFirst=1783461501000 nativeRecorder=1
08-07 13:28:16.125  8720  8720 I SpectrePeripheral: event=notify_send reason=enqueue peer=xx:7A:39 char=control bytes=26 label=value chunk=0 chunks=1 remaining=0
08-07 13:28:16.126  8720  8720 I SpectrePeripheral: event=secure_value_updated char=control channel=2 plainBytes=4 cipherBytes=26 notify=true
08-07 13:28:16.126  8720  8720 W SpectrePeripheral: event=enrichment_response_unframed records=18 pendingRecords=18 sessionId=0 batchId=0
08-07 13:28:16.126  8720  8720 I SpectrePeripheral: event=notify_chunked char=enrichment plainBytes=846 chunks=5 chunkPlainMax=200
08-07 13:28:16.127  8720  8720 I SpectrePeripheral: event=notify_chunk char=enrichment chunk=0 plainBytes=200 bytes=222
08-07 13:28:16.127  8720  8720 I SpectrePeripheral: event=notify_queued peer=xx:7A:39 char=enrichment bytes=222 label=chunked chunk=0 chunks=5 queued=1
08-07 13:28:16.127  8720  8720 I SpectrePeripheral: event=notify_chunk char=enrichment chunk=1 plainBytes=200 bytes=222
08-07 13:28:16.127  8720  8720 I SpectrePeripheral: event=notify_queued peer=xx:7A:39 char=enrichment bytes=222 label=chunked chunk=1 chunks=5 queued=2
08-07 13:28:16.127  8720  8720 I SpectrePeripheral: event=notify_chunk char=enrichment chunk=2 plainBytes=200 bytes=222
08-07 13:28:16.127  8720  8720 I SpectrePeripheral: event=notify_queued peer=xx:7A:39 char=enrichment bytes=222 label=chunked chunk=2 chunks=5 queued=3
08-07 13:28:16.127  8720  8720 I SpectrePeripheral: event=notify_chunk char=enrichment chunk=3 plainBytes=200 bytes=222
08-07 13:28:16.128  8720  8720 I SpectrePeripheral: event=notify_queued peer=xx:7A:39 char=enrichment bytes=222 label=chunked chunk=3 chunks=5 queued=4
08-07 13:28:16.128  8720  8720 I SpectrePeripheral: event=notify_chunk char=enrichment chunk=4 plainBytes=46 bytes=68
08-07 13:28:16.128  8720  8720 I SpectrePeripheral: event=notify_queued peer=xx:7A:39 char=enrichment bytes=68 label=chunked chunk=4 chunks=5 queued=5
08-07 13:28:16.128  8720  8720 I SpectrePeripheral: event=notify_sent peer=xx:7A:39 status=success remaining=5
08-07 13:28:16.128  8720  8720 I SpectrePeripheral: event=notify_send reason=sent peer=xx:7A:39 char=enrichment bytes=222 label=chunked chunk=0 chunks=5 remaining=4
08-07 13:28:16.130  8720  8720 I SpectrePeripheral: event=notify_sent peer=xx:7A:39 status=success remaining=4
08-07 13:28:16.206  8720  8720 I SpectrePeripheral: event=notify_send reason=sent_paced peer=xx:7A:39 char=enrichment bytes=222 label=chunked chunk=1 chunks=5 remaining=3
08-07 13:28:16.209  8720  8720 I SpectrePeripheral: event=notify_sent peer=xx:7A:39 status=success remaining=3
08-07 13:28:16.286  8720  8720 I SpectrePeripheral: event=notify_send reason=sent_paced peer=xx:7A:39 char=enrichment bytes=222 label=chunked chunk=2 chunks=5 remaining=2
08-07 13:28:16.289  8720  8720 I SpectrePeripheral: event=notify_sent peer=xx:7A:39 status=success remaining=2
08-07 13:28:16.366  8720  8720 I SpectrePeripheral: event=notify_send reason=sent_paced peer=xx:7A:39 char=enrichment bytes=222 label=chunked chunk=3 chunks=5 remaining=1
08-07 13:28:16.368  8720  8720 I SpectrePeripheral: event=notify_sent peer=xx:7A:39 status=success remaining=1
08-07 13:28:16.444  8720  8720 I SpectrePeripheral: event=notify_send reason=sent_paced peer=xx:7A:39 char=enrichment bytes=68 label=chunked chunk=4 chunks=5 remaining=0
08-07 13:28:16.446  8720  8720 I SpectrePeripheral: event=notify_sent peer=xx:7A:39 status=success remaining=0
08-07 13:28:16.525  8720  8762 I SpectrePeripheral: event=char_read peer=xx:7A:39 char=control requestId=153 offset=0 valueBytes=26 responseBytes=26
08-07 13:28:16.921  8720  8720 I SpectrePeripheral: event=char_write peer=xx:7A:39 char=event_batch requestId=154 offset=0 chunkBytes=202 totalBytes=202 prepared=false responseNeeded=true
08-07 13:28:16.923  8720  8720 I SpectrePeripheral: event=event_batch_received peer=xx:7A:39 cipherBytes=202 plainBytes=180 recordsEstimate=18 sessionId=0 batchId=0 totalBatches=28
08-07 13:28:17.097  8720  8720 I SpectrePeripheral: event=update_value char=control bytes=4
08-07 13:28:17.097  8720  8747 I ReactNativeJS: [SpectreEnrich] batch events=18 matched=6 skipped=12 history=188 firstEvent=1783088320000 lastEvent=1786014201000 oldestHistory=1783461501000 newestHistory=1786126571866 nearestDriftMin=998 nearestDriftMax=373181000 nearestFixFirst=1786014201998 nativeRecorder=1
08-07 13:28:17.098  8720  8720 I SpectrePeripheral: event=notify_requested char=control bytes=26 connected=1
08-07 13:28:17.100  8720  8720 I SpectrePeripheral: event=notify_queued peer=xx:7A:39 char=control bytes=26 label=value chunk=0 chunks=1 queued=1
08-07 13:28:17.101  8720  8720 I SpectrePeripheral: event=notify_send reason=enqueue peer=xx:7A:39 char=control bytes=26 label=value chunk=0 chunks=1 remaining=0
08-07 13:28:17.102  8720  8720 I SpectrePeripheral: event=secure_value_updated char=control channel=2 plainBytes=4 cipherBytes=26 notify=true
08-07 13:28:17.103  8720  8720 W SpectrePeripheral: event=enrichment_response_unframed records=18 pendingRecords=18 sessionId=0 batchId=0
08-07 13:28:17.103  8720  8720 I SpectrePeripheral: event=notify_chunked char=enrichment plainBytes=846 chunks=5 chunkPlainMax=200
08-07 13:28:17.103  8720  8720 I SpectrePeripheral: event=notify_chunk char=enrichment chunk=0 plainBytes=200 bytes=222
08-07 13:28:17.103  8720  8720 I SpectrePeripheral: event=notify_queued peer=xx:7A:39 char=enrichment bytes=222 label=chunked chunk=0 chunks=5 queued=1
08-07 13:28:17.104  8720  8720 I SpectrePeripheral: event=notify_chunk char=enrichment chunk=1 plainBytes=200 bytes=222
08-07 13:28:17.105  8720  8720 I SpectrePeripheral: event=notify_queued peer=xx:7A:39 char=enrichment bytes=222 label=chunked chunk=1 chunks=5 queued=2
08-07 13:28:17.105  8720  8720 I SpectrePeripheral: event=notify_chunk char=enrichment chunk=2 plainBytes=200 bytes=222
08-07 13:28:17.105  8720  8720 I SpectrePeripheral: event=notify_queued peer=xx:7A:39 char=enrichment bytes=222 label=chunked chunk=2 chunks=5 queued=3
08-07 13:28:17.105  8720  8720 I SpectrePeripheral: event=notify_chunk char=enrichment chunk=3 plainBytes=200 bytes=222
08-07 13:28:17.105  8720  8720 I SpectrePeripheral: event=notify_queued peer=xx:7A:39 char=enrichment bytes=222 label=chunked chunk=3 chunks=5 queued=4
08-07 13:28:17.106  8720  8720 I SpectrePeripheral: event=notify_chunk char=enrichment chunk=4 plainBytes=46 bytes=68
08-07 13:28:17.106  8720  8720 I SpectrePeripheral: event=notify_queued peer=xx:7A:39 char=enrichment bytes=68 label=chunked chunk=4 chunks=5 queued=5
08-07 13:28:17.106  8720  8720 I SpectrePeripheral: event=notify_sent peer=xx:7A:39 status=success remaining=5
08-07 13:28:17.106  8720  8720 I SpectrePeripheral: event=notify_send reason=sent peer=xx:7A:39 char=enrichment bytes=222 label=chunked chunk=0 chunks=5 remaining=4
08-07 13:28:17.111  8720  8720 I SpectrePeripheral: event=notify_sent peer=xx:7A:39 status=success remaining=4
08-07 13:28:17.187  8720  8720 I SpectrePeripheral: event=notify_send reason=sent_paced peer=xx:7A:39 char=enrichment bytes=222 label=chunked chunk=1 chunks=5 remaining=3
08-07 13:28:17.190  8720  8720 I SpectrePeripheral: event=notify_sent peer=xx:7A:39 status=success remaining=3
08-07 13:28:17.266  8720  8720 I SpectrePeripheral: event=notify_send reason=sent_paced peer=xx:7A:39 char=enrichment bytes=222 label=chunked chunk=2 chunks=5 remaining=2
08-07 13:28:17.269  8720  8720 I SpectrePeripheral: event=notify_sent peer=xx:7A:39 status=success remaining=2
08-07 13:28:17.346  8720  8720 I SpectrePeripheral: event=notify_send reason=sent_paced peer=xx:7A:39 char=enrichment bytes=222 label=chunked chunk=3 chunks=5 remaining=1
08-07 13:28:17.348  8720  8720 I SpectrePeripheral: event=notify_sent peer=xx:7A:39 status=success remaining=1
08-07 13:28:17.425  8720  8720 I SpectrePeripheral: event=notify_send reason=sent_paced peer=xx:7A:39 char=enrichment bytes=68 label=chunked chunk=4 chunks=5 remaining=0
08-07 13:28:17.428  8720  8720 I SpectrePeripheral: event=notify_sent peer=xx:7A:39 status=success remaining=0
08-07 13:28:17.913  8720  8720 I SpectrePeripheral: event=char_write peer=xx:7A:39 char=event_batch requestId=155 offset=0 chunkBytes=202 totalBytes=202 prepared=false responseNeeded=true
08-07 13:28:17.914  8720  8720 I SpectrePeripheral: event=event_batch_received peer=xx:7A:39 cipherBytes=202 plainBytes=180 recordsEstimate=18 sessionId=0 batchId=0 totalBatches=29
08-07 13:28:18.057  8720  8731 I SpectrePeripheral: event=char_read peer=xx:7A:39 char=gps requestId=156 offset=0 valueBytes=42 responseBytes=42
08-07 13:28:18.088  8720  8747 I ReactNativeJS: [SpectreEnrich] batch events=18 matched=12 skipped=6 history=188 firstEvent=1783088343000 lastEvent=1786014242000 oldestHistory=1783461501000 newestHistory=1786126571866 nearestDriftMin=1002 nearestDriftMax=373158000 nearestFixFirst=1786014201998 nativeRecorder=1
08-07 13:28:18.090  8720  8720 W SpectrePeripheral: event=enrichment_response_unframed records=18 pendingRecords=18 sessionId=0 batchId=0
08-07 13:28:18.090  8720  8720 I SpectrePeripheral: event=notify_chunked char=enrichment plainBytes=846 chunks=5 chunkPlainMax=200
08-07 13:28:18.091  8720  8720 I SpectrePeripheral: event=notify_chunk char=enrichment chunk=0 plainBytes=200 bytes=222
08-07 13:28:18.092  8720  8720 I SpectrePeripheral: event=notify_queued peer=xx:7A:39 char=enrichment bytes=222 label=chunked chunk=0 chunks=5 queued=1
08-07 13:28:18.093  8720  8720 I SpectrePeripheral: event=notify_send reason=enqueue peer=xx:7A:39 char=enrichment bytes=222 label=chunked chunk=0 chunks=5 remaining=0
08-07 13:28:18.094  8720  8720 I SpectrePeripheral: event=notify_chunk char=enrichment chunk=1 plainBytes=200 bytes=222
08-07 13:28:18.094  8720  8720 I SpectrePeripheral: event=notify_queued peer=xx:7A:39 char=enrichment bytes=222 label=chunked chunk=1 chunks=5 queued=1
08-07 13:28:18.094  8720  8720 I SpectrePeripheral: event=notify_chunk char=enrichment chunk=2 plainBytes=200 bytes=222
08-07 13:28:18.094  8720  8720 I SpectrePeripheral: event=notify_queued peer=xx:7A:39 char=enrichment bytes=222 label=chunked chunk=2 chunks=5 queued=2
08-07 13:28:18.095  8720  8720 I SpectrePeripheral: event=notify_chunk char=enrichment chunk=3 plainBytes=200 bytes=222
08-07 13:28:18.095  8720  8720 I SpectrePeripheral: event=notify_queued peer=xx:7A:39 char=enrichment bytes=222 label=chunked chunk=3 chunks=5 queued=3
08-07 13:28:18.095  8720  8720 I SpectrePeripheral: event=notify_chunk char=enrichment chunk=4 plainBytes=46 bytes=68
08-07 13:28:18.095  8720  8720 I SpectrePeripheral: event=notify_queued peer=xx:7A:39 char=enrichment bytes=68 label=chunked chunk=4 chunks=5 queued=4
08-07 13:28:18.095  8720  8720 I SpectrePeripheral: event=update_value char=control bytes=4
08-07 13:28:18.095  8720  8720 I SpectrePeripheral: event=notify_requested char=control bytes=26 connected=1
08-07 13:28:18.096  8720  8720 I SpectrePeripheral: event=notify_queued peer=xx:7A:39 char=control bytes=26 label=value chunk=0 chunks=1 queued=5
08-07 13:28:18.096  8720  8720 I SpectrePeripheral: event=secure_value_updated char=control channel=2 plainBytes=4 cipherBytes=26 notify=true
08-07 13:28:18.096  8720  8720 I SpectrePeripheral: event=notify_sent peer=xx:7A:39 status=success remaining=5
08-07 13:28:18.172  8720  8720 I SpectrePeripheral: event=notify_send reason=sent_paced peer=xx:7A:39 char=enrichment bytes=222 label=chunked chunk=1 chunks=5 remaining=4
08-07 13:28:18.175  8720  8720 I SpectrePeripheral: event=notify_sent peer=xx:7A:39 status=success remaining=4
08-07 13:28:18.251  8720  8720 I SpectrePeripheral: event=notify_send reason=sent_paced peer=xx:7A:39 char=enrichment bytes=222 label=chunked chunk=2 chunks=5 remaining=3
08-07 13:28:18.253  8720  8720 I SpectrePeripheral: event=notify_sent peer=xx:7A:39 status=success remaining=3
08-07 13:28:18.329  8720  8720 I SpectrePeripheral: event=notify_send reason=sent_paced peer=xx:7A:39 char=enrichment bytes=222 label=chunked chunk=3 chunks=5 remaining=2
08-07 13:28:18.332  8720  8720 I SpectrePeripheral: event=notify_sent peer=xx:7A:39 status=success remaining=2
08-07 13:28:18.408  8720  8720 I SpectrePeripheral: event=notify_send reason=sent_paced peer=xx:7A:39 char=enrichment bytes=68 label=chunked chunk=4 chunks=5 remaining=1
08-07 13:28:18.410  8720  8720 I SpectrePeripheral: event=notify_sent peer=xx:7A:39 status=success remaining=1
08-07 13:28:18.487  8720  8720 I SpectrePeripheral: event=notify_send reason=sent_paced peer=xx:7A:39 char=control bytes=26 label=value chunk=0 chunks=1 remaining=0
08-07 13:28:18.490  8720  8720 I SpectrePeripheral: event=notify_sent peer=xx:7A:39 status=success remaining=0
08-07 13:28:18.777  8720  8774 I SpectrePeripheral: event=char_read peer=xx:7A:39 char=control requestId=157 offset=0 valueBytes=26 responseBytes=26
08-07 13:28:18.930  8720  8720 I SpectrePeripheral: event=char_write peer=xx:7A:39 char=event_batch requestId=158 offset=0 chunkBytes=202 totalBytes=202 prepared=false responseNeeded=true
08-07 13:28:18.932  8720  8720 I SpectrePeripheral: event=event_batch_received peer=xx:7A:39 cipherBytes=202 plainBytes=180 recordsEstimate=18 sessionId=0 batchId=0 totalBatches=30
08-07 13:28:19.112  8720  8747 I ReactNativeJS: [SpectreEnrich] batch events=18 matched=8 skipped=10 history=188 firstEvent=1783050414000 lastEvent=1786014266000 oldestHistory=1783461501000 newestHistory=1786126571866 nearestDriftMin=267 nearestDriftMax=411087000 nearestFixFirst=1783637176999 nativeRecorder=1
08-07 13:28:19.113  8720  8720 W SpectrePeripheral: event=enrichment_response_unframed records=18 pendingRecords=18 sessionId=0 batchId=0
08-07 13:28:19.114  8720  8720 I SpectrePeripheral: event=notify_chunked char=enrichment plainBytes=846 chunks=5 chunkPlainMax=200
08-07 13:28:19.114  8720  8720 I SpectrePeripheral: event=notify_chunk char=enrichment chunk=0 plainBytes=200 bytes=222
08-07 13:28:19.116  8720  8720 I SpectrePeripheral: event=notify_queued peer=xx:7A:39 char=enrichment bytes=222 label=chunked chunk=0 chunks=5 queued=1
08-07 13:28:19.117  8720  8720 I SpectrePeripheral: event=notify_send reason=enqueue peer=xx:7A:39 char=enrichment bytes=222 label=chunked chunk=0 chunks=5 remaining=0
08-07 13:28:19.118  8720  8720 I SpectrePeripheral: event=notify_chunk char=enrichment chunk=1 plainBytes=200 bytes=222
08-07 13:28:19.119  8720  8720 I SpectrePeripheral: event=notify_queued peer=xx:7A:39 char=enrichment bytes=222 label=chunked chunk=1 chunks=5 queued=1
08-07 13:28:19.119  8720  8720 I SpectrePeripheral: event=notify_chunk char=enrichment chunk=2 plainBytes=200 bytes=222
08-07 13:28:19.120  8720  8720 I SpectrePeripheral: event=notify_queued peer=xx:7A:39 char=enrichment bytes=222 label=chunked chunk=2 chunks=5 queued=2
08-07 13:28:19.120  8720  8720 I SpectrePeripheral: event=notify_chunk char=enrichment chunk=3 plainBytes=200 bytes=222
08-07 13:28:19.120  8720  8720 I SpectrePeripheral: event=notify_queued peer=xx:7A:39 char=enrichment bytes=222 label=chunked chunk=3 chunks=5 queued=3
08-07 13:28:19.120  8720  8720 I SpectrePeripheral: event=notify_chunk char=enrichment chunk=4 plainBytes=46 bytes=68
08-07 13:28:19.120  8720  8720 I SpectrePeripheral: event=notify_queued peer=xx:7A:39 char=enrichment bytes=68 label=chunked chunk=4 chunks=5 queued=4
08-07 13:28:19.121  8720  8720 I SpectrePeripheral: event=update_value char=control bytes=4
08-07 13:28:19.121  8720  8720 I SpectrePeripheral: event=notify_requested char=control bytes=26 connected=1
08-07 13:28:19.121  8720  8720 I SpectrePeripheral: event=notify_queued peer=xx:7A:39 char=control bytes=26 label=value chunk=0 chunks=1 queued=5
08-07 13:28:19.121  8720  8720 I SpectrePeripheral: event=secure_value_updated char=control channel=2 plainBytes=4 cipherBytes=26 notify=true
08-07 13:28:19.121  8720  8720 I SpectrePeripheral: event=notify_sent peer=xx:7A:39 status=success remaining=5
08-07 13:28:19.197  8720  8720 I SpectrePeripheral: event=notify_send reason=sent_paced peer=xx:7A:39 char=enrichment bytes=222 label=chunked chunk=1 chunks=5 remaining=4
08-07 13:28:19.200  8720  8720 I SpectrePeripheral: event=notify_sent peer=xx:7A:39 status=success remaining=4
08-07 13:28:19.276  8720  8720 I SpectrePeripheral: event=notify_send reason=sent_paced peer=xx:7A:39 char=enrichment bytes=222 label=chunked chunk=2 chunks=5 remaining=3
08-07 13:28:19.279  8720  8720 I SpectrePeripheral: event=notify_sent peer=xx:7A:39 status=success remaining=3
08-07 13:28:19.355  8720  8720 I SpectrePeripheral: event=notify_send reason=sent_paced peer=xx:7A:39 char=enrichment bytes=222 label=chunked chunk=3 chunks=5 remaining=2
08-07 13:28:19.358  8720  8720 I SpectrePeripheral: event=notify_sent peer=xx:7A:39 status=success remaining=2
08-07 13:28:19.433  8720  8720 I SpectrePeripheral: event=notify_send reason=sent_paced peer=xx:7A:39 char=enrichment bytes=68 label=chunked chunk=4 chunks=5 remaining=1
08-07 13:28:19.435  8720  8720 I SpectrePeripheral: event=notify_sent peer=xx:7A:39 status=success remaining=1
08-07 13:28:19.511  8720  8720 I SpectrePeripheral: event=notify_send reason=sent_paced peer=xx:7A:39 char=control bytes=26 label=value chunk=0 chunks=1 remaining=0
08-07 13:28:19.515  8720  8720 I SpectrePeripheral: event=notify_sent peer=xx:7A:39 status=success remaining=0
08-07 13:28:19.948  8720  8720 I SpectrePeripheral: event=char_write peer=xx:7A:39 char=event_batch requestId=159 offset=0 chunkBytes=202 totalBytes=202 prepared=false responseNeeded=true
08-07 13:28:19.950  8720  8720 I SpectrePeripheral: event=event_batch_received peer=xx:7A:39 cipherBytes=202 plainBytes=180 recordsEstimate=18 sessionId=0 batchId=0 totalBatches=31
08-07 13:28:20.125  8720  8720 I SpectrePeripheral: event=update_value char=control bytes=4
08-07 13:28:20.125  8720  8720 I SpectrePeripheral: event=notify_requested char=control bytes=26 connected=1
08-07 13:28:20.125  8720  8747 I ReactNativeJS: [SpectreEnrich] batch events=18 matched=18 skipped=0 history=188 firstEvent=1784067525000 lastEvent=1786014284000 oldestHistory=1783461501000 newestHistory=1786126571866 nearestDriftMin=406 nearestDriftMax=128114 nearestFixFirst=1784067525465 nativeRecorder=1
08-07 13:28:20.127  8720  8720 I SpectrePeripheral: event=notify_queued peer=xx:7A:39 char=control bytes=26 label=value chunk=0 chunks=1 queued=1
08-07 13:28:20.128  8720  8720 I SpectrePeripheral: event=notify_send reason=enqueue peer=xx:7A:39 char=control bytes=26 label=value chunk=0 chunks=1 remaining=0
08-07 13:28:20.128  8720  8720 I SpectrePeripheral: event=secure_value_updated char=control channel=2 plainBytes=4 cipherBytes=26 notify=true
08-07 13:28:20.128  8720  8720 W SpectrePeripheral: event=enrichment_response_unframed records=18 pendingRecords=18 sessionId=0 batchId=0
08-07 13:28:20.128  8720  8720 I SpectrePeripheral: event=notify_chunked char=enrichment plainBytes=846 chunks=5 chunkPlainMax=200
08-07 13:28:20.128  8720  8720 I SpectrePeripheral: event=notify_chunk char=enrichment chunk=0 plainBytes=200 bytes=222
08-07 13:28:20.129  8720  8720 I SpectrePeripheral: event=notify_queued peer=xx:7A:39 char=enrichment bytes=222 label=chunked chunk=0 chunks=5 queued=1
08-07 13:28:20.129  8720  8720 I SpectrePeripheral: event=notify_chunk char=enrichment chunk=1 plainBytes=200 bytes=222
08-07 13:28:20.129  8720  8720 I SpectrePeripheral: event=notify_queued peer=xx:7A:39 char=enrichment bytes=222 label=chunked chunk=1 chunks=5 queued=2
08-07 13:28:20.129  8720  8720 I SpectrePeripheral: event=notify_chunk char=enrichment chunk=2 plainBytes=200 bytes=222
08-07 13:28:20.129  8720  8720 I SpectrePeripheral: event=notify_queued peer=xx:7A:39 char=enrichment bytes=222 label=chunked chunk=2 chunks=5 queued=3
08-07 13:28:20.129  8720  8720 I SpectrePeripheral: event=notify_chunk char=enrichment chunk=3 plainBytes=200 bytes=222
08-07 13:28:20.130  8720  8720 I SpectrePeripheral: event=notify_queued peer=xx:7A:39 char=enrichment bytes=222 label=chunked chunk=3 chunks=5 queued=4
08-07 13:28:20.130  8720  8720 I SpectrePeripheral: event=notify_chunk char=enrichment chunk=4 plainBytes=46 bytes=68
08-07 13:28:20.130  8720  8720 I SpectrePeripheral: event=notify_queued peer=xx:7A:39 char=enrichment bytes=68 label=chunked chunk=4 chunks=5 queued=5
08-07 13:28:20.130  8720  8720 I SpectrePeripheral: event=notify_sent peer=xx:7A:39 status=success remaining=5
08-07 13:28:20.130  8720  8720 I SpectrePeripheral: event=notify_send reason=sent peer=xx:7A:39 char=enrichment bytes=222 label=chunked chunk=0 chunks=5 remaining=4
08-07 13:28:20.132  8720  8720 I SpectrePeripheral: event=notify_sent peer=xx:7A:39 status=success remaining=4
08-07 13:28:20.208  8720  8720 I SpectrePeripheral: event=notify_send reason=sent_paced peer=xx:7A:39 char=enrichment bytes=222 label=chunked chunk=1 chunks=5 remaining=3
08-07 13:28:20.211  8720  8720 I SpectrePeripheral: event=notify_sent peer=xx:7A:39 status=success remaining=3
08-07 13:28:20.286  8720  8720 I SpectrePeripheral: event=notify_send reason=sent_paced peer=xx:7A:39 char=enrichment bytes=222 label=chunked chunk=2 chunks=5 remaining=2
08-07 13:28:20.289  8720  8720 I SpectrePeripheral: event=notify_sent peer=xx:7A:39 status=success remaining=2
08-07 13:28:20.365  8720  8720 I SpectrePeripheral: event=notify_send reason=sent_paced peer=xx:7A:39 char=enrichment bytes=222 label=chunked chunk=3 chunks=5 remaining=1
08-07 13:28:20.367  8720  8720 I SpectrePeripheral: event=notify_sent peer=xx:7A:39 status=success remaining=1
08-07 13:28:20.443  8720  8720 I SpectrePeripheral: event=notify_send reason=sent_paced peer=xx:7A:39 char=enrichment bytes=68 label=chunked chunk=4 chunks=5 remaining=0
08-07 13:28:20.446  8720  8720 I SpectrePeripheral: event=notify_sent peer=xx:7A:39 status=success remaining=0
08-07 13:28:20.816  8720  8774 I SpectrePeripheral: event=char_read peer=xx:7A:39 char=control requestId=160 offset=0 valueBytes=26 responseBytes=26
08-07 13:28:20.967  8720  8720 I SpectrePeripheral: event=char_write peer=xx:7A:39 char=event_batch requestId=161 offset=0 chunkBytes=202 totalBytes=202 prepared=false responseNeeded=true
08-07 13:28:20.967  8720  8720 I SpectrePeripheral: event=event_batch_received peer=xx:7A:39 cipherBytes=202 plainBytes=180 recordsEstimate=18 sessionId=0 batchId=0 totalBatches=32
08-07 13:28:21.138  8720  8747 I ReactNativeJS: [SpectreEnrich] batch events=18 matched=16 skipped=2 history=188 firstEvent=1783088464000 lastEvent=1786014342000 oldestHistory=1783461501000 newestHistory=1786126571866 nearestDriftMin=1123 nearestDriftMax=373037000 nearestFixFirst=1783461501000 nativeRecorder=1
08-07 13:28:21.141  8720  8720 I SpectrePeripheral: event=update_value char=control bytes=4
08-07 13:28:21.141  8720  8720 I SpectrePeripheral: event=notify_requested char=control bytes=26 connected=1
08-07 13:28:21.142  8720  8720 I SpectrePeripheral: event=notify_queued peer=xx:7A:39 char=control bytes=26 label=value chunk=0 chunks=1 queued=1
08-07 13:28:21.142  8720  8720 I SpectrePeripheral: event=notify_send reason=enqueue peer=xx:7A:39 char=control bytes=26 label=value chunk=0 chunks=1 remaining=0
08-07 13:28:21.143  8720  8720 I SpectrePeripheral: event=secure_value_updated char=control channel=2 plainBytes=4 cipherBytes=26 notify=true
08-07 13:28:21.143  8720  8720 W SpectrePeripheral: event=enrichment_response_unframed records=18 pendingRecords=18 sessionId=0 batchId=0
08-07 13:28:21.143  8720  8720 I SpectrePeripheral: event=notify_chunked char=enrichment plainBytes=846 chunks=5 chunkPlainMax=200
08-07 13:28:21.143  8720  8720 I SpectrePeripheral: event=notify_chunk char=enrichment chunk=0 plainBytes=200 bytes=222
08-07 13:28:21.144  8720  8720 I SpectrePeripheral: event=notify_queued peer=xx:7A:39 char=enrichment bytes=222 label=chunked chunk=0 chunks=5 queued=1
08-07 13:28:21.144  8720  8720 I SpectrePeripheral: event=notify_chunk char=enrichment chunk=1 plainBytes=200 bytes=222
08-07 13:28:21.145  8720  8720 I SpectrePeripheral: event=notify_queued peer=xx:7A:39 char=enrichment bytes=222 label=chunked chunk=1 chunks=5 queued=2
08-07 13:28:21.145  8720  8720 I SpectrePeripheral: event=notify_chunk char=enrichment chunk=2 plainBytes=200 bytes=222
08-07 13:28:21.145  8720  8720 I SpectrePeripheral: event=notify_queued peer=xx:7A:39 char=enrichment bytes=222 label=chunked chunk=2 chunks=5 queued=3
08-07 13:28:21.145  8720  8720 I SpectrePeripheral: event=notify_chunk char=enrichment chunk=3 plainBytes=200 bytes=222
08-07 13:28:21.146  8720  8720 I SpectrePeripheral: event=notify_queued peer=xx:7A:39 char=enrichment bytes=222 label=chunked chunk=3 chunks=5 queued=4
08-07 13:28:21.146  8720  8720 I SpectrePeripheral: event=notify_chunk char=enrichment chunk=4 plainBytes=46 bytes=68
08-07 13:28:21.147  8720  8720 I SpectrePeripheral: event=notify_queued peer=xx:7A:39 char=enrichment bytes=68 label=chunked chunk=4 chunks=5 queued=5
08-07 13:28:21.147  8720  8720 I SpectrePeripheral: event=notify_sent peer=xx:7A:39 status=success remaining=5
08-07 13:28:21.148  8720  8720 I SpectrePeripheral: event=notify_send reason=sent peer=xx:7A:39 char=enrichment bytes=222 label=chunked chunk=0 chunks=5 remaining=4
08-07 13:28:21.150  8720  8720 I SpectrePeripheral: event=notify_sent peer=xx:7A:39 status=success remaining=4
08-07 13:28:21.226  8720  8720 I SpectrePeripheral: event=notify_send reason=sent_paced peer=xx:7A:39 char=enrichment bytes=222 label=chunked chunk=1 chunks=5 remaining=3
08-07 13:28:21.229  8720  8720 I SpectrePeripheral: event=notify_sent peer=xx:7A:39 status=success remaining=3
08-07 13:28:21.305  8720  8720 I SpectrePeripheral: event=notify_send reason=sent_paced peer=xx:7A:39 char=enrichment bytes=222 label=chunked chunk=2 chunks=5 remaining=2
08-07 13:28:21.307  8720  8720 I SpectrePeripheral: event=notify_sent peer=xx:7A:39 status=success remaining=2
08-07 13:28:21.384  8720  8720 I SpectrePeripheral: event=notify_send reason=sent_paced peer=xx:7A:39 char=enrichment bytes=222 label=chunked chunk=3 chunks=5 remaining=1
08-07 13:28:21.387  8720  8720 I SpectrePeripheral: event=notify_sent peer=xx:7A:39 status=success remaining=1
08-07 13:28:21.463  8720  8720 I SpectrePeripheral: event=notify_send reason=sent_paced peer=xx:7A:39 char=enrichment bytes=68 label=chunked chunk=4 chunks=5 remaining=0
08-07 13:28:21.466  8720  8720 I SpectrePeripheral: event=notify_sent peer=xx:7A:39 status=success remaining=0
08-07 13:28:23.037  8720  8774 I SpectrePeripheral: event=char_read peer=xx:7A:39 char=control requestId=162 offset=0 valueBytes=26 responseBytes=26
08-07 13:28:23.185  8720  8774 I SpectrePeripheral: event=char_read peer=xx:7A:39 char=gps requestId=163 offset=0 valueBytes=42 responseBytes=42
08-07 13:28:23.251  8720  8720 I SpectrePeripheral: event=char_write peer=xx:7A:39 char=event_batch requestId=164 offset=0 chunkBytes=202 totalBytes=202 prepared=false responseNeeded=true
08-07 13:28:23.253  8720  8720 I SpectrePeripheral: event=event_batch_received peer=xx:7A:39 cipherBytes=202 plainBytes=180 recordsEstimate=18 sessionId=0 batchId=0 totalBatches=33
08-07 13:28:23.429  8720  8720 I SpectrePeripheral: event=update_value char=control bytes=4
08-07 13:28:23.429  8720  8720 I SpectrePeripheral: event=notify_requested char=control bytes=26 connected=1
08-07 13:28:23.430  8720  8720 I SpectrePeripheral: event=notify_queued peer=xx:7A:39 char=control bytes=26 label=value chunk=0 chunks=1 queued=1
08-07 13:28:23.431  8720  8747 I ReactNativeJS: [SpectreEnrich] batch events=18 matched=14 skipped=4 history=188 firstEvent=1783124790000 lastEvent=1786014386000 oldestHistory=1783461501000 newestHistory=1786126571866 nearestDriftMin=11940 nearestDriftMax=336711000 nearestFixFirst=1784067587411 nativeRecorder=1
08-07 13:28:23.432  8720  8720 I SpectrePeripheral: event=notify_send reason=enqueue peer=xx:7A:39 char=control bytes=26 label=value chunk=0 chunks=1 remaining=0
08-07 13:28:23.433  8720  8720 I SpectrePeripheral: event=secure_value_updated char=control channel=2 plainBytes=4 cipherBytes=26 notify=true
08-07 13:28:23.433  8720  8720 W SpectrePeripheral: event=enrichment_response_unframed records=18 pendingRecords=18 sessionId=0 batchId=0
08-07 13:28:23.433  8720  8720 I SpectrePeripheral: event=notify_chunked char=enrichment plainBytes=846 chunks=5 chunkPlainMax=200
08-07 13:28:23.433  8720  8720 I SpectrePeripheral: event=notify_chunk char=enrichment chunk=0 plainBytes=200 bytes=222
08-07 13:28:23.434  8720  8720 I SpectrePeripheral: event=notify_queued peer=xx:7A:39 char=enrichment bytes=222 label=chunked chunk=0 chunks=5 queued=1
08-07 13:28:23.434  8720  8720 I SpectrePeripheral: event=notify_chunk char=enrichment chunk=1 plainBytes=200 bytes=222
08-07 13:28:23.435  8720  8720 I SpectrePeripheral: event=notify_queued peer=xx:7A:39 char=enrichment bytes=222 label=chunked chunk=1 chunks=5 queued=2
08-07 13:28:23.435  8720  8720 I SpectrePeripheral: event=notify_chunk char=enrichment chunk=2 plainBytes=200 bytes=222
08-07 13:28:23.436  8720  8720 I SpectrePeripheral: event=notify_queued peer=xx:7A:39 char=enrichment bytes=222 label=chunked chunk=2 chunks=5 queued=3
08-07 13:28:23.436  8720  8720 I SpectrePeripheral: event=notify_chunk char=enrichment chunk=3 plainBytes=200 bytes=222
08-07 13:28:23.436  8720  8720 I SpectrePeripheral: event=notify_queued peer=xx:7A:39 char=enrichment bytes=222 label=chunked chunk=3 chunks=5 queued=4
08-07 13:28:23.436  8720  8720 I SpectrePeripheral: event=notify_chunk char=enrichment chunk=4 plainBytes=46 bytes=68
08-07 13:28:23.437  8720  8720 I SpectrePeripheral: event=notify_queued peer=xx:7A:39 char=enrichment bytes=68 label=chunked chunk=4 chunks=5 queued=5
08-07 13:28:23.438  8720  8720 I SpectrePeripheral: event=notify_sent peer=xx:7A:39 status=success remaining=5
08-07 13:28:23.439  8720  8720 I SpectrePeripheral: event=notify_send reason=sent peer=xx:7A:39 char=enrichment bytes=222 label=chunked chunk=0 chunks=5 remaining=4
08-07 13:28:23.440  8720  8720 I SpectrePeripheral: event=notify_sent peer=xx:7A:39 status=success remaining=4
08-07 13:28:23.516  8720  8720 I SpectrePeripheral: event=notify_send reason=sent_paced peer=xx:7A:39 char=enrichment bytes=222 label=chunked chunk=1 chunks=5 remaining=3
08-07 13:28:23.519  8720  8720 I SpectrePeripheral: event=notify_sent peer=xx:7A:39 status=success remaining=3
08-07 13:28:23.595  8720  8720 I SpectrePeripheral: event=notify_send reason=sent_paced peer=xx:7A:39 char=enrichment bytes=222 label=chunked chunk=2 chunks=5 remaining=2
08-07 13:28:23.597  8720  8720 I SpectrePeripheral: event=notify_sent peer=xx:7A:39 status=success remaining=2
08-07 13:28:23.673  8720  8720 I SpectrePeripheral: event=notify_send reason=sent_paced peer=xx:7A:39 char=enrichment bytes=222 label=chunked chunk=3 chunks=5 remaining=1
08-07 13:28:23.675  8720  8720 I SpectrePeripheral: event=notify_sent peer=xx:7A:39 status=success remaining=1
08-07 13:28:23.752  8720  8720 I SpectrePeripheral: event=notify_send reason=sent_paced peer=xx:7A:39 char=enrichment bytes=68 label=chunked chunk=4 chunks=5 remaining=0
08-07 13:28:23.755  8720  8720 I SpectrePeripheral: event=notify_sent peer=xx:7A:39 status=success remaining=0
08-07 13:28:24.359  8720  8720 I SpectrePeripheral: event=char_write peer=xx:7A:39 char=event_batch requestId=165 offset=0 chunkBytes=202 totalBytes=202 prepared=false responseNeeded=true
08-07 13:28:24.360  8720  8720 I SpectrePeripheral: event=event_batch_received peer=xx:7A:39 cipherBytes=202 plainBytes=180 recordsEstimate=18 sessionId=0 batchId=0 totalBatches=34
08-07 13:28:24.536  8720  8720 I SpectrePeripheral: event=update_value char=control bytes=4
08-07 13:28:24.536  8720  8720 I SpectrePeripheral: event=notify_requested char=control bytes=26 connected=1
08-07 13:28:24.538  8720  8720 I SpectrePeripheral: event=notify_queued peer=xx:7A:39 char=control bytes=26 label=value chunk=0 chunks=1 queued=1
08-07 13:28:24.538  8720  8720 I SpectrePeripheral: event=notify_send reason=enqueue peer=xx:7A:39 char=control bytes=26 label=value chunk=0 chunks=1 remaining=0
08-07 13:28:24.538  8720  8720 I SpectrePeripheral: event=secure_value_updated char=control channel=2 plainBytes=4 cipherBytes=26 notify=true
08-07 13:28:24.539  8720  8747 I ReactNativeJS: [SpectreEnrich] batch events=18 matched=12 skipped=6 history=188 firstEvent=1783088507000 lastEvent=1786014421000 oldestHistory=1783461501000 newestHistory=1786126571866 nearestDriftMin=1042 nearestDriftMax=372994000 nearestFixFirst=1783461501000 nativeRecorder=1
08-07 13:28:24.541  8720  8720 I SpectrePeripheral: event=notify_sent peer=xx:7A:39 status=success remaining=0
08-07 13:28:24.541  8720  8720 W SpectrePeripheral: event=enrichment_response_unframed records=18 pendingRecords=18 sessionId=0 batchId=0
08-07 13:28:24.541  8720  8720 I SpectrePeripheral: event=notify_chunked char=enrichment plainBytes=846 chunks=5 chunkPlainMax=200
08-07 13:28:24.541  8720  8720 I SpectrePeripheral: event=notify_chunk char=enrichment chunk=0 plainBytes=200 bytes=222
08-07 13:28:24.541  8720  8720 I SpectrePeripheral: event=notify_queued peer=xx:7A:39 char=enrichment bytes=222 label=chunked chunk=0 chunks=5 queued=1
08-07 13:28:24.542  8720  8720 I SpectrePeripheral: event=notify_send reason=enqueue peer=xx:7A:39 char=enrichment bytes=222 label=chunked chunk=0 chunks=5 remaining=0
08-07 13:28:24.542  8720  8720 I SpectrePeripheral: event=notify_chunk char=enrichment chunk=1 plainBytes=200 bytes=222
08-07 13:28:24.543  8720  8720 I SpectrePeripheral: event=notify_queued peer=xx:7A:39 char=enrichment bytes=222 label=chunked chunk=1 chunks=5 queued=1
08-07 13:28:24.543  8720  8720 I SpectrePeripheral: event=notify_chunk char=enrichment chunk=2 plainBytes=200 bytes=222
08-07 13:28:24.543  8720  8720 I SpectrePeripheral: event=notify_queued peer=xx:7A:39 char=enrichment bytes=222 label=chunked chunk=2 chunks=5 queued=2
08-07 13:28:24.543  8720  8720 I SpectrePeripheral: event=notify_chunk char=enrichment chunk=3 plainBytes=200 bytes=222
08-07 13:28:24.543  8720  8720 I SpectrePeripheral: event=notify_queued peer=xx:7A:39 char=enrichment bytes=222 label=chunked chunk=3 chunks=5 queued=3
08-07 13:28:24.543  8720  8720 I SpectrePeripheral: event=notify_chunk char=enrichment chunk=4 plainBytes=46 bytes=68
08-07 13:28:24.543  8720  8720 I SpectrePeripheral: event=notify_queued peer=xx:7A:39 char=enrichment bytes=68 label=chunked chunk=4 chunks=5 queued=4
08-07 13:28:24.544  8720  8720 I SpectrePeripheral: event=notify_sent peer=xx:7A:39 status=success remaining=4
08-07 13:28:24.619  8720  8720 I SpectrePeripheral: event=notify_send reason=sent_paced peer=xx:7A:39 char=enrichment bytes=222 label=chunked chunk=1 chunks=5 remaining=3
08-07 13:28:24.621  8720  8720 I SpectrePeripheral: event=notify_sent peer=xx:7A:39 status=success remaining=3
08-07 13:28:24.698  8720  8720 I SpectrePeripheral: event=notify_send reason=sent_paced peer=xx:7A:39 char=enrichment bytes=222 label=chunked chunk=2 chunks=5 remaining=2
08-07 13:28:24.701  8720  8720 I SpectrePeripheral: event=notify_sent peer=xx:7A:39 status=success remaining=2
08-07 13:28:24.777  8720  8720 I SpectrePeripheral: event=notify_send reason=sent_paced peer=xx:7A:39 char=enrichment bytes=222 label=chunked chunk=3 chunks=5 remaining=1
08-07 13:28:24.780  8720  8720 I SpectrePeripheral: event=notify_sent peer=xx:7A:39 status=success remaining=1
08-07 13:28:24.857  8720  8720 I SpectrePeripheral: event=notify_send reason=sent_paced peer=xx:7A:39 char=enrichment bytes=68 label=chunked chunk=4 chunks=5 remaining=0
08-07 13:28:24.859  8720  8720 I SpectrePeripheral: event=notify_sent peer=xx:7A:39 status=success remaining=0
08-07 13:28:25.226  8720  8762 I SpectrePeripheral: event=char_read peer=xx:7A:39 char=control requestId=166 offset=0 valueBytes=26 responseBytes=26
08-07 13:28:25.378  8720  8720 I SpectrePeripheral: event=char_write peer=xx:7A:39 char=event_batch requestId=167 offset=0 chunkBytes=202 totalBytes=202 prepared=false responseNeeded=true
08-07 13:28:25.379  8720  8720 I SpectrePeripheral: event=event_batch_received peer=xx:7A:39 cipherBytes=202 plainBytes=180 recordsEstimate=18 sessionId=0 batchId=0 totalBatches=35
08-07 13:28:25.551  8720  8720 I SpectrePeripheral: event=update_value char=control bytes=4
08-07 13:28:25.551  8720  8720 I SpectrePeripheral: event=notify_requested char=control bytes=26 connected=1
08-07 13:28:25.552  8720  8720 I SpectrePeripheral: event=notify_queued peer=xx:7A:39 char=control bytes=26 label=value chunk=0 chunks=1 queued=1
08-07 13:28:25.552  8720  8720 I SpectrePeripheral: event=notify_send reason=enqueue peer=xx:7A:39 char=control bytes=26 label=value chunk=0 chunks=1 remaining=0
08-07 13:28:25.553  8720  8720 I SpectrePeripheral: event=secure_value_updated char=control channel=2 plainBytes=4 cipherBytes=26 notify=true
08-07 13:28:25.553  8720  8747 I ReactNativeJS: [SpectreEnrich] batch events=18 matched=14 skipped=4 history=188 firstEvent=1783094217000 lastEvent=1786014450000 oldestHistory=1783461501000 newestHistory=1786126571866 nearestDriftMin=430 nearestDriftMax=367284000 nearestFixFirst=1784067655940 nativeRecorder=1
08-07 13:28:25.559  8720  8720 I SpectrePeripheral: event=notify_sent peer=xx:7A:39 status=success remaining=0
08-07 13:28:25.559  8720  8720 W SpectrePeripheral: event=enrichment_response_unframed records=18 pendingRecords=18 sessionId=0 batchId=0
08-07 13:28:25.559  8720  8720 I SpectrePeripheral: event=notify_chunked char=enrichment plainBytes=846 chunks=5 chunkPlainMax=200
08-07 13:28:25.560  8720  8720 I SpectrePeripheral: event=notify_chunk char=enrichment chunk=0 plainBytes=200 bytes=222
08-07 13:28:25.560  8720  8720 I SpectrePeripheral: event=notify_queued peer=xx:7A:39 char=enrichment bytes=222 label=chunked chunk=0 chunks=5 queued=1
08-07 13:28:25.560  8720  8720 I SpectrePeripheral: event=notify_send reason=enqueue peer=xx:7A:39 char=enrichment bytes=222 label=chunked chunk=0 chunks=5 remaining=0
08-07 13:28:25.561  8720  8720 I SpectrePeripheral: event=notify_chunk char=enrichment chunk=1 plainBytes=200 bytes=222
08-07 13:28:25.561  8720  8720 I SpectrePeripheral: event=notify_queued peer=xx:7A:39 char=enrichment bytes=222 label=chunked chunk=1 chunks=5 queued=1
08-07 13:28:25.561  8720  8720 I SpectrePeripheral: event=notify_chunk char=enrichment chunk=2 plainBytes=200 bytes=222
08-07 13:28:25.561  8720  8720 I SpectrePeripheral: event=notify_queued peer=xx:7A:39 char=enrichment bytes=222 label=chunked chunk=2 chunks=5 queued=2
08-07 13:28:25.561  8720  8720 I SpectrePeripheral: event=notify_chunk char=enrichment chunk=3 plainBytes=200 bytes=222
08-07 13:28:25.562  8720  8720 I SpectrePeripheral: event=notify_queued peer=xx:7A:39 char=enrichment bytes=222 label=chunked chunk=3 chunks=5 queued=3
08-07 13:28:25.562  8720  8720 I SpectrePeripheral: event=notify_chunk char=enrichment chunk=4 plainBytes=46 bytes=68
08-07 13:28:25.562  8720  8720 I SpectrePeripheral: event=notify_queued peer=xx:7A:39 char=enrichment bytes=68 label=chunked chunk=4 chunks=5 queued=4
08-07 13:28:25.563  8720  8720 I SpectrePeripheral: event=notify_sent peer=xx:7A:39 status=success remaining=4
08-07 13:28:25.639  8720  8720 I SpectrePeripheral: event=notify_send reason=sent_paced peer=xx:7A:39 char=enrichment bytes=222 label=chunked chunk=1 chunks=5 remaining=3
08-07 13:28:25.643  8720  8720 I SpectrePeripheral: event=notify_sent peer=xx:7A:39 status=success remaining=3
08-07 13:28:25.718  8720  8720 I SpectrePeripheral: event=notify_send reason=sent_paced peer=xx:7A:39 char=enrichment bytes=222 label=chunked chunk=2 chunks=5 remaining=2
08-07 13:28:25.721  8720  8720 I SpectrePeripheral: event=notify_sent peer=xx:7A:39 status=success remaining=2
08-07 13:28:25.798  8720  8720 I SpectrePeripheral: event=notify_send reason=sent_paced peer=xx:7A:39 char=enrichment bytes=222 label=chunked chunk=3 chunks=5 remaining=1
08-07 13:28:25.801  8720  8720 I SpectrePeripheral: event=notify_sent peer=xx:7A:39 status=success remaining=1
08-07 13:28:25.878  8720  8720 I SpectrePeripheral: event=notify_send reason=sent_paced peer=xx:7A:39 char=enrichment bytes=68 label=chunked chunk=4 chunks=5 remaining=0
08-07 13:28:25.881  8720  8720 I SpectrePeripheral: event=notify_sent peer=xx:7A:39 status=success remaining=0
08-07 13:28:26.406  8720  8720 I SpectrePeripheral: event=char_write peer=xx:7A:39 char=event_batch requestId=168 offset=0 chunkBytes=202 totalBytes=202 prepared=false responseNeeded=true
08-07 13:28:26.408  8720  8720 I SpectrePeripheral: event=event_batch_received peer=xx:7A:39 cipherBytes=202 plainBytes=180 recordsEstimate=18 sessionId=0 batchId=0 totalBatches=36
08-07 13:28:26.582  8720  8747 I ReactNativeJS: [SpectreEnrich] batch events=18 matched=15 skipped=3 history=188 firstEvent=1783088577000 lastEvent=1786014477000 oldestHistory=1783461501000 newestHistory=1786126571866 nearestDriftMin=939 nearestDriftMax=539996000 nearestFixFirst=1786014449570 nativeRecorder=1
08-07 13:28:26.583  8720  8720 I SpectrePeripheral: event=update_value char=control bytes=4
08-07 13:28:26.583  8720  8720 I SpectrePeripheral: event=notify_requested char=control bytes=26 connected=1
08-07 13:28:26.583  8720  8720 I SpectrePeripheral: event=notify_queued peer=xx:7A:39 char=control bytes=26 label=value chunk=0 chunks=1 queued=1
08-07 13:28:26.584  8720  8720 I SpectrePeripheral: event=notify_send reason=enqueue peer=xx:7A:39 char=control bytes=26 label=value chunk=0 chunks=1 remaining=0
08-07 13:28:26.584  8720  8720 I SpectrePeripheral: event=secure_value_updated char=control channel=2 plainBytes=4 cipherBytes=26 notify=true
08-07 13:28:26.584  8720  8720 W SpectrePeripheral: event=enrichment_response_unframed records=18 pendingRecords=18 sessionId=0 batchId=0
08-07 13:28:26.584  8720  8720 I SpectrePeripheral: event=notify_chunked char=enrichment plainBytes=846 chunks=5 chunkPlainMax=200
08-07 13:28:26.584  8720  8720 I SpectrePeripheral: event=notify_chunk char=enrichment chunk=0 plainBytes=200 bytes=222
08-07 13:28:26.585  8720  8720 I SpectrePeripheral: event=notify_queued peer=xx:7A:39 char=enrichment bytes=222 label=chunked chunk=0 chunks=5 queued=1
08-07 13:28:26.585  8720  8720 I SpectrePeripheral: event=notify_chunk char=enrichment chunk=1 plainBytes=200 bytes=222
08-07 13:28:26.585  8720  8720 I SpectrePeripheral: event=notify_queued peer=xx:7A:39 char=enrichment bytes=222 label=chunked chunk=1 chunks=5 queued=2
08-07 13:28:26.585  8720  8720 I SpectrePeripheral: event=notify_chunk char=enrichment chunk=2 plainBytes=200 bytes=222
08-07 13:28:26.585  8720  8720 I SpectrePeripheral: event=notify_queued peer=xx:7A:39 char=enrichment bytes=222 label=chunked chunk=2 chunks=5 queued=3
08-07 13:28:26.585  8720  8720 I SpectrePeripheral: event=notify_chunk char=enrichment chunk=3 plainBytes=200 bytes=222
08-07 13:28:26.586  8720  8720 I SpectrePeripheral: event=notify_queued peer=xx:7A:39 char=enrichment bytes=222 label=chunked chunk=3 chunks=5 queued=4
08-07 13:28:26.586  8720  8720 I SpectrePeripheral: event=notify_chunk char=enrichment chunk=4 plainBytes=46 bytes=68
08-07 13:28:26.586  8720  8720 I SpectrePeripheral: event=notify_queued peer=xx:7A:39 char=enrichment bytes=68 label=chunked chunk=4 chunks=5 queued=5
08-07 13:28:26.586  8720  8720 I SpectrePeripheral: event=notify_sent peer=xx:7A:39 status=success remaining=5
08-07 13:28:26.587  8720  8720 I SpectrePeripheral: event=notify_send reason=sent peer=xx:7A:39 char=enrichment bytes=222 label=chunked chunk=0 chunks=5 remaining=4
08-07 13:28:26.591  8720  8720 I SpectrePeripheral: event=notify_sent peer=xx:7A:39 status=success remaining=4
08-07 13:28:26.668  8720  8720 I SpectrePeripheral: event=notify_send reason=sent_paced peer=xx:7A:39 char=enrichment bytes=222 label=chunked chunk=1 chunks=5 remaining=3
08-07 13:28:26.671  8720  8720 I SpectrePeripheral: event=notify_sent peer=xx:7A:39 status=success remaining=3
08-07 13:28:26.748  8720  8720 I SpectrePeripheral: event=notify_send reason=sent_paced peer=xx:7A:39 char=enrichment bytes=222 label=chunked chunk=2 chunks=5 remaining=2
08-07 13:28:26.750  8720  8720 I SpectrePeripheral: event=notify_sent peer=xx:7A:39 status=success remaining=2
08-07 13:28:26.827  8720  8720 I SpectrePeripheral: event=notify_send reason=sent_paced peer=xx:7A:39 char=enrichment bytes=222 label=chunked chunk=3 chunks=5 remaining=1
08-07 13:28:26.830  8720  8720 I SpectrePeripheral: event=notify_sent peer=xx:7A:39 status=success remaining=1
08-07 13:28:26.906  8720  8720 I SpectrePeripheral: event=notify_send reason=sent_paced peer=xx:7A:39 char=enrichment bytes=68 label=chunked chunk=4 chunks=5 remaining=0
08-07 13:28:26.909  8720  8720 I SpectrePeripheral: event=notify_sent peer=xx:7A:39 status=success remaining=0
08-07 13:28:27.270  8720  8762 I SpectrePeripheral: event=char_read peer=xx:7A:39 char=control requestId=169 offset=0 valueBytes=26 responseBytes=26
08-07 13:28:27.421  8720  8720 I SpectrePeripheral: event=char_write peer=xx:7A:39 char=event_batch requestId=170 offset=0 chunkBytes=202 totalBytes=202 prepared=false responseNeeded=true
08-07 13:28:27.422  8720  8720 I SpectrePeripheral: event=event_batch_received peer=xx:7A:39 cipherBytes=202 plainBytes=180 recordsEstimate=18 sessionId=0 batchId=0 totalBatches=37
08-07 13:28:27.601  8720  8747 I ReactNativeJS: [SpectreEnrich] batch events=18 matched=14 skipped=4 history=188 firstEvent=1783088638000 lastEvent=1786014554000 oldestHistory=1783461501000 newestHistory=1786126571866 nearestDriftMin=8474 nearestDriftMax=372863000 nearestFixFirst=1783461501000 nativeRecorder=1
08-07 13:28:27.602  8720  8720 W SpectrePeripheral: event=enrichment_response_unframed records=18 pendingRecords=18 sessionId=0 batchId=0
08-07 13:28:27.602  8720  8720 I SpectrePeripheral: event=notify_chunked char=enrichment plainBytes=846 chunks=5 chunkPlainMax=200
08-07 13:28:27.602  8720  8720 I SpectrePeripheral: event=notify_chunk char=enrichment chunk=0 plainBytes=200 bytes=222
08-07 13:28:27.603  8720  8720 I SpectrePeripheral: event=notify_queued peer=xx:7A:39 char=enrichment bytes=222 label=chunked chunk=0 chunks=5 queued=1
08-07 13:28:27.603  8720  8720 I SpectrePeripheral: event=notify_send reason=enqueue peer=xx:7A:39 char=enrichment bytes=222 label=chunked chunk=0 chunks=5 remaining=0
08-07 13:28:27.604  8720  8720 I SpectrePeripheral: event=notify_chunk char=enrichment chunk=1 plainBytes=200 bytes=222
08-07 13:28:27.604  8720  8720 I SpectrePeripheral: event=notify_queued peer=xx:7A:39 char=enrichment bytes=222 label=chunked chunk=1 chunks=5 queued=1
08-07 13:28:27.604  8720  8720 I SpectrePeripheral: event=notify_chunk char=enrichment chunk=2 plainBytes=200 bytes=222
08-07 13:28:27.604  8720  8720 I SpectrePeripheral: event=notify_queued peer=xx:7A:39 char=enrichment bytes=222 label=chunked chunk=2 chunks=5 queued=2
08-07 13:28:27.604  8720  8720 I SpectrePeripheral: event=notify_chunk char=enrichment chunk=3 plainBytes=200 bytes=222
08-07 13:28:27.605  8720  8720 I SpectrePeripheral: event=notify_queued peer=xx:7A:39 char=enrichment bytes=222 label=chunked chunk=3 chunks=5 queued=3
08-07 13:28:27.605  8720  8720 I SpectrePeripheral: event=notify_chunk char=enrichment chunk=4 plainBytes=46 bytes=68
08-07 13:28:27.605  8720  8720 I SpectrePeripheral: event=notify_queued peer=xx:7A:39 char=enrichment bytes=68 label=chunked chunk=4 chunks=5 queued=4
08-07 13:28:27.605  8720  8720 I SpectrePeripheral: event=update_value char=control bytes=4
08-07 13:28:27.605  8720  8720 I SpectrePeripheral: event=notify_requested char=control bytes=26 connected=1
08-07 13:28:27.605  8720  8720 I SpectrePeripheral: event=notify_queued peer=xx:7A:39 char=control bytes=26 label=value chunk=0 chunks=1 queued=5
08-07 13:28:27.605  8720  8720 I SpectrePeripheral: event=secure_value_updated char=control channel=2 plainBytes=4 cipherBytes=26 notify=true
08-07 13:28:27.606  8720  8720 I SpectrePeripheral: event=notify_sent peer=xx:7A:39 status=success remaining=5
08-07 13:28:27.682  8720  8720 I SpectrePeripheral: event=notify_send reason=sent_paced peer=xx:7A:39 char=enrichment bytes=222 label=chunked chunk=1 chunks=5 remaining=4
08-07 13:28:27.685  8720  8720 I SpectrePeripheral: event=notify_sent peer=xx:7A:39 status=success remaining=4
08-07 13:28:27.687  8720  8720 I SpectrePeripheral: event=char_write peer=xx:7A:39 char=storage requestId=171 offset=0 chunkBytes=90 totalBytes=90 prepared=false responseNeeded=true
08-07 13:28:27.688  8720  8720 I SpectrePeripheral: event=storage_snapshot_received peer=xx:7A:39 cipherBytes=90 plainBytes=68
08-07 13:28:27.761  8720  8720 I SpectrePeripheral: event=notify_send reason=sent_paced peer=xx:7A:39 char=enrichment bytes=222 label=chunked chunk=2 chunks=5 remaining=3
08-07 13:28:27.764  8720  8720 I SpectrePeripheral: event=notify_sent peer=xx:7A:39 status=success remaining=3
08-07 13:28:27.841  8720  8720 I SpectrePeripheral: event=notify_send reason=sent_paced peer=xx:7A:39 char=enrichment bytes=222 label=chunked chunk=3 chunks=5 remaining=2
08-07 13:28:27.843  8720  8720 I SpectrePeripheral: event=notify_sent peer=xx:7A:39 status=success remaining=2
08-07 13:28:27.919  8720  8720 I SpectrePeripheral: event=notify_send reason=sent_paced peer=xx:7A:39 char=enrichment bytes=68 label=chunked chunk=4 chunks=5 remaining=1
08-07 13:28:27.922  8720  8720 I SpectrePeripheral: event=notify_sent peer=xx:7A:39 status=success remaining=1
08-07 13:28:27.997  8720  8720 I SpectrePeripheral: event=notify_send reason=sent_paced peer=xx:7A:39 char=control bytes=26 label=value chunk=0 chunks=1 remaining=0
08-07 13:28:27.999  8720  8720 I SpectrePeripheral: event=notify_sent peer=xx:7A:39 status=success remaining=0
08-07 13:28:28.317  8720  8731 I SpectrePeripheral: event=char_read peer=xx:7A:39 char=gps requestId=172 offset=0 valueBytes=42 responseBytes=42
08-07 13:28:28.500  8720  8720 I SpectrePeripheral: event=char_write peer=xx:7A:39 char=event_batch requestId=173 offset=0 chunkBytes=202 totalBytes=202 prepared=false responseNeeded=true
08-07 13:28:28.501  8720  8720 I SpectrePeripheral: event=event_batch_received peer=xx:7A:39 cipherBytes=202 plainBytes=180 recordsEstimate=18 sessionId=0 batchId=0 totalBatches=38
08-07 13:28:28.672  8720  8720 I SpectrePeripheral: event=update_value char=control bytes=4
08-07 13:28:28.672  8720  8720 I SpectrePeripheral: event=notify_requested char=control bytes=26 connected=1
08-07 13:28:28.673  8720  8747 I ReactNativeJS: [SpectreEnrich] batch events=18 matched=13 skipped=5 history=188 firstEvent=1783088718000 lastEvent=1786014598000 oldestHistory=1783461501000 newestHistory=1786126571866 nearestDriftMin=9526 nearestDriftMax=372783000 nearestFixFirst=1784067813474 nativeRecorder=1
08-07 13:28:28.673  8720  8720 I SpectrePeripheral: event=notify_queued peer=xx:7A:39 char=control bytes=26 label=value chunk=0 chunks=1 queued=1
08-07 13:28:28.674  8720  8720 I SpectrePeripheral: event=notify_send reason=enqueue peer=xx:7A:39 char=control bytes=26 label=value chunk=0 chunks=1 remaining=0
08-07 13:28:28.674  8720  8720 I SpectrePeripheral: event=secure_value_updated char=control channel=2 plainBytes=4 cipherBytes=26 notify=true
08-07 13:28:28.674  8720  8720 W SpectrePeripheral: event=enrichment_response_unframed records=18 pendingRecords=18 sessionId=0 batchId=0
08-07 13:28:28.674  8720  8720 I SpectrePeripheral: event=notify_chunked char=enrichment plainBytes=846 chunks=5 chunkPlainMax=200
08-07 13:28:28.674  8720  8720 I SpectrePeripheral: event=notify_chunk char=enrichment chunk=0 plainBytes=200 bytes=222
08-07 13:28:28.674  8720  8720 I SpectrePeripheral: event=notify_queued peer=xx:7A:39 char=enrichment bytes=222 label=chunked chunk=0 chunks=5 queued=1
08-07 13:28:28.674  8720  8720 I SpectrePeripheral: event=notify_chunk char=enrichment chunk=1 plainBytes=200 bytes=222
08-07 13:28:28.675  8720  8720 I SpectrePeripheral: event=notify_queued peer=xx:7A:39 char=enrichment bytes=222 label=chunked chunk=1 chunks=5 queued=2
08-07 13:28:28.675  8720  8720 I SpectrePeripheral: event=notify_chunk char=enrichment chunk=2 plainBytes=200 bytes=222
08-07 13:28:28.675  8720  8720 I SpectrePeripheral: event=notify_queued peer=xx:7A:39 char=enrichment bytes=222 label=chunked chunk=2 chunks=5 queued=3
08-07 13:28:28.675  8720  8720 I SpectrePeripheral: event=notify_chunk char=enrichment chunk=3 plainBytes=200 bytes=222
08-07 13:28:28.675  8720  8720 I SpectrePeripheral: event=notify_queued peer=xx:7A:39 char=enrichment bytes=222 label=chunked chunk=3 chunks=5 queued=4
08-07 13:28:28.675  8720  8720 I SpectrePeripheral: event=notify_chunk char=enrichment chunk=4 plainBytes=46 bytes=68
08-07 13:28:28.675  8720  8720 I SpectrePeripheral: event=notify_queued peer=xx:7A:39 char=enrichment bytes=68 label=chunked chunk=4 chunks=5 queued=5
08-07 13:28:28.676  8720  8720 I SpectrePeripheral: event=notify_sent peer=xx:7A:39 status=success remaining=5
08-07 13:28:28.676  8720  8720 I SpectrePeripheral: event=notify_send reason=sent peer=xx:7A:39 char=enrichment bytes=222 label=chunked chunk=0 chunks=5 remaining=4
08-07 13:28:28.677  8720  8720 I SpectrePeripheral: event=notify_sent peer=xx:7A:39 status=success remaining=4
08-07 13:28:28.753  8720  8720 I SpectrePeripheral: event=notify_send reason=sent_paced peer=xx:7A:39 char=enrichment bytes=222 label=chunked chunk=1 chunks=5 remaining=3
08-07 13:28:28.755  8720  8720 I SpectrePeripheral: event=notify_sent peer=xx:7A:39 status=success remaining=3
08-07 13:28:28.831  8720  8720 I SpectrePeripheral: event=notify_send reason=sent_paced peer=xx:7A:39 char=enrichment bytes=222 label=chunked chunk=2 chunks=5 remaining=2
08-07 13:28:28.833  8720  8720 I SpectrePeripheral: event=notify_sent peer=xx:7A:39 status=success remaining=2
08-07 13:28:28.910  8720  8720 I SpectrePeripheral: event=notify_send reason=sent_paced peer=xx:7A:39 char=enrichment bytes=222 label=chunked chunk=3 chunks=5 remaining=1
08-07 13:28:28.912  8720  8720 I SpectrePeripheral: event=notify_sent peer=xx:7A:39 status=success remaining=1
08-07 13:28:28.988  8720  8720 I SpectrePeripheral: event=notify_send reason=sent_paced peer=xx:7A:39 char=enrichment bytes=68 label=chunked chunk=4 chunks=5 remaining=0
08-07 13:28:28.989  8720  8720 I SpectrePeripheral: event=notify_sent peer=xx:7A:39 status=success remaining=0
08-07 13:28:31.001  8720  8731 I SpectrePeripheral: event=char_read peer=xx:7A:39 char=control requestId=174 offset=0 valueBytes=26 responseBytes=26
08-07 13:28:31.139  8720  8720 I SpectrePeripheral: event=char_write peer=xx:7A:39 char=event_batch requestId=175 offset=0 chunkBytes=202 totalBytes=202 prepared=false responseNeeded=true
08-07 13:28:31.141  8720  8720 I SpectrePeripheral: event=event_batch_received peer=xx:7A:39 cipherBytes=202 plainBytes=180 recordsEstimate=18 sessionId=0 batchId=0 totalBatches=39
08-07 13:28:31.320  8720  8720 I SpectrePeripheral: event=update_value char=control bytes=4
08-07 13:28:31.320  8720  8720 I SpectrePeripheral: event=notify_requested char=control bytes=26 connected=1
08-07 13:28:31.321  8720  8720 I SpectrePeripheral: event=notify_queued peer=xx:7A:39 char=control bytes=26 label=value chunk=0 chunks=1 queued=1
08-07 13:28:31.321  8720  8747 I ReactNativeJS: [SpectreEnrich] batch events=18 matched=12 skipped=6 history=188 firstEvent=1783088741000 lastEvent=1785190996000 oldestHistory=1783461501000 newestHistory=1786126571866 nearestDriftMin=486 nearestDriftMax=372760000 nearestFixFirst=1785191005778 nativeRecorder=1
08-07 13:28:31.322  8720  8720 I SpectrePeripheral: event=notify_send reason=enqueue peer=xx:7A:39 char=control bytes=26 label=value chunk=0 chunks=1 remaining=0
08-07 13:28:31.323  8720  8720 I SpectrePeripheral: event=secure_value_updated char=control channel=2 plainBytes=4 cipherBytes=26 notify=true
08-07 13:28:31.323  8720  8720 W SpectrePeripheral: event=enrichment_response_unframed records=18 pendingRecords=18 sessionId=0 batchId=0
08-07 13:28:31.323  8720  8720 I SpectrePeripheral: event=notify_chunked char=enrichment plainBytes=846 chunks=5 chunkPlainMax=200
08-07 13:28:31.323  8720  8720 I SpectrePeripheral: event=notify_chunk char=enrichment chunk=0 plainBytes=200 bytes=222
08-07 13:28:31.324  8720  8720 I SpectrePeripheral: event=notify_queued peer=xx:7A:39 char=enrichment bytes=222 label=chunked chunk=0 chunks=5 queued=1
08-07 13:28:31.324  8720  8720 I SpectrePeripheral: event=notify_chunk char=enrichment chunk=1 plainBytes=200 bytes=222
08-07 13:28:31.325  8720  8720 I SpectrePeripheral: event=notify_queued peer=xx:7A:39 char=enrichment bytes=222 label=chunked chunk=1 chunks=5 queued=2
08-07 13:28:31.325  8720  8720 I SpectrePeripheral: event=notify_chunk char=enrichment chunk=2 plainBytes=200 bytes=222
08-07 13:28:31.326  8720  8720 I SpectrePeripheral: event=notify_queued peer=xx:7A:39 char=enrichment bytes=222 label=chunked chunk=2 chunks=5 queued=3
08-07 13:28:31.326  8720  8720 I SpectrePeripheral: event=notify_chunk char=enrichment chunk=3 plainBytes=200 bytes=222
08-07 13:28:31.327  8720  8720 I SpectrePeripheral: event=notify_queued peer=xx:7A:39 char=enrichment bytes=222 label=chunked chunk=3 chunks=5 queued=4
08-07 13:28:31.327  8720  8720 I SpectrePeripheral: event=notify_chunk char=enrichment chunk=4 plainBytes=46 bytes=68
08-07 13:28:31.327  8720  8720 I SpectrePeripheral: event=notify_queued peer=xx:7A:39 char=enrichment bytes=68 label=chunked chunk=4 chunks=5 queued=5
08-07 13:28:31.327  8720  8720 I SpectrePeripheral: event=notify_sent peer=xx:7A:39 status=success remaining=5
08-07 13:28:31.328  8720  8720 I SpectrePeripheral: event=notify_send reason=sent peer=xx:7A:39 char=enrichment bytes=222 label=chunked chunk=0 chunks=5 remaining=4
08-07 13:28:31.329  8720  8720 I SpectrePeripheral: event=notify_sent peer=xx:7A:39 status=success remaining=4
08-07 13:28:31.405  8720  8720 I SpectrePeripheral: event=notify_send reason=sent_paced peer=xx:7A:39 char=enrichment bytes=222 label=chunked chunk=1 chunks=5 remaining=3
08-07 13:28:31.408  8720  8720 I SpectrePeripheral: event=notify_sent peer=xx:7A:39 status=success remaining=3
08-07 13:28:31.484  8720  8720 I SpectrePeripheral: event=notify_send reason=sent_paced peer=xx:7A:39 char=enrichment bytes=222 label=chunked chunk=2 chunks=5 remaining=2
08-07 13:28:31.487  8720  8720 I SpectrePeripheral: event=notify_sent peer=xx:7A:39 status=success remaining=2
08-07 13:28:31.562  8720  8720 I SpectrePeripheral: event=notify_send reason=sent_paced peer=xx:7A:39 char=enrichment bytes=222 label=chunked chunk=3 chunks=5 remaining=1
08-07 13:28:31.565  8720  8720 I SpectrePeripheral: event=notify_sent peer=xx:7A:39 status=success remaining=1
08-07 13:28:31.642  8720  8720 I SpectrePeripheral: event=notify_send reason=sent_paced peer=xx:7A:39 char=enrichment bytes=68 label=chunked chunk=4 chunks=5 remaining=0
08-07 13:28:31.644  8720  8720 I SpectrePeripheral: event=notify_sent peer=xx:7A:39 status=success remaining=0
08-07 13:28:32.174  8720  8720 I SpectrePeripheral: event=char_write peer=xx:7A:39 char=event_batch requestId=176 offset=0 chunkBytes=202 totalBytes=202 prepared=false responseNeeded=true
08-07 13:28:32.175  8720  8720 I SpectrePeripheral: event=event_batch_received peer=xx:7A:39 cipherBytes=202 plainBytes=180 recordsEstimate=18 sessionId=0 batchId=0 totalBatches=40
08-07 13:28:32.350  8720  8747 I ReactNativeJS: [SpectreEnrich] batch events=18 matched=11 skipped=7 history=188 firstEvent=1783050814000 lastEvent=1784067945000 oldestHistory=1783461501000 newestHistory=1786126571866 nearestDriftMin=1114 nearestDriftMax=410687000 nearestFixFirst=1783461501000 nativeRecorder=1
08-07 13:28:32.351  8720  8720 I SpectrePeripheral: event=update_value char=control bytes=4
08-07 13:28:32.351  8720  8720 I SpectrePeripheral: event=notify_requested char=control bytes=26 connected=1
08-07 13:28:32.351  8720  8720 I SpectrePeripheral: event=notify_queued peer=xx:7A:39 char=control bytes=26 label=value chunk=0 chunks=1 queued=1
08-07 13:28:32.352  8720  8720 I SpectrePeripheral: event=notify_send reason=enqueue peer=xx:7A:39 char=control bytes=26 label=value chunk=0 chunks=1 remaining=0
08-07 13:28:32.352  8720  8720 I SpectrePeripheral: event=secure_value_updated char=control channel=2 plainBytes=4 cipherBytes=26 notify=true
08-07 13:28:32.352  8720  8720 W SpectrePeripheral: event=enrichment_response_unframed records=18 pendingRecords=18 sessionId=0 batchId=0
08-07 13:28:32.352  8720  8720 I SpectrePeripheral: event=notify_chunked char=enrichment plainBytes=846 chunks=5 chunkPlainMax=200
08-07 13:28:32.352  8720  8720 I SpectrePeripheral: event=notify_chunk char=enrichment chunk=0 plainBytes=200 bytes=222
08-07 13:28:32.353  8720  8720 I SpectrePeripheral: event=notify_queued peer=xx:7A:39 char=enrichment bytes=222 label=chunked chunk=0 chunks=5 queued=1
08-07 13:28:32.353  8720  8720 I SpectrePeripheral: event=notify_chunk char=enrichment chunk=1 plainBytes=200 bytes=222
08-07 13:28:32.353  8720  8720 I SpectrePeripheral: event=notify_queued peer=xx:7A:39 char=enrichment bytes=222 label=chunked chunk=1 chunks=5 queued=2
08-07 13:28:32.353  8720  8720 I SpectrePeripheral: event=notify_chunk char=enrichment chunk=2 plainBytes=200 bytes=222
08-07 13:28:32.353  8720  8720 I SpectrePeripheral: event=notify_queued peer=xx:7A:39 char=enrichment bytes=222 label=chunked chunk=2 chunks=5 queued=3
08-07 13:28:32.353  8720  8720 I SpectrePeripheral: event=notify_chunk char=enrichment chunk=3 plainBytes=200 bytes=222
08-07 13:28:32.353  8720  8720 I SpectrePeripheral: event=notify_queued peer=xx:7A:39 char=enrichment bytes=222 label=chunked chunk=3 chunks=5 queued=4
08-07 13:28:32.353  8720  8720 I SpectrePeripheral: event=notify_chunk char=enrichment chunk=4 plainBytes=46 bytes=68
08-07 13:28:32.354  8720  8720 I SpectrePeripheral: event=notify_queued peer=xx:7A:39 char=enrichment bytes=68 label=chunked chunk=4 chunks=5 queued=5
08-07 13:28:32.354  8720  8720 I SpectrePeripheral: event=notify_sent peer=xx:7A:39 status=success remaining=5
08-07 13:28:32.354  8720  8720 I SpectrePeripheral: event=notify_send reason=sent peer=xx:7A:39 char=enrichment bytes=222 label=chunked chunk=0 chunks=5 remaining=4
08-07 13:28:32.355  8720  8720 I SpectrePeripheral: event=notify_sent peer=xx:7A:39 status=success remaining=4
08-07 13:28:32.432  8720  8720 I SpectrePeripheral: event=notify_send reason=sent_paced peer=xx:7A:39 char=enrichment bytes=222 label=chunked chunk=1 chunks=5 remaining=3
08-07 13:28:32.435  8720  8720 I SpectrePeripheral: event=notify_sent peer=xx:7A:39 status=success remaining=3
08-07 13:28:32.511  8720  8720 I SpectrePeripheral: event=notify_send reason=sent_paced peer=xx:7A:39 char=enrichment bytes=222 label=chunked chunk=2 chunks=5 remaining=2
08-07 13:28:32.513  8720  8720 I SpectrePeripheral: event=notify_sent peer=xx:7A:39 status=success remaining=2
08-07 13:28:32.589  8720  8720 I SpectrePeripheral: event=notify_send reason=sent_paced peer=xx:7A:39 char=enrichment bytes=222 label=chunked chunk=3 chunks=5 remaining=1
08-07 13:28:32.592  8720  8720 I SpectrePeripheral: event=notify_sent peer=xx:7A:39 status=success remaining=1
08-07 13:28:32.669  8720  8720 I SpectrePeripheral: event=notify_send reason=sent_paced peer=xx:7A:39 char=enrichment bytes=68 label=chunked chunk=4 chunks=5 remaining=0
08-07 13:28:32.671  8720  8720 I SpectrePeripheral: event=notify_sent peer=xx:7A:39 status=success remaining=0
08-07 13:28:32.995  8720  8774 I SpectrePeripheral: event=char_read peer=xx:7A:39 char=control requestId=177 offset=0 valueBytes=26 responseBytes=26
08-07 13:28:33.146  8720  8720 I SpectrePeripheral: event=char_write peer=xx:7A:39 char=event_batch requestId=178 offset=0 chunkBytes=202 totalBytes=202 prepared=false responseNeeded=true
08-07 13:28:33.147  8720  8720 I SpectrePeripheral: event=event_batch_received peer=xx:7A:39 cipherBytes=202 plainBytes=180 recordsEstimate=18 sessionId=0 batchId=0 totalBatches=41
08-07 13:28:33.322  8720  8747 I ReactNativeJS: [SpectreEnrich] batch events=18 matched=15 skipped=3 history=188 firstEvent=1783088822000 lastEvent=1784067972000 oldestHistory=1783461501000 newestHistory=1786126571866 nearestDriftMin=473 nearestDriftMax=372679000 nearestFixFirst=1784067952699 nativeRecorder=1
08-07 13:28:33.324  8720  8720 I SpectrePeripheral: event=update_value char=control bytes=4
08-07 13:28:33.324  8720  8720 I SpectrePeripheral: event=notify_requested char=control bytes=26 connected=1
08-07 13:28:33.326  8720  8720 I SpectrePeripheral: event=notify_queued peer=xx:7A:39 char=control bytes=26 label=value chunk=0 chunks=1 queued=1
08-07 13:28:33.327  8720  8720 I SpectrePeripheral: event=notify_send reason=enqueue peer=xx:7A:39 char=control bytes=26 label=value chunk=0 chunks=1 remaining=0
08-07 13:28:33.327  8720  8720 I SpectrePeripheral: event=secure_value_updated char=control channel=2 plainBytes=4 cipherBytes=26 notify=true
08-07 13:28:33.327  8720  8720 W SpectrePeripheral: event=enrichment_response_unframed records=18 pendingRecords=18 sessionId=0 batchId=0
08-07 13:28:33.327  8720  8720 I SpectrePeripheral: event=notify_chunked char=enrichment plainBytes=846 chunks=5 chunkPlainMax=200
08-07 13:28:33.327  8720  8720 I SpectrePeripheral: event=notify_chunk char=enrichment chunk=0 plainBytes=200 bytes=222
08-07 13:28:33.327  8720  8720 I SpectrePeripheral: event=notify_queued peer=xx:7A:39 char=enrichment bytes=222 label=chunked chunk=0 chunks=5 queued=1
08-07 13:28:33.328  8720  8720 I SpectrePeripheral: event=notify_chunk char=enrichment chunk=1 plainBytes=200 bytes=222
08-07 13:28:33.328  8720  8720 I SpectrePeripheral: event=notify_queued peer=xx:7A:39 char=enrichment bytes=222 label=chunked chunk=1 chunks=5 queued=2
08-07 13:28:33.328  8720  8720 I SpectrePeripheral: event=notify_chunk char=enrichment chunk=2 plainBytes=200 bytes=222
08-07 13:28:33.328  8720  8720 I SpectrePeripheral: event=notify_queued peer=xx:7A:39 char=enrichment bytes=222 label=chunked chunk=2 chunks=5 queued=3
08-07 13:28:33.328  8720  8720 I SpectrePeripheral: event=notify_chunk char=enrichment chunk=3 plainBytes=200 bytes=222
08-07 13:28:33.328  8720  8720 I SpectrePeripheral: event=notify_queued peer=xx:7A:39 char=enrichment bytes=222 label=chunked chunk=3 chunks=5 queued=4
08-07 13:28:33.329  8720  8720 I SpectrePeripheral: event=notify_chunk char=enrichment chunk=4 plainBytes=46 bytes=68
08-07 13:28:33.329  8720  8720 I SpectrePeripheral: event=notify_queued peer=xx:7A:39 char=enrichment bytes=68 label=chunked chunk=4 chunks=5 queued=5
08-07 13:28:33.329  8720  8720 I SpectrePeripheral: event=notify_sent peer=xx:7A:39 status=success remaining=5
08-07 13:28:33.329  8720  8720 I SpectrePeripheral: event=notify_send reason=sent peer=xx:7A:39 char=enrichment bytes=222 label=chunked chunk=0 chunks=5 remaining=4
08-07 13:28:33.334  8720  8720 I SpectrePeripheral: event=notify_sent peer=xx:7A:39 status=success remaining=4
08-07 13:28:33.409  8720  8720 I SpectrePeripheral: event=notify_send reason=sent_paced peer=xx:7A:39 char=enrichment bytes=222 label=chunked chunk=1 chunks=5 remaining=3
08-07 13:28:33.412  8720  8720 I SpectrePeripheral: event=notify_sent peer=xx:7A:39 status=success remaining=3
08-07 13:28:33.447  8720  8762 I SpectrePeripheral: event=char_read peer=xx:7A:39 char=gps requestId=179 offset=0 valueBytes=42 responseBytes=42
08-07 13:28:33.488  8720  8720 I SpectrePeripheral: event=notify_send reason=sent_paced peer=xx:7A:39 char=enrichment bytes=222 label=chunked chunk=2 chunks=5 remaining=2
08-07 13:28:33.490  8720  8720 I SpectrePeripheral: event=notify_sent peer=xx:7A:39 status=success remaining=2
08-07 13:28:33.566  8720  8720 I SpectrePeripheral: event=notify_send reason=sent_paced peer=xx:7A:39 char=enrichment bytes=222 label=chunked chunk=3 chunks=5 remaining=1
08-07 13:28:33.569  8720  8720 I SpectrePeripheral: event=notify_sent peer=xx:7A:39 status=success remaining=1
08-07 13:28:33.645  8720  8720 I SpectrePeripheral: event=notify_send reason=sent_paced peer=xx:7A:39 char=enrichment bytes=68 label=chunked chunk=4 chunks=5 remaining=0
08-07 13:28:33.649  8720  8720 I SpectrePeripheral: event=notify_sent peer=xx:7A:39 status=success remaining=0
08-07 13:28:34.169  8720  8720 I SpectrePeripheral: event=char_write peer=xx:7A:39 char=event_batch requestId=180 offset=0 chunkBytes=202 totalBytes=202 prepared=false responseNeeded=true
08-07 13:28:34.171  8720  8720 I SpectrePeripheral: event=event_batch_received peer=xx:7A:39 cipherBytes=202 plainBytes=180 recordsEstimate=18 sessionId=0 batchId=0 totalBatches=42
08-07 13:28:34.353  8720  8747 I ReactNativeJS: [SpectreEnrich] batch events=18 matched=13 skipped=5 history=188 firstEvent=1783057124000 lastEvent=1784067998000 oldestHistory=1783461501000 newestHistory=1786126571866 nearestDriftMin=869 nearestDriftMax=404377000 nearestFixFirst=1783461501000 nativeRecorder=1
08-07 13:28:34.356  8720  8720 W SpectrePeripheral: event=enrichment_response_unframed records=18 pendingRecords=18 sessionId=0 batchId=0
08-07 13:28:34.356  8720  8720 I SpectrePeripheral: event=notify_chunked char=enrichment plainBytes=846 chunks=5 chunkPlainMax=200
08-07 13:28:34.356  8720  8720 I SpectrePeripheral: event=notify_chunk char=enrichment chunk=0 plainBytes=200 bytes=222
08-07 13:28:34.358  8720  8720 I SpectrePeripheral: event=notify_queued peer=xx:7A:39 char=enrichment bytes=222 label=chunked chunk=0 chunks=5 queued=1
08-07 13:28:34.358  8720  8720 I SpectrePeripheral: event=notify_send reason=enqueue peer=xx:7A:39 char=enrichment bytes=222 label=chunked chunk=0 chunks=5 remaining=0
08-07 13:28:34.358  8720  8720 I SpectrePeripheral: event=notify_chunk char=enrichment chunk=1 plainBytes=200 bytes=222
08-07 13:28:34.359  8720  8720 I SpectrePeripheral: event=notify_queued peer=xx:7A:39 char=enrichment bytes=222 label=chunked chunk=1 chunks=5 queued=1
08-07 13:28:34.359  8720  8720 I SpectrePeripheral: event=notify_chunk char=enrichment chunk=2 plainBytes=200 bytes=222
08-07 13:28:34.359  8720  8720 I SpectrePeripheral: event=notify_queued peer=xx:7A:39 char=enrichment bytes=222 label=chunked chunk=2 chunks=5 queued=2
08-07 13:28:34.359  8720  8720 I SpectrePeripheral: event=notify_chunk char=enrichment chunk=3 plainBytes=200 bytes=222
08-07 13:28:34.359  8720  8720 I SpectrePeripheral: event=notify_queued peer=xx:7A:39 char=enrichment bytes=222 label=chunked chunk=3 chunks=5 queued=3
08-07 13:28:34.360  8720  8720 I SpectrePeripheral: event=notify_chunk char=enrichment chunk=4 plainBytes=46 bytes=68
08-07 13:28:34.360  8720  8720 I SpectrePeripheral: event=notify_queued peer=xx:7A:39 char=enrichment bytes=68 label=chunked chunk=4 chunks=5 queued=4
08-07 13:28:34.360  8720  8720 I SpectrePeripheral: event=update_value char=control bytes=4
08-07 13:28:34.360  8720  8720 I SpectrePeripheral: event=notify_requested char=control bytes=26 connected=1
08-07 13:28:34.360  8720  8720 I SpectrePeripheral: event=notify_queued peer=xx:7A:39 char=control bytes=26 label=value chunk=0 chunks=1 queued=5
08-07 13:28:34.360  8720  8720 I SpectrePeripheral: event=secure_value_updated char=control channel=2 plainBytes=4 cipherBytes=26 notify=true
08-07 13:28:34.361  8720  8720 I SpectrePeripheral: event=notify_sent peer=xx:7A:39 status=success remaining=5
08-07 13:28:34.437  8720  8720 I SpectrePeripheral: event=notify_send reason=sent_paced peer=xx:7A:39 char=enrichment bytes=222 label=chunked chunk=1 chunks=5 remaining=4
08-07 13:28:34.440  8720  8720 I SpectrePeripheral: event=notify_sent peer=xx:7A:39 status=success remaining=4
08-07 13:28:34.515  8720  8720 I SpectrePeripheral: event=notify_send reason=sent_paced peer=xx:7A:39 char=enrichment bytes=222 label=chunked chunk=2 chunks=5 remaining=3
08-07 13:28:34.518  8720  8720 I SpectrePeripheral: event=notify_sent peer=xx:7A:39 status=success remaining=3
08-07 13:28:34.595  8720  8720 I SpectrePeripheral: event=notify_send reason=sent_paced peer=xx:7A:39 char=enrichment bytes=222 label=chunked chunk=3 chunks=5 remaining=2
08-07 13:28:34.598  8720  8720 I SpectrePeripheral: event=notify_sent peer=xx:7A:39 status=success remaining=2
08-07 13:28:34.674  8720  8720 I SpectrePeripheral: event=notify_send reason=sent_paced peer=xx:7A:39 char=enrichment bytes=68 label=chunked chunk=4 chunks=5 remaining=1
08-07 13:28:34.676  8720  8720 I SpectrePeripheral: event=notify_sent peer=xx:7A:39 status=success remaining=1
08-07 13:28:34.753  8720  8720 I SpectrePeripheral: event=notify_send reason=sent_paced peer=xx:7A:39 char=control bytes=26 label=value chunk=0 chunks=1 remaining=0
08-07 13:28:34.755  8720  8720 I SpectrePeripheral: event=notify_sent peer=xx:7A:39 status=success remaining=0
08-07 13:28:35.037  8720  8731 I SpectrePeripheral: event=char_read peer=xx:7A:39 char=control requestId=181 offset=0 valueBytes=26 responseBytes=26
08-07 13:28:35.191  8720  8720 I SpectrePeripheral: event=char_write peer=xx:7A:39 char=event_batch requestId=182 offset=0 chunkBytes=202 totalBytes=202 prepared=false responseNeeded=true
08-07 13:28:35.193  8720  8720 I SpectrePeripheral: event=event_batch_received peer=xx:7A:39 cipherBytes=202 plainBytes=180 recordsEstimate=18 sessionId=0 batchId=0 totalBatches=43
08-07 13:28:35.364  8720  8720 I SpectrePeripheral: event=update_value char=control bytes=4
08-07 13:28:35.364  8720  8720 I SpectrePeripheral: event=notify_requested char=control bytes=26 connected=1
08-07 13:28:35.366  8720  8747 I ReactNativeJS: [SpectreEnrich] batch events=18 matched=17 skipped=1 history=188 firstEvent=1783559379000 lastEvent=1785191153000 oldestHistory=1783461501000 newestHistory=1786126571866 nearestDriftMin=11483 nearestDriftMax=76100000 nearestFixFirst=1783637730869 nativeRecorder=1
08-07 13:28:35.367  8720  8720 I SpectrePeripheral: event=notify_queued peer=xx:7A:39 char=control bytes=26 label=value chunk=0 chunks=1 queued=1
08-07 13:28:35.367  8720  8720 I SpectrePeripheral: event=notify_send reason=enqueue peer=xx:7A:39 char=control bytes=26 label=value chunk=0 chunks=1 remaining=0
08-07 13:28:35.368  8720  8720 I SpectrePeripheral: event=secure_value_updated char=control channel=2 plainBytes=4 cipherBytes=26 notify=true
08-07 13:28:35.368  8720  8720 W SpectrePeripheral: event=enrichment_response_unframed records=18 pendingRecords=18 sessionId=0 batchId=0
08-07 13:28:35.369  8720  8720 I SpectrePeripheral: event=notify_chunked char=enrichment plainBytes=846 chunks=5 chunkPlainMax=200
08-07 13:28:35.369  8720  8720 I SpectrePeripheral: event=notify_chunk char=enrichment chunk=0 plainBytes=200 bytes=222
08-07 13:28:35.370  8720  8720 I SpectrePeripheral: event=notify_queued peer=xx:7A:39 char=enrichment bytes=222 label=chunked chunk=0 chunks=5 queued=1
08-07 13:28:35.370  8720  8720 I SpectrePeripheral: event=notify_chunk char=enrichment chunk=1 plainBytes=200 bytes=222
08-07 13:28:35.370  8720  8720 I SpectrePeripheral: event=notify_queued peer=xx:7A:39 char=enrichment bytes=222 label=chunked chunk=1 chunks=5 queued=2
08-07 13:28:35.370  8720  8720 I SpectrePeripheral: event=notify_chunk char=enrichment chunk=2 plainBytes=200 bytes=222
08-07 13:28:35.371  8720  8720 I SpectrePeripheral: event=notify_queued peer=xx:7A:39 char=enrichment bytes=222 label=chunked chunk=2 chunks=5 queued=3
08-07 13:28:35.371  8720  8720 I SpectrePeripheral: event=notify_chunk char=enrichment chunk=3 plainBytes=200 bytes=222
08-07 13:28:35.371  8720  8720 I SpectrePeripheral: event=notify_queued peer=xx:7A:39 char=enrichment bytes=222 label=chunked chunk=3 chunks=5 queued=4
08-07 13:28:35.371  8720  8720 I SpectrePeripheral: event=notify_chunk char=enrichment chunk=4 plainBytes=46 bytes=68
08-07 13:28:35.371  8720  8720 I SpectrePeripheral: event=notify_queued peer=xx:7A:39 char=enrichment bytes=68 label=chunked chunk=4 chunks=5 queued=5
08-07 13:28:35.372  8720  8720 I SpectrePeripheral: event=notify_sent peer=xx:7A:39 status=success remaining=5
08-07 13:28:35.372  8720  8720 I SpectrePeripheral: event=notify_send reason=sent peer=xx:7A:39 char=enrichment bytes=222 label=chunked chunk=0 chunks=5 remaining=4
08-07 13:28:35.373  8720  8720 I SpectrePeripheral: event=notify_sent peer=xx:7A:39 status=success remaining=4
08-07 13:28:35.450  8720  8720 I SpectrePeripheral: event=notify_send reason=sent_paced peer=xx:7A:39 char=enrichment bytes=222 label=chunked chunk=1 chunks=5 remaining=3
08-07 13:28:35.452  8720  8720 I SpectrePeripheral: event=notify_sent peer=xx:7A:39 status=success remaining=3
08-07 13:28:35.528  8720  8720 I SpectrePeripheral: event=notify_send reason=sent_paced peer=xx:7A:39 char=enrichment bytes=222 label=chunked chunk=2 chunks=5 remaining=2
08-07 13:28:35.530  8720  8720 I SpectrePeripheral: event=notify_sent peer=xx:7A:39 status=success remaining=2
08-07 13:28:35.606  8720  8720 I SpectrePeripheral: event=notify_send reason=sent_paced peer=xx:7A:39 char=enrichment bytes=222 label=chunked chunk=3 chunks=5 remaining=1
08-07 13:28:35.608  8720  8720 I SpectrePeripheral: event=notify_sent peer=xx:7A:39 status=success remaining=1
08-07 13:28:35.684  8720  8720 I SpectrePeripheral: event=notify_send reason=sent_paced peer=xx:7A:39 char=enrichment bytes=68 label=chunked chunk=4 chunks=5 remaining=0
08-07 13:28:35.687  8720  8720 I SpectrePeripheral: event=notify_sent peer=xx:7A:39 status=success remaining=0
08-07 13:28:36.222  8720  8720 I SpectrePeripheral: event=char_write peer=xx:7A:39 char=event_batch requestId=183 offset=0 chunkBytes=202 totalBytes=202 prepared=false responseNeeded=true
08-07 13:28:36.223  8720  8720 I SpectrePeripheral: event=event_batch_received peer=xx:7A:39 cipherBytes=202 plainBytes=180 recordsEstimate=18 sessionId=0 batchId=0 totalBatches=44
08-07 13:28:36.387  8720  8720 I SpectrePeripheral: event=update_value char=control bytes=4
08-07 13:28:36.387  8720  8720 I SpectrePeripheral: event=notify_requested char=control bytes=26 connected=1
08-07 13:28:36.388  8720  8720 I SpectrePeripheral: event=notify_queued peer=xx:7A:39 char=control bytes=26 label=value chunk=0 chunks=1 queued=1
08-07 13:28:36.389  8720  8720 I SpectrePeripheral: event=notify_send reason=enqueue peer=xx:7A:39 char=control bytes=26 label=value chunk=0 chunks=1 remaining=0
08-07 13:28:36.389  8720  8720 I SpectrePeripheral: event=secure_value_updated char=control channel=2 plainBytes=4 cipherBytes=26 notify=true
08-07 13:28:36.393  8720  8747 I ReactNativeJS: [SpectreEnrich] batch events=18 matched=9 skipped=9 history=188 firstEvent=1783125199000 lastEvent=1784650150000 oldestHistory=1783461501000 newestHistory=1786126571866 nearestDriftMin=483 nearestDriftMax=539702000 nearestFixFirst=1784067952699 nativeRecorder=1
08-07 13:28:36.399  8720  8720 I SpectrePeripheral: event=notify_sent peer=xx:7A:39 status=success remaining=0
08-07 13:28:36.399  8720  8720 W SpectrePeripheral: event=enrichment_response_unframed records=18 pendingRecords=18 sessionId=0 batchId=0
08-07 13:28:36.399  8720  8720 I SpectrePeripheral: event=notify_chunked char=enrichment plainBytes=846 chunks=5 chunkPlainMax=200
08-07 13:28:36.399  8720  8720 I SpectrePeripheral: event=notify_chunk char=enrichment chunk=0 plainBytes=200 bytes=222
08-07 13:28:36.399  8720  8720 I SpectrePeripheral: event=notify_queued peer=xx:7A:39 char=enrichment bytes=222 label=chunked chunk=0 chunks=5 queued=1
08-07 13:28:36.400  8720  8720 I SpectrePeripheral: event=notify_send reason=enqueue peer=xx:7A:39 char=enrichment bytes=222 label=chunked chunk=0 chunks=5 remaining=0
08-07 13:28:36.400  8720  8720 I SpectrePeripheral: event=notify_chunk char=enrichment chunk=1 plainBytes=200 bytes=222
08-07 13:28:36.400  8720  8720 I SpectrePeripheral: event=notify_queued peer=xx:7A:39 char=enrichment bytes=222 label=chunked chunk=1 chunks=5 queued=1
08-07 13:28:36.400  8720  8720 I SpectrePeripheral: event=notify_chunk char=enrichment chunk=2 plainBytes=200 bytes=222
08-07 13:28:36.400  8720  8720 I SpectrePeripheral: event=notify_queued peer=xx:7A:39 char=enrichment bytes=222 label=chunked chunk=2 chunks=5 queued=2
08-07 13:28:36.401  8720  8720 I SpectrePeripheral: event=notify_chunk char=enrichment chunk=3 plainBytes=200 bytes=222
08-07 13:28:36.401  8720  8720 I SpectrePeripheral: event=notify_queued peer=xx:7A:39 char=enrichment bytes=222 label=chunked chunk=3 chunks=5 queued=3
08-07 13:28:36.401  8720  8720 I SpectrePeripheral: event=notify_chunk char=enrichment chunk=4 plainBytes=46 bytes=68
08-07 13:28:36.401  8720  8720 I SpectrePeripheral: event=notify_queued peer=xx:7A:39 char=enrichment bytes=68 label=chunked chunk=4 chunks=5 queued=4
08-07 13:28:36.401  8720  8720 I SpectrePeripheral: event=notify_sent peer=xx:7A:39 status=success remaining=4
08-07 13:28:36.477  8720  8720 I SpectrePeripheral: event=notify_send reason=sent_paced peer=xx:7A:39 char=enrichment bytes=222 label=chunked chunk=1 chunks=5 remaining=3
08-07 13:28:36.479  8720  8720 I SpectrePeripheral: event=notify_sent peer=xx:7A:39 status=success remaining=3
08-07 13:28:36.556  8720  8720 I SpectrePeripheral: event=notify_send reason=sent_paced peer=xx:7A:39 char=enrichment bytes=222 label=chunked chunk=2 chunks=5 remaining=2
08-07 13:28:36.559  8720  8720 I SpectrePeripheral: event=notify_sent peer=xx:7A:39 status=success remaining=2
08-07 13:28:36.636  8720  8720 I SpectrePeripheral: event=notify_send reason=sent_paced peer=xx:7A:39 char=enrichment bytes=222 label=chunked chunk=3 chunks=5 remaining=1
08-07 13:28:36.638  8720  8720 I SpectrePeripheral: event=notify_sent peer=xx:7A:39 status=success remaining=1
08-07 13:28:36.715  8720  8720 I SpectrePeripheral: event=notify_send reason=sent_paced peer=xx:7A:39 char=enrichment bytes=68 label=chunked chunk=4 chunks=5 remaining=0
08-07 13:28:36.719  8720  8720 I SpectrePeripheral: event=notify_sent peer=xx:7A:39 status=success remaining=0
08-07 13:28:38.502  8720  8774 I SpectrePeripheral: event=char_read peer=xx:7A:39 char=gps requestId=184 offset=0 valueBytes=42 responseBytes=42
08-07 13:28:38.545  8720  8774 I SpectrePeripheral: event=char_read peer=xx:7A:39 char=control requestId=185 offset=0 valueBytes=26 responseBytes=26
08-07 13:28:38.637  8720  8720 I SpectrePeripheral: event=char_write peer=xx:7A:39 char=event_batch requestId=186 offset=0 chunkBytes=202 totalBytes=202 prepared=false responseNeeded=true
08-07 13:28:38.639  8720  8720 I SpectrePeripheral: event=event_batch_received peer=xx:7A:39 cipherBytes=202 plainBytes=180 recordsEstimate=18 sessionId=0 batchId=0 totalBatches=45
08-07 13:28:38.809  8720  8747 I ReactNativeJS: [SpectreEnrich] batch events=18 matched=13 skipped=5 history=188 firstEvent=1783088953000 lastEvent=1784068112000 oldestHistory=1783461501000 newestHistory=1786126571866 nearestDriftMin=6962 nearestDriftMax=372548000 nearestFixFirst=1783461501000 nativeRecorder=1
08-07 13:28:38.811  8720  8720 I SpectrePeripheral: event=update_value char=control bytes=4
08-07 13:28:38.811  8720  8720 I SpectrePeripheral: event=notify_requested char=control bytes=26 connected=1
08-07 13:28:38.812  8720  8720 I SpectrePeripheral: event=notify_queued peer=xx:7A:39 char=control bytes=26 label=value chunk=0 chunks=1 queued=1
08-07 13:28:38.813  8720  8720 I SpectrePeripheral: event=notify_send reason=enqueue peer=xx:7A:39 char=control bytes=26 label=value chunk=0 chunks=1 remaining=0
08-07 13:28:38.814  8720  8720 I SpectrePeripheral: event=secure_value_updated char=control channel=2 plainBytes=4 cipherBytes=26 notify=true
08-07 13:28:38.814  8720  8720 W SpectrePeripheral: event=enrichment_response_unframed records=18 pendingRecords=18 sessionId=0 batchId=0
08-07 13:28:38.814  8720  8720 I SpectrePeripheral: event=notify_chunked char=enrichment plainBytes=846 chunks=5 chunkPlainMax=200
08-07 13:28:38.814  8720  8720 I SpectrePeripheral: event=notify_chunk char=enrichment chunk=0 plainBytes=200 bytes=222
08-07 13:28:38.814  8720  8720 I SpectrePeripheral: event=notify_queued peer=xx:7A:39 char=enrichment bytes=222 label=chunked chunk=0 chunks=5 queued=1
08-07 13:28:38.815  8720  8720 I SpectrePeripheral: event=notify_chunk char=enrichment chunk=1 plainBytes=200 bytes=222
08-07 13:28:38.815  8720  8720 I SpectrePeripheral: event=notify_queued peer=xx:7A:39 char=enrichment bytes=222 label=chunked chunk=1 chunks=5 queued=2
08-07 13:28:38.815  8720  8720 I SpectrePeripheral: event=notify_chunk char=enrichment chunk=2 plainBytes=200 bytes=222
08-07 13:28:38.815  8720  8720 I SpectrePeripheral: event=notify_queued peer=xx:7A:39 char=enrichment bytes=222 label=chunked chunk=2 chunks=5 queued=3
08-07 13:28:38.815  8720  8720 I SpectrePeripheral: event=notify_chunk char=enrichment chunk=3 plainBytes=200 bytes=222
08-07 13:28:38.815  8720  8720 I SpectrePeripheral: event=notify_queued peer=xx:7A:39 char=enrichment bytes=222 label=chunked chunk=3 chunks=5 queued=4
08-07 13:28:38.815  8720  8720 I SpectrePeripheral: event=notify_chunk char=enrichment chunk=4 plainBytes=46 bytes=68
08-07 13:28:38.816  8720  8720 I SpectrePeripheral: event=notify_queued peer=xx:7A:39 char=enrichment bytes=68 label=chunked chunk=4 chunks=5 queued=5
08-07 13:28:38.816  8720  8720 I SpectrePeripheral: event=notify_sent peer=xx:7A:39 status=success remaining=5
08-07 13:28:38.816  8720  8720 I SpectrePeripheral: event=notify_send reason=sent peer=xx:7A:39 char=enrichment bytes=222 label=chunked chunk=0 chunks=5 remaining=4
08-07 13:28:38.818  8720  8720 I SpectrePeripheral: event=notify_sent peer=xx:7A:39 status=success remaining=4
08-07 13:28:38.894  8720  8720 I SpectrePeripheral: event=notify_send reason=sent_paced peer=xx:7A:39 char=enrichment bytes=222 label=chunked chunk=1 chunks=5 remaining=3
08-07 13:28:38.897  8720  8720 I SpectrePeripheral: event=notify_sent peer=xx:7A:39 status=success remaining=3
08-07 13:28:38.974  8720  8720 I SpectrePeripheral: event=notify_send reason=sent_paced peer=xx:7A:39 char=enrichment bytes=222 label=chunked chunk=2 chunks=5 remaining=2
08-07 13:28:38.976  8720  8720 I SpectrePeripheral: event=notify_sent peer=xx:7A:39 status=success remaining=2
08-07 13:28:39.052  8720  8720 I SpectrePeripheral: event=notify_send reason=sent_paced peer=xx:7A:39 char=enrichment bytes=222 label=chunked chunk=3 chunks=5 remaining=1
08-07 13:28:39.055  8720  8720 I SpectrePeripheral: event=notify_sent peer=xx:7A:39 status=success remaining=1
08-07 13:28:39.131  8720  8720 I SpectrePeripheral: event=notify_send reason=sent_paced peer=xx:7A:39 char=enrichment bytes=68 label=chunked chunk=4 chunks=5 remaining=0
08-07 13:28:39.134  8720  8720 I SpectrePeripheral: event=notify_sent peer=xx:7A:39 status=success remaining=0
08-07 13:28:39.853  8720  8720 I SpectrePeripheral: event=char_write peer=xx:7A:39 char=event_batch requestId=187 offset=0 chunkBytes=202 totalBytes=202 prepared=false responseNeeded=true
08-07 13:28:39.854  8720  8720 I SpectrePeripheral: event=event_batch_received peer=xx:7A:39 cipherBytes=202 plainBytes=180 recordsEstimate=18 sessionId=0 batchId=0 totalBatches=46
08-07 13:28:40.025  8720  8720 I SpectrePeripheral: event=update_value char=control bytes=4
08-07 13:28:40.026  8720  8720 I SpectrePeripheral: event=notify_requested char=control bytes=26 connected=1
08-07 13:28:40.027  8720  8720 I SpectrePeripheral: event=notify_queued peer=xx:7A:39 char=control bytes=26 label=value chunk=0 chunks=1 queued=1
08-07 13:28:40.028  8720  8720 I SpectrePeripheral: event=notify_send reason=enqueue peer=xx:7A:39 char=control bytes=26 label=value chunk=0 chunks=1 remaining=0
08-07 13:28:40.029  8720  8720 I SpectrePeripheral: event=secure_value_updated char=control channel=2 plainBytes=4 cipherBytes=26 notify=true
08-07 13:28:40.030  8720  8747 I ReactNativeJS: [SpectreEnrich] batch events=18 matched=13 skipped=5 history=188 firstEvent=1783088983000 lastEvent=1785191261000 oldestHistory=1783461501000 newestHistory=1786126571866 nearestDriftMin=14038 nearestDriftMax=372518000 nearestFixFirst=1783635479000 nativeRecorder=1
08-07 13:28:40.030  8720  8720 I SpectrePeripheral: event=notify_sent peer=xx:7A:39 status=success remaining=0
08-07 13:28:40.031  8720  8720 W SpectrePeripheral: event=enrichment_response_unframed records=18 pendingRecords=18 sessionId=0 batchId=0
08-07 13:28:40.031  8720  8720 I SpectrePeripheral: event=notify_chunked char=enrichment plainBytes=846 chunks=5 chunkPlainMax=200
08-07 13:28:40.031  8720  8720 I SpectrePeripheral: event=notify_chunk char=enrichment chunk=0 plainBytes=200 bytes=222
08-07 13:28:40.031  8720  8720 I SpectrePeripheral: event=notify_queued peer=xx:7A:39 char=enrichment bytes=222 label=chunked chunk=0 chunks=5 queued=1
08-07 13:28:40.032  8720  8720 I SpectrePeripheral: event=notify_send reason=enqueue peer=xx:7A:39 char=enrichment bytes=222 label=chunked chunk=0 chunks=5 remaining=0
08-07 13:28:40.032  8720  8720 I SpectrePeripheral: event=notify_chunk char=enrichment chunk=1 plainBytes=200 bytes=222
08-07 13:28:40.032  8720  8720 I SpectrePeripheral: event=notify_queued peer=xx:7A:39 char=enrichment bytes=222 label=chunked chunk=1 chunks=5 queued=1
08-07 13:28:40.032  8720  8720 I SpectrePeripheral: event=notify_chunk char=enrichment chunk=2 plainBytes=200 bytes=222
08-07 13:28:40.033  8720  8720 I SpectrePeripheral: event=notify_queued peer=xx:7A:39 char=enrichment bytes=222 label=chunked chunk=2 chunks=5 queued=2
08-07 13:28:40.033  8720  8720 I SpectrePeripheral: event=notify_chunk char=enrichment chunk=3 plainBytes=200 bytes=222
08-07 13:28:40.034  8720  8720 I SpectrePeripheral: event=notify_queued peer=xx:7A:39 char=enrichment bytes=222 label=chunked chunk=3 chunks=5 queued=3
08-07 13:28:40.034  8720  8720 I SpectrePeripheral: event=notify_chunk char=enrichment chunk=4 plainBytes=46 bytes=68
08-07 13:28:40.034  8720  8720 I SpectrePeripheral: event=notify_queued peer=xx:7A:39 char=enrichment bytes=68 label=chunked chunk=4 chunks=5 queued=4
08-07 13:28:40.035  8720  8720 I SpectrePeripheral: event=notify_sent peer=xx:7A:39 status=success remaining=4
08-07 13:28:40.111  8720  8720 I SpectrePeripheral: event=notify_send reason=sent_paced peer=xx:7A:39 char=enrichment bytes=222 label=chunked chunk=1 chunks=5 remaining=3
08-07 13:28:40.114  8720  8720 I SpectrePeripheral: event=notify_sent peer=xx:7A:39 status=success remaining=3
08-07 13:28:40.190  8720  8720 I SpectrePeripheral: event=notify_send reason=sent_paced peer=xx:7A:39 char=enrichment bytes=222 label=chunked chunk=2 chunks=5 remaining=2
08-07 13:28:40.193  8720  8720 I SpectrePeripheral: event=notify_sent peer=xx:7A:39 status=success remaining=2
08-07 13:28:40.270  8720  8720 I SpectrePeripheral: event=notify_send reason=sent_paced peer=xx:7A:39 char=enrichment bytes=222 label=chunked chunk=3 chunks=5 remaining=1
08-07 13:28:40.273  8720  8720 I SpectrePeripheral: event=notify_sent peer=xx:7A:39 status=success remaining=1
08-07 13:28:40.349  8720  8720 I SpectrePeripheral: event=notify_send reason=sent_paced peer=xx:7A:39 char=enrichment bytes=68 label=chunked chunk=4 chunks=5 remaining=0
08-07 13:28:40.351  8720  8720 I SpectrePeripheral: event=notify_sent peer=xx:7A:39 status=success remaining=0
08-07 13:28:40.681  8720  8762 I SpectrePeripheral: event=char_read peer=xx:7A:39 char=control requestId=188 offset=0 valueBytes=26 responseBytes=26
08-07 13:28:40.830  8720  8720 I SpectrePeripheral: event=char_write peer=xx:7A:39 char=event_batch requestId=189 offset=0 chunkBytes=202 totalBytes=202 prepared=false responseNeeded=true
08-07 13:28:40.832  8720  8720 I SpectrePeripheral: event=event_batch_received peer=xx:7A:39 cipherBytes=202 plainBytes=180 recordsEstimate=18 sessionId=0 batchId=0 totalBatches=47
08-07 13:28:41.007  8720  8720 I SpectrePeripheral: event=update_value char=control bytes=4
08-07 13:28:41.007  8720  8720 I SpectrePeripheral: event=notify_requested char=control bytes=26 connected=1
08-07 13:28:41.007  8720  8747 I ReactNativeJS: [SpectreEnrich] batch events=18 matched=10 skipped=8 history=188 firstEvent=1783089016000 lastEvent=1786014933000 oldestHistory=1783461501000 newestHistory=1786126571866 nearestDriftMin=911 nearestDriftMax=372485000 nearestFixFirst=1784068186938 nativeRecorder=1
08-07 13:28:41.008  8720  8720 I SpectrePeripheral: event=notify_queued peer=xx:7A:39 char=control bytes=26 label=value chunk=0 chunks=1 queued=1
08-07 13:28:41.008  8720  8720 I SpectrePeripheral: event=notify_send reason=enqueue peer=xx:7A:39 char=control bytes=26 label=value chunk=0 chunks=1 remaining=0
08-07 13:28:41.008  8720  8720 I SpectrePeripheral: event=secure_value_updated char=control channel=2 plainBytes=4 cipherBytes=26 notify=true
08-07 13:28:41.008  8720  8720 W SpectrePeripheral: event=enrichment_response_unframed records=18 pendingRecords=18 sessionId=0 batchId=0
08-07 13:28:41.008  8720  8720 I SpectrePeripheral: event=notify_chunked char=enrichment plainBytes=846 chunks=5 chunkPlainMax=200
08-07 13:28:41.009  8720  8720 I SpectrePeripheral: event=notify_chunk char=enrichment chunk=0 plainBytes=200 bytes=222
08-07 13:28:41.009  8720  8720 I SpectrePeripheral: event=notify_queued peer=xx:7A:39 char=enrichment bytes=222 label=chunked chunk=0 chunks=5 queued=1
08-07 13:28:41.009  8720  8720 I SpectrePeripheral: event=notify_chunk char=enrichment chunk=1 plainBytes=200 bytes=222
08-07 13:28:41.009  8720  8720 I SpectrePeripheral: event=notify_queued peer=xx:7A:39 char=enrichment bytes=222 label=chunked chunk=1 chunks=5 queued=2
08-07 13:28:41.009  8720  8720 I SpectrePeripheral: event=notify_chunk char=enrichment chunk=2 plainBytes=200 bytes=222
08-07 13:28:41.009  8720  8720 I SpectrePeripheral: event=notify_queued peer=xx:7A:39 char=enrichment bytes=222 label=chunked chunk=2 chunks=5 queued=3
08-07 13:28:41.009  8720  8720 I SpectrePeripheral: event=notify_chunk char=enrichment chunk=3 plainBytes=200 bytes=222
08-07 13:28:41.010  8720  8720 I SpectrePeripheral: event=notify_queued peer=xx:7A:39 char=enrichment bytes=222 label=chunked chunk=3 chunks=5 queued=4
08-07 13:28:41.010  8720  8720 I SpectrePeripheral: event=notify_chunk char=enrichment chunk=4 plainBytes=46 bytes=68
08-07 13:28:41.010  8720  8720 I SpectrePeripheral: event=notify_queued peer=xx:7A:39 char=enrichment bytes=68 label=chunked chunk=4 chunks=5 queued=5
08-07 13:28:41.010  8720  8720 I SpectrePeripheral: event=notify_sent peer=xx:7A:39 status=success remaining=5
08-07 13:28:41.010  8720  8720 I SpectrePeripheral: event=notify_send reason=sent peer=xx:7A:39 char=enrichment bytes=222 label=chunked chunk=0 chunks=5 remaining=4
08-07 13:28:41.011  8720  8720 I SpectrePeripheral: event=notify_sent peer=xx:7A:39 status=success remaining=4
08-07 13:28:41.087  8720  8720 I SpectrePeripheral: event=notify_send reason=sent_paced peer=xx:7A:39 char=enrichment bytes=222 label=chunked chunk=1 chunks=5 remaining=3
08-07 13:28:41.090  8720  8720 I SpectrePeripheral: event=notify_sent peer=xx:7A:39 status=success remaining=3
08-07 13:28:41.166  8720  8720 I SpectrePeripheral: event=notify_send reason=sent_paced peer=xx:7A:39 char=enrichment bytes=222 label=chunked chunk=2 chunks=5 remaining=2
08-07 13:28:41.168  8720  8720 I SpectrePeripheral: event=notify_sent peer=xx:7A:39 status=success remaining=2
08-07 13:28:41.245  8720  8720 I SpectrePeripheral: event=notify_send reason=sent_paced peer=xx:7A:39 char=enrichment bytes=222 label=chunked chunk=3 chunks=5 remaining=1
08-07 13:28:41.248  8720  8720 I SpectrePeripheral: event=notify_sent peer=xx:7A:39 status=success remaining=1
08-07 13:28:41.324  8720  8720 I SpectrePeripheral: event=notify_send reason=sent_paced peer=xx:7A:39 char=enrichment bytes=68 label=chunked chunk=4 chunks=5 remaining=0
08-07 13:28:41.327  8720  8720 I SpectrePeripheral: event=notify_sent peer=xx:7A:39 status=success remaining=0
08-07 13:28:41.865  8720  8720 I SpectrePeripheral: event=char_write peer=xx:7A:39 char=event_batch requestId=190 offset=0 chunkBytes=202 totalBytes=202 prepared=false responseNeeded=true
08-07 13:28:41.867  8720  8720 I SpectrePeripheral: event=event_batch_received peer=xx:7A:39 cipherBytes=202 plainBytes=180 recordsEstimate=18 sessionId=0 batchId=0 totalBatches=48
08-07 13:28:42.038  8720  8747 I ReactNativeJS: [SpectreEnrich] batch events=18 matched=12 skipped=6 history=188 firstEvent=1783463239000 lastEvent=1784068216000 oldestHistory=1783461501000 newestHistory=1786126571866 nearestDriftMin=10997 nearestDriftMax=75920000 nearestFixFirst=1783635479000 nativeRecorder=1
08-07 13:28:42.040  8720  8720 W SpectrePeripheral: event=enrichment_response_unframed records=18 pendingRecords=18 sessionId=0 batchId=0
08-07 13:28:42.040  8720  8720 I SpectrePeripheral: event=notify_chunked char=enrichment plainBytes=846 chunks=5 chunkPlainMax=200
08-07 13:28:42.040  8720  8720 I SpectrePeripheral: event=notify_chunk char=enrichment chunk=0 plainBytes=200 bytes=222
08-07 13:28:42.041  8720  8720 I SpectrePeripheral: event=notify_queued peer=xx:7A:39 char=enrichment bytes=222 label=chunked chunk=0 chunks=5 queued=1
08-07 13:28:42.042  8720  8720 I SpectrePeripheral: event=notify_send reason=enqueue peer=xx:7A:39 char=enrichment bytes=222 label=chunked chunk=0 chunks=5 remaining=0
08-07 13:28:42.043  8720  8720 I SpectrePeripheral: event=notify_chunk char=enrichment chunk=1 plainBytes=200 bytes=222
08-07 13:28:42.043  8720  8720 I SpectrePeripheral: event=notify_queued peer=xx:7A:39 char=enrichment bytes=222 label=chunked chunk=1 chunks=5 queued=1
08-07 13:28:42.043  8720  8720 I SpectrePeripheral: event=notify_chunk char=enrichment chunk=2 plainBytes=200 bytes=222
08-07 13:28:42.044  8720  8720 I SpectrePeripheral: event=notify_queued peer=xx:7A:39 char=enrichment bytes=222 label=chunked chunk=2 chunks=5 queued=2
08-07 13:28:42.044  8720  8720 I SpectrePeripheral: event=notify_chunk char=enrichment chunk=3 plainBytes=200 bytes=222
08-07 13:28:42.044  8720  8720 I SpectrePeripheral: event=notify_queued peer=xx:7A:39 char=enrichment bytes=222 label=chunked chunk=3 chunks=5 queued=3
08-07 13:28:42.044  8720  8720 I SpectrePeripheral: event=notify_chunk char=enrichment chunk=4 plainBytes=46 bytes=68
08-07 13:28:42.045  8720  8720 I SpectrePeripheral: event=notify_queued peer=xx:7A:39 char=enrichment bytes=68 label=chunked chunk=4 chunks=5 queued=4
08-07 13:28:42.045  8720  8720 I SpectrePeripheral: event=update_value char=control bytes=4
08-07 13:28:42.045  8720  8720 I SpectrePeripheral: event=notify_requested char=control bytes=26 connected=1
08-07 13:28:42.045  8720  8720 I SpectrePeripheral: event=notify_queued peer=xx:7A:39 char=control bytes=26 label=value chunk=0 chunks=1 queued=5
08-07 13:28:42.045  8720  8720 I SpectrePeripheral: event=secure_value_updated char=control channel=2 plainBytes=4 cipherBytes=26 notify=true
08-07 13:28:42.046  8720  8720 I SpectrePeripheral: event=notify_sent peer=xx:7A:39 status=success remaining=5
08-07 13:28:42.121  8720  8720 I SpectrePeripheral: event=notify_send reason=sent_paced peer=xx:7A:39 char=enrichment bytes=222 label=chunked chunk=1 chunks=5 remaining=4
08-07 13:28:42.123  8720  8720 I SpectrePeripheral: event=notify_sent peer=xx:7A:39 status=success remaining=4
08-07 13:28:42.199  8720  8720 I SpectrePeripheral: event=notify_send reason=sent_paced peer=xx:7A:39 char=enrichment bytes=222 label=chunked chunk=2 chunks=5 remaining=3
08-07 13:28:42.201  8720  8720 I SpectrePeripheral: event=notify_sent peer=xx:7A:39 status=success remaining=3
08-07 13:28:42.278  8720  8720 I SpectrePeripheral: event=notify_send reason=sent_paced peer=xx:7A:39 char=enrichment bytes=222 label=chunked chunk=3 chunks=5 remaining=2
08-07 13:28:42.280  8720  8720 I SpectrePeripheral: event=notify_sent peer=xx:7A:39 status=success remaining=2
08-07 13:28:42.357  8720  8720 I SpectrePeripheral: event=notify_send reason=sent_paced peer=xx:7A:39 char=enrichment bytes=68 label=chunked chunk=4 chunks=5 remaining=1
08-07 13:28:42.359  8720  8720 I SpectrePeripheral: event=notify_sent peer=xx:7A:39 status=success remaining=1
08-07 13:28:42.436  8720  8720 I SpectrePeripheral: event=notify_send reason=sent_paced peer=xx:7A:39 char=control bytes=26 label=value chunk=0 chunks=1 remaining=0
08-07 13:28:42.439  8720  8720 I SpectrePeripheral: event=notify_sent peer=xx:7A:39 status=success remaining=0
08-07 13:28:42.690  8720  8762 I SpectrePeripheral: event=char_read peer=xx:7A:39 char=control requestId=191 offset=0 valueBytes=26 responseBytes=26
08-07 13:28:42.748  8720  8720 I SpectrePeripheral: event=char_write peer=xx:7A:39 char=storage requestId=192 offset=0 chunkBytes=90 totalBytes=90 prepared=false responseNeeded=true
08-07 13:28:42.750  8720  8720 I SpectrePeripheral: event=storage_snapshot_received peer=xx:7A:39 cipherBytes=90 plainBytes=68
08-07 13:28:42.838  8720  8720 I SpectrePeripheral: event=char_write peer=xx:7A:39 char=event_batch requestId=193 offset=0 chunkBytes=202 totalBytes=202 prepared=false responseNeeded=true
08-07 13:28:42.839  8720  8720 I SpectrePeripheral: event=event_batch_received peer=xx:7A:39 cipherBytes=202 plainBytes=180 recordsEstimate=18 sessionId=0 batchId=0 totalBatches=49
08-07 13:28:43.013  8720  8720 I SpectrePeripheral: event=update_value char=control bytes=4
08-07 13:28:43.013  8720  8720 I SpectrePeripheral: event=notify_requested char=control bytes=26 connected=1
08-07 13:28:43.014  8720  8720 I SpectrePeripheral: event=notify_queued peer=xx:7A:39 char=control bytes=26 label=value chunk=0 chunks=1 queued=1
08-07 13:28:43.015  8720  8747 I ReactNativeJS: [SpectreEnrich] batch events=18 matched=8 skipped=10 history=188 firstEvent=1783089096000 lastEvent=1786014976000 oldestHistory=1783461501000 newestHistory=1786126571866 nearestDriftMin=997 nearestDriftMax=372405000 nearestFixFirst=1785191521805 nativeRecorder=1
08-07 13:28:43.015  8720  8720 I SpectrePeripheral: event=notify_send reason=enqueue peer=xx:7A:39 char=control bytes=26 label=value chunk=0 chunks=1 remaining=0
08-07 13:28:43.016  8720  8720 I SpectrePeripheral: event=secure_value_updated char=control channel=2 plainBytes=4 cipherBytes=26 notify=true
08-07 13:28:43.017  8720  8720 W SpectrePeripheral: event=enrichment_response_unframed records=18 pendingRecords=18 sessionId=0 batchId=0
08-07 13:28:43.017  8720  8720 I SpectrePeripheral: event=notify_chunked char=enrichment plainBytes=846 chunks=5 chunkPlainMax=200
08-07 13:28:43.018  8720  8720 I SpectrePeripheral: event=notify_chunk char=enrichment chunk=0 plainBytes=200 bytes=222
08-07 13:28:43.019  8720  8720 I SpectrePeripheral: event=notify_queued peer=xx:7A:39 char=enrichment bytes=222 label=chunked chunk=0 chunks=5 queued=1
08-07 13:28:43.019  8720  8720 I SpectrePeripheral: event=notify_chunk char=enrichment chunk=1 plainBytes=200 bytes=222
08-07 13:28:43.020  8720  8720 I SpectrePeripheral: event=notify_queued peer=xx:7A:39 char=enrichment bytes=222 label=chunked chunk=1 chunks=5 queued=2
08-07 13:28:43.020  8720  8720 I SpectrePeripheral: event=notify_chunk char=enrichment chunk=2 plainBytes=200 bytes=222
08-07 13:28:43.023  8720  8720 I SpectrePeripheral: event=notify_queued peer=xx:7A:39 char=enrichment bytes=222 label=chunked chunk=2 chunks=5 queued=3
08-07 13:28:43.023  8720  8720 I SpectrePeripheral: event=notify_chunk char=enrichment chunk=3 plainBytes=200 bytes=222
08-07 13:28:43.023  8720  8720 I SpectrePeripheral: event=notify_queued peer=xx:7A:39 char=enrichment bytes=222 label=chunked chunk=3 chunks=5 queued=4
08-07 13:28:43.023  8720  8720 I SpectrePeripheral: event=notify_chunk char=enrichment chunk=4 plainBytes=46 bytes=68
08-07 13:28:43.023  8720  8720 I SpectrePeripheral: event=notify_queued peer=xx:7A:39 char=enrichment bytes=68 label=chunked chunk=4 chunks=5 queued=5
08-07 13:28:43.024  8720  8720 I SpectrePeripheral: event=notify_sent peer=xx:7A:39 status=success remaining=5
08-07 13:28:43.024  8720  8720 I SpectrePeripheral: event=notify_send reason=sent peer=xx:7A:39 char=enrichment bytes=222 label=chunked chunk=0 chunks=5 remaining=4
08-07 13:28:43.025  8720  8720 I SpectrePeripheral: event=notify_sent peer=xx:7A:39 status=success remaining=4
08-07 13:28:43.101  8720  8720 I SpectrePeripheral: event=notify_send reason=sent_paced peer=xx:7A:39 char=enrichment bytes=222 label=chunked chunk=1 chunks=5 remaining=3
08-07 13:28:43.104  8720  8720 I SpectrePeripheral: event=notify_sent peer=xx:7A:39 status=success remaining=3
08-07 13:28:43.180  8720  8720 I SpectrePeripheral: event=notify_send reason=sent_paced peer=xx:7A:39 char=enrichment bytes=222 label=chunked chunk=2 chunks=5 remaining=2
08-07 13:28:43.183  8720  8720 I SpectrePeripheral: event=notify_sent peer=xx:7A:39 status=success remaining=2
08-07 13:28:43.258  8720  8720 I SpectrePeripheral: event=notify_send reason=sent_paced peer=xx:7A:39 char=enrichment bytes=222 label=chunked chunk=3 chunks=5 remaining=1
08-07 13:28:43.261  8720  8720 I SpectrePeripheral: event=notify_sent peer=xx:7A:39 status=success remaining=1
08-07 13:28:43.337  8720  8720 I SpectrePeripheral: event=notify_send reason=sent_paced peer=xx:7A:39 char=enrichment bytes=68 label=chunked chunk=4 chunks=5 remaining=0
08-07 13:28:43.342  8720  8720 I SpectrePeripheral: event=notify_sent peer=xx:7A:39 status=success remaining=0
08-07 13:28:43.706  8720  8731 I SpectrePeripheral: event=char_read peer=xx:7A:39 char=gps requestId=194 offset=0 valueBytes=42 responseBytes=42
08-07 13:28:43.858  8720  8720 I SpectrePeripheral: event=char_write peer=xx:7A:39 char=event_batch requestId=195 offset=0 chunkBytes=202 totalBytes=202 prepared=false responseNeeded=true
08-07 13:28:43.860  8720  8720 I SpectrePeripheral: event=event_batch_received peer=xx:7A:39 cipherBytes=202 plainBytes=180 recordsEstimate=18 sessionId=0 batchId=0 totalBatches=50
08-07 13:28:44.036  8720  8720 I SpectrePeripheral: event=update_value char=control bytes=4
08-07 13:28:44.037  8720  8720 I SpectrePeripheral: event=notify_requested char=control bytes=26 connected=1
08-07 13:28:44.038  8720  8720 I SpectrePeripheral: event=notify_queued peer=xx:7A:39 char=control bytes=26 label=value chunk=0 chunks=1 queued=1
08-07 13:28:44.039  8720  8747 I ReactNativeJS: [SpectreEnrich] batch events=18 matched=12 skipped=6 history=188 firstEvent=1783051166000 lastEvent=1784650383000 oldestHistory=1783461501000 newestHistory=1786126571866 nearestDriftMin=16938 nearestDriftMax=539469000 nearestFixFirst=1783637984997 nativeRecorder=1
08-07 13:28:44.039  8720  8720 I SpectrePeripheral: event=notify_send reason=enqueue peer=xx:7A:39 char=control bytes=26 label=value chunk=0 chunks=1 remaining=0
08-07 13:28:44.040  8720  8720 I SpectrePeripheral: event=secure_value_updated char=control channel=2 plainBytes=4 cipherBytes=26 notify=true
08-07 13:28:44.041  8720  8720 W SpectrePeripheral: event=enrichment_response_unframed records=18 pendingRecords=18 sessionId=0 batchId=0
08-07 13:28:44.041  8720  8720 I SpectrePeripheral: event=notify_chunked char=enrichment plainBytes=846 chunks=5 chunkPlainMax=200
08-07 13:28:44.041  8720  8720 I SpectrePeripheral: event=notify_chunk char=enrichment chunk=0 plainBytes=200 bytes=222
08-07 13:28:44.042  8720  8720 I SpectrePeripheral: event=notify_queued peer=xx:7A:39 char=enrichment bytes=222 label=chunked chunk=0 chunks=5 queued=1
08-07 13:28:44.042  8720  8720 I SpectrePeripheral: event=notify_chunk char=enrichment chunk=1 plainBytes=200 bytes=222
08-07 13:28:44.042  8720  8720 I SpectrePeripheral: event=notify_queued peer=xx:7A:39 char=enrichment bytes=222 label=chunked chunk=1 chunks=5 queued=2
08-07 13:28:44.042  8720  8720 I SpectrePeripheral: event=notify_chunk char=enrichment chunk=2 plainBytes=200 bytes=222
08-07 13:28:44.043  8720  8720 I SpectrePeripheral: event=notify_queued peer=xx:7A:39 char=enrichment bytes=222 label=chunked chunk=2 chunks=5 queued=3
08-07 13:28:44.043  8720  8720 I SpectrePeripheral: event=notify_chunk char=enrichment chunk=3 plainBytes=200 bytes=222
08-07 13:28:44.044  8720  8720 I SpectrePeripheral: event=notify_queued peer=xx:7A:39 char=enrichment bytes=222 label=chunked chunk=3 chunks=5 queued=4
08-07 13:28:44.044  8720  8720 I SpectrePeripheral: event=notify_chunk char=enrichment chunk=4 plainBytes=46 bytes=68
08-07 13:28:44.044  8720  8720 I SpectrePeripheral: event=notify_queued peer=xx:7A:39 char=enrichment bytes=68 label=chunked chunk=4 chunks=5 queued=5
08-07 13:28:44.044  8720  8720 I SpectrePeripheral: event=notify_sent peer=xx:7A:39 status=success remaining=5
08-07 13:28:44.045  8720  8720 I SpectrePeripheral: event=notify_send reason=sent peer=xx:7A:39 char=enrichment bytes=222 label=chunked chunk=0 chunks=5 remaining=4
08-07 13:28:44.047  8720  8720 I SpectrePeripheral: event=notify_sent peer=xx:7A:39 status=success remaining=4
08-07 13:28:44.124  8720  8720 I SpectrePeripheral: event=notify_send reason=sent_paced peer=xx:7A:39 char=enrichment bytes=222 label=chunked chunk=1 chunks=5 remaining=3
08-07 13:28:44.126  8720  8720 I SpectrePeripheral: event=notify_sent peer=xx:7A:39 status=success remaining=3
08-07 13:28:44.203  8720  8720 I SpectrePeripheral: event=notify_send reason=sent_paced peer=xx:7A:39 char=enrichment bytes=222 label=chunked chunk=2 chunks=5 remaining=2
08-07 13:28:44.204  8720  8720 I SpectrePeripheral: event=notify_sent peer=xx:7A:39 status=success remaining=2
08-07 13:28:44.280  8720  8720 I SpectrePeripheral: event=notify_send reason=sent_paced peer=xx:7A:39 char=enrichment bytes=222 label=chunked chunk=3 chunks=5 remaining=1
08-07 13:28:44.283  8720  8720 I SpectrePeripheral: event=notify_sent peer=xx:7A:39 status=success remaining=1
08-07 13:28:44.360  8720  8720 I SpectrePeripheral: event=notify_send reason=sent_paced peer=xx:7A:39 char=enrichment bytes=68 label=chunked chunk=4 chunks=5 remaining=0
08-07 13:28:44.362  8720  8720 I SpectrePeripheral: event=notify_sent peer=xx:7A:39 status=success remaining=0
08-07 13:28:44.733  8720  8731 I SpectrePeripheral: event=char_read peer=xx:7A:39 char=control requestId=196 offset=0 valueBytes=26 responseBytes=26
08-07 13:28:44.885  8720  8720 I SpectrePeripheral: event=char_write peer=xx:7A:39 char=event_batch requestId=197 offset=0 chunkBytes=202 totalBytes=202 prepared=false responseNeeded=true
08-07 13:28:44.886  8720  8720 I SpectrePeripheral: event=event_batch_received peer=xx:7A:39 cipherBytes=202 plainBytes=180 recordsEstimate=18 sessionId=0 batchId=0 totalBatches=51
08-07 13:28:45.059  8720  8747 I ReactNativeJS: [SpectreEnrich] batch events=18 matched=11 skipped=7 history=188 firstEvent=1783089210000 lastEvent=1785191425000 oldestHistory=1783461501000 newestHistory=1786126571866 nearestDriftMin=4062 nearestDriftMax=372291000 nearestFixFirst=1784068314938 nativeRecorder=1
08-07 13:28:45.060  8720  8720 I SpectrePeripheral: event=update_value char=control bytes=4
08-07 13:28:45.060  8720  8720 I SpectrePeripheral: event=notify_requested char=control bytes=26 connected=1
08-07 13:28:45.061  8720  8720 I SpectrePeripheral: event=notify_queued peer=xx:7A:39 char=control bytes=26 label=value chunk=0 chunks=1 queued=1
08-07 13:28:45.061  8720  8720 I SpectrePeripheral: event=notify_send reason=enqueue peer=xx:7A:39 char=control bytes=26 label=value chunk=0 chunks=1 remaining=0
08-07 13:28:45.062  8720  8720 I SpectrePeripheral: event=secure_value_updated char=control channel=2 plainBytes=4 cipherBytes=26 notify=true
08-07 13:28:45.062  8720  8720 W SpectrePeripheral: event=enrichment_response_unframed records=18 pendingRecords=18 sessionId=0 batchId=0
08-07 13:28:45.062  8720  8720 I SpectrePeripheral: event=notify_chunked char=enrichment plainBytes=846 chunks=5 chunkPlainMax=200
08-07 13:28:45.062  8720  8720 I SpectrePeripheral: event=notify_chunk char=enrichment chunk=0 plainBytes=200 bytes=222
08-07 13:28:45.062  8720  8720 I SpectrePeripheral: event=notify_queued peer=xx:7A:39 char=enrichment bytes=222 label=chunked chunk=0 chunks=5 queued=1
08-07 13:28:45.062  8720  8720 I SpectrePeripheral: event=notify_chunk char=enrichment chunk=1 plainBytes=200 bytes=222
08-07 13:28:45.062  8720  8720 I SpectrePeripheral: event=notify_queued peer=xx:7A:39 char=enrichment bytes=222 label=chunked chunk=1 chunks=5 queued=2
08-07 13:28:45.062  8720  8720 I SpectrePeripheral: event=notify_chunk char=enrichment chunk=2 plainBytes=200 bytes=222
08-07 13:28:45.063  8720  8720 I SpectrePeripheral: event=notify_queued peer=xx:7A:39 char=enrichment bytes=222 label=chunked chunk=2 chunks=5 queued=3
08-07 13:28:45.063  8720  8720 I SpectrePeripheral: event=notify_chunk char=enrichment chunk=3 plainBytes=200 bytes=222
08-07 13:28:45.063  8720  8720 I SpectrePeripheral: event=notify_queued peer=xx:7A:39 char=enrichment bytes=222 label=chunked chunk=3 chunks=5 queued=4
08-07 13:28:45.063  8720  8720 I SpectrePeripheral: event=notify_chunk char=enrichment chunk=4 plainBytes=46 bytes=68
08-07 13:28:45.063  8720  8720 I SpectrePeripheral: event=notify_queued peer=xx:7A:39 char=enrichment bytes=68 label=chunked chunk=4 chunks=5 queued=5
08-07 13:28:45.064  8720  8720 I SpectrePeripheral: event=notify_sent peer=xx:7A:39 status=success remaining=5
08-07 13:28:45.064  8720  8720 I SpectrePeripheral: event=notify_send reason=sent peer=xx:7A:39 char=enrichment bytes=222 label=chunked chunk=0 chunks=5 remaining=4
08-07 13:28:45.065  8720  8720 I SpectrePeripheral: event=notify_sent peer=xx:7A:39 status=success remaining=4
08-07 13:28:45.141  8720  8720 I SpectrePeripheral: event=notify_send reason=sent_paced peer=xx:7A:39 char=enrichment bytes=222 label=chunked chunk=1 chunks=5 remaining=3
08-07 13:28:45.142  8720  8720 I SpectrePeripheral: event=notify_sent peer=xx:7A:39 status=success remaining=3
08-07 13:28:45.217  8720  8720 I SpectrePeripheral: event=notify_send reason=sent_paced peer=xx:7A:39 char=enrichment bytes=222 label=chunked chunk=2 chunks=5 remaining=2
08-07 13:28:45.219  8720  8720 I SpectrePeripheral: event=notify_sent peer=xx:7A:39 status=success remaining=2
08-07 13:28:45.295  8720  8720 I SpectrePeripheral: event=notify_send reason=sent_paced peer=xx:7A:39 char=enrichment bytes=222 label=chunked chunk=3 chunks=5 remaining=1
08-07 13:28:45.298  8720  8720 I SpectrePeripheral: event=notify_sent peer=xx:7A:39 status=success remaining=1
08-07 13:28:45.375  8720  8720 I SpectrePeripheral: event=notify_send reason=sent_paced peer=xx:7A:39 char=enrichment bytes=68 label=chunked chunk=4 chunks=5 remaining=0
08-07 13:28:45.378  8720  8720 I SpectrePeripheral: event=notify_sent peer=xx:7A:39 status=success remaining=0
08-07 13:28:45.915  8720  8720 I SpectrePeripheral: event=char_write peer=xx:7A:39 char=event_batch requestId=198 offset=0 chunkBytes=202 totalBytes=202 prepared=false responseNeeded=true
08-07 13:28:45.917  8720  8720 I SpectrePeripheral: event=event_batch_received peer=xx:7A:39 cipherBytes=202 plainBytes=180 recordsEstimate=18 sessionId=0 batchId=0 totalBatches=52
08-07 13:28:46.088  8720  8720 I SpectrePeripheral: event=update_value char=control bytes=4
08-07 13:28:46.089  8720  8720 I SpectrePeripheral: event=notify_requested char=control bytes=26 connected=1
08-07 13:28:46.090  8720  8720 I SpectrePeripheral: event=notify_queued peer=xx:7A:39 char=control bytes=26 label=value chunk=0 chunks=1 queued=1
08-07 13:28:46.091  8720  8720 I SpectrePeripheral: event=notify_send reason=enqueue peer=xx:7A:39 char=control bytes=26 label=value chunk=0 chunks=1 remaining=0
08-07 13:28:46.092  8720  8720 I SpectrePeripheral: event=secure_value_updated char=control channel=2 plainBytes=4 cipherBytes=26 notify=true
08-07 13:28:46.095  8720  8720 I SpectrePeripheral: event=notify_sent peer=xx:7A:39 status=success remaining=0
08-07 13:28:46.096  8720  8747 I ReactNativeJS: [SpectreEnrich] batch events=18 matched=8 skipped=10 history=188 firstEvent=1783057516000 lastEvent=1784650475000 oldestHistory=1783461501000 newestHistory=1786126571866 nearestDriftMin=48062 nearestDriftMax=539377000 nearestFixFirst=1783461501000 nativeRecorder=1
08-07 13:28:46.096  8720  8720 W SpectrePeripheral: event=enrichment_response_unframed records=18 pendingRecords=18 sessionId=0 batchId=0
08-07 13:28:46.096  8720  8720 I SpectrePeripheral: event=notify_chunked char=enrichment plainBytes=846 chunks=5 chunkPlainMax=200
08-07 13:28:46.097  8720  8720 I SpectrePeripheral: event=notify_chunk char=enrichment chunk=0 plainBytes=200 bytes=222
08-07 13:28:46.097  8720  8720 I SpectrePeripheral: event=notify_queued peer=xx:7A:39 char=enrichment bytes=222 label=chunked chunk=0 chunks=5 queued=1
08-07 13:28:46.097  8720  8720 I SpectrePeripheral: event=notify_send reason=enqueue peer=xx:7A:39 char=enrichment bytes=222 label=chunked chunk=0 chunks=5 remaining=0
08-07 13:28:46.098  8720  8720 I SpectrePeripheral: event=notify_chunk char=enrichment chunk=1 plainBytes=200 bytes=222
08-07 13:28:46.098  8720  8720 I SpectrePeripheral: event=notify_queued peer=xx:7A:39 char=enrichment bytes=222 label=chunked chunk=1 chunks=5 queued=1
08-07 13:28:46.098  8720  8720 I SpectrePeripheral: event=notify_chunk char=enrichment chunk=2 plainBytes=200 bytes=222
08-07 13:28:46.099  8720  8720 I SpectrePeripheral: event=notify_queued peer=xx:7A:39 char=enrichment bytes=222 label=chunked chunk=2 chunks=5 queued=2
08-07 13:28:46.099  8720  8720 I SpectrePeripheral: event=notify_chunk char=enrichment chunk=3 plainBytes=200 bytes=222
08-07 13:28:46.099  8720  8720 I SpectrePeripheral: event=notify_queued peer=xx:7A:39 char=enrichment bytes=222 label=chunked chunk=3 chunks=5 queued=3
08-07 13:28:46.099  8720  8720 I SpectrePeripheral: event=notify_chunk char=enrichment chunk=4 plainBytes=46 bytes=68
08-07 13:28:46.099  8720  8720 I SpectrePeripheral: event=notify_queued peer=xx:7A:39 char=enrichment bytes=68 label=chunked chunk=4 chunks=5 queued=4
08-07 13:28:46.100  8720  8720 I SpectrePeripheral: event=notify_sent peer=xx:7A:39 status=success remaining=4
08-07 13:28:46.175  8720  8720 I SpectrePeripheral: event=notify_send reason=sent_paced peer=xx:7A:39 char=enrichment bytes=222 label=chunked chunk=1 chunks=5 remaining=3
08-07 13:28:46.178  8720  8720 I SpectrePeripheral: event=notify_sent peer=xx:7A:39 status=success remaining=3
08-07 13:28:46.253  8720  8720 I SpectrePeripheral: event=notify_send reason=sent_paced peer=xx:7A:39 char=enrichment bytes=222 label=chunked chunk=2 chunks=5 remaining=2
08-07 13:28:46.256  8720  8720 I SpectrePeripheral: event=notify_sent peer=xx:7A:39 status=success remaining=2
08-07 13:28:46.333  8720  8720 I SpectrePeripheral: event=notify_send reason=sent_paced peer=xx:7A:39 char=enrichment bytes=222 label=chunked chunk=3 chunks=5 remaining=1
08-07 13:28:46.335  8720  8720 I SpectrePeripheral: event=notify_sent peer=xx:7A:39 status=success remaining=1
08-07 13:28:46.411  8720  8720 I SpectrePeripheral: event=notify_send reason=sent_paced peer=xx:7A:39 char=enrichment bytes=68 label=chunked chunk=4 chunks=5 remaining=0
08-07 13:28:46.414  8720  8720 I SpectrePeripheral: event=notify_sent peer=xx:7A:39 status=success remaining=0
08-07 13:28:47.833  8720  8774 I SpectrePeripheral: event=char_read peer=xx:7A:39 char=control requestId=199 offset=0 valueBytes=26 responseBytes=26
08-07 13:28:47.971  8720  8720 I SpectrePeripheral: event=char_write peer=xx:7A:39 char=event_batch requestId=200 offset=0 chunkBytes=202 totalBytes=202 prepared=false responseNeeded=true
08-07 13:28:47.973  8720  8720 I SpectrePeripheral: event=event_batch_received peer=xx:7A:39 cipherBytes=202 plainBytes=180 recordsEstimate=18 sessionId=0 batchId=0 totalBatches=53
08-07 13:28:48.142  8720  8747 I ReactNativeJS: [SpectreEnrich] batch events=18 matched=11 skipped=7 history=188 firstEvent=1783089265000 lastEvent=1784068424000 oldestHistory=1783461501000 newestHistory=1786126571866 nearestDriftMin=36145 nearestDriftMax=372236000 nearestFixFirst=1783638195145 nativeRecorder=1
08-07 13:28:48.147  8720  8720 I SpectrePeripheral: event=update_value char=control bytes=4
08-07 13:28:48.147  8720  8720 I SpectrePeripheral: event=notify_requested char=control bytes=26 connected=1
08-07 13:28:48.147  8720  8720 I SpectrePeripheral: event=notify_queued peer=xx:7A:39 char=control bytes=26 label=value chunk=0 chunks=1 queued=1
08-07 13:28:48.148  8720  8720 I SpectrePeripheral: event=notify_send reason=enqueue peer=xx:7A:39 char=control bytes=26 label=value chunk=0 chunks=1 remaining=0
08-07 13:28:48.148  8720  8720 I SpectrePeripheral: event=secure_value_updated char=control channel=2 plainBytes=4 cipherBytes=26 notify=true
08-07 13:28:48.148  8720  8720 W SpectrePeripheral: event=enrichment_response_unframed records=18 pendingRecords=18 sessionId=0 batchId=0
08-07 13:28:48.148  8720  8720 I SpectrePeripheral: event=notify_chunked char=enrichment plainBytes=846 chunks=5 chunkPlainMax=200
08-07 13:28:48.148  8720  8720 I SpectrePeripheral: event=notify_chunk char=enrichment chunk=0 plainBytes=200 bytes=222
08-07 13:28:48.148  8720  8720 I SpectrePeripheral: event=notify_queued peer=xx:7A:39 char=enrichment bytes=222 label=chunked chunk=0 chunks=5 queued=1
08-07 13:28:48.149  8720  8720 I SpectrePeripheral: event=notify_chunk char=enrichment chunk=1 plainBytes=200 bytes=222
08-07 13:28:48.149  8720  8720 I SpectrePeripheral: event=notify_queued peer=xx:7A:39 char=enrichment bytes=222 label=chunked chunk=1 chunks=5 queued=2
08-07 13:28:48.149  8720  8720 I SpectrePeripheral: event=notify_chunk char=enrichment chunk=2 plainBytes=200 bytes=222
08-07 13:28:48.149  8720  8720 I SpectrePeripheral: event=notify_queued peer=xx:7A:39 char=enrichment bytes=222 label=chunked chunk=2 chunks=5 queued=3
08-07 13:28:48.149  8720  8720 I SpectrePeripheral: event=notify_chunk char=enrichment chunk=3 plainBytes=200 bytes=222
08-07 13:28:48.149  8720  8720 I SpectrePeripheral: event=notify_queued peer=xx:7A:39 char=enrichment bytes=222 label=chunked chunk=3 chunks=5 queued=4
08-07 13:28:48.149  8720  8720 I SpectrePeripheral: event=notify_chunk char=enrichment chunk=4 plainBytes=46 bytes=68
08-07 13:28:48.149  8720  8720 I SpectrePeripheral: event=notify_queued peer=xx:7A:39 char=enrichment bytes=68 label=chunked chunk=4 chunks=5 queued=5
08-07 13:28:48.150  8720  8720 I SpectrePeripheral: event=notify_sent peer=xx:7A:39 status=success remaining=5
08-07 13:28:48.150  8720  8720 I SpectrePeripheral: event=notify_send reason=sent peer=xx:7A:39 char=enrichment bytes=222 label=chunked chunk=0 chunks=5 remaining=4
08-07 13:28:48.155  8720  8720 I SpectrePeripheral: event=notify_sent peer=xx:7A:39 status=success remaining=4
08-07 13:28:48.230  8720  8720 I SpectrePeripheral: event=notify_send reason=sent_paced peer=xx:7A:39 char=enrichment bytes=222 label=chunked chunk=1 chunks=5 remaining=3
08-07 13:28:48.232  8720  8720 I SpectrePeripheral: event=notify_sent peer=xx:7A:39 status=success remaining=3
08-07 13:28:48.308  8720  8720 I SpectrePeripheral: event=notify_send reason=sent_paced peer=xx:7A:39 char=enrichment bytes=222 label=chunked chunk=2 chunks=5 remaining=2
08-07 13:28:48.312  8720  8720 I SpectrePeripheral: event=notify_sent peer=xx:7A:39 status=success remaining=2
08-07 13:28:48.387  8720  8720 I SpectrePeripheral: event=notify_send reason=sent_paced peer=xx:7A:39 char=enrichment bytes=222 label=chunked chunk=3 chunks=5 remaining=1
08-07 13:28:48.390  8720  8720 I SpectrePeripheral: event=notify_sent peer=xx:7A:39 status=success remaining=1
08-07 13:28:48.467  8720  8720 I SpectrePeripheral: event=notify_send reason=sent_paced peer=xx:7A:39 char=enrichment bytes=68 label=chunked chunk=4 chunks=5 remaining=0
08-07 13:28:48.469  8720  8720 I SpectrePeripheral: event=notify_sent peer=xx:7A:39 status=success remaining=0
08-07 13:28:49.063  8720  8731 I SpectrePeripheral: event=char_read peer=xx:7A:39 char=gps requestId=201 offset=0 valueBytes=42 responseBytes=42
08-07 13:28:49.198  8720  8720 I SpectrePeripheral: event=char_write peer=xx:7A:39 char=event_batch requestId=202 offset=0 chunkBytes=202 totalBytes=202 prepared=false responseNeeded=true
08-07 13:28:49.200  8720  8720 I SpectrePeripheral: event=event_batch_received peer=xx:7A:39 cipherBytes=202 plainBytes=180 recordsEstimate=18 sessionId=0 batchId=0 totalBatches=54
08-07 13:28:49.367  8720  8747 I ReactNativeJS: [SpectreEnrich] batch events=18 matched=14 skipped=4 history=188 firstEvent=1783089368000 lastEvent=1786015231000 oldestHistory=1783461501000 newestHistory=1786126571866 nearestDriftMin=565 nearestDriftMax=372133000 nearestFixFirst=1783638195145 nativeRecorder=1
08-07 13:28:49.370  8720  8720 W SpectrePeripheral: event=enrichment_response_unframed records=18 pendingRecords=18 sessionId=0 batchId=0
08-07 13:28:49.370  8720  8720 I SpectrePeripheral: event=notify_chunked char=enrichment plainBytes=846 chunks=5 chunkPlainMax=200
08-07 13:28:49.370  8720  8720 I SpectrePeripheral: event=notify_chunk char=enrichment chunk=0 plainBytes=200 bytes=222
08-07 13:28:49.371  8720  8720 I SpectrePeripheral: event=notify_queued peer=xx:7A:39 char=enrichment bytes=222 label=chunked chunk=0 chunks=5 queued=1
08-07 13:28:49.372  8720  8720 I SpectrePeripheral: event=notify_send reason=enqueue peer=xx:7A:39 char=enrichment bytes=222 label=chunked chunk=0 chunks=5 remaining=0
08-07 13:28:49.372  8720  8720 I SpectrePeripheral: event=notify_chunk char=enrichment chunk=1 plainBytes=200 bytes=222
08-07 13:28:49.373  8720  8720 I SpectrePeripheral: event=notify_queued peer=xx:7A:39 char=enrichment bytes=222 label=chunked chunk=1 chunks=5 queued=1
08-07 13:28:49.373  8720  8720 I SpectrePeripheral: event=notify_chunk char=enrichment chunk=2 plainBytes=200 bytes=222
08-07 13:28:49.373  8720  8720 I SpectrePeripheral: event=notify_queued peer=xx:7A:39 char=enrichment bytes=222 label=chunked chunk=2 chunks=5 queued=2
08-07 13:28:49.373  8720  8720 I SpectrePeripheral: event=notify_chunk char=enrichment chunk=3 plainBytes=200 bytes=222
08-07 13:28:49.374  8720  8720 I SpectrePeripheral: event=notify_queued peer=xx:7A:39 char=enrichment bytes=222 label=chunked chunk=3 chunks=5 queued=3
08-07 13:28:49.374  8720  8720 I SpectrePeripheral: event=notify_chunk char=enrichment chunk=4 plainBytes=46 bytes=68
08-07 13:28:49.374  8720  8720 I SpectrePeripheral: event=notify_queued peer=xx:7A:39 char=enrichment bytes=68 label=chunked chunk=4 chunks=5 queued=4
08-07 13:28:49.374  8720  8720 I SpectrePeripheral: event=update_value char=control bytes=4
08-07 13:28:49.374  8720  8720 I SpectrePeripheral: event=notify_requested char=control bytes=26 connected=1
08-07 13:28:49.374  8720  8720 I SpectrePeripheral: event=notify_queued peer=xx:7A:39 char=control bytes=26 label=value chunk=0 chunks=1 queued=5
08-07 13:28:49.375  8720  8720 I SpectrePeripheral: event=secure_value_updated char=control channel=2 plainBytes=4 cipherBytes=26 notify=true
08-07 13:28:49.375  8720  8720 I SpectrePeripheral: event=notify_sent peer=xx:7A:39 status=success remaining=5
08-07 13:28:49.451  8720  8720 I SpectrePeripheral: event=notify_send reason=sent_paced peer=xx:7A:39 char=enrichment bytes=222 label=chunked chunk=1 chunks=5 remaining=4
08-07 13:28:49.454  8720  8720 I SpectrePeripheral: event=notify_sent peer=xx:7A:39 status=success remaining=4
08-07 13:28:49.529  8720  8720 I SpectrePeripheral: event=notify_send reason=sent_paced peer=xx:7A:39 char=enrichment bytes=222 label=chunked chunk=2 chunks=5 remaining=3
08-07 13:28:49.532  8720  8720 I SpectrePeripheral: event=notify_sent peer=xx:7A:39 status=success remaining=3
08-07 13:28:49.607  8720  8720 I SpectrePeripheral: event=notify_send reason=sent_paced peer=xx:7A:39 char=enrichment bytes=222 label=chunked chunk=3 chunks=5 remaining=2
08-07 13:28:49.610  8720  8720 I SpectrePeripheral: event=notify_sent peer=xx:7A:39 status=success remaining=2
08-07 13:28:49.686  8720  8720 I SpectrePeripheral: event=notify_send reason=sent_paced peer=xx:7A:39 char=enrichment bytes=68 label=chunked chunk=4 chunks=5 remaining=1
08-07 13:28:49.689  8720  8720 I SpectrePeripheral: event=notify_sent peer=xx:7A:39 status=success remaining=1
08-07 13:28:49.766  8720  8720 I SpectrePeripheral: event=notify_send reason=sent_paced peer=xx:7A:39 char=control bytes=26 label=value chunk=0 chunks=1 remaining=0
08-07 13:28:49.769  8720  8720 I SpectrePeripheral: event=notify_sent peer=xx:7A:39 status=success remaining=0
08-07 13:28:50.038  8720  8731 I SpectrePeripheral: event=char_read peer=xx:7A:39 char=control requestId=203 offset=0 valueBytes=26 responseBytes=26
08-07 13:28:50.220  8720  8720 I SpectrePeripheral: event=char_write peer=xx:7A:39 char=event_batch requestId=204 offset=0 chunkBytes=202 totalBytes=202 prepared=false responseNeeded=true
08-07 13:28:50.222  8720  8720 I SpectrePeripheral: event=event_batch_received peer=xx:7A:39 cipherBytes=202 plainBytes=180 recordsEstimate=18 sessionId=0 batchId=0 totalBatches=55
08-07 13:28:50.395  8720  8720 I SpectrePeripheral: event=update_value char=control bytes=4
08-07 13:28:50.395  8720  8720 I SpectrePeripheral: event=notify_requested char=control bytes=26 connected=1
08-07 13:28:50.397  8720  8720 I SpectrePeripheral: event=notify_queued peer=xx:7A:39 char=control bytes=26 label=value chunk=0 chunks=1 queued=1
08-07 13:28:50.397  8720  8747 I ReactNativeJS: [SpectreEnrich] batch events=18 matched=17 skipped=1 history=188 firstEvent=1783463564000 lastEvent=1785191639000 oldestHistory=1783461501000 newestHistory=1786126571866 nearestDriftMin=13063 nearestDriftMax=2063000 nearestFixFirst=1784068499937 nativeRecorder=1
08-07 13:28:50.397  8720  8720 I SpectrePeripheral: event=notify_send reason=enqueue peer=xx:7A:39 char=control bytes=26 label=value chunk=0 chunks=1 remaining=0
08-07 13:28:50.398  8720  8720 I SpectrePeripheral: event=secure_value_updated char=control channel=2 plainBytes=4 cipherBytes=26 notify=true
08-07 13:28:50.399  8720  8720 W SpectrePeripheral: event=enrichment_response_unframed records=18 pendingRecords=18 sessionId=0 batchId=0
08-07 13:28:50.399  8720  8720 I SpectrePeripheral: event=notify_chunked char=enrichment plainBytes=846 chunks=5 chunkPlainMax=200
08-07 13:28:50.399  8720  8720 I SpectrePeripheral: event=notify_chunk char=enrichment chunk=0 plainBytes=200 bytes=222
08-07 13:28:50.399  8720  8720 I SpectrePeripheral: event=notify_queued peer=xx:7A:39 char=enrichment bytes=222 label=chunked chunk=0 chunks=5 queued=1
08-07 13:28:50.399  8720  8720 I SpectrePeripheral: event=notify_chunk char=enrichment chunk=1 plainBytes=200 bytes=222
08-07 13:28:50.400  8720  8720 I SpectrePeripheral: event=notify_queued peer=xx:7A:39 char=enrichment bytes=222 label=chunked chunk=1 chunks=5 queued=2
08-07 13:28:50.400  8720  8720 I SpectrePeripheral: event=notify_chunk char=enrichment chunk=2 plainBytes=200 bytes=222
08-07 13:28:50.400  8720  8720 I SpectrePeripheral: event=notify_queued peer=xx:7A:39 char=enrichment bytes=222 label=chunked chunk=2 chunks=5 queued=3
08-07 13:28:50.400  8720  8720 I SpectrePeripheral: event=notify_chunk char=enrichment chunk=3 plainBytes=200 bytes=222
08-07 13:28:50.400  8720  8720 I SpectrePeripheral: event=notify_queued peer=xx:7A:39 char=enrichment bytes=222 label=chunked chunk=3 chunks=5 queued=4
08-07 13:28:50.400  8720  8720 I SpectrePeripheral: event=notify_chunk char=enrichment chunk=4 plainBytes=46 bytes=68
08-07 13:28:50.401  8720  8720 I SpectrePeripheral: event=notify_queued peer=xx:7A:39 char=enrichment bytes=68 label=chunked chunk=4 chunks=5 queued=5
08-07 13:28:50.401  8720  8720 I SpectrePeripheral: event=notify_sent peer=xx:7A:39 status=success remaining=5
08-07 13:28:50.401  8720  8720 I SpectrePeripheral: event=notify_send reason=sent peer=xx:7A:39 char=enrichment bytes=222 label=chunked chunk=0 chunks=5 remaining=4
08-07 13:28:50.403  8720  8720 I SpectrePeripheral: event=notify_sent peer=xx:7A:39 status=success remaining=4
08-07 13:28:50.478  8720  8720 I SpectrePeripheral: event=notify_send reason=sent_paced peer=xx:7A:39 char=enrichment bytes=222 label=chunked chunk=1 chunks=5 remaining=3
08-07 13:28:50.481  8720  8720 I SpectrePeripheral: event=notify_sent peer=xx:7A:39 status=success remaining=3
08-07 13:28:50.556  8720  8720 I SpectrePeripheral: event=notify_send reason=sent_paced peer=xx:7A:39 char=enrichment bytes=222 label=chunked chunk=2 chunks=5 remaining=2
08-07 13:28:50.560  8720  8720 I SpectrePeripheral: event=notify_sent peer=xx:7A:39 status=success remaining=2
08-07 13:28:50.636  8720  8720 I SpectrePeripheral: event=notify_send reason=sent_paced peer=xx:7A:39 char=enrichment bytes=222 label=chunked chunk=3 chunks=5 remaining=1
08-07 13:28:50.639  8720  8720 I SpectrePeripheral: event=notify_sent peer=xx:7A:39 status=success remaining=1
08-07 13:28:50.715  8720  8720 I SpectrePeripheral: event=notify_send reason=sent_paced peer=xx:7A:39 char=enrichment bytes=68 label=chunked chunk=4 chunks=5 remaining=0
08-07 13:28:50.717  8720  8720 I SpectrePeripheral: event=notify_sent peer=xx:7A:39 status=success remaining=0
08-07 13:28:51.226  8720  8720 I SpectrePeripheral: event=char_write peer=xx:7A:39 char=event_batch requestId=205 offset=0 chunkBytes=202 totalBytes=202 prepared=false responseNeeded=true
08-07 13:28:51.227  8720  8720 I SpectrePeripheral: event=event_batch_received peer=xx:7A:39 cipherBytes=202 plainBytes=180 recordsEstimate=18 sessionId=0 batchId=0 totalBatches=56
08-07 13:28:51.402  8720  8720 I SpectrePeripheral: event=update_value char=control bytes=4
08-07 13:28:51.402  8720  8720 I SpectrePeripheral: event=notify_requested char=control bytes=26 connected=1
08-07 13:28:51.403  8720  8747 I ReactNativeJS: [SpectreEnrich] batch events=18 matched=9 skipped=9 history=188 firstEvent=1783051469000 lastEvent=1784068574000 oldestHistory=1783461501000 newestHistory=1786126571866 nearestDriftMin=3077 nearestDriftMax=410032000 nearestFixFirst=1783638320077 nativeRecorder=1
08-07 13:28:51.403  8720  8720 I SpectrePeripheral: event=notify_queued peer=xx:7A:39 char=control bytes=26 label=value chunk=0 chunks=1 queued=1
08-07 13:28:51.404  8720  8720 I SpectrePeripheral: event=notify_send reason=enqueue peer=xx:7A:39 char=control bytes=26 label=value chunk=0 chunks=1 remaining=0
08-07 13:28:51.405  8720  8720 I SpectrePeripheral: event=secure_value_updated char=control channel=2 plainBytes=4 cipherBytes=26 notify=true
08-07 13:28:51.406  8720  8720 W SpectrePeripheral: event=enrichment_response_unframed records=18 pendingRecords=18 sessionId=0 batchId=0
08-07 13:28:51.406  8720  8720 I SpectrePeripheral: event=notify_chunked char=enrichment plainBytes=846 chunks=5 chunkPlainMax=200
08-07 13:28:51.407  8720  8720 I SpectrePeripheral: event=notify_chunk char=enrichment chunk=0 plainBytes=200 bytes=222
08-07 13:28:51.407  8720  8720 I SpectrePeripheral: event=notify_queued peer=xx:7A:39 char=enrichment bytes=222 label=chunked chunk=0 chunks=5 queued=1
08-07 13:28:51.407  8720  8720 I SpectrePeripheral: event=notify_chunk char=enrichment chunk=1 plainBytes=200 bytes=222
08-07 13:28:51.407  8720  8720 I SpectrePeripheral: event=notify_queued peer=xx:7A:39 char=enrichment bytes=222 label=chunked chunk=1 chunks=5 queued=2
08-07 13:28:51.408  8720  8720 I SpectrePeripheral: event=notify_chunk char=enrichment chunk=2 plainBytes=200 bytes=222
08-07 13:28:51.408  8720  8720 I SpectrePeripheral: event=notify_queued peer=xx:7A:39 char=enrichment bytes=222 label=chunked chunk=2 chunks=5 queued=3
08-07 13:28:51.408  8720  8720 I SpectrePeripheral: event=notify_chunk char=enrichment chunk=3 plainBytes=200 bytes=222
08-07 13:28:51.408  8720  8720 I SpectrePeripheral: event=notify_queued peer=xx:7A:39 char=enrichment bytes=222 label=chunked chunk=3 chunks=5 queued=4
08-07 13:28:51.408  8720  8720 I SpectrePeripheral: event=notify_chunk char=enrichment chunk=4 plainBytes=46 bytes=68
08-07 13:28:51.409  8720  8720 I SpectrePeripheral: event=notify_queued peer=xx:7A:39 char=enrichment bytes=68 label=chunked chunk=4 chunks=5 queued=5
08-07 13:28:51.409  8720  8720 I SpectrePeripheral: event=notify_sent peer=xx:7A:39 status=success remaining=5
08-07 13:28:51.409  8720  8720 I SpectrePeripheral: event=notify_send reason=sent peer=xx:7A:39 char=enrichment bytes=222 label=chunked chunk=0 chunks=5 remaining=4
08-07 13:28:51.410  8720  8720 I SpectrePeripheral: event=notify_sent peer=xx:7A:39 status=success remaining=4
08-07 13:28:51.486  8720  8720 I SpectrePeripheral: event=notify_send reason=sent_paced peer=xx:7A:39 char=enrichment bytes=222 label=chunked chunk=1 chunks=5 remaining=3
08-07 13:28:51.489  8720  8720 I SpectrePeripheral: event=notify_sent peer=xx:7A:39 status=success remaining=3
08-07 13:28:51.564  8720  8720 I SpectrePeripheral: event=notify_send reason=sent_paced peer=xx:7A:39 char=enrichment bytes=222 label=chunked chunk=2 chunks=5 remaining=2
08-07 13:28:51.568  8720  8720 I SpectrePeripheral: event=notify_sent peer=xx:7A:39 status=success remaining=2
08-07 13:28:51.645  8720  8720 I SpectrePeripheral: event=notify_send reason=sent_paced peer=xx:7A:39 char=enrichment bytes=222 label=chunked chunk=3 chunks=5 remaining=1
08-07 13:28:51.647  8720  8720 I SpectrePeripheral: event=notify_sent peer=xx:7A:39 status=success remaining=1
08-07 13:28:51.724  8720  8720 I SpectrePeripheral: event=notify_send reason=sent_paced peer=xx:7A:39 char=enrichment bytes=68 label=chunked chunk=4 chunks=5 remaining=0
08-07 13:28:51.726  8720  8720 I SpectrePeripheral: event=notify_sent peer=xx:7A:39 status=success remaining=0
08-07 13:28:52.078  8720  8731 I SpectrePeripheral: event=char_read peer=xx:7A:39 char=control requestId=206 offset=0 valueBytes=26 responseBytes=26
08-07 13:28:52.231  8720  8720 I SpectrePeripheral: event=char_write peer=xx:7A:39 char=event_batch requestId=207 offset=0 chunkBytes=182 totalBytes=182 prepared=false responseNeeded=true
08-07 13:28:52.233  8720  8720 I SpectrePeripheral: event=event_batch_received peer=xx:7A:39 cipherBytes=182 plainBytes=160 recordsEstimate=16 sessionId=0 batchId=0 totalBatches=57
08-07 13:28:52.415  8720  8747 I ReactNativeJS: [SpectreEnrich] batch events=16 matched=7 skipped=9 history=188 firstEvent=1783051478000 lastEvent=1786015351000 oldestHistory=1783461501000 newestHistory=1786126571866 nearestDriftMin=6923 nearestDriftMax=539150000 nearestFixFirst=1783461501000 nativeRecorder=1
08-07 13:28:52.415  8720  8720 I SpectrePeripheral: event=update_value char=control bytes=4
08-07 13:28:52.415  8720  8720 I SpectrePeripheral: event=notify_requested char=control bytes=26 connected=1
08-07 13:28:52.416  8720  8720 I SpectrePeripheral: event=notify_queued peer=xx:7A:39 char=control bytes=26 label=value chunk=0 chunks=1 queued=1
08-07 13:28:52.417  8720  8720 I SpectrePeripheral: event=notify_send reason=enqueue peer=xx:7A:39 char=control bytes=26 label=value chunk=0 chunks=1 remaining=0
08-07 13:28:52.417  8720  8720 I SpectrePeripheral: event=secure_value_updated char=control channel=2 plainBytes=4 cipherBytes=26 notify=true
08-07 13:28:52.417  8720  8720 W SpectrePeripheral: event=enrichment_response_unframed records=16 pendingRecords=16 sessionId=0 batchId=0
08-07 13:28:52.417  8720  8720 I SpectrePeripheral: event=notify_chunked char=enrichment plainBytes=752 chunks=4 chunkPlainMax=200
08-07 13:28:52.418  8720  8720 I SpectrePeripheral: event=notify_chunk char=enrichment chunk=0 plainBytes=200 bytes=222
08-07 13:28:52.418  8720  8720 I SpectrePeripheral: event=notify_queued peer=xx:7A:39 char=enrichment bytes=222 label=chunked chunk=0 chunks=4 queued=1
08-07 13:28:52.418  8720  8720 I SpectrePeripheral: event=notify_chunk char=enrichment chunk=1 plainBytes=200 bytes=222
08-07 13:28:52.418  8720  8720 I SpectrePeripheral: event=notify_queued peer=xx:7A:39 char=enrichment bytes=222 label=chunked chunk=1 chunks=4 queued=2
08-07 13:28:52.418  8720  8720 I SpectrePeripheral: event=notify_chunk char=enrichment chunk=2 plainBytes=200 bytes=222
08-07 13:28:52.419  8720  8720 I SpectrePeripheral: event=notify_queued peer=xx:7A:39 char=enrichment bytes=222 label=chunked chunk=2 chunks=4 queued=3
08-07 13:28:52.419  8720  8720 I SpectrePeripheral: event=notify_chunk char=enrichment chunk=3 plainBytes=152 bytes=174
08-07 13:28:52.419  8720  8720 I SpectrePeripheral: event=notify_queued peer=xx:7A:39 char=enrichment bytes=174 label=chunked chunk=3 chunks=4 queued=4
08-07 13:28:52.419  8720  8720 I SpectrePeripheral: event=notify_sent peer=xx:7A:39 status=success remaining=4
08-07 13:28:52.419  8720  8720 I SpectrePeripheral: event=notify_send reason=sent peer=xx:7A:39 char=enrichment bytes=222 label=chunked chunk=0 chunks=4 remaining=3
08-07 13:28:52.421  8720  8720 I SpectrePeripheral: event=notify_sent peer=xx:7A:39 status=success remaining=3
08-07 13:28:52.498  8720  8720 I SpectrePeripheral: event=notify_send reason=sent_paced peer=xx:7A:39 char=enrichment bytes=222 label=chunked chunk=1 chunks=4 remaining=2
08-07 13:28:52.500  8720  8720 I SpectrePeripheral: event=notify_sent peer=xx:7A:39 status=success remaining=2
08-07 13:28:52.575  8720  8720 I SpectrePeripheral: event=notify_send reason=sent_paced peer=xx:7A:39 char=enrichment bytes=222 label=chunked chunk=2 chunks=4 remaining=1
08-07 13:28:52.578  8720  8720 I SpectrePeripheral: event=notify_sent peer=xx:7A:39 status=success remaining=1
08-07 13:28:52.655  8720  8720 I SpectrePeripheral: event=notify_send reason=sent_paced peer=xx:7A:39 char=enrichment bytes=174 label=chunked chunk=3 chunks=4 remaining=0
08-07 13:28:52.658  8720  8720 I SpectrePeripheral: event=notify_sent peer=xx:7A:39 status=success remaining=0
08-07 13:28:56.113  8720  8731 I SpectrePeripheral: event=char_read peer=xx:7A:39 char=gps requestId=208 offset=0 valueBytes=42 responseBytes=42
08-07 13:28:56.155  8720  8731 I SpectrePeripheral: event=char_read peer=xx:7A:39 char=control requestId=209 offset=0 valueBytes=26 responseBytes=26
08-07 13:28:56.217  8720  8720 I SpectrePeripheral: event=char_write peer=xx:7A:39 char=event_batch requestId=210 offset=0 chunkBytes=202 totalBytes=202 prepared=false responseNeeded=true
08-07 13:28:56.219  8720  8720 I SpectrePeripheral: event=event_batch_received peer=xx:7A:39 cipherBytes=202 plainBytes=180 recordsEstimate=18 sessionId=0 batchId=0 totalBatches=58
08-07 13:28:56.430  8720  8747 I ReactNativeJS: [SpectreEnrich] batch events=18 matched=4 skipped=14 history=188 firstEvent=1783046093000 lastEvent=1786117406000 oldestHistory=1783461501000 newestHistory=1786126571866 nearestDriftMin=22000 nearestDriftMax=415408000 nearestFixFirst=1783461501000 nativeRecorder=1
08-07 13:28:56.453  8720  8720 W SpectrePeripheral: event=enrichment_response_unframed records=18 pendingRecords=18 sessionId=0 batchId=0
08-07 13:28:56.453  8720  8720 I SpectrePeripheral: event=notify_chunked char=enrichment plainBytes=846 chunks=5 chunkPlainMax=200
08-07 13:28:56.453  8720  8720 I SpectrePeripheral: event=notify_chunk char=enrichment chunk=0 plainBytes=200 bytes=222
08-07 13:28:56.454  8720  8720 I SpectrePeripheral: event=notify_queued peer=xx:7A:39 char=enrichment bytes=222 label=chunked chunk=0 chunks=5 queued=1
08-07 13:28:56.455  8720  8720 I SpectrePeripheral: event=notify_send reason=enqueue peer=xx:7A:39 char=enrichment bytes=222 label=chunked chunk=0 chunks=5 remaining=0
08-07 13:28:56.455  8720  8720 I SpectrePeripheral: event=notify_chunk char=enrichment chunk=1 plainBytes=200 bytes=222
08-07 13:28:56.456  8720  8720 I SpectrePeripheral: event=notify_queued peer=xx:7A:39 char=enrichment bytes=222 label=chunked chunk=1 chunks=5 queued=1
08-07 13:28:56.456  8720  8720 I SpectrePeripheral: event=notify_chunk char=enrichment chunk=2 plainBytes=200 bytes=222
08-07 13:28:56.456  8720  8720 I SpectrePeripheral: event=notify_queued peer=xx:7A:39 char=enrichment bytes=222 label=chunked chunk=2 chunks=5 queued=2
08-07 13:28:56.456  8720  8720 I SpectrePeripheral: event=notify_chunk char=enrichment chunk=3 plainBytes=200 bytes=222
08-07 13:28:56.457  8720  8720 I SpectrePeripheral: event=notify_queued peer=xx:7A:39 char=enrichment bytes=222 label=chunked chunk=3 chunks=5 queued=3
08-07 13:28:56.457  8720  8720 I SpectrePeripheral: event=notify_chunk char=enrichment chunk=4 plainBytes=46 bytes=68
08-07 13:28:56.457  8720  8720 I SpectrePeripheral: event=notify_queued peer=xx:7A:39 char=enrichment bytes=68 label=chunked chunk=4 chunks=5 queued=4
08-07 13:28:56.457  8720  8720 I SpectrePeripheral: event=update_value char=control bytes=4
08-07 13:28:56.457  8720  8720 I SpectrePeripheral: event=notify_requested char=control bytes=26 connected=1
08-07 13:28:56.458  8720  8720 I SpectrePeripheral: event=notify_queued peer=xx:7A:39 char=control bytes=26 label=value chunk=0 chunks=1 queued=5
08-07 13:28:56.458  8720  8720 I SpectrePeripheral: event=secure_value_updated char=control channel=2 plainBytes=4 cipherBytes=26 notify=true
08-07 13:28:56.459  8720  8720 I SpectrePeripheral: event=notify_sent peer=xx:7A:39 status=success remaining=5
08-07 13:28:56.536  8720  8720 I SpectrePeripheral: event=notify_send reason=sent_paced peer=xx:7A:39 char=enrichment bytes=222 label=chunked chunk=1 chunks=5 remaining=4
08-07 13:28:56.539  8720  8720 I SpectrePeripheral: event=notify_sent peer=xx:7A:39 status=success remaining=4
08-07 13:28:56.615  8720  8720 I SpectrePeripheral: event=notify_send reason=sent_paced peer=xx:7A:39 char=enrichment bytes=222 label=chunked chunk=2 chunks=5 remaining=3
08-07 13:28:56.617  8720  8720 I SpectrePeripheral: event=notify_sent peer=xx:7A:39 status=success remaining=3
08-07 13:28:56.693  8720  8720 I SpectrePeripheral: event=notify_send reason=sent_paced peer=xx:7A:39 char=enrichment bytes=222 label=chunked chunk=3 chunks=5 remaining=2
08-07 13:28:56.695  8720  8720 I SpectrePeripheral: event=notify_sent peer=xx:7A:39 status=success remaining=2
08-07 13:28:56.772  8720  8720 I SpectrePeripheral: event=notify_send reason=sent_paced peer=xx:7A:39 char=enrichment bytes=68 label=chunked chunk=4 chunks=5 remaining=1
08-07 13:28:56.774  8720  8720 I SpectrePeripheral: event=notify_sent peer=xx:7A:39 status=success remaining=1
08-07 13:28:56.852  8720  8720 I SpectrePeripheral: event=notify_send reason=sent_paced peer=xx:7A:39 char=control bytes=26 label=value chunk=0 chunks=1 remaining=0
08-07 13:28:56.855  8720  8720 I SpectrePeripheral: event=notify_sent peer=xx:7A:39 status=success remaining=0
08-07 13:29:01.260  8720  8720 I SpectrePeripheral: event=connection_state peer=xx:7A:39 status=0 newState=disconnected connectedBefore=1
08-07 13:29:01.260  8720  8720 I SpectrePeripheral: event=advertise_restart reason=disconnect mode=uuidOnly count=5
08-07 13:29:01.260  8720  8720 I SpectrePeripheral: event=app_log message=Advertising restart requested: disconnect
08-07 13:29:01.260  8720  8720 I SpectrePeripheral: event=advertise_stop_request mode=uuidOnly
08-07 13:29:01.261  8720  8720 I SpectrePeripheral: event=advertise_start_request mode=uuidOnly includeName=false includeService=true scanResponseService=false connectable=true
08-07 13:29:01.262  8720  8720 I SpectrePeripheral: event=app_log message=Peripheral disconnected: 64:E8:33:4B:7A:39
08-07 13:29:01.282  8720  8720 I SpectrePeripheral: event=advertise_start_success mode=uuidOnly txPower=3 advertiseMode=2 restarts=5
08-07 13:29:01.282  8720  8720 I SpectrePeripheral: event=app_log message=Spectre peripheral advertising started
08-07 13:29:02.708  8720  8720 I SpectrePeripheral: event=update_value char=control bytes=4
08-07 13:29:02.708  8720  8720 I SpectrePeripheral: event=secure_value_pending char=control plainBytes=4
08-07 13:37:08.384  8720  8720 I SpectrePeripheral: event=connection_state peer=xx:7A:39 status=0 newState=connected connectedBefore=0
08-07 13:37:08.384  8720  8720 I SpectrePeripheral: event=app_log message=Peripheral connected: 64:E8:33:4B:7A:39
08-07 13:37:08.386  8720  8774 I SpectrePeripheral: event=mtu_changed peer=xx:7A:39 mtu=247
08-07 13:37:08.743  8720  8774 I SpectrePeripheral: event=descriptor_write peer=xx:7A:39 descriptor=cccd char=auth requestId=211 offset=0 bytes=2 responseNeeded=true value=notify
08-07 13:37:09.104  8720  8774 I SpectrePeripheral: event=char_write peer=xx:7A:39 char=auth_request requestId=212 offset=0 chunkBytes=20 totalBytes=20 prepared=false responseNeeded=true
08-07 13:37:09.104  8720  8774 I SpectrePeripheral: event=auth_challenge_chunk peer=xx:7A:39 bytes=20 targetBytes=163
08-07 13:37:09.162  8720  8774 I SpectrePeripheral: event=char_write peer=xx:7A:39 char=auth_request requestId=213 offset=0 chunkBytes=20 totalBytes=40 prepared=false responseNeeded=true
08-07 13:37:09.163  8720  8774 I SpectrePeripheral: event=auth_challenge_chunk peer=xx:7A:39 bytes=40 targetBytes=163
08-07 13:37:09.222  8720  8774 I SpectrePeripheral: event=char_write peer=xx:7A:39 char=auth_request requestId=214 offset=0 chunkBytes=20 totalBytes=60 prepared=false responseNeeded=true
08-07 13:37:09.222  8720  8774 I SpectrePeripheral: event=auth_challenge_chunk peer=xx:7A:39 bytes=60 targetBytes=163
08-07 13:37:09.284  8720  8774 I SpectrePeripheral: event=char_write peer=xx:7A:39 char=auth_request requestId=215 offset=0 chunkBytes=20 totalBytes=80 prepared=false responseNeeded=true
08-07 13:37:09.285  8720  8774 I SpectrePeripheral: event=auth_challenge_chunk peer=xx:7A:39 bytes=80 targetBytes=163
08-07 13:37:09.343  8720  8774 I SpectrePeripheral: event=char_write peer=xx:7A:39 char=auth_request requestId=216 offset=0 chunkBytes=20 totalBytes=100 prepared=false responseNeeded=true
08-07 13:37:09.344  8720  8774 I SpectrePeripheral: event=auth_challenge_chunk peer=xx:7A:39 bytes=100 targetBytes=163
08-07 13:37:09.405  8720  8774 I SpectrePeripheral: event=char_write peer=xx:7A:39 char=auth_request requestId=217 offset=0 chunkBytes=20 totalBytes=120 prepared=false responseNeeded=true
08-07 13:37:09.406  8720  8774 I SpectrePeripheral: event=auth_challenge_chunk peer=xx:7A:39 bytes=120 targetBytes=163
08-07 13:37:09.463  8720  8774 I SpectrePeripheral: event=char_write peer=xx:7A:39 char=auth_request requestId=218 offset=0 chunkBytes=20 totalBytes=140 prepared=false responseNeeded=true
08-07 13:37:09.463  8720  8774 I SpectrePeripheral: event=auth_challenge_chunk peer=xx:7A:39 bytes=140 targetBytes=163
08-07 13:37:09.522  8720  8774 I SpectrePeripheral: event=char_write peer=xx:7A:39 char=auth_request requestId=219 offset=0 chunkBytes=20 totalBytes=160 prepared=false responseNeeded=true
08-07 13:37:09.523  8720  8774 I SpectrePeripheral: event=auth_challenge_chunk peer=xx:7A:39 bytes=160 targetBytes=163
08-07 13:37:09.583  8720  8774 I SpectrePeripheral: event=char_write peer=xx:7A:39 char=auth_request requestId=220 offset=0 chunkBytes=3 totalBytes=163 prepared=false responseNeeded=true
08-07 13:37:09.584  8720  8774 I SpectrePeripheral: event=auth_challenge_received peer=xx:7A:39 bytes=163
08-07 13:37:09.588  8720  8774 I SpectrePeripheral: event=notify_requested char=auth bytes=163 connected=1
08-07 13:37:09.589  8720  8774 I SpectrePeripheral: event=notify_queued peer=xx:7A:39 char=auth bytes=163 label=value chunk=0 chunks=1 queued=1
08-07 13:37:09.589  8720  8774 I SpectrePeripheral: event=notify_send reason=enqueue peer=xx:7A:39 char=auth bytes=163 label=value chunk=0 chunks=1 remaining=0
08-07 13:37:09.591  8720  8774 I SpectrePeripheral: event=secure_value_updated char=metadata channel=3 plainBytes=14 cipherBytes=36 notify=false
08-07 13:37:09.591  8720  8774 I SpectrePeripheral: event=notify_requested char=gps bytes=42 connected=1
08-07 13:37:09.592  8720  8774 I SpectrePeripheral: event=notify_queued peer=xx:7A:39 char=gps bytes=42 label=value chunk=0 chunks=1 queued=1
08-07 13:37:09.592  8720  8774 I SpectrePeripheral: event=secure_value_updated char=gps channel=1 plainBytes=20 cipherBytes=42 notify=true
08-07 13:37:09.592  8720  8774 I SpectrePeripheral: event=secure_value_updated char=control channel=2 plainBytes=4 cipherBytes=26 notify=false
08-07 13:37:09.593  8720  8774 I SpectrePeripheral: event=auth_session_ready peer=xx:7A:39 responseBytes=163
08-07 13:37:09.593  8720  8774 I SpectrePeripheral: event=app_log message=Secure session established with 64:E8:33:4B:7A:39
08-07 13:37:09.594  8720  8720 I SpectrePeripheral: event=notify_sent peer=xx:7A:39 status=success remaining=1
08-07 13:37:09.595  8720  8720 I SpectrePeripheral: event=notify_send reason=sent peer=xx:7A:39 char=gps bytes=42 label=value chunk=0 chunks=1 remaining=0
08-07 13:37:09.597  8720  8720 I SpectrePeripheral: event=notify_sent peer=xx:7A:39 status=success remaining=0
08-07 13:37:09.611  8720  8720 I SpectrePeripheral: event=update_value char=gps bytes=20
08-07 13:37:09.612  8720  8720 I SpectrePeripheral: event=notify_requested char=gps bytes=42 connected=1
08-07 13:37:09.612  8720  8720 I SpectrePeripheral: event=notify_queued peer=xx:7A:39 char=gps bytes=42 label=value chunk=0 chunks=1 queued=1
08-07 13:37:09.613  8720  8720 I SpectrePeripheral: event=notify_send reason=enqueue peer=xx:7A:39 char=gps bytes=42 label=value chunk=0 chunks=1 remaining=0
08-07 13:37:09.613  8720  8720 I SpectrePeripheral: event=secure_value_updated char=gps channel=1 plainBytes=20 cipherBytes=42 notify=true
08-07 13:37:09.614  8720  8720 I SpectrePeripheral: event=notify_sent peer=xx:7A:39 status=success remaining=0
08-07 13:37:10.244  8720  8774 I SpectrePeripheral: event=descriptor_write peer=xx:7A:39 descriptor=cccd char=enrichment requestId=221 offset=0 bytes=2 responseNeeded=true value=notify
08-07 13:37:10.305  8720  8774 I SpectrePeripheral: event=char_read peer=xx:7A:39 char=metadata requestId=222 offset=0 valueBytes=36 responseBytes=36
08-07 13:37:10.366  8720  8774 I SpectrePeripheral: event=char_read peer=xx:7A:39 char=gps requestId=223 offset=0 valueBytes=42 responseBytes=42
08-07 13:37:10.422  8720  8774 I SpectrePeripheral: event=char_read peer=xx:7A:39 char=control requestId=224 offset=0 valueBytes=26 responseBytes=26
08-07 13:37:10.485  8720  8720 I SpectrePeripheral: event=char_write peer=xx:7A:39 char=storage requestId=225 offset=0 chunkBytes=90 totalBytes=90 prepared=false responseNeeded=true
08-07 13:37:10.486  8720  8720 I SpectrePeripheral: event=storage_snapshot_received peer=xx:7A:39 cipherBytes=90 plainBytes=68
08-07 13:37:11.701  8720  8762 I SpectrePeripheral: event=char_read peer=xx:7A:39 char=gps requestId=226 offset=0 valueBytes=42 responseBytes=42
08-07 13:37:11.741  8720  8762 I SpectrePeripheral: event=char_read peer=xx:7A:39 char=control requestId=227 offset=0 valueBytes=26 responseBytes=26
08-07 13:37:11.810  8720  8720 I SpectrePeripheral: event=char_write peer=xx:7A:39 char=event_batch requestId=228 offset=0 chunkBytes=202 totalBytes=202 prepared=false responseNeeded=true
08-07 13:37:11.811  8720  8720 I SpectrePeripheral: event=event_batch_received peer=xx:7A:39 cipherBytes=202 plainBytes=180 recordsEstimate=18 sessionId=0 batchId=0 totalBatches=59
08-07 13:37:12.002  8720  8720 I SpectrePeripheral: event=update_value char=control bytes=4
08-07 13:37:12.003  8720  8720 I SpectrePeripheral: event=notify_requested char=control bytes=26 connected=1
08-07 13:37:12.004  8720  8720 I SpectrePeripheral: event=notify_queued peer=xx:7A:39 char=control bytes=26 label=value chunk=0 chunks=1 queued=1
08-07 13:37:12.005  8720  8720 I SpectrePeripheral: event=notify_send reason=enqueue peer=xx:7A:39 char=control bytes=26 label=value chunk=0 chunks=1 remaining=0
08-07 13:37:12.005  8720  8720 I SpectrePeripheral: event=secure_value_updated char=control channel=2 plainBytes=4 cipherBytes=26 notify=true
08-07 13:37:12.009  8720  8747 I ReactNativeJS: [SpectreEnrich] batch events=18 matched=0 skipped=18 history=188 firstEvent=1783044772000 lastEvent=1783095146000 oldestHistory=1783461501000 newestHistory=1786126571866 nearestDriftMin=366355000 nearestDriftMax=416729000 nearestFixFirst=1783461501000 nativeRecorder=1
08-07 13:37:12.035  8720  8720 I SpectrePeripheral: event=notify_sent peer=xx:7A:39 status=success remaining=0
08-07 13:37:12.035  8720  8720 W SpectrePeripheral: event=enrichment_response_unframed records=18 pendingRecords=18 sessionId=0 batchId=0
08-07 13:37:12.035  8720  8720 I SpectrePeripheral: event=notify_chunked char=enrichment plainBytes=846 chunks=5 chunkPlainMax=200
08-07 13:37:12.036  8720  8720 I SpectrePeripheral: event=notify_chunk char=enrichment chunk=0 plainBytes=200 bytes=222
08-07 13:37:12.036  8720  8720 I SpectrePeripheral: event=notify_queued peer=xx:7A:39 char=enrichment bytes=222 label=chunked chunk=0 chunks=5 queued=1
08-07 13:37:12.037  8720  8720 I SpectrePeripheral: event=notify_send reason=enqueue peer=xx:7A:39 char=enrichment bytes=222 label=chunked chunk=0 chunks=5 remaining=0
08-07 13:37:12.038  8720  8720 I SpectrePeripheral: event=notify_chunk char=enrichment chunk=1 plainBytes=200 bytes=222
08-07 13:37:12.038  8720  8720 I SpectrePeripheral: event=notify_queued peer=xx:7A:39 char=enrichment bytes=222 label=chunked chunk=1 chunks=5 queued=1
08-07 13:37:12.038  8720  8720 I SpectrePeripheral: event=notify_chunk char=enrichment chunk=2 plainBytes=200 bytes=222
08-07 13:37:12.038  8720  8720 I SpectrePeripheral: event=notify_queued peer=xx:7A:39 char=enrichment bytes=222 label=chunked chunk=2 chunks=5 queued=2
08-07 13:37:12.039  8720  8720 I SpectrePeripheral: event=notify_chunk char=enrichment chunk=3 plainBytes=200 bytes=222
08-07 13:37:12.039  8720  8720 I SpectrePeripheral: event=notify_queued peer=xx:7A:39 char=enrichment bytes=222 label=chunked chunk=3 chunks=5 queued=3
08-07 13:37:12.040  8720  8720 I SpectrePeripheral: event=notify_chunk char=enrichment chunk=4 plainBytes=46 bytes=68
08-07 13:37:12.040  8720  8720 I SpectrePeripheral: event=notify_queued peer=xx:7A:39 char=enrichment bytes=68 label=chunked chunk=4 chunks=5 queued=4
08-07 13:37:12.041  8720  8720 I SpectrePeripheral: event=notify_sent peer=xx:7A:39 status=success remaining=4
08-07 13:37:12.118  8720  8720 I SpectrePeripheral: event=notify_send reason=sent_paced peer=xx:7A:39 char=enrichment bytes=222 label=chunked chunk=1 chunks=5 remaining=3
08-07 13:37:12.121  8720  8720 I SpectrePeripheral: event=notify_sent peer=xx:7A:39 status=success remaining=3
08-07 13:37:12.198  8720  8720 I SpectrePeripheral: event=notify_send reason=sent_paced peer=xx:7A:39 char=enrichment bytes=222 label=chunked chunk=2 chunks=5 remaining=2
08-07 13:37:12.201  8720  8720 I SpectrePeripheral: event=notify_sent peer=xx:7A:39 status=success remaining=2
08-07 13:37:12.278  8720  8720 I SpectrePeripheral: event=notify_send reason=sent_paced peer=xx:7A:39 char=enrichment bytes=222 label=chunked chunk=3 chunks=5 remaining=1
08-07 13:37:12.281  8720  8720 I SpectrePeripheral: event=notify_sent peer=xx:7A:39 status=success remaining=1
08-07 13:37:12.358  8720  8720 I SpectrePeripheral: event=notify_send reason=sent_paced peer=xx:7A:39 char=enrichment bytes=68 label=chunked chunk=4 chunks=5 remaining=0
08-07 13:37:12.361  8720  8720 I SpectrePeripheral: event=notify_sent peer=xx:7A:39 status=success remaining=0
08-07 13:37:12.622  8720  8720 I SpectrePeripheral: event=char_write peer=xx:7A:39 char=event_batch requestId=229 offset=0 chunkBytes=202 totalBytes=202 prepared=false responseNeeded=true
08-07 13:37:12.623  8720  8720 I SpectrePeripheral: event=event_batch_received peer=xx:7A:39 cipherBytes=202 plainBytes=180 recordsEstimate=18 sessionId=0 batchId=0 totalBatches=60
08-07 13:37:12.795  8720  8747 I ReactNativeJS: [SpectreEnrich] batch events=18 matched=0 skipped=18 history=188 firstEvent=1783046296000 lastEvent=1783095159000 oldestHistory=1783461501000 newestHistory=1786126571866 nearestDriftMin=366342000 nearestDriftMax=415205000 nearestFixFirst=1783461501000 nativeRecorder=1
08-07 13:37:12.824  8720  8720 I SpectrePeripheral: event=update_value char=control bytes=4
08-07 13:37:12.825  8720  8720 I SpectrePeripheral: event=notify_requested char=control bytes=26 connected=1
08-07 13:37:12.826  8720  8720 I SpectrePeripheral: event=notify_queued peer=xx:7A:39 char=control bytes=26 label=value chunk=0 chunks=1 queued=1
08-07 13:37:12.827  8720  8720 I SpectrePeripheral: event=notify_send reason=enqueue peer=xx:7A:39 char=control bytes=26 label=value chunk=0 chunks=1 remaining=0
08-07 13:37:12.828  8720  8720 I SpectrePeripheral: event=secure_value_updated char=control channel=2 plainBytes=4 cipherBytes=26 notify=true
08-07 13:37:12.828  8720  8720 W SpectrePeripheral: event=enrichment_response_unframed records=18 pendingRecords=18 sessionId=0 batchId=0
08-07 13:37:12.828  8720  8720 I SpectrePeripheral: event=notify_chunked char=enrichment plainBytes=846 chunks=5 chunkPlainMax=200
08-07 13:37:12.828  8720  8720 I SpectrePeripheral: event=notify_chunk char=enrichment chunk=0 plainBytes=200 bytes=222
08-07 13:37:12.829  8720  8720 I SpectrePeripheral: event=notify_queued peer=xx:7A:39 char=enrichment bytes=222 label=chunked chunk=0 chunks=5 queued=1
08-07 13:37:12.829  8720  8720 I SpectrePeripheral: event=notify_chunk char=enrichment chunk=1 plainBytes=200 bytes=222
08-07 13:37:12.829  8720  8720 I SpectrePeripheral: event=notify_queued peer=xx:7A:39 char=enrichment bytes=222 label=chunked chunk=1 chunks=5 queued=2
08-07 13:37:12.829  8720  8720 I SpectrePeripheral: event=notify_chunk char=enrichment chunk=2 plainBytes=200 bytes=222
08-07 13:37:12.830  8720  8720 I SpectrePeripheral: event=notify_queued peer=xx:7A:39 char=enrichment bytes=222 label=chunked chunk=2 chunks=5 queued=3
08-07 13:37:12.830  8720  8720 I SpectrePeripheral: event=notify_chunk char=enrichment chunk=3 plainBytes=200 bytes=222
08-07 13:37:12.831  8720  8720 I SpectrePeripheral: event=notify_queued peer=xx:7A:39 char=enrichment bytes=222 label=chunked chunk=3 chunks=5 queued=4
08-07 13:37:12.831  8720  8720 I SpectrePeripheral: event=notify_chunk char=enrichment chunk=4 plainBytes=46 bytes=68
08-07 13:37:12.831  8720  8720 I SpectrePeripheral: event=notify_queued peer=xx:7A:39 char=enrichment bytes=68 label=chunked chunk=4 chunks=5 queued=5
08-07 13:37:12.831  8720  8720 I SpectrePeripheral: event=notify_sent peer=xx:7A:39 status=success remaining=5
08-07 13:37:12.832  8720  8720 I SpectrePeripheral: event=notify_send reason=sent peer=xx:7A:39 char=enrichment bytes=222 label=chunked chunk=0 chunks=5 remaining=4
08-07 13:37:12.866  8720  8720 I SpectrePeripheral: event=notify_sent peer=xx:7A:39 status=success remaining=4
08-07 13:37:12.943  8720  8720 I SpectrePeripheral: event=notify_send reason=sent_paced peer=xx:7A:39 char=enrichment bytes=222 label=chunked chunk=1 chunks=5 remaining=3
08-07 13:37:12.946  8720  8720 I SpectrePeripheral: event=notify_sent peer=xx:7A:39 status=success remaining=3
08-07 13:37:13.022  8720  8720 I SpectrePeripheral: event=notify_send reason=sent_paced peer=xx:7A:39 char=enrichment bytes=222 label=chunked chunk=2 chunks=5 remaining=2
08-07 13:37:13.024  8720  8720 I SpectrePeripheral: event=notify_sent peer=xx:7A:39 status=success remaining=2
08-07 13:37:13.100  8720  8720 I SpectrePeripheral: event=notify_send reason=sent_paced peer=xx:7A:39 char=enrichment bytes=222 label=chunked chunk=3 chunks=5 remaining=1
08-07 13:37:13.102  8720  8720 I SpectrePeripheral: event=notify_sent peer=xx:7A:39 status=success remaining=1
08-07 13:37:13.179  8720  8720 I SpectrePeripheral: event=notify_send reason=sent_paced peer=xx:7A:39 char=enrichment bytes=68 label=chunked chunk=4 chunks=5 remaining=0
08-07 13:37:13.182  8720  8720 I SpectrePeripheral: event=notify_sent peer=xx:7A:39 status=success remaining=0
08-07 13:37:13.555  8720  8720 I SpectrePeripheral: event=char_write peer=xx:7A:39 char=event_batch requestId=230 offset=0 chunkBytes=202 totalBytes=202 prepared=false responseNeeded=true
08-07 13:37:13.557  8720  8720 I SpectrePeripheral: event=event_batch_received peer=xx:7A:39 cipherBytes=202 plainBytes=180 recordsEstimate=18 sessionId=0 batchId=0 totalBatches=61
08-07 13:37:13.757  8720  8747 I ReactNativeJS: [SpectreEnrich] batch events=18 matched=0 skipped=18 history=188 firstEvent=1783044792000 lastEvent=1783124066000 oldestHistory=1783461501000 newestHistory=1786126571866 nearestDriftMin=337435000 nearestDriftMax=416709000 nearestFixFirst=1783461501000 nativeRecorder=1
08-07 13:37:13.782  8720  8720 W SpectrePeripheral: event=enrichment_response_unframed records=18 pendingRecords=18 sessionId=0 batchId=0
08-07 13:37:13.782  8720  8720 I SpectrePeripheral: event=notify_chunked char=enrichment plainBytes=846 chunks=5 chunkPlainMax=200
08-07 13:37:13.782  8720  8720 I SpectrePeripheral: event=notify_chunk char=enrichment chunk=0 plainBytes=200 bytes=222
08-07 13:37:13.783  8720  8720 I SpectrePeripheral: event=notify_queued peer=xx:7A:39 char=enrichment bytes=222 label=chunked chunk=0 chunks=5 queued=1
08-07 13:37:13.784  8720  8720 I SpectrePeripheral: event=notify_send reason=enqueue peer=xx:7A:39 char=enrichment bytes=222 label=chunked chunk=0 chunks=5 remaining=0
08-07 13:37:13.785  8720  8720 I SpectrePeripheral: event=notify_chunk char=enrichment chunk=1 plainBytes=200 bytes=222
08-07 13:37:13.785  8720  8720 I SpectrePeripheral: event=notify_queued peer=xx:7A:39 char=enrichment bytes=222 label=chunked chunk=1 chunks=5 queued=1
08-07 13:37:13.785  8720  8720 I SpectrePeripheral: event=notify_chunk char=enrichment chunk=2 plainBytes=200 bytes=222
08-07 13:37:13.786  8720  8720 I SpectrePeripheral: event=notify_queued peer=xx:7A:39 char=enrichment bytes=222 label=chunked chunk=2 chunks=5 queued=2
08-07 13:37:13.786  8720  8720 I SpectrePeripheral: event=notify_chunk char=enrichment chunk=3 plainBytes=200 bytes=222
08-07 13:37:13.787  8720  8720 I SpectrePeripheral: event=notify_queued peer=xx:7A:39 char=enrichment bytes=222 label=chunked chunk=3 chunks=5 queued=3
08-07 13:37:13.787  8720  8720 I SpectrePeripheral: event=notify_chunk char=enrichment chunk=4 plainBytes=46 bytes=68
08-07 13:37:13.788  8720  8720 I SpectrePeripheral: event=notify_queued peer=xx:7A:39 char=enrichment bytes=68 label=chunked chunk=4 chunks=5 queued=4
08-07 13:37:13.788  8720  8720 I SpectrePeripheral: event=update_value char=control bytes=4
08-07 13:37:13.788  8720  8720 I SpectrePeripheral: event=notify_requested char=control bytes=26 connected=1
08-07 13:37:13.789  8720  8720 I SpectrePeripheral: event=notify_queued peer=xx:7A:39 char=control bytes=26 label=value chunk=0 chunks=1 queued=5
08-07 13:37:13.789  8720  8720 I SpectrePeripheral: event=secure_value_updated char=control channel=2 plainBytes=4 cipherBytes=26 notify=true
08-07 13:37:13.789  8720  8720 I SpectrePeripheral: event=notify_sent peer=xx:7A:39 status=success remaining=5
08-07 13:37:13.845  8720  8762 I SpectrePeripheral: event=char_read peer=xx:7A:39 char=control requestId=231 offset=0 valueBytes=26 responseBytes=26
08-07 13:37:13.865  8720  8720 I SpectrePeripheral: event=notify_send reason=sent_paced peer=xx:7A:39 char=enrichment bytes=222 label=chunked chunk=1 chunks=5 remaining=4
08-07 13:37:13.867  8720  8720 I SpectrePeripheral: event=notify_sent peer=xx:7A:39 status=success remaining=4
08-07 13:37:13.943  8720  8720 I SpectrePeripheral: event=notify_send reason=sent_paced peer=xx:7A:39 char=enrichment bytes=222 label=chunked chunk=2 chunks=5 remaining=3
08-07 13:37:13.946  8720  8720 I SpectrePeripheral: event=notify_sent peer=xx:7A:39 status=success remaining=3
08-07 13:37:14.023  8720  8720 I SpectrePeripheral: event=notify_send reason=sent_paced peer=xx:7A:39 char=enrichment bytes=222 label=chunked chunk=3 chunks=5 remaining=2
08-07 13:37:14.026  8720  8720 I SpectrePeripheral: event=notify_sent peer=xx:7A:39 status=success remaining=2
08-07 13:37:14.103  8720  8720 I SpectrePeripheral: event=notify_send reason=sent_paced peer=xx:7A:39 char=enrichment bytes=68 label=chunked chunk=4 chunks=5 remaining=1
08-07 13:37:14.106  8720  8720 I SpectrePeripheral: event=notify_sent peer=xx:7A:39 status=success remaining=1
08-07 13:37:14.183  8720  8720 I SpectrePeripheral: event=notify_send reason=sent_paced peer=xx:7A:39 char=control bytes=26 label=value chunk=0 chunks=1 remaining=0
08-07 13:37:14.187  8720  8720 I SpectrePeripheral: event=notify_sent peer=xx:7A:39 status=success remaining=0
08-07 13:37:14.297  8720  8720 I SpectrePeripheral: event=char_write peer=xx:7A:39 char=event_batch requestId=232 offset=0 chunkBytes=202 totalBytes=202 prepared=false responseNeeded=true
08-07 13:37:14.299  8720  8720 I SpectrePeripheral: event=event_batch_received peer=xx:7A:39 cipherBytes=202 plainBytes=180 recordsEstimate=18 sessionId=0 batchId=0 totalBatches=62
08-07 13:37:14.506  8720  8747 I ReactNativeJS: [SpectreEnrich] batch events=18 matched=0 skipped=18 history=188 firstEvent=1783044809000 lastEvent=1783124072000 oldestHistory=1783461501000 newestHistory=1786126571866 nearestDriftMin=337429000 nearestDriftMax=416692000 nearestFixFirst=1783461501000 nativeRecorder=1
08-07 13:37:14.531  8720  8720 I SpectrePeripheral: event=update_value char=control bytes=4
08-07 13:37:14.531  8720  8720 I SpectrePeripheral: event=notify_requested char=control bytes=26 connected=1
08-07 13:37:14.532  8720  8720 I SpectrePeripheral: event=notify_queued peer=xx:7A:39 char=control bytes=26 label=value chunk=0 chunks=1 queued=1
08-07 13:37:14.533  8720  8720 I SpectrePeripheral: event=notify_send reason=enqueue peer=xx:7A:39 char=control bytes=26 label=value chunk=0 chunks=1 remaining=0
08-07 13:37:14.534  8720  8720 I SpectrePeripheral: event=secure_value_updated char=control channel=2 plainBytes=4 cipherBytes=26 notify=true
08-07 13:37:14.534  8720  8720 W SpectrePeripheral: event=enrichment_response_unframed records=18 pendingRecords=18 sessionId=0 batchId=0
08-07 13:37:14.534  8720  8720 I SpectrePeripheral: event=notify_chunked char=enrichment plainBytes=846 chunks=5 chunkPlainMax=200
08-07 13:37:14.535  8720  8720 I SpectrePeripheral: event=notify_chunk char=enrichment chunk=0 plainBytes=200 bytes=222
08-07 13:37:14.536  8720  8720 I SpectrePeripheral: event=notify_queued peer=xx:7A:39 char=enrichment bytes=222 label=chunked chunk=0 chunks=5 queued=1
08-07 13:37:14.536  8720  8720 I SpectrePeripheral: event=notify_chunk char=enrichment chunk=1 plainBytes=200 bytes=222
08-07 13:37:14.537  8720  8720 I SpectrePeripheral: event=notify_queued peer=xx:7A:39 char=enrichment bytes=222 label=chunked chunk=1 chunks=5 queued=2
08-07 13:37:14.537  8720  8720 I SpectrePeripheral: event=notify_chunk char=enrichment chunk=2 plainBytes=200 bytes=222
08-07 13:37:14.537  8720  8720 I SpectrePeripheral: event=notify_queued peer=xx:7A:39 char=enrichment bytes=222 label=chunked chunk=2 chunks=5 queued=3
08-07 13:37:14.538  8720  8720 I SpectrePeripheral: event=notify_chunk char=enrichment chunk=3 plainBytes=200 bytes=222
08-07 13:37:14.538  8720  8720 I SpectrePeripheral: event=notify_queued peer=xx:7A:39 char=enrichment bytes=222 label=chunked chunk=3 chunks=5 queued=4
08-07 13:37:14.538  8720  8720 I SpectrePeripheral: event=notify_chunk char=enrichment chunk=4 plainBytes=46 bytes=68
08-07 13:37:14.539  8720  8720 I SpectrePeripheral: event=notify_queued peer=xx:7A:39 char=enrichment bytes=68 label=chunked chunk=4 chunks=5 queued=5
08-07 13:37:14.540  8720  8720 I SpectrePeripheral: event=notify_sent peer=xx:7A:39 status=success remaining=5
08-07 13:37:14.541  8720  8720 I SpectrePeripheral: event=notify_send reason=sent peer=xx:7A:39 char=enrichment bytes=222 label=chunked chunk=0 chunks=5 remaining=4
08-07 13:37:14.572  8720  8720 I SpectrePeripheral: event=notify_sent peer=xx:7A:39 status=success remaining=4
08-07 13:37:14.649  8720  8720 I SpectrePeripheral: event=notify_send reason=sent_paced peer=xx:7A:39 char=enrichment bytes=222 label=chunked chunk=1 chunks=5 remaining=3
08-07 13:37:14.652  8720  8720 I SpectrePeripheral: event=notify_sent peer=xx:7A:39 status=success remaining=3
08-07 13:37:14.728  8720  8720 I SpectrePeripheral: event=notify_send reason=sent_paced peer=xx:7A:39 char=enrichment bytes=222 label=chunked chunk=2 chunks=5 remaining=2
08-07 13:37:14.732  8720  8720 I SpectrePeripheral: event=notify_sent peer=xx:7A:39 status=success remaining=2
08-07 13:37:14.809  8720  8720 I SpectrePeripheral: event=notify_send reason=sent_paced peer=xx:7A:39 char=enrichment bytes=222 label=chunked chunk=3 chunks=5 remaining=1
08-07 13:37:14.811  8720  8720 I SpectrePeripheral: event=notify_sent peer=xx:7A:39 status=success remaining=1
08-07 13:37:14.888  8720  8720 I SpectrePeripheral: event=notify_send reason=sent_paced peer=xx:7A:39 char=enrichment bytes=68 label=chunked chunk=4 chunks=5 remaining=0
08-07 13:37:14.890  8720  8720 I SpectrePeripheral: event=notify_sent peer=xx:7A:39 status=success remaining=0
08-07 13:37:15.200  8720  8720 I SpectrePeripheral: event=char_write peer=xx:7A:39 char=event_batch requestId=233 offset=0 chunkBytes=202 totalBytes=202 prepared=false responseNeeded=true
08-07 13:37:15.202  8720  8720 I SpectrePeripheral: event=event_batch_received peer=xx:7A:39 cipherBytes=202 plainBytes=180 recordsEstimate=18 sessionId=0 batchId=0 totalBatches=63
08-07 13:37:15.379  8720  8747 I ReactNativeJS: [SpectreEnrich] batch events=18 matched=0 skipped=18 history=188 firstEvent=1783044816000 lastEvent=1783095194000 oldestHistory=1783461501000 newestHistory=1786126571866 nearestDriftMin=366307000 nearestDriftMax=416685000 nearestFixFirst=1783461501000 nativeRecorder=1
08-07 13:37:15.403  8720  8720 I SpectrePeripheral: event=update_value char=control bytes=4
08-07 13:37:15.403  8720  8720 I SpectrePeripheral: event=notify_requested char=control bytes=26 connected=1
08-07 13:37:15.404  8720  8720 I SpectrePeripheral: event=notify_queued peer=xx:7A:39 char=control bytes=26 label=value chunk=0 chunks=1 queued=1
08-07 13:37:15.404  8720  8720 I SpectrePeripheral: event=notify_send reason=enqueue peer=xx:7A:39 char=control bytes=26 label=value chunk=0 chunks=1 remaining=0
08-07 13:37:15.405  8720  8720 I SpectrePeripheral: event=secure_value_updated char=control channel=2 plainBytes=4 cipherBytes=26 notify=true
08-07 13:37:15.405  8720  8720 W SpectrePeripheral: event=enrichment_response_unframed records=18 pendingRecords=18 sessionId=0 batchId=0
08-07 13:37:15.405  8720  8720 I SpectrePeripheral: event=notify_chunked char=enrichment plainBytes=846 chunks=5 chunkPlainMax=200
08-07 13:37:15.405  8720  8720 I SpectrePeripheral: event=notify_chunk char=enrichment chunk=0 plainBytes=200 bytes=222
08-07 13:37:15.406  8720  8720 I SpectrePeripheral: event=notify_queued peer=xx:7A:39 char=enrichment bytes=222 label=chunked chunk=0 chunks=5 queued=1
08-07 13:37:15.406  8720  8720 I SpectrePeripheral: event=notify_chunk char=enrichment chunk=1 plainBytes=200 bytes=222
08-07 13:37:15.406  8720  8720 I SpectrePeripheral: event=notify_queued peer=xx:7A:39 char=enrichment bytes=222 label=chunked chunk=1 chunks=5 queued=2
08-07 13:37:15.406  8720  8720 I SpectrePeripheral: event=notify_chunk char=enrichment chunk=2 plainBytes=200 bytes=222
08-07 13:37:15.407  8720  8720 I SpectrePeripheral: event=notify_queued peer=xx:7A:39 char=enrichment bytes=222 label=chunked chunk=2 chunks=5 queued=3
08-07 13:37:15.407  8720  8720 I SpectrePeripheral: event=notify_chunk char=enrichment chunk=3 plainBytes=200 bytes=222
08-07 13:37:15.407  8720  8720 I SpectrePeripheral: event=notify_queued peer=xx:7A:39 char=enrichment bytes=222 label=chunked chunk=3 chunks=5 queued=4
08-07 13:37:15.408  8720  8720 I SpectrePeripheral: event=notify_chunk char=enrichment chunk=4 plainBytes=46 bytes=68
08-07 13:37:15.408  8720  8720 I SpectrePeripheral: event=notify_queued peer=xx:7A:39 char=enrichment bytes=68 label=chunked chunk=4 chunks=5 queued=5
08-07 13:37:15.409  8720  8720 I SpectrePeripheral: event=notify_sent peer=xx:7A:39 status=success remaining=5
08-07 13:37:15.410  8720  8720 I SpectrePeripheral: event=notify_send reason=sent peer=xx:7A:39 char=enrichment bytes=222 label=chunked chunk=0 chunks=5 remaining=4
08-07 13:37:15.446  8720  8720 I SpectrePeripheral: event=notify_sent peer=xx:7A:39 status=success remaining=4
08-07 13:37:15.523  8720  8720 I SpectrePeripheral: event=notify_send reason=sent_paced peer=xx:7A:39 char=enrichment bytes=222 label=chunked chunk=1 chunks=5 remaining=3
08-07 13:37:15.527  8720  8720 I SpectrePeripheral: event=notify_sent peer=xx:7A:39 status=success remaining=3
08-07 13:37:15.604  8720  8720 I SpectrePeripheral: event=notify_send reason=sent_paced peer=xx:7A:39 char=enrichment bytes=222 label=chunked chunk=2 chunks=5 remaining=2
08-07 13:37:15.607  8720  8720 I SpectrePeripheral: event=notify_sent peer=xx:7A:39 status=success remaining=2
08-07 13:37:15.683  8720  8720 I SpectrePeripheral: event=notify_send reason=sent_paced peer=xx:7A:39 char=enrichment bytes=222 label=chunked chunk=3 chunks=5 remaining=1
08-07 13:37:15.687  8720  8720 I SpectrePeripheral: event=notify_sent peer=xx:7A:39 status=success remaining=1
08-07 13:37:15.762  8720  8720 I SpectrePeripheral: event=notify_send reason=sent_paced peer=xx:7A:39 char=enrichment bytes=68 label=chunked chunk=4 chunks=5 remaining=0
08-07 13:37:15.765  8720  8720 I SpectrePeripheral: event=notify_sent peer=xx:7A:39 status=success remaining=0
08-07 13:37:15.982  8720  8762 I SpectrePeripheral: event=char_read peer=xx:7A:39 char=control requestId=234 offset=0 valueBytes=26 responseBytes=26
08-07 13:37:16.130  8720  8720 I SpectrePeripheral: event=char_write peer=xx:7A:39 char=event_batch requestId=235 offset=0 chunkBytes=202 totalBytes=202 prepared=false responseNeeded=true
08-07 13:37:16.133  8720  8720 I SpectrePeripheral: event=event_batch_received peer=xx:7A:39 cipherBytes=202 plainBytes=180 recordsEstimate=18 sessionId=0 batchId=0 totalBatches=64
08-07 13:37:16.336  8720  8747 I ReactNativeJS: [SpectreEnrich] batch events=18 matched=0 skipped=18 history=188 firstEvent=1783044836000 lastEvent=1783124102000 oldestHistory=1783461501000 newestHistory=1786126571866 nearestDriftMin=337399000 nearestDriftMax=416665000 nearestFixFirst=1783461501000 nativeRecorder=1
08-07 13:37:16.361  8720  8720 I SpectrePeripheral: event=update_value char=control bytes=4
08-07 13:37:16.361  8720  8720 I SpectrePeripheral: event=notify_requested char=control bytes=26 connected=1
08-07 13:37:16.362  8720  8720 I SpectrePeripheral: event=notify_queued peer=xx:7A:39 char=control bytes=26 label=value chunk=0 chunks=1 queued=1
08-07 13:37:16.363  8720  8720 I SpectrePeripheral: event=notify_send reason=enqueue peer=xx:7A:39 char=control bytes=26 label=value chunk=0 chunks=1 remaining=0
08-07 13:37:16.363  8720  8720 I SpectrePeripheral: event=secure_value_updated char=control channel=2 plainBytes=4 cipherBytes=26 notify=true
08-07 13:37:16.364  8720  8720 W SpectrePeripheral: event=enrichment_response_unframed records=18 pendingRecords=18 sessionId=0 batchId=0
08-07 13:37:16.364  8720  8720 I SpectrePeripheral: event=notify_chunked char=enrichment plainBytes=846 chunks=5 chunkPlainMax=200
08-07 13:37:16.364  8720  8720 I SpectrePeripheral: event=notify_chunk char=enrichment chunk=0 plainBytes=200 bytes=222
08-07 13:37:16.364  8720  8720 I SpectrePeripheral: event=notify_queued peer=xx:7A:39 char=enrichment bytes=222 label=chunked chunk=0 chunks=5 queued=1
08-07 13:37:16.364  8720  8720 I SpectrePeripheral: event=notify_chunk char=enrichment chunk=1 plainBytes=200 bytes=222
08-07 13:37:16.365  8720  8720 I SpectrePeripheral: event=notify_queued peer=xx:7A:39 char=enrichment bytes=222 label=chunked chunk=1 chunks=5 queued=2
08-07 13:37:16.365  8720  8720 I SpectrePeripheral: event=notify_chunk char=enrichment chunk=2 plainBytes=200 bytes=222
08-07 13:37:16.365  8720  8720 I SpectrePeripheral: event=notify_queued peer=xx:7A:39 char=enrichment bytes=222 label=chunked chunk=2 chunks=5 queued=3
08-07 13:37:16.365  8720  8720 I SpectrePeripheral: event=notify_chunk char=enrichment chunk=3 plainBytes=200 bytes=222
08-07 13:37:16.366  8720  8720 I SpectrePeripheral: event=notify_queued peer=xx:7A:39 char=enrichment bytes=222 label=chunked chunk=3 chunks=5 queued=4
08-07 13:37:16.366  8720  8720 I SpectrePeripheral: event=notify_chunk char=enrichment chunk=4 plainBytes=46 bytes=68
08-07 13:37:16.366  8720  8720 I SpectrePeripheral: event=notify_queued peer=xx:7A:39 char=enrichment bytes=68 label=chunked chunk=4 chunks=5 queued=5
08-07 13:37:16.367  8720  8720 I SpectrePeripheral: event=notify_sent peer=xx:7A:39 status=success remaining=5
08-07 13:37:16.367  8720  8720 I SpectrePeripheral: event=notify_send reason=sent peer=xx:7A:39 char=enrichment bytes=222 label=chunked chunk=0 chunks=5 remaining=4
08-07 13:37:16.404  8720  8720 I SpectrePeripheral: event=notify_sent peer=xx:7A:39 status=success remaining=4
08-07 13:37:16.480  8720  8720 I SpectrePeripheral: event=notify_send reason=sent_paced peer=xx:7A:39 char=enrichment bytes=222 label=chunked chunk=1 chunks=5 remaining=3
08-07 13:37:16.482  8720  8720 I SpectrePeripheral: event=notify_sent peer=xx:7A:39 status=success remaining=3
08-07 13:37:16.557  8720  8720 I SpectrePeripheral: event=notify_send reason=sent_paced peer=xx:7A:39 char=enrichment bytes=222 label=chunked chunk=2 chunks=5 remaining=2
08-07 13:37:16.562  8720  8720 I SpectrePeripheral: event=notify_sent peer=xx:7A:39 status=success remaining=2
08-07 13:37:16.639  8720  8720 I SpectrePeripheral: event=notify_send reason=sent_paced peer=xx:7A:39 char=enrichment bytes=222 label=chunked chunk=3 chunks=5 remaining=1
08-07 13:37:16.643  8720  8720 I SpectrePeripheral: event=notify_sent peer=xx:7A:39 status=success remaining=1
08-07 13:37:16.720  8720  8720 I SpectrePeripheral: event=notify_send reason=sent_paced peer=xx:7A:39 char=enrichment bytes=68 label=chunked chunk=4 chunks=5 remaining=0
08-07 13:37:16.721  8720  8774 I SpectrePeripheral: event=char_read peer=xx:7A:39 char=gps requestId=236 offset=0 valueBytes=42 responseBytes=42
08-07 13:37:16.723  8720  8720 I SpectrePeripheral: event=notify_sent peer=xx:7A:39 status=success remaining=0
08-07 13:37:17.023  8720  8720 I SpectrePeripheral: event=char_write peer=xx:7A:39 char=event_batch requestId=237 offset=0 chunkBytes=202 totalBytes=202 prepared=false responseNeeded=true
08-07 13:37:17.024  8720  8720 I SpectrePeripheral: event=event_batch_received peer=xx:7A:39 cipherBytes=202 plainBytes=180 recordsEstimate=18 sessionId=0 batchId=0 totalBatches=65
08-07 13:37:17.206  8720  8747 I ReactNativeJS: [SpectreEnrich] batch events=18 matched=0 skipped=18 history=188 firstEvent=1783044848000 lastEvent=1783124182000 oldestHistory=1783461501000 newestHistory=1786126571866 nearestDriftMin=337319000 nearestDriftMax=416653000 nearestFixFirst=1783461501000 nativeRecorder=1
08-07 13:37:17.234  8720  8720 I SpectrePeripheral: event=update_value char=control bytes=4
08-07 13:37:17.234  8720  8720 I SpectrePeripheral: event=notify_requested char=control bytes=26 connected=1
08-07 13:37:17.236  8720  8720 I SpectrePeripheral: event=notify_queued peer=xx:7A:39 char=control bytes=26 label=value chunk=0 chunks=1 queued=1
08-07 13:37:17.236  8720  8720 I SpectrePeripheral: event=notify_send reason=enqueue peer=xx:7A:39 char=control bytes=26 label=value chunk=0 chunks=1 remaining=0
08-07 13:37:17.237  8720  8720 I SpectrePeripheral: event=secure_value_updated char=control channel=2 plainBytes=4 cipherBytes=26 notify=true
08-07 13:37:17.237  8720  8720 W SpectrePeripheral: event=enrichment_response_unframed records=18 pendingRecords=18 sessionId=0 batchId=0
08-07 13:37:17.237  8720  8720 I SpectrePeripheral: event=notify_chunked char=enrichment plainBytes=846 chunks=5 chunkPlainMax=200
08-07 13:37:17.237  8720  8720 I SpectrePeripheral: event=notify_chunk char=enrichment chunk=0 plainBytes=200 bytes=222
08-07 13:37:17.237  8720  8720 I SpectrePeripheral: event=notify_queued peer=xx:7A:39 char=enrichment bytes=222 label=chunked chunk=0 chunks=5 queued=1
08-07 13:37:17.238  8720  8720 I SpectrePeripheral: event=notify_chunk char=enrichment chunk=1 plainBytes=200 bytes=222
08-07 13:37:17.238  8720  8720 I SpectrePeripheral: event=notify_queued peer=xx:7A:39 char=enrichment bytes=222 label=chunked chunk=1 chunks=5 queued=2
08-07 13:37:17.238  8720  8720 I SpectrePeripheral: event=notify_chunk char=enrichment chunk=2 plainBytes=200 bytes=222
08-07 13:37:17.238  8720  8720 I SpectrePeripheral: event=notify_queued peer=xx:7A:39 char=enrichment bytes=222 label=chunked chunk=2 chunks=5 queued=3
08-07 13:37:17.238  8720  8720 I SpectrePeripheral: event=notify_chunk char=enrichment chunk=3 plainBytes=200 bytes=222
08-07 13:37:17.239  8720  8720 I SpectrePeripheral: event=notify_queued peer=xx:7A:39 char=enrichment bytes=222 label=chunked chunk=3 chunks=5 queued=4
08-07 13:37:17.239  8720  8720 I SpectrePeripheral: event=notify_chunk char=enrichment chunk=4 plainBytes=46 bytes=68
08-07 13:37:17.240  8720  8720 I SpectrePeripheral: event=notify_queued peer=xx:7A:39 char=enrichment bytes=68 label=chunked chunk=4 chunks=5 queued=5
08-07 13:37:17.241  8720  8720 I SpectrePeripheral: event=notify_sent peer=xx:7A:39 status=success remaining=5
08-07 13:37:17.242  8720  8720 I SpectrePeripheral: event=notify_send reason=sent peer=xx:7A:39 char=enrichment bytes=222 label=chunked chunk=0 chunks=5 remaining=4
08-07 13:37:17.277  8720  8720 I SpectrePeripheral: event=notify_sent peer=xx:7A:39 status=success remaining=4
08-07 13:37:17.354  8720  8720 I SpectrePeripheral: event=notify_send reason=sent_paced peer=xx:7A:39 char=enrichment bytes=222 label=chunked chunk=1 chunks=5 remaining=3
08-07 13:37:17.357  8720  8720 I SpectrePeripheral: event=notify_sent peer=xx:7A:39 status=success remaining=3
08-07 13:37:17.433  8720  8720 I SpectrePeripheral: event=notify_send reason=sent_paced peer=xx:7A:39 char=enrichment bytes=222 label=chunked chunk=2 chunks=5 remaining=2
08-07 13:37:17.437  8720  8720 I SpectrePeripheral: event=notify_sent peer=xx:7A:39 status=success remaining=2
08-07 13:37:17.513  8720  8720 I SpectrePeripheral: event=notify_send reason=sent_paced peer=xx:7A:39 char=enrichment bytes=222 label=chunked chunk=3 chunks=5 remaining=1
08-07 13:37:17.515  8720  8720 I SpectrePeripheral: event=notify_sent peer=xx:7A:39 status=success remaining=1
08-07 13:37:17.597  8720  8720 I SpectrePeripheral: event=notify_send reason=sent_paced peer=xx:7A:39 char=enrichment bytes=68 label=chunked chunk=4 chunks=5 remaining=0
08-07 13:37:17.600  8720  8720 I SpectrePeripheral: event=notify_sent peer=xx:7A:39 status=success remaining=0
08-07 13:37:17.965  8720  8720 I SpectrePeripheral: event=char_write peer=xx:7A:39 char=event_batch requestId=238 offset=0 chunkBytes=202 totalBytes=202 prepared=false responseNeeded=true
08-07 13:37:17.967  8720  8720 I SpectrePeripheral: event=event_batch_received peer=xx:7A:39 cipherBytes=202 plainBytes=180 recordsEstimate=18 sessionId=0 batchId=0 totalBatches=66
08-07 13:37:18.105  8720  8762 I SpectrePeripheral: event=char_read peer=xx:7A:39 char=control requestId=239 offset=0 valueBytes=26 responseBytes=26
08-07 13:37:18.164  8720  8747 I ReactNativeJS: [SpectreEnrich] batch events=18 matched=0 skipped=18 history=188 firstEvent=1783046263000 lastEvent=1783124225000 oldestHistory=1783461501000 newestHistory=1786126571866 nearestDriftMin=337276000 nearestDriftMax=415238000 nearestFixFirst=1783461501000 nativeRecorder=1
08-07 13:37:18.191  8720  8720 I SpectrePeripheral: event=update_value char=control bytes=4
08-07 13:37:18.191  8720  8720 I SpectrePeripheral: event=notify_requested char=control bytes=26 connected=1
08-07 13:37:18.192  8720  8720 I SpectrePeripheral: event=notify_queued peer=xx:7A:39 char=control bytes=26 label=value chunk=0 chunks=1 queued=1
08-07 13:37:18.193  8720  8720 I SpectrePeripheral: event=notify_send reason=enqueue peer=xx:7A:39 char=control bytes=26 label=value chunk=0 chunks=1 remaining=0
08-07 13:37:18.194  8720  8720 I SpectrePeripheral: event=secure_value_updated char=control channel=2 plainBytes=4 cipherBytes=26 notify=true
08-07 13:37:18.194  8720  8720 W SpectrePeripheral: event=enrichment_response_unframed records=18 pendingRecords=18 sessionId=0 batchId=0
08-07 13:37:18.194  8720  8720 I SpectrePeripheral: event=notify_chunked char=enrichment plainBytes=846 chunks=5 chunkPlainMax=200
08-07 13:37:18.194  8720  8720 I SpectrePeripheral: event=notify_chunk char=enrichment chunk=0 plainBytes=200 bytes=222
08-07 13:37:18.194  8720  8720 I SpectrePeripheral: event=notify_queued peer=xx:7A:39 char=enrichment bytes=222 label=chunked chunk=0 chunks=5 queued=1
08-07 13:37:18.194  8720  8720 I SpectrePeripheral: event=notify_chunk char=enrichment chunk=1 plainBytes=200 bytes=222
08-07 13:37:18.195  8720  8720 I SpectrePeripheral: event=notify_queued peer=xx:7A:39 char=enrichment bytes=222 label=chunked chunk=1 chunks=5 queued=2
08-07 13:37:18.196  8720  8720 I SpectrePeripheral: event=notify_chunk char=enrichment chunk=2 plainBytes=200 bytes=222
08-07 13:37:18.196  8720  8720 I SpectrePeripheral: event=notify_queued peer=xx:7A:39 char=enrichment bytes=222 label=chunked chunk=2 chunks=5 queued=3
08-07 13:37:18.196  8720  8720 I SpectrePeripheral: event=notify_chunk char=enrichment chunk=3 plainBytes=200 bytes=222
08-07 13:37:18.197  8720  8720 I SpectrePeripheral: event=notify_queued peer=xx:7A:39 char=enrichment bytes=222 label=chunked chunk=3 chunks=5 queued=4
08-07 13:37:18.197  8720  8720 I SpectrePeripheral: event=notify_chunk char=enrichment chunk=4 plainBytes=46 bytes=68
08-07 13:37:18.197  8720  8720 I SpectrePeripheral: event=notify_queued peer=xx:7A:39 char=enrichment bytes=68 label=chunked chunk=4 chunks=5 queued=5
08-07 13:37:18.198  8720  8720 I SpectrePeripheral: event=notify_sent peer=xx:7A:39 status=success remaining=5
08-07 13:37:18.199  8720  8720 I SpectrePeripheral: event=notify_send reason=sent peer=xx:7A:39 char=enrichment bytes=222 label=chunked chunk=0 chunks=5 remaining=4
08-07 13:37:18.234  8720  8720 I SpectrePeripheral: event=notify_sent peer=xx:7A:39 status=success remaining=4
08-07 13:37:18.317  8720  8720 I SpectrePeripheral: event=notify_send reason=sent_paced peer=xx:7A:39 char=enrichment bytes=222 label=chunked chunk=1 chunks=5 remaining=3
08-07 13:37:18.319  8720  8720 I SpectrePeripheral: event=notify_sent peer=xx:7A:39 status=success remaining=3
08-07 13:37:18.395  8720  8720 I SpectrePeripheral: event=notify_send reason=sent_paced peer=xx:7A:39 char=enrichment bytes=222 label=chunked chunk=2 chunks=5 remaining=2
08-07 13:37:18.398  8720  8720 I SpectrePeripheral: event=notify_sent peer=xx:7A:39 status=success remaining=2
08-07 13:37:18.474  8720  8720 I SpectrePeripheral: event=notify_send reason=sent_paced peer=xx:7A:39 char=enrichment bytes=222 label=chunked chunk=3 chunks=5 remaining=1
08-07 13:37:18.477  8720  8720 I SpectrePeripheral: event=notify_sent peer=xx:7A:39 status=success remaining=1
08-07 13:37:18.553  8720  8720 I SpectrePeripheral: event=notify_send reason=sent_paced peer=xx:7A:39 char=enrichment bytes=68 label=chunked chunk=4 chunks=5 remaining=0
08-07 13:37:18.555  8720  8720 I SpectrePeripheral: event=notify_sent peer=xx:7A:39 status=success remaining=0
08-07 13:37:18.856  8720  8720 I SpectrePeripheral: event=char_write peer=xx:7A:39 char=event_batch requestId=240 offset=0 chunkBytes=202 totalBytes=202 prepared=false responseNeeded=true
08-07 13:37:18.857  8720  8720 I SpectrePeripheral: event=event_batch_received peer=xx:7A:39 cipherBytes=202 plainBytes=180 recordsEstimate=18 sessionId=0 batchId=0 totalBatches=67
08-07 13:37:19.040  8720  8747 I ReactNativeJS: [SpectreEnrich] batch events=18 matched=0 skipped=18 history=188 firstEvent=1783056302000 lastEvent=1783124342000 oldestHistory=1783461501000 newestHistory=1786126571866 nearestDriftMin=337159000 nearestDriftMax=405199000 nearestFixFirst=1783461501000 nativeRecorder=1
08-07 13:37:19.064  8720  8720 I SpectrePeripheral: event=update_value char=control bytes=4
08-07 13:37:19.064  8720  8720 I SpectrePeripheral: event=notify_requested char=control bytes=26 connected=1
08-07 13:37:19.066  8720  8720 I SpectrePeripheral: event=notify_queued peer=xx:7A:39 char=control bytes=26 label=value chunk=0 chunks=1 queued=1
08-07 13:37:19.066  8720  8720 I SpectrePeripheral: event=notify_send reason=enqueue peer=xx:7A:39 char=control bytes=26 label=value chunk=0 chunks=1 remaining=0
08-07 13:37:19.067  8720  8720 I SpectrePeripheral: event=secure_value_updated char=control channel=2 plainBytes=4 cipherBytes=26 notify=true
08-07 13:37:19.067  8720  8720 W SpectrePeripheral: event=enrichment_response_unframed records=18 pendingRecords=18 sessionId=0 batchId=0
08-07 13:37:19.067  8720  8720 I SpectrePeripheral: event=notify_chunked char=enrichment plainBytes=846 chunks=5 chunkPlainMax=200
08-07 13:37:19.067  8720  8720 I SpectrePeripheral: event=notify_chunk char=enrichment chunk=0 plainBytes=200 bytes=222
08-07 13:37:19.067  8720  8720 I SpectrePeripheral: event=notify_queued peer=xx:7A:39 char=enrichment bytes=222 label=chunked chunk=0 chunks=5 queued=1
08-07 13:37:19.067  8720  8720 I SpectrePeripheral: event=notify_chunk char=enrichment chunk=1 plainBytes=200 bytes=222
08-07 13:37:19.068  8720  8720 I SpectrePeripheral: event=notify_queued peer=xx:7A:39 char=enrichment bytes=222 label=chunked chunk=1 chunks=5 queued=2
08-07 13:37:19.068  8720  8720 I SpectrePeripheral: event=notify_chunk char=enrichment chunk=2 plainBytes=200 bytes=222
08-07 13:37:19.068  8720  8720 I SpectrePeripheral: event=notify_queued peer=xx:7A:39 char=enrichment bytes=222 label=chunked chunk=2 chunks=5 queued=3
08-07 13:37:19.069  8720  8720 I SpectrePeripheral: event=notify_chunk char=enrichment chunk=3 plainBytes=200 bytes=222
08-07 13:37:19.069  8720  8720 I SpectrePeripheral: event=notify_queued peer=xx:7A:39 char=enrichment bytes=222 label=chunked chunk=3 chunks=5 queued=4
08-07 13:37:19.069  8720  8720 I SpectrePeripheral: event=notify_chunk char=enrichment chunk=4 plainBytes=46 bytes=68
08-07 13:37:19.069  8720  8720 I SpectrePeripheral: event=notify_queued peer=xx:7A:39 char=enrichment bytes=68 label=chunked chunk=4 chunks=5 queued=5
08-07 13:37:19.070  8720  8720 I SpectrePeripheral: event=notify_sent peer=xx:7A:39 status=success remaining=5
08-07 13:37:19.071  8720  8720 I SpectrePeripheral: event=notify_send reason=sent peer=xx:7A:39 char=enrichment bytes=222 label=chunked chunk=0 chunks=5 remaining=4
08-07 13:37:19.107  8720  8720 I SpectrePeripheral: event=notify_sent peer=xx:7A:39 status=success remaining=4
08-07 13:37:19.184  8720  8720 I SpectrePeripheral: event=notify_send reason=sent_paced peer=xx:7A:39 char=enrichment bytes=222 label=chunked chunk=1 chunks=5 remaining=3
08-07 13:37:19.187  8720  8720 I SpectrePeripheral: event=notify_sent peer=xx:7A:39 status=success remaining=3
08-07 13:37:19.263  8720  8720 I SpectrePeripheral: event=notify_send reason=sent_paced peer=xx:7A:39 char=enrichment bytes=222 label=chunked chunk=2 chunks=5 remaining=2
08-07 13:37:19.266  8720  8720 I SpectrePeripheral: event=notify_sent peer=xx:7A:39 status=success remaining=2
08-07 13:37:19.342  8720  8720 I SpectrePeripheral: event=notify_send reason=sent_paced peer=xx:7A:39 char=enrichment bytes=222 label=chunked chunk=3 chunks=5 remaining=1
08-07 13:37:19.345  8720  8720 I SpectrePeripheral: event=notify_sent peer=xx:7A:39 status=success remaining=1
08-07 13:37:19.422  8720  8720 I SpectrePeripheral: event=notify_send reason=sent_paced peer=xx:7A:39 char=enrichment bytes=68 label=chunked chunk=4 chunks=5 remaining=0
08-07 13:37:19.425  8720  8720 I SpectrePeripheral: event=notify_sent peer=xx:7A:39 status=success remaining=0
08-07 13:37:19.786  8720  8720 I SpectrePeripheral: event=char_write peer=xx:7A:39 char=event_batch requestId=241 offset=0 chunkBytes=202 totalBytes=202 prepared=false responseNeeded=true
08-07 13:37:19.788  8720  8720 I SpectrePeripheral: event=event_batch_received peer=xx:7A:39 cipherBytes=202 plainBytes=180 recordsEstimate=18 sessionId=0 batchId=0 totalBatches=68
08-07 13:37:19.988  8720  8747 I ReactNativeJS: [SpectreEnrich] batch events=18 matched=0 skipped=18 history=188 firstEvent=1783050166000 lastEvent=1783124506000 oldestHistory=1783461501000 newestHistory=1786126571866 nearestDriftMin=336995000 nearestDriftMax=411335000 nearestFixFirst=1783461501000 nativeRecorder=1
08-07 13:37:19.990  8720  8720 W SpectrePeripheral: event=enrichment_response_unframed records=18 pendingRecords=18 sessionId=0 batchId=0
08-07 13:37:19.990  8720  8720 I SpectrePeripheral: event=notify_chunked char=enrichment plainBytes=846 chunks=5 chunkPlainMax=200
08-07 13:37:19.990  8720  8720 I SpectrePeripheral: event=notify_chunk char=enrichment chunk=0 plainBytes=200 bytes=222
08-07 13:37:19.992  8720  8720 I SpectrePeripheral: event=notify_queued peer=xx:7A:39 char=enrichment bytes=222 label=chunked chunk=0 chunks=5 queued=1
08-07 13:37:19.993  8720  8720 I SpectrePeripheral: event=notify_send reason=enqueue peer=xx:7A:39 char=enrichment bytes=222 label=chunked chunk=0 chunks=5 remaining=0
08-07 13:37:19.994  8720  8720 I SpectrePeripheral: event=notify_chunk char=enrichment chunk=1 plainBytes=200 bytes=222
08-07 13:37:19.994  8720  8720 I SpectrePeripheral: event=notify_queued peer=xx:7A:39 char=enrichment bytes=222 label=chunked chunk=1 chunks=5 queued=1
08-07 13:37:19.994  8720  8720 I SpectrePeripheral: event=notify_chunk char=enrichment chunk=2 plainBytes=200 bytes=222
08-07 13:37:19.995  8720  8720 I SpectrePeripheral: event=notify_queued peer=xx:7A:39 char=enrichment bytes=222 label=chunked chunk=2 chunks=5 queued=2
08-07 13:37:19.995  8720  8720 I SpectrePeripheral: event=notify_chunk char=enrichment chunk=3 plainBytes=200 bytes=222
08-07 13:37:19.996  8720  8720 I SpectrePeripheral: event=notify_queued peer=xx:7A:39 char=enrichment bytes=222 label=chunked chunk=3 chunks=5 queued=3
08-07 13:37:19.996  8720  8720 I SpectrePeripheral: event=notify_chunk char=enrichment chunk=4 plainBytes=46 bytes=68
08-07 13:37:19.996  8720  8720 I SpectrePeripheral: event=notify_queued peer=xx:7A:39 char=enrichment bytes=68 label=chunked chunk=4 chunks=5 queued=4
08-07 13:37:19.996  8720  8720 I SpectrePeripheral: event=notify_sent peer=xx:7A:39 status=success remaining=4
08-07 13:37:19.999  8720  8720 I SpectrePeripheral: event=update_value char=control bytes=4
08-07 13:37:19.999  8720  8720 I SpectrePeripheral: event=notify_requested char=control bytes=26 connected=1
08-07 13:37:20.000  8720  8720 I SpectrePeripheral: event=notify_queued peer=xx:7A:39 char=control bytes=26 label=value chunk=0 chunks=1 queued=5
08-07 13:37:20.000  8720  8720 I SpectrePeripheral: event=notify_send reason=enqueue peer=xx:7A:39 char=enrichment bytes=222 label=chunked chunk=1 chunks=5 remaining=4
08-07 13:37:20.001  8720  8720 I SpectrePeripheral: event=secure_value_updated char=control channel=2 plainBytes=4 cipherBytes=26 notify=true
08-07 13:37:20.022  8720  8720 I SpectrePeripheral: event=notify_sent peer=xx:7A:39 status=success remaining=4
08-07 13:37:20.073  8720  8720 I SpectrePeripheral: event=notify_send reason=sent_paced peer=xx:7A:39 char=enrichment bytes=222 label=chunked chunk=2 chunks=5 remaining=3
08-07 13:37:20.075  8720  8720 I SpectrePeripheral: event=notify_sent peer=xx:7A:39 status=success remaining=3
08-07 13:37:20.097  8720  8720 I SpectrePeripheral: event=notify_send reason=sent_paced peer=xx:7A:39 char=enrichment bytes=222 label=chunked chunk=3 chunks=5 remaining=2
08-07 13:37:20.100  8720  8720 I SpectrePeripheral: event=notify_sent peer=xx:7A:39 status=success remaining=2
08-07 13:37:20.151  8720  8720 I SpectrePeripheral: event=notify_send reason=sent_paced peer=xx:7A:39 char=enrichment bytes=68 label=chunked chunk=4 chunks=5 remaining=1
08-07 13:37:20.153  8720  8720 I SpectrePeripheral: event=notify_sent peer=xx:7A:39 status=success remaining=1
08-07 13:37:20.176  8720  8720 I SpectrePeripheral: event=notify_send reason=sent_paced peer=xx:7A:39 char=control bytes=26 label=value chunk=0 chunks=1 remaining=0
08-07 13:37:20.179  8720  8720 I SpectrePeripheral: event=notify_sent peer=xx:7A:39 status=success remaining=0
08-07 13:37:20.232  8720  8762 I SpectrePeripheral: event=char_read peer=xx:7A:39 char=control requestId=242 offset=0 valueBytes=26 responseBytes=26
08-07 13:37:20.386  8720  8720 I SpectrePeripheral: event=char_write peer=xx:7A:39 char=event_batch requestId=243 offset=0 chunkBytes=202 totalBytes=202 prepared=false responseNeeded=true
08-07 13:37:20.387  8720  8720 I SpectrePeripheral: event=event_batch_received peer=xx:7A:39 cipherBytes=202 plainBytes=180 recordsEstimate=18 sessionId=0 batchId=0 totalBatches=69
08-07 13:37:20.573  8720  8720 I SpectrePeripheral: event=update_value char=control bytes=4
08-07 13:37:20.573  8720  8720 I SpectrePeripheral: event=notify_requested char=control bytes=26 connected=1
08-07 13:37:20.575  8720  8720 I SpectrePeripheral: event=notify_queued peer=xx:7A:39 char=control bytes=26 label=value chunk=0 chunks=1 queued=1
08-07 13:37:20.575  8720  8720 I SpectrePeripheral: event=notify_send reason=enqueue peer=xx:7A:39 char=control bytes=26 label=value chunk=0 chunks=1 remaining=0
08-07 13:37:20.576  8720  8720 I SpectrePeripheral: event=secure_value_updated char=control channel=2 plainBytes=4 cipherBytes=26 notify=true
08-07 13:37:20.580  8720  8747 I ReactNativeJS: [SpectreEnrich] batch events=18 matched=0 skipped=18 history=188 firstEvent=1783056486000 lastEvent=1783124578000 oldestHistory=1783461501000 newestHistory=1786126571866 nearestDriftMin=336923000 nearestDriftMax=405015000 nearestFixFirst=1783461501000 nativeRecorder=1
08-07 13:37:20.604  8720  8720 I SpectrePeripheral: event=notify_sent peer=xx:7A:39 status=success remaining=0
08-07 13:37:20.604  8720  8720 W SpectrePeripheral: event=enrichment_response_unframed records=18 pendingRecords=18 sessionId=0 batchId=0
08-07 13:37:20.604  8720  8720 I SpectrePeripheral: event=notify_chunked char=enrichment plainBytes=846 chunks=5 chunkPlainMax=200
08-07 13:37:20.604  8720  8720 I SpectrePeripheral: event=notify_chunk char=enrichment chunk=0 plainBytes=200 bytes=222
08-07 13:37:20.604  8720  8720 I SpectrePeripheral: event=notify_queued peer=xx:7A:39 char=enrichment bytes=222 label=chunked chunk=0 chunks=5 queued=1
08-07 13:37:20.605  8720  8720 I SpectrePeripheral: event=notify_send reason=enqueue peer=xx:7A:39 char=enrichment bytes=222 label=chunked chunk=0 chunks=5 remaining=0
08-07 13:37:20.605  8720  8720 I SpectrePeripheral: event=notify_chunk char=enrichment chunk=1 plainBytes=200 bytes=222
08-07 13:37:20.605  8720  8720 I SpectrePeripheral: event=notify_queued peer=xx:7A:39 char=enrichment bytes=222 label=chunked chunk=1 chunks=5 queued=1
08-07 13:37:20.606  8720  8720 I SpectrePeripheral: event=notify_chunk char=enrichment chunk=2 plainBytes=200 bytes=222
08-07 13:37:20.606  8720  8720 I SpectrePeripheral: event=notify_queued peer=xx:7A:39 char=enrichment bytes=222 label=chunked chunk=2 chunks=5 queued=2
08-07 13:37:20.606  8720  8720 I SpectrePeripheral: event=notify_chunk char=enrichment chunk=3 plainBytes=200 bytes=222
08-07 13:37:20.606  8720  8720 I SpectrePeripheral: event=notify_queued peer=xx:7A:39 char=enrichment bytes=222 label=chunked chunk=3 chunks=5 queued=3
08-07 13:37:20.606  8720  8720 I SpectrePeripheral: event=notify_chunk char=enrichment chunk=4 plainBytes=46 bytes=68
08-07 13:37:20.606  8720  8720 I SpectrePeripheral: event=notify_queued peer=xx:7A:39 char=enrichment bytes=68 label=chunked chunk=4 chunks=5 queued=4
08-07 13:37:20.607  8720  8720 I SpectrePeripheral: event=notify_sent peer=xx:7A:39 status=success remaining=4
08-07 13:37:20.689  8720  8720 I SpectrePeripheral: event=notify_send reason=sent_paced peer=xx:7A:39 char=enrichment bytes=222 label=chunked chunk=1 chunks=5 remaining=3
08-07 13:37:20.692  8720  8720 I SpectrePeripheral: event=notify_sent peer=xx:7A:39 status=success remaining=3
08-07 13:37:20.769  8720  8720 I SpectrePeripheral: event=notify_send reason=sent_paced peer=xx:7A:39 char=enrichment bytes=222 label=chunked chunk=2 chunks=5 remaining=2
08-07 13:37:20.771  8720  8720 I SpectrePeripheral: event=notify_sent peer=xx:7A:39 status=success remaining=2
08-07 13:37:20.847  8720  8720 I SpectrePeripheral: event=notify_send reason=sent_paced peer=xx:7A:39 char=enrichment bytes=222 label=chunked chunk=3 chunks=5 remaining=1
08-07 13:37:20.850  8720  8720 I SpectrePeripheral: event=notify_sent peer=xx:7A:39 status=success remaining=1
08-07 13:37:20.927  8720  8720 I SpectrePeripheral: event=notify_send reason=sent_paced peer=xx:7A:39 char=enrichment bytes=68 label=chunked chunk=4 chunks=5 remaining=0
08-07 13:37:20.930  8720  8720 I SpectrePeripheral: event=notify_sent peer=xx:7A:39 status=success remaining=0
08-07 13:37:21.135  8720  8720 I SpectrePeripheral: event=char_write peer=xx:7A:39 char=event_batch requestId=244 offset=0 chunkBytes=202 totalBytes=202 prepared=false responseNeeded=true
08-07 13:37:21.137  8720  8720 I SpectrePeripheral: event=event_batch_received peer=xx:7A:39 cipherBytes=202 plainBytes=180 recordsEstimate=18 sessionId=0 batchId=0 totalBatches=70
08-07 13:37:21.325  8720  8747 I ReactNativeJS: [SpectreEnrich] batch events=18 matched=0 skipped=18 history=188 firstEvent=1783050414000 lastEvent=1783124630000 oldestHistory=1783461501000 newestHistory=1786126571866 nearestDriftMin=336871000 nearestDriftMax=411087000 nearestFixFirst=1783461501000 nativeRecorder=1
08-07 13:37:21.354  8720  8720 I SpectrePeripheral: event=update_value char=control bytes=4
08-07 13:37:21.354  8720  8720 I SpectrePeripheral: event=notify_requested char=control bytes=26 connected=1
08-07 13:37:21.356  8720  8720 I SpectrePeripheral: event=notify_queued peer=xx:7A:39 char=control bytes=26 label=value chunk=0 chunks=1 queued=1
08-07 13:37:21.356  8720  8720 I SpectrePeripheral: event=notify_send reason=enqueue peer=xx:7A:39 char=control bytes=26 label=value chunk=0 chunks=1 remaining=0
08-07 13:37:21.357  8720  8720 I SpectrePeripheral: event=secure_value_updated char=control channel=2 plainBytes=4 cipherBytes=26 notify=true
08-07 13:37:21.357  8720  8720 W SpectrePeripheral: event=enrichment_response_unframed records=18 pendingRecords=18 sessionId=0 batchId=0
08-07 13:37:21.357  8720  8720 I SpectrePeripheral: event=notify_chunked char=enrichment plainBytes=846 chunks=5 chunkPlainMax=200
08-07 13:37:21.357  8720  8720 I SpectrePeripheral: event=notify_chunk char=enrichment chunk=0 plainBytes=200 bytes=222
08-07 13:37:21.358  8720  8720 I SpectrePeripheral: event=notify_queued peer=xx:7A:39 char=enrichment bytes=222 label=chunked chunk=0 chunks=5 queued=1
08-07 13:37:21.358  8720  8720 I SpectrePeripheral: event=notify_chunk char=enrichment chunk=1 plainBytes=200 bytes=222
08-07 13:37:21.359  8720  8720 I SpectrePeripheral: event=notify_queued peer=xx:7A:39 char=enrichment bytes=222 label=chunked chunk=1 chunks=5 queued=2
08-07 13:37:21.359  8720  8720 I SpectrePeripheral: event=notify_chunk char=enrichment chunk=2 plainBytes=200 bytes=222
08-07 13:37:21.359  8720  8720 I SpectrePeripheral: event=notify_queued peer=xx:7A:39 char=enrichment bytes=222 label=chunked chunk=2 chunks=5 queued=3
08-07 13:37:21.359  8720  8720 I SpectrePeripheral: event=notify_chunk char=enrichment chunk=3 plainBytes=200 bytes=222
08-07 13:37:21.360  8720  8720 I SpectrePeripheral: event=notify_queued peer=xx:7A:39 char=enrichment bytes=222 label=chunked chunk=3 chunks=5 queued=4
08-07 13:37:21.360  8720  8720 I SpectrePeripheral: event=notify_chunk char=enrichment chunk=4 plainBytes=46 bytes=68
08-07 13:37:21.361  8720  8720 I SpectrePeripheral: event=notify_queued peer=xx:7A:39 char=enrichment bytes=68 label=chunked chunk=4 chunks=5 queued=5
08-07 13:37:21.362  8720  8720 I SpectrePeripheral: event=notify_sent peer=xx:7A:39 status=success remaining=5
08-07 13:37:21.363  8720  8720 I SpectrePeripheral: event=notify_send reason=sent peer=xx:7A:39 char=enrichment bytes=222 label=chunked chunk=0 chunks=5 remaining=4
08-07 13:37:21.397  8720  8720 I SpectrePeripheral: event=notify_sent peer=xx:7A:39 status=success remaining=4
08-07 13:37:21.473  8720  8720 I SpectrePeripheral: event=notify_send reason=sent_paced peer=xx:7A:39 char=enrichment bytes=222 label=chunked chunk=1 chunks=5 remaining=3
08-07 13:37:21.476  8720  8720 I SpectrePeripheral: event=notify_sent peer=xx:7A:39 status=success remaining=3
08-07 13:37:21.552  8720  8720 I SpectrePeripheral: event=notify_send reason=sent_paced peer=xx:7A:39 char=enrichment bytes=222 label=chunked chunk=2 chunks=5 remaining=2
08-07 13:37:21.555  8720  8720 I SpectrePeripheral: event=notify_sent peer=xx:7A:39 status=success remaining=2
08-07 13:37:21.632  8720  8720 I SpectrePeripheral: event=notify_send reason=sent_paced peer=xx:7A:39 char=enrichment bytes=222 label=chunked chunk=3 chunks=5 remaining=1
08-07 13:37:21.633  8720  8720 I SpectrePeripheral: event=notify_sent peer=xx:7A:39 status=success remaining=1
08-07 13:37:21.711  8720  8720 I SpectrePeripheral: event=notify_send reason=sent_paced peer=xx:7A:39 char=enrichment bytes=68 label=chunked chunk=4 chunks=5 remaining=0
08-07 13:37:21.714  8720  8720 I SpectrePeripheral: event=notify_sent peer=xx:7A:39 status=success remaining=0
08-07 13:37:21.762  8720  8731 I SpectrePeripheral: event=char_read peer=xx:7A:39 char=gps requestId=245 offset=0 valueBytes=42 responseBytes=42
08-07 13:37:21.917  8720  8720 I SpectrePeripheral: event=char_write peer=xx:7A:39 char=event_batch requestId=246 offset=0 chunkBytes=202 totalBytes=202 prepared=false responseNeeded=true
08-07 13:37:21.918  8720  8720 I SpectrePeripheral: event=event_batch_received peer=xx:7A:39 cipherBytes=202 plainBytes=180 recordsEstimate=18 sessionId=0 batchId=0 totalBatches=71
08-07 13:37:22.118  8720  8747 I ReactNativeJS: [SpectreEnrich] batch events=18 matched=0 skipped=18 history=188 firstEvent=1783088380000 lastEvent=1783124806000 oldestHistory=1783461501000 newestHistory=1786126571866 nearestDriftMin=336695000 nearestDriftMax=373121000 nearestFixFirst=1783461501000 nativeRecorder=1
08-07 13:37:22.144  8720  8720 I SpectrePeripheral: event=update_value char=control bytes=4
08-07 13:37:22.144  8720  8720 I SpectrePeripheral: event=notify_requested char=control bytes=26 connected=1
08-07 13:37:22.146  8720  8720 I SpectrePeripheral: event=notify_queued peer=xx:7A:39 char=control bytes=26 label=value chunk=0 chunks=1 queued=1
08-07 13:37:22.146  8720  8720 I SpectrePeripheral: event=notify_send reason=enqueue peer=xx:7A:39 char=control bytes=26 label=value chunk=0 chunks=1 remaining=0
08-07 13:37:22.147  8720  8720 I SpectrePeripheral: event=secure_value_updated char=control channel=2 plainBytes=4 cipherBytes=26 notify=true
08-07 13:37:22.147  8720  8720 W SpectrePeripheral: event=enrichment_response_unframed records=18 pendingRecords=18 sessionId=0 batchId=0
08-07 13:37:22.148  8720  8720 I SpectrePeripheral: event=notify_chunked char=enrichment plainBytes=846 chunks=5 chunkPlainMax=200
08-07 13:37:22.148  8720  8720 I SpectrePeripheral: event=notify_chunk char=enrichment chunk=0 plainBytes=200 bytes=222
08-07 13:37:22.148  8720  8720 I SpectrePeripheral: event=notify_queued peer=xx:7A:39 char=enrichment bytes=222 label=chunked chunk=0 chunks=5 queued=1
08-07 13:37:22.148  8720  8720 I SpectrePeripheral: event=notify_chunk char=enrichment chunk=1 plainBytes=200 bytes=222
08-07 13:37:22.149  8720  8720 I SpectrePeripheral: event=notify_queued peer=xx:7A:39 char=enrichment bytes=222 label=chunked chunk=1 chunks=5 queued=2
08-07 13:37:22.149  8720  8720 I SpectrePeripheral: event=notify_chunk char=enrichment chunk=2 plainBytes=200 bytes=222
08-07 13:37:22.149  8720  8720 I SpectrePeripheral: event=notify_queued peer=xx:7A:39 char=enrichment bytes=222 label=chunked chunk=2 chunks=5 queued=3
08-07 13:37:22.149  8720  8720 I SpectrePeripheral: event=notify_chunk char=enrichment chunk=3 plainBytes=200 bytes=222
08-07 13:37:22.150  8720  8720 I SpectrePeripheral: event=notify_queued peer=xx:7A:39 char=enrichment bytes=222 label=chunked chunk=3 chunks=5 queued=4
08-07 13:37:22.150  8720  8720 I SpectrePeripheral: event=notify_chunk char=enrichment chunk=4 plainBytes=46 bytes=68
08-07 13:37:22.150  8720  8720 I SpectrePeripheral: event=notify_queued peer=xx:7A:39 char=enrichment bytes=68 label=chunked chunk=4 chunks=5 queued=5
08-07 13:37:22.151  8720  8720 I SpectrePeripheral: event=notify_sent peer=xx:7A:39 status=success remaining=5
08-07 13:37:22.152  8720  8720 I SpectrePeripheral: event=notify_send reason=sent peer=xx:7A:39 char=enrichment bytes=222 label=chunked chunk=0 chunks=5 remaining=4
08-07 13:37:22.187  8720  8720 I SpectrePeripheral: event=notify_sent peer=xx:7A:39 status=success remaining=4
08-07 13:37:22.263  8720  8720 I SpectrePeripheral: event=notify_send reason=sent_paced peer=xx:7A:39 char=enrichment bytes=222 label=chunked chunk=1 chunks=5 remaining=3
08-07 13:37:22.265  8720  8720 I SpectrePeripheral: event=notify_sent peer=xx:7A:39 status=success remaining=3
08-07 13:37:22.342  8720  8720 I SpectrePeripheral: event=notify_send reason=sent_paced peer=xx:7A:39 char=enrichment bytes=222 label=chunked chunk=2 chunks=5 remaining=2
08-07 13:37:22.344  8720  8720 I SpectrePeripheral: event=notify_sent peer=xx:7A:39 status=success remaining=2
08-07 13:37:22.362  8720  8731 I SpectrePeripheral: event=char_read peer=xx:7A:39 char=control requestId=247 offset=0 valueBytes=26 responseBytes=26
08-07 13:37:22.421  8720  8720 I SpectrePeripheral: event=notify_send reason=sent_paced peer=xx:7A:39 char=enrichment bytes=222 label=chunked chunk=3 chunks=5 remaining=1
08-07 13:37:22.424  8720  8720 I SpectrePeripheral: event=notify_sent peer=xx:7A:39 status=success remaining=1
08-07 13:37:22.501  8720  8720 I SpectrePeripheral: event=notify_send reason=sent_paced peer=xx:7A:39 char=enrichment bytes=68 label=chunked chunk=4 chunks=5 remaining=0
08-07 13:37:22.504  8720  8720 I SpectrePeripheral: event=notify_sent peer=xx:7A:39 status=success remaining=0
08-07 13:37:22.817  8720  8720 I SpectrePeripheral: event=char_write peer=xx:7A:39 char=event_batch requestId=248 offset=0 chunkBytes=202 totalBytes=202 prepared=false responseNeeded=true
08-07 13:37:22.819  8720  8720 I SpectrePeripheral: event=event_batch_received peer=xx:7A:39 cipherBytes=202 plainBytes=180 recordsEstimate=18 sessionId=0 batchId=0 totalBatches=72
08-07 13:37:22.993  8720  8747 I ReactNativeJS: [SpectreEnrich] batch events=18 matched=0 skipped=18 history=188 firstEvent=1783050814000 lastEvent=1783124966000 oldestHistory=1783461501000 newestHistory=1786126571866 nearestDriftMin=336535000 nearestDriftMax=410687000 nearestFixFirst=1783461501000 nativeRecorder=1
08-07 13:37:23.018  8720  8720 I SpectrePeripheral: event=update_value char=control bytes=4
08-07 13:37:23.018  8720  8720 I SpectrePeripheral: event=notify_requested char=control bytes=26 connected=1
08-07 13:37:23.019  8720  8720 I SpectrePeripheral: event=notify_queued peer=xx:7A:39 char=control bytes=26 label=value chunk=0 chunks=1 queued=1
08-07 13:37:23.019  8720  8720 I SpectrePeripheral: event=notify_send reason=enqueue peer=xx:7A:39 char=control bytes=26 label=value chunk=0 chunks=1 remaining=0
08-07 13:37:23.020  8720  8720 I SpectrePeripheral: event=secure_value_updated char=control channel=2 plainBytes=4 cipherBytes=26 notify=true
08-07 13:37:23.020  8720  8720 W SpectrePeripheral: event=enrichment_response_unframed records=18 pendingRecords=18 sessionId=0 batchId=0
08-07 13:37:23.020  8720  8720 I SpectrePeripheral: event=notify_chunked char=enrichment plainBytes=846 chunks=5 chunkPlainMax=200
08-07 13:37:23.021  8720  8720 I SpectrePeripheral: event=notify_chunk char=enrichment chunk=0 plainBytes=200 bytes=222
08-07 13:37:23.021  8720  8720 I SpectrePeripheral: event=notify_queued peer=xx:7A:39 char=enrichment bytes=222 label=chunked chunk=0 chunks=5 queued=1
08-07 13:37:23.021  8720  8720 I SpectrePeripheral: event=notify_chunk char=enrichment chunk=1 plainBytes=200 bytes=222
08-07 13:37:23.022  8720  8720 I SpectrePeripheral: event=notify_queued peer=xx:7A:39 char=enrichment bytes=222 label=chunked chunk=1 chunks=5 queued=2
08-07 13:37:23.022  8720  8720 I SpectrePeripheral: event=notify_chunk char=enrichment chunk=2 plainBytes=200 bytes=222
08-07 13:37:23.022  8720  8720 I SpectrePeripheral: event=notify_queued peer=xx:7A:39 char=enrichment bytes=222 label=chunked chunk=2 chunks=5 queued=3
08-07 13:37:23.022  8720  8720 I SpectrePeripheral: event=notify_chunk char=enrichment chunk=3 plainBytes=200 bytes=222
08-07 13:37:23.022  8720  8720 I SpectrePeripheral: event=notify_queued peer=xx:7A:39 char=enrichment bytes=222 label=chunked chunk=3 chunks=5 queued=4
08-07 13:37:23.023  8720  8720 I SpectrePeripheral: event=notify_chunk char=enrichment chunk=4 plainBytes=46 bytes=68
08-07 13:37:23.023  8720  8720 I SpectrePeripheral: event=notify_queued peer=xx:7A:39 char=enrichment bytes=68 label=chunked chunk=4 chunks=5 queued=5
08-07 13:37:23.024  8720  8720 I SpectrePeripheral: event=notify_sent peer=xx:7A:39 status=success remaining=5
08-07 13:37:23.025  8720  8720 I SpectrePeripheral: event=notify_send reason=sent peer=xx:7A:39 char=enrichment bytes=222 label=chunked chunk=0 chunks=5 remaining=4
08-07 13:37:23.059  8720  8720 I SpectrePeripheral: event=notify_sent peer=xx:7A:39 status=success remaining=4
08-07 13:37:23.136  8720  8720 I SpectrePeripheral: event=notify_send reason=sent_paced peer=xx:7A:39 char=enrichment bytes=222 label=chunked chunk=1 chunks=5 remaining=3
08-07 13:37:23.139  8720  8720 I SpectrePeripheral: event=notify_sent peer=xx:7A:39 status=success remaining=3
08-07 13:37:23.215  8720  8720 I SpectrePeripheral: event=notify_send reason=sent_paced peer=xx:7A:39 char=enrichment bytes=222 label=chunked chunk=2 chunks=5 remaining=2
08-07 13:37:23.218  8720  8720 I SpectrePeripheral: event=notify_sent peer=xx:7A:39 status=success remaining=2
08-07 13:37:23.294  8720  8720 I SpectrePeripheral: event=notify_send reason=sent_paced peer=xx:7A:39 char=enrichment bytes=222 label=chunked chunk=3 chunks=5 remaining=1
08-07 13:37:23.298  8720  8720 I SpectrePeripheral: event=notify_sent peer=xx:7A:39 status=success remaining=1
08-07 13:37:23.375  8720  8720 I SpectrePeripheral: event=notify_send reason=sent_paced peer=xx:7A:39 char=enrichment bytes=68 label=chunked chunk=4 chunks=5 remaining=0
08-07 13:37:23.379  8720  8720 I SpectrePeripheral: event=notify_sent peer=xx:7A:39 status=success remaining=0
08-07 13:37:23.749  8720  8720 I SpectrePeripheral: event=char_write peer=xx:7A:39 char=event_batch requestId=249 offset=0 chunkBytes=202 totalBytes=202 prepared=false responseNeeded=true
08-07 13:37:23.751  8720  8720 I SpectrePeripheral: event=event_batch_received peer=xx:7A:39 cipherBytes=202 plainBytes=180 recordsEstimate=18 sessionId=0 batchId=0 totalBatches=73
08-07 13:37:23.950  8720  8747 I ReactNativeJS: [SpectreEnrich] batch events=18 matched=0 skipped=18 history=188 firstEvent=1783050814000 lastEvent=1783125225000 oldestHistory=1783461501000 newestHistory=1786126571866 nearestDriftMin=336276000 nearestDriftMax=410687000 nearestFixFirst=1783461501000 nativeRecorder=1
08-07 13:37:23.975  8720  8720 I SpectrePeripheral: event=update_value char=control bytes=4
08-07 13:37:23.976  8720  8720 I SpectrePeripheral: event=notify_requested char=control bytes=26 connected=1
08-07 13:37:23.977  8720  8720 I SpectrePeripheral: event=notify_queued peer=xx:7A:39 char=control bytes=26 label=value chunk=0 chunks=1 queued=1
08-07 13:37:23.978  8720  8720 I SpectrePeripheral: event=notify_send reason=enqueue peer=xx:7A:39 char=control bytes=26 label=value chunk=0 chunks=1 remaining=0
08-07 13:37:23.978  8720  8720 I SpectrePeripheral: event=secure_value_updated char=control channel=2 plainBytes=4 cipherBytes=26 notify=true
08-07 13:37:23.979  8720  8720 W SpectrePeripheral: event=enrichment_response_unframed records=18 pendingRecords=18 sessionId=0 batchId=0
08-07 13:37:23.979  8720  8720 I SpectrePeripheral: event=notify_chunked char=enrichment plainBytes=846 chunks=5 chunkPlainMax=200
08-07 13:37:23.979  8720  8720 I SpectrePeripheral: event=notify_chunk char=enrichment chunk=0 plainBytes=200 bytes=222
08-07 13:37:23.979  8720  8720 I SpectrePeripheral: event=notify_queued peer=xx:7A:39 char=enrichment bytes=222 label=chunked chunk=0 chunks=5 queued=1
08-07 13:37:23.980  8720  8720 I SpectrePeripheral: event=notify_chunk char=enrichment chunk=1 plainBytes=200 bytes=222
08-07 13:37:23.980  8720  8720 I SpectrePeripheral: event=notify_queued peer=xx:7A:39 char=enrichment bytes=222 label=chunked chunk=1 chunks=5 queued=2
08-07 13:37:23.981  8720  8720 I SpectrePeripheral: event=notify_chunk char=enrichment chunk=2 plainBytes=200 bytes=222
08-07 13:37:23.981  8720  8720 I SpectrePeripheral: event=notify_queued peer=xx:7A:39 char=enrichment bytes=222 label=chunked chunk=2 chunks=5 queued=3
08-07 13:37:23.982  8720  8720 I SpectrePeripheral: event=notify_chunk char=enrichment chunk=3 plainBytes=200 bytes=222
08-07 13:37:23.982  8720  8720 I SpectrePeripheral: event=notify_queued peer=xx:7A:39 char=enrichment bytes=222 label=chunked chunk=3 chunks=5 queued=4
08-07 13:37:23.982  8720  8720 I SpectrePeripheral: event=notify_chunk char=enrichment chunk=4 plainBytes=46 bytes=68
08-07 13:37:23.983  8720  8720 I SpectrePeripheral: event=notify_queued peer=xx:7A:39 char=enrichment bytes=68 label=chunked chunk=4 chunks=5 queued=5
08-07 13:37:23.984  8720  8720 I SpectrePeripheral: event=notify_sent peer=xx:7A:39 status=success remaining=5
08-07 13:37:23.985  8720  8720 I SpectrePeripheral: event=notify_send reason=sent peer=xx:7A:39 char=enrichment bytes=222 label=chunked chunk=0 chunks=5 remaining=4
08-07 13:37:24.018  8720  8720 I SpectrePeripheral: event=notify_sent peer=xx:7A:39 status=success remaining=4
08-07 13:37:24.100  8720  8720 I SpectrePeripheral: event=notify_send reason=sent_paced peer=xx:7A:39 char=enrichment bytes=222 label=chunked chunk=1 chunks=5 remaining=3
08-07 13:37:24.103  8720  8720 I SpectrePeripheral: event=notify_sent peer=xx:7A:39 status=success remaining=3
08-07 13:37:24.180  8720  8720 I SpectrePeripheral: event=notify_send reason=sent_paced peer=xx:7A:39 char=enrichment bytes=222 label=chunked chunk=2 chunks=5 remaining=2
08-07 13:37:24.183  8720  8720 I SpectrePeripheral: event=notify_sent peer=xx:7A:39 status=success remaining=2
08-07 13:37:24.259  8720  8720 I SpectrePeripheral: event=notify_send reason=sent_paced peer=xx:7A:39 char=enrichment bytes=222 label=chunked chunk=3 chunks=5 remaining=1
08-07 13:37:24.261  8720  8720 I SpectrePeripheral: event=notify_sent peer=xx:7A:39 status=success remaining=1
08-07 13:37:24.339  8720  8720 I SpectrePeripheral: event=notify_send reason=sent_paced peer=xx:7A:39 char=enrichment bytes=68 label=chunked chunk=4 chunks=5 remaining=0
08-07 13:37:24.342  8720  8720 I SpectrePeripheral: event=notify_sent peer=xx:7A:39 status=success remaining=0
08-07 13:37:24.495  8720  8731 I SpectrePeripheral: event=char_read peer=xx:7A:39 char=control requestId=250 offset=0 valueBytes=26 responseBytes=26
08-07 13:37:24.647  8720  8720 I SpectrePeripheral: event=char_write peer=xx:7A:39 char=event_batch requestId=251 offset=0 chunkBytes=202 totalBytes=202 prepared=false responseNeeded=true
08-07 13:37:24.649  8720  8720 I SpectrePeripheral: event=event_batch_received peer=xx:7A:39 cipherBytes=202 plainBytes=180 recordsEstimate=18 sessionId=0 batchId=0 totalBatches=74
08-07 13:37:24.808  8720  8747 I ReactNativeJS: [SpectreEnrich] batch events=18 matched=0 skipped=18 history=188 firstEvent=1783051166000 lastEvent=1783125447000 oldestHistory=1783461501000 newestHistory=1786126571866 nearestDriftMin=336054000 nearestDriftMax=410335000 nearestFixFirst=1783461501000 nativeRecorder=1
08-07 13:37:24.847  8720  8720 W SpectrePeripheral: event=enrichment_response_unframed records=18 pendingRecords=18 sessionId=0 batchId=0
08-07 13:37:24.847  8720  8720 I SpectrePeripheral: event=notify_chunked char=enrichment plainBytes=846 chunks=5 chunkPlainMax=200
08-07 13:37:24.847  8720  8720 I SpectrePeripheral: event=notify_chunk char=enrichment chunk=0 plainBytes=200 bytes=222
08-07 13:37:24.848  8720  8720 I SpectrePeripheral: event=notify_queued peer=xx:7A:39 char=enrichment bytes=222 label=chunked chunk=0 chunks=5 queued=1
08-07 13:37:24.849  8720  8720 I SpectrePeripheral: event=notify_send reason=enqueue peer=xx:7A:39 char=enrichment bytes=222 label=chunked chunk=0 chunks=5 remaining=0
08-07 13:37:24.850  8720  8720 I SpectrePeripheral: event=notify_chunk char=enrichment chunk=1 plainBytes=200 bytes=222
08-07 13:37:24.850  8720  8720 I SpectrePeripheral: event=notify_queued peer=xx:7A:39 char=enrichment bytes=222 label=chunked chunk=1 chunks=5 queued=1
08-07 13:37:24.850  8720  8720 I SpectrePeripheral: event=notify_chunk char=enrichment chunk=2 plainBytes=200 bytes=222
08-07 13:37:24.851  8720  8720 I SpectrePeripheral: event=notify_queued peer=xx:7A:39 char=enrichment bytes=222 label=chunked chunk=2 chunks=5 queued=2
08-07 13:37:24.851  8720  8720 I SpectrePeripheral: event=notify_chunk char=enrichment chunk=3 plainBytes=200 bytes=222
08-07 13:37:24.852  8720  8720 I SpectrePeripheral: event=notify_queued peer=xx:7A:39 char=enrichment bytes=222 label=chunked chunk=3 chunks=5 queued=3
08-07 13:37:24.852  8720  8720 I SpectrePeripheral: event=notify_chunk char=enrichment chunk=4 plainBytes=46 bytes=68
08-07 13:37:24.853  8720  8720 I SpectrePeripheral: event=notify_queued peer=xx:7A:39 char=enrichment bytes=68 label=chunked chunk=4 chunks=5 queued=4
08-07 13:37:24.853  8720  8720 I SpectrePeripheral: event=update_value char=control bytes=4
08-07 13:37:24.853  8720  8720 I SpectrePeripheral: event=notify_requested char=control bytes=26 connected=1
08-07 13:37:24.853  8720  8720 I SpectrePeripheral: event=notify_queued peer=xx:7A:39 char=control bytes=26 label=value chunk=0 chunks=1 queued=5
08-07 13:37:24.853  8720  8720 I SpectrePeripheral: event=secure_value_updated char=control channel=2 plainBytes=4 cipherBytes=26 notify=true
08-07 13:37:24.854  8720  8720 I SpectrePeripheral: event=notify_sent peer=xx:7A:39 status=success remaining=5
08-07 13:37:24.932  8720  8720 I SpectrePeripheral: event=notify_send reason=sent_paced peer=xx:7A:39 char=enrichment bytes=222 label=chunked chunk=1 chunks=5 remaining=4
08-07 13:37:24.935  8720  8720 I SpectrePeripheral: event=notify_sent peer=xx:7A:39 status=success remaining=4
08-07 13:37:25.011  8720  8720 I SpectrePeripheral: event=notify_send reason=sent_paced peer=xx:7A:39 char=enrichment bytes=222 label=chunked chunk=2 chunks=5 remaining=3
08-07 13:37:25.014  8720  8720 I SpectrePeripheral: event=notify_sent peer=xx:7A:39 status=success remaining=3
08-07 13:37:25.099  8720  8720 I SpectrePeripheral: event=notify_send reason=sent_paced peer=xx:7A:39 char=enrichment bytes=222 label=chunked chunk=3 chunks=5 remaining=2
08-07 13:37:25.103  8720  8720 I SpectrePeripheral: event=notify_sent peer=xx:7A:39 status=success remaining=2
08-07 13:37:25.180  8720  8720 I SpectrePeripheral: event=notify_send reason=sent_paced peer=xx:7A:39 char=enrichment bytes=68 label=chunked chunk=4 chunks=5 remaining=1
08-07 13:37:25.183  8720  8720 I SpectrePeripheral: event=notify_sent peer=xx:7A:39 status=success remaining=1
08-07 13:37:25.259  8720  8720 I SpectrePeripheral: event=notify_send reason=sent_paced peer=xx:7A:39 char=control bytes=26 label=value chunk=0 chunks=1 remaining=0
08-07 13:37:25.262  8720  8720 I SpectrePeripheral: event=notify_sent peer=xx:7A:39 status=success remaining=0
08-07 13:37:25.456  8720  8720 I SpectrePeripheral: event=char_write peer=xx:7A:39 char=event_batch requestId=252 offset=0 chunkBytes=202 totalBytes=202 prepared=false responseNeeded=true
08-07 13:37:25.458  8720  8720 I SpectrePeripheral: event=event_batch_received peer=xx:7A:39 cipherBytes=202 plainBytes=180 recordsEstimate=18 sessionId=0 batchId=0 totalBatches=75
08-07 13:37:25.522  8720  8720 I SpectrePeripheral: event=char_write peer=xx:7A:39 char=storage requestId=253 offset=0 chunkBytes=90 totalBytes=90 prepared=false responseNeeded=true
08-07 13:37:25.523  8720  8720 I SpectrePeripheral: event=storage_snapshot_received peer=xx:7A:39 cipherBytes=90 plainBytes=68
08-07 13:37:25.657  8720  8747 I ReactNativeJS: [SpectreEnrich] batch events=18 matched=0 skipped=18 history=188 firstEvent=1783051469000 lastEvent=1783125723000 oldestHistory=1783461501000 newestHistory=1786126571866 nearestDriftMin=335778000 nearestDriftMax=410032000 nearestFixFirst=1783461501000 nativeRecorder=1
08-07 13:37:25.681  8720  8720 I SpectrePeripheral: event=update_value char=control bytes=4
08-07 13:37:25.681  8720  8720 I SpectrePeripheral: event=notify_requested char=control bytes=26 connected=1
08-07 13:37:25.682  8720  8720 I SpectrePeripheral: event=notify_queued peer=xx:7A:39 char=control bytes=26 label=value chunk=0 chunks=1 queued=1
08-07 13:37:25.683  8720  8720 I SpectrePeripheral: event=notify_send reason=enqueue peer=xx:7A:39 char=control bytes=26 label=value chunk=0 chunks=1 remaining=0
08-07 13:37:25.684  8720  8720 I SpectrePeripheral: event=secure_value_updated char=control channel=2 plainBytes=4 cipherBytes=26 notify=true
08-07 13:37:25.684  8720  8720 W SpectrePeripheral: event=enrichment_response_unframed records=18 pendingRecords=18 sessionId=0 batchId=0
08-07 13:37:25.684  8720  8720 I SpectrePeripheral: event=notify_chunked char=enrichment plainBytes=846 chunks=5 chunkPlainMax=200
08-07 13:37:25.684  8720  8720 I SpectrePeripheral: event=notify_chunk char=enrichment chunk=0 plainBytes=200 bytes=222
08-07 13:37:25.685  8720  8720 I SpectrePeripheral: event=notify_queued peer=xx:7A:39 char=enrichment bytes=222 label=chunked chunk=0 chunks=5 queued=1
08-07 13:37:25.685  8720  8720 I SpectrePeripheral: event=notify_chunk char=enrichment chunk=1 plainBytes=200 bytes=222
08-07 13:37:25.686  8720  8720 I SpectrePeripheral: event=notify_queued peer=xx:7A:39 char=enrichment bytes=222 label=chunked chunk=1 chunks=5 queued=2
08-07 13:37:25.686  8720  8720 I SpectrePeripheral: event=notify_chunk char=enrichment chunk=2 plainBytes=200 bytes=222
08-07 13:37:25.687  8720  8720 I SpectrePeripheral: event=notify_queued peer=xx:7A:39 char=enrichment bytes=222 label=chunked chunk=2 chunks=5 queued=3
08-07 13:37:25.687  8720  8720 I SpectrePeripheral: event=notify_chunk char=enrichment chunk=3 plainBytes=200 bytes=222
08-07 13:37:25.688  8720  8720 I SpectrePeripheral: event=notify_queued peer=xx:7A:39 char=enrichment bytes=222 label=chunked chunk=3 chunks=5 queued=4
08-07 13:37:25.688  8720  8720 I SpectrePeripheral: event=notify_chunk char=enrichment chunk=4 plainBytes=46 bytes=68
08-07 13:37:25.688  8720  8720 I SpectrePeripheral: event=notify_queued peer=xx:7A:39 char=enrichment bytes=68 label=chunked chunk=4 chunks=5 queued=5
08-07 13:37:25.689  8720  8720 I SpectrePeripheral: event=notify_sent peer=xx:7A:39 status=success remaining=5
08-07 13:37:25.690  8720  8720 I SpectrePeripheral: event=notify_send reason=sent peer=xx:7A:39 char=enrichment bytes=222 label=chunked chunk=0 chunks=5 remaining=4
08-07 13:37:25.724  8720  8720 I SpectrePeripheral: event=notify_sent peer=xx:7A:39 status=success remaining=4
08-07 13:37:25.800  8720  8720 I SpectrePeripheral: event=notify_send reason=sent_paced peer=xx:7A:39 char=enrichment bytes=222 label=chunked chunk=1 chunks=5 remaining=3
08-07 13:37:25.802  8720  8720 I SpectrePeripheral: event=notify_sent peer=xx:7A:39 status=success remaining=3
08-07 13:37:25.879  8720  8720 I SpectrePeripheral: event=notify_send reason=sent_paced peer=xx:7A:39 char=enrichment bytes=222 label=chunked chunk=2 chunks=5 remaining=2
08-07 13:37:25.882  8720  8720 I SpectrePeripheral: event=notify_sent peer=xx:7A:39 status=success remaining=2
08-07 13:37:25.958  8720  8720 I SpectrePeripheral: event=notify_send reason=sent_paced peer=xx:7A:39 char=enrichment bytes=222 label=chunked chunk=3 chunks=5 remaining=1
08-07 13:37:25.961  8720  8720 I SpectrePeripheral: event=notify_sent peer=xx:7A:39 status=success remaining=1
08-07 13:37:26.037  8720  8720 I SpectrePeripheral: event=notify_send reason=sent_paced peer=xx:7A:39 char=enrichment bytes=68 label=chunked chunk=4 chunks=5 remaining=0
08-07 13:37:26.039  8720  8720 I SpectrePeripheral: event=notify_sent peer=xx:7A:39 status=success remaining=0
08-07 13:37:26.330  8720  8720 I SpectrePeripheral: event=char_write peer=xx:7A:39 char=event_batch requestId=254 offset=0 chunkBytes=202 totalBytes=202 prepared=false responseNeeded=true
08-07 13:37:26.331  8720  8720 I SpectrePeripheral: event=event_batch_received peer=xx:7A:39 cipherBytes=202 plainBytes=180 recordsEstimate=18 sessionId=0 batchId=0 totalBatches=76
08-07 13:37:26.505  8720  8720 I SpectrePeripheral: event=update_value char=control bytes=4
08-07 13:37:26.505  8720  8720 I SpectrePeripheral: event=notify_requested char=control bytes=26 connected=1
08-07 13:37:26.506  8720  8720 I SpectrePeripheral: event=notify_queued peer=xx:7A:39 char=control bytes=26 label=value chunk=0 chunks=1 queued=1
08-07 13:37:26.507  8720  8720 I SpectrePeripheral: event=notify_send reason=enqueue peer=xx:7A:39 char=control bytes=26 label=value chunk=0 chunks=1 remaining=0
08-07 13:37:26.508  8720  8720 I SpectrePeripheral: event=secure_value_updated char=control channel=2 plainBytes=4 cipherBytes=26 notify=true
08-07 13:37:26.509  8720  8747 I ReactNativeJS: [SpectreEnrich] batch events=18 matched=0 skipped=18 history=188 firstEvent=1783051478000 lastEvent=1783125820000 oldestHistory=1783461501000 newestHistory=1786126571866 nearestDriftMin=335681000 nearestDriftMax=410023000 nearestFixFirst=1783461501000 nativeRecorder=1
08-07 13:37:26.510  8720  8720 I SpectrePeripheral: event=notify_sent peer=xx:7A:39 status=success remaining=0
08-07 13:37:26.511  8720  8720 W SpectrePeripheral: event=enrichment_response_unframed records=18 pendingRecords=18 sessionId=0 batchId=0
08-07 13:37:26.511  8720  8720 I SpectrePeripheral: event=notify_chunked char=enrichment plainBytes=846 chunks=5 chunkPlainMax=200
08-07 13:37:26.511  8720  8720 I SpectrePeripheral: event=notify_chunk char=enrichment chunk=0 plainBytes=200 bytes=222
08-07 13:37:26.511  8720  8720 I SpectrePeripheral: event=notify_queued peer=xx:7A:39 char=enrichment bytes=222 label=chunked chunk=0 chunks=5 queued=1
08-07 13:37:26.512  8720  8720 I SpectrePeripheral: event=notify_send reason=enqueue peer=xx:7A:39 char=enrichment bytes=222 label=chunked chunk=0 chunks=5 remaining=0
08-07 13:37:26.512  8720  8720 I SpectrePeripheral: event=notify_chunk char=enrichment chunk=1 plainBytes=200 bytes=222
08-07 13:37:26.512  8720  8720 I SpectrePeripheral: event=notify_queued peer=xx:7A:39 char=enrichment bytes=222 label=chunked chunk=1 chunks=5 queued=1
08-07 13:37:26.512  8720  8720 I SpectrePeripheral: event=notify_chunk char=enrichment chunk=2 plainBytes=200 bytes=222
08-07 13:37:26.513  8720  8720 I SpectrePeripheral: event=notify_queued peer=xx:7A:39 char=enrichment bytes=222 label=chunked chunk=2 chunks=5 queued=2
08-07 13:37:26.513  8720  8720 I SpectrePeripheral: event=notify_chunk char=enrichment chunk=3 plainBytes=200 bytes=222
08-07 13:37:26.513  8720  8720 I SpectrePeripheral: event=notify_queued peer=xx:7A:39 char=enrichment bytes=222 label=chunked chunk=3 chunks=5 queued=3
08-07 13:37:26.513  8720  8720 I SpectrePeripheral: event=notify_chunk char=enrichment chunk=4 plainBytes=46 bytes=68
08-07 13:37:26.513  8720  8720 I SpectrePeripheral: event=notify_queued peer=xx:7A:39 char=enrichment bytes=68 label=chunked chunk=4 chunks=5 queued=4
08-07 13:37:26.514  8720  8720 I SpectrePeripheral: event=notify_sent peer=xx:7A:39 status=success remaining=4
08-07 13:37:26.589  8720  8720 I SpectrePeripheral: event=notify_send reason=sent_paced peer=xx:7A:39 char=enrichment bytes=222 label=chunked chunk=1 chunks=5 remaining=3
08-07 13:37:26.591  8720  8720 I SpectrePeripheral: event=notify_sent peer=xx:7A:39 status=success remaining=3
08-07 13:37:26.619  8720  8762 I SpectrePeripheral: event=char_read peer=xx:7A:39 char=control requestId=255 offset=0 valueBytes=26 responseBytes=26
08-07 13:37:26.668  8720  8720 I SpectrePeripheral: event=notify_send reason=sent_paced peer=xx:7A:39 char=enrichment bytes=222 label=chunked chunk=2 chunks=5 remaining=2
08-07 13:37:26.671  8720  8720 I SpectrePeripheral: event=notify_sent peer=xx:7A:39 status=success remaining=2
08-07 13:37:26.747  8720  8720 I SpectrePeripheral: event=notify_send reason=sent_paced peer=xx:7A:39 char=enrichment bytes=222 label=chunked chunk=3 chunks=5 remaining=1
08-07 13:37:26.750  8720  8720 I SpectrePeripheral: event=notify_sent peer=xx:7A:39 status=success remaining=1
08-07 13:37:26.802  8720  8731 I SpectrePeripheral: event=char_read peer=xx:7A:39 char=gps requestId=256 offset=0 valueBytes=42 responseBytes=42
08-07 13:37:26.825  8720  8720 I SpectrePeripheral: event=notify_send reason=sent_paced peer=xx:7A:39 char=enrichment bytes=68 label=chunked chunk=4 chunks=5 remaining=0
08-07 13:37:26.829  8720  8720 I SpectrePeripheral: event=notify_sent peer=xx:7A:39 status=success remaining=0
08-07 13:37:27.105  8720  8720 I SpectrePeripheral: event=char_write peer=xx:7A:39 char=event_batch requestId=257 offset=0 chunkBytes=202 totalBytes=202 prepared=false responseNeeded=true
08-07 13:37:27.107  8720  8720 I SpectrePeripheral: event=event_batch_received peer=xx:7A:39 cipherBytes=202 plainBytes=180 recordsEstimate=18 sessionId=0 batchId=0 totalBatches=77
08-07 13:37:27.277  8720  8720 I SpectrePeripheral: event=update_value char=control bytes=4
08-07 13:37:27.278  8720  8720 I SpectrePeripheral: event=notify_requested char=control bytes=26 connected=1
08-07 13:37:27.279  8720  8747 I ReactNativeJS: [SpectreEnrich] batch events=18 matched=0 skipped=18 history=188 firstEvent=1783089525000 lastEvent=1783125875000 oldestHistory=1783461501000 newestHistory=1786126571866 nearestDriftMin=335626000 nearestDriftMax=371976000 nearestFixFirst=1783461501000 nativeRecorder=1
08-07 13:37:27.279  8720  8720 I SpectrePeripheral: event=notify_queued peer=xx:7A:39 char=control bytes=26 label=value chunk=0 chunks=1 queued=1
08-07 13:37:27.280  8720  8720 I SpectrePeripheral: event=notify_send reason=enqueue peer=xx:7A:39 char=control bytes=26 label=value chunk=0 chunks=1 remaining=0
08-07 13:37:27.280  8720  8720 I SpectrePeripheral: event=secure_value_updated char=control channel=2 plainBytes=4 cipherBytes=26 notify=true
08-07 13:37:27.280  8720  8720 W SpectrePeripheral: event=enrichment_response_unframed records=18 pendingRecords=18 sessionId=0 batchId=0
08-07 13:37:27.280  8720  8720 I SpectrePeripheral: event=notify_chunked char=enrichment plainBytes=846 chunks=5 chunkPlainMax=200
08-07 13:37:27.280  8720  8720 I SpectrePeripheral: event=notify_chunk char=enrichment chunk=0 plainBytes=200 bytes=222
08-07 13:37:27.281  8720  8720 I SpectrePeripheral: event=notify_queued peer=xx:7A:39 char=enrichment bytes=222 label=chunked chunk=0 chunks=5 queued=1
08-07 13:37:27.281  8720  8720 I SpectrePeripheral: event=notify_chunk char=enrichment chunk=1 plainBytes=200 bytes=222
08-07 13:37:27.281  8720  8720 I SpectrePeripheral: event=notify_queued peer=xx:7A:39 char=enrichment bytes=222 label=chunked chunk=1 chunks=5 queued=2
08-07 13:37:27.281  8720  8720 I SpectrePeripheral: event=notify_chunk char=enrichment chunk=2 plainBytes=200 bytes=222
08-07 13:37:27.281  8720  8720 I SpectrePeripheral: event=notify_queued peer=xx:7A:39 char=enrichment bytes=222 label=chunked chunk=2 chunks=5 queued=3
08-07 13:37:27.281  8720  8720 I SpectrePeripheral: event=notify_chunk char=enrichment chunk=3 plainBytes=200 bytes=222
08-07 13:37:27.281  8720  8720 I SpectrePeripheral: event=notify_queued peer=xx:7A:39 char=enrichment bytes=222 label=chunked chunk=3 chunks=5 queued=4
08-07 13:37:27.281  8720  8720 I SpectrePeripheral: event=notify_chunk char=enrichment chunk=4 plainBytes=46 bytes=68
08-07 13:37:27.282  8720  8720 I SpectrePeripheral: event=notify_queued peer=xx:7A:39 char=enrichment bytes=68 label=chunked chunk=4 chunks=5 queued=5
08-07 13:37:27.282  8720  8720 I SpectrePeripheral: event=notify_sent peer=xx:7A:39 status=success remaining=5
08-07 13:37:27.282  8720  8720 I SpectrePeripheral: event=notify_send reason=sent peer=xx:7A:39 char=enrichment bytes=222 label=chunked chunk=0 chunks=5 remaining=4
08-07 13:37:27.283  8720  8720 I SpectrePeripheral: event=notify_sent peer=xx:7A:39 status=success remaining=4
08-07 13:37:27.360  8720  8720 I SpectrePeripheral: event=notify_send reason=sent_paced peer=xx:7A:39 char=enrichment bytes=222 label=chunked chunk=1 chunks=5 remaining=3
08-07 13:37:27.363  8720  8720 I SpectrePeripheral: event=notify_sent peer=xx:7A:39 status=success remaining=3
08-07 13:37:27.438  8720  8720 I SpectrePeripheral: event=notify_send reason=sent_paced peer=xx:7A:39 char=enrichment bytes=222 label=chunked chunk=2 chunks=5 remaining=2
08-07 13:37:27.441  8720  8720 I SpectrePeripheral: event=notify_sent peer=xx:7A:39 status=success remaining=2
08-07 13:37:27.517  8720  8720 I SpectrePeripheral: event=notify_send reason=sent_paced peer=xx:7A:39 char=enrichment bytes=222 label=chunked chunk=3 chunks=5 remaining=1
08-07 13:37:27.518  8720  8720 I SpectrePeripheral: event=notify_sent peer=xx:7A:39 status=success remaining=1
08-07 13:37:27.593  8720  8720 I SpectrePeripheral: event=notify_send reason=sent_paced peer=xx:7A:39 char=enrichment bytes=68 label=chunked chunk=4 chunks=5 remaining=0
08-07 13:37:27.595  8720  8720 I SpectrePeripheral: event=notify_sent peer=xx:7A:39 status=success remaining=0
08-07 13:37:27.857  8720  8720 I SpectrePeripheral: event=char_write peer=xx:7A:39 char=event_batch requestId=258 offset=0 chunkBytes=202 totalBytes=202 prepared=false responseNeeded=true
08-07 13:37:27.859  8720  8720 I SpectrePeripheral: event=event_batch_received peer=xx:7A:39 cipherBytes=202 plainBytes=180 recordsEstimate=18 sessionId=0 batchId=0 totalBatches=78
08-07 13:37:28.031  8720  8747 I ReactNativeJS: [SpectreEnrich] batch events=18 matched=0 skipped=18 history=188 firstEvent=1783057933000 lastEvent=1783126009000 oldestHistory=1783461501000 newestHistory=1786126571866 nearestDriftMin=335492000 nearestDriftMax=403568000 nearestFixFirst=1783461501000 nativeRecorder=1
08-07 13:37:28.034  8720  8720 W SpectrePeripheral: event=enrichment_response_unframed records=18 pendingRecords=18 sessionId=0 batchId=0
08-07 13:37:28.034  8720  8720 I SpectrePeripheral: event=notify_chunked char=enrichment plainBytes=846 chunks=5 chunkPlainMax=200
08-07 13:37:28.034  8720  8720 I SpectrePeripheral: event=notify_chunk char=enrichment chunk=0 plainBytes=200 bytes=222
08-07 13:37:28.034  8720  8720 I SpectrePeripheral: event=notify_queued peer=xx:7A:39 char=enrichment bytes=222 label=chunked chunk=0 chunks=5 queued=1
08-07 13:37:28.035  8720  8720 I SpectrePeripheral: event=notify_send reason=enqueue peer=xx:7A:39 char=enrichment bytes=222 label=chunked chunk=0 chunks=5 remaining=0
08-07 13:37:28.035  8720  8720 I SpectrePeripheral: event=notify_chunk char=enrichment chunk=1 plainBytes=200 bytes=222
08-07 13:37:28.035  8720  8720 I SpectrePeripheral: event=notify_queued peer=xx:7A:39 char=enrichment bytes=222 label=chunked chunk=1 chunks=5 queued=1
08-07 13:37:28.035  8720  8720 I SpectrePeripheral: event=notify_chunk char=enrichment chunk=2 plainBytes=200 bytes=222
08-07 13:37:28.036  8720  8720 I SpectrePeripheral: event=notify_queued peer=xx:7A:39 char=enrichment bytes=222 label=chunked chunk=2 chunks=5 queued=2
08-07 13:37:28.036  8720  8720 I SpectrePeripheral: event=notify_chunk char=enrichment chunk=3 plainBytes=200 bytes=222
08-07 13:37:28.036  8720  8720 I SpectrePeripheral: event=notify_queued peer=xx:7A:39 char=enrichment bytes=222 label=chunked chunk=3 chunks=5 queued=3
08-07 13:37:28.036  8720  8720 I SpectrePeripheral: event=notify_chunk char=enrichment chunk=4 plainBytes=46 bytes=68
08-07 13:37:28.036  8720  8720 I SpectrePeripheral: event=notify_queued peer=xx:7A:39 char=enrichment bytes=68 label=chunked chunk=4 chunks=5 queued=4
08-07 13:37:28.036  8720  8720 I SpectrePeripheral: event=update_value char=control bytes=4
08-07 13:37:28.036  8720  8720 I SpectrePeripheral: event=notify_requested char=control bytes=26 connected=1
08-07 13:37:28.036  8720  8720 I SpectrePeripheral: event=notify_queued peer=xx:7A:39 char=control bytes=26 label=value chunk=0 chunks=1 queued=5
08-07 13:37:28.036  8720  8720 I SpectrePeripheral: event=secure_value_updated char=control channel=2 plainBytes=4 cipherBytes=26 notify=true
08-07 13:37:28.043  8720  8720 I SpectrePeripheral: event=notify_sent peer=xx:7A:39 status=success remaining=5
08-07 13:37:28.119  8720  8720 I SpectrePeripheral: event=notify_send reason=sent_paced peer=xx:7A:39 char=enrichment bytes=222 label=chunked chunk=1 chunks=5 remaining=4
08-07 13:37:28.122  8720  8720 I SpectrePeripheral: event=notify_sent peer=xx:7A:39 status=success remaining=4
08-07 13:37:28.198  8720  8720 I SpectrePeripheral: event=notify_send reason=sent_paced peer=xx:7A:39 char=enrichment bytes=222 label=chunked chunk=2 chunks=5 remaining=3
08-07 13:37:28.202  8720  8720 I SpectrePeripheral: event=notify_sent peer=xx:7A:39 status=success remaining=3
08-07 13:37:28.278  8720  8720 I SpectrePeripheral: event=notify_send reason=sent_paced peer=xx:7A:39 char=enrichment bytes=222 label=chunked chunk=3 chunks=5 remaining=2
08-07 13:37:28.280  8720  8720 I SpectrePeripheral: event=notify_sent peer=xx:7A:39 status=success remaining=2
08-07 13:37:28.357  8720  8720 I SpectrePeripheral: event=notify_send reason=sent_paced peer=xx:7A:39 char=enrichment bytes=68 label=chunked chunk=4 chunks=5 remaining=1
08-07 13:37:28.360  8720  8720 I SpectrePeripheral: event=notify_sent peer=xx:7A:39 status=success remaining=1
08-07 13:37:28.435  8720  8720 I SpectrePeripheral: event=notify_send reason=sent_paced peer=xx:7A:39 char=control bytes=26 label=value chunk=0 chunks=1 remaining=0
08-07 13:37:28.438  8720  8720 I SpectrePeripheral: event=notify_sent peer=xx:7A:39 status=success remaining=0
08-07 13:37:28.639  8720  8720 I SpectrePeripheral: event=char_write peer=xx:7A:39 char=event_batch requestId=259 offset=0 chunkBytes=202 totalBytes=202 prepared=false responseNeeded=true
08-07 13:37:28.641  8720  8720 I SpectrePeripheral: event=event_batch_received peer=xx:7A:39 cipherBytes=202 plainBytes=180 recordsEstimate=18 sessionId=0 batchId=0 totalBatches=79
08-07 13:37:28.782  8720  8731 I SpectrePeripheral: event=char_read peer=xx:7A:39 char=control requestId=260 offset=0 valueBytes=26 responseBytes=26
08-07 13:37:28.816  8720  8720 I SpectrePeripheral: event=update_value char=control bytes=4
08-07 13:37:28.816  8720  8720 I SpectrePeripheral: event=notify_requested char=control bytes=26 connected=1
08-07 13:37:28.816  8720  8747 I ReactNativeJS: [SpectreEnrich] batch events=18 matched=0 skipped=18 history=188 firstEvent=1783051830000 lastEvent=1783126237000 oldestHistory=1783461501000 newestHistory=1786126571866 nearestDriftMin=335264000 nearestDriftMax=409671000 nearestFixFirst=1783461501000 nativeRecorder=1
08-07 13:37:28.817  8720  8720 I SpectrePeripheral: event=notify_queued peer=xx:7A:39 char=control bytes=26 label=value chunk=0 chunks=1 queued=1
08-07 13:37:28.818  8720  8720 I SpectrePeripheral: event=notify_send reason=enqueue peer=xx:7A:39 char=control bytes=26 label=value chunk=0 chunks=1 remaining=0
08-07 13:37:28.818  8720  8720 I SpectrePeripheral: event=secure_value_updated char=control channel=2 plainBytes=4 cipherBytes=26 notify=true
08-07 13:37:28.819  8720  8720 W SpectrePeripheral: event=enrichment_response_unframed records=18 pendingRecords=18 sessionId=0 batchId=0
08-07 13:37:28.819  8720  8720 I SpectrePeripheral: event=notify_chunked char=enrichment plainBytes=846 chunks=5 chunkPlainMax=200
08-07 13:37:28.819  8720  8720 I SpectrePeripheral: event=notify_chunk char=enrichment chunk=0 plainBytes=200 bytes=222
08-07 13:37:28.819  8720  8720 I SpectrePeripheral: event=notify_queued peer=xx:7A:39 char=enrichment bytes=222 label=chunked chunk=0 chunks=5 queued=1
08-07 13:37:28.819  8720  8720 I SpectrePeripheral: event=notify_chunk char=enrichment chunk=1 plainBytes=200 bytes=222
08-07 13:37:28.819  8720  8720 I SpectrePeripheral: event=notify_queued peer=xx:7A:39 char=enrichment bytes=222 label=chunked chunk=1 chunks=5 queued=2
08-07 13:37:28.819  8720  8720 I SpectrePeripheral: event=notify_chunk char=enrichment chunk=2 plainBytes=200 bytes=222
08-07 13:37:28.820  8720  8720 I SpectrePeripheral: event=notify_queued peer=xx:7A:39 char=enrichment bytes=222 label=chunked chunk=2 chunks=5 queued=3
08-07 13:37:28.820  8720  8720 I SpectrePeripheral: event=notify_chunk char=enrichment chunk=3 plainBytes=200 bytes=222
08-07 13:37:28.820  8720  8720 I SpectrePeripheral: event=notify_queued peer=xx:7A:39 char=enrichment bytes=222 label=chunked chunk=3 chunks=5 queued=4
08-07 13:37:28.820  8720  8720 I SpectrePeripheral: event=notify_chunk char=enrichment chunk=4 plainBytes=46 bytes=68
08-07 13:37:28.820  8720  8720 I SpectrePeripheral: event=notify_queued peer=xx:7A:39 char=enrichment bytes=68 label=chunked chunk=4 chunks=5 queued=5
08-07 13:37:28.821  8720  8720 I SpectrePeripheral: event=notify_sent peer=xx:7A:39 status=success remaining=5
08-07 13:37:28.821  8720  8720 I SpectrePeripheral: event=notify_send reason=sent peer=xx:7A:39 char=enrichment bytes=222 label=chunked chunk=0 chunks=5 remaining=4
08-07 13:37:28.825  8720  8720 I SpectrePeripheral: event=notify_sent peer=xx:7A:39 status=success remaining=4
08-07 13:37:28.901  8720  8720 I SpectrePeripheral: event=notify_send reason=sent_paced peer=xx:7A:39 char=enrichment bytes=222 label=chunked chunk=1 chunks=5 remaining=3
08-07 13:37:28.904  8720  8720 I SpectrePeripheral: event=notify_sent peer=xx:7A:39 status=success remaining=3
08-07 13:37:28.981  8720  8720 I SpectrePeripheral: event=notify_send reason=sent_paced peer=xx:7A:39 char=enrichment bytes=222 label=chunked chunk=2 chunks=5 remaining=2
08-07 13:37:28.983  8720  8720 I SpectrePeripheral: event=notify_sent peer=xx:7A:39 status=success remaining=2
08-07 13:37:29.060  8720  8720 I SpectrePeripheral: event=notify_send reason=sent_paced peer=xx:7A:39 char=enrichment bytes=222 label=chunked chunk=3 chunks=5 remaining=1
08-07 13:37:29.062  8720  8720 I SpectrePeripheral: event=notify_sent peer=xx:7A:39 status=success remaining=1
08-07 13:37:29.138  8720  8720 I SpectrePeripheral: event=notify_send reason=sent_paced peer=xx:7A:39 char=enrichment bytes=68 label=chunked chunk=4 chunks=5 remaining=0
08-07 13:37:29.139  8720  8720 I SpectrePeripheral: event=notify_sent peer=xx:7A:39 status=success remaining=0
08-07 13:37:29.387  8720  8720 I SpectrePeripheral: event=char_write peer=xx:7A:39 char=event_batch requestId=261 offset=0 chunkBytes=202 totalBytes=202 prepared=false responseNeeded=true
08-07 13:37:29.389  8720  8720 I SpectrePeripheral: event=event_batch_received peer=xx:7A:39 cipherBytes=202 plainBytes=180 recordsEstimate=18 sessionId=0 batchId=0 totalBatches=80
08-07 13:37:29.557  8720  8720 I SpectrePeripheral: event=update_value char=control bytes=4
08-07 13:37:29.558  8720  8720 I SpectrePeripheral: event=notify_requested char=control bytes=26 connected=1
08-07 13:37:29.559  8720  8720 I SpectrePeripheral: event=notify_queued peer=xx:7A:39 char=control bytes=26 label=value chunk=0 chunks=1 queued=1
08-07 13:37:29.559  8720  8720 I SpectrePeripheral: event=notify_send reason=enqueue peer=xx:7A:39 char=control bytes=26 label=value chunk=0 chunks=1 remaining=0
08-07 13:37:29.560  8720  8720 I SpectrePeripheral: event=secure_value_updated char=control channel=2 plainBytes=4 cipherBytes=26 notify=true
08-07 13:37:29.560  8720  8747 I ReactNativeJS: [SpectreEnrich] batch events=18 matched=0 skipped=18 history=188 firstEvent=1783052070000 lastEvent=1783126357000 oldestHistory=1783461501000 newestHistory=1786126571866 nearestDriftMin=335144000 nearestDriftMax=409431000 nearestFixFirst=1783461501000 nativeRecorder=1
08-07 13:37:29.561  8720  8720 I SpectrePeripheral: event=notify_sent peer=xx:7A:39 status=success remaining=0
08-07 13:37:29.561  8720  8720 W SpectrePeripheral: event=enrichment_response_unframed records=18 pendingRecords=18 sessionId=0 batchId=0
08-07 13:37:29.561  8720  8720 I SpectrePeripheral: event=notify_chunked char=enrichment plainBytes=846 chunks=5 chunkPlainMax=200
08-07 13:37:29.561  8720  8720 I SpectrePeripheral: event=notify_chunk char=enrichment chunk=0 plainBytes=200 bytes=222
08-07 13:37:29.561  8720  8720 I SpectrePeripheral: event=notify_queued peer=xx:7A:39 char=enrichment bytes=222 label=chunked chunk=0 chunks=5 queued=1
08-07 13:37:29.562  8720  8720 I SpectrePeripheral: event=notify_send reason=enqueue peer=xx:7A:39 char=enrichment bytes=222 label=chunked chunk=0 chunks=5 remaining=0
08-07 13:37:29.562  8720  8720 I SpectrePeripheral: event=notify_chunk char=enrichment chunk=1 plainBytes=200 bytes=222
08-07 13:37:29.562  8720  8720 I SpectrePeripheral: event=notify_queued peer=xx:7A:39 char=enrichment bytes=222 label=chunked chunk=1 chunks=5 queued=1
08-07 13:37:29.563  8720  8720 I SpectrePeripheral: event=notify_chunk char=enrichment chunk=2 plainBytes=200 bytes=222
08-07 13:37:29.563  8720  8720 I SpectrePeripheral: event=notify_queued peer=xx:7A:39 char=enrichment bytes=222 label=chunked chunk=2 chunks=5 queued=2
08-07 13:37:29.563  8720  8720 I SpectrePeripheral: event=notify_chunk char=enrichment chunk=3 plainBytes=200 bytes=222
08-07 13:37:29.563  8720  8720 I SpectrePeripheral: event=notify_queued peer=xx:7A:39 char=enrichment bytes=222 label=chunked chunk=3 chunks=5 queued=3
08-07 13:37:29.563  8720  8720 I SpectrePeripheral: event=notify_chunk char=enrichment chunk=4 plainBytes=46 bytes=68
08-07 13:37:29.564  8720  8720 I SpectrePeripheral: event=notify_queued peer=xx:7A:39 char=enrichment bytes=68 label=chunked chunk=4 chunks=5 queued=4
08-07 13:37:29.564  8720  8720 I SpectrePeripheral: event=notify_sent peer=xx:7A:39 status=success remaining=4
08-07 13:37:29.641  8720  8720 I SpectrePeripheral: event=notify_send reason=sent_paced peer=xx:7A:39 char=enrichment bytes=222 label=chunked chunk=1 chunks=5 remaining=3
08-07 13:37:29.643  8720  8720 I SpectrePeripheral: event=notify_sent peer=xx:7A:39 status=success remaining=3
08-07 13:37:29.719  8720  8720 I SpectrePeripheral: event=notify_send reason=sent_paced peer=xx:7A:39 char=enrichment bytes=222 label=chunked chunk=2 chunks=5 remaining=2
08-07 13:37:29.722  8720  8720 I SpectrePeripheral: event=notify_sent peer=xx:7A:39 status=success remaining=2
08-07 13:37:29.798  8720  8720 I SpectrePeripheral: event=notify_send reason=sent_paced peer=xx:7A:39 char=enrichment bytes=222 label=chunked chunk=3 chunks=5 remaining=1
08-07 13:37:29.802  8720  8720 I SpectrePeripheral: event=notify_sent peer=xx:7A:39 status=success remaining=1
08-07 13:37:29.878  8720  8720 I SpectrePeripheral: event=notify_send reason=sent_paced peer=xx:7A:39 char=enrichment bytes=68 label=chunked chunk=4 chunks=5 remaining=0
08-07 13:37:29.880  8720  8720 I SpectrePeripheral: event=notify_sent peer=xx:7A:39 status=success remaining=0
08-07 13:37:30.167  8720  8720 I SpectrePeripheral: event=char_write peer=xx:7A:39 char=event_batch requestId=262 offset=0 chunkBytes=202 totalBytes=202 prepared=false responseNeeded=true
08-07 13:37:30.169  8720  8720 I SpectrePeripheral: event=event_batch_received peer=xx:7A:39 cipherBytes=202 plainBytes=180 recordsEstimate=18 sessionId=0 batchId=0 totalBatches=81
08-07 13:37:30.340  8720  8720 I SpectrePeripheral: event=update_value char=control bytes=4
08-07 13:37:30.340  8720  8720 I SpectrePeripheral: event=notify_requested char=control bytes=26 connected=1
08-07 13:37:30.341  8720  8720 I SpectrePeripheral: event=notify_queued peer=xx:7A:39 char=control bytes=26 label=value chunk=0 chunks=1 queued=1
08-07 13:37:30.342  8720  8747 I ReactNativeJS: [SpectreEnrich] batch events=18 matched=0 skipped=18 history=188 firstEvent=1783058401000 lastEvent=1783126614000 oldestHistory=1783461501000 newestHistory=1786126571866 nearestDriftMin=334887000 nearestDriftMax=403100000 nearestFixFirst=1783461501000 nativeRecorder=1
08-07 13:37:30.342  8720  8720 I SpectrePeripheral: event=notify_send reason=enqueue peer=xx:7A:39 char=control bytes=26 label=value chunk=0 chunks=1 remaining=0
08-07 13:37:30.343  8720  8720 I SpectrePeripheral: event=secure_value_updated char=control channel=2 plainBytes=4 cipherBytes=26 notify=true
08-07 13:37:30.343  8720  8720 W SpectrePeripheral: event=enrichment_response_unframed records=18 pendingRecords=18 sessionId=0 batchId=0
08-07 13:37:30.343  8720  8720 I SpectrePeripheral: event=notify_chunked char=enrichment plainBytes=846 chunks=5 chunkPlainMax=200
08-07 13:37:30.343  8720  8720 I SpectrePeripheral: event=notify_chunk char=enrichment chunk=0 plainBytes=200 bytes=222
08-07 13:37:30.344  8720  8720 I SpectrePeripheral: event=notify_queued peer=xx:7A:39 char=enrichment bytes=222 label=chunked chunk=0 chunks=5 queued=1
08-07 13:37:30.344  8720  8720 I SpectrePeripheral: event=notify_chunk char=enrichment chunk=1 plainBytes=200 bytes=222
08-07 13:37:30.344  8720  8720 I SpectrePeripheral: event=notify_queued peer=xx:7A:39 char=enrichment bytes=222 label=chunked chunk=1 chunks=5 queued=2
08-07 13:37:30.345  8720  8720 I SpectrePeripheral: event=notify_chunk char=enrichment chunk=2 plainBytes=200 bytes=222
08-07 13:37:30.345  8720  8720 I SpectrePeripheral: event=notify_queued peer=xx:7A:39 char=enrichment bytes=222 label=chunked chunk=2 chunks=5 queued=3
08-07 13:37:30.345  8720  8720 I SpectrePeripheral: event=notify_chunk char=enrichment chunk=3 plainBytes=200 bytes=222
08-07 13:37:30.346  8720  8720 I SpectrePeripheral: event=notify_queued peer=xx:7A:39 char=enrichment bytes=222 label=chunked chunk=3 chunks=5 queued=4
08-07 13:37:30.346  8720  8720 I SpectrePeripheral: event=notify_chunk char=enrichment chunk=4 plainBytes=46 bytes=68
08-07 13:37:30.347  8720  8720 I SpectrePeripheral: event=notify_queued peer=xx:7A:39 char=enrichment bytes=68 label=chunked chunk=4 chunks=5 queued=5
08-07 13:37:30.348  8720  8720 I SpectrePeripheral: event=notify_sent peer=xx:7A:39 status=success remaining=5
08-07 13:37:30.349  8720  8720 I SpectrePeripheral: event=notify_send reason=sent peer=xx:7A:39 char=enrichment bytes=222 label=chunked chunk=0 chunks=5 remaining=4
08-07 13:37:30.351  8720  8720 I SpectrePeripheral: event=notify_sent peer=xx:7A:39 status=success remaining=4
08-07 13:37:30.428  8720  8720 I SpectrePeripheral: event=notify_send reason=sent_paced peer=xx:7A:39 char=enrichment bytes=222 label=chunked chunk=1 chunks=5 remaining=3
08-07 13:37:30.431  8720  8720 I SpectrePeripheral: event=notify_sent peer=xx:7A:39 status=success remaining=3
08-07 13:37:30.508  8720  8720 I SpectrePeripheral: event=notify_send reason=sent_paced peer=xx:7A:39 char=enrichment bytes=222 label=chunked chunk=2 chunks=5 remaining=2
08-07 13:37:30.510  8720  8720 I SpectrePeripheral: event=notify_sent peer=xx:7A:39 status=success remaining=2
08-07 13:37:30.587  8720  8720 I SpectrePeripheral: event=notify_send reason=sent_paced peer=xx:7A:39 char=enrichment bytes=222 label=chunked chunk=3 chunks=5 remaining=1
08-07 13:37:30.589  8720  8720 I SpectrePeripheral: event=notify_sent peer=xx:7A:39 status=success remaining=1
08-07 13:37:30.666  8720  8720 I SpectrePeripheral: event=notify_send reason=sent_paced peer=xx:7A:39 char=enrichment bytes=68 label=chunked chunk=4 chunks=5 remaining=0
08-07 13:37:30.670  8720  8720 I SpectrePeripheral: event=notify_sent peer=xx:7A:39 status=success remaining=0
08-07 13:37:30.914  8720  8731 I SpectrePeripheral: event=char_read peer=xx:7A:39 char=control requestId=263 offset=0 valueBytes=26 responseBytes=26
08-07 13:37:30.974  8720  8720 I SpectrePeripheral: event=char_write peer=xx:7A:39 char=event_batch requestId=264 offset=0 chunkBytes=202 totalBytes=202 prepared=false responseNeeded=true
08-07 13:37:30.975  8720  8720 I SpectrePeripheral: event=event_batch_received peer=xx:7A:39 cipherBytes=202 plainBytes=180 recordsEstimate=18 sessionId=0 batchId=0 totalBatches=82
08-07 13:37:31.148  8720  8720 I SpectrePeripheral: event=update_value char=control bytes=4
08-07 13:37:31.148  8720  8720 I SpectrePeripheral: event=notify_requested char=control bytes=26 connected=1
08-07 13:37:31.149  8720  8747 I ReactNativeJS: [SpectreEnrich] batch events=18 matched=0 skipped=18 history=188 firstEvent=1783090323000 lastEvent=1783126625000 oldestHistory=1783461501000 newestHistory=1786126571866 nearestDriftMin=334876000 nearestDriftMax=371178000 nearestFixFirst=1783461501000 nativeRecorder=1
08-07 13:37:31.149  8720  8720 I SpectrePeripheral: event=notify_queued peer=xx:7A:39 char=control bytes=26 label=value chunk=0 chunks=1 queued=1
08-07 13:37:31.150  8720  8720 I SpectrePeripheral: event=notify_send reason=enqueue peer=xx:7A:39 char=control bytes=26 label=value chunk=0 chunks=1 remaining=0
08-07 13:37:31.150  8720  8720 I SpectrePeripheral: event=secure_value_updated char=control channel=2 plainBytes=4 cipherBytes=26 notify=true
08-07 13:37:31.150  8720  8720 W SpectrePeripheral: event=enrichment_response_unframed records=18 pendingRecords=18 sessionId=0 batchId=0
08-07 13:37:31.151  8720  8720 I SpectrePeripheral: event=notify_chunked char=enrichment plainBytes=846 chunks=5 chunkPlainMax=200
08-07 13:37:31.151  8720  8720 I SpectrePeripheral: event=notify_chunk char=enrichment chunk=0 plainBytes=200 bytes=222
08-07 13:37:31.151  8720  8720 I SpectrePeripheral: event=notify_queued peer=xx:7A:39 char=enrichment bytes=222 label=chunked chunk=0 chunks=5 queued=1
08-07 13:37:31.151  8720  8720 I SpectrePeripheral: event=notify_chunk char=enrichment chunk=1 plainBytes=200 bytes=222
08-07 13:37:31.151  8720  8720 I SpectrePeripheral: event=notify_queued peer=xx:7A:39 char=enrichment bytes=222 label=chunked chunk=1 chunks=5 queued=2
08-07 13:37:31.151  8720  8720 I SpectrePeripheral: event=notify_chunk char=enrichment chunk=2 plainBytes=200 bytes=222
08-07 13:37:31.151  8720  8720 I SpectrePeripheral: event=notify_queued peer=xx:7A:39 char=enrichment bytes=222 label=chunked chunk=2 chunks=5 queued=3
08-07 13:37:31.151  8720  8720 I SpectrePeripheral: event=notify_chunk char=enrichment chunk=3 plainBytes=200 bytes=222
08-07 13:37:31.152  8720  8720 I SpectrePeripheral: event=notify_queued peer=xx:7A:39 char=enrichment bytes=222 label=chunked chunk=3 chunks=5 queued=4
08-07 13:37:31.152  8720  8720 I SpectrePeripheral: event=notify_chunk char=enrichment chunk=4 plainBytes=46 bytes=68
08-07 13:37:31.152  8720  8720 I SpectrePeripheral: event=notify_queued peer=xx:7A:39 char=enrichment bytes=68 label=chunked chunk=4 chunks=5 queued=5
08-07 13:37:31.152  8720  8720 I SpectrePeripheral: event=notify_sent peer=xx:7A:39 status=success remaining=5
08-07 13:37:31.152  8720  8720 I SpectrePeripheral: event=notify_send reason=sent peer=xx:7A:39 char=enrichment bytes=222 label=chunked chunk=0 chunks=5 remaining=4
08-07 13:37:31.154  8720  8720 I SpectrePeripheral: event=notify_sent peer=xx:7A:39 status=success remaining=4
08-07 13:37:31.231  8720  8720 I SpectrePeripheral: event=notify_send reason=sent_paced peer=xx:7A:39 char=enrichment bytes=222 label=chunked chunk=1 chunks=5 remaining=3
08-07 13:37:31.233  8720  8720 I SpectrePeripheral: event=notify_sent peer=xx:7A:39 status=success remaining=3
08-07 13:37:31.309  8720  8720 I SpectrePeripheral: event=notify_send reason=sent_paced peer=xx:7A:39 char=enrichment bytes=222 label=chunked chunk=2 chunks=5 remaining=2
08-07 13:37:31.311  8720  8720 I SpectrePeripheral: event=notify_sent peer=xx:7A:39 status=success remaining=2
08-07 13:37:31.388  8720  8720 I SpectrePeripheral: event=notify_send reason=sent_paced peer=xx:7A:39 char=enrichment bytes=222 label=chunked chunk=3 chunks=5 remaining=1
08-07 13:37:31.390  8720  8720 I SpectrePeripheral: event=notify_sent peer=xx:7A:39 status=success remaining=1
08-07 13:37:31.466  8720  8720 I SpectrePeripheral: event=notify_send reason=sent_paced peer=xx:7A:39 char=enrichment bytes=68 label=chunked chunk=4 chunks=5 remaining=0
08-07 13:37:31.470  8720  8720 I SpectrePeripheral: event=notify_sent peer=xx:7A:39 status=success remaining=0
08-07 13:37:31.697  8720  8720 I SpectrePeripheral: event=char_write peer=xx:7A:39 char=event_batch requestId=265 offset=0 chunkBytes=202 totalBytes=202 prepared=false responseNeeded=true
08-07 13:37:31.699  8720  8720 I SpectrePeripheral: event=event_batch_received peer=xx:7A:39 cipherBytes=202 plainBytes=180 recordsEstimate=18 sessionId=0 batchId=0 totalBatches=83
08-07 13:37:31.842  8720  8762 I SpectrePeripheral: event=char_read peer=xx:7A:39 char=gps requestId=266 offset=0 valueBytes=42 responseBytes=42
08-07 13:37:31.868  8720  8747 I ReactNativeJS: [SpectreEnrich] batch events=18 matched=0 skipped=18 history=188 firstEvent=1783052395000 lastEvent=1783126744000 oldestHistory=1783461501000 newestHistory=1786126571866 nearestDriftMin=334757000 nearestDriftMax=409106000 nearestFixFirst=1783461501000 nativeRecorder=1
08-07 13:37:31.870  8720  8720 I SpectrePeripheral: event=update_value char=control bytes=4
08-07 13:37:31.870  8720  8720 I SpectrePeripheral: event=notify_requested char=control bytes=26 connected=1
08-07 13:37:31.871  8720  8720 I SpectrePeripheral: event=notify_queued peer=xx:7A:39 char=control bytes=26 label=value chunk=0 chunks=1 queued=1
08-07 13:37:31.872  8720  8720 I SpectrePeripheral: event=notify_send reason=enqueue peer=xx:7A:39 char=control bytes=26 label=value chunk=0 chunks=1 remaining=0
08-07 13:37:31.872  8720  8720 I SpectrePeripheral: event=secure_value_updated char=control channel=2 plainBytes=4 cipherBytes=26 notify=true
08-07 13:37:31.872  8720  8720 W SpectrePeripheral: event=enrichment_response_unframed records=18 pendingRecords=18 sessionId=0 batchId=0
08-07 13:37:31.872  8720  8720 I SpectrePeripheral: event=notify_chunked char=enrichment plainBytes=846 chunks=5 chunkPlainMax=200
08-07 13:37:31.872  8720  8720 I SpectrePeripheral: event=notify_chunk char=enrichment chunk=0 plainBytes=200 bytes=222
08-07 13:37:31.873  8720  8720 I SpectrePeripheral: event=notify_queued peer=xx:7A:39 char=enrichment bytes=222 label=chunked chunk=0 chunks=5 queued=1
08-07 13:37:31.873  8720  8720 I SpectrePeripheral: event=notify_chunk char=enrichment chunk=1 plainBytes=200 bytes=222
08-07 13:37:31.873  8720  8720 I SpectrePeripheral: event=notify_queued peer=xx:7A:39 char=enrichment bytes=222 label=chunked chunk=1 chunks=5 queued=2
08-07 13:37:31.873  8720  8720 I SpectrePeripheral: event=notify_chunk char=enrichment chunk=2 plainBytes=200 bytes=222
08-07 13:37:31.873  8720  8720 I SpectrePeripheral: event=notify_queued peer=xx:7A:39 char=enrichment bytes=222 label=chunked chunk=2 chunks=5 queued=3
08-07 13:37:31.873  8720  8720 I SpectrePeripheral: event=notify_chunk char=enrichment chunk=3 plainBytes=200 bytes=222
08-07 13:37:31.873  8720  8720 I SpectrePeripheral: event=notify_queued peer=xx:7A:39 char=enrichment bytes=222 label=chunked chunk=3 chunks=5 queued=4
08-07 13:37:31.873  8720  8720 I SpectrePeripheral: event=notify_chunk char=enrichment chunk=4 plainBytes=46 bytes=68
08-07 13:37:31.874  8720  8720 I SpectrePeripheral: event=notify_queued peer=xx:7A:39 char=enrichment bytes=68 label=chunked chunk=4 chunks=5 queued=5
08-07 13:37:31.874  8720  8720 I SpectrePeripheral: event=notify_sent peer=xx:7A:39 status=success remaining=5
08-07 13:37:31.874  8720  8720 I SpectrePeripheral: event=notify_send reason=sent peer=xx:7A:39 char=enrichment bytes=222 label=chunked chunk=0 chunks=5 remaining=4
08-07 13:37:31.879  8720  8720 I SpectrePeripheral: event=notify_sent peer=xx:7A:39 status=success remaining=4
08-07 13:37:31.956  8720  8720 I SpectrePeripheral: event=notify_send reason=sent_paced peer=xx:7A:39 char=enrichment bytes=222 label=chunked chunk=1 chunks=5 remaining=3
08-07 13:37:31.958  8720  8720 I SpectrePeripheral: event=notify_sent peer=xx:7A:39 status=success remaining=3
08-07 13:37:32.034  8720  8720 I SpectrePeripheral: event=notify_send reason=sent_paced peer=xx:7A:39 char=enrichment bytes=222 label=chunked chunk=2 chunks=5 remaining=2
08-07 13:37:32.037  8720  8720 I SpectrePeripheral: event=notify_sent peer=xx:7A:39 status=success remaining=2
08-07 13:37:32.113  8720  8720 I SpectrePeripheral: event=notify_send reason=sent_paced peer=xx:7A:39 char=enrichment bytes=222 label=chunked chunk=3 chunks=5 remaining=1
08-07 13:37:32.116  8720  8720 I SpectrePeripheral: event=notify_sent peer=xx:7A:39 status=success remaining=1
08-07 13:37:32.192  8720  8720 I SpectrePeripheral: event=notify_send reason=sent_paced peer=xx:7A:39 char=enrichment bytes=68 label=chunked chunk=4 chunks=5 remaining=0
08-07 13:37:32.193  8720  8720 I SpectrePeripheral: event=notify_sent peer=xx:7A:39 status=success remaining=0
08-07 13:37:32.442  8720  8720 I SpectrePeripheral: event=char_write peer=xx:7A:39 char=event_batch requestId=267 offset=0 chunkBytes=202 totalBytes=202 prepared=false responseNeeded=true
08-07 13:37:32.443  8720  8720 I SpectrePeripheral: event=event_batch_received peer=xx:7A:39 cipherBytes=202 plainBytes=180 recordsEstimate=18 sessionId=0 batchId=0 totalBatches=84
08-07 13:37:32.620  8720  8720 I SpectrePeripheral: event=update_value char=control bytes=4
08-07 13:37:32.620  8720  8720 I SpectrePeripheral: event=notify_requested char=control bytes=26 connected=1
08-07 13:37:32.622  8720  8720 I SpectrePeripheral: event=notify_queued peer=xx:7A:39 char=control bytes=26 label=value chunk=0 chunks=1 queued=1
08-07 13:37:32.622  8720  8747 I ReactNativeJS: [SpectreEnrich] batch events=18 matched=0 skipped=18 history=188 firstEvent=1783052574000 lastEvent=1783127119000 oldestHistory=1783461501000 newestHistory=1786126571866 nearestDriftMin=334382000 nearestDriftMax=408927000 nearestFixFirst=1783461501000 nativeRecorder=1
08-07 13:37:32.622  8720  8720 I SpectrePeripheral: event=notify_send reason=enqueue peer=xx:7A:39 char=control bytes=26 label=value chunk=0 chunks=1 remaining=0
08-07 13:37:32.623  8720  8720 I SpectrePeripheral: event=secure_value_updated char=control channel=2 plainBytes=4 cipherBytes=26 notify=true
08-07 13:37:32.623  8720  8720 W SpectrePeripheral: event=enrichment_response_unframed records=18 pendingRecords=18 sessionId=0 batchId=0
08-07 13:37:32.623  8720  8720 I SpectrePeripheral: event=notify_chunked char=enrichment plainBytes=846 chunks=5 chunkPlainMax=200
08-07 13:37:32.623  8720  8720 I SpectrePeripheral: event=notify_chunk char=enrichment chunk=0 plainBytes=200 bytes=222
08-07 13:37:32.624  8720  8720 I SpectrePeripheral: event=notify_queued peer=xx:7A:39 char=enrichment bytes=222 label=chunked chunk=0 chunks=5 queued=1
08-07 13:37:32.624  8720  8720 I SpectrePeripheral: event=notify_chunk char=enrichment chunk=1 plainBytes=200 bytes=222
08-07 13:37:32.624  8720  8720 I SpectrePeripheral: event=notify_queued peer=xx:7A:39 char=enrichment bytes=222 label=chunked chunk=1 chunks=5 queued=2
08-07 13:37:32.624  8720  8720 I SpectrePeripheral: event=notify_chunk char=enrichment chunk=2 plainBytes=200 bytes=222
08-07 13:37:32.624  8720  8720 I SpectrePeripheral: event=notify_queued peer=xx:7A:39 char=enrichment bytes=222 label=chunked chunk=2 chunks=5 queued=3
08-07 13:37:32.624  8720  8720 I SpectrePeripheral: event=notify_chunk char=enrichment chunk=3 plainBytes=200 bytes=222
08-07 13:37:32.624  8720  8720 I SpectrePeripheral: event=notify_queued peer=xx:7A:39 char=enrichment bytes=222 label=chunked chunk=3 chunks=5 queued=4
08-07 13:37:32.624  8720  8720 I SpectrePeripheral: event=notify_chunk char=enrichment chunk=4 plainBytes=46 bytes=68
08-07 13:37:32.625  8720  8720 I SpectrePeripheral: event=notify_queued peer=xx:7A:39 char=enrichment bytes=68 label=chunked chunk=4 chunks=5 queued=5
08-07 13:37:32.625  8720  8720 I SpectrePeripheral: event=notify_sent peer=xx:7A:39 status=success remaining=5
08-07 13:37:32.625  8720  8720 I SpectrePeripheral: event=notify_send reason=sent peer=xx:7A:39 char=enrichment bytes=222 label=chunked chunk=0 chunks=5 remaining=4
08-07 13:37:32.626  8720  8720 I SpectrePeripheral: event=notify_sent peer=xx:7A:39 status=success remaining=4
08-07 13:37:32.702  8720  8720 I SpectrePeripheral: event=notify_send reason=sent_paced peer=xx:7A:39 char=enrichment bytes=222 label=chunked chunk=1 chunks=5 remaining=3
08-07 13:37:32.705  8720  8720 I SpectrePeripheral: event=notify_sent peer=xx:7A:39 status=success remaining=3
08-07 13:37:32.781  8720  8720 I SpectrePeripheral: event=notify_send reason=sent_paced peer=xx:7A:39 char=enrichment bytes=222 label=chunked chunk=2 chunks=5 remaining=2
08-07 13:37:32.784  8720  8720 I SpectrePeripheral: event=notify_sent peer=xx:7A:39 status=success remaining=2
08-07 13:37:32.860  8720  8720 I SpectrePeripheral: event=notify_send reason=sent_paced peer=xx:7A:39 char=enrichment bytes=222 label=chunked chunk=3 chunks=5 remaining=1
08-07 13:37:32.862  8720  8720 I SpectrePeripheral: event=notify_sent peer=xx:7A:39 status=success remaining=1
08-07 13:37:32.939  8720  8720 I SpectrePeripheral: event=notify_send reason=sent_paced peer=xx:7A:39 char=enrichment bytes=68 label=chunked chunk=4 chunks=5 remaining=0
08-07 13:37:32.941  8720  8720 I SpectrePeripheral: event=notify_sent peer=xx:7A:39 status=success remaining=0
08-07 13:37:33.042  8720  8731 I SpectrePeripheral: event=char_read peer=xx:7A:39 char=control requestId=268 offset=0 valueBytes=26 responseBytes=26
08-07 13:37:33.198  8720  8720 I SpectrePeripheral: event=char_write peer=xx:7A:39 char=event_batch requestId=269 offset=0 chunkBytes=202 totalBytes=202 prepared=false responseNeeded=true
08-07 13:37:33.199  8720  8720 I SpectrePeripheral: event=event_batch_received peer=xx:7A:39 cipherBytes=202 plainBytes=180 recordsEstimate=18 sessionId=0 batchId=0 totalBatches=85
08-07 13:37:33.376  8720  8720 I SpectrePeripheral: event=update_value char=control bytes=4
08-07 13:37:33.376  8720  8720 I SpectrePeripheral: event=notify_requested char=control bytes=26 connected=1
08-07 13:37:33.377  8720  8720 I SpectrePeripheral: event=notify_queued peer=xx:7A:39 char=control bytes=26 label=value chunk=0 chunks=1 queued=1
08-07 13:37:33.377  8720  8747 I ReactNativeJS: [SpectreEnrich] batch events=18 matched=0 skipped=18 history=188 firstEvent=1783052972000 lastEvent=1783127775000 oldestHistory=1783461501000 newestHistory=1786126571866 nearestDriftMin=333726000 nearestDriftMax=408529000 nearestFixFirst=1783461501000 nativeRecorder=1
08-07 13:37:33.377  8720  8720 I SpectrePeripheral: event=notify_send reason=enqueue peer=xx:7A:39 char=control bytes=26 label=value chunk=0 chunks=1 remaining=0
08-07 13:37:33.378  8720  8720 I SpectrePeripheral: event=secure_value_updated char=control channel=2 plainBytes=4 cipherBytes=26 notify=true
08-07 13:37:33.378  8720  8720 W SpectrePeripheral: event=enrichment_response_unframed records=18 pendingRecords=18 sessionId=0 batchId=0
08-07 13:37:33.378  8720  8720 I SpectrePeripheral: event=notify_chunked char=enrichment plainBytes=846 chunks=5 chunkPlainMax=200
08-07 13:37:33.378  8720  8720 I SpectrePeripheral: event=notify_chunk char=enrichment chunk=0 plainBytes=200 bytes=222
08-07 13:37:33.379  8720  8720 I SpectrePeripheral: event=notify_queued peer=xx:7A:39 char=enrichment bytes=222 label=chunked chunk=0 chunks=5 queued=1
08-07 13:37:33.379  8720  8720 I SpectrePeripheral: event=notify_chunk char=enrichment chunk=1 plainBytes=200 bytes=222
08-07 13:37:33.379  8720  8720 I SpectrePeripheral: event=notify_queued peer=xx:7A:39 char=enrichment bytes=222 label=chunked chunk=1 chunks=5 queued=2
08-07 13:37:33.379  8720  8720 I SpectrePeripheral: event=notify_chunk char=enrichment chunk=2 plainBytes=200 bytes=222
08-07 13:37:33.379  8720  8720 I SpectrePeripheral: event=notify_queued peer=xx:7A:39 char=enrichment bytes=222 label=chunked chunk=2 chunks=5 queued=3
08-07 13:37:33.379  8720  8720 I SpectrePeripheral: event=notify_chunk char=enrichment chunk=3 plainBytes=200 bytes=222
08-07 13:37:33.380  8720  8720 I SpectrePeripheral: event=notify_queued peer=xx:7A:39 char=enrichment bytes=222 label=chunked chunk=3 chunks=5 queued=4
08-07 13:37:33.380  8720  8720 I SpectrePeripheral: event=notify_chunk char=enrichment chunk=4 plainBytes=46 bytes=68
08-07 13:37:33.380  8720  8720 I SpectrePeripheral: event=notify_queued peer=xx:7A:39 char=enrichment bytes=68 label=chunked chunk=4 chunks=5 queued=5
08-07 13:37:33.380  8720  8720 I SpectrePeripheral: event=notify_sent peer=xx:7A:39 status=success remaining=5
08-07 13:37:33.380  8720  8720 I SpectrePeripheral: event=notify_send reason=sent peer=xx:7A:39 char=enrichment bytes=222 label=chunked chunk=0 chunks=5 remaining=4
08-07 13:37:33.382  8720  8720 I SpectrePeripheral: event=notify_sent peer=xx:7A:39 status=success remaining=4
08-07 13:37:33.457  8720  8720 I SpectrePeripheral: event=notify_send reason=sent_paced peer=xx:7A:39 char=enrichment bytes=222 label=chunked chunk=1 chunks=5 remaining=3
08-07 13:37:33.457  8720  8720 I SpectrePeripheral: event=notify_sent peer=xx:7A:39 status=success remaining=3
08-07 13:37:33.534  8720  8720 I SpectrePeripheral: event=notify_send reason=sent_paced peer=xx:7A:39 char=enrichment bytes=222 label=chunked chunk=2 chunks=5 remaining=2
08-07 13:37:33.536  8720  8720 I SpectrePeripheral: event=notify_sent peer=xx:7A:39 status=success remaining=2
08-07 13:37:33.612  8720  8720 I SpectrePeripheral: event=notify_send reason=sent_paced peer=xx:7A:39 char=enrichment bytes=222 label=chunked chunk=3 chunks=5 remaining=1
08-07 13:37:33.615  8720  8720 I SpectrePeripheral: event=notify_sent peer=xx:7A:39 status=success remaining=1
08-07 13:37:33.692  8720  8720 I SpectrePeripheral: event=notify_send reason=sent_paced peer=xx:7A:39 char=enrichment bytes=68 label=chunked chunk=4 chunks=5 remaining=0
08-07 13:37:33.694  8720  8720 I SpectrePeripheral: event=notify_sent peer=xx:7A:39 status=success remaining=0
08-07 13:37:33.978  8720  8720 I SpectrePeripheral: event=char_write peer=xx:7A:39 char=event_batch requestId=270 offset=0 chunkBytes=202 totalBytes=202 prepared=false responseNeeded=true
08-07 13:37:33.979  8720  8720 I SpectrePeripheral: event=event_batch_received peer=xx:7A:39 cipherBytes=202 plainBytes=180 recordsEstimate=18 sessionId=0 batchId=0 totalBatches=86
08-07 13:37:34.149  8720  8747 I ReactNativeJS: [SpectreEnrich] batch events=18 matched=0 skipped=18 history=188 firstEvent=1783053576000 lastEvent=1783128049000 oldestHistory=1783461501000 newestHistory=1786126571866 nearestDriftMin=333452000 nearestDriftMax=407925000 nearestFixFirst=1783461501000 nativeRecorder=1
08-07 13:37:34.152  8720  8720 W SpectrePeripheral: event=enrichment_response_unframed records=18 pendingRecords=18 sessionId=0 batchId=0
08-07 13:37:34.152  8720  8720 I SpectrePeripheral: event=notify_chunked char=enrichment plainBytes=846 chunks=5 chunkPlainMax=200
08-07 13:37:34.152  8720  8720 I SpectrePeripheral: event=notify_chunk char=enrichment chunk=0 plainBytes=200 bytes=222
08-07 13:37:34.154  8720  8720 I SpectrePeripheral: event=notify_queued peer=xx:7A:39 char=enrichment bytes=222 label=chunked chunk=0 chunks=5 queued=1
08-07 13:37:34.155  8720  8720 I SpectrePeripheral: event=notify_send reason=enqueue peer=xx:7A:39 char=enrichment bytes=222 label=chunked chunk=0 chunks=5 remaining=0
08-07 13:37:34.156  8720  8720 I SpectrePeripheral: event=notify_chunk char=enrichment chunk=1 plainBytes=200 bytes=222
08-07 13:37:34.156  8720  8720 I SpectrePeripheral: event=notify_queued peer=xx:7A:39 char=enrichment bytes=222 label=chunked chunk=1 chunks=5 queued=1
08-07 13:37:34.156  8720  8720 I SpectrePeripheral: event=notify_chunk char=enrichment chunk=2 plainBytes=200 bytes=222
08-07 13:37:34.157  8720  8720 I SpectrePeripheral: event=notify_queued peer=xx:7A:39 char=enrichment bytes=222 label=chunked chunk=2 chunks=5 queued=2
08-07 13:37:34.157  8720  8720 I SpectrePeripheral: event=notify_chunk char=enrichment chunk=3 plainBytes=200 bytes=222
08-07 13:37:34.157  8720  8720 I SpectrePeripheral: event=notify_queued peer=xx:7A:39 char=enrichment bytes=222 label=chunked chunk=3 chunks=5 queued=3
08-07 13:37:34.158  8720  8720 I SpectrePeripheral: event=notify_chunk char=enrichment chunk=4 plainBytes=46 bytes=68
08-07 13:37:34.158  8720  8720 I SpectrePeripheral: event=notify_queued peer=xx:7A:39 char=enrichment bytes=68 label=chunked chunk=4 chunks=5 queued=4
08-07 13:37:34.158  8720  8720 I SpectrePeripheral: event=update_value char=control bytes=4
08-07 13:37:34.159  8720  8720 I SpectrePeripheral: event=notify_requested char=control bytes=26 connected=1
08-07 13:37:34.159  8720  8720 I SpectrePeripheral: event=notify_queued peer=xx:7A:39 char=control bytes=26 label=value chunk=0 chunks=1 queued=5
08-07 13:37:34.159  8720  8720 I SpectrePeripheral: event=secure_value_updated char=control channel=2 plainBytes=4 cipherBytes=26 notify=true
08-07 13:37:34.159  8720  8720 I SpectrePeripheral: event=notify_sent peer=xx:7A:39 status=success remaining=5
08-07 13:37:34.235  8720  8720 I SpectrePeripheral: event=notify_send reason=sent_paced peer=xx:7A:39 char=enrichment bytes=222 label=chunked chunk=1 chunks=5 remaining=4
08-07 13:37:34.238  8720  8720 I SpectrePeripheral: event=notify_sent peer=xx:7A:39 status=success remaining=4
08-07 13:37:34.314  8720  8720 I SpectrePeripheral: event=notify_send reason=sent_paced peer=xx:7A:39 char=enrichment bytes=222 label=chunked chunk=2 chunks=5 remaining=3
08-07 13:37:34.317  8720  8720 I SpectrePeripheral: event=notify_sent peer=xx:7A:39 status=success remaining=3
08-07 13:37:34.394  8720  8720 I SpectrePeripheral: event=notify_send reason=sent_paced peer=xx:7A:39 char=enrichment bytes=222 label=chunked chunk=3 chunks=5 remaining=2
08-07 13:37:34.396  8720  8720 I SpectrePeripheral: event=notify_sent peer=xx:7A:39 status=success remaining=2
08-07 13:37:34.473  8720  8720 I SpectrePeripheral: event=notify_send reason=sent_paced peer=xx:7A:39 char=enrichment bytes=68 label=chunked chunk=4 chunks=5 remaining=1
08-07 13:37:34.475  8720  8720 I SpectrePeripheral: event=notify_sent peer=xx:7A:39 status=success remaining=1
08-07 13:37:34.552  8720  8720 I SpectrePeripheral: event=notify_send reason=sent_paced peer=xx:7A:39 char=control bytes=26 label=value chunk=0 chunks=1 remaining=0
08-07 13:37:34.555  8720  8720 I SpectrePeripheral: event=notify_sent peer=xx:7A:39 status=success remaining=0
08-07 13:37:34.727  8720  8720 I SpectrePeripheral: event=char_write peer=xx:7A:39 char=event_batch requestId=271 offset=0 chunkBytes=202 totalBytes=202 prepared=false responseNeeded=true
08-07 13:37:34.729  8720  8720 I SpectrePeripheral: event=event_batch_received peer=xx:7A:39 cipherBytes=202 plainBytes=180 recordsEstimate=18 sessionId=0 batchId=0 totalBatches=87
08-07 13:37:34.899  8720  8720 I SpectrePeripheral: event=update_value char=control bytes=4
08-07 13:37:34.900  8720  8720 I SpectrePeripheral: event=notify_requested char=control bytes=26 connected=1
08-07 13:37:34.900  8720  8747 I ReactNativeJS: [SpectreEnrich] batch events=18 matched=0 skipped=18 history=188 firstEvent=1783053870000 lastEvent=1783128541000 oldestHistory=1783461501000 newestHistory=1786126571866 nearestDriftMin=332960000 nearestDriftMax=407631000 nearestFixFirst=1783461501000 nativeRecorder=1
08-07 13:37:34.902  8720  8720 I SpectrePeripheral: event=notify_queued peer=xx:7A:39 char=control bytes=26 label=value chunk=0 chunks=1 queued=1
08-07 13:37:34.903  8720  8720 I SpectrePeripheral: event=notify_send reason=enqueue peer=xx:7A:39 char=control bytes=26 label=value chunk=0 chunks=1 remaining=0
08-07 13:37:34.903  8720  8720 I SpectrePeripheral: event=secure_value_updated char=control channel=2 plainBytes=4 cipherBytes=26 notify=true
08-07 13:37:34.903  8720  8720 W SpectrePeripheral: event=enrichment_response_unframed records=18 pendingRecords=18 sessionId=0 batchId=0
08-07 13:37:34.903  8720  8720 I SpectrePeripheral: event=notify_chunked char=enrichment plainBytes=846 chunks=5 chunkPlainMax=200
08-07 13:37:34.903  8720  8720 I SpectrePeripheral: event=notify_chunk char=enrichment chunk=0 plainBytes=200 bytes=222
08-07 13:37:34.904  8720  8720 I SpectrePeripheral: event=notify_queued peer=xx:7A:39 char=enrichment bytes=222 label=chunked chunk=0 chunks=5 queued=1
08-07 13:37:34.904  8720  8720 I SpectrePeripheral: event=notify_chunk char=enrichment chunk=1 plainBytes=200 bytes=222
08-07 13:37:34.904  8720  8720 I SpectrePeripheral: event=notify_queued peer=xx:7A:39 char=enrichment bytes=222 label=chunked chunk=1 chunks=5 queued=2
08-07 13:37:34.904  8720  8720 I SpectrePeripheral: event=notify_chunk char=enrichment chunk=2 plainBytes=200 bytes=222
08-07 13:37:34.905  8720  8720 I SpectrePeripheral: event=notify_queued peer=xx:7A:39 char=enrichment bytes=222 label=chunked chunk=2 chunks=5 queued=3
08-07 13:37:34.905  8720  8720 I SpectrePeripheral: event=notify_chunk char=enrichment chunk=3 plainBytes=200 bytes=222
08-07 13:37:34.905  8720  8720 I SpectrePeripheral: event=notify_queued peer=xx:7A:39 char=enrichment bytes=222 label=chunked chunk=3 chunks=5 queued=4
08-07 13:37:34.905  8720  8720 I SpectrePeripheral: event=notify_chunk char=enrichment chunk=4 plainBytes=46 bytes=68
08-07 13:37:34.906  8720  8720 I SpectrePeripheral: event=notify_queued peer=xx:7A:39 char=enrichment bytes=68 label=chunked chunk=4 chunks=5 queued=5
08-07 13:37:34.906  8720  8720 I SpectrePeripheral: event=notify_sent peer=xx:7A:39 status=success remaining=5
08-07 13:37:34.907  8720  8720 I SpectrePeripheral: event=notify_send reason=sent peer=xx:7A:39 char=enrichment bytes=222 label=chunked chunk=0 chunks=5 remaining=4
08-07 13:37:34.909  8720  8720 I SpectrePeripheral: event=notify_sent peer=xx:7A:39 status=success remaining=4
08-07 13:37:34.985  8720  8720 I SpectrePeripheral: event=notify_send reason=sent_paced peer=xx:7A:39 char=enrichment bytes=222 label=chunked chunk=1 chunks=5 remaining=3
08-07 13:37:34.988  8720  8720 I SpectrePeripheral: event=notify_sent peer=xx:7A:39 status=success remaining=3
08-07 13:37:35.063  8720  8720 I SpectrePeripheral: event=notify_send reason=sent_paced peer=xx:7A:39 char=enrichment bytes=222 label=chunked chunk=2 chunks=5 remaining=2
08-07 13:37:35.066  8720  8720 I SpectrePeripheral: event=notify_sent peer=xx:7A:39 status=success remaining=2
08-07 13:37:35.142  8720  8720 I SpectrePeripheral: event=notify_send reason=sent_paced peer=xx:7A:39 char=enrichment bytes=222 label=chunked chunk=3 chunks=5 remaining=1
08-07 13:37:35.144  8720  8720 I SpectrePeripheral: event=notify_sent peer=xx:7A:39 status=success remaining=1
08-07 13:37:35.171  8720  8731 I SpectrePeripheral: event=char_read peer=xx:7A:39 char=control requestId=272 offset=0 valueBytes=26 responseBytes=26
08-07 13:37:35.227  8720  8720 I SpectrePeripheral: event=notify_send reason=sent_paced peer=xx:7A:39 char=enrichment bytes=68 label=chunked chunk=4 chunks=5 remaining=0
08-07 13:37:35.238  8720  8720 I SpectrePeripheral: event=notify_sent peer=xx:7A:39 status=success remaining=0
08-07 13:37:35.508  8720  8720 I SpectrePeripheral: event=char_write peer=xx:7A:39 char=event_batch requestId=273 offset=0 chunkBytes=202 totalBytes=202 prepared=false responseNeeded=true
08-07 13:37:35.509  8720  8720 I SpectrePeripheral: event=event_batch_received peer=xx:7A:39 cipherBytes=202 plainBytes=180 recordsEstimate=18 sessionId=0 batchId=0 totalBatches=88
08-07 13:37:35.681  8720  8720 I SpectrePeripheral: event=update_value char=control bytes=4
08-07 13:37:35.681  8720  8720 I SpectrePeripheral: event=notify_requested char=control bytes=26 connected=1
08-07 13:37:35.681  8720  8747 I ReactNativeJS: [SpectreEnrich] batch events=18 matched=0 skipped=18 history=188 firstEvent=1783128599000 lastEvent=1783129096000 oldestHistory=1783461501000 newestHistory=1786126571866 nearestDriftMin=332405000 nearestDriftMax=332902000 nearestFixFirst=1783461501000 nativeRecorder=1
08-07 13:37:35.683  8720  8720 I SpectrePeripheral: event=notify_queued peer=xx:7A:39 char=control bytes=26 label=value chunk=0 chunks=1 queued=1
08-07 13:37:35.683  8720  8720 I SpectrePeripheral: event=notify_send reason=enqueue peer=xx:7A:39 char=control bytes=26 label=value chunk=0 chunks=1 remaining=0
08-07 13:37:35.684  8720  8720 I SpectrePeripheral: event=secure_value_updated char=control channel=2 plainBytes=4 cipherBytes=26 notify=true
08-07 13:37:35.684  8720  8720 W SpectrePeripheral: event=enrichment_response_unframed records=18 pendingRecords=18 sessionId=0 batchId=0
08-07 13:37:35.684  8720  8720 I SpectrePeripheral: event=notify_chunked char=enrichment plainBytes=846 chunks=5 chunkPlainMax=200
08-07 13:37:35.684  8720  8720 I SpectrePeripheral: event=notify_chunk char=enrichment chunk=0 plainBytes=200 bytes=222
08-07 13:37:35.684  8720  8720 I SpectrePeripheral: event=notify_queued peer=xx:7A:39 char=enrichment bytes=222 label=chunked chunk=0 chunks=5 queued=1
08-07 13:37:35.684  8720  8720 I SpectrePeripheral: event=notify_chunk char=enrichment chunk=1 plainBytes=200 bytes=222
08-07 13:37:35.685  8720  8720 I SpectrePeripheral: event=notify_queued peer=xx:7A:39 char=enrichment bytes=222 label=chunked chunk=1 chunks=5 queued=2
08-07 13:37:35.685  8720  8720 I SpectrePeripheral: event=notify_chunk char=enrichment chunk=2 plainBytes=200 bytes=222
08-07 13:37:35.685  8720  8720 I SpectrePeripheral: event=notify_queued peer=xx:7A:39 char=enrichment bytes=222 label=chunked chunk=2 chunks=5 queued=3
08-07 13:37:35.685  8720  8720 I SpectrePeripheral: event=notify_chunk char=enrichment chunk=3 plainBytes=200 bytes=222
08-07 13:37:35.685  8720  8720 I SpectrePeripheral: event=notify_queued peer=xx:7A:39 char=enrichment bytes=222 label=chunked chunk=3 chunks=5 queued=4
08-07 13:37:35.685  8720  8720 I SpectrePeripheral: event=notify_chunk char=enrichment chunk=4 plainBytes=46 bytes=68
08-07 13:37:35.685  8720  8720 I SpectrePeripheral: event=notify_queued peer=xx:7A:39 char=enrichment bytes=68 label=chunked chunk=4 chunks=5 queued=5
08-07 13:37:35.686  8720  8720 I SpectrePeripheral: event=notify_sent peer=xx:7A:39 status=success remaining=5
08-07 13:37:35.686  8720  8720 I SpectrePeripheral: event=notify_send reason=sent peer=xx:7A:39 char=enrichment bytes=222 label=chunked chunk=0 chunks=5 remaining=4
08-07 13:37:35.687  8720  8720 I SpectrePeripheral: event=notify_sent peer=xx:7A:39 status=success remaining=4
08-07 13:37:35.764  8720  8720 I SpectrePeripheral: event=notify_send reason=sent_paced peer=xx:7A:39 char=enrichment bytes=222 label=chunked chunk=1 chunks=5 remaining=3
08-07 13:37:35.767  8720  8720 I SpectrePeripheral: event=notify_sent peer=xx:7A:39 status=success remaining=3
08-07 13:37:35.844  8720  8720 I SpectrePeripheral: event=notify_send reason=sent_paced peer=xx:7A:39 char=enrichment bytes=222 label=chunked chunk=2 chunks=5 remaining=2
08-07 13:37:35.846  8720  8720 I SpectrePeripheral: event=notify_sent peer=xx:7A:39 status=success remaining=2
08-07 13:37:35.922  8720  8720 I SpectrePeripheral: event=notify_send reason=sent_paced peer=xx:7A:39 char=enrichment bytes=222 label=chunked chunk=3 chunks=5 remaining=1
08-07 13:37:35.925  8720  8720 I SpectrePeripheral: event=notify_sent peer=xx:7A:39 status=success remaining=1
08-07 13:37:36.002  8720  8720 I SpectrePeripheral: event=notify_send reason=sent_paced peer=xx:7A:39 char=enrichment bytes=68 label=chunked chunk=4 chunks=5 remaining=0
08-07 13:37:36.004  8720  8720 I SpectrePeripheral: event=notify_sent peer=xx:7A:39 status=success remaining=0
08-07 13:37:36.258  8720  8720 I SpectrePeripheral: event=char_write peer=xx:7A:39 char=event_batch requestId=274 offset=0 chunkBytes=202 totalBytes=202 prepared=false responseNeeded=true
08-07 13:37:36.260  8720  8720 I SpectrePeripheral: event=event_batch_received peer=xx:7A:39 cipherBytes=202 plainBytes=180 recordsEstimate=18 sessionId=0 batchId=0 totalBatches=89
08-07 13:37:36.433  8720  8747 I ReactNativeJS: [SpectreEnrich] batch events=18 matched=0 skipped=18 history=188 firstEvent=1783055071000 lastEvent=1783129590000 oldestHistory=1783461501000 newestHistory=1786126571866 nearestDriftMin=331911000 nearestDriftMax=406430000 nearestFixFirst=1783461501000 nativeRecorder=1
08-07 13:37:36.439  8720  8720 I SpectrePeripheral: event=update_value char=control bytes=4
08-07 13:37:36.439  8720  8720 I SpectrePeripheral: event=notify_requested char=control bytes=26 connected=1
08-07 13:37:36.440  8720  8720 I SpectrePeripheral: event=notify_queued peer=xx:7A:39 char=control bytes=26 label=value chunk=0 chunks=1 queued=1
08-07 13:37:36.440  8720  8720 I SpectrePeripheral: event=notify_send reason=enqueue peer=xx:7A:39 char=control bytes=26 label=value chunk=0 chunks=1 remaining=0
08-07 13:37:36.440  8720  8720 I SpectrePeripheral: event=secure_value_updated char=control channel=2 plainBytes=4 cipherBytes=26 notify=true
08-07 13:37:36.441  8720  8720 W SpectrePeripheral: event=enrichment_response_unframed records=18 pendingRecords=18 sessionId=0 batchId=0
08-07 13:37:36.441  8720  8720 I SpectrePeripheral: event=notify_chunked char=enrichment plainBytes=846 chunks=5 chunkPlainMax=200
08-07 13:37:36.441  8720  8720 I SpectrePeripheral: event=notify_chunk char=enrichment chunk=0 plainBytes=200 bytes=222
08-07 13:37:36.441  8720  8720 I SpectrePeripheral: event=notify_queued peer=xx:7A:39 char=enrichment bytes=222 label=chunked chunk=0 chunks=5 queued=1
08-07 13:37:36.441  8720  8720 I SpectrePeripheral: event=notify_chunk char=enrichment chunk=1 plainBytes=200 bytes=222
08-07 13:37:36.441  8720  8720 I SpectrePeripheral: event=notify_queued peer=xx:7A:39 char=enrichment bytes=222 label=chunked chunk=1 chunks=5 queued=2
08-07 13:37:36.441  8720  8720 I SpectrePeripheral: event=notify_chunk char=enrichment chunk=2 plainBytes=200 bytes=222
08-07 13:37:36.441  8720  8720 I SpectrePeripheral: event=notify_queued peer=xx:7A:39 char=enrichment bytes=222 label=chunked chunk=2 chunks=5 queued=3
08-07 13:37:36.441  8720  8720 I SpectrePeripheral: event=notify_chunk char=enrichment chunk=3 plainBytes=200 bytes=222
08-07 13:37:36.442  8720  8720 I SpectrePeripheral: event=notify_queued peer=xx:7A:39 char=enrichment bytes=222 label=chunked chunk=3 chunks=5 queued=4
08-07 13:37:36.442  8720  8720 I SpectrePeripheral: event=notify_chunk char=enrichment chunk=4 plainBytes=46 bytes=68
08-07 13:37:36.442  8720  8720 I SpectrePeripheral: event=notify_queued peer=xx:7A:39 char=enrichment bytes=68 label=chunked chunk=4 chunks=5 queued=5
08-07 13:37:36.442  8720  8720 I SpectrePeripheral: event=notify_sent peer=xx:7A:39 status=success remaining=5
08-07 13:37:36.442  8720  8720 I SpectrePeripheral: event=notify_send reason=sent peer=xx:7A:39 char=enrichment bytes=222 label=chunked chunk=0 chunks=5 remaining=4
08-07 13:37:36.448  8720  8720 I SpectrePeripheral: event=notify_sent peer=xx:7A:39 status=success remaining=4
08-07 13:37:36.523  8720  8720 I SpectrePeripheral: event=notify_send reason=sent_paced peer=xx:7A:39 char=enrichment bytes=222 label=chunked chunk=1 chunks=5 remaining=3
08-07 13:37:36.526  8720  8720 I SpectrePeripheral: event=notify_sent peer=xx:7A:39 status=success remaining=3
08-07 13:37:36.603  8720  8720 I SpectrePeripheral: event=notify_send reason=sent_paced peer=xx:7A:39 char=enrichment bytes=222 label=chunked chunk=2 chunks=5 remaining=2
08-07 13:37:36.605  8720  8720 I SpectrePeripheral: event=notify_sent peer=xx:7A:39 status=success remaining=2
08-07 13:37:36.681  8720  8720 I SpectrePeripheral: event=notify_send reason=sent_paced peer=xx:7A:39 char=enrichment bytes=222 label=chunked chunk=3 chunks=5 remaining=1
08-07 13:37:36.683  8720  8720 I SpectrePeripheral: event=notify_sent peer=xx:7A:39 status=success remaining=1
08-07 13:37:36.759  8720  8720 I SpectrePeripheral: event=notify_send reason=sent_paced peer=xx:7A:39 char=enrichment bytes=68 label=chunked chunk=4 chunks=5 remaining=0
08-07 13:37:36.761  8720  8720 I SpectrePeripheral: event=notify_sent peer=xx:7A:39 status=success remaining=0
08-07 13:37:36.851  8720  8732 I SpectrePeripheral: event=char_read peer=xx:7A:39 char=gps requestId=275 offset=0 valueBytes=42 responseBytes=42
08-07 13:37:37.037  8720  8720 I SpectrePeripheral: event=char_write peer=xx:7A:39 char=event_batch requestId=276 offset=0 chunkBytes=202 totalBytes=202 prepared=false responseNeeded=true
08-07 13:37:37.039  8720  8720 I SpectrePeripheral: event=event_batch_received peer=xx:7A:39 cipherBytes=202 plainBytes=180 recordsEstimate=18 sessionId=0 batchId=0 totalBatches=90
08-07 13:37:37.213  8720  8747 I ReactNativeJS: [SpectreEnrich] batch events=18 matched=0 skipped=18 history=188 firstEvent=1783055671000 lastEvent=1783130030000 oldestHistory=1783461501000 newestHistory=1786126571866 nearestDriftMin=331471000 nearestDriftMax=405830000 nearestFixFirst=1783461501000 nativeRecorder=1
08-07 13:37:37.214  8720  8720 I SpectrePeripheral: event=update_value char=control bytes=4
08-07 13:37:37.214  8720  8720 I SpectrePeripheral: event=notify_requested char=control bytes=26 connected=1
08-07 13:37:37.215  8720  8720 I SpectrePeripheral: event=notify_queued peer=xx:7A:39 char=control bytes=26 label=value chunk=0 chunks=1 queued=1
08-07 13:37:37.215  8720  8720 I SpectrePeripheral: event=notify_send reason=enqueue peer=xx:7A:39 char=control bytes=26 label=value chunk=0 chunks=1 remaining=0
08-07 13:37:37.215  8720  8720 I SpectrePeripheral: event=secure_value_updated char=control channel=2 plainBytes=4 cipherBytes=26 notify=true
08-07 13:37:37.216  8720  8720 W SpectrePeripheral: event=enrichment_response_unframed records=18 pendingRecords=18 sessionId=0 batchId=0
08-07 13:37:37.216  8720  8720 I SpectrePeripheral: event=notify_chunked char=enrichment plainBytes=846 chunks=5 chunkPlainMax=200
08-07 13:37:37.216  8720  8720 I SpectrePeripheral: event=notify_chunk char=enrichment chunk=0 plainBytes=200 bytes=222
08-07 13:37:37.216  8720  8720 I SpectrePeripheral: event=notify_queued peer=xx:7A:39 char=enrichment bytes=222 label=chunked chunk=0 chunks=5 queued=1
08-07 13:37:37.216  8720  8720 I SpectrePeripheral: event=notify_chunk char=enrichment chunk=1 plainBytes=200 bytes=222
08-07 13:37:37.216  8720  8720 I SpectrePeripheral: event=notify_queued peer=xx:7A:39 char=enrichment bytes=222 label=chunked chunk=1 chunks=5 queued=2
08-07 13:37:37.216  8720  8720 I SpectrePeripheral: event=notify_chunk char=enrichment chunk=2 plainBytes=200 bytes=222
08-07 13:37:37.217  8720  8720 I SpectrePeripheral: event=notify_queued peer=xx:7A:39 char=enrichment bytes=222 label=chunked chunk=2 chunks=5 queued=3
08-07 13:37:37.217  8720  8720 I SpectrePeripheral: event=notify_chunk char=enrichment chunk=3 plainBytes=200 bytes=222
08-07 13:37:37.217  8720  8720 I SpectrePeripheral: event=notify_queued peer=xx:7A:39 char=enrichment bytes=222 label=chunked chunk=3 chunks=5 queued=4
08-07 13:37:37.217  8720  8720 I SpectrePeripheral: event=notify_chunk char=enrichment chunk=4 plainBytes=46 bytes=68
08-07 13:37:37.217  8720  8720 I SpectrePeripheral: event=notify_queued peer=xx:7A:39 char=enrichment bytes=68 label=chunked chunk=4 chunks=5 queued=5
08-07 13:37:37.217  8720  8720 I SpectrePeripheral: event=notify_sent peer=xx:7A:39 status=success remaining=5
08-07 13:37:37.217  8720  8720 I SpectrePeripheral: event=notify_send reason=sent peer=xx:7A:39 char=enrichment bytes=222 label=chunked chunk=0 chunks=5 remaining=4
08-07 13:37:37.218  8720  8720 I SpectrePeripheral: event=notify_sent peer=xx:7A:39 status=success remaining=4
08-07 13:37:37.294  8720  8720 I SpectrePeripheral: event=notify_send reason=sent_paced peer=xx:7A:39 char=enrichment bytes=222 label=chunked chunk=1 chunks=5 remaining=3
08-07 13:37:37.297  8720  8720 I SpectrePeripheral: event=notify_sent peer=xx:7A:39 status=success remaining=3
08-07 13:37:37.334  8720  8732 I SpectrePeripheral: event=char_read peer=xx:7A:39 char=control requestId=277 offset=0 valueBytes=26 responseBytes=26
08-07 13:37:37.374  8720  8720 I SpectrePeripheral: event=notify_send reason=sent_paced peer=xx:7A:39 char=enrichment bytes=222 label=chunked chunk=2 chunks=5 remaining=2
08-07 13:37:37.377  8720  8720 I SpectrePeripheral: event=notify_sent peer=xx:7A:39 status=success remaining=2
08-07 13:37:37.453  8720  8720 I SpectrePeripheral: event=notify_send reason=sent_paced peer=xx:7A:39 char=enrichment bytes=222 label=chunked chunk=3 chunks=5 remaining=1
08-07 13:37:37.456  8720  8720 I SpectrePeripheral: event=notify_sent peer=xx:7A:39 status=success remaining=1
08-07 13:37:37.533  8720  8720 I SpectrePeripheral: event=notify_send reason=sent_paced peer=xx:7A:39 char=enrichment bytes=68 label=chunked chunk=4 chunks=5 remaining=0
08-07 13:37:37.537  8720  8720 I SpectrePeripheral: event=notify_sent peer=xx:7A:39 status=success remaining=0
08-07 13:37:37.786  8720  8720 I SpectrePeripheral: event=char_write peer=xx:7A:39 char=event_batch requestId=278 offset=0 chunkBytes=202 totalBytes=202 prepared=false responseNeeded=true
08-07 13:37:37.787  8720  8720 I SpectrePeripheral: event=event_batch_received peer=xx:7A:39 cipherBytes=202 plainBytes=180 recordsEstimate=18 sessionId=0 batchId=0 totalBatches=91
08-07 13:37:37.956  8720  8720 I SpectrePeripheral: event=update_value char=control bytes=4
08-07 13:37:37.956  8720  8720 I SpectrePeripheral: event=notify_requested char=control bytes=26 connected=1
08-07 13:37:37.958  8720  8720 I SpectrePeripheral: event=notify_queued peer=xx:7A:39 char=control bytes=26 label=value chunk=0 chunks=1 queued=1
08-07 13:37:37.958  8720  8720 I SpectrePeripheral: event=notify_send reason=enqueue peer=xx:7A:39 char=control bytes=26 label=value chunk=0 chunks=1 remaining=0
08-07 13:37:37.959  8720  8720 I SpectrePeripheral: event=secure_value_updated char=control channel=2 plainBytes=4 cipherBytes=26 notify=true
08-07 13:37:37.963  8720  8720 I SpectrePeripheral: event=notify_sent peer=xx:7A:39 status=success remaining=0
08-07 13:37:37.963  8720  8747 I ReactNativeJS: [SpectreEnrich] batch events=18 matched=0 skipped=18 history=188 firstEvent=1783062303000 lastEvent=1783130607000 oldestHistory=1783461501000 newestHistory=1786126571866 nearestDriftMin=330894000 nearestDriftMax=399198000 nearestFixFirst=1783461501000 nativeRecorder=1
08-07 13:37:37.964  8720  8720 W SpectrePeripheral: event=enrichment_response_unframed records=18 pendingRecords=18 sessionId=0 batchId=0
08-07 13:37:37.965  8720  8720 I SpectrePeripheral: event=notify_chunked char=enrichment plainBytes=846 chunks=5 chunkPlainMax=200
08-07 13:37:37.965  8720  8720 I SpectrePeripheral: event=notify_chunk char=enrichment chunk=0 plainBytes=200 bytes=222
08-07 13:37:37.967  8720  8720 I SpectrePeripheral: event=notify_queued peer=xx:7A:39 char=enrichment bytes=222 label=chunked chunk=0 chunks=5 queued=1
08-07 13:37:37.967  8720  8720 I SpectrePeripheral: event=notify_send reason=enqueue peer=xx:7A:39 char=enrichment bytes=222 label=chunked chunk=0 chunks=5 remaining=0
08-07 13:37:37.967  8720  8720 I SpectrePeripheral: event=notify_chunk char=enrichment chunk=1 plainBytes=200 bytes=222
08-07 13:37:37.968  8720  8720 I SpectrePeripheral: event=notify_queued peer=xx:7A:39 char=enrichment bytes=222 label=chunked chunk=1 chunks=5 queued=1
08-07 13:37:37.968  8720  8720 I SpectrePeripheral: event=notify_chunk char=enrichment chunk=2 plainBytes=200 bytes=222
08-07 13:37:37.968  8720  8720 I SpectrePeripheral: event=notify_queued peer=xx:7A:39 char=enrichment bytes=222 label=chunked chunk=2 chunks=5 queued=2
08-07 13:37:37.968  8720  8720 I SpectrePeripheral: event=notify_chunk char=enrichment chunk=3 plainBytes=200 bytes=222
08-07 13:37:37.969  8720  8720 I SpectrePeripheral: event=notify_queued peer=xx:7A:39 char=enrichment bytes=222 label=chunked chunk=3 chunks=5 queued=3
08-07 13:37:37.969  8720  8720 I SpectrePeripheral: event=notify_chunk char=enrichment chunk=4 plainBytes=46 bytes=68
08-07 13:37:37.969  8720  8720 I SpectrePeripheral: event=notify_queued peer=xx:7A:39 char=enrichment bytes=68 label=chunked chunk=4 chunks=5 queued=4
08-07 13:37:37.969  8720  8720 I SpectrePeripheral: event=notify_sent peer=xx:7A:39 status=success remaining=4
08-07 13:37:38.046  8720  8720 I SpectrePeripheral: event=notify_send reason=sent_paced peer=xx:7A:39 char=enrichment bytes=222 label=chunked chunk=1 chunks=5 remaining=3
08-07 13:37:38.049  8720  8720 I SpectrePeripheral: event=notify_sent peer=xx:7A:39 status=success remaining=3
08-07 13:37:38.126  8720  8720 I SpectrePeripheral: event=notify_send reason=sent_paced peer=xx:7A:39 char=enrichment bytes=222 label=chunked chunk=2 chunks=5 remaining=2
08-07 13:37:38.128  8720  8720 I SpectrePeripheral: event=notify_sent peer=xx:7A:39 status=success remaining=2
08-07 13:37:38.205  8720  8720 I SpectrePeripheral: event=notify_send reason=sent_paced peer=xx:7A:39 char=enrichment bytes=222 label=chunked chunk=3 chunks=5 remaining=1
08-07 13:37:38.208  8720  8720 I SpectrePeripheral: event=notify_sent peer=xx:7A:39 status=success remaining=1
08-07 13:37:38.285  8720  8720 I SpectrePeripheral: event=notify_send reason=sent_paced peer=xx:7A:39 char=enrichment bytes=68 label=chunked chunk=4 chunks=5 remaining=0
08-07 13:37:38.288  8720  8720 I SpectrePeripheral: event=notify_sent peer=xx:7A:39 status=success remaining=0
08-07 13:37:38.565  8720  8720 I SpectrePeripheral: event=char_write peer=xx:7A:39 char=event_batch requestId=279 offset=0 chunkBytes=202 totalBytes=202 prepared=false responseNeeded=true
08-07 13:37:38.567  8720  8720 I SpectrePeripheral: event=event_batch_received peer=xx:7A:39 cipherBytes=202 plainBytes=180 recordsEstimate=18 sessionId=0 batchId=0 totalBatches=92
08-07 13:37:38.745  8720  8720 I SpectrePeripheral: event=update_value char=control bytes=4
08-07 13:37:38.746  8720  8720 I SpectrePeripheral: event=notify_requested char=control bytes=26 connected=1
08-07 13:37:38.746  8720  8747 I ReactNativeJS: [SpectreEnrich] batch events=18 matched=0 skipped=18 history=188 firstEvent=1783062587000 lastEvent=1783131088000 oldestHistory=1783461501000 newestHistory=1786126571866 nearestDriftMin=330413000 nearestDriftMax=398914000 nearestFixFirst=1783461501000 nativeRecorder=1
08-07 13:37:38.747  8720  8720 I SpectrePeripheral: event=notify_queued peer=xx:7A:39 char=control bytes=26 label=value chunk=0 chunks=1 queued=1
08-07 13:37:38.748  8720  8720 I SpectrePeripheral: event=notify_send reason=enqueue peer=xx:7A:39 char=control bytes=26 label=value chunk=0 chunks=1 remaining=0
08-07 13:37:38.748  8720  8720 I SpectrePeripheral: event=secure_value_updated char=control channel=2 plainBytes=4 cipherBytes=26 notify=true
08-07 13:37:38.749  8720  8720 W SpectrePeripheral: event=enrichment_response_unframed records=18 pendingRecords=18 sessionId=0 batchId=0
08-07 13:37:38.749  8720  8720 I SpectrePeripheral: event=notify_chunked char=enrichment plainBytes=846 chunks=5 chunkPlainMax=200
08-07 13:37:38.749  8720  8720 I SpectrePeripheral: event=notify_chunk char=enrichment chunk=0 plainBytes=200 bytes=222
08-07 13:37:38.750  8720  8720 I SpectrePeripheral: event=notify_queued peer=xx:7A:39 char=enrichment bytes=222 label=chunked chunk=0 chunks=5 queued=1
08-07 13:37:38.750  8720  8720 I SpectrePeripheral: event=notify_chunk char=enrichment chunk=1 plainBytes=200 bytes=222
08-07 13:37:38.750  8720  8720 I SpectrePeripheral: event=notify_queued peer=xx:7A:39 char=enrichment bytes=222 label=chunked chunk=1 chunks=5 queued=2
08-07 13:37:38.750  8720  8720 I SpectrePeripheral: event=notify_chunk char=enrichment chunk=2 plainBytes=200 bytes=222
08-07 13:37:38.751  8720  8720 I SpectrePeripheral: event=notify_queued peer=xx:7A:39 char=enrichment bytes=222 label=chunked chunk=2 chunks=5 queued=3
08-07 13:37:38.751  8720  8720 I SpectrePeripheral: event=notify_chunk char=enrichment chunk=3 plainBytes=200 bytes=222
08-07 13:37:38.751  8720  8720 I SpectrePeripheral: event=notify_queued peer=xx:7A:39 char=enrichment bytes=222 label=chunked chunk=3 chunks=5 queued=4
08-07 13:37:38.751  8720  8720 I SpectrePeripheral: event=notify_chunk char=enrichment chunk=4 plainBytes=46 bytes=68
08-07 13:37:38.751  8720  8720 I SpectrePeripheral: event=notify_queued peer=xx:7A:39 char=enrichment bytes=68 label=chunked chunk=4 chunks=5 queued=5
08-07 13:37:38.752  8720  8720 I SpectrePeripheral: event=notify_sent peer=xx:7A:39 status=success remaining=5
08-07 13:37:38.752  8720  8720 I SpectrePeripheral: event=notify_send reason=sent peer=xx:7A:39 char=enrichment bytes=222 label=chunked chunk=0 chunks=5 remaining=4
08-07 13:37:38.753  8720  8720 I SpectrePeripheral: event=notify_sent peer=xx:7A:39 status=success remaining=4
08-07 13:37:38.830  8720  8720 I SpectrePeripheral: event=notify_send reason=sent_paced peer=xx:7A:39 char=enrichment bytes=222 label=chunked chunk=1 chunks=5 remaining=3
08-07 13:37:38.832  8720  8720 I SpectrePeripheral: event=notify_sent peer=xx:7A:39 status=success remaining=3
08-07 13:37:38.909  8720  8720 I SpectrePeripheral: event=notify_send reason=sent_paced peer=xx:7A:39 char=enrichment bytes=222 label=chunked chunk=2 chunks=5 remaining=2
08-07 13:37:38.911  8720  8720 I SpectrePeripheral: event=notify_sent peer=xx:7A:39 status=success remaining=2
08-07 13:37:38.988  8720  8720 I SpectrePeripheral: event=notify_send reason=sent_paced peer=xx:7A:39 char=enrichment bytes=222 label=chunked chunk=3 chunks=5 remaining=1
08-07 13:37:38.991  8720  8720 I SpectrePeripheral: event=notify_sent peer=xx:7A:39 status=success remaining=1
08-07 13:37:39.066  8720  8720 I SpectrePeripheral: event=notify_send reason=sent_paced peer=xx:7A:39 char=enrichment bytes=68 label=chunked chunk=4 chunks=5 remaining=0
08-07 13:37:39.069  8720  8720 I SpectrePeripheral: event=notify_sent peer=xx:7A:39 status=success remaining=0
08-07 13:37:39.315  8720  8720 I SpectrePeripheral: event=char_write peer=xx:7A:39 char=event_batch requestId=280 offset=0 chunkBytes=202 totalBytes=202 prepared=false responseNeeded=true
08-07 13:37:39.317  8720  8720 I SpectrePeripheral: event=event_batch_received peer=xx:7A:39 cipherBytes=202 plainBytes=180 recordsEstimate=18 sessionId=0 batchId=0 totalBatches=93
08-07 13:37:39.462  8720  8731 I SpectrePeripheral: event=char_read peer=xx:7A:39 char=control requestId=281 offset=0 valueBytes=26 responseBytes=26
08-07 13:37:39.494  8720  8720 I SpectrePeripheral: event=update_value char=control bytes=4
08-07 13:37:39.494  8720  8720 I SpectrePeripheral: event=notify_requested char=control bytes=26 connected=1
08-07 13:37:39.496  8720  8720 I SpectrePeripheral: event=notify_queued peer=xx:7A:39 char=control bytes=26 label=value chunk=0 chunks=1 queued=1
08-07 13:37:39.497  8720  8720 I SpectrePeripheral: event=notify_send reason=enqueue peer=xx:7A:39 char=control bytes=26 label=value chunk=0 chunks=1 remaining=0
08-07 13:37:39.497  8720  8747 I ReactNativeJS: [SpectreEnrich] batch events=18 matched=0 skipped=18 history=188 firstEvent=1783063157000 lastEvent=1783131902000 oldestHistory=1783461501000 newestHistory=1786126571866 nearestDriftMin=329599000 nearestDriftMax=398344000 nearestFixFirst=1783461501000 nativeRecorder=1
08-07 13:37:39.498  8720  8720 I SpectrePeripheral: event=secure_value_updated char=control channel=2 plainBytes=4 cipherBytes=26 notify=true
08-07 13:37:39.498  8720  8720 W SpectrePeripheral: event=enrichment_response_unframed records=18 pendingRecords=18 sessionId=0 batchId=0
08-07 13:37:39.498  8720  8720 I SpectrePeripheral: event=notify_chunked char=enrichment plainBytes=846 chunks=5 chunkPlainMax=200
08-07 13:37:39.499  8720  8720 I SpectrePeripheral: event=notify_chunk char=enrichment chunk=0 plainBytes=200 bytes=222
08-07 13:37:39.500  8720  8720 I SpectrePeripheral: event=notify_queued peer=xx:7A:39 char=enrichment bytes=222 label=chunked chunk=0 chunks=5 queued=1
08-07 13:37:39.500  8720  8720 I SpectrePeripheral: event=notify_chunk char=enrichment chunk=1 plainBytes=200 bytes=222
08-07 13:37:39.501  8720  8720 I SpectrePeripheral: event=notify_queued peer=xx:7A:39 char=enrichment bytes=222 label=chunked chunk=1 chunks=5 queued=2
08-07 13:37:39.501  8720  8720 I SpectrePeripheral: event=notify_chunk char=enrichment chunk=2 plainBytes=200 bytes=222
08-07 13:37:39.501  8720  8720 I SpectrePeripheral: event=notify_queued peer=xx:7A:39 char=enrichment bytes=222 label=chunked chunk=2 chunks=5 queued=3
08-07 13:37:39.501  8720  8720 I SpectrePeripheral: event=notify_chunk char=enrichment chunk=3 plainBytes=200 bytes=222
08-07 13:37:39.502  8720  8720 I SpectrePeripheral: event=notify_queued peer=xx:7A:39 char=enrichment bytes=222 label=chunked chunk=3 chunks=5 queued=4
08-07 13:37:39.502  8720  8720 I SpectrePeripheral: event=notify_chunk char=enrichment chunk=4 plainBytes=46 bytes=68
08-07 13:37:39.503  8720  8720 I SpectrePeripheral: event=notify_queued peer=xx:7A:39 char=enrichment bytes=68 label=chunked chunk=4 chunks=5 queued=5
08-07 13:37:39.503  8720  8720 I SpectrePeripheral: event=notify_sent peer=xx:7A:39 status=success remaining=5
08-07 13:37:39.503  8720  8720 I SpectrePeripheral: event=notify_send reason=sent peer=xx:7A:39 char=enrichment bytes=222 label=chunked chunk=0 chunks=5 remaining=4
08-07 13:37:39.504  8720  8720 I SpectrePeripheral: event=notify_sent peer=xx:7A:39 status=success remaining=4
08-07 13:37:39.581  8720  8720 I SpectrePeripheral: event=notify_send reason=sent_paced peer=xx:7A:39 char=enrichment bytes=222 label=chunked chunk=1 chunks=5 remaining=3
08-07 13:37:39.583  8720  8720 I SpectrePeripheral: event=notify_sent peer=xx:7A:39 status=success remaining=3
08-07 13:37:39.659  8720  8720 I SpectrePeripheral: event=notify_send reason=sent_paced peer=xx:7A:39 char=enrichment bytes=222 label=chunked chunk=2 chunks=5 remaining=2
08-07 13:37:39.661  8720  8720 I SpectrePeripheral: event=notify_sent peer=xx:7A:39 status=success remaining=2
08-07 13:37:39.738  8720  8720 I SpectrePeripheral: event=notify_send reason=sent_paced peer=xx:7A:39 char=enrichment bytes=222 label=chunked chunk=3 chunks=5 remaining=1
08-07 13:37:39.740  8720  8720 I SpectrePeripheral: event=notify_sent peer=xx:7A:39 status=success remaining=1
08-07 13:37:39.817  8720  8720 I SpectrePeripheral: event=notify_send reason=sent_paced peer=xx:7A:39 char=enrichment bytes=68 label=chunked chunk=4 chunks=5 remaining=0
08-07 13:37:39.821  8720  8720 I SpectrePeripheral: event=notify_sent peer=xx:7A:39 status=success remaining=0
08-07 13:37:40.100  8720  8720 I SpectrePeripheral: event=char_write peer=xx:7A:39 char=event_batch requestId=282 offset=0 chunkBytes=202 totalBytes=202 prepared=false responseNeeded=true
08-07 13:37:40.102  8720  8720 I SpectrePeripheral: event=event_batch_received peer=xx:7A:39 cipherBytes=202 plainBytes=180 recordsEstimate=18 sessionId=0 batchId=0 totalBatches=94
08-07 13:37:40.272  8720  8747 I ReactNativeJS: [SpectreEnrich] batch events=18 matched=0 skipped=18 history=188 firstEvent=1783064353000 lastEvent=1783132802000 oldestHistory=1783461501000 newestHistory=1786126571866 nearestDriftMin=328699000 nearestDriftMax=397148000 nearestFixFirst=1783461501000 nativeRecorder=1
08-07 13:37:40.275  8720  8720 I SpectrePeripheral: event=update_value char=control bytes=4
08-07 13:37:40.275  8720  8720 I SpectrePeripheral: event=notify_requested char=control bytes=26 connected=1
08-07 13:37:40.277  8720  8720 I SpectrePeripheral: event=notify_queued peer=xx:7A:39 char=control bytes=26 label=value chunk=0 chunks=1 queued=1
08-07 13:37:40.278  8720  8720 I SpectrePeripheral: event=notify_send reason=enqueue peer=xx:7A:39 char=control bytes=26 label=value chunk=0 chunks=1 remaining=0
08-07 13:37:40.278  8720  8720 I SpectrePeripheral: event=secure_value_updated char=control channel=2 plainBytes=4 cipherBytes=26 notify=true
08-07 13:37:40.278  8720  8720 W SpectrePeripheral: event=enrichment_response_unframed records=18 pendingRecords=18 sessionId=0 batchId=0
08-07 13:37:40.278  8720  8720 I SpectrePeripheral: event=notify_chunked char=enrichment plainBytes=846 chunks=5 chunkPlainMax=200
08-07 13:37:40.279  8720  8720 I SpectrePeripheral: event=notify_chunk char=enrichment chunk=0 plainBytes=200 bytes=222
08-07 13:37:40.279  8720  8720 I SpectrePeripheral: event=notify_queued peer=xx:7A:39 char=enrichment bytes=222 label=chunked chunk=0 chunks=5 queued=1
08-07 13:37:40.279  8720  8720 I SpectrePeripheral: event=notify_chunk char=enrichment chunk=1 plainBytes=200 bytes=222
08-07 13:37:40.279  8720  8720 I SpectrePeripheral: event=notify_queued peer=xx:7A:39 char=enrichment bytes=222 label=chunked chunk=1 chunks=5 queued=2
08-07 13:37:40.279  8720  8720 I SpectrePeripheral: event=notify_chunk char=enrichment chunk=2 plainBytes=200 bytes=222
08-07 13:37:40.279  8720  8720 I SpectrePeripheral: event=notify_queued peer=xx:7A:39 char=enrichment bytes=222 label=chunked chunk=2 chunks=5 queued=3
08-07 13:37:40.280  8720  8720 I SpectrePeripheral: event=notify_chunk char=enrichment chunk=3 plainBytes=200 bytes=222
08-07 13:37:40.280  8720  8720 I SpectrePeripheral: event=notify_queued peer=xx:7A:39 char=enrichment bytes=222 label=chunked chunk=3 chunks=5 queued=4
08-07 13:37:40.280  8720  8720 I SpectrePeripheral: event=notify_chunk char=enrichment chunk=4 plainBytes=46 bytes=68
08-07 13:37:40.280  8720  8720 I SpectrePeripheral: event=notify_queued peer=xx:7A:39 char=enrichment bytes=68 label=chunked chunk=4 chunks=5 queued=5
08-07 13:37:40.280  8720  8720 I SpectrePeripheral: event=notify_sent peer=xx:7A:39 status=success remaining=5
08-07 13:37:40.281  8720  8720 I SpectrePeripheral: event=notify_send reason=sent peer=xx:7A:39 char=enrichment bytes=222 label=chunked chunk=0 chunks=5 remaining=4
08-07 13:37:40.283  8720  8720 I SpectrePeripheral: event=notify_sent peer=xx:7A:39 status=success remaining=4
08-07 13:37:40.360  8720  8720 I SpectrePeripheral: event=notify_send reason=sent_paced peer=xx:7A:39 char=enrichment bytes=222 label=chunked chunk=1 chunks=5 remaining=3
08-07 13:37:40.362  8720  8720 I SpectrePeripheral: event=notify_sent peer=xx:7A:39 status=success remaining=3
08-07 13:37:40.439  8720  8720 I SpectrePeripheral: event=notify_send reason=sent_paced peer=xx:7A:39 char=enrichment bytes=222 label=chunked chunk=2 chunks=5 remaining=2
08-07 13:37:40.441  8720  8720 I SpectrePeripheral: event=notify_sent peer=xx:7A:39 status=success remaining=2
08-07 13:37:40.483  8720  8720 I SpectrePeripheral: event=char_write peer=xx:7A:39 char=storage requestId=283 offset=0 chunkBytes=90 totalBytes=90 prepared=false responseNeeded=true
08-07 13:37:40.484  8720  8720 I SpectrePeripheral: event=storage_snapshot_received peer=xx:7A:39 cipherBytes=90 plainBytes=68
08-07 13:37:40.517  8720  8720 I SpectrePeripheral: event=notify_send reason=sent_paced peer=xx:7A:39 char=enrichment bytes=222 label=chunked chunk=3 chunks=5 remaining=1
08-07 13:37:40.519  8720  8720 I SpectrePeripheral: event=notify_sent peer=xx:7A:39 status=success remaining=1
08-07 13:37:40.599  8720  8720 I SpectrePeripheral: event=notify_send reason=sent_paced peer=xx:7A:39 char=enrichment bytes=68 label=chunked chunk=4 chunks=5 remaining=0
08-07 13:37:40.601  8720  8720 I SpectrePeripheral: event=notify_sent peer=xx:7A:39 status=success remaining=0
08-07 13:37:40.879  8720  8720 I SpectrePeripheral: event=char_write peer=xx:7A:39 char=event_batch requestId=284 offset=0 chunkBytes=202 totalBytes=202 prepared=false responseNeeded=true
08-07 13:37:40.880  8720  8720 I SpectrePeripheral: event=event_batch_received peer=xx:7A:39 cipherBytes=202 plainBytes=180 recordsEstimate=18 sessionId=0 batchId=0 totalBatches=95
08-07 13:37:41.055  8720  8747 I ReactNativeJS: [SpectreEnrich] batch events=18 matched=0 skipped=18 history=188 firstEvent=1783064791000 lastEvent=1783133461000 oldestHistory=1783461501000 newestHistory=1786126571866 nearestDriftMin=328040000 nearestDriftMax=396710000 nearestFixFirst=1783461501000 nativeRecorder=1
08-07 13:37:41.057  8720  8720 I SpectrePeripheral: event=update_value char=control bytes=4
08-07 13:37:41.057  8720  8720 I SpectrePeripheral: event=notify_requested char=control bytes=26 connected=1
08-07 13:37:41.058  8720  8720 I SpectrePeripheral: event=notify_queued peer=xx:7A:39 char=control bytes=26 label=value chunk=0 chunks=1 queued=1
08-07 13:37:41.058  8720  8720 I SpectrePeripheral: event=notify_send reason=enqueue peer=xx:7A:39 char=control bytes=26 label=value chunk=0 chunks=1 remaining=0
08-07 13:37:41.059  8720  8720 I SpectrePeripheral: event=secure_value_updated char=control channel=2 plainBytes=4 cipherBytes=26 notify=true
08-07 13:37:41.059  8720  8720 W SpectrePeripheral: event=enrichment_response_unframed records=18 pendingRecords=18 sessionId=0 batchId=0
08-07 13:37:41.059  8720  8720 I SpectrePeripheral: event=notify_chunked char=enrichment plainBytes=846 chunks=5 chunkPlainMax=200
08-07 13:37:41.059  8720  8720 I SpectrePeripheral: event=notify_chunk char=enrichment chunk=0 plainBytes=200 bytes=222
08-07 13:37:41.059  8720  8720 I SpectrePeripheral: event=notify_queued peer=xx:7A:39 char=enrichment bytes=222 label=chunked chunk=0 chunks=5 queued=1
08-07 13:37:41.059  8720  8720 I SpectrePeripheral: event=notify_chunk char=enrichment chunk=1 plainBytes=200 bytes=222
08-07 13:37:41.059  8720  8720 I SpectrePeripheral: event=notify_queued peer=xx:7A:39 char=enrichment bytes=222 label=chunked chunk=1 chunks=5 queued=2
08-07 13:37:41.059  8720  8720 I SpectrePeripheral: event=notify_chunk char=enrichment chunk=2 plainBytes=200 bytes=222
08-07 13:37:41.060  8720  8720 I SpectrePeripheral: event=notify_queued peer=xx:7A:39 char=enrichment bytes=222 label=chunked chunk=2 chunks=5 queued=3
08-07 13:37:41.060  8720  8720 I SpectrePeripheral: event=notify_chunk char=enrichment chunk=3 plainBytes=200 bytes=222
08-07 13:37:41.060  8720  8720 I SpectrePeripheral: event=notify_queued peer=xx:7A:39 char=enrichment bytes=222 label=chunked chunk=3 chunks=5 queued=4
08-07 13:37:41.060  8720  8720 I SpectrePeripheral: event=notify_chunk char=enrichment chunk=4 plainBytes=46 bytes=68
08-07 13:37:41.060  8720  8720 I SpectrePeripheral: event=notify_queued peer=xx:7A:39 char=enrichment bytes=68 label=chunked chunk=4 chunks=5 queued=5
08-07 13:37:41.060  8720  8720 I SpectrePeripheral: event=notify_sent peer=xx:7A:39 status=success remaining=5
08-07 13:37:41.061  8720  8720 I SpectrePeripheral: event=notify_send reason=sent peer=xx:7A:39 char=enrichment bytes=222 label=chunked chunk=0 chunks=5 remaining=4
08-07 13:37:41.066  8720  8720 I SpectrePeripheral: event=notify_sent peer=xx:7A:39 status=success remaining=4
08-07 13:37:41.143  8720  8720 I SpectrePeripheral: event=notify_send reason=sent_paced peer=xx:7A:39 char=enrichment bytes=222 label=chunked chunk=1 chunks=5 remaining=3
08-07 13:37:41.145  8720  8720 I SpectrePeripheral: event=notify_sent peer=xx:7A:39 status=success remaining=3
08-07 13:37:41.221  8720  8720 I SpectrePeripheral: event=notify_send reason=sent_paced peer=xx:7A:39 char=enrichment bytes=222 label=chunked chunk=2 chunks=5 remaining=2
08-07 13:37:41.223  8720  8720 I SpectrePeripheral: event=notify_sent peer=xx:7A:39 status=success remaining=2
08-07 13:37:41.299  8720  8720 I SpectrePeripheral: event=notify_send reason=sent_paced peer=xx:7A:39 char=enrichment bytes=222 label=chunked chunk=3 chunks=5 remaining=1
08-07 13:37:41.300  8720  8720 I SpectrePeripheral: event=notify_sent peer=xx:7A:39 status=success remaining=1
08-07 13:37:41.376  8720  8720 I SpectrePeripheral: event=notify_send reason=sent_paced peer=xx:7A:39 char=enrichment bytes=68 label=chunked chunk=4 chunks=5 remaining=0
08-07 13:37:41.376  8720  8720 I SpectrePeripheral: event=notify_sent peer=xx:7A:39 status=success remaining=0
08-07 13:37:41.623  8720  8731 I SpectrePeripheral: event=char_read peer=xx:7A:39 char=control requestId=285 offset=0 valueBytes=26 responseBytes=26
08-07 13:37:41.684  8720  8720 I SpectrePeripheral: event=char_write peer=xx:7A:39 char=event_batch requestId=286 offset=0 chunkBytes=202 totalBytes=202 prepared=false responseNeeded=true
08-07 13:37:41.685  8720  8720 I SpectrePeripheral: event=event_batch_received peer=xx:7A:39 cipherBytes=202 plainBytes=180 recordsEstimate=18 sessionId=0 batchId=0 totalBatches=96
08-07 13:37:41.856  8720  8720 I SpectrePeripheral: event=update_value char=control bytes=4
08-07 13:37:41.856  8720  8720 I SpectrePeripheral: event=notify_requested char=control bytes=26 connected=1
08-07 13:37:41.856  8720  8747 I ReactNativeJS: [SpectreEnrich] batch events=18 matched=0 skipped=18 history=188 firstEvent=1783133485000 lastEvent=1783134045000 oldestHistory=1783461501000 newestHistory=1786126571866 nearestDriftMin=327456000 nearestDriftMax=328016000 nearestFixFirst=1783461501000 nativeRecorder=1
08-07 13:37:41.857  8720  8720 I SpectrePeripheral: event=notify_queued peer=xx:7A:39 char=control bytes=26 label=value chunk=0 chunks=1 queued=1
08-07 13:37:41.857  8720  8720 I SpectrePeripheral: event=notify_send reason=enqueue peer=xx:7A:39 char=control bytes=26 label=value chunk=0 chunks=1 remaining=0
08-07 13:37:41.858  8720  8720 I SpectrePeripheral: event=secure_value_updated char=control channel=2 plainBytes=4 cipherBytes=26 notify=true
08-07 13:37:41.858  8720  8720 W SpectrePeripheral: event=enrichment_response_unframed records=18 pendingRecords=18 sessionId=0 batchId=0
08-07 13:37:41.858  8720  8720 I SpectrePeripheral: event=notify_chunked char=enrichment plainBytes=846 chunks=5 chunkPlainMax=200
08-07 13:37:41.858  8720  8720 I SpectrePeripheral: event=notify_chunk char=enrichment chunk=0 plainBytes=200 bytes=222
08-07 13:37:41.858  8720  8720 I SpectrePeripheral: event=notify_queued peer=xx:7A:39 char=enrichment bytes=222 label=chunked chunk=0 chunks=5 queued=1
08-07 13:37:41.858  8720  8720 I SpectrePeripheral: event=notify_chunk char=enrichment chunk=1 plainBytes=200 bytes=222
08-07 13:37:41.858  8720  8720 I SpectrePeripheral: event=notify_queued peer=xx:7A:39 char=enrichment bytes=222 label=chunked chunk=1 chunks=5 queued=2
08-07 13:37:41.859  8720  8720 I SpectrePeripheral: event=notify_chunk char=enrichment chunk=2 plainBytes=200 bytes=222
08-07 13:37:41.859  8720  8720 I SpectrePeripheral: event=notify_queued peer=xx:7A:39 char=enrichment bytes=222 label=chunked chunk=2 chunks=5 queued=3
08-07 13:37:41.859  8720  8720 I SpectrePeripheral: event=notify_chunk char=enrichment chunk=3 plainBytes=200 bytes=222
08-07 13:37:41.859  8720  8720 I SpectrePeripheral: event=notify_queued peer=xx:7A:39 char=enrichment bytes=222 label=chunked chunk=3 chunks=5 queued=4
08-07 13:37:41.859  8720  8720 I SpectrePeripheral: event=notify_chunk char=enrichment chunk=4 plainBytes=46 bytes=68
08-07 13:37:41.859  8720  8720 I SpectrePeripheral: event=notify_queued peer=xx:7A:39 char=enrichment bytes=68 label=chunked chunk=4 chunks=5 queued=5
08-07 13:37:41.860  8720  8720 I SpectrePeripheral: event=notify_sent peer=xx:7A:39 status=success remaining=5
08-07 13:37:41.860  8720  8720 I SpectrePeripheral: event=notify_send reason=sent peer=xx:7A:39 char=enrichment bytes=222 label=chunked chunk=0 chunks=5 remaining=4
08-07 13:37:41.862  8720  8720 I SpectrePeripheral: event=notify_sent peer=xx:7A:39 status=success remaining=4
08-07 13:37:41.938  8720  8720 I SpectrePeripheral: event=notify_send reason=sent_paced peer=xx:7A:39 char=enrichment bytes=222 label=chunked chunk=1 chunks=5 remaining=3
08-07 13:37:41.940  8720  8720 I SpectrePeripheral: event=notify_sent peer=xx:7A:39 status=success remaining=3
08-07 13:37:41.951  8720  8731 I SpectrePeripheral: event=char_read peer=xx:7A:39 char=gps requestId=287 offset=0 valueBytes=42 responseBytes=42
08-07 13:37:42.015  8720  8720 I SpectrePeripheral: event=notify_send reason=sent_paced peer=xx:7A:39 char=enrichment bytes=222 label=chunked chunk=2 chunks=5 remaining=2
08-07 13:37:42.018  8720  8720 I SpectrePeripheral: event=notify_sent peer=xx:7A:39 status=success remaining=2
08-07 13:37:42.094  8720  8720 I SpectrePeripheral: event=notify_send reason=sent_paced peer=xx:7A:39 char=enrichment bytes=222 label=chunked chunk=3 chunks=5 remaining=1
08-07 13:37:42.097  8720  8720 I SpectrePeripheral: event=notify_sent peer=xx:7A:39 status=success remaining=1
08-07 13:37:42.173  8720  8720 I SpectrePeripheral: event=notify_send reason=sent_paced peer=xx:7A:39 char=enrichment bytes=68 label=chunked chunk=4 chunks=5 remaining=0
08-07 13:37:42.176  8720  8720 I SpectrePeripheral: event=notify_sent peer=xx:7A:39 status=success remaining=0
08-07 13:37:42.406  8720  8720 I SpectrePeripheral: event=char_write peer=xx:7A:39 char=event_batch requestId=288 offset=0 chunkBytes=202 totalBytes=202 prepared=false responseNeeded=true
08-07 13:37:42.408  8720  8720 I SpectrePeripheral: event=event_batch_received peer=xx:7A:39 cipherBytes=202 plainBytes=180 recordsEstimate=18 sessionId=0 batchId=0 totalBatches=97
08-07 13:37:42.580  8720  8747 I ReactNativeJS: [SpectreEnrich] batch events=18 matched=0 skipped=18 history=188 firstEvent=1783134225000 lastEvent=1783135110000 oldestHistory=1783461501000 newestHistory=1786126571866 nearestDriftMin=326391000 nearestDriftMax=327276000 nearestFixFirst=1783461501000 nativeRecorder=1
08-07 13:37:42.580  8720  8720 I SpectrePeripheral: event=update_value char=control bytes=4
08-07 13:37:42.581  8720  8720 I SpectrePeripheral: event=notify_requested char=control bytes=26 connected=1
08-07 13:37:42.582  8720  8720 I SpectrePeripheral: event=notify_queued peer=xx:7A:39 char=control bytes=26 label=value chunk=0 chunks=1 queued=1
08-07 13:37:42.583  8720  8720 I SpectrePeripheral: event=notify_send reason=enqueue peer=xx:7A:39 char=control bytes=26 label=value chunk=0 chunks=1 remaining=0
08-07 13:37:42.583  8720  8720 I SpectrePeripheral: event=secure_value_updated char=control channel=2 plainBytes=4 cipherBytes=26 notify=true
08-07 13:37:42.586  8720  8720 W SpectrePeripheral: event=enrichment_response_unframed records=18 pendingRecords=18 sessionId=0 batchId=0
08-07 13:37:42.586  8720  8720 I SpectrePeripheral: event=notify_chunked char=enrichment plainBytes=846 chunks=5 chunkPlainMax=200
08-07 13:37:42.586  8720  8720 I SpectrePeripheral: event=notify_chunk char=enrichment chunk=0 plainBytes=200 bytes=222
08-07 13:37:42.589  8720  8720 I SpectrePeripheral: event=notify_queued peer=xx:7A:39 char=enrichment bytes=222 label=chunked chunk=0 chunks=5 queued=1
08-07 13:37:42.589  8720  8720 I SpectrePeripheral: event=notify_chunk char=enrichment chunk=1 plainBytes=200 bytes=222
08-07 13:37:42.590  8720  8720 I SpectrePeripheral: event=notify_queued peer=xx:7A:39 char=enrichment bytes=222 label=chunked chunk=1 chunks=5 queued=2
08-07 13:37:42.590  8720  8720 I SpectrePeripheral: event=notify_chunk char=enrichment chunk=2 plainBytes=200 bytes=222
08-07 13:37:42.590  8720  8720 I SpectrePeripheral: event=notify_queued peer=xx:7A:39 char=enrichment bytes=222 label=chunked chunk=2 chunks=5 queued=3
08-07 13:37:42.590  8720  8720 I SpectrePeripheral: event=notify_chunk char=enrichment chunk=3 plainBytes=200 bytes=222
08-07 13:37:42.591  8720  8720 I SpectrePeripheral: event=notify_queued peer=xx:7A:39 char=enrichment bytes=222 label=chunked chunk=3 chunks=5 queued=4
08-07 13:37:42.591  8720  8720 I SpectrePeripheral: event=notify_chunk char=enrichment chunk=4 plainBytes=46 bytes=68
08-07 13:37:42.591  8720  8720 I SpectrePeripheral: event=notify_queued peer=xx:7A:39 char=enrichment bytes=68 label=chunked chunk=4 chunks=5 queued=5
08-07 13:37:42.591  8720  8720 I SpectrePeripheral: event=notify_sent peer=xx:7A:39 status=success remaining=5
08-07 13:37:42.592  8720  8720 I SpectrePeripheral: event=notify_send reason=sent peer=xx:7A:39 char=enrichment bytes=222 label=chunked chunk=0 chunks=5 remaining=4
08-07 13:37:42.597  8720  8720 I SpectrePeripheral: event=notify_sent peer=xx:7A:39 status=success remaining=4
08-07 13:37:42.672  8720  8720 I SpectrePeripheral: event=notify_send reason=sent_paced peer=xx:7A:39 char=enrichment bytes=222 label=chunked chunk=1 chunks=5 remaining=3
08-07 13:37:42.675  8720  8720 I SpectrePeripheral: event=notify_sent peer=xx:7A:39 status=success remaining=3
08-07 13:37:42.751  8720  8720 I SpectrePeripheral: event=notify_send reason=sent_paced peer=xx:7A:39 char=enrichment bytes=222 label=chunked chunk=2 chunks=5 remaining=2
08-07 13:37:42.754  8720  8720 I SpectrePeripheral: event=notify_sent peer=xx:7A:39 status=success remaining=2
08-07 13:37:42.830  8720  8720 I SpectrePeripheral: event=notify_send reason=sent_paced peer=xx:7A:39 char=enrichment bytes=222 label=chunked chunk=3 chunks=5 remaining=1
08-07 13:37:42.833  8720  8720 I SpectrePeripheral: event=notify_sent peer=xx:7A:39 status=success remaining=1
08-07 13:37:42.908  8720  8720 I SpectrePeripheral: event=notify_send reason=sent_paced peer=xx:7A:39 char=enrichment bytes=68 label=chunked chunk=4 chunks=5 remaining=0
08-07 13:37:42.911  8720  8720 I SpectrePeripheral: event=notify_sent peer=xx:7A:39 status=success remaining=0
08-07 13:37:43.188  8720  8720 I SpectrePeripheral: event=char_write peer=xx:7A:39 char=event_batch requestId=289 offset=0 chunkBytes=202 totalBytes=202 prepared=false responseNeeded=true
08-07 13:37:43.189  8720  8720 I SpectrePeripheral: event=event_batch_received peer=xx:7A:39 cipherBytes=202 plainBytes=180 recordsEstimate=18 sessionId=0 batchId=0 totalBatches=98
08-07 13:37:43.363  8720  8720 I SpectrePeripheral: event=update_value char=control bytes=4
08-07 13:37:43.363  8720  8747 I ReactNativeJS: [SpectreEnrich] batch events=18 matched=0 skipped=18 history=188 firstEvent=1783135247000 lastEvent=1783135590000 oldestHistory=1783461501000 newestHistory=1786126571866 nearestDriftMin=325911000 nearestDriftMax=326254000 nearestFixFirst=1783461501000 nativeRecorder=1
08-07 13:37:43.363  8720  8720 I SpectrePeripheral: event=notify_requested char=control bytes=26 connected=1
08-07 13:37:43.365  8720  8720 I SpectrePeripheral: event=notify_queued peer=xx:7A:39 char=control bytes=26 label=value chunk=0 chunks=1 queued=1
08-07 13:37:43.365  8720  8720 I SpectrePeripheral: event=notify_send reason=enqueue peer=xx:7A:39 char=control bytes=26 label=value chunk=0 chunks=1 remaining=0
08-07 13:37:43.366  8720  8720 I SpectrePeripheral: event=secure_value_updated char=control channel=2 plainBytes=4 cipherBytes=26 notify=true
08-07 13:37:43.366  8720  8720 W SpectrePeripheral: event=enrichment_response_unframed records=18 pendingRecords=18 sessionId=0 batchId=0
08-07 13:37:43.366  8720  8720 I SpectrePeripheral: event=notify_chunked char=enrichment plainBytes=846 chunks=5 chunkPlainMax=200
08-07 13:37:43.366  8720  8720 I SpectrePeripheral: event=notify_chunk char=enrichment chunk=0 plainBytes=200 bytes=222
08-07 13:37:43.366  8720  8720 I SpectrePeripheral: event=notify_queued peer=xx:7A:39 char=enrichment bytes=222 label=chunked chunk=0 chunks=5 queued=1
08-07 13:37:43.367  8720  8720 I SpectrePeripheral: event=notify_chunk char=enrichment chunk=1 plainBytes=200 bytes=222
08-07 13:37:43.367  8720  8720 I SpectrePeripheral: event=notify_queued peer=xx:7A:39 char=enrichment bytes=222 label=chunked chunk=1 chunks=5 queued=2
08-07 13:37:43.367  8720  8720 I SpectrePeripheral: event=notify_chunk char=enrichment chunk=2 plainBytes=200 bytes=222
08-07 13:37:43.368  8720  8720 I SpectrePeripheral: event=notify_queued peer=xx:7A:39 char=enrichment bytes=222 label=chunked chunk=2 chunks=5 queued=3
08-07 13:37:43.368  8720  8720 I SpectrePeripheral: event=notify_chunk char=enrichment chunk=3 plainBytes=200 bytes=222
08-07 13:37:43.368  8720  8720 I SpectrePeripheral: event=notify_queued peer=xx:7A:39 char=enrichment bytes=222 label=chunked chunk=3 chunks=5 queued=4
08-07 13:37:43.368  8720  8720 I SpectrePeripheral: event=notify_chunk char=enrichment chunk=4 plainBytes=46 bytes=68
08-07 13:37:43.368  8720  8720 I SpectrePeripheral: event=notify_queued peer=xx:7A:39 char=enrichment bytes=68 label=chunked chunk=4 chunks=5 queued=5
08-07 13:37:43.369  8720  8720 I SpectrePeripheral: event=notify_sent peer=xx:7A:39 status=success remaining=5
08-07 13:37:43.369  8720  8720 I SpectrePeripheral: event=notify_send reason=sent peer=xx:7A:39 char=enrichment bytes=222 label=chunked chunk=0 chunks=5 remaining=4
08-07 13:37:43.372  8720  8720 I SpectrePeripheral: event=notify_sent peer=xx:7A:39 status=success remaining=4
08-07 13:37:43.448  8720  8720 I SpectrePeripheral: event=notify_send reason=sent_paced peer=xx:7A:39 char=enrichment bytes=222 label=chunked chunk=1 chunks=5 remaining=3
08-07 13:37:43.450  8720  8720 I SpectrePeripheral: event=notify_sent peer=xx:7A:39 status=success remaining=3
08-07 13:37:43.526  8720  8720 I SpectrePeripheral: event=notify_send reason=sent_paced peer=xx:7A:39 char=enrichment bytes=222 label=chunked chunk=2 chunks=5 remaining=2
08-07 13:37:43.529  8720  8720 I SpectrePeripheral: event=notify_sent peer=xx:7A:39 status=success remaining=2
08-07 13:37:43.605  8720  8720 I SpectrePeripheral: event=notify_send reason=sent_paced peer=xx:7A:39 char=enrichment bytes=222 label=chunked chunk=3 chunks=5 remaining=1
08-07 13:37:43.607  8720  8720 I SpectrePeripheral: event=notify_sent peer=xx:7A:39 status=success remaining=1
08-07 13:37:43.631  8720  8731 I SpectrePeripheral: event=char_read peer=xx:7A:39 char=control requestId=290 offset=0 valueBytes=26 responseBytes=26
08-07 13:37:43.684  8720  8720 I SpectrePeripheral: event=notify_send reason=sent_paced peer=xx:7A:39 char=enrichment bytes=68 label=chunked chunk=4 chunks=5 remaining=0
08-07 13:37:43.687  8720  8720 I SpectrePeripheral: event=notify_sent peer=xx:7A:39 status=success remaining=0
08-07 13:37:43.939  8720  8720 I SpectrePeripheral: event=char_write peer=xx:7A:39 char=event_batch requestId=291 offset=0 chunkBytes=202 totalBytes=202 prepared=false responseNeeded=true
08-07 13:37:43.940  8720  8720 I SpectrePeripheral: event=event_batch_received peer=xx:7A:39 cipherBytes=202 plainBytes=180 recordsEstimate=18 sessionId=0 batchId=0 totalBatches=99
08-07 13:37:44.111  8720  8720 I SpectrePeripheral: event=update_value char=control bytes=4
08-07 13:37:44.111  8720  8720 I SpectrePeripheral: event=notify_requested char=control bytes=26 connected=1
08-07 13:37:44.112  8720  8747 I ReactNativeJS: [SpectreEnrich] batch events=18 matched=0 skipped=18 history=188 firstEvent=1783067704000 lastEvent=1783136262000 oldestHistory=1783461501000 newestHistory=1786126571866 nearestDriftMin=325239000 nearestDriftMax=393797000 nearestFixFirst=1783461501000 nativeRecorder=1
08-07 13:37:44.113  8720  8720 I SpectrePeripheral: event=notify_queued peer=xx:7A:39 char=control bytes=26 label=value chunk=0 chunks=1 queued=1
08-07 13:37:44.113  8720  8720 I SpectrePeripheral: event=notify_send reason=enqueue peer=xx:7A:39 char=control bytes=26 label=value chunk=0 chunks=1 remaining=0
08-07 13:37:44.114  8720  8720 I SpectrePeripheral: event=secure_value_updated char=control channel=2 plainBytes=4 cipherBytes=26 notify=true
08-07 13:37:44.114  8720  8720 W SpectrePeripheral: event=enrichment_response_unframed records=18 pendingRecords=18 sessionId=0 batchId=0
08-07 13:37:44.114  8720  8720 I SpectrePeripheral: event=notify_chunked char=enrichment plainBytes=846 chunks=5 chunkPlainMax=200
08-07 13:37:44.114  8720  8720 I SpectrePeripheral: event=notify_chunk char=enrichment chunk=0 plainBytes=200 bytes=222
08-07 13:37:44.114  8720  8720 I SpectrePeripheral: event=notify_queued peer=xx:7A:39 char=enrichment bytes=222 label=chunked chunk=0 chunks=5 queued=1
08-07 13:37:44.114  8720  8720 I SpectrePeripheral: event=notify_chunk char=enrichment chunk=1 plainBytes=200 bytes=222
08-07 13:37:44.114  8720  8720 I SpectrePeripheral: event=notify_queued peer=xx:7A:39 char=enrichment bytes=222 label=chunked chunk=1 chunks=5 queued=2
08-07 13:37:44.114  8720  8720 I SpectrePeripheral: event=notify_chunk char=enrichment chunk=2 plainBytes=200 bytes=222
08-07 13:37:44.115  8720  8720 I SpectrePeripheral: event=notify_queued peer=xx:7A:39 char=enrichment bytes=222 label=chunked chunk=2 chunks=5 queued=3
08-07 13:37:44.115  8720  8720 I SpectrePeripheral: event=notify_chunk char=enrichment chunk=3 plainBytes=200 bytes=222
08-07 13:37:44.115  8720  8720 I SpectrePeripheral: event=notify_queued peer=xx:7A:39 char=enrichment bytes=222 label=chunked chunk=3 chunks=5 queued=4
08-07 13:37:44.115  8720  8720 I SpectrePeripheral: event=notify_chunk char=enrichment chunk=4 plainBytes=46 bytes=68
08-07 13:37:44.115  8720  8720 I SpectrePeripheral: event=notify_queued peer=xx:7A:39 char=enrichment bytes=68 label=chunked chunk=4 chunks=5 queued=5
08-07 13:37:44.115  8720  8720 I SpectrePeripheral: event=notify_sent peer=xx:7A:39 status=success remaining=5
08-07 13:37:44.115  8720  8720 I SpectrePeripheral: event=notify_send reason=sent peer=xx:7A:39 char=enrichment bytes=222 label=chunked chunk=0 chunks=5 remaining=4
08-07 13:37:44.116  8720  8720 I SpectrePeripheral: event=notify_sent peer=xx:7A:39 status=success remaining=4
08-07 13:37:44.193  8720  8720 I SpectrePeripheral: event=notify_send reason=sent_paced peer=xx:7A:39 char=enrichment bytes=222 label=chunked chunk=1 chunks=5 remaining=3
08-07 13:37:44.196  8720  8720 I SpectrePeripheral: event=notify_sent peer=xx:7A:39 status=success remaining=3
08-07 13:37:44.271  8720  8720 I SpectrePeripheral: event=notify_send reason=sent_paced peer=xx:7A:39 char=enrichment bytes=222 label=chunked chunk=2 chunks=5 remaining=2
08-07 13:37:44.272  8720  8720 I SpectrePeripheral: event=notify_sent peer=xx:7A:39 status=success remaining=2
08-07 13:37:44.349  8720  8720 I SpectrePeripheral: event=notify_send reason=sent_paced peer=xx:7A:39 char=enrichment bytes=222 label=chunked chunk=3 chunks=5 remaining=1
08-07 13:37:44.351  8720  8720 I SpectrePeripheral: event=notify_sent peer=xx:7A:39 status=success remaining=1
08-07 13:37:44.427  8720  8720 I SpectrePeripheral: event=notify_send reason=sent_paced peer=xx:7A:39 char=enrichment bytes=68 label=chunked chunk=4 chunks=5 remaining=0
08-07 13:37:44.430  8720  8720 I SpectrePeripheral: event=notify_sent peer=xx:7A:39 status=success remaining=0
08-07 13:37:44.687  8720  8720 I SpectrePeripheral: event=char_write peer=xx:7A:39 char=event_batch requestId=292 offset=0 chunkBytes=202 totalBytes=202 prepared=false responseNeeded=true
08-07 13:37:44.688  8720  8720 I SpectrePeripheral: event=event_batch_received peer=xx:7A:39 cipherBytes=202 plainBytes=180 recordsEstimate=18 sessionId=0 batchId=0 totalBatches=100
08-07 13:37:44.861  8720  8747 I ReactNativeJS: [SpectreEnrich] batch events=18 matched=0 skipped=18 history=188 firstEvent=1783068650000 lastEvent=1783136903000 oldestHistory=1783461501000 newestHistory=1786126571866 nearestDriftMin=324598000 nearestDriftMax=392851000 nearestFixFirst=1783461501000 nativeRecorder=1
08-07 13:37:44.861  8720  8720 I SpectrePeripheral: event=update_value char=control bytes=4
08-07 13:37:44.861  8720  8720 I SpectrePeripheral: event=notify_requested char=control bytes=26 connected=1
08-07 13:37:44.863  8720  8720 I SpectrePeripheral: event=notify_queued peer=xx:7A:39 char=control bytes=26 label=value chunk=0 chunks=1 queued=1
08-07 13:37:44.864  8720  8720 I SpectrePeripheral: event=notify_send reason=enqueue peer=xx:7A:39 char=control bytes=26 label=value chunk=0 chunks=1 remaining=0
08-07 13:37:44.864  8720  8720 I SpectrePeripheral: event=secure_value_updated char=control channel=2 plainBytes=4 cipherBytes=26 notify=true
08-07 13:37:44.864  8720  8720 W SpectrePeripheral: event=enrichment_response_unframed records=18 pendingRecords=18 sessionId=0 batchId=0
08-07 13:37:44.864  8720  8720 I SpectrePeripheral: event=notify_chunked char=enrichment plainBytes=846 chunks=5 chunkPlainMax=200
08-07 13:37:44.865  8720  8720 I SpectrePeripheral: event=notify_chunk char=enrichment chunk=0 plainBytes=200 bytes=222
08-07 13:37:44.865  8720  8720 I SpectrePeripheral: event=notify_queued peer=xx:7A:39 char=enrichment bytes=222 label=chunked chunk=0 chunks=5 queued=1
08-07 13:37:44.865  8720  8720 I SpectrePeripheral: event=notify_chunk char=enrichment chunk=1 plainBytes=200 bytes=222
08-07 13:37:44.865  8720  8720 I SpectrePeripheral: event=notify_queued peer=xx:7A:39 char=enrichment bytes=222 label=chunked chunk=1 chunks=5 queued=2
08-07 13:37:44.865  8720  8720 I SpectrePeripheral: event=notify_chunk char=enrichment chunk=2 plainBytes=200 bytes=222
08-07 13:37:44.866  8720  8720 I SpectrePeripheral: event=notify_queued peer=xx:7A:39 char=enrichment bytes=222 label=chunked chunk=2 chunks=5 queued=3
08-07 13:37:44.866  8720  8720 I SpectrePeripheral: event=notify_chunk char=enrichment chunk=3 plainBytes=200 bytes=222
08-07 13:37:44.866  8720  8720 I SpectrePeripheral: event=notify_queued peer=xx:7A:39 char=enrichment bytes=222 label=chunked chunk=3 chunks=5 queued=4
08-07 13:37:44.866  8720  8720 I SpectrePeripheral: event=notify_chunk char=enrichment chunk=4 plainBytes=46 bytes=68
08-07 13:37:44.866  8720  8720 I SpectrePeripheral: event=notify_queued peer=xx:7A:39 char=enrichment bytes=68 label=chunked chunk=4 chunks=5 queued=5
08-07 13:37:44.867  8720  8720 I SpectrePeripheral: event=notify_sent peer=xx:7A:39 status=success remaining=5
08-07 13:37:44.867  8720  8720 I SpectrePeripheral: event=notify_send reason=sent peer=xx:7A:39 char=enrichment bytes=222 label=chunked chunk=0 chunks=5 remaining=4
08-07 13:37:44.871  8720  8720 I SpectrePeripheral: event=notify_sent peer=xx:7A:39 status=success remaining=4
08-07 13:37:44.948  8720  8720 I SpectrePeripheral: event=notify_send reason=sent_paced peer=xx:7A:39 char=enrichment bytes=222 label=chunked chunk=1 chunks=5 remaining=3
08-07 13:37:44.950  8720  8720 I SpectrePeripheral: event=notify_sent peer=xx:7A:39 status=success remaining=3
08-07 13:37:45.027  8720  8720 I SpectrePeripheral: event=notify_send reason=sent_paced peer=xx:7A:39 char=enrichment bytes=222 label=chunked chunk=2 chunks=5 remaining=2
08-07 13:37:45.030  8720  8720 I SpectrePeripheral: event=notify_sent peer=xx:7A:39 status=success remaining=2
08-07 13:37:45.105  8720  8720 I SpectrePeripheral: event=notify_send reason=sent_paced peer=xx:7A:39 char=enrichment bytes=222 label=chunked chunk=3 chunks=5 remaining=1
08-07 13:37:45.108  8720  8720 I SpectrePeripheral: event=notify_sent peer=xx:7A:39 status=success remaining=1
08-07 13:37:45.184  8720  8720 I SpectrePeripheral: event=notify_send reason=sent_paced peer=xx:7A:39 char=enrichment bytes=68 label=chunked chunk=4 chunks=5 remaining=0
08-07 13:37:45.187  8720  8720 I SpectrePeripheral: event=notify_sent peer=xx:7A:39 status=success remaining=0
08-07 13:37:45.470  8720  8720 I SpectrePeripheral: event=char_write peer=xx:7A:39 char=event_batch requestId=293 offset=0 chunkBytes=202 totalBytes=202 prepared=false responseNeeded=true
08-07 13:37:45.472  8720  8720 I SpectrePeripheral: event=event_batch_received peer=xx:7A:39 cipherBytes=202 plainBytes=180 recordsEstimate=18 sessionId=0 batchId=0 totalBatches=101
08-07 13:37:45.643  8720  8747 I ReactNativeJS: [SpectreEnrich] batch events=18 matched=0 skipped=18 history=188 firstEvent=1783068950000 lastEvent=1783137543000 oldestHistory=1783461501000 newestHistory=1786126571866 nearestDriftMin=323958000 nearestDriftMax=392551000 nearestFixFirst=1783461501000 nativeRecorder=1
08-07 13:37:45.644  8720  8720 I SpectrePeripheral: event=update_value char=control bytes=4
08-07 13:37:45.644  8720  8720 I SpectrePeripheral: event=notify_requested char=control bytes=26 connected=1
08-07 13:37:45.646  8720  8720 I SpectrePeripheral: event=notify_queued peer=xx:7A:39 char=control bytes=26 label=value chunk=0 chunks=1 queued=1
08-07 13:37:45.647  8720  8720 I SpectrePeripheral: event=notify_send reason=enqueue peer=xx:7A:39 char=control bytes=26 label=value chunk=0 chunks=1 remaining=0
08-07 13:37:45.647  8720  8720 I SpectrePeripheral: event=secure_value_updated char=control channel=2 plainBytes=4 cipherBytes=26 notify=true
08-07 13:37:45.647  8720  8720 W SpectrePeripheral: event=enrichment_response_unframed records=18 pendingRecords=18 sessionId=0 batchId=0
08-07 13:37:45.647  8720  8720 I SpectrePeripheral: event=notify_chunked char=enrichment plainBytes=846 chunks=5 chunkPlainMax=200
08-07 13:37:45.647  8720  8720 I SpectrePeripheral: event=notify_chunk char=enrichment chunk=0 plainBytes=200 bytes=222
08-07 13:37:45.647  8720  8720 I SpectrePeripheral: event=notify_queued peer=xx:7A:39 char=enrichment bytes=222 label=chunked chunk=0 chunks=5 queued=1
08-07 13:37:45.648  8720  8720 I SpectrePeripheral: event=notify_chunk char=enrichment chunk=1 plainBytes=200 bytes=222
08-07 13:37:45.648  8720  8720 I SpectrePeripheral: event=notify_queued peer=xx:7A:39 char=enrichment bytes=222 label=chunked chunk=1 chunks=5 queued=2
08-07 13:37:45.648  8720  8720 I SpectrePeripheral: event=notify_chunk char=enrichment chunk=2 plainBytes=200 bytes=222
08-07 13:37:45.648  8720  8720 I SpectrePeripheral: event=notify_queued peer=xx:7A:39 char=enrichment bytes=222 label=chunked chunk=2 chunks=5 queued=3
08-07 13:37:45.648  8720  8720 I SpectrePeripheral: event=notify_chunk char=enrichment chunk=3 plainBytes=200 bytes=222
08-07 13:37:45.648  8720  8720 I SpectrePeripheral: event=notify_queued peer=xx:7A:39 char=enrichment bytes=222 label=chunked chunk=3 chunks=5 queued=4
08-07 13:37:45.648  8720  8720 I SpectrePeripheral: event=notify_chunk char=enrichment chunk=4 plainBytes=46 bytes=68
08-07 13:37:45.649  8720  8720 I SpectrePeripheral: event=notify_queued peer=xx:7A:39 char=enrichment bytes=68 label=chunked chunk=4 chunks=5 queued=5
08-07 13:37:45.649  8720  8720 I SpectrePeripheral: event=notify_sent peer=xx:7A:39 status=success remaining=5
08-07 13:37:45.649  8720  8720 I SpectrePeripheral: event=notify_send reason=sent peer=xx:7A:39 char=enrichment bytes=222 label=chunked chunk=0 chunks=5 remaining=4
08-07 13:37:45.651  8720  8720 I SpectrePeripheral: event=notify_sent peer=xx:7A:39 status=success remaining=4
08-07 13:37:45.727  8720  8720 I SpectrePeripheral: event=notify_send reason=sent_paced peer=xx:7A:39 char=enrichment bytes=222 label=chunked chunk=1 chunks=5 remaining=3
08-07 13:37:45.729  8720  8720 I SpectrePeripheral: event=notify_sent peer=xx:7A:39 status=success remaining=3
08-07 13:37:45.764  8720  8732 I SpectrePeripheral: event=char_read peer=xx:7A:39 char=control requestId=294 offset=0 valueBytes=26 responseBytes=26
08-07 13:37:45.806  8720  8720 I SpectrePeripheral: event=notify_send reason=sent_paced peer=xx:7A:39 char=enrichment bytes=222 label=chunked chunk=2 chunks=5 remaining=2
08-07 13:37:45.808  8720  8720 I SpectrePeripheral: event=notify_sent peer=xx:7A:39 status=success remaining=2
08-07 13:37:45.884  8720  8720 I SpectrePeripheral: event=notify_send reason=sent_paced peer=xx:7A:39 char=enrichment bytes=222 label=chunked chunk=3 chunks=5 remaining=1
08-07 13:37:45.887  8720  8720 I SpectrePeripheral: event=notify_sent peer=xx:7A:39 status=success remaining=1
08-07 13:37:45.964  8720  8720 I SpectrePeripheral: event=notify_send reason=sent_paced peer=xx:7A:39 char=enrichment bytes=68 label=chunked chunk=4 chunks=5 remaining=0
08-07 13:37:45.968  8720  8720 I SpectrePeripheral: event=notify_sent peer=xx:7A:39 status=success remaining=0
08-07 13:37:46.217  8720  8720 I SpectrePeripheral: event=char_write peer=xx:7A:39 char=event_batch requestId=295 offset=0 chunkBytes=202 totalBytes=202 prepared=false responseNeeded=true
08-07 13:37:46.218  8720  8720 I SpectrePeripheral: event=event_batch_received peer=xx:7A:39 cipherBytes=202 plainBytes=180 recordsEstimate=18 sessionId=0 batchId=0 totalBatches=102
08-07 13:37:46.392  8720  8720 I SpectrePeripheral: event=update_value char=control bytes=4
08-07 13:37:46.392  8720  8720 I SpectrePeripheral: event=notify_requested char=control bytes=26 connected=1
08-07 13:37:46.395  8720  8720 I SpectrePeripheral: event=notify_queued peer=xx:7A:39 char=control bytes=26 label=value chunk=0 chunks=1 queued=1
08-07 13:37:46.395  8720  8720 I SpectrePeripheral: event=notify_send reason=enqueue peer=xx:7A:39 char=control bytes=26 label=value chunk=0 chunks=1 remaining=0
08-07 13:37:46.396  8720  8720 I SpectrePeripheral: event=secure_value_updated char=control channel=2 plainBytes=4 cipherBytes=26 notify=true
08-07 13:37:46.398  8720  8720 I SpectrePeripheral: event=notify_sent peer=xx:7A:39 status=success remaining=0
08-07 13:37:46.398  8720  8747 I ReactNativeJS: [SpectreEnrich] batch events=18 matched=0 skipped=18 history=188 firstEvent=1783069797000 lastEvent=1783138663000 oldestHistory=1783461501000 newestHistory=1786126571866 nearestDriftMin=322838000 nearestDriftMax=391704000 nearestFixFirst=1783461501000 nativeRecorder=1
08-07 13:37:46.399  8720  8720 W SpectrePeripheral: event=enrichment_response_unframed records=18 pendingRecords=18 sessionId=0 batchId=0
08-07 13:37:46.399  8720  8720 I SpectrePeripheral: event=notify_chunked char=enrichment plainBytes=846 chunks=5 chunkPlainMax=200
08-07 13:37:46.399  8720  8720 I SpectrePeripheral: event=notify_chunk char=enrichment chunk=0 plainBytes=200 bytes=222
08-07 13:37:46.400  8720  8720 I SpectrePeripheral: event=notify_queued peer=xx:7A:39 char=enrichment bytes=222 label=chunked chunk=0 chunks=5 queued=1
08-07 13:37:46.400  8720  8720 I SpectrePeripheral: event=notify_send reason=enqueue peer=xx:7A:39 char=enrichment bytes=222 label=chunked chunk=0 chunks=5 remaining=0
08-07 13:37:46.400  8720  8720 I SpectrePeripheral: event=notify_chunk char=enrichment chunk=1 plainBytes=200 bytes=222
08-07 13:37:46.401  8720  8720 I SpectrePeripheral: event=notify_queued peer=xx:7A:39 char=enrichment bytes=222 label=chunked chunk=1 chunks=5 queued=1
08-07 13:37:46.401  8720  8720 I SpectrePeripheral: event=notify_chunk char=enrichment chunk=2 plainBytes=200 bytes=222
08-07 13:37:46.401  8720  8720 I SpectrePeripheral: event=notify_queued peer=xx:7A:39 char=enrichment bytes=222 label=chunked chunk=2 chunks=5 queued=2
08-07 13:37:46.401  8720  8720 I SpectrePeripheral: event=notify_chunk char=enrichment chunk=3 plainBytes=200 bytes=222
08-07 13:37:46.401  8720  8720 I SpectrePeripheral: event=notify_queued peer=xx:7A:39 char=enrichment bytes=222 label=chunked chunk=3 chunks=5 queued=3
08-07 13:37:46.401  8720  8720 I SpectrePeripheral: event=notify_chunk char=enrichment chunk=4 plainBytes=46 bytes=68
08-07 13:37:46.402  8720  8720 I SpectrePeripheral: event=notify_queued peer=xx:7A:39 char=enrichment bytes=68 label=chunked chunk=4 chunks=5 queued=4
08-07 13:37:46.402  8720  8720 I SpectrePeripheral: event=notify_sent peer=xx:7A:39 status=success remaining=4
08-07 13:37:46.479  8720  8720 I SpectrePeripheral: event=notify_send reason=sent_paced peer=xx:7A:39 char=enrichment bytes=222 label=chunked chunk=1 chunks=5 remaining=3
08-07 13:37:46.482  8720  8720 I SpectrePeripheral: event=notify_sent peer=xx:7A:39 status=success remaining=3
08-07 13:37:46.557  8720  8720 I SpectrePeripheral: event=notify_send reason=sent_paced peer=xx:7A:39 char=enrichment bytes=222 label=chunked chunk=2 chunks=5 remaining=2
08-07 13:37:46.559  8720  8720 I SpectrePeripheral: event=notify_sent peer=xx:7A:39 status=success remaining=2
08-07 13:37:46.635  8720  8720 I SpectrePeripheral: event=notify_send reason=sent_paced peer=xx:7A:39 char=enrichment bytes=222 label=chunked chunk=3 chunks=5 remaining=1
08-07 13:37:46.638  8720  8720 I SpectrePeripheral: event=notify_sent peer=xx:7A:39 status=success remaining=1
08-07 13:37:46.713  8720  8720 I SpectrePeripheral: event=notify_send reason=sent_paced peer=xx:7A:39 char=enrichment bytes=68 label=chunked chunk=4 chunks=5 remaining=0
08-07 13:37:46.716  8720  8720 I SpectrePeripheral: event=notify_sent peer=xx:7A:39 status=success remaining=0
08-07 13:37:46.993  8720  8762 I SpectrePeripheral: event=char_read peer=xx:7A:39 char=gps requestId=296 offset=0 valueBytes=42 responseBytes=42
08-07 13:37:47.057  8720  8720 I SpectrePeripheral: event=char_write peer=xx:7A:39 char=event_batch requestId=297 offset=0 chunkBytes=202 totalBytes=202 prepared=false responseNeeded=true
08-07 13:37:47.058  8720  8720 I SpectrePeripheral: event=event_batch_received peer=xx:7A:39 cipherBytes=202 plainBytes=180 recordsEstimate=18 sessionId=0 batchId=0 totalBatches=103
08-07 13:37:47.232  8720  8747 I ReactNativeJS: [SpectreEnrich] batch events=18 matched=0 skipped=18 history=188 firstEvent=1783070903000 lastEvent=1783139623000 oldestHistory=1783461501000 newestHistory=1786126571866 nearestDriftMin=321878000 nearestDriftMax=390598000 nearestFixFirst=1783461501000 nativeRecorder=1
08-07 13:37:47.232  8720  8720 I SpectrePeripheral: event=update_value char=control bytes=4
08-07 13:37:47.233  8720  8720 I SpectrePeripheral: event=notify_requested char=control bytes=26 connected=1
08-07 13:37:47.233  8720  8720 I SpectrePeripheral: event=notify_queued peer=xx:7A:39 char=control bytes=26 label=value chunk=0 chunks=1 queued=1
08-07 13:37:47.234  8720  8720 I SpectrePeripheral: event=notify_send reason=enqueue peer=xx:7A:39 char=control bytes=26 label=value chunk=0 chunks=1 remaining=0
08-07 13:37:47.234  8720  8720 I SpectrePeripheral: event=secure_value_updated char=control channel=2 plainBytes=4 cipherBytes=26 notify=true
08-07 13:37:47.234  8720  8720 W SpectrePeripheral: event=enrichment_response_unframed records=18 pendingRecords=18 sessionId=0 batchId=0
08-07 13:37:47.234  8720  8720 I SpectrePeripheral: event=notify_chunked char=enrichment plainBytes=846 chunks=5 chunkPlainMax=200
08-07 13:37:47.234  8720  8720 I SpectrePeripheral: event=notify_chunk char=enrichment chunk=0 plainBytes=200 bytes=222
08-07 13:37:47.234  8720  8720 I SpectrePeripheral: event=notify_queued peer=xx:7A:39 char=enrichment bytes=222 label=chunked chunk=0 chunks=5 queued=1
08-07 13:37:47.234  8720  8720 I SpectrePeripheral: event=notify_chunk char=enrichment chunk=1 plainBytes=200 bytes=222
08-07 13:37:47.235  8720  8720 I SpectrePeripheral: event=notify_queued peer=xx:7A:39 char=enrichment bytes=222 label=chunked chunk=1 chunks=5 queued=2
08-07 13:37:47.235  8720  8720 I SpectrePeripheral: event=notify_chunk char=enrichment chunk=2 plainBytes=200 bytes=222
08-07 13:37:47.235  8720  8720 I SpectrePeripheral: event=notify_queued peer=xx:7A:39 char=enrichment bytes=222 label=chunked chunk=2 chunks=5 queued=3
08-07 13:37:47.235  8720  8720 I SpectrePeripheral: event=notify_chunk char=enrichment chunk=3 plainBytes=200 bytes=222
08-07 13:37:47.235  8720  8720 I SpectrePeripheral: event=notify_queued peer=xx:7A:39 char=enrichment bytes=222 label=chunked chunk=3 chunks=5 queued=4
08-07 13:37:47.235  8720  8720 I SpectrePeripheral: event=notify_chunk char=enrichment chunk=4 plainBytes=46 bytes=68
08-07 13:37:47.236  8720  8720 I SpectrePeripheral: event=notify_queued peer=xx:7A:39 char=enrichment bytes=68 label=chunked chunk=4 chunks=5 queued=5
08-07 13:37:47.236  8720  8720 I SpectrePeripheral: event=notify_sent peer=xx:7A:39 status=success remaining=5
08-07 13:37:47.236  8720  8720 I SpectrePeripheral: event=notify_send reason=sent peer=xx:7A:39 char=enrichment bytes=222 label=chunked chunk=0 chunks=5 remaining=4
08-07 13:37:47.237  8720  8720 I SpectrePeripheral: event=notify_sent peer=xx:7A:39 status=success remaining=4
08-07 13:37:47.312  8720  8720 I SpectrePeripheral: event=notify_send reason=sent_paced peer=xx:7A:39 char=enrichment bytes=222 label=chunked chunk=1 chunks=5 remaining=3
08-07 13:37:47.313  8720  8720 I SpectrePeripheral: event=notify_sent peer=xx:7A:39 status=success remaining=3
08-07 13:37:47.392  8720  8720 I SpectrePeripheral: event=notify_send reason=sent_paced peer=xx:7A:39 char=enrichment bytes=222 label=chunked chunk=2 chunks=5 remaining=2
08-07 13:37:47.395  8720  8720 I SpectrePeripheral: event=notify_sent peer=xx:7A:39 status=success remaining=2
08-07 13:37:47.472  8720  8720 I SpectrePeripheral: event=notify_send reason=sent_paced peer=xx:7A:39 char=enrichment bytes=222 label=chunked chunk=3 chunks=5 remaining=1
08-07 13:37:47.475  8720  8720 I SpectrePeripheral: event=notify_sent peer=xx:7A:39 status=success remaining=1
08-07 13:37:47.550  8720  8720 I SpectrePeripheral: event=notify_send reason=sent_paced peer=xx:7A:39 char=enrichment bytes=68 label=chunked chunk=4 chunks=5 remaining=0
08-07 13:37:47.553  8720  8720 I SpectrePeripheral: event=notify_sent peer=xx:7A:39 status=success remaining=0
08-07 13:37:47.749  8720  8720 I SpectrePeripheral: event=char_write peer=xx:7A:39 char=event_batch requestId=298 offset=0 chunkBytes=202 totalBytes=202 prepared=false responseNeeded=true
08-07 13:37:47.751  8720  8720 I SpectrePeripheral: event=event_batch_received peer=xx:7A:39 cipherBytes=202 plainBytes=180 recordsEstimate=18 sessionId=0 batchId=0 totalBatches=104
08-07 13:37:47.891  8720  8731 I SpectrePeripheral: event=char_read peer=xx:7A:39 char=control requestId=299 offset=0 valueBytes=26 responseBytes=26
08-07 13:37:47.923  8720  8720 I SpectrePeripheral: event=update_value char=control bytes=4
08-07 13:37:47.923  8720  8720 I SpectrePeripheral: event=notify_requested char=control bytes=26 connected=1
08-07 13:37:47.924  8720  8747 I ReactNativeJS: [SpectreEnrich] batch events=18 matched=0 skipped=18 history=188 firstEvent=1783071637000 lastEvent=1783140391000 oldestHistory=1783461501000 newestHistory=1786126571866 nearestDriftMin=321110000 nearestDriftMax=389864000 nearestFixFirst=1783461501000 nativeRecorder=1
08-07 13:37:47.925  8720  8720 I SpectrePeripheral: event=notify_queued peer=xx:7A:39 char=control bytes=26 label=value chunk=0 chunks=1 queued=1
08-07 13:37:47.925  8720  8720 I SpectrePeripheral: event=notify_send reason=enqueue peer=xx:7A:39 char=control bytes=26 label=value chunk=0 chunks=1 remaining=0
08-07 13:37:47.925  8720  8720 I SpectrePeripheral: event=secure_value_updated char=control channel=2 plainBytes=4 cipherBytes=26 notify=true
08-07 13:37:47.926  8720  8720 W SpectrePeripheral: event=enrichment_response_unframed records=18 pendingRecords=18 sessionId=0 batchId=0
08-07 13:37:47.926  8720  8720 I SpectrePeripheral: event=notify_chunked char=enrichment plainBytes=846 chunks=5 chunkPlainMax=200
08-07 13:37:47.927  8720  8720 I SpectrePeripheral: event=notify_chunk char=enrichment chunk=0 plainBytes=200 bytes=222
08-07 13:37:47.928  8720  8720 I SpectrePeripheral: event=notify_queued peer=xx:7A:39 char=enrichment bytes=222 label=chunked chunk=0 chunks=5 queued=1
08-07 13:37:47.928  8720  8720 I SpectrePeripheral: event=notify_chunk char=enrichment chunk=1 plainBytes=200 bytes=222
08-07 13:37:47.928  8720  8720 I SpectrePeripheral: event=notify_queued peer=xx:7A:39 char=enrichment bytes=222 label=chunked chunk=1 chunks=5 queued=2
08-07 13:37:47.928  8720  8720 I SpectrePeripheral: event=notify_chunk char=enrichment chunk=2 plainBytes=200 bytes=222
08-07 13:37:47.929  8720  8720 I SpectrePeripheral: event=notify_queued peer=xx:7A:39 char=enrichment bytes=222 label=chunked chunk=2 chunks=5 queued=3
08-07 13:37:47.929  8720  8720 I SpectrePeripheral: event=notify_chunk char=enrichment chunk=3 plainBytes=200 bytes=222
08-07 13:37:47.929  8720  8720 I SpectrePeripheral: event=notify_queued peer=xx:7A:39 char=enrichment bytes=222 label=chunked chunk=3 chunks=5 queued=4
08-07 13:37:47.929  8720  8720 I SpectrePeripheral: event=notify_chunk char=enrichment chunk=4 plainBytes=46 bytes=68
08-07 13:37:47.930  8720  8720 I SpectrePeripheral: event=notify_queued peer=xx:7A:39 char=enrichment bytes=68 label=chunked chunk=4 chunks=5 queued=5
08-07 13:37:47.930  8720  8720 I SpectrePeripheral: event=notify_sent peer=xx:7A:39 status=success remaining=5
08-07 13:37:47.931  8720  8720 I SpectrePeripheral: event=notify_send reason=sent peer=xx:7A:39 char=enrichment bytes=222 label=chunked chunk=0 chunks=5 remaining=4
08-07 13:37:47.940  8720  8720 I SpectrePeripheral: event=notify_sent peer=xx:7A:39 status=success remaining=4
08-07 13:37:48.017  8720  8720 I SpectrePeripheral: event=notify_send reason=sent_paced peer=xx:7A:39 char=enrichment bytes=222 label=chunked chunk=1 chunks=5 remaining=3
08-07 13:37:48.018  8720  8720 I SpectrePeripheral: event=notify_sent peer=xx:7A:39 status=success remaining=3
08-07 13:37:48.093  8720  8720 I SpectrePeripheral: event=notify_send reason=sent_paced peer=xx:7A:39 char=enrichment bytes=222 label=chunked chunk=2 chunks=5 remaining=2
08-07 13:37:48.093  8720  8720 I SpectrePeripheral: event=notify_sent peer=xx:7A:39 status=success remaining=2
08-07 13:37:48.170  8720  8720 I SpectrePeripheral: event=notify_send reason=sent_paced peer=xx:7A:39 char=enrichment bytes=222 label=chunked chunk=3 chunks=5 remaining=1
08-07 13:37:48.172  8720  8720 I SpectrePeripheral: event=notify_sent peer=xx:7A:39 status=success remaining=1
08-07 13:37:48.249  8720  8720 I SpectrePeripheral: event=notify_send reason=sent_paced peer=xx:7A:39 char=enrichment bytes=68 label=chunked chunk=4 chunks=5 remaining=0
08-07 13:37:48.251  8720  8720 I SpectrePeripheral: event=notify_sent peer=xx:7A:39 status=success remaining=0
08-07 13:37:48.528  8720  8720 I SpectrePeripheral: event=char_write peer=xx:7A:39 char=event_batch requestId=300 offset=0 chunkBytes=202 totalBytes=202 prepared=false responseNeeded=true
08-07 13:37:48.529  8720  8720 I SpectrePeripheral: event=event_batch_received peer=xx:7A:39 cipherBytes=202 plainBytes=180 recordsEstimate=18 sessionId=0 batchId=0 totalBatches=105
08-07 13:37:48.696  8720  8747 I ReactNativeJS: [SpectreEnrich] batch events=18 matched=0 skipped=18 history=188 firstEvent=1783072392000 lastEvent=1783141063000 oldestHistory=1783461501000 newestHistory=1786126571866 nearestDriftMin=320438000 nearestDriftMax=389109000 nearestFixFirst=1783461501000 nativeRecorder=1
08-07 13:37:48.697  8720  8720 I SpectrePeripheral: event=update_value char=control bytes=4
08-07 13:37:48.697  8720  8720 I SpectrePeripheral: event=notify_requested char=control bytes=26 connected=1
08-07 13:37:48.698  8720  8720 I SpectrePeripheral: event=notify_queued peer=xx:7A:39 char=control bytes=26 label=value chunk=0 chunks=1 queued=1
08-07 13:37:48.698  8720  8720 I SpectrePeripheral: event=notify_send reason=enqueue peer=xx:7A:39 char=control bytes=26 label=value chunk=0 chunks=1 remaining=0
08-07 13:37:48.699  8720  8720 I SpectrePeripheral: event=secure_value_updated char=control channel=2 plainBytes=4 cipherBytes=26 notify=true
08-07 13:37:48.699  8720  8720 W SpectrePeripheral: event=enrichment_response_unframed records=18 pendingRecords=18 sessionId=0 batchId=0
08-07 13:37:48.699  8720  8720 I SpectrePeripheral: event=notify_chunked char=enrichment plainBytes=846 chunks=5 chunkPlainMax=200
08-07 13:37:48.699  8720  8720 I SpectrePeripheral: event=notify_chunk char=enrichment chunk=0 plainBytes=200 bytes=222
08-07 13:37:48.699  8720  8720 I SpectrePeripheral: event=notify_queued peer=xx:7A:39 char=enrichment bytes=222 label=chunked chunk=0 chunks=5 queued=1
08-07 13:37:48.699  8720  8720 I SpectrePeripheral: event=notify_chunk char=enrichment chunk=1 plainBytes=200 bytes=222
08-07 13:37:48.699  8720  8720 I SpectrePeripheral: event=notify_queued peer=xx:7A:39 char=enrichment bytes=222 label=chunked chunk=1 chunks=5 queued=2
08-07 13:37:48.699  8720  8720 I SpectrePeripheral: event=notify_chunk char=enrichment chunk=2 plainBytes=200 bytes=222
08-07 13:37:48.700  8720  8720 I SpectrePeripheral: event=notify_queued peer=xx:7A:39 char=enrichment bytes=222 label=chunked chunk=2 chunks=5 queued=3
08-07 13:37:48.700  8720  8720 I SpectrePeripheral: event=notify_chunk char=enrichment chunk=3 plainBytes=200 bytes=222
08-07 13:37:48.700  8720  8720 I SpectrePeripheral: event=notify_queued peer=xx:7A:39 char=enrichment bytes=222 label=chunked chunk=3 chunks=5 queued=4
08-07 13:37:48.700  8720  8720 I SpectrePeripheral: event=notify_chunk char=enrichment chunk=4 plainBytes=46 bytes=68
08-07 13:37:48.700  8720  8720 I SpectrePeripheral: event=notify_queued peer=xx:7A:39 char=enrichment bytes=68 label=chunked chunk=4 chunks=5 queued=5
08-07 13:37:48.701  8720  8720 I SpectrePeripheral: event=notify_sent peer=xx:7A:39 status=success remaining=5
08-07 13:37:48.701  8720  8720 I SpectrePeripheral: event=notify_send reason=sent peer=xx:7A:39 char=enrichment bytes=222 label=chunked chunk=0 chunks=5 remaining=4
08-07 13:37:48.705  8720  8720 I SpectrePeripheral: event=notify_sent peer=xx:7A:39 status=success remaining=4
08-07 13:37:48.781  8720  8720 I SpectrePeripheral: event=notify_send reason=sent_paced peer=xx:7A:39 char=enrichment bytes=222 label=chunked chunk=1 chunks=5 remaining=3
08-07 13:37:48.783  8720  8720 I SpectrePeripheral: event=notify_sent peer=xx:7A:39 status=success remaining=3
08-07 13:37:48.860  8720  8720 I SpectrePeripheral: event=notify_send reason=sent_paced peer=xx:7A:39 char=enrichment bytes=222 label=chunked chunk=2 chunks=5 remaining=2
08-07 13:37:48.863  8720  8720 I SpectrePeripheral: event=notify_sent peer=xx:7A:39 status=success remaining=2
08-07 13:37:48.940  8720  8720 I SpectrePeripheral: event=notify_send reason=sent_paced peer=xx:7A:39 char=enrichment bytes=222 label=chunked chunk=3 chunks=5 remaining=1
08-07 13:37:48.944  8720  8720 I SpectrePeripheral: event=notify_sent peer=xx:7A:39 status=success remaining=1
08-07 13:37:49.019  8720  8720 I SpectrePeripheral: event=notify_send reason=sent_paced peer=xx:7A:39 char=enrichment bytes=68 label=chunked chunk=4 chunks=5 remaining=0
08-07 13:37:49.022  8720  8720 I SpectrePeripheral: event=notify_sent peer=xx:7A:39 status=success remaining=0
08-07 13:37:49.275  8720  8720 I SpectrePeripheral: event=char_write peer=xx:7A:39 char=event_batch requestId=301 offset=0 chunkBytes=202 totalBytes=202 prepared=false responseNeeded=true
08-07 13:37:49.276  8720  8720 I SpectrePeripheral: event=event_batch_received peer=xx:7A:39 cipherBytes=202 plainBytes=180 recordsEstimate=18 sessionId=0 batchId=0 totalBatches=106
08-07 13:37:49.446  8720  8720 I SpectrePeripheral: event=update_value char=control bytes=4
08-07 13:37:49.447  8720  8720 I SpectrePeripheral: event=notify_requested char=control bytes=26 connected=1
08-07 13:37:49.448  8720  8747 I ReactNativeJS: [SpectreEnrich] batch events=18 matched=0 skipped=18 history=188 firstEvent=1783073156000 lastEvent=1783141543000 oldestHistory=1783461501000 newestHistory=1786126571866 nearestDriftMin=319958000 nearestDriftMax=388345000 nearestFixFirst=1783461501000 nativeRecorder=1
08-07 13:37:49.448  8720  8720 I SpectrePeripheral: event=notify_queued peer=xx:7A:39 char=control bytes=26 label=value chunk=0 chunks=1 queued=1
08-07 13:37:49.449  8720  8720 I SpectrePeripheral: event=notify_send reason=enqueue peer=xx:7A:39 char=control bytes=26 label=value chunk=0 chunks=1 remaining=0
08-07 13:37:49.450  8720  8720 I SpectrePeripheral: event=secure_value_updated char=control channel=2 plainBytes=4 cipherBytes=26 notify=true
08-07 13:37:49.450  8720  8720 W SpectrePeripheral: event=enrichment_response_unframed records=18 pendingRecords=18 sessionId=0 batchId=0
08-07 13:37:49.450  8720  8720 I SpectrePeripheral: event=notify_chunked char=enrichment plainBytes=846 chunks=5 chunkPlainMax=200
08-07 13:37:49.450  8720  8720 I SpectrePeripheral: event=notify_chunk char=enrichment chunk=0 plainBytes=200 bytes=222
08-07 13:37:49.451  8720  8720 I SpectrePeripheral: event=notify_queued peer=xx:7A:39 char=enrichment bytes=222 label=chunked chunk=0 chunks=5 queued=1
08-07 13:37:49.451  8720  8720 I SpectrePeripheral: event=notify_chunk char=enrichment chunk=1 plainBytes=200 bytes=222
08-07 13:37:49.451  8720  8720 I SpectrePeripheral: event=notify_queued peer=xx:7A:39 char=enrichment bytes=222 label=chunked chunk=1 chunks=5 queued=2
08-07 13:37:49.451  8720  8720 I SpectrePeripheral: event=notify_chunk char=enrichment chunk=2 plainBytes=200 bytes=222
08-07 13:37:49.452  8720  8720 I SpectrePeripheral: event=notify_queued peer=xx:7A:39 char=enrichment bytes=222 label=chunked chunk=2 chunks=5 queued=3
08-07 13:37:49.452  8720  8720 I SpectrePeripheral: event=notify_chunk char=enrichment chunk=3 plainBytes=200 bytes=222
08-07 13:37:49.452  8720  8720 I SpectrePeripheral: event=notify_queued peer=xx:7A:39 char=enrichment bytes=222 label=chunked chunk=3 chunks=5 queued=4
08-07 13:37:49.452  8720  8720 I SpectrePeripheral: event=notify_chunk char=enrichment chunk=4 plainBytes=46 bytes=68
08-07 13:37:49.453  8720  8720 I SpectrePeripheral: event=notify_queued peer=xx:7A:39 char=enrichment bytes=68 label=chunked chunk=4 chunks=5 queued=5
08-07 13:37:49.453  8720  8720 I SpectrePeripheral: event=notify_sent peer=xx:7A:39 status=success remaining=5
08-07 13:37:49.453  8720  8720 I SpectrePeripheral: event=notify_send reason=sent peer=xx:7A:39 char=enrichment bytes=222 label=chunked chunk=0 chunks=5 remaining=4
08-07 13:37:49.455  8720  8720 I SpectrePeripheral: event=notify_sent peer=xx:7A:39 status=success remaining=4
08-07 13:37:49.531  8720  8720 I SpectrePeripheral: event=notify_send reason=sent_paced peer=xx:7A:39 char=enrichment bytes=222 label=chunked chunk=1 chunks=5 remaining=3
08-07 13:37:49.533  8720  8720 I SpectrePeripheral: event=notify_sent peer=xx:7A:39 status=success remaining=3
08-07 13:37:49.609  8720  8720 I SpectrePeripheral: event=notify_send reason=sent_paced peer=xx:7A:39 char=enrichment bytes=222 label=chunked chunk=2 chunks=5 remaining=2
08-07 13:37:49.612  8720  8720 I SpectrePeripheral: event=notify_sent peer=xx:7A:39 status=success remaining=2
08-07 13:37:49.687  8720  8720 I SpectrePeripheral: event=notify_send reason=sent_paced peer=xx:7A:39 char=enrichment bytes=222 label=chunked chunk=3 chunks=5 remaining=1
08-07 13:37:49.690  8720  8720 I SpectrePeripheral: event=notify_sent peer=xx:7A:39 status=success remaining=1
08-07 13:37:49.765  8720  8720 I SpectrePeripheral: event=notify_send reason=sent_paced peer=xx:7A:39 char=enrichment bytes=68 label=chunked chunk=4 chunks=5 remaining=0
08-07 13:37:49.767  8720  8720 I SpectrePeripheral: event=notify_sent peer=xx:7A:39 status=success remaining=0
08-07 13:37:50.051  8720  8732 I SpectrePeripheral: event=char_read peer=xx:7A:39 char=control requestId=302 offset=0 valueBytes=26 responseBytes=26
08-07 13:37:50.116  8720  8720 I SpectrePeripheral: event=char_write peer=xx:7A:39 char=event_batch requestId=303 offset=0 chunkBytes=202 totalBytes=202 prepared=false responseNeeded=true
08-07 13:37:50.118  8720  8720 I SpectrePeripheral: event=event_batch_received peer=xx:7A:39 cipherBytes=202 plainBytes=180 recordsEstimate=18 sessionId=0 batchId=0 totalBatches=107
08-07 13:37:50.297  8720  8747 I ReactNativeJS: [SpectreEnrich] batch events=18 matched=0 skipped=18 history=188 firstEvent=1783073580000 lastEvent=1783142184000 oldestHistory=1783461501000 newestHistory=1786126571866 nearestDriftMin=319317000 nearestDriftMax=387921000 nearestFixFirst=1783461501000 nativeRecorder=1
08-07 13:37:50.297  8720  8720 I SpectrePeripheral: event=update_value char=control bytes=4
08-07 13:37:50.298  8720  8720 I SpectrePeripheral: event=notify_requested char=control bytes=26 connected=1
08-07 13:37:50.299  8720  8720 I SpectrePeripheral: event=notify_queued peer=xx:7A:39 char=control bytes=26 label=value chunk=0 chunks=1 queued=1
08-07 13:37:50.299  8720  8720 I SpectrePeripheral: event=notify_send reason=enqueue peer=xx:7A:39 char=control bytes=26 label=value chunk=0 chunks=1 remaining=0
08-07 13:37:50.300  8720  8720 I SpectrePeripheral: event=secure_value_updated char=control channel=2 plainBytes=4 cipherBytes=26 notify=true
08-07 13:37:50.300  8720  8720 W SpectrePeripheral: event=enrichment_response_unframed records=18 pendingRecords=18 sessionId=0 batchId=0
08-07 13:37:50.300  8720  8720 I SpectrePeripheral: event=notify_chunked char=enrichment plainBytes=846 chunks=5 chunkPlainMax=200
08-07 13:37:50.300  8720  8720 I SpectrePeripheral: event=notify_chunk char=enrichment chunk=0 plainBytes=200 bytes=222
08-07 13:37:50.300  8720  8720 I SpectrePeripheral: event=notify_queued peer=xx:7A:39 char=enrichment bytes=222 label=chunked chunk=0 chunks=5 queued=1
08-07 13:37:50.300  8720  8720 I SpectrePeripheral: event=notify_chunk char=enrichment chunk=1 plainBytes=200 bytes=222
08-07 13:37:50.301  8720  8720 I SpectrePeripheral: event=notify_queued peer=xx:7A:39 char=enrichment bytes=222 label=chunked chunk=1 chunks=5 queued=2
08-07 13:37:50.301  8720  8720 I SpectrePeripheral: event=notify_chunk char=enrichment chunk=2 plainBytes=200 bytes=222
08-07 13:37:50.301  8720  8720 I SpectrePeripheral: event=notify_queued peer=xx:7A:39 char=enrichment bytes=222 label=chunked chunk=2 chunks=5 queued=3
08-07 13:37:50.301  8720  8720 I SpectrePeripheral: event=notify_chunk char=enrichment chunk=3 plainBytes=200 bytes=222
08-07 13:37:50.302  8720  8720 I SpectrePeripheral: event=notify_queued peer=xx:7A:39 char=enrichment bytes=222 label=chunked chunk=3 chunks=5 queued=4
08-07 13:37:50.302  8720  8720 I SpectrePeripheral: event=notify_chunk char=enrichment chunk=4 plainBytes=46 bytes=68
08-07 13:37:50.302  8720  8720 I SpectrePeripheral: event=notify_queued peer=xx:7A:39 char=enrichment bytes=68 label=chunked chunk=4 chunks=5 queued=5
08-07 13:37:50.303  8720  8720 I SpectrePeripheral: event=notify_sent peer=xx:7A:39 status=success remaining=5
08-07 13:37:50.303  8720  8720 I SpectrePeripheral: event=notify_send reason=sent peer=xx:7A:39 char=enrichment bytes=222 label=chunked chunk=0 chunks=5 remaining=4
08-07 13:37:50.304  8720  8720 I SpectrePeripheral: event=notify_sent peer=xx:7A:39 status=success remaining=4
08-07 13:37:50.380  8720  8720 I SpectrePeripheral: event=notify_send reason=sent_paced peer=xx:7A:39 char=enrichment bytes=222 label=chunked chunk=1 chunks=5 remaining=3
08-07 13:37:50.381  8720  8720 I SpectrePeripheral: event=notify_sent peer=xx:7A:39 status=success remaining=3
08-07 13:37:50.464  8720  8720 I SpectrePeripheral: event=notify_send reason=sent_paced peer=xx:7A:39 char=enrichment bytes=222 label=chunked chunk=2 chunks=5 remaining=2
08-07 13:37:50.467  8720  8720 I SpectrePeripheral: event=notify_sent peer=xx:7A:39 status=success remaining=2
08-07 13:37:50.544  8720  8720 I SpectrePeripheral: event=notify_send reason=sent_paced peer=xx:7A:39 char=enrichment bytes=222 label=chunked chunk=3 chunks=5 remaining=1
08-07 13:37:50.547  8720  8720 I SpectrePeripheral: event=notify_sent peer=xx:7A:39 status=success remaining=1
08-07 13:37:50.622  8720  8720 I SpectrePeripheral: event=notify_send reason=sent_paced peer=xx:7A:39 char=enrichment bytes=68 label=chunked chunk=4 chunks=5 remaining=0
08-07 13:37:50.625  8720  8720 I SpectrePeripheral: event=notify_sent peer=xx:7A:39 status=success remaining=0
08-07 13:37:50.962  8720  8720 I SpectrePeripheral: event=char_write peer=xx:7A:39 char=event_batch requestId=304 offset=0 chunkBytes=202 totalBytes=202 prepared=false responseNeeded=true
08-07 13:37:50.964  8720  8720 I SpectrePeripheral: event=event_batch_received peer=xx:7A:39 cipherBytes=202 plainBytes=180 recordsEstimate=18 sessionId=0 batchId=0 totalBatches=108
08-07 13:37:51.132  8720  8747 I ReactNativeJS: [SpectreEnrich] batch events=18 matched=0 skipped=18 history=188 firstEvent=1783074721000 lastEvent=1783143272000 oldestHistory=1783461501000 newestHistory=1786126571866 nearestDriftMin=318229000 nearestDriftMax=386780000 nearestFixFirst=1783461501000 nativeRecorder=1
08-07 13:37:51.135  8720  8720 I SpectrePeripheral: event=update_value char=control bytes=4
08-07 13:37:51.135  8720  8720 I SpectrePeripheral: event=notify_requested char=control bytes=26 connected=1
08-07 13:37:51.136  8720  8720 I SpectrePeripheral: event=notify_queued peer=xx:7A:39 char=control bytes=26 label=value chunk=0 chunks=1 queued=1
08-07 13:37:51.136  8720  8720 I SpectrePeripheral: event=notify_send reason=enqueue peer=xx:7A:39 char=control bytes=26 label=value chunk=0 chunks=1 remaining=0
08-07 13:37:51.137  8720  8720 I SpectrePeripheral: event=secure_value_updated char=control channel=2 plainBytes=4 cipherBytes=26 notify=true
08-07 13:37:51.137  8720  8720 W SpectrePeripheral: event=enrichment_response_unframed records=18 pendingRecords=18 sessionId=0 batchId=0
08-07 13:37:51.137  8720  8720 I SpectrePeripheral: event=notify_chunked char=enrichment plainBytes=846 chunks=5 chunkPlainMax=200
08-07 13:37:51.137  8720  8720 I SpectrePeripheral: event=notify_chunk char=enrichment chunk=0 plainBytes=200 bytes=222
08-07 13:37:51.137  8720  8720 I SpectrePeripheral: event=notify_queued peer=xx:7A:39 char=enrichment bytes=222 label=chunked chunk=0 chunks=5 queued=1
08-07 13:37:51.137  8720  8720 I SpectrePeripheral: event=notify_chunk char=enrichment chunk=1 plainBytes=200 bytes=222
08-07 13:37:51.137  8720  8720 I SpectrePeripheral: event=notify_queued peer=xx:7A:39 char=enrichment bytes=222 label=chunked chunk=1 chunks=5 queued=2
08-07 13:37:51.137  8720  8720 I SpectrePeripheral: event=notify_chunk char=enrichment chunk=2 plainBytes=200 bytes=222
08-07 13:37:51.138  8720  8720 I SpectrePeripheral: event=notify_queued peer=xx:7A:39 char=enrichment bytes=222 label=chunked chunk=2 chunks=5 queued=3
08-07 13:37:51.138  8720  8720 I SpectrePeripheral: event=notify_chunk char=enrichment chunk=3 plainBytes=200 bytes=222
08-07 13:37:51.138  8720  8720 I SpectrePeripheral: event=notify_queued peer=xx:7A:39 char=enrichment bytes=222 label=chunked chunk=3 chunks=5 queued=4
08-07 13:37:51.138  8720  8720 I SpectrePeripheral: event=notify_chunk char=enrichment chunk=4 plainBytes=46 bytes=68
08-07 13:37:51.139  8720  8720 I SpectrePeripheral: event=notify_queued peer=xx:7A:39 char=enrichment bytes=68 label=chunked chunk=4 chunks=5 queued=5
08-07 13:37:51.139  8720  8720 I SpectrePeripheral: event=notify_sent peer=xx:7A:39 status=success remaining=5
08-07 13:37:51.139  8720  8720 I SpectrePeripheral: event=notify_send reason=sent peer=xx:7A:39 char=enrichment bytes=222 label=chunked chunk=0 chunks=5 remaining=4
08-07 13:37:51.145  8720  8720 I SpectrePeripheral: event=notify_sent peer=xx:7A:39 status=success remaining=4
08-07 13:37:51.222  8720  8720 I SpectrePeripheral: event=notify_send reason=sent_paced peer=xx:7A:39 char=enrichment bytes=222 label=chunked chunk=1 chunks=5 remaining=3
08-07 13:37:51.224  8720  8720 I SpectrePeripheral: event=notify_sent peer=xx:7A:39 status=success remaining=3
08-07 13:37:51.301  8720  8720 I SpectrePeripheral: event=notify_send reason=sent_paced peer=xx:7A:39 char=enrichment bytes=222 label=chunked chunk=2 chunks=5 remaining=2
08-07 13:37:51.303  8720  8720 I SpectrePeripheral: event=notify_sent peer=xx:7A:39 status=success remaining=2
08-07 13:37:51.380  8720  8720 I SpectrePeripheral: event=notify_send reason=sent_paced peer=xx:7A:39 char=enrichment bytes=222 label=chunked chunk=3 chunks=5 remaining=1
08-07 13:37:51.382  8720  8720 I SpectrePeripheral: event=notify_sent peer=xx:7A:39 status=success remaining=1
08-07 13:37:51.459  8720  8720 I SpectrePeripheral: event=notify_send reason=sent_paced peer=xx:7A:39 char=enrichment bytes=68 label=chunked chunk=4 chunks=5 remaining=0
08-07 13:37:51.464  8720  8720 I SpectrePeripheral: event=notify_sent peer=xx:7A:39 status=success remaining=0
08-07 13:37:51.706  8720  8720 I SpectrePeripheral: event=char_write peer=xx:7A:39 char=event_batch requestId=305 offset=0 chunkBytes=202 totalBytes=202 prepared=false responseNeeded=true
08-07 13:37:51.707  8720  8720 I SpectrePeripheral: event=event_batch_received peer=xx:7A:39 cipherBytes=202 plainBytes=180 recordsEstimate=18 sessionId=0 batchId=0 totalBatches=109
08-07 13:37:51.885  8720  8720 I SpectrePeripheral: event=update_value char=control bytes=4
08-07 13:37:51.885  8720  8720 I SpectrePeripheral: event=notify_requested char=control bytes=26 connected=1
08-07 13:37:51.886  8720  8720 I SpectrePeripheral: event=notify_queued peer=xx:7A:39 char=control bytes=26 label=value chunk=0 chunks=1 queued=1
08-07 13:37:51.886  8720  8747 I ReactNativeJS: [SpectreEnrich] batch events=18 matched=0 skipped=18 history=188 firstEvent=1783075459000 lastEvent=1783144264000 oldestHistory=1783461501000 newestHistory=1786126571866 nearestDriftMin=317237000 nearestDriftMax=386042000 nearestFixFirst=1783461501000 nativeRecorder=1
08-07 13:37:51.886  8720  8720 I SpectrePeripheral: event=notify_send reason=enqueue peer=xx:7A:39 char=control bytes=26 label=value chunk=0 chunks=1 remaining=0
08-07 13:37:51.887  8720  8720 I SpectrePeripheral: event=secure_value_updated char=control channel=2 plainBytes=4 cipherBytes=26 notify=true
08-07 13:37:51.888  8720  8720 I SpectrePeripheral: event=notify_sent peer=xx:7A:39 status=success remaining=0
08-07 13:37:51.888  8720  8720 W SpectrePeripheral: event=enrichment_response_unframed records=18 pendingRecords=18 sessionId=0 batchId=0
08-07 13:37:51.888  8720  8720 I SpectrePeripheral: event=notify_chunked char=enrichment plainBytes=846 chunks=5 chunkPlainMax=200
08-07 13:37:51.888  8720  8720 I SpectrePeripheral: event=notify_chunk char=enrichment chunk=0 plainBytes=200 bytes=222
08-07 13:37:51.888  8720  8720 I SpectrePeripheral: event=notify_queued peer=xx:7A:39 char=enrichment bytes=222 label=chunked chunk=0 chunks=5 queued=1
08-07 13:37:51.889  8720  8720 I SpectrePeripheral: event=notify_send reason=enqueue peer=xx:7A:39 char=enrichment bytes=222 label=chunked chunk=0 chunks=5 remaining=0
08-07 13:37:51.889  8720  8720 I SpectrePeripheral: event=notify_chunk char=enrichment chunk=1 plainBytes=200 bytes=222
08-07 13:37:51.889  8720  8720 I SpectrePeripheral: event=notify_queued peer=xx:7A:39 char=enrichment bytes=222 label=chunked chunk=1 chunks=5 queued=1
08-07 13:37:51.889  8720  8720 I SpectrePeripheral: event=notify_chunk char=enrichment chunk=2 plainBytes=200 bytes=222
08-07 13:37:51.889  8720  8720 I SpectrePeripheral: event=notify_queued peer=xx:7A:39 char=enrichment bytes=222 label=chunked chunk=2 chunks=5 queued=2
08-07 13:37:51.889  8720  8720 I SpectrePeripheral: event=notify_chunk char=enrichment chunk=3 plainBytes=200 bytes=222
08-07 13:37:51.890  8720  8720 I SpectrePeripheral: event=notify_queued peer=xx:7A:39 char=enrichment bytes=222 label=chunked chunk=3 chunks=5 queued=3
08-07 13:37:51.890  8720  8720 I SpectrePeripheral: event=notify_chunk char=enrichment chunk=4 plainBytes=46 bytes=68
08-07 13:37:51.890  8720  8720 I SpectrePeripheral: event=notify_queued peer=xx:7A:39 char=enrichment bytes=68 label=chunked chunk=4 chunks=5 queued=4
08-07 13:37:51.890  8720  8720 I SpectrePeripheral: event=notify_sent peer=xx:7A:39 status=success remaining=4
08-07 13:37:51.967  8720  8720 I SpectrePeripheral: event=notify_send reason=sent_paced peer=xx:7A:39 char=enrichment bytes=222 label=chunked chunk=1 chunks=5 remaining=3
08-07 13:37:51.970  8720  8720 I SpectrePeripheral: event=notify_sent peer=xx:7A:39 status=success remaining=3
08-07 13:37:52.000  8720  8732 I SpectrePeripheral: event=char_read peer=xx:7A:39 char=gps requestId=306 offset=0 valueBytes=42 responseBytes=42
08-07 13:37:52.045  8720  8720 I SpectrePeripheral: event=notify_send reason=sent_paced peer=xx:7A:39 char=enrichment bytes=222 label=chunked chunk=2 chunks=5 remaining=2
08-07 13:37:52.048  8720  8720 I SpectrePeripheral: event=notify_sent peer=xx:7A:39 status=success remaining=2
08-07 13:37:52.125  8720  8720 I SpectrePeripheral: event=notify_send reason=sent_paced peer=xx:7A:39 char=enrichment bytes=222 label=chunked chunk=3 chunks=5 remaining=1
08-07 13:37:52.127  8720  8720 I SpectrePeripheral: event=notify_sent peer=xx:7A:39 status=success remaining=1
08-07 13:37:52.180  8720  8732 I SpectrePeripheral: event=char_read peer=xx:7A:39 char=control requestId=307 offset=0 valueBytes=26 responseBytes=26
08-07 13:37:52.201  8720  8720 I SpectrePeripheral: event=notify_send reason=sent_paced peer=xx:7A:39 char=enrichment bytes=68 label=chunked chunk=4 chunks=5 remaining=0
08-07 13:37:52.202  8720  8720 I SpectrePeripheral: event=notify_sent peer=xx:7A:39 status=success remaining=0
08-07 13:37:52.487  8720  8720 I SpectrePeripheral: event=char_write peer=xx:7A:39 char=event_batch requestId=308 offset=0 chunkBytes=202 totalBytes=202 prepared=false responseNeeded=true
08-07 13:37:52.488  8720  8720 I SpectrePeripheral: event=event_batch_received peer=xx:7A:39 cipherBytes=202 plainBytes=180 recordsEstimate=18 sessionId=0 batchId=0 totalBatches=110
08-07 13:37:52.667  8720  8720 I SpectrePeripheral: event=update_value char=control bytes=4
08-07 13:37:52.668  8720  8720 I SpectrePeripheral: event=notify_requested char=control bytes=26 connected=1
08-07 13:37:52.669  8720  8747 I ReactNativeJS: [SpectreEnrich] batch events=18 matched=0 skipped=18 history=188 firstEvent=1783076473000 lastEvent=1783145064000 oldestHistory=1783461501000 newestHistory=1786126571866 nearestDriftMin=316437000 nearestDriftMax=385028000 nearestFixFirst=1783461501000 nativeRecorder=1
08-07 13:37:52.669  8720  8720 I SpectrePeripheral: event=notify_queued peer=xx:7A:39 char=control bytes=26 label=value chunk=0 chunks=1 queued=1
08-07 13:37:52.670  8720  8720 I SpectrePeripheral: event=notify_send reason=enqueue peer=xx:7A:39 char=control bytes=26 label=value chunk=0 chunks=1 remaining=0
08-07 13:37:52.671  8720  8720 I SpectrePeripheral: event=secure_value_updated char=control channel=2 plainBytes=4 cipherBytes=26 notify=true
08-07 13:37:52.671  8720  8720 W SpectrePeripheral: event=enrichment_response_unframed records=18 pendingRecords=18 sessionId=0 batchId=0
08-07 13:37:52.671  8720  8720 I SpectrePeripheral: event=notify_chunked char=enrichment plainBytes=846 chunks=5 chunkPlainMax=200
08-07 13:37:52.671  8720  8720 I SpectrePeripheral: event=notify_chunk char=enrichment chunk=0 plainBytes=200 bytes=222
08-07 13:37:52.671  8720  8720 I SpectrePeripheral: event=notify_queued peer=xx:7A:39 char=enrichment bytes=222 label=chunked chunk=0 chunks=5 queued=1
08-07 13:37:52.671  8720  8720 I SpectrePeripheral: event=notify_chunk char=enrichment chunk=1 plainBytes=200 bytes=222
08-07 13:37:52.671  8720  8720 I SpectrePeripheral: event=notify_queued peer=xx:7A:39 char=enrichment bytes=222 label=chunked chunk=1 chunks=5 queued=2
08-07 13:37:52.671  8720  8720 I SpectrePeripheral: event=notify_chunk char=enrichment chunk=2 plainBytes=200 bytes=222
08-07 13:37:52.672  8720  8720 I SpectrePeripheral: event=notify_queued peer=xx:7A:39 char=enrichment bytes=222 label=chunked chunk=2 chunks=5 queued=3
08-07 13:37:52.672  8720  8720 I SpectrePeripheral: event=notify_chunk char=enrichment chunk=3 plainBytes=200 bytes=222
08-07 13:37:52.672  8720  8720 I SpectrePeripheral: event=notify_queued peer=xx:7A:39 char=enrichment bytes=222 label=chunked chunk=3 chunks=5 queued=4
08-07 13:37:52.672  8720  8720 I SpectrePeripheral: event=notify_chunk char=enrichment chunk=4 plainBytes=46 bytes=68
08-07 13:37:52.672  8720  8720 I SpectrePeripheral: event=notify_queued peer=xx:7A:39 char=enrichment bytes=68 label=chunked chunk=4 chunks=5 queued=5
08-07 13:37:52.672  8720  8720 I SpectrePeripheral: event=notify_sent peer=xx:7A:39 status=success remaining=5
08-07 13:37:52.673  8720  8720 I SpectrePeripheral: event=notify_send reason=sent peer=xx:7A:39 char=enrichment bytes=222 label=chunked chunk=0 chunks=5 remaining=4
08-07 13:37:52.674  8720  8720 I SpectrePeripheral: event=notify_sent peer=xx:7A:39 status=success remaining=4
08-07 13:37:52.751  8720  8720 I SpectrePeripheral: event=notify_send reason=sent_paced peer=xx:7A:39 char=enrichment bytes=222 label=chunked chunk=1 chunks=5 remaining=3
08-07 13:37:52.753  8720  8720 I SpectrePeripheral: event=notify_sent peer=xx:7A:39 status=success remaining=3
08-07 13:37:52.830  8720  8720 I SpectrePeripheral: event=notify_send reason=sent_paced peer=xx:7A:39 char=enrichment bytes=222 label=chunked chunk=2 chunks=5 remaining=2
08-07 13:37:52.833  8720  8720 I SpectrePeripheral: event=notify_sent peer=xx:7A:39 status=success remaining=2
08-07 13:37:52.910  8720  8720 I SpectrePeripheral: event=notify_send reason=sent_paced peer=xx:7A:39 char=enrichment bytes=222 label=chunked chunk=3 chunks=5 remaining=1
08-07 13:37:52.913  8720  8720 I SpectrePeripheral: event=notify_sent peer=xx:7A:39 status=success remaining=1
08-07 13:37:52.989  8720  8720 I SpectrePeripheral: event=notify_send reason=sent_paced peer=xx:7A:39 char=enrichment bytes=68 label=chunked chunk=4 chunks=5 remaining=0
08-07 13:37:52.992  8720  8720 I SpectrePeripheral: event=notify_sent peer=xx:7A:39 status=success remaining=0
08-07 13:37:53.237  8720  8720 I SpectrePeripheral: event=char_write peer=xx:7A:39 char=event_batch requestId=309 offset=0 chunkBytes=202 totalBytes=202 prepared=false responseNeeded=true
08-07 13:37:53.238  8720  8720 I SpectrePeripheral: event=event_batch_received peer=xx:7A:39 cipherBytes=202 plainBytes=180 recordsEstimate=18 sessionId=0 batchId=0 totalBatches=111
08-07 13:37:53.402  8720  8720 I SpectrePeripheral: event=update_value char=control bytes=4
08-07 13:37:53.403  8720  8720 I SpectrePeripheral: event=notify_requested char=control bytes=26 connected=1
08-07 13:37:53.403  8720  8720 I SpectrePeripheral: event=notify_queued peer=xx:7A:39 char=control bytes=26 label=value chunk=0 chunks=1 queued=1
08-07 13:37:53.403  8720  8720 I SpectrePeripheral: event=notify_send reason=enqueue peer=xx:7A:39 char=control bytes=26 label=value chunk=0 chunks=1 remaining=0
08-07 13:37:53.404  8720  8720 I SpectrePeripheral: event=secure_value_updated char=control channel=2 plainBytes=4 cipherBytes=26 notify=true
08-07 13:37:53.406  8720  8747 I ReactNativeJS: [SpectreEnrich] batch events=18 matched=0 skipped=18 history=188 firstEvent=1783077061000 lastEvent=1783145992000 oldestHistory=1783461501000 newestHistory=1786126571866 nearestDriftMin=315509000 nearestDriftMax=384440000 nearestFixFirst=1783461501000 nativeRecorder=1
08-07 13:37:53.410  8720  8720 I SpectrePeripheral: event=notify_sent peer=xx:7A:39 status=success remaining=0
08-07 13:37:53.410  8720  8720 W SpectrePeripheral: event=enrichment_response_unframed records=18 pendingRecords=18 sessionId=0 batchId=0
08-07 13:37:53.410  8720  8720 I SpectrePeripheral: event=notify_chunked char=enrichment plainBytes=846 chunks=5 chunkPlainMax=200
08-07 13:37:53.410  8720  8720 I SpectrePeripheral: event=notify_chunk char=enrichment chunk=0 plainBytes=200 bytes=222
08-07 13:37:53.410  8720  8720 I SpectrePeripheral: event=notify_queued peer=xx:7A:39 char=enrichment bytes=222 label=chunked chunk=0 chunks=5 queued=1
08-07 13:37:53.410  8720  8720 I SpectrePeripheral: event=notify_send reason=enqueue peer=xx:7A:39 char=enrichment bytes=222 label=chunked chunk=0 chunks=5 remaining=0
08-07 13:37:53.411  8720  8720 I SpectrePeripheral: event=notify_chunk char=enrichment chunk=1 plainBytes=200 bytes=222
08-07 13:37:53.411  8720  8720 I SpectrePeripheral: event=notify_queued peer=xx:7A:39 char=enrichment bytes=222 label=chunked chunk=1 chunks=5 queued=1
08-07 13:37:53.411  8720  8720 I SpectrePeripheral: event=notify_chunk char=enrichment chunk=2 plainBytes=200 bytes=222
08-07 13:37:53.411  8720  8720 I SpectrePeripheral: event=notify_queued peer=xx:7A:39 char=enrichment bytes=222 label=chunked chunk=2 chunks=5 queued=2
08-07 13:37:53.411  8720  8720 I SpectrePeripheral: event=notify_chunk char=enrichment chunk=3 plainBytes=200 bytes=222
08-07 13:37:53.411  8720  8720 I SpectrePeripheral: event=notify_queued peer=xx:7A:39 char=enrichment bytes=222 label=chunked chunk=3 chunks=5 queued=3
08-07 13:37:53.411  8720  8720 I SpectrePeripheral: event=notify_chunk char=enrichment chunk=4 plainBytes=46 bytes=68
08-07 13:37:53.411  8720  8720 I SpectrePeripheral: event=notify_queued peer=xx:7A:39 char=enrichment bytes=68 label=chunked chunk=4 chunks=5 queued=4
08-07 13:37:53.411  8720  8720 I SpectrePeripheral: event=notify_sent peer=xx:7A:39 status=success remaining=4
08-07 13:37:53.488  8720  8720 I SpectrePeripheral: event=notify_send reason=sent_paced peer=xx:7A:39 char=enrichment bytes=222 label=chunked chunk=1 chunks=5 remaining=3
08-07 13:37:53.491  8720  8720 I SpectrePeripheral: event=notify_sent peer=xx:7A:39 status=success remaining=3
08-07 13:37:53.568  8720  8720 I SpectrePeripheral: event=notify_send reason=sent_paced peer=xx:7A:39 char=enrichment bytes=222 label=chunked chunk=2 chunks=5 remaining=2
08-07 13:37:53.570  8720  8720 I SpectrePeripheral: event=notify_sent peer=xx:7A:39 status=success remaining=2
08-07 13:37:53.646  8720  8720 I SpectrePeripheral: event=notify_send reason=sent_paced peer=xx:7A:39 char=enrichment bytes=222 label=chunked chunk=3 chunks=5 remaining=1
08-07 13:37:53.649  8720  8720 I SpectrePeripheral: event=notify_sent peer=xx:7A:39 status=success remaining=1
08-07 13:37:53.725  8720  8720 I SpectrePeripheral: event=notify_send reason=sent_paced peer=xx:7A:39 char=enrichment bytes=68 label=chunked chunk=4 chunks=5 remaining=0
08-07 13:37:53.727  8720  8720 I SpectrePeripheral: event=notify_sent peer=xx:7A:39 status=success remaining=0
08-07 13:37:54.019  8720  8720 I SpectrePeripheral: event=char_write peer=xx:7A:39 char=event_batch requestId=310 offset=0 chunkBytes=202 totalBytes=202 prepared=false responseNeeded=true
08-07 13:37:54.020  8720  8720 I SpectrePeripheral: event=event_batch_received peer=xx:7A:39 cipherBytes=202 plainBytes=180 recordsEstimate=18 sessionId=0 batchId=0 totalBatches=112
08-07 13:37:54.199  8720  8720 I SpectrePeripheral: event=update_value char=control bytes=4
08-07 13:37:54.199  8720  8720 I SpectrePeripheral: event=notify_requested char=control bytes=26 connected=1
08-07 13:37:54.200  8720  8720 I SpectrePeripheral: event=notify_queued peer=xx:7A:39 char=control bytes=26 label=value chunk=0 chunks=1 queued=1
08-07 13:37:54.200  8720  8747 I ReactNativeJS: [SpectreEnrich] batch events=18 matched=0 skipped=18 history=188 firstEvent=1783078164000 lastEvent=1783146632000 oldestHistory=1783461501000 newestHistory=1786126571866 nearestDriftMin=314869000 nearestDriftMax=383337000 nearestFixFirst=1783461501000 nativeRecorder=1
08-07 13:37:54.202  8720  8720 I SpectrePeripheral: event=notify_send reason=enqueue peer=xx:7A:39 char=control bytes=26 label=value chunk=0 chunks=1 remaining=0
08-07 13:37:54.203  8720  8720 I SpectrePeripheral: event=secure_value_updated char=control channel=2 plainBytes=4 cipherBytes=26 notify=true
08-07 13:37:54.203  8720  8720 W SpectrePeripheral: event=enrichment_response_unframed records=18 pendingRecords=18 sessionId=0 batchId=0
08-07 13:37:54.203  8720  8720 I SpectrePeripheral: event=notify_chunked char=enrichment plainBytes=846 chunks=5 chunkPlainMax=200
08-07 13:37:54.203  8720  8720 I SpectrePeripheral: event=notify_chunk char=enrichment chunk=0 plainBytes=200 bytes=222
08-07 13:37:54.204  8720  8720 I SpectrePeripheral: event=notify_queued peer=xx:7A:39 char=enrichment bytes=222 label=chunked chunk=0 chunks=5 queued=1
08-07 13:37:54.204  8720  8720 I SpectrePeripheral: event=notify_chunk char=enrichment chunk=1 plainBytes=200 bytes=222
08-07 13:37:54.204  8720  8720 I SpectrePeripheral: event=notify_queued peer=xx:7A:39 char=enrichment bytes=222 label=chunked chunk=1 chunks=5 queued=2
08-07 13:37:54.204  8720  8720 I SpectrePeripheral: event=notify_chunk char=enrichment chunk=2 plainBytes=200 bytes=222
08-07 13:37:54.205  8720  8720 I SpectrePeripheral: event=notify_queued peer=xx:7A:39 char=enrichment bytes=222 label=chunked chunk=2 chunks=5 queued=3
08-07 13:37:54.205  8720  8720 I SpectrePeripheral: event=notify_chunk char=enrichment chunk=3 plainBytes=200 bytes=222
08-07 13:37:54.205  8720  8720 I SpectrePeripheral: event=notify_queued peer=xx:7A:39 char=enrichment bytes=222 label=chunked chunk=3 chunks=5 queued=4
08-07 13:37:54.205  8720  8720 I SpectrePeripheral: event=notify_chunk char=enrichment chunk=4 plainBytes=46 bytes=68
08-07 13:37:54.206  8720  8720 I SpectrePeripheral: event=notify_queued peer=xx:7A:39 char=enrichment bytes=68 label=chunked chunk=4 chunks=5 queued=5
08-07 13:37:54.206  8720  8720 I SpectrePeripheral: event=notify_sent peer=xx:7A:39 status=success remaining=5
08-07 13:37:54.207  8720  8720 I SpectrePeripheral: event=notify_send reason=sent peer=xx:7A:39 char=enrichment bytes=222 label=chunked chunk=0 chunks=5 remaining=4
08-07 13:37:54.208  8720  8720 I SpectrePeripheral: event=notify_sent peer=xx:7A:39 status=success remaining=4
08-07 13:37:54.284  8720  8720 I SpectrePeripheral: event=notify_send reason=sent_paced peer=xx:7A:39 char=enrichment bytes=222 label=chunked chunk=1 chunks=5 remaining=3
08-07 13:37:54.287  8720  8720 I SpectrePeripheral: event=notify_sent peer=xx:7A:39 status=success remaining=3
08-07 13:37:54.313  8720  8762 I SpectrePeripheral: event=char_read peer=xx:7A:39 char=control requestId=311 offset=0 valueBytes=26 responseBytes=26
08-07 13:37:54.362  8720  8720 I SpectrePeripheral: event=notify_send reason=sent_paced peer=xx:7A:39 char=enrichment bytes=222 label=chunked chunk=2 chunks=5 remaining=2
08-07 13:37:54.364  8720  8720 I SpectrePeripheral: event=notify_sent peer=xx:7A:39 status=success remaining=2
08-07 13:37:54.441  8720  8720 I SpectrePeripheral: event=notify_send reason=sent_paced peer=xx:7A:39 char=enrichment bytes=222 label=chunked chunk=3 chunks=5 remaining=1
08-07 13:37:54.444  8720  8720 I SpectrePeripheral: event=notify_sent peer=xx:7A:39 status=success remaining=1
08-07 13:37:54.520  8720  8720 I SpectrePeripheral: event=notify_send reason=sent_paced peer=xx:7A:39 char=enrichment bytes=68 label=chunked chunk=4 chunks=5 remaining=0
08-07 13:37:54.523  8720  8720 I SpectrePeripheral: event=notify_sent peer=xx:7A:39 status=success remaining=0
08-07 13:37:54.768  8720  8720 I SpectrePeripheral: event=char_write peer=xx:7A:39 char=event_batch requestId=312 offset=0 chunkBytes=202 totalBytes=202 prepared=false responseNeeded=true
08-07 13:37:54.770  8720  8720 I SpectrePeripheral: event=event_batch_received peer=xx:7A:39 cipherBytes=202 plainBytes=180 recordsEstimate=18 sessionId=0 batchId=0 totalBatches=113
08-07 13:37:54.944  8720  8747 I ReactNativeJS: [SpectreEnrich] batch events=18 matched=0 skipped=18 history=188 firstEvent=1783078797000 lastEvent=1783147808000 oldestHistory=1783461501000 newestHistory=1786126571866 nearestDriftMin=313693000 nearestDriftMax=382704000 nearestFixFirst=1783461501000 nativeRecorder=1
08-07 13:37:54.946  8720  8720 I SpectrePeripheral: event=update_value char=control bytes=4
08-07 13:37:54.947  8720  8720 I SpectrePeripheral: event=notify_requested char=control bytes=26 connected=1
08-07 13:37:54.947  8720  8720 I SpectrePeripheral: event=notify_queued peer=xx:7A:39 char=control bytes=26 label=value chunk=0 chunks=1 queued=1
08-07 13:37:54.948  8720  8720 I SpectrePeripheral: event=notify_send reason=enqueue peer=xx:7A:39 char=control bytes=26 label=value chunk=0 chunks=1 remaining=0
08-07 13:37:54.949  8720  8720 I SpectrePeripheral: event=secure_value_updated char=control channel=2 plainBytes=4 cipherBytes=26 notify=true
08-07 13:37:54.949  8720  8720 W SpectrePeripheral: event=enrichment_response_unframed records=18 pendingRecords=18 sessionId=0 batchId=0
08-07 13:37:54.949  8720  8720 I SpectrePeripheral: event=notify_chunked char=enrichment plainBytes=846 chunks=5 chunkPlainMax=200
08-07 13:37:54.949  8720  8720 I SpectrePeripheral: event=notify_chunk char=enrichment chunk=0 plainBytes=200 bytes=222
08-07 13:37:54.949  8720  8720 I SpectrePeripheral: event=notify_queued peer=xx:7A:39 char=enrichment bytes=222 label=chunked chunk=0 chunks=5 queued=1
08-07 13:37:54.949  8720  8720 I SpectrePeripheral: event=notify_chunk char=enrichment chunk=1 plainBytes=200 bytes=222
08-07 13:37:54.950  8720  8720 I SpectrePeripheral: event=notify_queued peer=xx:7A:39 char=enrichment bytes=222 label=chunked chunk=1 chunks=5 queued=2
08-07 13:37:54.950  8720  8720 I SpectrePeripheral: event=notify_chunk char=enrichment chunk=2 plainBytes=200 bytes=222
08-07 13:37:54.950  8720  8720 I SpectrePeripheral: event=notify_queued peer=xx:7A:39 char=enrichment bytes=222 label=chunked chunk=2 chunks=5 queued=3
08-07 13:37:54.950  8720  8720 I SpectrePeripheral: event=notify_chunk char=enrichment chunk=3 plainBytes=200 bytes=222
08-07 13:37:54.951  8720  8720 I SpectrePeripheral: event=notify_queued peer=xx:7A:39 char=enrichment bytes=222 label=chunked chunk=3 chunks=5 queued=4
08-07 13:37:54.951  8720  8720 I SpectrePeripheral: event=notify_chunk char=enrichment chunk=4 plainBytes=46 bytes=68
08-07 13:37:54.951  8720  8720 I SpectrePeripheral: event=notify_queued peer=xx:7A:39 char=enrichment bytes=68 label=chunked chunk=4 chunks=5 queued=5
08-07 13:37:54.951  8720  8720 I SpectrePeripheral: event=notify_sent peer=xx:7A:39 status=success remaining=5
08-07 13:37:54.952  8720  8720 I SpectrePeripheral: event=notify_send reason=sent peer=xx:7A:39 char=enrichment bytes=222 label=chunked chunk=0 chunks=5 remaining=4
08-07 13:37:54.956  8720  8720 I SpectrePeripheral: event=notify_sent peer=xx:7A:39 status=success remaining=4
08-07 13:37:55.033  8720  8720 I SpectrePeripheral: event=notify_send reason=sent_paced peer=xx:7A:39 char=enrichment bytes=222 label=chunked chunk=1 chunks=5 remaining=3
08-07 13:37:55.035  8720  8720 I SpectrePeripheral: event=notify_sent peer=xx:7A:39 status=success remaining=3
08-07 13:37:55.111  8720  8720 I SpectrePeripheral: event=notify_send reason=sent_paced peer=xx:7A:39 char=enrichment bytes=222 label=chunked chunk=2 chunks=5 remaining=2
08-07 13:37:55.114  8720  8720 I SpectrePeripheral: event=notify_sent peer=xx:7A:39 status=success remaining=2
08-07 13:37:55.190  8720  8720 I SpectrePeripheral: event=notify_send reason=sent_paced peer=xx:7A:39 char=enrichment bytes=222 label=chunked chunk=3 chunks=5 remaining=1
08-07 13:37:55.192  8720  8720 I SpectrePeripheral: event=notify_sent peer=xx:7A:39 status=success remaining=1
08-07 13:37:55.269  8720  8720 I SpectrePeripheral: event=notify_send reason=sent_paced peer=xx:7A:39 char=enrichment bytes=68 label=chunked chunk=4 chunks=5 remaining=0
08-07 13:37:55.271  8720  8720 I SpectrePeripheral: event=notify_sent peer=xx:7A:39 status=success remaining=0
08-07 13:37:55.485  8720  8720 I SpectrePeripheral: event=char_write peer=xx:7A:39 char=storage requestId=313 offset=0 chunkBytes=90 totalBytes=90 prepared=false responseNeeded=true
08-07 13:37:55.487  8720  8720 I SpectrePeripheral: event=storage_snapshot_received peer=xx:7A:39 cipherBytes=90 plainBytes=68
08-07 13:37:55.545  8720  8720 I SpectrePeripheral: event=char_write peer=xx:7A:39 char=event_batch requestId=314 offset=0 chunkBytes=202 totalBytes=202 prepared=false responseNeeded=true
08-07 13:37:55.547  8720  8720 I SpectrePeripheral: event=event_batch_received peer=xx:7A:39 cipherBytes=202 plainBytes=180 recordsEstimate=18 sessionId=0 batchId=0 totalBatches=114
08-07 13:37:55.718  8720  8747 I ReactNativeJS: [SpectreEnrich] batch events=18 matched=0 skipped=18 history=188 firstEvent=1783080168000 lastEvent=1783148424000 oldestHistory=1783461501000 newestHistory=1786126571866 nearestDriftMin=313077000 nearestDriftMax=381333000 nearestFixFirst=1783461501000 nativeRecorder=1
08-07 13:37:55.722  8720  8720 I SpectrePeripheral: event=update_value char=control bytes=4
08-07 13:37:55.722  8720  8720 I SpectrePeripheral: event=notify_requested char=control bytes=26 connected=1
08-07 13:37:55.723  8720  8720 I SpectrePeripheral: event=notify_queued peer=xx:7A:39 char=control bytes=26 label=value chunk=0 chunks=1 queued=1
08-07 13:37:55.723  8720  8720 I SpectrePeripheral: event=notify_send reason=enqueue peer=xx:7A:39 char=control bytes=26 label=value chunk=0 chunks=1 remaining=0
08-07 13:37:55.724  8720  8720 I SpectrePeripheral: event=secure_value_updated char=control channel=2 plainBytes=4 cipherBytes=26 notify=true
08-07 13:37:55.724  8720  8720 W SpectrePeripheral: event=enrichment_response_unframed records=18 pendingRecords=18 sessionId=0 batchId=0
08-07 13:37:55.724  8720  8720 I SpectrePeripheral: event=notify_chunked char=enrichment plainBytes=846 chunks=5 chunkPlainMax=200
08-07 13:37:55.724  8720  8720 I SpectrePeripheral: event=notify_chunk char=enrichment chunk=0 plainBytes=200 bytes=222
08-07 13:37:55.724  8720  8720 I SpectrePeripheral: event=notify_queued peer=xx:7A:39 char=enrichment bytes=222 label=chunked chunk=0 chunks=5 queued=1
08-07 13:37:55.724  8720  8720 I SpectrePeripheral: event=notify_chunk char=enrichment chunk=1 plainBytes=200 bytes=222
08-07 13:37:55.725  8720  8720 I SpectrePeripheral: event=notify_queued peer=xx:7A:39 char=enrichment bytes=222 label=chunked chunk=1 chunks=5 queued=2
08-07 13:37:55.725  8720  8720 I SpectrePeripheral: event=notify_chunk char=enrichment chunk=2 plainBytes=200 bytes=222
08-07 13:37:55.725  8720  8720 I SpectrePeripheral: event=notify_queued peer=xx:7A:39 char=enrichment bytes=222 label=chunked chunk=2 chunks=5 queued=3
08-07 13:37:55.725  8720  8720 I SpectrePeripheral: event=notify_chunk char=enrichment chunk=3 plainBytes=200 bytes=222
08-07 13:37:55.725  8720  8720 I SpectrePeripheral: event=notify_queued peer=xx:7A:39 char=enrichment bytes=222 label=chunked chunk=3 chunks=5 queued=4
08-07 13:37:55.725  8720  8720 I SpectrePeripheral: event=notify_chunk char=enrichment chunk=4 plainBytes=46 bytes=68
08-07 13:37:55.725  8720  8720 I SpectrePeripheral: event=notify_queued peer=xx:7A:39 char=enrichment bytes=68 label=chunked chunk=4 chunks=5 queued=5
08-07 13:37:55.725  8720  8720 I SpectrePeripheral: event=notify_sent peer=xx:7A:39 status=success remaining=5
08-07 13:37:55.726  8720  8720 I SpectrePeripheral: event=notify_send reason=sent peer=xx:7A:39 char=enrichment bytes=222 label=chunked chunk=0 chunks=5 remaining=4
08-07 13:37:55.727  8720  8720 I SpectrePeripheral: event=notify_sent peer=xx:7A:39 status=success remaining=4
08-07 13:37:55.803  8720  8720 I SpectrePeripheral: event=notify_send reason=sent_paced peer=xx:7A:39 char=enrichment bytes=222 label=chunked chunk=1 chunks=5 remaining=3
08-07 13:37:55.806  8720  8720 I SpectrePeripheral: event=notify_sent peer=xx:7A:39 status=success remaining=3
08-07 13:37:55.883  8720  8720 I SpectrePeripheral: event=notify_send reason=sent_paced peer=xx:7A:39 char=enrichment bytes=222 label=chunked chunk=2 chunks=5 remaining=2
08-07 13:37:55.885  8720  8720 I SpectrePeripheral: event=notify_sent peer=xx:7A:39 status=success remaining=2
08-07 13:37:55.961  8720  8720 I SpectrePeripheral: event=notify_send reason=sent_paced peer=xx:7A:39 char=enrichment bytes=222 label=chunked chunk=3 chunks=5 remaining=1
08-07 13:37:55.964  8720  8720 I SpectrePeripheral: event=notify_sent peer=xx:7A:39 status=success remaining=1
08-07 13:37:56.039  8720  8720 I SpectrePeripheral: event=notify_send reason=sent_paced peer=xx:7A:39 char=enrichment bytes=68 label=chunked chunk=4 chunks=5 remaining=0
08-07 13:37:56.042  8720  8720 I SpectrePeripheral: event=notify_sent peer=xx:7A:39 status=success remaining=0
08-07 13:37:56.294  8720  8731 I SpectrePeripheral: event=char_read peer=xx:7A:39 char=control requestId=315 offset=0 valueBytes=26 responseBytes=26
08-07 13:37:56.360  8720  8720 I SpectrePeripheral: event=char_write peer=xx:7A:39 char=event_batch requestId=316 offset=0 chunkBytes=182 totalBytes=182 prepared=false responseNeeded=true
08-07 13:37:56.362  8720  8720 I SpectrePeripheral: event=event_batch_received peer=xx:7A:39 cipherBytes=182 plainBytes=160 recordsEstimate=16 sessionId=0 batchId=0 totalBatches=115
08-07 13:37:56.540  8720  8720 I SpectrePeripheral: event=update_value char=control bytes=4
08-07 13:37:56.540  8720  8720 I SpectrePeripheral: event=notify_requested char=control bytes=26 connected=1
08-07 13:37:56.541  8720  8747 I ReactNativeJS: [SpectreEnrich] batch events=16 matched=0 skipped=16 history=188 firstEvent=1783080657000 lastEvent=1783149664000 oldestHistory=1783461501000 newestHistory=1786126571866 nearestDriftMin=311837000 nearestDriftMax=380844000 nearestFixFirst=1783461501000 nativeRecorder=1
08-07 13:37:56.541  8720  8720 I SpectrePeripheral: event=notify_queued peer=xx:7A:39 char=control bytes=26 label=value chunk=0 chunks=1 queued=1
08-07 13:37:56.542  8720  8720 I SpectrePeripheral: event=notify_send reason=enqueue peer=xx:7A:39 char=control bytes=26 label=value chunk=0 chunks=1 remaining=0
08-07 13:37:56.543  8720  8720 I SpectrePeripheral: event=secure_value_updated char=control channel=2 plainBytes=4 cipherBytes=26 notify=true
08-07 13:37:56.544  8720  8720 I SpectrePeripheral: event=notify_sent peer=xx:7A:39 status=success remaining=0
08-07 13:37:56.545  8720  8720 W SpectrePeripheral: event=enrichment_response_unframed records=16 pendingRecords=16 sessionId=0 batchId=0
08-07 13:37:56.545  8720  8720 I SpectrePeripheral: event=notify_chunked char=enrichment plainBytes=752 chunks=4 chunkPlainMax=200
08-07 13:37:56.545  8720  8720 I SpectrePeripheral: event=notify_chunk char=enrichment chunk=0 plainBytes=200 bytes=222
08-07 13:37:56.546  8720  8720 I SpectrePeripheral: event=notify_queued peer=xx:7A:39 char=enrichment bytes=222 label=chunked chunk=0 chunks=4 queued=1
08-07 13:37:56.546  8720  8720 I SpectrePeripheral: event=notify_send reason=enqueue peer=xx:7A:39 char=enrichment bytes=222 label=chunked chunk=0 chunks=4 remaining=0
08-07 13:37:56.546  8720  8720 I SpectrePeripheral: event=notify_chunk char=enrichment chunk=1 plainBytes=200 bytes=222
08-07 13:37:56.547  8720  8720 I SpectrePeripheral: event=notify_queued peer=xx:7A:39 char=enrichment bytes=222 label=chunked chunk=1 chunks=4 queued=1
08-07 13:37:56.547  8720  8720 I SpectrePeripheral: event=notify_chunk char=enrichment chunk=2 plainBytes=200 bytes=222
08-07 13:37:56.547  8720  8720 I SpectrePeripheral: event=notify_queued peer=xx:7A:39 char=enrichment bytes=222 label=chunked chunk=2 chunks=4 queued=2
08-07 13:37:56.547  8720  8720 I SpectrePeripheral: event=notify_chunk char=enrichment chunk=3 plainBytes=152 bytes=174
08-07 13:37:56.547  8720  8720 I SpectrePeripheral: event=notify_queued peer=xx:7A:39 char=enrichment bytes=174 label=chunked chunk=3 chunks=4 queued=3
08-07 13:37:56.548  8720  8720 I SpectrePeripheral: event=notify_sent peer=xx:7A:39 status=success remaining=3
08-07 13:37:56.624  8720  8720 I SpectrePeripheral: event=notify_send reason=sent_paced peer=xx:7A:39 char=enrichment bytes=222 label=chunked chunk=1 chunks=4 remaining=2
08-07 13:37:56.626  8720  8720 I SpectrePeripheral: event=notify_sent peer=xx:7A:39 status=success remaining=2
08-07 13:37:56.703  8720  8720 I SpectrePeripheral: event=notify_send reason=sent_paced peer=xx:7A:39 char=enrichment bytes=222 label=chunked chunk=2 chunks=4 remaining=1
08-07 13:37:56.706  8720  8720 I SpectrePeripheral: event=notify_sent peer=xx:7A:39 status=success remaining=1
08-07 13:37:56.783  8720  8720 I SpectrePeripheral: event=notify_send reason=sent_paced peer=xx:7A:39 char=enrichment bytes=174 label=chunked chunk=3 chunks=4 remaining=0
08-07 13:37:56.786  8720  8720 I SpectrePeripheral: event=notify_sent peer=xx:7A:39 status=success remaining=0
08-07 13:37:58.065  8720  8731 I SpectrePeripheral: event=char_read peer=xx:7A:39 char=gps requestId=317 offset=0 valueBytes=42 responseBytes=42
08-07 13:37:58.124  8720  8720 I SpectrePeripheral: event=char_write peer=xx:7A:39 char=event_batch requestId=318 offset=0 chunkBytes=202 totalBytes=202 prepared=false responseNeeded=true
08-07 13:37:58.126  8720  8720 I SpectrePeripheral: event=event_batch_received peer=xx:7A:39 cipherBytes=202 plainBytes=180 recordsEstimate=18 sessionId=0 batchId=0 totalBatches=116
08-07 13:37:58.298  8720  8747 I ReactNativeJS: [SpectreEnrich] batch events=18 matched=0 skipped=18 history=188 firstEvent=1783044772000 lastEvent=1783095146000 oldestHistory=1783461501000 newestHistory=1786126571866 nearestDriftMin=366355000 nearestDriftMax=416729000 nearestFixFirst=1783461501000 nativeRecorder=1
08-07 13:37:58.301  8720  8720 I SpectrePeripheral: event=update_value char=control bytes=4
08-07 13:37:58.302  8720  8720 I SpectrePeripheral: event=notify_requested char=control bytes=26 connected=1
08-07 13:37:58.303  8720  8720 I SpectrePeripheral: event=notify_queued peer=xx:7A:39 char=control bytes=26 label=value chunk=0 chunks=1 queued=1
08-07 13:37:58.303  8720  8720 I SpectrePeripheral: event=notify_send reason=enqueue peer=xx:7A:39 char=control bytes=26 label=value chunk=0 chunks=1 remaining=0
08-07 13:37:58.303  8720  8720 I SpectrePeripheral: event=secure_value_updated char=control channel=2 plainBytes=4 cipherBytes=26 notify=true
08-07 13:37:58.303  8720  8720 W SpectrePeripheral: event=enrichment_response_unframed records=18 pendingRecords=18 sessionId=0 batchId=0
08-07 13:37:58.303  8720  8720 I SpectrePeripheral: event=notify_chunked char=enrichment plainBytes=846 chunks=5 chunkPlainMax=200
08-07 13:37:58.304  8720  8720 I SpectrePeripheral: event=notify_chunk char=enrichment chunk=0 plainBytes=200 bytes=222
08-07 13:37:58.304  8720  8720 I SpectrePeripheral: event=notify_queued peer=xx:7A:39 char=enrichment bytes=222 label=chunked chunk=0 chunks=5 queued=1
08-07 13:37:58.304  8720  8720 I SpectrePeripheral: event=notify_chunk char=enrichment chunk=1 plainBytes=200 bytes=222
08-07 13:37:58.304  8720  8720 I SpectrePeripheral: event=notify_queued peer=xx:7A:39 char=enrichment bytes=222 label=chunked chunk=1 chunks=5 queued=2
08-07 13:37:58.304  8720  8720 I SpectrePeripheral: event=notify_chunk char=enrichment chunk=2 plainBytes=200 bytes=222
08-07 13:37:58.304  8720  8720 I SpectrePeripheral: event=notify_queued peer=xx:7A:39 char=enrichment bytes=222 label=chunked chunk=2 chunks=5 queued=3
08-07 13:37:58.304  8720  8720 I SpectrePeripheral: event=notify_chunk char=enrichment chunk=3 plainBytes=200 bytes=222
08-07 13:37:58.305  8720  8720 I SpectrePeripheral: event=notify_queued peer=xx:7A:39 char=enrichment bytes=222 label=chunked chunk=3 chunks=5 queued=4
08-07 13:37:58.305  8720  8720 I SpectrePeripheral: event=notify_chunk char=enrichment chunk=4 plainBytes=46 bytes=68
08-07 13:37:58.305  8720  8720 I SpectrePeripheral: event=notify_queued peer=xx:7A:39 char=enrichment bytes=68 label=chunked chunk=4 chunks=5 queued=5
08-07 13:37:58.312  8720  8720 I SpectrePeripheral: event=notify_sent peer=xx:7A:39 status=success remaining=5
08-07 13:37:58.312  8720  8720 I SpectrePeripheral: event=notify_send reason=sent peer=xx:7A:39 char=enrichment bytes=222 label=chunked chunk=0 chunks=5 remaining=4
08-07 13:37:58.314  8720  8720 I SpectrePeripheral: event=notify_sent peer=xx:7A:39 status=success remaining=4
08-07 13:37:58.390  8720  8720 I SpectrePeripheral: event=notify_send reason=sent_paced peer=xx:7A:39 char=enrichment bytes=222 label=chunked chunk=1 chunks=5 remaining=3
08-07 13:37:58.391  8720  8774 I SpectrePeripheral: event=char_read peer=xx:7A:39 char=control requestId=319 offset=0 valueBytes=26 responseBytes=26
08-07 13:37:58.394  8720  8720 I SpectrePeripheral: event=notify_sent peer=xx:7A:39 status=success remaining=3
08-07 13:37:58.470  8720  8720 I SpectrePeripheral: event=notify_send reason=sent_paced peer=xx:7A:39 char=enrichment bytes=222 label=chunked chunk=2 chunks=5 remaining=2
08-07 13:37:58.472  8720  8720 I SpectrePeripheral: event=notify_sent peer=xx:7A:39 status=success remaining=2
08-07 13:37:58.547  8720  8720 I SpectrePeripheral: event=notify_send reason=sent_paced peer=xx:7A:39 char=enrichment bytes=222 label=chunked chunk=3 chunks=5 remaining=1
08-07 13:37:58.550  8720  8720 I SpectrePeripheral: event=notify_sent peer=xx:7A:39 status=success remaining=1
08-07 13:37:58.632  8720  8720 I SpectrePeripheral: event=notify_send reason=sent_paced peer=xx:7A:39 char=enrichment bytes=68 label=chunked chunk=4 chunks=5 remaining=0
08-07 13:37:58.635  8720  8720 I SpectrePeripheral: event=notify_sent peer=xx:7A:39 status=success remaining=0
08-07 13:37:58.848  8720  8720 I SpectrePeripheral: event=char_write peer=xx:7A:39 char=event_batch requestId=320 offset=0 chunkBytes=202 totalBytes=202 prepared=false responseNeeded=true
08-07 13:37:58.850  8720  8720 I SpectrePeripheral: event=event_batch_received peer=xx:7A:39 cipherBytes=202 plainBytes=180 recordsEstimate=18 sessionId=0 batchId=0 totalBatches=117
08-07 13:37:59.031  8720  8747 I ReactNativeJS: [SpectreEnrich] batch events=18 matched=0 skipped=18 history=188 firstEvent=1783046296000 lastEvent=1783095159000 oldestHistory=1783461501000 newestHistory=1786126571866 nearestDriftMin=366342000 nearestDriftMax=415205000 nearestFixFirst=1783461501000 nativeRecorder=1
08-07 13:37:59.059  8720  8720 I SpectrePeripheral: event=update_value char=control bytes=4
08-07 13:37:59.060  8720  8720 I SpectrePeripheral: event=notify_requested char=control bytes=26 connected=1
08-07 13:37:59.061  8720  8720 I SpectrePeripheral: event=notify_queued peer=xx:7A:39 char=control bytes=26 label=value chunk=0 chunks=1 queued=1
08-07 13:37:59.062  8720  8720 I SpectrePeripheral: event=notify_send reason=enqueue peer=xx:7A:39 char=control bytes=26 label=value chunk=0 chunks=1 remaining=0
08-07 13:37:59.063  8720  8720 I SpectrePeripheral: event=secure_value_updated char=control channel=2 plainBytes=4 cipherBytes=26 notify=true
08-07 13:37:59.063  8720  8720 W SpectrePeripheral: event=enrichment_response_unframed records=18 pendingRecords=18 sessionId=0 batchId=0
08-07 13:37:59.063  8720  8720 I SpectrePeripheral: event=notify_chunked char=enrichment plainBytes=846 chunks=5 chunkPlainMax=200
08-07 13:37:59.063  8720  8720 I SpectrePeripheral: event=notify_chunk char=enrichment chunk=0 plainBytes=200 bytes=222
08-07 13:37:59.064  8720  8720 I SpectrePeripheral: event=notify_queued peer=xx:7A:39 char=enrichment bytes=222 label=chunked chunk=0 chunks=5 queued=1
08-07 13:37:59.064  8720  8720 I SpectrePeripheral: event=notify_chunk char=enrichment chunk=1 plainBytes=200 bytes=222
08-07 13:37:59.064  8720  8720 I SpectrePeripheral: event=notify_queued peer=xx:7A:39 char=enrichment bytes=222 label=chunked chunk=1 chunks=5 queued=2
08-07 13:37:59.064  8720  8720 I SpectrePeripheral: event=notify_chunk char=enrichment chunk=2 plainBytes=200 bytes=222
08-07 13:37:59.065  8720  8720 I SpectrePeripheral: event=notify_queued peer=xx:7A:39 char=enrichment bytes=222 label=chunked chunk=2 chunks=5 queued=3
08-07 13:37:59.065  8720  8720 I SpectrePeripheral: event=notify_chunk char=enrichment chunk=3 plainBytes=200 bytes=222
08-07 13:37:59.065  8720  8720 I SpectrePeripheral: event=notify_queued peer=xx:7A:39 char=enrichment bytes=222 label=chunked chunk=3 chunks=5 queued=4
08-07 13:37:59.066  8720  8720 I SpectrePeripheral: event=notify_chunk char=enrichment chunk=4 plainBytes=46 bytes=68
08-07 13:37:59.066  8720  8720 I SpectrePeripheral: event=notify_queued peer=xx:7A:39 char=enrichment bytes=68 label=chunked chunk=4 chunks=5 queued=5
08-07 13:37:59.067  8720  8720 I SpectrePeripheral: event=notify_sent peer=xx:7A:39 status=success remaining=5
08-07 13:37:59.067  8720  8720 I SpectrePeripheral: event=notify_send reason=sent peer=xx:7A:39 char=enrichment bytes=222 label=chunked chunk=0 chunks=5 remaining=4
08-07 13:37:59.101  8720  8720 I SpectrePeripheral: event=notify_sent peer=xx:7A:39 status=success remaining=4
08-07 13:37:59.178  8720  8720 I SpectrePeripheral: event=notify_send reason=sent_paced peer=xx:7A:39 char=enrichment bytes=222 label=chunked chunk=1 chunks=5 remaining=3
08-07 13:37:59.181  8720  8720 I SpectrePeripheral: event=notify_sent peer=xx:7A:39 status=success remaining=3
08-07 13:37:59.258  8720  8720 I SpectrePeripheral: event=notify_send reason=sent_paced peer=xx:7A:39 char=enrichment bytes=222 label=chunked chunk=2 chunks=5 remaining=2
08-07 13:37:59.260  8720  8720 I SpectrePeripheral: event=notify_sent peer=xx:7A:39 status=success remaining=2
08-07 13:37:59.338  8720  8720 I SpectrePeripheral: event=notify_send reason=sent_paced peer=xx:7A:39 char=enrichment bytes=222 label=chunked chunk=3 chunks=5 remaining=1
08-07 13:37:59.341  8720  8720 I SpectrePeripheral: event=notify_sent peer=xx:7A:39 status=success remaining=1
08-07 13:37:59.416  8720  8720 I SpectrePeripheral: event=notify_send reason=sent_paced peer=xx:7A:39 char=enrichment bytes=68 label=chunked chunk=4 chunks=5 remaining=0
08-07 13:37:59.417  8720  8720 I SpectrePeripheral: event=notify_sent peer=xx:7A:39 status=success remaining=0
08-07 13:37:59.749  8720  8720 I SpectrePeripheral: event=char_write peer=xx:7A:39 char=event_batch requestId=321 offset=0 chunkBytes=202 totalBytes=202 prepared=false responseNeeded=true
08-07 13:37:59.751  8720  8720 I SpectrePeripheral: event=event_batch_received peer=xx:7A:39 cipherBytes=202 plainBytes=180 recordsEstimate=18 sessionId=0 batchId=0 totalBatches=118
08-07 13:37:59.952  8720  8747 I ReactNativeJS: [SpectreEnrich] batch events=18 matched=0 skipped=18 history=188 firstEvent=1783044792000 lastEvent=1783124066000 oldestHistory=1783461501000 newestHistory=1786126571866 nearestDriftMin=337435000 nearestDriftMax=416709000 nearestFixFirst=1783461501000 nativeRecorder=1
08-07 13:37:59.976  8720  8720 I SpectrePeripheral: event=update_value char=control bytes=4
08-07 13:37:59.976  8720  8720 I SpectrePeripheral: event=notify_requested char=control bytes=26 connected=1
08-07 13:37:59.977  8720  8720 I SpectrePeripheral: event=notify_queued peer=xx:7A:39 char=control bytes=26 label=value chunk=0 chunks=1 queued=1
08-07 13:37:59.978  8720  8720 I SpectrePeripheral: event=notify_send reason=enqueue peer=xx:7A:39 char=control bytes=26 label=value chunk=0 chunks=1 remaining=0
08-07 13:37:59.979  8720  8720 I SpectrePeripheral: event=secure_value_updated char=control channel=2 plainBytes=4 cipherBytes=26 notify=true
08-07 13:37:59.979  8720  8720 W SpectrePeripheral: event=enrichment_response_unframed records=18 pendingRecords=18 sessionId=0 batchId=0
08-07 13:37:59.979  8720  8720 I SpectrePeripheral: event=notify_chunked char=enrichment plainBytes=846 chunks=5 chunkPlainMax=200
08-07 13:37:59.979  8720  8720 I SpectrePeripheral: event=notify_chunk char=enrichment chunk=0 plainBytes=200 bytes=222
08-07 13:37:59.980  8720  8720 I SpectrePeripheral: event=notify_queued peer=xx:7A:39 char=enrichment bytes=222 label=chunked chunk=0 chunks=5 queued=1
08-07 13:37:59.980  8720  8720 I SpectrePeripheral: event=notify_chunk char=enrichment chunk=1 plainBytes=200 bytes=222
08-07 13:37:59.981  8720  8720 I SpectrePeripheral: event=notify_queued peer=xx:7A:39 char=enrichment bytes=222 label=chunked chunk=1 chunks=5 queued=2
08-07 13:37:59.981  8720  8720 I SpectrePeripheral: event=notify_chunk char=enrichment chunk=2 plainBytes=200 bytes=222
08-07 13:37:59.981  8720  8720 I SpectrePeripheral: event=notify_queued peer=xx:7A:39 char=enrichment bytes=222 label=chunked chunk=2 chunks=5 queued=3
08-07 13:37:59.981  8720  8720 I SpectrePeripheral: event=notify_chunk char=enrichment chunk=3 plainBytes=200 bytes=222
08-07 13:37:59.981  8720  8720 I SpectrePeripheral: event=notify_queued peer=xx:7A:39 char=enrichment bytes=222 label=chunked chunk=3 chunks=5 queued=4
08-07 13:37:59.981  8720  8720 I SpectrePeripheral: event=notify_chunk char=enrichment chunk=4 plainBytes=46 bytes=68
08-07 13:37:59.982  8720  8720 I SpectrePeripheral: event=notify_queued peer=xx:7A:39 char=enrichment bytes=68 label=chunked chunk=4 chunks=5 queued=5
08-07 13:37:59.982  8720  8720 I SpectrePeripheral: event=notify_sent peer=xx:7A:39 status=success remaining=5
08-07 13:37:59.983  8720  8720 I SpectrePeripheral: event=notify_send reason=sent peer=xx:7A:39 char=enrichment bytes=222 label=chunked chunk=0 chunks=5 remaining=4
08-07 13:38:00.017  8720  8720 I SpectrePeripheral: event=notify_sent peer=xx:7A:39 status=success remaining=4
08-07 13:38:00.101  8720  8720 I SpectrePeripheral: event=notify_send reason=sent_paced peer=xx:7A:39 char=enrichment bytes=222 label=chunked chunk=1 chunks=5 remaining=3
08-07 13:38:00.104  8720  8720 I SpectrePeripheral: event=notify_sent peer=xx:7A:39 status=success remaining=3
08-07 13:38:00.181  8720  8720 I SpectrePeripheral: event=notify_send reason=sent_paced peer=xx:7A:39 char=enrichment bytes=222 label=chunked chunk=2 chunks=5 remaining=2
08-07 13:38:00.185  8720  8720 I SpectrePeripheral: event=notify_sent peer=xx:7A:39 status=success remaining=2
08-07 13:38:00.262  8720  8720 I SpectrePeripheral: event=notify_send reason=sent_paced peer=xx:7A:39 char=enrichment bytes=222 label=chunked chunk=3 chunks=5 remaining=1
08-07 13:38:00.264  8720  8720 I SpectrePeripheral: event=notify_sent peer=xx:7A:39 status=success remaining=1
08-07 13:38:00.343  8720  8720 I SpectrePeripheral: event=notify_send reason=sent_paced peer=xx:7A:39 char=enrichment bytes=68 label=chunked chunk=4 chunks=5 remaining=0
08-07 13:38:00.346  8720  8720 I SpectrePeripheral: event=notify_sent peer=xx:7A:39 status=success remaining=0
08-07 13:38:00.524  8720  8774 I SpectrePeripheral: event=char_read peer=xx:7A:39 char=control requestId=322 offset=0 valueBytes=26 responseBytes=26
08-07 13:38:00.675  8720  8720 I SpectrePeripheral: event=char_write peer=xx:7A:39 char=event_batch requestId=323 offset=0 chunkBytes=202 totalBytes=202 prepared=false responseNeeded=true
08-07 13:38:00.676  8720  8720 I SpectrePeripheral: event=event_batch_received peer=xx:7A:39 cipherBytes=202 plainBytes=180 recordsEstimate=18 sessionId=0 batchId=0 totalBatches=119
08-07 13:38:00.865  8720  8747 I ReactNativeJS: [SpectreEnrich] batch events=18 matched=0 skipped=18 history=188 firstEvent=1783044809000 lastEvent=1783124072000 oldestHistory=1783461501000 newestHistory=1786126571866 nearestDriftMin=337429000 nearestDriftMax=416692000 nearestFixFirst=1783461501000 nativeRecorder=1
08-07 13:38:00.890  8720  8720 I SpectrePeripheral: event=update_value char=control bytes=4
08-07 13:38:00.891  8720  8720 I SpectrePeripheral: event=notify_requested char=control bytes=26 connected=1
08-07 13:38:00.892  8720  8720 I SpectrePeripheral: event=notify_queued peer=xx:7A:39 char=control bytes=26 label=value chunk=0 chunks=1 queued=1
08-07 13:38:00.893  8720  8720 I SpectrePeripheral: event=notify_send reason=enqueue peer=xx:7A:39 char=control bytes=26 label=value chunk=0 chunks=1 remaining=0
08-07 13:38:00.894  8720  8720 I SpectrePeripheral: event=secure_value_updated char=control channel=2 plainBytes=4 cipherBytes=26 notify=true
08-07 13:38:00.894  8720  8720 W SpectrePeripheral: event=enrichment_response_unframed records=18 pendingRecords=18 sessionId=0 batchId=0
08-07 13:38:00.894  8720  8720 I SpectrePeripheral: event=notify_chunked char=enrichment plainBytes=846 chunks=5 chunkPlainMax=200
08-07 13:38:00.894  8720  8720 I SpectrePeripheral: event=notify_chunk char=enrichment chunk=0 plainBytes=200 bytes=222
08-07 13:38:00.894  8720  8720 I SpectrePeripheral: event=notify_queued peer=xx:7A:39 char=enrichment bytes=222 label=chunked chunk=0 chunks=5 queued=1
08-07 13:38:00.894  8720  8720 I SpectrePeripheral: event=notify_chunk char=enrichment chunk=1 plainBytes=200 bytes=222
08-07 13:38:00.895  8720  8720 I SpectrePeripheral: event=notify_queued peer=xx:7A:39 char=enrichment bytes=222 label=chunked chunk=1 chunks=5 queued=2
08-07 13:38:00.895  8720  8720 I SpectrePeripheral: event=notify_chunk char=enrichment chunk=2 plainBytes=200 bytes=222
08-07 13:38:00.895  8720  8720 I SpectrePeripheral: event=notify_queued peer=xx:7A:39 char=enrichment bytes=222 label=chunked chunk=2 chunks=5 queued=3
08-07 13:38:00.896  8720  8720 I SpectrePeripheral: event=notify_chunk char=enrichment chunk=3 plainBytes=200 bytes=222
08-07 13:38:00.896  8720  8720 I SpectrePeripheral: event=notify_queued peer=xx:7A:39 char=enrichment bytes=222 label=chunked chunk=3 chunks=5 queued=4
08-07 13:38:00.897  8720  8720 I SpectrePeripheral: event=notify_chunk char=enrichment chunk=4 plainBytes=46 bytes=68
08-07 13:38:00.897  8720  8720 I SpectrePeripheral: event=notify_queued peer=xx:7A:39 char=enrichment bytes=68 label=chunked chunk=4 chunks=5 queued=5
08-07 13:38:00.898  8720  8720 I SpectrePeripheral: event=notify_sent peer=xx:7A:39 status=success remaining=5
08-07 13:38:00.898  8720  8720 I SpectrePeripheral: event=notify_send reason=sent peer=xx:7A:39 char=enrichment bytes=222 label=chunked chunk=0 chunks=5 remaining=4
08-07 13:38:00.934  8720  8720 I SpectrePeripheral: event=notify_sent peer=xx:7A:39 status=success remaining=4
08-07 13:38:01.010  8720  8720 I SpectrePeripheral: event=notify_send reason=sent_paced peer=xx:7A:39 char=enrichment bytes=222 label=chunked chunk=1 chunks=5 remaining=3
08-07 13:38:01.013  8720  8720 I SpectrePeripheral: event=notify_sent peer=xx:7A:39 status=success remaining=3
08-07 13:38:01.089  8720  8720 I SpectrePeripheral: event=notify_send reason=sent_paced peer=xx:7A:39 char=enrichment bytes=222 label=chunked chunk=2 chunks=5 remaining=2
08-07 13:38:01.092  8720  8720 I SpectrePeripheral: event=notify_sent peer=xx:7A:39 status=success remaining=2
08-07 13:38:01.169  8720  8720 I SpectrePeripheral: event=notify_send reason=sent_paced peer=xx:7A:39 char=enrichment bytes=222 label=chunked chunk=3 chunks=5 remaining=1
08-07 13:38:01.171  8720  8720 I SpectrePeripheral: event=notify_sent peer=xx:7A:39 status=success remaining=1
08-07 13:38:01.246  8720  8720 I SpectrePeripheral: event=notify_send reason=sent_paced peer=xx:7A:39 char=enrichment bytes=68 label=chunked chunk=4 chunks=5 remaining=0
08-07 13:38:01.249  8720  8720 I SpectrePeripheral: event=notify_sent peer=xx:7A:39 status=success remaining=0
08-07 13:38:01.579  8720  8720 I SpectrePeripheral: event=char_write peer=xx:7A:39 char=event_batch requestId=324 offset=0 chunkBytes=202 totalBytes=202 prepared=false responseNeeded=true
08-07 13:38:01.580  8720  8720 I SpectrePeripheral: event=event_batch_received peer=xx:7A:39 cipherBytes=202 plainBytes=180 recordsEstimate=18 sessionId=0 batchId=0 totalBatches=120
08-07 13:38:01.778  8720  8747 I ReactNativeJS: [SpectreEnrich] batch events=18 matched=0 skipped=18 history=188 firstEvent=1783044816000 lastEvent=1783095194000 oldestHistory=1783461501000 newestHistory=1786126571866 nearestDriftMin=366307000 nearestDriftMax=416685000 nearestFixFirst=1783461501000 nativeRecorder=1
08-07 13:38:01.807  8720  8720 I SpectrePeripheral: event=update_value char=control bytes=4
08-07 13:38:01.807  8720  8720 I SpectrePeripheral: event=notify_requested char=control bytes=26 connected=1
08-07 13:38:01.808  8720  8720 I SpectrePeripheral: event=notify_queued peer=xx:7A:39 char=control bytes=26 label=value chunk=0 chunks=1 queued=1
08-07 13:38:01.809  8720  8720 I SpectrePeripheral: event=notify_send reason=enqueue peer=xx:7A:39 char=control bytes=26 label=value chunk=0 chunks=1 remaining=0
08-07 13:38:01.810  8720  8720 I SpectrePeripheral: event=secure_value_updated char=control channel=2 plainBytes=4 cipherBytes=26 notify=true
08-07 13:38:01.810  8720  8720 W SpectrePeripheral: event=enrichment_response_unframed records=18 pendingRecords=18 sessionId=0 batchId=0
08-07 13:38:01.810  8720  8720 I SpectrePeripheral: event=notify_chunked char=enrichment plainBytes=846 chunks=5 chunkPlainMax=200
08-07 13:38:01.810  8720  8720 I SpectrePeripheral: event=notify_chunk char=enrichment chunk=0 plainBytes=200 bytes=222
08-07 13:38:01.811  8720  8720 I SpectrePeripheral: event=notify_queued peer=xx:7A:39 char=enrichment bytes=222 label=chunked chunk=0 chunks=5 queued=1
08-07 13:38:01.811  8720  8720 I SpectrePeripheral: event=notify_chunk char=enrichment chunk=1 plainBytes=200 bytes=222
08-07 13:38:01.811  8720  8720 I SpectrePeripheral: event=notify_queued peer=xx:7A:39 char=enrichment bytes=222 label=chunked chunk=1 chunks=5 queued=2
08-07 13:38:01.811  8720  8720 I SpectrePeripheral: event=notify_chunk char=enrichment chunk=2 plainBytes=200 bytes=222
08-07 13:38:01.812  8720  8720 I SpectrePeripheral: event=notify_queued peer=xx:7A:39 char=enrichment bytes=222 label=chunked chunk=2 chunks=5 queued=3
08-07 13:38:01.812  8720  8720 I SpectrePeripheral: event=notify_chunk char=enrichment chunk=3 plainBytes=200 bytes=222
08-07 13:38:01.812  8720  8720 I SpectrePeripheral: event=notify_queued peer=xx:7A:39 char=enrichment bytes=222 label=chunked chunk=3 chunks=5 queued=4
08-07 13:38:01.812  8720  8720 I SpectrePeripheral: event=notify_chunk char=enrichment chunk=4 plainBytes=46 bytes=68
08-07 13:38:01.813  8720  8720 I SpectrePeripheral: event=notify_queued peer=xx:7A:39 char=enrichment bytes=68 label=chunked chunk=4 chunks=5 queued=5
08-07 13:38:01.814  8720  8720 I SpectrePeripheral: event=notify_sent peer=xx:7A:39 status=success remaining=5
08-07 13:38:01.814  8720  8720 I SpectrePeripheral: event=notify_send reason=sent peer=xx:7A:39 char=enrichment bytes=222 label=chunked chunk=0 chunks=5 remaining=4
08-07 13:38:01.850  8720  8720 I SpectrePeripheral: event=notify_sent peer=xx:7A:39 status=success remaining=4
08-07 13:38:01.927  8720  8720 I SpectrePeripheral: event=notify_send reason=sent_paced peer=xx:7A:39 char=enrichment bytes=222 label=chunked chunk=1 chunks=5 remaining=3
08-07 13:38:01.929  8720  8720 I SpectrePeripheral: event=notify_sent peer=xx:7A:39 status=success remaining=3
08-07 13:38:02.005  8720  8720 I SpectrePeripheral: event=notify_send reason=sent_paced peer=xx:7A:39 char=enrichment bytes=222 label=chunked chunk=2 chunks=5 remaining=2
08-07 13:38:02.007  8720  8720 I SpectrePeripheral: event=notify_sent peer=xx:7A:39 status=success remaining=2
08-07 13:38:02.084  8720  8720 I SpectrePeripheral: event=notify_send reason=sent_paced peer=xx:7A:39 char=enrichment bytes=222 label=chunked chunk=3 chunks=5 remaining=1
08-07 13:38:02.087  8720  8720 I SpectrePeripheral: event=notify_sent peer=xx:7A:39 status=success remaining=1
08-07 13:38:02.182  8720  8720 I SpectrePeripheral: event=notify_send reason=sent_paced peer=xx:7A:39 char=enrichment bytes=68 label=chunked chunk=4 chunks=5 remaining=0
08-07 13:38:02.185  8720  8720 I SpectrePeripheral: event=notify_sent peer=xx:7A:39 status=success remaining=0
08-07 13:38:02.506  8720  8720 I SpectrePeripheral: event=char_write peer=xx:7A:39 char=event_batch requestId=325 offset=0 chunkBytes=202 totalBytes=202 prepared=false responseNeeded=true
08-07 13:38:02.506  8720  8720 I SpectrePeripheral: event=event_batch_received peer=xx:7A:39 cipherBytes=202 plainBytes=180 recordsEstimate=18 sessionId=0 batchId=0 totalBatches=121
08-07 13:38:02.651  8720  8731 I SpectrePeripheral: event=char_read peer=xx:7A:39 char=control requestId=326 offset=0 valueBytes=26 responseBytes=26
08-07 13:38:02.697  8720  8747 I ReactNativeJS: [SpectreEnrich] batch events=18 matched=0 skipped=18 history=188 firstEvent=1783044836000 lastEvent=1783124102000 oldestHistory=1783461501000 newestHistory=1786126571866 nearestDriftMin=337399000 nearestDriftMax=416665000 nearestFixFirst=1783461501000 nativeRecorder=1
08-07 13:38:02.724  8720  8720 I SpectrePeripheral: event=update_value char=control bytes=4
08-07 13:38:02.725  8720  8720 I SpectrePeripheral: event=notify_requested char=control bytes=26 connected=1
08-07 13:38:02.726  8720  8720 I SpectrePeripheral: event=notify_queued peer=xx:7A:39 char=control bytes=26 label=value chunk=0 chunks=1 queued=1
08-07 13:38:02.726  8720  8720 I SpectrePeripheral: event=notify_send reason=enqueue peer=xx:7A:39 char=control bytes=26 label=value chunk=0 chunks=1 remaining=0
08-07 13:38:02.727  8720  8720 I SpectrePeripheral: event=secure_value_updated char=control channel=2 plainBytes=4 cipherBytes=26 notify=true
08-07 13:38:02.727  8720  8720 W SpectrePeripheral: event=enrichment_response_unframed records=18 pendingRecords=18 sessionId=0 batchId=0
08-07 13:38:02.727  8720  8720 I SpectrePeripheral: event=notify_chunked char=enrichment plainBytes=846 chunks=5 chunkPlainMax=200
08-07 13:38:02.727  8720  8720 I SpectrePeripheral: event=notify_chunk char=enrichment chunk=0 plainBytes=200 bytes=222
08-07 13:38:02.727  8720  8720 I SpectrePeripheral: event=notify_queued peer=xx:7A:39 char=enrichment bytes=222 label=chunked chunk=0 chunks=5 queued=1
08-07 13:38:02.727  8720  8720 I SpectrePeripheral: event=notify_chunk char=enrichment chunk=1 plainBytes=200 bytes=222
08-07 13:38:02.728  8720  8720 I SpectrePeripheral: event=notify_queued peer=xx:7A:39 char=enrichment bytes=222 label=chunked chunk=1 chunks=5 queued=2
08-07 13:38:02.728  8720  8720 I SpectrePeripheral: event=notify_chunk char=enrichment chunk=2 plainBytes=200 bytes=222
08-07 13:38:02.728  8720  8720 I SpectrePeripheral: event=notify_queued peer=xx:7A:39 char=enrichment bytes=222 label=chunked chunk=2 chunks=5 queued=3
08-07 13:38:02.728  8720  8720 I SpectrePeripheral: event=notify_chunk char=enrichment chunk=3 plainBytes=200 bytes=222
08-07 13:38:02.729  8720  8720 I SpectrePeripheral: event=notify_queued peer=xx:7A:39 char=enrichment bytes=222 label=chunked chunk=3 chunks=5 queued=4
08-07 13:38:02.729  8720  8720 I SpectrePeripheral: event=notify_chunk char=enrichment chunk=4 plainBytes=46 bytes=68
08-07 13:38:02.729  8720  8720 I SpectrePeripheral: event=notify_queued peer=xx:7A:39 char=enrichment bytes=68 label=chunked chunk=4 chunks=5 queued=5
08-07 13:38:02.730  8720  8720 I SpectrePeripheral: event=notify_sent peer=xx:7A:39 status=success remaining=5
08-07 13:38:02.730  8720  8720 I SpectrePeripheral: event=notify_send reason=sent peer=xx:7A:39 char=enrichment bytes=222 label=chunked chunk=0 chunks=5 remaining=4
08-07 13:38:02.765  8720  8720 I SpectrePeripheral: event=notify_sent peer=xx:7A:39 status=success remaining=4
08-07 13:38:02.842  8720  8720 I SpectrePeripheral: event=notify_send reason=sent_paced peer=xx:7A:39 char=enrichment bytes=222 label=chunked chunk=1 chunks=5 remaining=3
08-07 13:38:02.845  8720  8720 I SpectrePeripheral: event=notify_sent peer=xx:7A:39 status=success remaining=3
08-07 13:38:02.922  8720  8720 I SpectrePeripheral: event=notify_send reason=sent_paced peer=xx:7A:39 char=enrichment bytes=222 label=chunked chunk=2 chunks=5 remaining=2
08-07 13:38:02.925  8720  8720 I SpectrePeripheral: event=notify_sent peer=xx:7A:39 status=success remaining=2
08-07 13:38:03.002  8720  8720 I SpectrePeripheral: event=notify_send reason=sent_paced peer=xx:7A:39 char=enrichment bytes=222 label=chunked chunk=3 chunks=5 remaining=1
08-07 13:38:03.004  8720  8720 I SpectrePeripheral: event=notify_sent peer=xx:7A:39 status=success remaining=1
08-07 13:38:03.081  8720  8720 I SpectrePeripheral: event=notify_send reason=sent_paced peer=xx:7A:39 char=enrichment bytes=68 label=chunked chunk=4 chunks=5 remaining=0
08-07 13:38:03.084  8720  8720 I SpectrePeripheral: event=notify_sent peer=xx:7A:39 status=success remaining=0
08-07 13:38:03.107  8720  8731 I SpectrePeripheral: event=char_read peer=xx:7A:39 char=gps requestId=327 offset=0 valueBytes=42 responseBytes=42
08-07 13:38:03.436  8720  8720 I SpectrePeripheral: event=char_write peer=xx:7A:39 char=event_batch requestId=328 offset=0 chunkBytes=202 totalBytes=202 prepared=false responseNeeded=true
08-07 13:38:03.437  8720  8720 I SpectrePeripheral: event=event_batch_received peer=xx:7A:39 cipherBytes=202 plainBytes=180 recordsEstimate=18 sessionId=0 batchId=0 totalBatches=122
08-07 13:38:03.613  8720  8747 I ReactNativeJS: [SpectreEnrich] batch events=18 matched=0 skipped=18 history=188 firstEvent=1783044848000 lastEvent=1783124182000 oldestHistory=1783461501000 newestHistory=1786126571866 nearestDriftMin=337319000 nearestDriftMax=416653000 nearestFixFirst=1783461501000 nativeRecorder=1
08-07 13:38:03.639  8720  8720 I SpectrePeripheral: event=update_value char=control bytes=4
08-07 13:38:03.639  8720  8720 I SpectrePeripheral: event=notify_requested char=control bytes=26 connected=1
08-07 13:38:03.640  8720  8720 I SpectrePeripheral: event=notify_queued peer=xx:7A:39 char=control bytes=26 label=value chunk=0 chunks=1 queued=1
08-07 13:38:03.641  8720  8720 I SpectrePeripheral: event=notify_send reason=enqueue peer=xx:7A:39 char=control bytes=26 label=value chunk=0 chunks=1 remaining=0
08-07 13:38:03.642  8720  8720 I SpectrePeripheral: event=secure_value_updated char=control channel=2 plainBytes=4 cipherBytes=26 notify=true
08-07 13:38:03.642  8720  8720 W SpectrePeripheral: event=enrichment_response_unframed records=18 pendingRecords=18 sessionId=0 batchId=0
08-07 13:38:03.642  8720  8720 I SpectrePeripheral: event=notify_chunked char=enrichment plainBytes=846 chunks=5 chunkPlainMax=200
08-07 13:38:03.642  8720  8720 I SpectrePeripheral: event=notify_chunk char=enrichment chunk=0 plainBytes=200 bytes=222
08-07 13:38:03.643  8720  8720 I SpectrePeripheral: event=notify_queued peer=xx:7A:39 char=enrichment bytes=222 label=chunked chunk=0 chunks=5 queued=1
08-07 13:38:03.643  8720  8720 I SpectrePeripheral: event=notify_chunk char=enrichment chunk=1 plainBytes=200 bytes=222
08-07 13:38:03.644  8720  8720 I SpectrePeripheral: event=notify_queued peer=xx:7A:39 char=enrichment bytes=222 label=chunked chunk=1 chunks=5 queued=2
08-07 13:38:03.644  8720  8720 I SpectrePeripheral: event=notify_chunk char=enrichment chunk=2 plainBytes=200 bytes=222
08-07 13:38:03.645  8720  8720 I SpectrePeripheral: event=notify_queued peer=xx:7A:39 char=enrichment bytes=222 label=chunked chunk=2 chunks=5 queued=3
08-07 13:38:03.645  8720  8720 I SpectrePeripheral: event=notify_chunk char=enrichment chunk=3 plainBytes=200 bytes=222
08-07 13:38:03.646  8720  8720 I SpectrePeripheral: event=notify_queued peer=xx:7A:39 char=enrichment bytes=222 label=chunked chunk=3 chunks=5 queued=4
08-07 13:38:03.647  8720  8720 I SpectrePeripheral: event=notify_chunk char=enrichment chunk=4 plainBytes=46 bytes=68
08-07 13:38:03.647  8720  8720 I SpectrePeripheral: event=notify_queued peer=xx:7A:39 char=enrichment bytes=68 label=chunked chunk=4 chunks=5 queued=5
08-07 13:38:03.649  8720  8720 I SpectrePeripheral: event=notify_sent peer=xx:7A:39 status=success remaining=5
08-07 13:38:03.649  8720  8720 I SpectrePeripheral: event=notify_send reason=sent peer=xx:7A:39 char=enrichment bytes=222 label=chunked chunk=0 chunks=5 remaining=4
08-07 13:38:03.681  8720  8720 I SpectrePeripheral: event=notify_sent peer=xx:7A:39 status=success remaining=4
08-07 13:38:03.757  8720  8720 I SpectrePeripheral: event=notify_send reason=sent_paced peer=xx:7A:39 char=enrichment bytes=222 label=chunked chunk=1 chunks=5 remaining=3
08-07 13:38:03.760  8720  8720 I SpectrePeripheral: event=notify_sent peer=xx:7A:39 status=success remaining=3
08-07 13:38:03.836  8720  8720 I SpectrePeripheral: event=notify_send reason=sent_paced peer=xx:7A:39 char=enrichment bytes=222 label=chunked chunk=2 chunks=5 remaining=2
08-07 13:38:03.839  8720  8720 I SpectrePeripheral: event=notify_sent peer=xx:7A:39 status=success remaining=2
08-07 13:38:03.915  8720  8720 I SpectrePeripheral: event=notify_send reason=sent_paced peer=xx:7A:39 char=enrichment bytes=222 label=chunked chunk=3 chunks=5 remaining=1
08-07 13:38:03.918  8720  8720 I SpectrePeripheral: event=notify_sent peer=xx:7A:39 status=success remaining=1
08-07 13:38:03.995  8720  8720 I SpectrePeripheral: event=notify_send reason=sent_paced peer=xx:7A:39 char=enrichment bytes=68 label=chunked chunk=4 chunks=5 remaining=0
08-07 13:38:03.997  8720  8720 I SpectrePeripheral: event=notify_sent peer=xx:7A:39 status=success remaining=0
08-07 13:38:04.341  8720  8720 I SpectrePeripheral: event=char_write peer=xx:7A:39 char=event_batch requestId=329 offset=0 chunkBytes=202 totalBytes=202 prepared=false responseNeeded=true
08-07 13:38:04.342  8720  8720 I SpectrePeripheral: event=event_batch_received peer=xx:7A:39 cipherBytes=202 plainBytes=180 recordsEstimate=18 sessionId=0 batchId=0 totalBatches=123
08-07 13:38:04.530  8720  8747 I ReactNativeJS: [SpectreEnrich] batch events=18 matched=0 skipped=18 history=188 firstEvent=1783046263000 lastEvent=1783124225000 oldestHistory=1783461501000 newestHistory=1786126571866 nearestDriftMin=337276000 nearestDriftMax=415238000 nearestFixFirst=1783461501000 nativeRecorder=1
08-07 13:38:04.555  8720  8720 I SpectrePeripheral: event=update_value char=control bytes=4
08-07 13:38:04.555  8720  8720 I SpectrePeripheral: event=notify_requested char=control bytes=26 connected=1
08-07 13:38:04.556  8720  8720 I SpectrePeripheral: event=notify_queued peer=xx:7A:39 char=control bytes=26 label=value chunk=0 chunks=1 queued=1
08-07 13:38:04.556  8720  8720 I SpectrePeripheral: event=notify_send reason=enqueue peer=xx:7A:39 char=control bytes=26 label=value chunk=0 chunks=1 remaining=0
08-07 13:38:04.557  8720  8720 I SpectrePeripheral: event=secure_value_updated char=control channel=2 plainBytes=4 cipherBytes=26 notify=true
08-07 13:38:04.557  8720  8720 W SpectrePeripheral: event=enrichment_response_unframed records=18 pendingRecords=18 sessionId=0 batchId=0
08-07 13:38:04.557  8720  8720 I SpectrePeripheral: event=notify_chunked char=enrichment plainBytes=846 chunks=5 chunkPlainMax=200
08-07 13:38:04.557  8720  8720 I SpectrePeripheral: event=notify_chunk char=enrichment chunk=0 plainBytes=200 bytes=222
08-07 13:38:04.558  8720  8720 I SpectrePeripheral: event=notify_queued peer=xx:7A:39 char=enrichment bytes=222 label=chunked chunk=0 chunks=5 queued=1
08-07 13:38:04.558  8720  8720 I SpectrePeripheral: event=notify_chunk char=enrichment chunk=1 plainBytes=200 bytes=222
08-07 13:38:04.558  8720  8720 I SpectrePeripheral: event=notify_queued peer=xx:7A:39 char=enrichment bytes=222 label=chunked chunk=1 chunks=5 queued=2
08-07 13:38:04.558  8720  8720 I SpectrePeripheral: event=notify_chunk char=enrichment chunk=2 plainBytes=200 bytes=222
08-07 13:38:04.559  8720  8720 I SpectrePeripheral: event=notify_queued peer=xx:7A:39 char=enrichment bytes=222 label=chunked chunk=2 chunks=5 queued=3
08-07 13:38:04.559  8720  8720 I SpectrePeripheral: event=notify_chunk char=enrichment chunk=3 plainBytes=200 bytes=222
08-07 13:38:04.560  8720  8720 I SpectrePeripheral: event=notify_queued peer=xx:7A:39 char=enrichment bytes=222 label=chunked chunk=3 chunks=5 queued=4
08-07 13:38:04.560  8720  8720 I SpectrePeripheral: event=notify_chunk char=enrichment chunk=4 plainBytes=46 bytes=68
08-07 13:38:04.560  8720  8720 I SpectrePeripheral: event=notify_queued peer=xx:7A:39 char=enrichment bytes=68 label=chunked chunk=4 chunks=5 queued=5
08-07 13:38:04.561  8720  8720 I SpectrePeripheral: event=notify_sent peer=xx:7A:39 status=success remaining=5
08-07 13:38:04.562  8720  8720 I SpectrePeripheral: event=notify_send reason=sent peer=xx:7A:39 char=enrichment bytes=222 label=chunked chunk=0 chunks=5 remaining=4
08-07 13:38:04.597  8720  8720 I SpectrePeripheral: event=notify_sent peer=xx:7A:39 status=success remaining=4
08-07 13:38:04.680  8720  8720 I SpectrePeripheral: event=notify_send reason=sent_paced peer=xx:7A:39 char=enrichment bytes=222 label=chunked chunk=1 chunks=5 remaining=3
08-07 13:38:04.683  8720  8720 I SpectrePeripheral: event=notify_sent peer=xx:7A:39 status=success remaining=3
08-07 13:38:04.758  8720  8720 I SpectrePeripheral: event=notify_send reason=sent_paced peer=xx:7A:39 char=enrichment bytes=222 label=chunked chunk=2 chunks=5 remaining=2
08-07 13:38:04.762  8720  8720 I SpectrePeripheral: event=notify_sent peer=xx:7A:39 status=success remaining=2
08-07 13:38:04.782  8720  8731 I SpectrePeripheral: event=char_read peer=xx:7A:39 char=control requestId=330 offset=0 valueBytes=26 responseBytes=26
08-07 13:38:04.838  8720  8720 I SpectrePeripheral: event=notify_send reason=sent_paced peer=xx:7A:39 char=enrichment bytes=222 label=chunked chunk=3 chunks=5 remaining=1
08-07 13:38:04.840  8720  8720 I SpectrePeripheral: event=notify_sent peer=xx:7A:39 status=success remaining=1
08-07 13:38:04.918  8720  8720 I SpectrePeripheral: event=notify_send reason=sent_paced peer=xx:7A:39 char=enrichment bytes=68 label=chunked chunk=4 chunks=5 remaining=0
08-07 13:38:04.921  8720  8720 I SpectrePeripheral: event=notify_sent peer=xx:7A:39 status=success remaining=0
08-07 13:38:05.239  8720  8720 I SpectrePeripheral: event=char_write peer=xx:7A:39 char=event_batch requestId=331 offset=0 chunkBytes=202 totalBytes=202 prepared=false responseNeeded=true
08-07 13:38:05.241  8720  8720 I SpectrePeripheral: event=event_batch_received peer=xx:7A:39 cipherBytes=202 plainBytes=180 recordsEstimate=18 sessionId=0 batchId=0 totalBatches=124
08-07 13:38:05.451  8720  8747 I ReactNativeJS: [SpectreEnrich] batch events=18 matched=0 skipped=18 history=188 firstEvent=1783056302000 lastEvent=1783124342000 oldestHistory=1783461501000 newestHistory=1786126571866 nearestDriftMin=337159000 nearestDriftMax=405199000 nearestFixFirst=1783461501000 nativeRecorder=1
08-07 13:38:05.469  8720  8720 I SpectrePeripheral: event=update_value char=control bytes=4
08-07 13:38:05.469  8720  8720 I SpectrePeripheral: event=notify_requested char=control bytes=26 connected=1
08-07 13:38:05.470  8720  8720 I SpectrePeripheral: event=notify_queued peer=xx:7A:39 char=control bytes=26 label=value chunk=0 chunks=1 queued=1
08-07 13:38:05.470  8720  8720 I SpectrePeripheral: event=notify_send reason=enqueue peer=xx:7A:39 char=control bytes=26 label=value chunk=0 chunks=1 remaining=0
08-07 13:38:05.471  8720  8720 I SpectrePeripheral: event=secure_value_updated char=control channel=2 plainBytes=4 cipherBytes=26 notify=true
08-07 13:38:05.471  8720  8720 W SpectrePeripheral: event=enrichment_response_unframed records=18 pendingRecords=18 sessionId=0 batchId=0
08-07 13:38:05.471  8720  8720 I SpectrePeripheral: event=notify_chunked char=enrichment plainBytes=846 chunks=5 chunkPlainMax=200
08-07 13:38:05.471  8720  8720 I SpectrePeripheral: event=notify_chunk char=enrichment chunk=0 plainBytes=200 bytes=222
08-07 13:38:05.471  8720  8720 I SpectrePeripheral: event=notify_queued peer=xx:7A:39 char=enrichment bytes=222 label=chunked chunk=0 chunks=5 queued=1
08-07 13:38:05.472  8720  8720 I SpectrePeripheral: event=notify_chunk char=enrichment chunk=1 plainBytes=200 bytes=222
08-07 13:38:05.472  8720  8720 I SpectrePeripheral: event=notify_queued peer=xx:7A:39 char=enrichment bytes=222 label=chunked chunk=1 chunks=5 queued=2
08-07 13:38:05.472  8720  8720 I SpectrePeripheral: event=notify_chunk char=enrichment chunk=2 plainBytes=200 bytes=222
08-07 13:38:05.472  8720  8720 I SpectrePeripheral: event=notify_queued peer=xx:7A:39 char=enrichment bytes=222 label=chunked chunk=2 chunks=5 queued=3
08-07 13:38:05.472  8720  8720 I SpectrePeripheral: event=notify_chunk char=enrichment chunk=3 plainBytes=200 bytes=222
08-07 13:38:05.473  8720  8720 I SpectrePeripheral: event=notify_queued peer=xx:7A:39 char=enrichment bytes=222 label=chunked chunk=3 chunks=5 queued=4
08-07 13:38:05.473  8720  8720 I SpectrePeripheral: event=notify_chunk char=enrichment chunk=4 plainBytes=46 bytes=68
08-07 13:38:05.473  8720  8720 I SpectrePeripheral: event=notify_queued peer=xx:7A:39 char=enrichment bytes=68 label=chunked chunk=4 chunks=5 queued=5
08-07 13:38:05.473  8720  8720 I SpectrePeripheral: event=notify_sent peer=xx:7A:39 status=success remaining=5
08-07 13:38:05.474  8720  8720 I SpectrePeripheral: event=notify_send reason=sent peer=xx:7A:39 char=enrichment bytes=222 label=chunked chunk=0 chunks=5 remaining=4
08-07 13:38:05.510  8720  8720 I SpectrePeripheral: event=notify_sent peer=xx:7A:39 status=success remaining=4
08-07 13:38:05.587  8720  8720 I SpectrePeripheral: event=notify_send reason=sent_paced peer=xx:7A:39 char=enrichment bytes=222 label=chunked chunk=1 chunks=5 remaining=3
08-07 13:38:05.589  8720  8720 I SpectrePeripheral: event=notify_sent peer=xx:7A:39 status=success remaining=3
08-07 13:38:05.666  8720  8720 I SpectrePeripheral: event=notify_send reason=sent_paced peer=xx:7A:39 char=enrichment bytes=222 label=chunked chunk=2 chunks=5 remaining=2
08-07 13:38:05.668  8720  8720 I SpectrePeripheral: event=notify_sent peer=xx:7A:39 status=success remaining=2
08-07 13:38:05.745  8720  8720 I SpectrePeripheral: event=notify_send reason=sent_paced peer=xx:7A:39 char=enrichment bytes=222 label=chunked chunk=3 chunks=5 remaining=1
08-07 13:38:05.747  8720  8720 I SpectrePeripheral: event=notify_sent peer=xx:7A:39 status=success remaining=1
08-07 13:38:05.824  8720  8720 I SpectrePeripheral: event=notify_send reason=sent_paced peer=xx:7A:39 char=enrichment bytes=68 label=chunked chunk=4 chunks=5 remaining=0
08-07 13:38:05.826  8720  8720 I SpectrePeripheral: event=notify_sent peer=xx:7A:39 status=success remaining=0
08-07 13:38:06.174  8720  8720 I SpectrePeripheral: event=char_write peer=xx:7A:39 char=event_batch requestId=332 offset=0 chunkBytes=202 totalBytes=202 prepared=false responseNeeded=true
08-07 13:38:06.176  8720  8720 I SpectrePeripheral: event=event_batch_received peer=xx:7A:39 cipherBytes=202 plainBytes=180 recordsEstimate=18 sessionId=0 batchId=0 totalBatches=125
08-07 13:38:06.362  8720  8747 I ReactNativeJS: [SpectreEnrich] batch events=18 matched=0 skipped=18 history=188 firstEvent=1783050166000 lastEvent=1783124506000 oldestHistory=1783461501000 newestHistory=1786126571866 nearestDriftMin=336995000 nearestDriftMax=411335000 nearestFixFirst=1783461501000 nativeRecorder=1
08-07 13:38:06.386  8720  8720 I SpectrePeripheral: event=update_value char=control bytes=4
08-07 13:38:06.387  8720  8720 I SpectrePeripheral: event=notify_requested char=control bytes=26 connected=1
08-07 13:38:06.388  8720  8720 I SpectrePeripheral: event=notify_queued peer=xx:7A:39 char=control bytes=26 label=value chunk=0 chunks=1 queued=1
08-07 13:38:06.389  8720  8720 I SpectrePeripheral: event=notify_send reason=enqueue peer=xx:7A:39 char=control bytes=26 label=value chunk=0 chunks=1 remaining=0
08-07 13:38:06.390  8720  8720 I SpectrePeripheral: event=secure_value_updated char=control channel=2 plainBytes=4 cipherBytes=26 notify=true
08-07 13:38:06.390  8720  8720 W SpectrePeripheral: event=enrichment_response_unframed records=18 pendingRecords=18 sessionId=0 batchId=0
08-07 13:38:06.390  8720  8720 I SpectrePeripheral: event=notify_chunked char=enrichment plainBytes=846 chunks=5 chunkPlainMax=200
08-07 13:38:06.390  8720  8720 I SpectrePeripheral: event=notify_chunk char=enrichment chunk=0 plainBytes=200 bytes=222
08-07 13:38:06.391  8720  8720 I SpectrePeripheral: event=notify_queued peer=xx:7A:39 char=enrichment bytes=222 label=chunked chunk=0 chunks=5 queued=1
08-07 13:38:06.391  8720  8720 I SpectrePeripheral: event=notify_chunk char=enrichment chunk=1 plainBytes=200 bytes=222
08-07 13:38:06.392  8720  8720 I SpectrePeripheral: event=notify_queued peer=xx:7A:39 char=enrichment bytes=222 label=chunked chunk=1 chunks=5 queued=2
08-07 13:38:06.392  8720  8720 I SpectrePeripheral: event=notify_chunk char=enrichment chunk=2 plainBytes=200 bytes=222
08-07 13:38:06.393  8720  8720 I SpectrePeripheral: event=notify_queued peer=xx:7A:39 char=enrichment bytes=222 label=chunked chunk=2 chunks=5 queued=3
08-07 13:38:06.393  8720  8720 I SpectrePeripheral: event=notify_chunk char=enrichment chunk=3 plainBytes=200 bytes=222
08-07 13:38:06.393  8720  8720 I SpectrePeripheral: event=notify_queued peer=xx:7A:39 char=enrichment bytes=222 label=chunked chunk=3 chunks=5 queued=4
08-07 13:38:06.393  8720  8720 I SpectrePeripheral: event=notify_chunk char=enrichment chunk=4 plainBytes=46 bytes=68
08-07 13:38:06.394  8720  8720 I SpectrePeripheral: event=notify_queued peer=xx:7A:39 char=enrichment bytes=68 label=chunked chunk=4 chunks=5 queued=5
08-07 13:38:06.395  8720  8720 I SpectrePeripheral: event=notify_sent peer=xx:7A:39 status=success remaining=5
08-07 13:38:06.396  8720  8720 I SpectrePeripheral: event=notify_send reason=sent peer=xx:7A:39 char=enrichment bytes=222 label=chunked chunk=0 chunks=5 remaining=4
08-07 13:38:06.430  8720  8720 I SpectrePeripheral: event=notify_sent peer=xx:7A:39 status=success remaining=4
08-07 13:38:06.506  8720  8720 I SpectrePeripheral: event=notify_send reason=sent_paced peer=xx:7A:39 char=enrichment bytes=222 label=chunked chunk=1 chunks=5 remaining=3
08-07 13:38:06.509  8720  8720 I SpectrePeripheral: event=notify_sent peer=xx:7A:39 status=success remaining=3
08-07 13:38:06.585  8720  8720 I SpectrePeripheral: event=notify_send reason=sent_paced peer=xx:7A:39 char=enrichment bytes=222 label=chunked chunk=2 chunks=5 remaining=2
08-07 13:38:06.587  8720  8720 I SpectrePeripheral: event=notify_sent peer=xx:7A:39 status=success remaining=2
08-07 13:38:06.667  8720  8720 I SpectrePeripheral: event=notify_send reason=sent_paced peer=xx:7A:39 char=enrichment bytes=222 label=chunked chunk=3 chunks=5 remaining=1
08-07 13:38:06.670  8720  8720 I SpectrePeripheral: event=notify_sent peer=xx:7A:39 status=success remaining=1
08-07 13:38:06.766  8720  8720 I SpectrePeripheral: event=notify_send reason=sent_paced peer=xx:7A:39 char=enrichment bytes=68 label=chunked chunk=4 chunks=5 remaining=0
08-07 13:38:06.769  8720  8720 I SpectrePeripheral: event=notify_sent peer=xx:7A:39 status=success remaining=0
08-07 13:38:06.910  8720  8774 I SpectrePeripheral: event=char_read peer=xx:7A:39 char=control requestId=333 offset=0 valueBytes=26 responseBytes=26
08-07 13:38:07.067  8720  8720 I SpectrePeripheral: event=char_write peer=xx:7A:39 char=event_batch requestId=334 offset=0 chunkBytes=202 totalBytes=202 prepared=false responseNeeded=true
08-07 13:38:07.069  8720  8720 I SpectrePeripheral: event=event_batch_received peer=xx:7A:39 cipherBytes=202 plainBytes=180 recordsEstimate=18 sessionId=0 batchId=0 totalBatches=126
08-07 13:38:07.275  8720  8747 I ReactNativeJS: [SpectreEnrich] batch events=18 matched=0 skipped=18 history=188 firstEvent=1783056486000 lastEvent=1783124578000 oldestHistory=1783461501000 newestHistory=1786126571866 nearestDriftMin=336923000 nearestDriftMax=405015000 nearestFixFirst=1783461501000 nativeRecorder=1
08-07 13:38:07.301  8720  8720 I SpectrePeripheral: event=update_value char=control bytes=4
08-07 13:38:07.301  8720  8720 I SpectrePeripheral: event=notify_requested char=control bytes=26 connected=1
08-07 13:38:07.302  8720  8720 I SpectrePeripheral: event=notify_queued peer=xx:7A:39 char=control bytes=26 label=value chunk=0 chunks=1 queued=1
08-07 13:38:07.303  8720  8720 I SpectrePeripheral: event=notify_send reason=enqueue peer=xx:7A:39 char=control bytes=26 label=value chunk=0 chunks=1 remaining=0
08-07 13:38:07.303  8720  8720 I SpectrePeripheral: event=secure_value_updated char=control channel=2 plainBytes=4 cipherBytes=26 notify=true
08-07 13:38:07.304  8720  8720 W SpectrePeripheral: event=enrichment_response_unframed records=18 pendingRecords=18 sessionId=0 batchId=0
08-07 13:38:07.304  8720  8720 I SpectrePeripheral: event=notify_chunked char=enrichment plainBytes=846 chunks=5 chunkPlainMax=200
08-07 13:38:07.304  8720  8720 I SpectrePeripheral: event=notify_chunk char=enrichment chunk=0 plainBytes=200 bytes=222
08-07 13:38:07.304  8720  8720 I SpectrePeripheral: event=notify_queued peer=xx:7A:39 char=enrichment bytes=222 label=chunked chunk=0 chunks=5 queued=1
08-07 13:38:07.305  8720  8720 I SpectrePeripheral: event=notify_chunk char=enrichment chunk=1 plainBytes=200 bytes=222
08-07 13:38:07.305  8720  8720 I SpectrePeripheral: event=notify_queued peer=xx:7A:39 char=enrichment bytes=222 label=chunked chunk=1 chunks=5 queued=2
08-07 13:38:07.305  8720  8720 I SpectrePeripheral: event=notify_chunk char=enrichment chunk=2 plainBytes=200 bytes=222
08-07 13:38:07.306  8720  8720 I SpectrePeripheral: event=notify_queued peer=xx:7A:39 char=enrichment bytes=222 label=chunked chunk=2 chunks=5 queued=3
08-07 13:38:07.306  8720  8720 I SpectrePeripheral: event=notify_chunk char=enrichment chunk=3 plainBytes=200 bytes=222
08-07 13:38:07.306  8720  8720 I SpectrePeripheral: event=notify_queued peer=xx:7A:39 char=enrichment bytes=222 label=chunked chunk=3 chunks=5 queued=4
08-07 13:38:07.306  8720  8720 I SpectrePeripheral: event=notify_chunk char=enrichment chunk=4 plainBytes=46 bytes=68
08-07 13:38:07.307  8720  8720 I SpectrePeripheral: event=notify_queued peer=xx:7A:39 char=enrichment bytes=68 label=chunked chunk=4 chunks=5 queued=5
08-07 13:38:07.307  8720  8720 I SpectrePeripheral: event=notify_sent peer=xx:7A:39 status=success remaining=5
08-07 13:38:07.308  8720  8720 I SpectrePeripheral: event=notify_send reason=sent peer=xx:7A:39 char=enrichment bytes=222 label=chunked chunk=0 chunks=5 remaining=4
08-07 13:38:07.343  8720  8720 I SpectrePeripheral: event=notify_sent peer=xx:7A:39 status=success remaining=4
08-07 13:38:07.419  8720  8720 I SpectrePeripheral: event=notify_send reason=sent_paced peer=xx:7A:39 char=enrichment bytes=222 label=chunked chunk=1 chunks=5 remaining=3
08-07 13:38:07.422  8720  8720 I SpectrePeripheral: event=notify_sent peer=xx:7A:39 status=success remaining=3
08-07 13:38:07.498  8720  8720 I SpectrePeripheral: event=notify_send reason=sent_paced peer=xx:7A:39 char=enrichment bytes=222 label=chunked chunk=2 chunks=5 remaining=2
08-07 13:38:07.501  8720  8720 I SpectrePeripheral: event=notify_sent peer=xx:7A:39 status=success remaining=2
08-07 13:38:07.581  8720  8720 I SpectrePeripheral: event=notify_send reason=sent_paced peer=xx:7A:39 char=enrichment bytes=222 label=chunked chunk=3 chunks=5 remaining=1
08-07 13:38:07.585  8720  8720 I SpectrePeripheral: event=notify_sent peer=xx:7A:39 status=success remaining=1
08-07 13:38:07.663  8720  8720 I SpectrePeripheral: event=notify_send reason=sent_paced peer=xx:7A:39 char=enrichment bytes=68 label=chunked chunk=4 chunks=5 remaining=0
08-07 13:38:07.667  8720  8720 I SpectrePeripheral: event=notify_sent peer=xx:7A:39 status=success remaining=0
08-07 13:38:07.998  8720  8720 I SpectrePeripheral: event=char_write peer=xx:7A:39 char=event_batch requestId=335 offset=0 chunkBytes=202 totalBytes=202 prepared=false responseNeeded=true
08-07 13:38:07.999  8720  8720 I SpectrePeripheral: event=event_batch_received peer=xx:7A:39 cipherBytes=202 plainBytes=180 recordsEstimate=18 sessionId=0 batchId=0 totalBatches=127
08-07 13:38:08.141  8720  8731 I SpectrePeripheral: event=char_read peer=xx:7A:39 char=gps requestId=336 offset=0 valueBytes=42 responseBytes=42
08-07 13:38:08.192  8720  8747 I ReactNativeJS: [SpectreEnrich] batch events=18 matched=0 skipped=18 history=188 firstEvent=1783050414000 lastEvent=1783124630000 oldestHistory=1783461501000 newestHistory=1786126571866 nearestDriftMin=336871000 nearestDriftMax=411087000 nearestFixFirst=1783461501000 nativeRecorder=1
08-07 13:38:08.216  8720  8720 I SpectrePeripheral: event=update_value char=control bytes=4
08-07 13:38:08.217  8720  8720 I SpectrePeripheral: event=notify_requested char=control bytes=26 connected=1
08-07 13:38:08.218  8720  8720 I SpectrePeripheral: event=notify_queued peer=xx:7A:39 char=control bytes=26 label=value chunk=0 chunks=1 queued=1
08-07 13:38:08.218  8720  8720 I SpectrePeripheral: event=notify_send reason=enqueue peer=xx:7A:39 char=control bytes=26 label=value chunk=0 chunks=1 remaining=0
08-07 13:38:08.219  8720  8720 I SpectrePeripheral: event=secure_value_updated char=control channel=2 plainBytes=4 cipherBytes=26 notify=true
08-07 13:38:08.219  8720  8720 W SpectrePeripheral: event=enrichment_response_unframed records=18 pendingRecords=18 sessionId=0 batchId=0
08-07 13:38:08.219  8720  8720 I SpectrePeripheral: event=notify_chunked char=enrichment plainBytes=846 chunks=5 chunkPlainMax=200
08-07 13:38:08.219  8720  8720 I SpectrePeripheral: event=notify_chunk char=enrichment chunk=0 plainBytes=200 bytes=222
08-07 13:38:08.219  8720  8720 I SpectrePeripheral: event=notify_queued peer=xx:7A:39 char=enrichment bytes=222 label=chunked chunk=0 chunks=5 queued=1
08-07 13:38:08.219  8720  8720 I SpectrePeripheral: event=notify_chunk char=enrichment chunk=1 plainBytes=200 bytes=222
08-07 13:38:08.220  8720  8720 I SpectrePeripheral: event=notify_queued peer=xx:7A:39 char=enrichment bytes=222 label=chunked chunk=1 chunks=5 queued=2
08-07 13:38:08.220  8720  8720 I SpectrePeripheral: event=notify_chunk char=enrichment chunk=2 plainBytes=200 bytes=222
08-07 13:38:08.220  8720  8720 I SpectrePeripheral: event=notify_queued peer=xx:7A:39 char=enrichment bytes=222 label=chunked chunk=2 chunks=5 queued=3
08-07 13:38:08.220  8720  8720 I SpectrePeripheral: event=notify_chunk char=enrichment chunk=3 plainBytes=200 bytes=222
08-07 13:38:08.221  8720  8720 I SpectrePeripheral: event=notify_queued peer=xx:7A:39 char=enrichment bytes=222 label=chunked chunk=3 chunks=5 queued=4
08-07 13:38:08.221  8720  8720 I SpectrePeripheral: event=notify_chunk char=enrichment chunk=4 plainBytes=46 bytes=68
08-07 13:38:08.221  8720  8720 I SpectrePeripheral: event=notify_queued peer=xx:7A:39 char=enrichment bytes=68 label=chunked chunk=4 chunks=5 queued=5
08-07 13:38:08.222  8720  8720 I SpectrePeripheral: event=notify_sent peer=xx:7A:39 status=success remaining=5
08-07 13:38:08.222  8720  8720 I SpectrePeripheral: event=notify_send reason=sent peer=xx:7A:39 char=enrichment bytes=222 label=chunked chunk=0 chunks=5 remaining=4
08-07 13:38:08.259  8720  8720 I SpectrePeripheral: event=notify_sent peer=xx:7A:39 status=success remaining=4
08-07 13:38:08.334  8720  8720 I SpectrePeripheral: event=notify_send reason=sent_paced peer=xx:7A:39 char=enrichment bytes=222 label=chunked chunk=1 chunks=5 remaining=3
08-07 13:38:08.337  8720  8720 I SpectrePeripheral: event=notify_sent peer=xx:7A:39 status=success remaining=3
08-07 13:38:08.414  8720  8720 I SpectrePeripheral: event=notify_send reason=sent_paced peer=xx:7A:39 char=enrichment bytes=222 label=chunked chunk=2 chunks=5 remaining=2
08-07 13:38:08.417  8720  8720 I SpectrePeripheral: event=notify_sent peer=xx:7A:39 status=success remaining=2
08-07 13:38:08.493  8720  8720 I SpectrePeripheral: event=notify_send reason=sent_paced peer=xx:7A:39 char=enrichment bytes=222 label=chunked chunk=3 chunks=5 remaining=1
08-07 13:38:08.496  8720  8720 I SpectrePeripheral: event=notify_sent peer=xx:7A:39 status=success remaining=1
08-07 13:38:08.573  8720  8720 I SpectrePeripheral: event=notify_send reason=sent_paced peer=xx:7A:39 char=enrichment bytes=68 label=chunked chunk=4 chunks=5 remaining=0
08-07 13:38:08.578  8720  8720 I SpectrePeripheral: event=notify_sent peer=xx:7A:39 status=success remaining=0
08-07 13:38:08.898  8720  8720 I SpectrePeripheral: event=char_write peer=xx:7A:39 char=event_batch requestId=337 offset=0 chunkBytes=202 totalBytes=202 prepared=false responseNeeded=true
08-07 13:38:08.900  8720  8720 I SpectrePeripheral: event=event_batch_received peer=xx:7A:39 cipherBytes=202 plainBytes=180 recordsEstimate=18 sessionId=0 batchId=0 totalBatches=128
08-07 13:38:09.041  8720  8731 I SpectrePeripheral: event=char_read peer=xx:7A:39 char=control requestId=338 offset=0 valueBytes=26 responseBytes=26
08-07 13:38:09.111  8720  8747 I ReactNativeJS: [SpectreEnrich] batch events=18 matched=0 skipped=18 history=188 firstEvent=1783088380000 lastEvent=1783124806000 oldestHistory=1783461501000 newestHistory=1786126571866 nearestDriftMin=336695000 nearestDriftMax=373121000 nearestFixFirst=1783461501000 nativeRecorder=1
08-07 13:38:09.130  8720  8720 I SpectrePeripheral: event=update_value char=control bytes=4
08-07 13:38:09.131  8720  8720 I SpectrePeripheral: event=notify_requested char=control bytes=26 connected=1
08-07 13:38:09.131  8720  8720 I SpectrePeripheral: event=notify_queued peer=xx:7A:39 char=control bytes=26 label=value chunk=0 chunks=1 queued=1
08-07 13:38:09.132  8720  8720 I SpectrePeripheral: event=notify_send reason=enqueue peer=xx:7A:39 char=control bytes=26 label=value chunk=0 chunks=1 remaining=0
08-07 13:38:09.132  8720  8720 I SpectrePeripheral: event=secure_value_updated char=control channel=2 plainBytes=4 cipherBytes=26 notify=true
08-07 13:38:09.132  8720  8720 W SpectrePeripheral: event=enrichment_response_unframed records=18 pendingRecords=18 sessionId=0 batchId=0
08-07 13:38:09.132  8720  8720 I SpectrePeripheral: event=notify_chunked char=enrichment plainBytes=846 chunks=5 chunkPlainMax=200
08-07 13:38:09.132  8720  8720 I SpectrePeripheral: event=notify_chunk char=enrichment chunk=0 plainBytes=200 bytes=222
08-07 13:38:09.133  8720  8720 I SpectrePeripheral: event=notify_queued peer=xx:7A:39 char=enrichment bytes=222 label=chunked chunk=0 chunks=5 queued=1
08-07 13:38:09.133  8720  8720 I SpectrePeripheral: event=notify_chunk char=enrichment chunk=1 plainBytes=200 bytes=222
08-07 13:38:09.133  8720  8720 I SpectrePeripheral: event=notify_queued peer=xx:7A:39 char=enrichment bytes=222 label=chunked chunk=1 chunks=5 queued=2
08-07 13:38:09.133  8720  8720 I SpectrePeripheral: event=notify_chunk char=enrichment chunk=2 plainBytes=200 bytes=222
08-07 13:38:09.134  8720  8720 I SpectrePeripheral: event=notify_queued peer=xx:7A:39 char=enrichment bytes=222 label=chunked chunk=2 chunks=5 queued=3
08-07 13:38:09.134  8720  8720 I SpectrePeripheral: event=notify_chunk char=enrichment chunk=3 plainBytes=200 bytes=222
08-07 13:38:09.134  8720  8720 I SpectrePeripheral: event=notify_queued peer=xx:7A:39 char=enrichment bytes=222 label=chunked chunk=3 chunks=5 queued=4
08-07 13:38:09.134  8720  8720 I SpectrePeripheral: event=notify_chunk char=enrichment chunk=4 plainBytes=46 bytes=68
08-07 13:38:09.134  8720  8720 I SpectrePeripheral: event=notify_queued peer=xx:7A:39 char=enrichment bytes=68 label=chunked chunk=4 chunks=5 queued=5
08-07 13:38:09.135  8720  8720 I SpectrePeripheral: event=notify_sent peer=xx:7A:39 status=success remaining=5
08-07 13:38:09.135  8720  8720 I SpectrePeripheral: event=notify_send reason=sent peer=xx:7A:39 char=enrichment bytes=222 label=chunked chunk=0 chunks=5 remaining=4
08-07 13:38:09.174  8720  8720 I SpectrePeripheral: event=notify_sent peer=xx:7A:39 status=success remaining=4
08-07 13:38:09.251  8720  8720 I SpectrePeripheral: event=notify_send reason=sent_paced peer=xx:7A:39 char=enrichment bytes=222 label=chunked chunk=1 chunks=5 remaining=3
08-07 13:38:09.253  8720  8720 I SpectrePeripheral: event=notify_sent peer=xx:7A:39 status=success remaining=3
08-07 13:38:09.329  8720  8720 I SpectrePeripheral: event=notify_send reason=sent_paced peer=xx:7A:39 char=enrichment bytes=222 label=chunked chunk=2 chunks=5 remaining=2
08-07 13:38:09.332  8720  8720 I SpectrePeripheral: event=notify_sent peer=xx:7A:39 status=success remaining=2
08-07 13:38:09.409  8720  8720 I SpectrePeripheral: event=notify_send reason=sent_paced peer=xx:7A:39 char=enrichment bytes=222 label=chunked chunk=3 chunks=5 remaining=1
08-07 13:38:09.412  8720  8720 I SpectrePeripheral: event=notify_sent peer=xx:7A:39 status=success remaining=1
08-07 13:38:09.489  8720  8720 I SpectrePeripheral: event=notify_send reason=sent_paced peer=xx:7A:39 char=enrichment bytes=68 label=chunked chunk=4 chunks=5 remaining=0
08-07 13:38:09.492  8720  8720 I SpectrePeripheral: event=notify_sent peer=xx:7A:39 status=success remaining=0
08-07 13:38:09.832  8720  8720 I SpectrePeripheral: event=char_write peer=xx:7A:39 char=event_batch requestId=339 offset=0 chunkBytes=202 totalBytes=202 prepared=false responseNeeded=true
08-07 13:38:09.834  8720  8720 I SpectrePeripheral: event=event_batch_received peer=xx:7A:39 cipherBytes=202 plainBytes=180 recordsEstimate=18 sessionId=0 batchId=0 totalBatches=129
08-07 13:38:10.024  8720  8747 I ReactNativeJS: [SpectreEnrich] batch events=18 matched=0 skipped=18 history=188 firstEvent=1783050814000 lastEvent=1783124966000 oldestHistory=1783461501000 newestHistory=1786126571866 nearestDriftMin=336535000 nearestDriftMax=410687000 nearestFixFirst=1783461501000 nativeRecorder=1
08-07 13:38:10.047  8720  8720 I SpectrePeripheral: event=update_value char=control bytes=4
08-07 13:38:10.047  8720  8720 I SpectrePeripheral: event=notify_requested char=control bytes=26 connected=1
08-07 13:38:10.049  8720  8720 I SpectrePeripheral: event=notify_queued peer=xx:7A:39 char=control bytes=26 label=value chunk=0 chunks=1 queued=1
08-07 13:38:10.049  8720  8720 I SpectrePeripheral: event=notify_send reason=enqueue peer=xx:7A:39 char=control bytes=26 label=value chunk=0 chunks=1 remaining=0
08-07 13:38:10.050  8720  8720 I SpectrePeripheral: event=secure_value_updated char=control channel=2 plainBytes=4 cipherBytes=26 notify=true
08-07 13:38:10.050  8720  8720 W SpectrePeripheral: event=enrichment_response_unframed records=18 pendingRecords=18 sessionId=0 batchId=0
08-07 13:38:10.050  8720  8720 I SpectrePeripheral: event=notify_chunked char=enrichment plainBytes=846 chunks=5 chunkPlainMax=200
08-07 13:38:10.050  8720  8720 I SpectrePeripheral: event=notify_chunk char=enrichment chunk=0 plainBytes=200 bytes=222
08-07 13:38:10.051  8720  8720 I SpectrePeripheral: event=notify_queued peer=xx:7A:39 char=enrichment bytes=222 label=chunked chunk=0 chunks=5 queued=1
08-07 13:38:10.051  8720  8720 I SpectrePeripheral: event=notify_chunk char=enrichment chunk=1 plainBytes=200 bytes=222
08-07 13:38:10.052  8720  8720 I SpectrePeripheral: event=notify_queued peer=xx:7A:39 char=enrichment bytes=222 label=chunked chunk=1 chunks=5 queued=2
08-07 13:38:10.052  8720  8720 I SpectrePeripheral: event=notify_chunk char=enrichment chunk=2 plainBytes=200 bytes=222
08-07 13:38:10.052  8720  8720 I SpectrePeripheral: event=notify_queued peer=xx:7A:39 char=enrichment bytes=222 label=chunked chunk=2 chunks=5 queued=3
08-07 13:38:10.052  8720  8720 I SpectrePeripheral: event=notify_chunk char=enrichment chunk=3 plainBytes=200 bytes=222
08-07 13:38:10.053  8720  8720 I SpectrePeripheral: event=notify_queued peer=xx:7A:39 char=enrichment bytes=222 label=chunked chunk=3 chunks=5 queued=4
08-07 13:38:10.053  8720  8720 I SpectrePeripheral: event=notify_chunk char=enrichment chunk=4 plainBytes=46 bytes=68
08-07 13:38:10.053  8720  8720 I SpectrePeripheral: event=notify_queued peer=xx:7A:39 char=enrichment bytes=68 label=chunked chunk=4 chunks=5 queued=5
08-07 13:38:10.054  8720  8720 I SpectrePeripheral: event=notify_sent peer=xx:7A:39 status=success remaining=5
08-07 13:38:10.055  8720  8720 I SpectrePeripheral: event=notify_send reason=sent peer=xx:7A:39 char=enrichment bytes=222 label=chunked chunk=0 chunks=5 remaining=4
08-07 13:38:10.090  8720  8720 I SpectrePeripheral: event=notify_sent peer=xx:7A:39 status=success remaining=4
08-07 13:38:10.172  8720  8720 I SpectrePeripheral: event=notify_send reason=sent_paced peer=xx:7A:39 char=enrichment bytes=222 label=chunked chunk=1 chunks=5 remaining=3
08-07 13:38:10.175  8720  8720 I SpectrePeripheral: event=notify_sent peer=xx:7A:39 status=success remaining=3
08-07 13:38:10.252  8720  8720 I SpectrePeripheral: event=notify_send reason=sent_paced peer=xx:7A:39 char=enrichment bytes=222 label=chunked chunk=2 chunks=5 remaining=2
08-07 13:38:10.256  8720  8720 I SpectrePeripheral: event=notify_sent peer=xx:7A:39 status=success remaining=2
08-07 13:38:10.332  8720  8720 I SpectrePeripheral: event=notify_send reason=sent_paced peer=xx:7A:39 char=enrichment bytes=222 label=chunked chunk=3 chunks=5 remaining=1
08-07 13:38:10.334  8720  8720 I SpectrePeripheral: event=notify_sent peer=xx:7A:39 status=success remaining=1
08-07 13:38:10.412  8720  8720 I SpectrePeripheral: event=notify_send reason=sent_paced peer=xx:7A:39 char=enrichment bytes=68 label=chunked chunk=4 chunks=5 remaining=0
08-07 13:38:10.414  8720  8720 I SpectrePeripheral: event=notify_sent peer=xx:7A:39 status=success remaining=0
08-07 13:38:10.518  8720  8720 I SpectrePeripheral: event=char_write peer=xx:7A:39 char=storage requestId=340 offset=0 chunkBytes=90 totalBytes=90 prepared=false responseNeeded=true
08-07 13:38:10.520  8720  8720 I SpectrePeripheral: event=storage_snapshot_received peer=xx:7A:39 cipherBytes=90 plainBytes=68
08-07 13:38:10.726  8720  8720 I SpectrePeripheral: event=char_write peer=xx:7A:39 char=event_batch requestId=341 offset=0 chunkBytes=202 totalBytes=202 prepared=false responseNeeded=true
08-07 13:38:10.727  8720  8720 I SpectrePeripheral: event=event_batch_received peer=xx:7A:39 cipherBytes=202 plainBytes=180 recordsEstimate=18 sessionId=0 batchId=0 totalBatches=130
08-07 13:38:10.939  8720  8747 I ReactNativeJS: [SpectreEnrich] batch events=18 matched=0 skipped=18 history=188 firstEvent=1783050814000 lastEvent=1783125225000 oldestHistory=1783461501000 newestHistory=1786126571866 nearestDriftMin=336276000 nearestDriftMax=410687000 nearestFixFirst=1783461501000 nativeRecorder=1
08-07 13:38:10.963  8720  8720 I SpectrePeripheral: event=update_value char=control bytes=4
08-07 13:38:10.963  8720  8720 I SpectrePeripheral: event=notify_requested char=control bytes=26 connected=1
08-07 13:38:10.964  8720  8720 I SpectrePeripheral: event=notify_queued peer=xx:7A:39 char=control bytes=26 label=value chunk=0 chunks=1 queued=1
08-07 13:38:10.965  8720  8720 I SpectrePeripheral: event=notify_send reason=enqueue peer=xx:7A:39 char=control bytes=26 label=value chunk=0 chunks=1 remaining=0
08-07 13:38:10.965  8720  8720 I SpectrePeripheral: event=secure_value_updated char=control channel=2 plainBytes=4 cipherBytes=26 notify=true
08-07 13:38:10.966  8720  8720 W SpectrePeripheral: event=enrichment_response_unframed records=18 pendingRecords=18 sessionId=0 batchId=0
08-07 13:38:10.966  8720  8720 I SpectrePeripheral: event=notify_chunked char=enrichment plainBytes=846 chunks=5 chunkPlainMax=200
08-07 13:38:10.966  8720  8720 I SpectrePeripheral: event=notify_chunk char=enrichment chunk=0 plainBytes=200 bytes=222
08-07 13:38:10.966  8720  8720 I SpectrePeripheral: event=notify_queued peer=xx:7A:39 char=enrichment bytes=222 label=chunked chunk=0 chunks=5 queued=1
08-07 13:38:10.966  8720  8720 I SpectrePeripheral: event=notify_chunk char=enrichment chunk=1 plainBytes=200 bytes=222
08-07 13:38:10.967  8720  8720 I SpectrePeripheral: event=notify_queued peer=xx:7A:39 char=enrichment bytes=222 label=chunked chunk=1 chunks=5 queued=2
08-07 13:38:10.967  8720  8720 I SpectrePeripheral: event=notify_chunk char=enrichment chunk=2 plainBytes=200 bytes=222
08-07 13:38:10.967  8720  8720 I SpectrePeripheral: event=notify_queued peer=xx:7A:39 char=enrichment bytes=222 label=chunked chunk=2 chunks=5 queued=3
08-07 13:38:10.968  8720  8720 I SpectrePeripheral: event=notify_chunk char=enrichment chunk=3 plainBytes=200 bytes=222
08-07 13:38:10.968  8720  8720 I SpectrePeripheral: event=notify_queued peer=xx:7A:39 char=enrichment bytes=222 label=chunked chunk=3 chunks=5 queued=4
08-07 13:38:10.968  8720  8720 I SpectrePeripheral: event=notify_chunk char=enrichment chunk=4 plainBytes=46 bytes=68
08-07 13:38:10.968  8720  8720 I SpectrePeripheral: event=notify_queued peer=xx:7A:39 char=enrichment bytes=68 label=chunked chunk=4 chunks=5 queued=5
08-07 13:38:10.969  8720  8720 I SpectrePeripheral: event=notify_sent peer=xx:7A:39 status=success remaining=5
08-07 13:38:10.970  8720  8720 I SpectrePeripheral: event=notify_send reason=sent peer=xx:7A:39 char=enrichment bytes=222 label=chunked chunk=0 chunks=5 remaining=4
08-07 13:38:11.005  8720  8720 I SpectrePeripheral: event=notify_sent peer=xx:7A:39 status=success remaining=4
08-07 13:38:11.082  8720  8720 I SpectrePeripheral: event=notify_send reason=sent_paced peer=xx:7A:39 char=enrichment bytes=222 label=chunked chunk=1 chunks=5 remaining=3
08-07 13:38:11.086  8720  8720 I SpectrePeripheral: event=notify_sent peer=xx:7A:39 status=success remaining=3
08-07 13:38:11.163  8720  8720 I SpectrePeripheral: event=notify_send reason=sent_paced peer=xx:7A:39 char=enrichment bytes=222 label=chunked chunk=2 chunks=5 remaining=2
08-07 13:38:11.167  8720  8720 I SpectrePeripheral: event=notify_sent peer=xx:7A:39 status=success remaining=2
08-07 13:38:11.204  8720  8762 I SpectrePeripheral: event=char_read peer=xx:7A:39 char=control requestId=342 offset=0 valueBytes=26 responseBytes=26
08-07 13:38:11.243  8720  8720 I SpectrePeripheral: event=notify_send reason=sent_paced peer=xx:7A:39 char=enrichment bytes=222 label=chunked chunk=3 chunks=5 remaining=1
08-07 13:38:11.245  8720  8720 I SpectrePeripheral: event=notify_sent peer=xx:7A:39 status=success remaining=1
08-07 13:38:11.321  8720  8720 I SpectrePeripheral: event=notify_send reason=sent_paced peer=xx:7A:39 char=enrichment bytes=68 label=chunked chunk=4 chunks=5 remaining=0
08-07 13:38:11.323  8720  8720 I SpectrePeripheral: event=notify_sent peer=xx:7A:39 status=success remaining=0
08-07 13:38:11.658  8720  8720 I SpectrePeripheral: event=char_write peer=xx:7A:39 char=event_batch requestId=343 offset=0 chunkBytes=202 totalBytes=202 prepared=false responseNeeded=true
08-07 13:38:11.659  8720  8720 I SpectrePeripheral: event=event_batch_received peer=xx:7A:39 cipherBytes=202 plainBytes=180 recordsEstimate=18 sessionId=0 batchId=0 totalBatches=131
08-07 13:38:11.855  8720  8747 I ReactNativeJS: [SpectreEnrich] batch events=18 matched=0 skipped=18 history=188 firstEvent=1783051166000 lastEvent=1783125447000 oldestHistory=1783461501000 newestHistory=1786126571866 nearestDriftMin=336054000 nearestDriftMax=410335000 nearestFixFirst=1783461501000 nativeRecorder=1
08-07 13:38:11.879  8720  8720 I SpectrePeripheral: event=update_value char=control bytes=4
08-07 13:38:11.879  8720  8720 I SpectrePeripheral: event=notify_requested char=control bytes=26 connected=1
08-07 13:38:11.880  8720  8720 I SpectrePeripheral: event=notify_queued peer=xx:7A:39 char=control bytes=26 label=value chunk=0 chunks=1 queued=1
08-07 13:38:11.881  8720  8720 I SpectrePeripheral: event=notify_send reason=enqueue peer=xx:7A:39 char=control bytes=26 label=value chunk=0 chunks=1 remaining=0
08-07 13:38:11.882  8720  8720 I SpectrePeripheral: event=secure_value_updated char=control channel=2 plainBytes=4 cipherBytes=26 notify=true
08-07 13:38:11.883  8720  8720 W SpectrePeripheral: event=enrichment_response_unframed records=18 pendingRecords=18 sessionId=0 batchId=0
08-07 13:38:11.883  8720  8720 I SpectrePeripheral: event=notify_chunked char=enrichment plainBytes=846 chunks=5 chunkPlainMax=200
08-07 13:38:11.883  8720  8720 I SpectrePeripheral: event=notify_chunk char=enrichment chunk=0 plainBytes=200 bytes=222
08-07 13:38:11.883  8720  8720 I SpectrePeripheral: event=notify_queued peer=xx:7A:39 char=enrichment bytes=222 label=chunked chunk=0 chunks=5 queued=1
08-07 13:38:11.883  8720  8720 I SpectrePeripheral: event=notify_chunk char=enrichment chunk=1 plainBytes=200 bytes=222
08-07 13:38:11.884  8720  8720 I SpectrePeripheral: event=notify_queued peer=xx:7A:39 char=enrichment bytes=222 label=chunked chunk=1 chunks=5 queued=2
08-07 13:38:11.884  8720  8720 I SpectrePeripheral: event=notify_chunk char=enrichment chunk=2 plainBytes=200 bytes=222
08-07 13:38:11.885  8720  8720 I SpectrePeripheral: event=notify_queued peer=xx:7A:39 char=enrichment bytes=222 label=chunked chunk=2 chunks=5 queued=3
08-07 13:38:11.885  8720  8720 I SpectrePeripheral: event=notify_chunk char=enrichment chunk=3 plainBytes=200 bytes=222
08-07 13:38:11.885  8720  8720 I SpectrePeripheral: event=notify_queued peer=xx:7A:39 char=enrichment bytes=222 label=chunked chunk=3 chunks=5 queued=4
08-07 13:38:11.886  8720  8720 I SpectrePeripheral: event=notify_chunk char=enrichment chunk=4 plainBytes=46 bytes=68
08-07 13:38:11.886  8720  8720 I SpectrePeripheral: event=notify_queued peer=xx:7A:39 char=enrichment bytes=68 label=chunked chunk=4 chunks=5 queued=5
08-07 13:38:11.887  8720  8720 I SpectrePeripheral: event=notify_sent peer=xx:7A:39 status=success remaining=5
08-07 13:38:11.887  8720  8720 I SpectrePeripheral: event=notify_send reason=sent peer=xx:7A:39 char=enrichment bytes=222 label=chunked chunk=0 chunks=5 remaining=4
08-07 13:38:11.922  8720  8720 I SpectrePeripheral: event=notify_sent peer=xx:7A:39 status=success remaining=4
08-07 13:38:11.999  8720  8720 I SpectrePeripheral: event=notify_send reason=sent_paced peer=xx:7A:39 char=enrichment bytes=222 label=chunked chunk=1 chunks=5 remaining=3
08-07 13:38:12.002  8720  8720 I SpectrePeripheral: event=notify_sent peer=xx:7A:39 status=success remaining=3
08-07 13:38:12.077  8720  8720 I SpectrePeripheral: event=notify_send reason=sent_paced peer=xx:7A:39 char=enrichment bytes=222 label=chunked chunk=2 chunks=5 remaining=2
08-07 13:38:12.080  8720  8720 I SpectrePeripheral: event=notify_sent peer=xx:7A:39 status=success remaining=2
08-07 13:38:12.163  8720  8720 I SpectrePeripheral: event=notify_send reason=sent_paced peer=xx:7A:39 char=enrichment bytes=222 label=chunked chunk=3 chunks=5 remaining=1
08-07 13:38:12.168  8720  8720 I SpectrePeripheral: event=notify_sent peer=xx:7A:39 status=success remaining=1
08-07 13:38:12.256  8720  8720 I SpectrePeripheral: event=notify_send reason=sent_paced peer=xx:7A:39 char=enrichment bytes=68 label=chunked chunk=4 chunks=5 remaining=0
08-07 13:38:12.258  8720  8720 I SpectrePeripheral: event=notify_sent peer=xx:7A:39 status=success remaining=0
08-07 13:38:12.557  8720  8720 I SpectrePeripheral: event=char_write peer=xx:7A:39 char=event_batch requestId=344 offset=0 chunkBytes=202 totalBytes=202 prepared=false responseNeeded=true
08-07 13:38:12.559  8720  8720 I SpectrePeripheral: event=event_batch_received peer=xx:7A:39 cipherBytes=202 plainBytes=180 recordsEstimate=18 sessionId=0 batchId=0 totalBatches=132
08-07 13:38:12.769  8720  8747 I ReactNativeJS: [SpectreEnrich] batch events=18 matched=0 skipped=18 history=188 firstEvent=1783051469000 lastEvent=1783125723000 oldestHistory=1783461501000 newestHistory=1786126571866 nearestDriftMin=335778000 nearestDriftMax=410032000 nearestFixFirst=1783461501000 nativeRecorder=1
08-07 13:38:12.793  8720  8720 I SpectrePeripheral: event=update_value char=control bytes=4
08-07 13:38:12.793  8720  8720 I SpectrePeripheral: event=notify_requested char=control bytes=26 connected=1
08-07 13:38:12.794  8720  8720 I SpectrePeripheral: event=notify_queued peer=xx:7A:39 char=control bytes=26 label=value chunk=0 chunks=1 queued=1
08-07 13:38:12.795  8720  8720 I SpectrePeripheral: event=notify_send reason=enqueue peer=xx:7A:39 char=control bytes=26 label=value chunk=0 chunks=1 remaining=0
08-07 13:38:12.795  8720  8720 I SpectrePeripheral: event=secure_value_updated char=control channel=2 plainBytes=4 cipherBytes=26 notify=true
08-07 13:38:12.795  8720  8720 W SpectrePeripheral: event=enrichment_response_unframed records=18 pendingRecords=18 sessionId=0 batchId=0
08-07 13:38:12.795  8720  8720 I SpectrePeripheral: event=notify_chunked char=enrichment plainBytes=846 chunks=5 chunkPlainMax=200
08-07 13:38:12.796  8720  8720 I SpectrePeripheral: event=notify_chunk char=enrichment chunk=0 plainBytes=200 bytes=222
08-07 13:38:12.796  8720  8720 I SpectrePeripheral: event=notify_queued peer=xx:7A:39 char=enrichment bytes=222 label=chunked chunk=0 chunks=5 queued=1
08-07 13:38:12.796  8720  8720 I SpectrePeripheral: event=notify_chunk char=enrichment chunk=1 plainBytes=200 bytes=222
08-07 13:38:12.796  8720  8720 I SpectrePeripheral: event=notify_queued peer=xx:7A:39 char=enrichment bytes=222 label=chunked chunk=1 chunks=5 queued=2
08-07 13:38:12.796  8720  8720 I SpectrePeripheral: event=notify_chunk char=enrichment chunk=2 plainBytes=200 bytes=222
08-07 13:38:12.797  8720  8720 I SpectrePeripheral: event=notify_queued peer=xx:7A:39 char=enrichment bytes=222 label=chunked chunk=2 chunks=5 queued=3
08-07 13:38:12.797  8720  8720 I SpectrePeripheral: event=notify_chunk char=enrichment chunk=3 plainBytes=200 bytes=222
08-07 13:38:12.797  8720  8720 I SpectrePeripheral: event=notify_queued peer=xx:7A:39 char=enrichment bytes=222 label=chunked chunk=3 chunks=5 queued=4
08-07 13:38:12.797  8720  8720 I SpectrePeripheral: event=notify_chunk char=enrichment chunk=4 plainBytes=46 bytes=68
08-07 13:38:12.798  8720  8720 I SpectrePeripheral: event=notify_queued peer=xx:7A:39 char=enrichment bytes=68 label=chunked chunk=4 chunks=5 queued=5
08-07 13:38:12.798  8720  8720 I SpectrePeripheral: event=notify_sent peer=xx:7A:39 status=success remaining=5
08-07 13:38:12.799  8720  8720 I SpectrePeripheral: event=notify_send reason=sent peer=xx:7A:39 char=enrichment bytes=222 label=chunked chunk=0 chunks=5 remaining=4
08-07 13:38:12.836  8720  8720 I SpectrePeripheral: event=notify_sent peer=xx:7A:39 status=success remaining=4
08-07 13:38:12.913  8720  8720 I SpectrePeripheral: event=notify_send reason=sent_paced peer=xx:7A:39 char=enrichment bytes=222 label=chunked chunk=1 chunks=5 remaining=3
08-07 13:38:12.916  8720  8720 I SpectrePeripheral: event=notify_sent peer=xx:7A:39 status=success remaining=3
08-07 13:38:12.993  8720  8720 I SpectrePeripheral: event=notify_send reason=sent_paced peer=xx:7A:39 char=enrichment bytes=222 label=chunked chunk=2 chunks=5 remaining=2
08-07 13:38:12.995  8720  8720 I SpectrePeripheral: event=notify_sent peer=xx:7A:39 status=success remaining=2
08-07 13:38:13.072  8720  8720 I SpectrePeripheral: event=notify_send reason=sent_paced peer=xx:7A:39 char=enrichment bytes=222 label=chunked chunk=3 chunks=5 remaining=1
08-07 13:38:13.076  8720  8720 I SpectrePeripheral: event=notify_sent peer=xx:7A:39 status=success remaining=1
08-07 13:38:13.151  8720  8774 I SpectrePeripheral: event=char_read peer=xx:7A:39 char=gps requestId=345 offset=0 valueBytes=42 responseBytes=42
08-07 13:38:13.152  8720  8720 I SpectrePeripheral: event=notify_send reason=sent_paced peer=xx:7A:39 char=enrichment bytes=68 label=chunked chunk=4 chunks=5 remaining=0
08-07 13:38:13.154  8720  8720 I SpectrePeripheral: event=notify_sent peer=xx:7A:39 status=success remaining=0
08-07 13:38:13.333  8720  8774 I SpectrePeripheral: event=char_read peer=xx:7A:39 char=control requestId=346 offset=0 valueBytes=26 responseBytes=26
08-07 13:38:13.485  8720  8720 I SpectrePeripheral: event=char_write peer=xx:7A:39 char=event_batch requestId=347 offset=0 chunkBytes=202 totalBytes=202 prepared=false responseNeeded=true
08-07 13:38:13.486  8720  8720 I SpectrePeripheral: event=event_batch_received peer=xx:7A:39 cipherBytes=202 plainBytes=180 recordsEstimate=18 sessionId=0 batchId=0 totalBatches=133
08-07 13:38:13.684  8720  8747 I ReactNativeJS: [SpectreEnrich] batch events=18 matched=0 skipped=18 history=188 firstEvent=1783051478000 lastEvent=1783125820000 oldestHistory=1783461501000 newestHistory=1786126571866 nearestDriftMin=335681000 nearestDriftMax=410023000 nearestFixFirst=1783461501000 nativeRecorder=1
08-07 13:38:13.708  8720  8720 I SpectrePeripheral: event=update_value char=control bytes=4
08-07 13:38:13.708  8720  8720 I SpectrePeripheral: event=notify_requested char=control bytes=26 connected=1
08-07 13:38:13.709  8720  8720 I SpectrePeripheral: event=notify_queued peer=xx:7A:39 char=control bytes=26 label=value chunk=0 chunks=1 queued=1
08-07 13:38:13.710  8720  8720 I SpectrePeripheral: event=notify_send reason=enqueue peer=xx:7A:39 char=control bytes=26 label=value chunk=0 chunks=1 remaining=0
08-07 13:38:13.711  8720  8720 I SpectrePeripheral: event=secure_value_updated char=control channel=2 plainBytes=4 cipherBytes=26 notify=true
08-07 13:38:13.711  8720  8720 W SpectrePeripheral: event=enrichment_response_unframed records=18 pendingRecords=18 sessionId=0 batchId=0
08-07 13:38:13.711  8720  8720 I SpectrePeripheral: event=notify_chunked char=enrichment plainBytes=846 chunks=5 chunkPlainMax=200
08-07 13:38:13.711  8720  8720 I SpectrePeripheral: event=notify_chunk char=enrichment chunk=0 plainBytes=200 bytes=222
08-07 13:38:13.711  8720  8720 I SpectrePeripheral: event=notify_queued peer=xx:7A:39 char=enrichment bytes=222 label=chunked chunk=0 chunks=5 queued=1
08-07 13:38:13.712  8720  8720 I SpectrePeripheral: event=notify_chunk char=enrichment chunk=1 plainBytes=200 bytes=222
08-07 13:38:13.712  8720  8720 I SpectrePeripheral: event=notify_queued peer=xx:7A:39 char=enrichment bytes=222 label=chunked chunk=1 chunks=5 queued=2
08-07 13:38:13.712  8720  8720 I SpectrePeripheral: event=notify_chunk char=enrichment chunk=2 plainBytes=200 bytes=222
08-07 13:38:13.713  8720  8720 I SpectrePeripheral: event=notify_queued peer=xx:7A:39 char=enrichment bytes=222 label=chunked chunk=2 chunks=5 queued=3
08-07 13:38:13.713  8720  8720 I SpectrePeripheral: event=notify_chunk char=enrichment chunk=3 plainBytes=200 bytes=222
08-07 13:38:13.713  8720  8720 I SpectrePeripheral: event=notify_queued peer=xx:7A:39 char=enrichment bytes=222 label=chunked chunk=3 chunks=5 queued=4
08-07 13:38:13.713  8720  8720 I SpectrePeripheral: event=notify_chunk char=enrichment chunk=4 plainBytes=46 bytes=68
08-07 13:38:13.714  8720  8720 I SpectrePeripheral: event=notify_queued peer=xx:7A:39 char=enrichment bytes=68 label=chunked chunk=4 chunks=5 queued=5
08-07 13:38:13.714  8720  8720 I SpectrePeripheral: event=notify_sent peer=xx:7A:39 status=success remaining=5
08-07 13:38:13.715  8720  8720 I SpectrePeripheral: event=notify_send reason=sent peer=xx:7A:39 char=enrichment bytes=222 label=chunked chunk=0 chunks=5 remaining=4
08-07 13:38:13.751  8720  8720 I SpectrePeripheral: event=notify_sent peer=xx:7A:39 status=success remaining=4
08-07 13:38:13.828  8720  8720 I SpectrePeripheral: event=notify_send reason=sent_paced peer=xx:7A:39 char=enrichment bytes=222 label=chunked chunk=1 chunks=5 remaining=3
08-07 13:38:13.830  8720  8720 I SpectrePeripheral: event=notify_sent peer=xx:7A:39 status=success remaining=3
08-07 13:38:13.907  8720  8720 I SpectrePeripheral: event=notify_send reason=sent_paced peer=xx:7A:39 char=enrichment bytes=222 label=chunked chunk=2 chunks=5 remaining=2
08-07 13:38:13.910  8720  8720 I SpectrePeripheral: event=notify_sent peer=xx:7A:39 status=success remaining=2
08-07 13:38:13.985  8720  8720 I SpectrePeripheral: event=notify_send reason=sent_paced peer=xx:7A:39 char=enrichment bytes=222 label=chunked chunk=3 chunks=5 remaining=1
08-07 13:38:13.988  8720  8720 I SpectrePeripheral: event=notify_sent peer=xx:7A:39 status=success remaining=1
08-07 13:38:14.065  8720  8720 I SpectrePeripheral: event=notify_send reason=sent_paced peer=xx:7A:39 char=enrichment bytes=68 label=chunked chunk=4 chunks=5 remaining=0
08-07 13:38:14.067  8720  8720 I SpectrePeripheral: event=notify_sent peer=xx:7A:39 status=success remaining=0
08-07 13:38:14.388  8720  8720 I SpectrePeripheral: event=char_write peer=xx:7A:39 char=event_batch requestId=348 offset=0 chunkBytes=202 totalBytes=202 prepared=false responseNeeded=true
08-07 13:38:14.389  8720  8720 I SpectrePeripheral: event=event_batch_received peer=xx:7A:39 cipherBytes=202 plainBytes=180 recordsEstimate=18 sessionId=0 batchId=0 totalBatches=134
08-07 13:38:14.589  8720  8720 I SpectrePeripheral: event=update_value char=control bytes=4
08-07 13:38:14.589  8720  8720 I SpectrePeripheral: event=notify_requested char=control bytes=26 connected=1
08-07 13:38:14.591  8720  8720 I SpectrePeripheral: event=notify_queued peer=xx:7A:39 char=control bytes=26 label=value chunk=0 chunks=1 queued=1
08-07 13:38:14.591  8720  8720 I SpectrePeripheral: event=notify_send reason=enqueue peer=xx:7A:39 char=control bytes=26 label=value chunk=0 chunks=1 remaining=0
08-07 13:38:14.592  8720  8720 I SpectrePeripheral: event=secure_value_updated char=control channel=2 plainBytes=4 cipherBytes=26 notify=true
08-07 13:38:14.594  8720  8747 I ReactNativeJS: [SpectreEnrich] batch events=18 matched=0 skipped=18 history=188 firstEvent=1783089525000 lastEvent=1783125875000 oldestHistory=1783461501000 newestHistory=1786126571866 nearestDriftMin=335626000 nearestDriftMax=371976000 nearestFixFirst=1783461501000 nativeRecorder=1
08-07 13:38:14.624  8720  8720 I SpectrePeripheral: event=notify_sent peer=xx:7A:39 status=success remaining=0
08-07 13:38:14.624  8720  8720 W SpectrePeripheral: event=enrichment_response_unframed records=18 pendingRecords=18 sessionId=0 batchId=0
08-07 13:38:14.624  8720  8720 I SpectrePeripheral: event=notify_chunked char=enrichment plainBytes=846 chunks=5 chunkPlainMax=200
08-07 13:38:14.624  8720  8720 I SpectrePeripheral: event=notify_chunk char=enrichment chunk=0 plainBytes=200 bytes=222
08-07 13:38:14.624  8720  8720 I SpectrePeripheral: event=notify_queued peer=xx:7A:39 char=enrichment bytes=222 label=chunked chunk=0 chunks=5 queued=1
08-07 13:38:14.625  8720  8720 I SpectrePeripheral: event=notify_send reason=enqueue peer=xx:7A:39 char=enrichment bytes=222 label=chunked chunk=0 chunks=5 remaining=0
08-07 13:38:14.625  8720  8720 I SpectrePeripheral: event=notify_chunk char=enrichment chunk=1 plainBytes=200 bytes=222
08-07 13:38:14.625  8720  8720 I SpectrePeripheral: event=notify_queued peer=xx:7A:39 char=enrichment bytes=222 label=chunked chunk=1 chunks=5 queued=1
08-07 13:38:14.626  8720  8720 I SpectrePeripheral: event=notify_chunk char=enrichment chunk=2 plainBytes=200 bytes=222
08-07 13:38:14.626  8720  8720 I SpectrePeripheral: event=notify_queued peer=xx:7A:39 char=enrichment bytes=222 label=chunked chunk=2 chunks=5 queued=2
08-07 13:38:14.626  8720  8720 I SpectrePeripheral: event=notify_chunk char=enrichment chunk=3 plainBytes=200 bytes=222
08-07 13:38:14.628  8720  8720 I SpectrePeripheral: event=notify_queued peer=xx:7A:39 char=enrichment bytes=222 label=chunked chunk=3 chunks=5 queued=3
08-07 13:38:14.628  8720  8720 I SpectrePeripheral: event=notify_chunk char=enrichment chunk=4 plainBytes=46 bytes=68
08-07 13:38:14.628  8720  8720 I SpectrePeripheral: event=notify_queued peer=xx:7A:39 char=enrichment bytes=68 label=chunked chunk=4 chunks=5 queued=4
08-07 13:38:14.629  8720  8720 I SpectrePeripheral: event=notify_sent peer=xx:7A:39 status=success remaining=4
08-07 13:38:14.707  8720  8720 I SpectrePeripheral: event=notify_send reason=sent_paced peer=xx:7A:39 char=enrichment bytes=222 label=chunked chunk=1 chunks=5 remaining=3
08-07 13:38:14.708  8720  8720 I SpectrePeripheral: event=notify_sent peer=xx:7A:39 status=success remaining=3
08-07 13:38:14.785  8720  8720 I SpectrePeripheral: event=notify_send reason=sent_paced peer=xx:7A:39 char=enrichment bytes=222 label=chunked chunk=2 chunks=5 remaining=2
08-07 13:38:14.788  8720  8720 I SpectrePeripheral: event=notify_sent peer=xx:7A:39 status=success remaining=2
08-07 13:38:14.864  8720  8720 I SpectrePeripheral: event=notify_send reason=sent_paced peer=xx:7A:39 char=enrichment bytes=222 label=chunked chunk=3 chunks=5 remaining=1
08-07 13:38:14.866  8720  8720 I SpectrePeripheral: event=notify_sent peer=xx:7A:39 status=success remaining=1
08-07 13:38:14.942  8720  8720 I SpectrePeripheral: event=notify_send reason=sent_paced peer=xx:7A:39 char=enrichment bytes=68 label=chunked chunk=4 chunks=5 remaining=0
08-07 13:38:14.945  8720  8720 I SpectrePeripheral: event=notify_sent peer=xx:7A:39 status=success remaining=0
08-07 13:38:15.172  8720  8720 I SpectrePeripheral: event=char_write peer=xx:7A:39 char=event_batch requestId=349 offset=0 chunkBytes=202 totalBytes=202 prepared=false responseNeeded=true
08-07 13:38:15.174  8720  8720 I SpectrePeripheral: event=event_batch_received peer=xx:7A:39 cipherBytes=202 plainBytes=180 recordsEstimate=18 sessionId=0 batchId=0 totalBatches=135
08-07 13:38:15.344  8720  8747 I ReactNativeJS: [SpectreEnrich] batch events=18 matched=0 skipped=18 history=188 firstEvent=1783057933000 lastEvent=1783126009000 oldestHistory=1783461501000 newestHistory=1786126571866 nearestDriftMin=335492000 nearestDriftMax=403568000 nearestFixFirst=1783461501000 nativeRecorder=1
08-07 13:38:15.373  8720  8720 I SpectrePeripheral: event=update_value char=control bytes=4
08-07 13:38:15.373  8720  8720 I SpectrePeripheral: event=notify_requested char=control bytes=26 connected=1
08-07 13:38:15.374  8720  8720 I SpectrePeripheral: event=notify_queued peer=xx:7A:39 char=control bytes=26 label=value chunk=0 chunks=1 queued=1
08-07 13:38:15.375  8720  8720 I SpectrePeripheral: event=notify_send reason=enqueue peer=xx:7A:39 char=control bytes=26 label=value chunk=0 chunks=1 remaining=0
08-07 13:38:15.375  8720  8720 I SpectrePeripheral: event=secure_value_updated char=control channel=2 plainBytes=4 cipherBytes=26 notify=true
08-07 13:38:15.376  8720  8720 W SpectrePeripheral: event=enrichment_response_unframed records=18 pendingRecords=18 sessionId=0 batchId=0
08-07 13:38:15.376  8720  8720 I SpectrePeripheral: event=notify_chunked char=enrichment plainBytes=846 chunks=5 chunkPlainMax=200
08-07 13:38:15.376  8720  8720 I SpectrePeripheral: event=notify_chunk char=enrichment chunk=0 plainBytes=200 bytes=222
08-07 13:38:15.376  8720  8720 I SpectrePeripheral: event=notify_queued peer=xx:7A:39 char=enrichment bytes=222 label=chunked chunk=0 chunks=5 queued=1
08-07 13:38:15.376  8720  8720 I SpectrePeripheral: event=notify_chunk char=enrichment chunk=1 plainBytes=200 bytes=222
08-07 13:38:15.377  8720  8720 I SpectrePeripheral: event=notify_queued peer=xx:7A:39 char=enrichment bytes=222 label=chunked chunk=1 chunks=5 queued=2
08-07 13:38:15.377  8720  8720 I SpectrePeripheral: event=notify_chunk char=enrichment chunk=2 plainBytes=200 bytes=222
08-07 13:38:15.377  8720  8720 I SpectrePeripheral: event=notify_queued peer=xx:7A:39 char=enrichment bytes=222 label=chunked chunk=2 chunks=5 queued=3
08-07 13:38:15.378  8720  8720 I SpectrePeripheral: event=notify_chunk char=enrichment chunk=3 plainBytes=200 bytes=222
08-07 13:38:15.378  8720  8720 I SpectrePeripheral: event=notify_queued peer=xx:7A:39 char=enrichment bytes=222 label=chunked chunk=3 chunks=5 queued=4
08-07 13:38:15.378  8720  8720 I SpectrePeripheral: event=notify_chunk char=enrichment chunk=4 plainBytes=46 bytes=68
08-07 13:38:15.379  8720  8720 I SpectrePeripheral: event=notify_queued peer=xx:7A:39 char=enrichment bytes=68 label=chunked chunk=4 chunks=5 queued=5
08-07 13:38:15.379  8720  8720 I SpectrePeripheral: event=notify_sent peer=xx:7A:39 status=success remaining=5
08-07 13:38:15.379  8720  8720 I SpectrePeripheral: event=notify_send reason=sent peer=xx:7A:39 char=enrichment bytes=222 label=chunked chunk=0 chunks=5 remaining=4
08-07 13:38:15.416  8720  8720 I SpectrePeripheral: event=notify_sent peer=xx:7A:39 status=success remaining=4
08-07 13:38:15.458  8720  8774 I SpectrePeripheral: event=char_read peer=xx:7A:39 char=control requestId=350 offset=0 valueBytes=26 responseBytes=26
08-07 13:38:15.493  8720  8720 I SpectrePeripheral: event=notify_send reason=sent_paced peer=xx:7A:39 char=enrichment bytes=222 label=chunked chunk=1 chunks=5 remaining=3
08-07 13:38:15.496  8720  8720 I SpectrePeripheral: event=notify_sent peer=xx:7A:39 status=success remaining=3
08-07 13:38:15.571  8720  8720 I SpectrePeripheral: event=notify_send reason=sent_paced peer=xx:7A:39 char=enrichment bytes=222 label=chunked chunk=2 chunks=5 remaining=2
08-07 13:38:15.572  8720  8720 I SpectrePeripheral: event=notify_sent peer=xx:7A:39 status=success remaining=2
08-07 13:38:15.666  8720  8720 I SpectrePeripheral: event=notify_send reason=sent_paced peer=xx:7A:39 char=enrichment bytes=222 label=chunked chunk=3 chunks=5 remaining=1
08-07 13:38:15.669  8720  8720 I SpectrePeripheral: event=notify_sent peer=xx:7A:39 status=success remaining=1
08-07 13:38:15.745  8720  8720 I SpectrePeripheral: event=notify_send reason=sent_paced peer=xx:7A:39 char=enrichment bytes=68 label=chunked chunk=4 chunks=5 remaining=0
08-07 13:38:15.748  8720  8720 I SpectrePeripheral: event=notify_sent peer=xx:7A:39 status=success remaining=0
08-07 13:38:16.076  8720  8720 I SpectrePeripheral: event=char_write peer=xx:7A:39 char=event_batch requestId=351 offset=0 chunkBytes=202 totalBytes=202 prepared=false responseNeeded=true
08-07 13:38:16.077  8720  8720 I SpectrePeripheral: event=event_batch_received peer=xx:7A:39 cipherBytes=202 plainBytes=180 recordsEstimate=18 sessionId=0 batchId=0 totalBatches=136
08-07 13:38:16.265  8720  8747 I ReactNativeJS: [SpectreEnrich] batch events=18 matched=0 skipped=18 history=188 firstEvent=1783051830000 lastEvent=1783126237000 oldestHistory=1783461501000 newestHistory=1786126571866 nearestDriftMin=335264000 nearestDriftMax=409671000 nearestFixFirst=1783461501000 nativeRecorder=1
08-07 13:38:16.288  8720  8720 I SpectrePeripheral: event=update_value char=control bytes=4
08-07 13:38:16.288  8720  8720 I SpectrePeripheral: event=notify_requested char=control bytes=26 connected=1
08-07 13:38:16.290  8720  8720 I SpectrePeripheral: event=notify_queued peer=xx:7A:39 char=control bytes=26 label=value chunk=0 chunks=1 queued=1
08-07 13:38:16.291  8720  8720 I SpectrePeripheral: event=notify_send reason=enqueue peer=xx:7A:39 char=control bytes=26 label=value chunk=0 chunks=1 remaining=0
08-07 13:38:16.291  8720  8720 I SpectrePeripheral: event=secure_value_updated char=control channel=2 plainBytes=4 cipherBytes=26 notify=true
08-07 13:38:16.292  8720  8720 W SpectrePeripheral: event=enrichment_response_unframed records=18 pendingRecords=18 sessionId=0 batchId=0
08-07 13:38:16.292  8720  8720 I SpectrePeripheral: event=notify_chunked char=enrichment plainBytes=846 chunks=5 chunkPlainMax=200
08-07 13:38:16.292  8720  8720 I SpectrePeripheral: event=notify_chunk char=enrichment chunk=0 plainBytes=200 bytes=222
08-07 13:38:16.293  8720  8720 I SpectrePeripheral: event=notify_queued peer=xx:7A:39 char=enrichment bytes=222 label=chunked chunk=0 chunks=5 queued=1
08-07 13:38:16.293  8720  8720 I SpectrePeripheral: event=notify_chunk char=enrichment chunk=1 plainBytes=200 bytes=222
08-07 13:38:16.294  8720  8720 I SpectrePeripheral: event=notify_queued peer=xx:7A:39 char=enrichment bytes=222 label=chunked chunk=1 chunks=5 queued=2
08-07 13:38:16.294  8720  8720 I SpectrePeripheral: event=notify_chunk char=enrichment chunk=2 plainBytes=200 bytes=222
08-07 13:38:16.294  8720  8720 I SpectrePeripheral: event=notify_queued peer=xx:7A:39 char=enrichment bytes=222 label=chunked chunk=2 chunks=5 queued=3
08-07 13:38:16.294  8720  8720 I SpectrePeripheral: event=notify_chunk char=enrichment chunk=3 plainBytes=200 bytes=222
08-07 13:38:16.295  8720  8720 I SpectrePeripheral: event=notify_queued peer=xx:7A:39 char=enrichment bytes=222 label=chunked chunk=3 chunks=5 queued=4
08-07 13:38:16.295  8720  8720 I SpectrePeripheral: event=notify_chunk char=enrichment chunk=4 plainBytes=46 bytes=68
08-07 13:38:16.296  8720  8720 I SpectrePeripheral: event=notify_queued peer=xx:7A:39 char=enrichment bytes=68 label=chunked chunk=4 chunks=5 queued=5
08-07 13:38:16.297  8720  8720 I SpectrePeripheral: event=notify_sent peer=xx:7A:39 status=success remaining=5
08-07 13:38:16.297  8720  8720 I SpectrePeripheral: event=notify_send reason=sent peer=xx:7A:39 char=enrichment bytes=222 label=chunked chunk=0 chunks=5 remaining=4
08-07 13:38:16.331  8720  8720 I SpectrePeripheral: event=notify_sent peer=xx:7A:39 status=success remaining=4
08-07 13:38:16.407  8720  8720 I SpectrePeripheral: event=notify_send reason=sent_paced peer=xx:7A:39 char=enrichment bytes=222 label=chunked chunk=1 chunks=5 remaining=3
08-07 13:38:16.409  8720  8720 I SpectrePeripheral: event=notify_sent peer=xx:7A:39 status=success remaining=3
08-07 13:38:16.486  8720  8720 I SpectrePeripheral: event=notify_send reason=sent_paced peer=xx:7A:39 char=enrichment bytes=222 label=chunked chunk=2 chunks=5 remaining=2
08-07 13:38:16.489  8720  8720 I SpectrePeripheral: event=notify_sent peer=xx:7A:39 status=success remaining=2
08-07 13:38:16.565  8720  8720 I SpectrePeripheral: event=notify_send reason=sent_paced peer=xx:7A:39 char=enrichment bytes=222 label=chunked chunk=3 chunks=5 remaining=1
08-07 13:38:16.567  8720  8720 I SpectrePeripheral: event=notify_sent peer=xx:7A:39 status=success remaining=1
08-07 13:38:16.644  8720  8720 I SpectrePeripheral: event=notify_send reason=sent_paced peer=xx:7A:39 char=enrichment bytes=68 label=chunked chunk=4 chunks=5 remaining=0
08-07 13:38:16.647  8720  8720 I SpectrePeripheral: event=notify_sent peer=xx:7A:39 status=success remaining=0
08-07 13:38:16.966  8720  8720 I SpectrePeripheral: event=char_write peer=xx:7A:39 char=event_batch requestId=352 offset=0 chunkBytes=202 totalBytes=202 prepared=false responseNeeded=true
08-07 13:38:16.967  8720  8720 I SpectrePeripheral: event=event_batch_received peer=xx:7A:39 cipherBytes=202 plainBytes=180 recordsEstimate=18 sessionId=0 batchId=0 totalBatches=137
08-07 13:38:17.180  8720  8747 I ReactNativeJS: [SpectreEnrich] batch events=18 matched=0 skipped=18 history=188 firstEvent=1783052070000 lastEvent=1783126357000 oldestHistory=1783461501000 newestHistory=1786126571866 nearestDriftMin=335144000 nearestDriftMax=409431000 nearestFixFirst=1783461501000 nativeRecorder=1
08-07 13:38:17.204  8720  8720 I SpectrePeripheral: event=update_value char=control bytes=4
08-07 13:38:17.204  8720  8720 I SpectrePeripheral: event=notify_requested char=control bytes=26 connected=1
08-07 13:38:17.205  8720  8720 I SpectrePeripheral: event=notify_queued peer=xx:7A:39 char=control bytes=26 label=value chunk=0 chunks=1 queued=1
08-07 13:38:17.206  8720  8720 I SpectrePeripheral: event=notify_send reason=enqueue peer=xx:7A:39 char=control bytes=26 label=value chunk=0 chunks=1 remaining=0
08-07 13:38:17.206  8720  8720 I SpectrePeripheral: event=secure_value_updated char=control channel=2 plainBytes=4 cipherBytes=26 notify=true
08-07 13:38:17.207  8720  8720 W SpectrePeripheral: event=enrichment_response_unframed records=18 pendingRecords=18 sessionId=0 batchId=0
08-07 13:38:17.207  8720  8720 I SpectrePeripheral: event=notify_chunked char=enrichment plainBytes=846 chunks=5 chunkPlainMax=200
08-07 13:38:17.207  8720  8720 I SpectrePeripheral: event=notify_chunk char=enrichment chunk=0 plainBytes=200 bytes=222
08-07 13:38:17.208  8720  8720 I SpectrePeripheral: event=notify_queued peer=xx:7A:39 char=enrichment bytes=222 label=chunked chunk=0 chunks=5 queued=1
08-07 13:38:17.208  8720  8720 I SpectrePeripheral: event=notify_chunk char=enrichment chunk=1 plainBytes=200 bytes=222
08-07 13:38:17.208  8720  8720 I SpectrePeripheral: event=notify_queued peer=xx:7A:39 char=enrichment bytes=222 label=chunked chunk=1 chunks=5 queued=2
08-07 13:38:17.208  8720  8720 I SpectrePeripheral: event=notify_chunk char=enrichment chunk=2 plainBytes=200 bytes=222
08-07 13:38:17.209  8720  8720 I SpectrePeripheral: event=notify_queued peer=xx:7A:39 char=enrichment bytes=222 label=chunked chunk=2 chunks=5 queued=3
08-07 13:38:17.209  8720  8720 I SpectrePeripheral: event=notify_chunk char=enrichment chunk=3 plainBytes=200 bytes=222
08-07 13:38:17.209  8720  8720 I SpectrePeripheral: event=notify_queued peer=xx:7A:39 char=enrichment bytes=222 label=chunked chunk=3 chunks=5 queued=4
08-07 13:38:17.210  8720  8720 I SpectrePeripheral: event=notify_chunk char=enrichment chunk=4 plainBytes=46 bytes=68
08-07 13:38:17.210  8720  8720 I SpectrePeripheral: event=notify_queued peer=xx:7A:39 char=enrichment bytes=68 label=chunked chunk=4 chunks=5 queued=5
08-07 13:38:17.211  8720  8720 I SpectrePeripheral: event=notify_sent peer=xx:7A:39 status=success remaining=5
08-07 13:38:17.212  8720  8720 I SpectrePeripheral: event=notify_send reason=sent peer=xx:7A:39 char=enrichment bytes=222 label=chunked chunk=0 chunks=5 remaining=4
08-07 13:38:17.245  8720  8720 I SpectrePeripheral: event=notify_sent peer=xx:7A:39 status=success remaining=4
08-07 13:38:17.322  8720  8720 I SpectrePeripheral: event=notify_send reason=sent_paced peer=xx:7A:39 char=enrichment bytes=222 label=chunked chunk=1 chunks=5 remaining=3
08-07 13:38:17.325  8720  8720 I SpectrePeripheral: event=notify_sent peer=xx:7A:39 status=success remaining=3
08-07 13:38:17.401  8720  8720 I SpectrePeripheral: event=notify_send reason=sent_paced peer=xx:7A:39 char=enrichment bytes=222 label=chunked chunk=2 chunks=5 remaining=2
08-07 13:38:17.404  8720  8720 I SpectrePeripheral: event=notify_sent peer=xx:7A:39 status=success remaining=2
08-07 13:38:17.481  8720  8720 I SpectrePeripheral: event=notify_send reason=sent_paced peer=xx:7A:39 char=enrichment bytes=222 label=chunked chunk=3 chunks=5 remaining=1
08-07 13:38:17.483  8720  8720 I SpectrePeripheral: event=notify_sent peer=xx:7A:39 status=success remaining=1
08-07 13:38:17.559  8720  8720 I SpectrePeripheral: event=notify_send reason=sent_paced peer=xx:7A:39 char=enrichment bytes=68 label=chunked chunk=4 chunks=5 remaining=0
08-07 13:38:17.562  8720  8720 I SpectrePeripheral: event=notify_sent peer=xx:7A:39 status=success remaining=0
08-07 13:38:17.592  8720  8762 I SpectrePeripheral: event=char_read peer=xx:7A:39 char=control requestId=353 offset=0 valueBytes=26 responseBytes=26
08-07 13:38:17.896  8720  8720 I SpectrePeripheral: event=char_write peer=xx:7A:39 char=event_batch requestId=354 offset=0 chunkBytes=202 totalBytes=202 prepared=false responseNeeded=true
08-07 13:38:17.898  8720  8720 I SpectrePeripheral: event=event_batch_received peer=xx:7A:39 cipherBytes=202 plainBytes=180 recordsEstimate=18 sessionId=0 batchId=0 totalBatches=138
08-07 13:38:18.096  8720  8747 I ReactNativeJS: [SpectreEnrich] batch events=18 matched=0 skipped=18 history=188 firstEvent=1783058401000 lastEvent=1783126614000 oldestHistory=1783461501000 newestHistory=1786126571866 nearestDriftMin=334887000 nearestDriftMax=403100000 nearestFixFirst=1783461501000 nativeRecorder=1
08-07 13:38:18.119  8720  8720 I SpectrePeripheral: event=update_value char=control bytes=4
08-07 13:38:18.119  8720  8720 I SpectrePeripheral: event=notify_requested char=control bytes=26 connected=1
08-07 13:38:18.121  8720  8720 I SpectrePeripheral: event=notify_queued peer=xx:7A:39 char=control bytes=26 label=value chunk=0 chunks=1 queued=1
08-07 13:38:18.121  8720  8720 I SpectrePeripheral: event=notify_send reason=enqueue peer=xx:7A:39 char=control bytes=26 label=value chunk=0 chunks=1 remaining=0
08-07 13:38:18.122  8720  8720 I SpectrePeripheral: event=secure_value_updated char=control channel=2 plainBytes=4 cipherBytes=26 notify=true
08-07 13:38:18.122  8720  8720 W SpectrePeripheral: event=enrichment_response_unframed records=18 pendingRecords=18 sessionId=0 batchId=0
08-07 13:38:18.122  8720  8720 I SpectrePeripheral: event=notify_chunked char=enrichment plainBytes=846 chunks=5 chunkPlainMax=200
08-07 13:38:18.122  8720  8720 I SpectrePeripheral: event=notify_chunk char=enrichment chunk=0 plainBytes=200 bytes=222
08-07 13:38:18.123  8720  8720 I SpectrePeripheral: event=notify_queued peer=xx:7A:39 char=enrichment bytes=222 label=chunked chunk=0 chunks=5 queued=1
08-07 13:38:18.123  8720  8720 I SpectrePeripheral: event=notify_chunk char=enrichment chunk=1 plainBytes=200 bytes=222
08-07 13:38:18.124  8720  8720 I SpectrePeripheral: event=notify_queued peer=xx:7A:39 char=enrichment bytes=222 label=chunked chunk=1 chunks=5 queued=2
08-07 13:38:18.124  8720  8720 I SpectrePeripheral: event=notify_chunk char=enrichment chunk=2 plainBytes=200 bytes=222
08-07 13:38:18.124  8720  8720 I SpectrePeripheral: event=notify_queued peer=xx:7A:39 char=enrichment bytes=222 label=chunked chunk=2 chunks=5 queued=3
08-07 13:38:18.124  8720  8720 I SpectrePeripheral: event=notify_chunk char=enrichment chunk=3 plainBytes=200 bytes=222
08-07 13:38:18.125  8720  8720 I SpectrePeripheral: event=notify_queued peer=xx:7A:39 char=enrichment bytes=222 label=chunked chunk=3 chunks=5 queued=4
08-07 13:38:18.125  8720  8720 I SpectrePeripheral: event=notify_chunk char=enrichment chunk=4 plainBytes=46 bytes=68
08-07 13:38:18.125  8720  8720 I SpectrePeripheral: event=notify_queued peer=xx:7A:39 char=enrichment bytes=68 label=chunked chunk=4 chunks=5 queued=5
08-07 13:38:18.127  8720  8720 I SpectrePeripheral: event=notify_sent peer=xx:7A:39 status=success remaining=5
08-07 13:38:18.127  8720  8720 I SpectrePeripheral: event=notify_send reason=sent peer=xx:7A:39 char=enrichment bytes=222 label=chunked chunk=0 chunks=5 remaining=4
08-07 13:38:18.162  8720  8720 I SpectrePeripheral: event=notify_sent peer=xx:7A:39 status=success remaining=4
08-07 13:38:18.191  8720  8762 I SpectrePeripheral: event=char_read peer=xx:7A:39 char=gps requestId=355 offset=0 valueBytes=42 responseBytes=42
08-07 13:38:18.239  8720  8720 I SpectrePeripheral: event=notify_send reason=sent_paced peer=xx:7A:39 char=enrichment bytes=222 label=chunked chunk=1 chunks=5 remaining=3
08-07 13:38:18.242  8720  8720 I SpectrePeripheral: event=notify_sent peer=xx:7A:39 status=success remaining=3
08-07 13:38:18.319  8720  8720 I SpectrePeripheral: event=notify_send reason=sent_paced peer=xx:7A:39 char=enrichment bytes=222 label=chunked chunk=2 chunks=5 remaining=2
08-07 13:38:18.321  8720  8720 I SpectrePeripheral: event=notify_sent peer=xx:7A:39 status=success remaining=2
08-07 13:38:18.399  8720  8720 I SpectrePeripheral: event=notify_send reason=sent_paced peer=xx:7A:39 char=enrichment bytes=222 label=chunked chunk=3 chunks=5 remaining=1
08-07 13:38:18.402  8720  8720 I SpectrePeripheral: event=notify_sent peer=xx:7A:39 status=success remaining=1
08-07 13:38:18.478  8720  8720 I SpectrePeripheral: event=notify_send reason=sent_paced peer=xx:7A:39 char=enrichment bytes=68 label=chunked chunk=4 chunks=5 remaining=0
08-07 13:38:18.482  8720  8720 I SpectrePeripheral: event=notify_sent peer=xx:7A:39 status=success remaining=0
08-07 13:38:18.800  8720  8720 I SpectrePeripheral: event=char_write peer=xx:7A:39 char=event_batch requestId=356 offset=0 chunkBytes=202 totalBytes=202 prepared=false responseNeeded=true
08-07 13:38:18.801  8720  8720 I SpectrePeripheral: event=event_batch_received peer=xx:7A:39 cipherBytes=202 plainBytes=180 recordsEstimate=18 sessionId=0 batchId=0 totalBatches=139
08-07 13:38:19.007  8720  8747 I ReactNativeJS: [SpectreEnrich] batch events=18 matched=0 skipped=18 history=188 firstEvent=1783090323000 lastEvent=1783126625000 oldestHistory=1783461501000 newestHistory=1786126571866 nearestDriftMin=334876000 nearestDriftMax=371178000 nearestFixFirst=1783461501000 nativeRecorder=1
08-07 13:38:19.035  8720  8720 I SpectrePeripheral: event=update_value char=control bytes=4
08-07 13:38:19.035  8720  8720 I SpectrePeripheral: event=notify_requested char=control bytes=26 connected=1
08-07 13:38:19.037  8720  8720 I SpectrePeripheral: event=notify_queued peer=xx:7A:39 char=control bytes=26 label=value chunk=0 chunks=1 queued=1
08-07 13:38:19.037  8720  8720 I SpectrePeripheral: event=notify_send reason=enqueue peer=xx:7A:39 char=control bytes=26 label=value chunk=0 chunks=1 remaining=0
08-07 13:38:19.039  8720  8720 I SpectrePeripheral: event=secure_value_updated char=control channel=2 plainBytes=4 cipherBytes=26 notify=true
08-07 13:38:19.039  8720  8720 W SpectrePeripheral: event=enrichment_response_unframed records=18 pendingRecords=18 sessionId=0 batchId=0
08-07 13:38:19.039  8720  8720 I SpectrePeripheral: event=notify_chunked char=enrichment plainBytes=846 chunks=5 chunkPlainMax=200
08-07 13:38:19.039  8720  8720 I SpectrePeripheral: event=notify_chunk char=enrichment chunk=0 plainBytes=200 bytes=222
08-07 13:38:19.040  8720  8720 I SpectrePeripheral: event=notify_queued peer=xx:7A:39 char=enrichment bytes=222 label=chunked chunk=0 chunks=5 queued=1
08-07 13:38:19.040  8720  8720 I SpectrePeripheral: event=notify_chunk char=enrichment chunk=1 plainBytes=200 bytes=222
08-07 13:38:19.040  8720  8720 I SpectrePeripheral: event=notify_queued peer=xx:7A:39 char=enrichment bytes=222 label=chunked chunk=1 chunks=5 queued=2
08-07 13:38:19.041  8720  8720 I SpectrePeripheral: event=notify_chunk char=enrichment chunk=2 plainBytes=200 bytes=222
08-07 13:38:19.041  8720  8720 I SpectrePeripheral: event=notify_queued peer=xx:7A:39 char=enrichment bytes=222 label=chunked chunk=2 chunks=5 queued=3
08-07 13:38:19.041  8720  8720 I SpectrePeripheral: event=notify_chunk char=enrichment chunk=3 plainBytes=200 bytes=222
08-07 13:38:19.042  8720  8720 I SpectrePeripheral: event=notify_queued peer=xx:7A:39 char=enrichment bytes=222 label=chunked chunk=3 chunks=5 queued=4
08-07 13:38:19.042  8720  8720 I SpectrePeripheral: event=notify_chunk char=enrichment chunk=4 plainBytes=46 bytes=68
08-07 13:38:19.042  8720  8720 I SpectrePeripheral: event=notify_queued peer=xx:7A:39 char=enrichment bytes=68 label=chunked chunk=4 chunks=5 queued=5
08-07 13:38:19.043  8720  8720 I SpectrePeripheral: event=notify_sent peer=xx:7A:39 status=success remaining=5
08-07 13:38:19.044  8720  8720 I SpectrePeripheral: event=notify_send reason=sent peer=xx:7A:39 char=enrichment bytes=222 label=chunked chunk=0 chunks=5 remaining=4
08-07 13:38:19.078  8720  8720 I SpectrePeripheral: event=notify_sent peer=xx:7A:39 status=success remaining=4
08-07 13:38:19.154  8720  8720 I SpectrePeripheral: event=notify_send reason=sent_paced peer=xx:7A:39 char=enrichment bytes=222 label=chunked chunk=1 chunks=5 remaining=3
08-07 13:38:19.157  8720  8720 I SpectrePeripheral: event=notify_sent peer=xx:7A:39 status=success remaining=3
08-07 13:38:19.233  8720  8720 I SpectrePeripheral: event=notify_send reason=sent_paced peer=xx:7A:39 char=enrichment bytes=222 label=chunked chunk=2 chunks=5 remaining=2
08-07 13:38:19.236  8720  8720 I SpectrePeripheral: event=notify_sent peer=xx:7A:39 status=success remaining=2
08-07 13:38:19.311  8720  8720 I SpectrePeripheral: event=notify_send reason=sent_paced peer=xx:7A:39 char=enrichment bytes=222 label=chunked chunk=3 chunks=5 remaining=1
08-07 13:38:19.313  8720  8720 I SpectrePeripheral: event=notify_sent peer=xx:7A:39 status=success remaining=1
08-07 13:38:19.391  8720  8720 I SpectrePeripheral: event=notify_send reason=sent_paced peer=xx:7A:39 char=enrichment bytes=68 label=chunked chunk=4 chunks=5 remaining=0
08-07 13:38:19.394  8720  8720 I SpectrePeripheral: event=notify_sent peer=xx:7A:39 status=success remaining=0
08-07 13:38:19.721  8720  8762 I SpectrePeripheral: event=char_read peer=xx:7A:39 char=control requestId=357 offset=0 valueBytes=26 responseBytes=26
08-07 13:38:19.784  8720  8720 I SpectrePeripheral: event=char_write peer=xx:7A:39 char=event_batch requestId=358 offset=0 chunkBytes=202 totalBytes=202 prepared=false responseNeeded=true
08-07 13:38:19.785  8720  8720 I SpectrePeripheral: event=event_batch_received peer=xx:7A:39 cipherBytes=202 plainBytes=180 recordsEstimate=18 sessionId=0 batchId=0 totalBatches=140
08-07 13:38:19.968  8720  8747 I ReactNativeJS: [SpectreEnrich] batch events=18 matched=0 skipped=18 history=188 firstEvent=1783052395000 lastEvent=1783126744000 oldestHistory=1783461501000 newestHistory=1786126571866 nearestDriftMin=334757000 nearestDriftMax=409106000 nearestFixFirst=1783461501000 nativeRecorder=1
08-07 13:38:19.991  8720  8720 I SpectrePeripheral: event=update_value char=control bytes=4
08-07 13:38:19.991  8720  8720 I SpectrePeripheral: event=notify_requested char=control bytes=26 connected=1
08-07 13:38:19.993  8720  8720 I SpectrePeripheral: event=notify_queued peer=xx:7A:39 char=control bytes=26 label=value chunk=0 chunks=1 queued=1
08-07 13:38:19.994  8720  8720 I SpectrePeripheral: event=notify_send reason=enqueue peer=xx:7A:39 char=control bytes=26 label=value chunk=0 chunks=1 remaining=0
08-07 13:38:19.994  8720  8720 I SpectrePeripheral: event=secure_value_updated char=control channel=2 plainBytes=4 cipherBytes=26 notify=true
08-07 13:38:19.995  8720  8720 W SpectrePeripheral: event=enrichment_response_unframed records=18 pendingRecords=18 sessionId=0 batchId=0
08-07 13:38:19.995  8720  8720 I SpectrePeripheral: event=notify_chunked char=enrichment plainBytes=846 chunks=5 chunkPlainMax=200
08-07 13:38:19.995  8720  8720 I SpectrePeripheral: event=notify_chunk char=enrichment chunk=0 plainBytes=200 bytes=222
08-07 13:38:19.995  8720  8720 I SpectrePeripheral: event=notify_queued peer=xx:7A:39 char=enrichment bytes=222 label=chunked chunk=0 chunks=5 queued=1
08-07 13:38:19.995  8720  8720 I SpectrePeripheral: event=notify_chunk char=enrichment chunk=1 plainBytes=200 bytes=222
08-07 13:38:19.996  8720  8720 I SpectrePeripheral: event=notify_queued peer=xx:7A:39 char=enrichment bytes=222 label=chunked chunk=1 chunks=5 queued=2
08-07 13:38:19.996  8720  8720 I SpectrePeripheral: event=notify_chunk char=enrichment chunk=2 plainBytes=200 bytes=222
08-07 13:38:19.996  8720  8720 I SpectrePeripheral: event=notify_queued peer=xx:7A:39 char=enrichment bytes=222 label=chunked chunk=2 chunks=5 queued=3
08-07 13:38:19.996  8720  8720 I SpectrePeripheral: event=notify_chunk char=enrichment chunk=3 plainBytes=200 bytes=222
08-07 13:38:19.997  8720  8720 I SpectrePeripheral: event=notify_queued peer=xx:7A:39 char=enrichment bytes=222 label=chunked chunk=3 chunks=5 queued=4
08-07 13:38:19.997  8720  8720 I SpectrePeripheral: event=notify_chunk char=enrichment chunk=4 plainBytes=46 bytes=68
08-07 13:38:19.997  8720  8720 I SpectrePeripheral: event=notify_queued peer=xx:7A:39 char=enrichment bytes=68 label=chunked chunk=4 chunks=5 queued=5
08-07 13:38:19.998  8720  8720 I SpectrePeripheral: event=notify_sent peer=xx:7A:39 status=success remaining=5
08-07 13:38:19.998  8720  8720 I SpectrePeripheral: event=notify_send reason=sent peer=xx:7A:39 char=enrichment bytes=222 label=chunked chunk=0 chunks=5 remaining=4
08-07 13:38:20.033  8720  8720 I SpectrePeripheral: event=notify_sent peer=xx:7A:39 status=success remaining=4
08-07 13:38:20.110  8720  8720 I SpectrePeripheral: event=notify_send reason=sent_paced peer=xx:7A:39 char=enrichment bytes=222 label=chunked chunk=1 chunks=5 remaining=3
08-07 13:38:20.112  8720  8720 I SpectrePeripheral: event=notify_sent peer=xx:7A:39 status=success remaining=3
08-07 13:38:20.188  8720  8720 I SpectrePeripheral: event=notify_send reason=sent_paced peer=xx:7A:39 char=enrichment bytes=222 label=chunked chunk=2 chunks=5 remaining=2
08-07 13:38:20.192  8720  8720 I SpectrePeripheral: event=notify_sent peer=xx:7A:39 status=success remaining=2
08-07 13:38:20.269  8720  8720 I SpectrePeripheral: event=notify_send reason=sent_paced peer=xx:7A:39 char=enrichment bytes=222 label=chunked chunk=3 chunks=5 remaining=1
08-07 13:38:20.272  8720  8720 I SpectrePeripheral: event=notify_sent peer=xx:7A:39 status=success remaining=1
08-07 13:38:20.347  8720  8720 I SpectrePeripheral: event=notify_send reason=sent_paced peer=xx:7A:39 char=enrichment bytes=68 label=chunked chunk=4 chunks=5 remaining=0
08-07 13:38:20.349  8720  8720 I SpectrePeripheral: event=notify_sent peer=xx:7A:39 status=success remaining=0
08-07 13:38:20.629  8720  8720 I SpectrePeripheral: event=char_write peer=xx:7A:39 char=event_batch requestId=359 offset=0 chunkBytes=202 totalBytes=202 prepared=false responseNeeded=true
08-07 13:38:20.631  8720  8720 I SpectrePeripheral: event=event_batch_received peer=xx:7A:39 cipherBytes=202 plainBytes=180 recordsEstimate=18 sessionId=0 batchId=0 totalBatches=141
08-07 13:38:20.806  8720  8720 I SpectrePeripheral: event=update_value char=control bytes=4
08-07 13:38:20.806  8720  8720 I SpectrePeripheral: event=notify_requested char=control bytes=26 connected=1
08-07 13:38:20.807  8720  8720 I SpectrePeripheral: event=notify_queued peer=xx:7A:39 char=control bytes=26 label=value chunk=0 chunks=1 queued=1
08-07 13:38:20.808  8720  8720 I SpectrePeripheral: event=notify_send reason=enqueue peer=xx:7A:39 char=control bytes=26 label=value chunk=0 chunks=1 remaining=0
08-07 13:38:20.809  8720  8720 I SpectrePeripheral: event=secure_value_updated char=control channel=2 plainBytes=4 cipherBytes=26 notify=true
08-07 13:38:20.810  8720  8747 I ReactNativeJS: [SpectreEnrich] batch events=18 matched=0 skipped=18 history=188 firstEvent=1783052574000 lastEvent=1783127119000 oldestHistory=1783461501000 newestHistory=1786126571866 nearestDriftMin=334382000 nearestDriftMax=408927000 nearestFixFirst=1783461501000 nativeRecorder=1
08-07 13:38:20.811  8720  8720 I SpectrePeripheral: event=notify_sent peer=xx:7A:39 status=success remaining=0
08-07 13:38:20.811  8720  8720 W SpectrePeripheral: event=enrichment_response_unframed records=18 pendingRecords=18 sessionId=0 batchId=0
08-07 13:38:20.811  8720  8720 I SpectrePeripheral: event=notify_chunked char=enrichment plainBytes=846 chunks=5 chunkPlainMax=200
08-07 13:38:20.812  8720  8720 I SpectrePeripheral: event=notify_chunk char=enrichment chunk=0 plainBytes=200 bytes=222
08-07 13:38:20.814  8720  8720 I SpectrePeripheral: event=notify_queued peer=xx:7A:39 char=enrichment bytes=222 label=chunked chunk=0 chunks=5 queued=1
08-07 13:38:20.815  8720  8720 I SpectrePeripheral: event=notify_send reason=enqueue peer=xx:7A:39 char=enrichment bytes=222 label=chunked chunk=0 chunks=5 remaining=0
08-07 13:38:20.815  8720  8720 I SpectrePeripheral: event=notify_chunk char=enrichment chunk=1 plainBytes=200 bytes=222
08-07 13:38:20.816  8720  8720 I SpectrePeripheral: event=notify_queued peer=xx:7A:39 char=enrichment bytes=222 label=chunked chunk=1 chunks=5 queued=1
08-07 13:38:20.816  8720  8720 I SpectrePeripheral: event=notify_chunk char=enrichment chunk=2 plainBytes=200 bytes=222
08-07 13:38:20.816  8720  8720 I SpectrePeripheral: event=notify_queued peer=xx:7A:39 char=enrichment bytes=222 label=chunked chunk=2 chunks=5 queued=2
08-07 13:38:20.816  8720  8720 I SpectrePeripheral: event=notify_chunk char=enrichment chunk=3 plainBytes=200 bytes=222
08-07 13:38:20.816  8720  8720 I SpectrePeripheral: event=notify_queued peer=xx:7A:39 char=enrichment bytes=222 label=chunked chunk=3 chunks=5 queued=3
08-07 13:38:20.816  8720  8720 I SpectrePeripheral: event=notify_chunk char=enrichment chunk=4 plainBytes=46 bytes=68
08-07 13:38:20.817  8720  8720 I SpectrePeripheral: event=notify_queued peer=xx:7A:39 char=enrichment bytes=68 label=chunked chunk=4 chunks=5 queued=4
08-07 13:38:20.817  8720  8720 I SpectrePeripheral: event=notify_sent peer=xx:7A:39 status=success remaining=4
08-07 13:38:20.894  8720  8720 I SpectrePeripheral: event=notify_send reason=sent_paced peer=xx:7A:39 char=enrichment bytes=222 label=chunked chunk=1 chunks=5 remaining=3
08-07 13:38:20.896  8720  8720 I SpectrePeripheral: event=notify_sent peer=xx:7A:39 status=success remaining=3
08-07 13:38:20.974  8720  8720 I SpectrePeripheral: event=notify_send reason=sent_paced peer=xx:7A:39 char=enrichment bytes=222 label=chunked chunk=2 chunks=5 remaining=2
08-07 13:38:20.977  8720  8720 I SpectrePeripheral: event=notify_sent peer=xx:7A:39 status=success remaining=2
08-07 13:38:21.054  8720  8720 I SpectrePeripheral: event=notify_send reason=sent_paced peer=xx:7A:39 char=enrichment bytes=222 label=chunked chunk=3 chunks=5 remaining=1
08-07 13:38:21.057  8720  8720 I SpectrePeripheral: event=notify_sent peer=xx:7A:39 status=success remaining=1
08-07 13:38:21.132  8720  8720 I SpectrePeripheral: event=notify_send reason=sent_paced peer=xx:7A:39 char=enrichment bytes=68 label=chunked chunk=4 chunks=5 remaining=0
08-07 13:38:21.135  8720  8720 I SpectrePeripheral: event=notify_sent peer=xx:7A:39 status=success remaining=0
08-07 13:38:21.380  8720  8720 I SpectrePeripheral: event=char_write peer=xx:7A:39 char=event_batch requestId=360 offset=0 chunkBytes=202 totalBytes=202 prepared=false responseNeeded=true
08-07 13:38:21.381  8720  8720 I SpectrePeripheral: event=event_batch_received peer=xx:7A:39 cipherBytes=202 plainBytes=180 recordsEstimate=18 sessionId=0 batchId=0 totalBatches=142
08-07 13:38:21.555  8720  8720 I SpectrePeripheral: event=update_value char=control bytes=4
08-07 13:38:21.555  8720  8720 I SpectrePeripheral: event=notify_requested char=control bytes=26 connected=1
08-07 13:38:21.556  8720  8747 I ReactNativeJS: [SpectreEnrich] batch events=18 matched=0 skipped=18 history=188 firstEvent=1783052972000 lastEvent=1783127775000 oldestHistory=1783461501000 newestHistory=1786126571866 nearestDriftMin=333726000 nearestDriftMax=408529000 nearestFixFirst=1783461501000 nativeRecorder=1
08-07 13:38:21.558  8720  8720 I SpectrePeripheral: event=notify_queued peer=xx:7A:39 char=control bytes=26 label=value chunk=0 chunks=1 queued=1
08-07 13:38:21.559  8720  8720 I SpectrePeripheral: event=notify_send reason=enqueue peer=xx:7A:39 char=control bytes=26 label=value chunk=0 chunks=1 remaining=0
08-07 13:38:21.559  8720  8720 I SpectrePeripheral: event=secure_value_updated char=control channel=2 plainBytes=4 cipherBytes=26 notify=true
08-07 13:38:21.559  8720  8720 W SpectrePeripheral: event=enrichment_response_unframed records=18 pendingRecords=18 sessionId=0 batchId=0
08-07 13:38:21.559  8720  8720 I SpectrePeripheral: event=notify_chunked char=enrichment plainBytes=846 chunks=5 chunkPlainMax=200
08-07 13:38:21.560  8720  8720 I SpectrePeripheral: event=notify_chunk char=enrichment chunk=0 plainBytes=200 bytes=222
08-07 13:38:21.560  8720  8720 I SpectrePeripheral: event=notify_queued peer=xx:7A:39 char=enrichment bytes=222 label=chunked chunk=0 chunks=5 queued=1
08-07 13:38:21.560  8720  8720 I SpectrePeripheral: event=notify_chunk char=enrichment chunk=1 plainBytes=200 bytes=222
08-07 13:38:21.560  8720  8720 I SpectrePeripheral: event=notify_queued peer=xx:7A:39 char=enrichment bytes=222 label=chunked chunk=1 chunks=5 queued=2
08-07 13:38:21.561  8720  8720 I SpectrePeripheral: event=notify_chunk char=enrichment chunk=2 plainBytes=200 bytes=222
08-07 13:38:21.561  8720  8720 I SpectrePeripheral: event=notify_queued peer=xx:7A:39 char=enrichment bytes=222 label=chunked chunk=2 chunks=5 queued=3
08-07 13:38:21.561  8720  8720 I SpectrePeripheral: event=notify_chunk char=enrichment chunk=3 plainBytes=200 bytes=222
08-07 13:38:21.561  8720  8720 I SpectrePeripheral: event=notify_queued peer=xx:7A:39 char=enrichment bytes=222 label=chunked chunk=3 chunks=5 queued=4
08-07 13:38:21.561  8720  8720 I SpectrePeripheral: event=notify_chunk char=enrichment chunk=4 plainBytes=46 bytes=68
08-07 13:38:21.562  8720  8720 I SpectrePeripheral: event=notify_queued peer=xx:7A:39 char=enrichment bytes=68 label=chunked chunk=4 chunks=5 queued=5
08-07 13:38:21.562  8720  8720 I SpectrePeripheral: event=notify_sent peer=xx:7A:39 status=success remaining=5
08-07 13:38:21.563  8720  8720 I SpectrePeripheral: event=notify_send reason=sent peer=xx:7A:39 char=enrichment bytes=222 label=chunked chunk=0 chunks=5 remaining=4
08-07 13:38:21.566  8720  8720 I SpectrePeripheral: event=notify_sent peer=xx:7A:39 status=success remaining=4
08-07 13:38:21.642  8720  8720 I SpectrePeripheral: event=notify_send reason=sent_paced peer=xx:7A:39 char=enrichment bytes=222 label=chunked chunk=1 chunks=5 remaining=3
08-07 13:38:21.645  8720  8720 I SpectrePeripheral: event=notify_sent peer=xx:7A:39 status=success remaining=3
08-07 13:38:21.721  8720  8720 I SpectrePeripheral: event=notify_send reason=sent_paced peer=xx:7A:39 char=enrichment bytes=222 label=chunked chunk=2 chunks=5 remaining=2
08-07 13:38:21.724  8720  8720 I SpectrePeripheral: event=notify_sent peer=xx:7A:39 status=success remaining=2
08-07 13:38:21.800  8720  8720 I SpectrePeripheral: event=notify_send reason=sent_paced peer=xx:7A:39 char=enrichment bytes=222 label=chunked chunk=3 chunks=5 remaining=1
08-07 13:38:21.804  8720  8720 I SpectrePeripheral: event=notify_sent peer=xx:7A:39 status=success remaining=1
08-07 13:38:21.852  8720  8731 I SpectrePeripheral: event=char_read peer=xx:7A:39 char=control requestId=361 offset=0 valueBytes=26 responseBytes=26
08-07 13:38:21.880  8720  8720 I SpectrePeripheral: event=notify_send reason=sent_paced peer=xx:7A:39 char=enrichment bytes=68 label=chunked chunk=4 chunks=5 remaining=0
08-07 13:38:21.882  8720  8720 I SpectrePeripheral: event=notify_sent peer=xx:7A:39 status=success remaining=0
08-07 13:38:22.153  8720  8720 I SpectrePeripheral: event=char_write peer=xx:7A:39 char=event_batch requestId=362 offset=0 chunkBytes=202 totalBytes=202 prepared=false responseNeeded=true
08-07 13:38:22.155  8720  8720 I SpectrePeripheral: event=event_batch_received peer=xx:7A:39 cipherBytes=202 plainBytes=180 recordsEstimate=18 sessionId=0 batchId=0 totalBatches=143
08-07 13:38:22.329  8720  8720 I SpectrePeripheral: event=update_value char=control bytes=4
08-07 13:38:22.330  8720  8720 I SpectrePeripheral: event=notify_requested char=control bytes=26 connected=1
08-07 13:38:22.330  8720  8747 I ReactNativeJS: [SpectreEnrich] batch events=18 matched=0 skipped=18 history=188 firstEvent=1783053576000 lastEvent=1783128049000 oldestHistory=1783461501000 newestHistory=1786126571866 nearestDriftMin=333452000 nearestDriftMax=407925000 nearestFixFirst=1783461501000 nativeRecorder=1
08-07 13:38:22.331  8720  8720 I SpectrePeripheral: event=notify_queued peer=xx:7A:39 char=control bytes=26 label=value chunk=0 chunks=1 queued=1
08-07 13:38:22.332  8720  8720 I SpectrePeripheral: event=notify_send reason=enqueue peer=xx:7A:39 char=control bytes=26 label=value chunk=0 chunks=1 remaining=0
08-07 13:38:22.333  8720  8720 I SpectrePeripheral: event=secure_value_updated char=control channel=2 plainBytes=4 cipherBytes=26 notify=true
08-07 13:38:22.333  8720  8720 W SpectrePeripheral: event=enrichment_response_unframed records=18 pendingRecords=18 sessionId=0 batchId=0
08-07 13:38:22.333  8720  8720 I SpectrePeripheral: event=notify_chunked char=enrichment plainBytes=846 chunks=5 chunkPlainMax=200
08-07 13:38:22.333  8720  8720 I SpectrePeripheral: event=notify_chunk char=enrichment chunk=0 plainBytes=200 bytes=222
08-07 13:38:22.334  8720  8720 I SpectrePeripheral: event=notify_queued peer=xx:7A:39 char=enrichment bytes=222 label=chunked chunk=0 chunks=5 queued=1
08-07 13:38:22.334  8720  8720 I SpectrePeripheral: event=notify_chunk char=enrichment chunk=1 plainBytes=200 bytes=222
08-07 13:38:22.334  8720  8720 I SpectrePeripheral: event=notify_queued peer=xx:7A:39 char=enrichment bytes=222 label=chunked chunk=1 chunks=5 queued=2
08-07 13:38:22.334  8720  8720 I SpectrePeripheral: event=notify_chunk char=enrichment chunk=2 plainBytes=200 bytes=222
08-07 13:38:22.335  8720  8720 I SpectrePeripheral: event=notify_queued peer=xx:7A:39 char=enrichment bytes=222 label=chunked chunk=2 chunks=5 queued=3
08-07 13:38:22.335  8720  8720 I SpectrePeripheral: event=notify_chunk char=enrichment chunk=3 plainBytes=200 bytes=222
08-07 13:38:22.335  8720  8720 I SpectrePeripheral: event=notify_queued peer=xx:7A:39 char=enrichment bytes=222 label=chunked chunk=3 chunks=5 queued=4
08-07 13:38:22.335  8720  8720 I SpectrePeripheral: event=notify_chunk char=enrichment chunk=4 plainBytes=46 bytes=68
08-07 13:38:22.335  8720  8720 I SpectrePeripheral: event=notify_queued peer=xx:7A:39 char=enrichment bytes=68 label=chunked chunk=4 chunks=5 queued=5
08-07 13:38:22.335  8720  8720 I SpectrePeripheral: event=notify_sent peer=xx:7A:39 status=success remaining=5
08-07 13:38:22.336  8720  8720 I SpectrePeripheral: event=notify_send reason=sent peer=xx:7A:39 char=enrichment bytes=222 label=chunked chunk=0 chunks=5 remaining=4
08-07 13:38:22.337  8720  8720 I SpectrePeripheral: event=notify_sent peer=xx:7A:39 status=success remaining=4
08-07 13:38:22.413  8720  8720 I SpectrePeripheral: event=notify_send reason=sent_paced peer=xx:7A:39 char=enrichment bytes=222 label=chunked chunk=1 chunks=5 remaining=3
08-07 13:38:22.415  8720  8720 I SpectrePeripheral: event=notify_sent peer=xx:7A:39 status=success remaining=3
08-07 13:38:22.491  8720  8720 I SpectrePeripheral: event=notify_send reason=sent_paced peer=xx:7A:39 char=enrichment bytes=222 label=chunked chunk=2 chunks=5 remaining=2
08-07 13:38:22.494  8720  8720 I SpectrePeripheral: event=notify_sent peer=xx:7A:39 status=success remaining=2
08-07 13:38:22.570  8720  8720 I SpectrePeripheral: event=notify_send reason=sent_paced peer=xx:7A:39 char=enrichment bytes=222 label=chunked chunk=3 chunks=5 remaining=1
08-07 13:38:22.573  8720  8720 I SpectrePeripheral: event=notify_sent peer=xx:7A:39 status=success remaining=1
08-07 13:38:22.648  8720  8720 I SpectrePeripheral: event=notify_send reason=sent_paced peer=xx:7A:39 char=enrichment bytes=68 label=chunked chunk=4 chunks=5 remaining=0
08-07 13:38:22.651  8720  8720 I SpectrePeripheral: event=notify_sent peer=xx:7A:39 status=success remaining=0
08-07 13:38:22.908  8720  8720 I SpectrePeripheral: event=char_write peer=xx:7A:39 char=event_batch requestId=363 offset=0 chunkBytes=202 totalBytes=202 prepared=false responseNeeded=true
08-07 13:38:22.910  8720  8720 I SpectrePeripheral: event=event_batch_received peer=xx:7A:39 cipherBytes=202 plainBytes=180 recordsEstimate=18 sessionId=0 batchId=0 totalBatches=144
08-07 13:38:23.087  8720  8720 I SpectrePeripheral: event=update_value char=control bytes=4
08-07 13:38:23.087  8720  8720 I SpectrePeripheral: event=notify_requested char=control bytes=26 connected=1
08-07 13:38:23.087  8720  8747 I ReactNativeJS: [SpectreEnrich] batch events=18 matched=0 skipped=18 history=188 firstEvent=1783053870000 lastEvent=1783128541000 oldestHistory=1783461501000 newestHistory=1786126571866 nearestDriftMin=332960000 nearestDriftMax=407631000 nearestFixFirst=1783461501000 nativeRecorder=1
08-07 13:38:23.088  8720  8720 I SpectrePeripheral: event=notify_queued peer=xx:7A:39 char=control bytes=26 label=value chunk=0 chunks=1 queued=1
08-07 13:38:23.089  8720  8720 I SpectrePeripheral: event=notify_send reason=enqueue peer=xx:7A:39 char=control bytes=26 label=value chunk=0 chunks=1 remaining=0
08-07 13:38:23.089  8720  8720 I SpectrePeripheral: event=secure_value_updated char=control channel=2 plainBytes=4 cipherBytes=26 notify=true
08-07 13:38:23.089  8720  8720 W SpectrePeripheral: event=enrichment_response_unframed records=18 pendingRecords=18 sessionId=0 batchId=0
08-07 13:38:23.089  8720  8720 I SpectrePeripheral: event=notify_chunked char=enrichment plainBytes=846 chunks=5 chunkPlainMax=200
08-07 13:38:23.089  8720  8720 I SpectrePeripheral: event=notify_chunk char=enrichment chunk=0 plainBytes=200 bytes=222
08-07 13:38:23.090  8720  8720 I SpectrePeripheral: event=notify_queued peer=xx:7A:39 char=enrichment bytes=222 label=chunked chunk=0 chunks=5 queued=1
08-07 13:38:23.090  8720  8720 I SpectrePeripheral: event=notify_chunk char=enrichment chunk=1 plainBytes=200 bytes=222
08-07 13:38:23.090  8720  8720 I SpectrePeripheral: event=notify_queued peer=xx:7A:39 char=enrichment bytes=222 label=chunked chunk=1 chunks=5 queued=2
08-07 13:38:23.090  8720  8720 I SpectrePeripheral: event=notify_chunk char=enrichment chunk=2 plainBytes=200 bytes=222
08-07 13:38:23.090  8720  8720 I SpectrePeripheral: event=notify_queued peer=xx:7A:39 char=enrichment bytes=222 label=chunked chunk=2 chunks=5 queued=3
08-07 13:38:23.090  8720  8720 I SpectrePeripheral: event=notify_chunk char=enrichment chunk=3 plainBytes=200 bytes=222
08-07 13:38:23.090  8720  8720 I SpectrePeripheral: event=notify_queued peer=xx:7A:39 char=enrichment bytes=222 label=chunked chunk=3 chunks=5 queued=4
08-07 13:38:23.090  8720  8720 I SpectrePeripheral: event=notify_chunk char=enrichment chunk=4 plainBytes=46 bytes=68
08-07 13:38:23.091  8720  8720 I SpectrePeripheral: event=notify_queued peer=xx:7A:39 char=enrichment bytes=68 label=chunked chunk=4 chunks=5 queued=5
08-07 13:38:23.091  8720  8720 I SpectrePeripheral: event=notify_sent peer=xx:7A:39 status=success remaining=5
08-07 13:38:23.091  8720  8720 I SpectrePeripheral: event=notify_send reason=sent peer=xx:7A:39 char=enrichment bytes=222 label=chunked chunk=0 chunks=5 remaining=4
08-07 13:38:23.092  8720  8720 I SpectrePeripheral: event=notify_sent peer=xx:7A:39 status=success remaining=4
08-07 13:38:23.169  8720  8720 I SpectrePeripheral: event=notify_send reason=sent_paced peer=xx:7A:39 char=enrichment bytes=222 label=chunked chunk=1 chunks=5 remaining=3
08-07 13:38:23.171  8720  8720 I SpectrePeripheral: event=notify_sent peer=xx:7A:39 status=success remaining=3
08-07 13:38:23.202  8720  8731 I SpectrePeripheral: event=char_read peer=xx:7A:39 char=gps requestId=364 offset=0 valueBytes=42 responseBytes=42
08-07 13:38:23.248  8720  8720 I SpectrePeripheral: event=notify_send reason=sent_paced peer=xx:7A:39 char=enrichment bytes=222 label=chunked chunk=2 chunks=5 remaining=2
08-07 13:38:23.251  8720  8720 I SpectrePeripheral: event=notify_sent peer=xx:7A:39 status=success remaining=2
08-07 13:38:23.327  8720  8720 I SpectrePeripheral: event=notify_send reason=sent_paced peer=xx:7A:39 char=enrichment bytes=222 label=chunked chunk=3 chunks=5 remaining=1
08-07 13:38:23.329  8720  8720 I SpectrePeripheral: event=notify_sent peer=xx:7A:39 status=success remaining=1
08-07 13:38:23.405  8720  8720 I SpectrePeripheral: event=notify_send reason=sent_paced peer=xx:7A:39 char=enrichment bytes=68 label=chunked chunk=4 chunks=5 remaining=0
08-07 13:38:23.408  8720  8720 I SpectrePeripheral: event=notify_sent peer=xx:7A:39 status=success remaining=0
08-07 13:38:23.682  8720  8720 I SpectrePeripheral: event=char_write peer=xx:7A:39 char=event_batch requestId=365 offset=0 chunkBytes=202 totalBytes=202 prepared=false responseNeeded=true
08-07 13:38:23.683  8720  8720 I SpectrePeripheral: event=event_batch_received peer=xx:7A:39 cipherBytes=202 plainBytes=180 recordsEstimate=18 sessionId=0 batchId=0 totalBatches=145
08-07 13:38:23.860  8720  8720 I SpectrePeripheral: event=update_value char=control bytes=4
08-07 13:38:23.860  8720  8720 I SpectrePeripheral: event=notify_requested char=control bytes=26 connected=1
08-07 13:38:23.862  8720  8720 I SpectrePeripheral: event=notify_queued peer=xx:7A:39 char=control bytes=26 label=value chunk=0 chunks=1 queued=1
08-07 13:38:23.862  8720  8747 I ReactNativeJS: [SpectreEnrich] batch events=18 matched=0 skipped=18 history=188 firstEvent=1783128599000 lastEvent=1783129096000 oldestHistory=1783461501000 newestHistory=1786126571866 nearestDriftMin=332405000 nearestDriftMax=332902000 nearestFixFirst=1783461501000 nativeRecorder=1
08-07 13:38:23.862  8720  8720 I SpectrePeripheral: event=notify_send reason=enqueue peer=xx:7A:39 char=control bytes=26 label=value chunk=0 chunks=1 remaining=0
08-07 13:38:23.863  8720  8720 I SpectrePeripheral: event=secure_value_updated char=control channel=2 plainBytes=4 cipherBytes=26 notify=true
08-07 13:38:23.863  8720  8720 W SpectrePeripheral: event=enrichment_response_unframed records=18 pendingRecords=18 sessionId=0 batchId=0
08-07 13:38:23.864  8720  8720 I SpectrePeripheral: event=notify_chunked char=enrichment plainBytes=846 chunks=5 chunkPlainMax=200
08-07 13:38:23.864  8720  8720 I SpectrePeripheral: event=notify_chunk char=enrichment chunk=0 plainBytes=200 bytes=222
08-07 13:38:23.864  8720  8720 I SpectrePeripheral: event=notify_queued peer=xx:7A:39 char=enrichment bytes=222 label=chunked chunk=0 chunks=5 queued=1
08-07 13:38:23.865  8720  8720 I SpectrePeripheral: event=notify_chunk char=enrichment chunk=1 plainBytes=200 bytes=222
08-07 13:38:23.865  8720  8720 I SpectrePeripheral: event=notify_queued peer=xx:7A:39 char=enrichment bytes=222 label=chunked chunk=1 chunks=5 queued=2
08-07 13:38:23.865  8720  8720 I SpectrePeripheral: event=notify_chunk char=enrichment chunk=2 plainBytes=200 bytes=222
08-07 13:38:23.866  8720  8720 I SpectrePeripheral: event=notify_queued peer=xx:7A:39 char=enrichment bytes=222 label=chunked chunk=2 chunks=5 queued=3
08-07 13:38:23.866  8720  8720 I SpectrePeripheral: event=notify_chunk char=enrichment chunk=3 plainBytes=200 bytes=222
08-07 13:38:23.866  8720  8720 I SpectrePeripheral: event=notify_queued peer=xx:7A:39 char=enrichment bytes=222 label=chunked chunk=3 chunks=5 queued=4
08-07 13:38:23.867  8720  8720 I SpectrePeripheral: event=notify_chunk char=enrichment chunk=4 plainBytes=46 bytes=68
08-07 13:38:23.867  8720  8720 I SpectrePeripheral: event=notify_queued peer=xx:7A:39 char=enrichment bytes=68 label=chunked chunk=4 chunks=5 queued=5
08-07 13:38:23.868  8720  8720 I SpectrePeripheral: event=notify_sent peer=xx:7A:39 status=success remaining=5
08-07 13:38:23.869  8720  8720 I SpectrePeripheral: event=notify_send reason=sent peer=xx:7A:39 char=enrichment bytes=222 label=chunked chunk=0 chunks=5 remaining=4
08-07 13:38:23.872  8720  8720 I SpectrePeripheral: event=notify_sent peer=xx:7A:39 status=success remaining=4
08-07 13:38:23.947  8720  8720 I SpectrePeripheral: event=notify_send reason=sent_paced peer=xx:7A:39 char=enrichment bytes=222 label=chunked chunk=1 chunks=5 remaining=3
08-07 13:38:23.949  8720  8720 I SpectrePeripheral: event=notify_sent peer=xx:7A:39 status=success remaining=3
08-07 13:38:23.979  8720  8762 I SpectrePeripheral: event=char_read peer=xx:7A:39 char=control requestId=366 offset=0 valueBytes=26 responseBytes=26
08-07 13:38:24.026  8720  8720 I SpectrePeripheral: event=notify_send reason=sent_paced peer=xx:7A:39 char=enrichment bytes=222 label=chunked chunk=2 chunks=5 remaining=2
08-07 13:38:24.028  8720  8720 I SpectrePeripheral: event=notify_sent peer=xx:7A:39 status=success remaining=2
08-07 13:38:24.105  8720  8720 I SpectrePeripheral: event=notify_send reason=sent_paced peer=xx:7A:39 char=enrichment bytes=222 label=chunked chunk=3 chunks=5 remaining=1
08-07 13:38:24.107  8720  8720 I SpectrePeripheral: event=notify_sent peer=xx:7A:39 status=success remaining=1
08-07 13:38:24.183  8720  8720 I SpectrePeripheral: event=notify_send reason=sent_paced peer=xx:7A:39 char=enrichment bytes=68 label=chunked chunk=4 chunks=5 remaining=0
08-07 13:38:24.186  8720  8720 I SpectrePeripheral: event=notify_sent peer=xx:7A:39 status=success remaining=0
08-07 13:38:24.439  8720  8720 I SpectrePeripheral: event=char_write peer=xx:7A:39 char=event_batch requestId=367 offset=0 chunkBytes=202 totalBytes=202 prepared=false responseNeeded=true
08-07 13:38:24.441  8720  8720 I SpectrePeripheral: event=event_batch_received peer=xx:7A:39 cipherBytes=202 plainBytes=180 recordsEstimate=18 sessionId=0 batchId=0 totalBatches=146
08-07 13:38:24.619  8720  8720 I SpectrePeripheral: event=update_value char=control bytes=4
08-07 13:38:24.619  8720  8720 I SpectrePeripheral: event=notify_requested char=control bytes=26 connected=1
08-07 13:38:24.621  8720  8747 I ReactNativeJS: [SpectreEnrich] batch events=18 matched=0 skipped=18 history=188 firstEvent=1783055071000 lastEvent=1783129590000 oldestHistory=1783461501000 newestHistory=1786126571866 nearestDriftMin=331911000 nearestDriftMax=406430000 nearestFixFirst=1783461501000 nativeRecorder=1
08-07 13:38:24.621  8720  8720 I SpectrePeripheral: event=notify_queued peer=xx:7A:39 char=control bytes=26 label=value chunk=0 chunks=1 queued=1
08-07 13:38:24.622  8720  8720 I SpectrePeripheral: event=notify_send reason=enqueue peer=xx:7A:39 char=control bytes=26 label=value chunk=0 chunks=1 remaining=0
08-07 13:38:24.623  8720  8720 I SpectrePeripheral: event=secure_value_updated char=control channel=2 plainBytes=4 cipherBytes=26 notify=true
08-07 13:38:24.623  8720  8720 W SpectrePeripheral: event=enrichment_response_unframed records=18 pendingRecords=18 sessionId=0 batchId=0
08-07 13:38:24.623  8720  8720 I SpectrePeripheral: event=notify_chunked char=enrichment plainBytes=846 chunks=5 chunkPlainMax=200
08-07 13:38:24.623  8720  8720 I SpectrePeripheral: event=notify_chunk char=enrichment chunk=0 plainBytes=200 bytes=222
08-07 13:38:24.624  8720  8720 I SpectrePeripheral: event=notify_queued peer=xx:7A:39 char=enrichment bytes=222 label=chunked chunk=0 chunks=5 queued=1
08-07 13:38:24.624  8720  8720 I SpectrePeripheral: event=notify_chunk char=enrichment chunk=1 plainBytes=200 bytes=222
08-07 13:38:24.624  8720  8720 I SpectrePeripheral: event=notify_queued peer=xx:7A:39 char=enrichment bytes=222 label=chunked chunk=1 chunks=5 queued=2
08-07 13:38:24.624  8720  8720 I SpectrePeripheral: event=notify_chunk char=enrichment chunk=2 plainBytes=200 bytes=222
08-07 13:38:24.624  8720  8720 I SpectrePeripheral: event=notify_queued peer=xx:7A:39 char=enrichment bytes=222 label=chunked chunk=2 chunks=5 queued=3
08-07 13:38:24.624  8720  8720 I SpectrePeripheral: event=notify_chunk char=enrichment chunk=3 plainBytes=200 bytes=222
08-07 13:38:24.625  8720  8720 I SpectrePeripheral: event=notify_queued peer=xx:7A:39 char=enrichment bytes=222 label=chunked chunk=3 chunks=5 queued=4
08-07 13:38:24.625  8720  8720 I SpectrePeripheral: event=notify_chunk char=enrichment chunk=4 plainBytes=46 bytes=68
08-07 13:38:24.625  8720  8720 I SpectrePeripheral: event=notify_queued peer=xx:7A:39 char=enrichment bytes=68 label=chunked chunk=4 chunks=5 queued=5
08-07 13:38:24.625  8720  8720 I SpectrePeripheral: event=notify_sent peer=xx:7A:39 status=success remaining=5
08-07 13:38:24.626  8720  8720 I SpectrePeripheral: event=notify_send reason=sent peer=xx:7A:39 char=enrichment bytes=222 label=chunked chunk=0 chunks=5 remaining=4
08-07 13:38:24.628  8720  8720 I SpectrePeripheral: event=notify_sent peer=xx:7A:39 status=success remaining=4
08-07 13:38:24.705  8720  8720 I SpectrePeripheral: event=notify_send reason=sent_paced peer=xx:7A:39 char=enrichment bytes=222 label=chunked chunk=1 chunks=5 remaining=3
08-07 13:38:24.708  8720  8720 I SpectrePeripheral: event=notify_sent peer=xx:7A:39 status=success remaining=3
08-07 13:38:24.783  8720  8720 I SpectrePeripheral: event=notify_send reason=sent_paced peer=xx:7A:39 char=enrichment bytes=222 label=chunked chunk=2 chunks=5 remaining=2
08-07 13:38:24.786  8720  8720 I SpectrePeripheral: event=notify_sent peer=xx:7A:39 status=success remaining=2
08-07 13:38:24.862  8720  8720 I SpectrePeripheral: event=notify_send reason=sent_paced peer=xx:7A:39 char=enrichment bytes=222 label=chunked chunk=3 chunks=5 remaining=1
08-07 13:38:24.865  8720  8720 I SpectrePeripheral: event=notify_sent peer=xx:7A:39 status=success remaining=1
08-07 13:38:24.941  8720  8720 I SpectrePeripheral: event=notify_send reason=sent_paced peer=xx:7A:39 char=enrichment bytes=68 label=chunked chunk=4 chunks=5 remaining=0
08-07 13:38:24.944  8720  8720 I SpectrePeripheral: event=notify_sent peer=xx:7A:39 status=success remaining=0
08-07 13:38:25.189  8720  8720 I SpectrePeripheral: event=char_write peer=xx:7A:39 char=event_batch requestId=368 offset=0 chunkBytes=202 totalBytes=202 prepared=false responseNeeded=true
08-07 13:38:25.191  8720  8720 I SpectrePeripheral: event=event_batch_received peer=xx:7A:39 cipherBytes=202 plainBytes=180 recordsEstimate=18 sessionId=0 batchId=0 totalBatches=147
08-07 13:38:25.364  8720  8747 I ReactNativeJS: [SpectreEnrich] batch events=18 matched=0 skipped=18 history=188 firstEvent=1783055671000 lastEvent=1783130030000 oldestHistory=1783461501000 newestHistory=1786126571866 nearestDriftMin=331471000 nearestDriftMax=405830000 nearestFixFirst=1783461501000 nativeRecorder=1
08-07 13:38:25.366  8720  8720 I SpectrePeripheral: event=update_value char=control bytes=4
08-07 13:38:25.367  8720  8720 I SpectrePeripheral: event=notify_requested char=control bytes=26 connected=1
08-07 13:38:25.370  8720  8720 I SpectrePeripheral: event=notify_queued peer=xx:7A:39 char=control bytes=26 label=value chunk=0 chunks=1 queued=1
08-07 13:38:25.370  8720  8720 I SpectrePeripheral: event=notify_send reason=enqueue peer=xx:7A:39 char=control bytes=26 label=value chunk=0 chunks=1 remaining=0
08-07 13:38:25.371  8720  8720 I SpectrePeripheral: event=secure_value_updated char=control channel=2 plainBytes=4 cipherBytes=26 notify=true
08-07 13:38:25.371  8720  8720 W SpectrePeripheral: event=enrichment_response_unframed records=18 pendingRecords=18 sessionId=0 batchId=0
08-07 13:38:25.371  8720  8720 I SpectrePeripheral: event=notify_chunked char=enrichment plainBytes=846 chunks=5 chunkPlainMax=200
08-07 13:38:25.371  8720  8720 I SpectrePeripheral: event=notify_chunk char=enrichment chunk=0 plainBytes=200 bytes=222
08-07 13:38:25.371  8720  8720 I SpectrePeripheral: event=notify_queued peer=xx:7A:39 char=enrichment bytes=222 label=chunked chunk=0 chunks=5 queued=1
08-07 13:38:25.372  8720  8720 I SpectrePeripheral: event=notify_chunk char=enrichment chunk=1 plainBytes=200 bytes=222
08-07 13:38:25.372  8720  8720 I SpectrePeripheral: event=notify_queued peer=xx:7A:39 char=enrichment bytes=222 label=chunked chunk=1 chunks=5 queued=2
08-07 13:38:25.372  8720  8720 I SpectrePeripheral: event=notify_chunk char=enrichment chunk=2 plainBytes=200 bytes=222
08-07 13:38:25.372  8720  8720 I SpectrePeripheral: event=notify_queued peer=xx:7A:39 char=enrichment bytes=222 label=chunked chunk=2 chunks=5 queued=3
08-07 13:38:25.372  8720  8720 I SpectrePeripheral: event=notify_chunk char=enrichment chunk=3 plainBytes=200 bytes=222
08-07 13:38:25.373  8720  8720 I SpectrePeripheral: event=notify_queued peer=xx:7A:39 char=enrichment bytes=222 label=chunked chunk=3 chunks=5 queued=4
08-07 13:38:25.373  8720  8720 I SpectrePeripheral: event=notify_chunk char=enrichment chunk=4 plainBytes=46 bytes=68
08-07 13:38:25.373  8720  8720 I SpectrePeripheral: event=notify_queued peer=xx:7A:39 char=enrichment bytes=68 label=chunked chunk=4 chunks=5 queued=5
08-07 13:38:25.373  8720  8720 I SpectrePeripheral: event=notify_sent peer=xx:7A:39 status=success remaining=5
08-07 13:38:25.374  8720  8720 I SpectrePeripheral: event=notify_send reason=sent peer=xx:7A:39 char=enrichment bytes=222 label=chunked chunk=0 chunks=5 remaining=4
08-07 13:38:25.382  8720  8720 I SpectrePeripheral: event=notify_sent peer=xx:7A:39 status=success remaining=4
08-07 13:38:25.459  8720  8720 I SpectrePeripheral: event=notify_send reason=sent_paced peer=xx:7A:39 char=enrichment bytes=222 label=chunked chunk=1 chunks=5 remaining=3
08-07 13:38:25.462  8720  8720 I SpectrePeripheral: event=notify_sent peer=xx:7A:39 status=success remaining=3
08-07 13:38:25.514  8720  8720 I SpectrePeripheral: event=char_write peer=xx:7A:39 char=storage requestId=369 offset=0 chunkBytes=90 totalBytes=90 prepared=false responseNeeded=true
08-07 13:38:25.515  8720  8720 I SpectrePeripheral: event=storage_snapshot_received peer=xx:7A:39 cipherBytes=90 plainBytes=68
08-07 13:38:25.538  8720  8720 I SpectrePeripheral: event=notify_send reason=sent_paced peer=xx:7A:39 char=enrichment bytes=222 label=chunked chunk=2 chunks=5 remaining=2
08-07 13:38:25.542  8720  8720 I SpectrePeripheral: event=notify_sent peer=xx:7A:39 status=success remaining=2
08-07 13:38:25.618  8720  8720 I SpectrePeripheral: event=notify_send reason=sent_paced peer=xx:7A:39 char=enrichment bytes=222 label=chunked chunk=3 chunks=5 remaining=1
08-07 13:38:25.620  8720  8720 I SpectrePeripheral: event=notify_sent peer=xx:7A:39 status=success remaining=1
08-07 13:38:25.697  8720  8720 I SpectrePeripheral: event=notify_send reason=sent_paced peer=xx:7A:39 char=enrichment bytes=68 label=chunked chunk=4 chunks=5 remaining=0
08-07 13:38:25.700  8720  8720 I SpectrePeripheral: event=notify_sent peer=xx:7A:39 status=success remaining=0
08-07 13:38:25.966  8720  8720 I SpectrePeripheral: event=char_write peer=xx:7A:39 char=event_batch requestId=370 offset=0 chunkBytes=202 totalBytes=202 prepared=false responseNeeded=true
08-07 13:38:25.967  8720  8720 I SpectrePeripheral: event=event_batch_received peer=xx:7A:39 cipherBytes=202 plainBytes=180 recordsEstimate=18 sessionId=0 batchId=0 totalBatches=148
08-07 13:38:26.112  8720  8774 I SpectrePeripheral: event=char_read peer=xx:7A:39 char=control requestId=371 offset=0 valueBytes=26 responseBytes=26
08-07 13:38:26.140  8720  8720 I SpectrePeripheral: event=update_value char=control bytes=4
08-07 13:38:26.140  8720  8720 I SpectrePeripheral: event=notify_requested char=control bytes=26 connected=1
08-07 13:38:26.141  8720  8720 I SpectrePeripheral: event=notify_queued peer=xx:7A:39 char=control bytes=26 label=value chunk=0 chunks=1 queued=1
08-07 13:38:26.142  8720  8720 I SpectrePeripheral: event=notify_send reason=enqueue peer=xx:7A:39 char=control bytes=26 label=value chunk=0 chunks=1 remaining=0
08-07 13:38:26.142  8720  8747 I ReactNativeJS: [SpectreEnrich] batch events=18 matched=0 skipped=18 history=188 firstEvent=1783062303000 lastEvent=1783130607000 oldestHistory=1783461501000 newestHistory=1786126571866 nearestDriftMin=330894000 nearestDriftMax=399198000 nearestFixFirst=1783461501000 nativeRecorder=1
08-07 13:38:26.143  8720  8720 I SpectrePeripheral: event=secure_value_updated char=control channel=2 plainBytes=4 cipherBytes=26 notify=true
08-07 13:38:26.143  8720  8720 W SpectrePeripheral: event=enrichment_response_unframed records=18 pendingRecords=18 sessionId=0 batchId=0
08-07 13:38:26.143  8720  8720 I SpectrePeripheral: event=notify_chunked char=enrichment plainBytes=846 chunks=5 chunkPlainMax=200
08-07 13:38:26.144  8720  8720 I SpectrePeripheral: event=notify_chunk char=enrichment chunk=0 plainBytes=200 bytes=222
08-07 13:38:26.144  8720  8720 I SpectrePeripheral: event=notify_queued peer=xx:7A:39 char=enrichment bytes=222 label=chunked chunk=0 chunks=5 queued=1
08-07 13:38:26.144  8720  8720 I SpectrePeripheral: event=notify_chunk char=enrichment chunk=1 plainBytes=200 bytes=222
08-07 13:38:26.144  8720  8720 I SpectrePeripheral: event=notify_queued peer=xx:7A:39 char=enrichment bytes=222 label=chunked chunk=1 chunks=5 queued=2
08-07 13:38:26.144  8720  8720 I SpectrePeripheral: event=notify_chunk char=enrichment chunk=2 plainBytes=200 bytes=222
08-07 13:38:26.145  8720  8720 I SpectrePeripheral: event=notify_queued peer=xx:7A:39 char=enrichment bytes=222 label=chunked chunk=2 chunks=5 queued=3
08-07 13:38:26.145  8720  8720 I SpectrePeripheral: event=notify_chunk char=enrichment chunk=3 plainBytes=200 bytes=222
08-07 13:38:26.145  8720  8720 I SpectrePeripheral: event=notify_queued peer=xx:7A:39 char=enrichment bytes=222 label=chunked chunk=3 chunks=5 queued=4
08-07 13:38:26.145  8720  8720 I SpectrePeripheral: event=notify_chunk char=enrichment chunk=4 plainBytes=46 bytes=68
08-07 13:38:26.145  8720  8720 I SpectrePeripheral: event=notify_queued peer=xx:7A:39 char=enrichment bytes=68 label=chunked chunk=4 chunks=5 queued=5
08-07 13:38:26.146  8720  8720 I SpectrePeripheral: event=notify_sent peer=xx:7A:39 status=success remaining=5
08-07 13:38:26.146  8720  8720 I SpectrePeripheral: event=notify_send reason=sent peer=xx:7A:39 char=enrichment bytes=222 label=chunked chunk=0 chunks=5 remaining=4
08-07 13:38:26.148  8720  8720 I SpectrePeripheral: event=notify_sent peer=xx:7A:39 status=success remaining=4
08-07 13:38:26.224  8720  8720 I SpectrePeripheral: event=notify_send reason=sent_paced peer=xx:7A:39 char=enrichment bytes=222 label=chunked chunk=1 chunks=5 remaining=3
08-07 13:38:26.227  8720  8720 I SpectrePeripheral: event=notify_sent peer=xx:7A:39 status=success remaining=3
08-07 13:38:26.303  8720  8720 I SpectrePeripheral: event=notify_send reason=sent_paced peer=xx:7A:39 char=enrichment bytes=222 label=chunked chunk=2 chunks=5 remaining=2
08-07 13:38:26.305  8720  8720 I SpectrePeripheral: event=notify_sent peer=xx:7A:39 status=success remaining=2
08-07 13:38:26.381  8720  8720 I SpectrePeripheral: event=notify_send reason=sent_paced peer=xx:7A:39 char=enrichment bytes=222 label=chunked chunk=3 chunks=5 remaining=1
08-07 13:38:26.383  8720  8720 I SpectrePeripheral: event=notify_sent peer=xx:7A:39 status=success remaining=1
08-07 13:38:26.459  8720  8720 I SpectrePeripheral: event=notify_send reason=sent_paced peer=xx:7A:39 char=enrichment bytes=68 label=chunked chunk=4 chunks=5 remaining=0
08-07 13:38:26.462  8720  8720 I SpectrePeripheral: event=notify_sent peer=xx:7A:39 status=success remaining=0
08-07 13:38:26.747  8720  8720 I SpectrePeripheral: event=char_write peer=xx:7A:39 char=event_batch requestId=372 offset=0 chunkBytes=202 totalBytes=202 prepared=false responseNeeded=true
08-07 13:38:26.749  8720  8720 I SpectrePeripheral: event=event_batch_received peer=xx:7A:39 cipherBytes=202 plainBytes=180 recordsEstimate=18 sessionId=0 batchId=0 totalBatches=149
08-07 13:38:26.922  8720  8720 I SpectrePeripheral: event=update_value char=control bytes=4
08-07 13:38:26.922  8720  8720 I SpectrePeripheral: event=notify_requested char=control bytes=26 connected=1
08-07 13:38:26.924  8720  8720 I SpectrePeripheral: event=notify_queued peer=xx:7A:39 char=control bytes=26 label=value chunk=0 chunks=1 queued=1
08-07 13:38:26.925  8720  8747 I ReactNativeJS: [SpectreEnrich] batch events=18 matched=0 skipped=18 history=188 firstEvent=1783062587000 lastEvent=1783131088000 oldestHistory=1783461501000 newestHistory=1786126571866 nearestDriftMin=330413000 nearestDriftMax=398914000 nearestFixFirst=1783461501000 nativeRecorder=1
08-07 13:38:26.925  8720  8720 I SpectrePeripheral: event=notify_send reason=enqueue peer=xx:7A:39 char=control bytes=26 label=value chunk=0 chunks=1 remaining=0
08-07 13:38:26.926  8720  8720 I SpectrePeripheral: event=secure_value_updated char=control channel=2 plainBytes=4 cipherBytes=26 notify=true
08-07 13:38:26.926  8720  8720 W SpectrePeripheral: event=enrichment_response_unframed records=18 pendingRecords=18 sessionId=0 batchId=0
08-07 13:38:26.926  8720  8720 I SpectrePeripheral: event=notify_chunked char=enrichment plainBytes=846 chunks=5 chunkPlainMax=200
08-07 13:38:26.926  8720  8720 I SpectrePeripheral: event=notify_chunk char=enrichment chunk=0 plainBytes=200 bytes=222
08-07 13:38:26.927  8720  8720 I SpectrePeripheral: event=notify_queued peer=xx:7A:39 char=enrichment bytes=222 label=chunked chunk=0 chunks=5 queued=1
08-07 13:38:26.927  8720  8720 I SpectrePeripheral: event=notify_chunk char=enrichment chunk=1 plainBytes=200 bytes=222
08-07 13:38:26.927  8720  8720 I SpectrePeripheral: event=notify_queued peer=xx:7A:39 char=enrichment bytes=222 label=chunked chunk=1 chunks=5 queued=2
08-07 13:38:26.927  8720  8720 I SpectrePeripheral: event=notify_chunk char=enrichment chunk=2 plainBytes=200 bytes=222
08-07 13:38:26.927  8720  8720 I SpectrePeripheral: event=notify_queued peer=xx:7A:39 char=enrichment bytes=222 label=chunked chunk=2 chunks=5 queued=3
08-07 13:38:26.927  8720  8720 I SpectrePeripheral: event=notify_chunk char=enrichment chunk=3 plainBytes=200 bytes=222
08-07 13:38:26.928  8720  8720 I SpectrePeripheral: event=notify_queued peer=xx:7A:39 char=enrichment bytes=222 label=chunked chunk=3 chunks=5 queued=4
08-07 13:38:26.928  8720  8720 I SpectrePeripheral: event=notify_chunk char=enrichment chunk=4 plainBytes=46 bytes=68
08-07 13:38:26.928  8720  8720 I SpectrePeripheral: event=notify_queued peer=xx:7A:39 char=enrichment bytes=68 label=chunked chunk=4 chunks=5 queued=5
08-07 13:38:26.928  8720  8720 I SpectrePeripheral: event=notify_sent peer=xx:7A:39 status=success remaining=5
08-07 13:38:26.928  8720  8720 I SpectrePeripheral: event=notify_send reason=sent peer=xx:7A:39 char=enrichment bytes=222 label=chunked chunk=0 chunks=5 remaining=4
08-07 13:38:26.929  8720  8720 I SpectrePeripheral: event=notify_sent peer=xx:7A:39 status=success remaining=4
08-07 13:38:27.005  8720  8720 I SpectrePeripheral: event=notify_send reason=sent_paced peer=xx:7A:39 char=enrichment bytes=222 label=chunked chunk=1 chunks=5 remaining=3
08-07 13:38:27.008  8720  8720 I SpectrePeripheral: event=notify_sent peer=xx:7A:39 status=success remaining=3
08-07 13:38:27.084  8720  8720 I SpectrePeripheral: event=notify_send reason=sent_paced peer=xx:7A:39 char=enrichment bytes=222 label=chunked chunk=2 chunks=5 remaining=2
08-07 13:38:27.086  8720  8720 I SpectrePeripheral: event=notify_sent peer=xx:7A:39 status=success remaining=2
08-07 13:38:27.163  8720  8720 I SpectrePeripheral: event=notify_send reason=sent_paced peer=xx:7A:39 char=enrichment bytes=222 label=chunked chunk=3 chunks=5 remaining=1
08-07 13:38:27.165  8720  8720 I SpectrePeripheral: event=notify_sent peer=xx:7A:39 status=success remaining=1
08-07 13:38:27.242  8720  8720 I SpectrePeripheral: event=notify_send reason=sent_paced peer=xx:7A:39 char=enrichment bytes=68 label=chunked chunk=4 chunks=5 remaining=0
08-07 13:38:27.245  8720  8720 I SpectrePeripheral: event=notify_sent peer=xx:7A:39 status=success remaining=0
08-07 13:38:27.495  8720  8720 I SpectrePeripheral: event=char_write peer=xx:7A:39 char=event_batch requestId=373 offset=0 chunkBytes=202 totalBytes=202 prepared=false responseNeeded=true
08-07 13:38:27.496  8720  8720 I SpectrePeripheral: event=event_batch_received peer=xx:7A:39 cipherBytes=202 plainBytes=180 recordsEstimate=18 sessionId=0 batchId=0 totalBatches=150
08-07 13:38:27.656  8720  8720 I SpectrePeripheral: event=update_value char=control bytes=4
08-07 13:38:27.656  8720  8720 I SpectrePeripheral: event=notify_requested char=control bytes=26 connected=1
08-07 13:38:27.657  8720  8720 I SpectrePeripheral: event=notify_queued peer=xx:7A:39 char=control bytes=26 label=value chunk=0 chunks=1 queued=1
08-07 13:38:27.657  8720  8720 I SpectrePeripheral: event=notify_send reason=enqueue peer=xx:7A:39 char=control bytes=26 label=value chunk=0 chunks=1 remaining=0
08-07 13:38:27.657  8720  8720 I SpectrePeripheral: event=secure_value_updated char=control channel=2 plainBytes=4 cipherBytes=26 notify=true
08-07 13:38:27.658  8720  8747 I ReactNativeJS: [SpectreEnrich] batch events=18 matched=0 skipped=18 history=188 firstEvent=1783063157000 lastEvent=1783131902000 oldestHistory=1783461501000 newestHistory=1786126571866 nearestDriftMin=329599000 nearestDriftMax=398344000 nearestFixFirst=1783461501000 nativeRecorder=1
08-07 13:38:27.662  8720  8720 I SpectrePeripheral: event=notify_sent peer=xx:7A:39 status=success remaining=0
08-07 13:38:27.662  8720  8720 W SpectrePeripheral: event=enrichment_response_unframed records=18 pendingRecords=18 sessionId=0 batchId=0
08-07 13:38:27.662  8720  8720 I SpectrePeripheral: event=notify_chunked char=enrichment plainBytes=846 chunks=5 chunkPlainMax=200
08-07 13:38:27.662  8720  8720 I SpectrePeripheral: event=notify_chunk char=enrichment chunk=0 plainBytes=200 bytes=222
08-07 13:38:27.663  8720  8720 I SpectrePeripheral: event=notify_queued peer=xx:7A:39 char=enrichment bytes=222 label=chunked chunk=0 chunks=5 queued=1
08-07 13:38:27.663  8720  8720 I SpectrePeripheral: event=notify_send reason=enqueue peer=xx:7A:39 char=enrichment bytes=222 label=chunked chunk=0 chunks=5 remaining=0
08-07 13:38:27.663  8720  8720 I SpectrePeripheral: event=notify_chunk char=enrichment chunk=1 plainBytes=200 bytes=222
08-07 13:38:27.663  8720  8720 I SpectrePeripheral: event=notify_queued peer=xx:7A:39 char=enrichment bytes=222 label=chunked chunk=1 chunks=5 queued=1
08-07 13:38:27.663  8720  8720 I SpectrePeripheral: event=notify_chunk char=enrichment chunk=2 plainBytes=200 bytes=222
08-07 13:38:27.664  8720  8720 I SpectrePeripheral: event=notify_queued peer=xx:7A:39 char=enrichment bytes=222 label=chunked chunk=2 chunks=5 queued=2
08-07 13:38:27.664  8720  8720 I SpectrePeripheral: event=notify_chunk char=enrichment chunk=3 plainBytes=200 bytes=222
08-07 13:38:27.664  8720  8720 I SpectrePeripheral: event=notify_queued peer=xx:7A:39 char=enrichment bytes=222 label=chunked chunk=3 chunks=5 queued=3
08-07 13:38:27.664  8720  8720 I SpectrePeripheral: event=notify_chunk char=enrichment chunk=4 plainBytes=46 bytes=68
08-07 13:38:27.664  8720  8720 I SpectrePeripheral: event=notify_queued peer=xx:7A:39 char=enrichment bytes=68 label=chunked chunk=4 chunks=5 queued=4
08-07 13:38:27.664  8720  8720 I SpectrePeripheral: event=notify_sent peer=xx:7A:39 status=success remaining=4
08-07 13:38:27.741  8720  8720 I SpectrePeripheral: event=notify_send reason=sent_paced peer=xx:7A:39 char=enrichment bytes=222 label=chunked chunk=1 chunks=5 remaining=3
08-07 13:38:27.743  8720  8720 I SpectrePeripheral: event=notify_sent peer=xx:7A:39 status=success remaining=3
08-07 13:38:27.820  8720  8720 I SpectrePeripheral: event=notify_send reason=sent_paced peer=xx:7A:39 char=enrichment bytes=222 label=chunked chunk=2 chunks=5 remaining=2
08-07 13:38:27.822  8720  8720 I SpectrePeripheral: event=notify_sent peer=xx:7A:39 status=success remaining=2
08-07 13:38:27.899  8720  8720 I SpectrePeripheral: event=notify_send reason=sent_paced peer=xx:7A:39 char=enrichment bytes=222 label=chunked chunk=3 chunks=5 remaining=1
08-07 13:38:27.901  8720  8720 I SpectrePeripheral: event=notify_sent peer=xx:7A:39 status=success remaining=1
08-07 13:38:27.978  8720  8720 I SpectrePeripheral: event=notify_send reason=sent_paced peer=xx:7A:39 char=enrichment bytes=68 label=chunked chunk=4 chunks=5 remaining=0
08-07 13:38:27.981  8720  8720 I SpectrePeripheral: event=notify_sent peer=xx:7A:39 status=success remaining=0
08-07 13:38:28.275  8720  8762 I SpectrePeripheral: event=char_read peer=xx:7A:39 char=gps requestId=374 offset=0 valueBytes=42 responseBytes=42
08-07 13:38:28.331  8720  8762 I SpectrePeripheral: event=char_read peer=xx:7A:39 char=control requestId=375 offset=0 valueBytes=26 responseBytes=26
08-07 13:38:28.397  8720  8720 I SpectrePeripheral: event=char_write peer=xx:7A:39 char=event_batch requestId=376 offset=0 chunkBytes=202 totalBytes=202 prepared=false responseNeeded=true
08-07 13:38:28.399  8720  8720 I SpectrePeripheral: event=event_batch_received peer=xx:7A:39 cipherBytes=202 plainBytes=180 recordsEstimate=18 sessionId=0 batchId=0 totalBatches=151
08-07 13:38:28.570  8720  8720 I SpectrePeripheral: event=update_value char=control bytes=4
08-07 13:38:28.571  8720  8720 I SpectrePeripheral: event=notify_requested char=control bytes=26 connected=1
08-07 13:38:28.573  8720  8720 I SpectrePeripheral: event=notify_queued peer=xx:7A:39 char=control bytes=26 label=value chunk=0 chunks=1 queued=1
08-07 13:38:28.573  8720  8747 I ReactNativeJS: [SpectreEnrich] batch events=18 matched=0 skipped=18 history=188 firstEvent=1783064353000 lastEvent=1783132802000 oldestHistory=1783461501000 newestHistory=1786126571866 nearestDriftMin=328699000 nearestDriftMax=397148000 nearestFixFirst=1783461501000 nativeRecorder=1
08-07 13:38:28.574  8720  8720 I SpectrePeripheral: event=notify_send reason=enqueue peer=xx:7A:39 char=control bytes=26 label=value chunk=0 chunks=1 remaining=0
08-07 13:38:28.574  8720  8720 I SpectrePeripheral: event=secure_value_updated char=control channel=2 plainBytes=4 cipherBytes=26 notify=true
08-07 13:38:28.575  8720  8720 I SpectrePeripheral: event=notify_sent peer=xx:7A:39 status=success remaining=0
08-07 13:38:28.575  8720  8720 W SpectrePeripheral: event=enrichment_response_unframed records=18 pendingRecords=18 sessionId=0 batchId=0
08-07 13:38:28.575  8720  8720 I SpectrePeripheral: event=notify_chunked char=enrichment plainBytes=846 chunks=5 chunkPlainMax=200
08-07 13:38:28.575  8720  8720 I SpectrePeripheral: event=notify_chunk char=enrichment chunk=0 plainBytes=200 bytes=222
08-07 13:38:28.576  8720  8720 I SpectrePeripheral: event=notify_queued peer=xx:7A:39 char=enrichment bytes=222 label=chunked chunk=0 chunks=5 queued=1
08-07 13:38:28.576  8720  8720 I SpectrePeripheral: event=notify_send reason=enqueue peer=xx:7A:39 char=enrichment bytes=222 label=chunked chunk=0 chunks=5 remaining=0
08-07 13:38:28.576  8720  8720 I SpectrePeripheral: event=notify_chunk char=enrichment chunk=1 plainBytes=200 bytes=222
08-07 13:38:28.577  8720  8720 I SpectrePeripheral: event=notify_queued peer=xx:7A:39 char=enrichment bytes=222 label=chunked chunk=1 chunks=5 queued=1
08-07 13:38:28.577  8720  8720 I SpectrePeripheral: event=notify_chunk char=enrichment chunk=2 plainBytes=200 bytes=222
08-07 13:38:28.577  8720  8720 I SpectrePeripheral: event=notify_queued peer=xx:7A:39 char=enrichment bytes=222 label=chunked chunk=2 chunks=5 queued=2
08-07 13:38:28.577  8720  8720 I SpectrePeripheral: event=notify_chunk char=enrichment chunk=3 plainBytes=200 bytes=222
08-07 13:38:28.577  8720  8720 I SpectrePeripheral: event=notify_queued peer=xx:7A:39 char=enrichment bytes=222 label=chunked chunk=3 chunks=5 queued=3
08-07 13:38:28.577  8720  8720 I SpectrePeripheral: event=notify_chunk char=enrichment chunk=4 plainBytes=46 bytes=68
08-07 13:38:28.578  8720  8720 I SpectrePeripheral: event=notify_queued peer=xx:7A:39 char=enrichment bytes=68 label=chunked chunk=4 chunks=5 queued=4
08-07 13:38:28.580  8720  8720 I SpectrePeripheral: event=notify_sent peer=xx:7A:39 status=success remaining=4
08-07 13:38:28.656  8720  8720 I SpectrePeripheral: event=notify_send reason=sent_paced peer=xx:7A:39 char=enrichment bytes=222 label=chunked chunk=1 chunks=5 remaining=3
08-07 13:38:28.659  8720  8720 I SpectrePeripheral: event=notify_sent peer=xx:7A:39 status=success remaining=3
08-07 13:38:28.734  8720  8720 I SpectrePeripheral: event=notify_send reason=sent_paced peer=xx:7A:39 char=enrichment bytes=222 label=chunked chunk=2 chunks=5 remaining=2
08-07 13:38:28.736  8720  8720 I SpectrePeripheral: event=notify_sent peer=xx:7A:39 status=success remaining=2
08-07 13:38:28.812  8720  8720 I SpectrePeripheral: event=notify_send reason=sent_paced peer=xx:7A:39 char=enrichment bytes=222 label=chunked chunk=3 chunks=5 remaining=1
08-07 13:38:28.815  8720  8720 I SpectrePeripheral: event=notify_sent peer=xx:7A:39 status=success remaining=1
08-07 13:38:28.891  8720  8720 I SpectrePeripheral: event=notify_send reason=sent_paced peer=xx:7A:39 char=enrichment bytes=68 label=chunked chunk=4 chunks=5 remaining=0
08-07 13:38:28.894  8720  8720 I SpectrePeripheral: event=notify_sent peer=xx:7A:39 status=success remaining=0
08-07 13:38:29.176  8720  8720 I SpectrePeripheral: event=char_write peer=xx:7A:39 char=event_batch requestId=377 offset=0 chunkBytes=202 totalBytes=202 prepared=false responseNeeded=true
08-07 13:38:29.178  8720  8720 I SpectrePeripheral: event=event_batch_received peer=xx:7A:39 cipherBytes=202 plainBytes=180 recordsEstimate=18 sessionId=0 batchId=0 totalBatches=152
08-07 13:38:29.353  8720  8720 I SpectrePeripheral: event=update_value char=control bytes=4
08-07 13:38:29.353  8720  8720 I SpectrePeripheral: event=notify_requested char=control bytes=26 connected=1
08-07 13:38:29.354  8720  8747 I ReactNativeJS: [SpectreEnrich] batch events=18 matched=0 skipped=18 history=188 firstEvent=1783064791000 lastEvent=1783133461000 oldestHistory=1783461501000 newestHistory=1786126571866 nearestDriftMin=328040000 nearestDriftMax=396710000 nearestFixFirst=1783461501000 nativeRecorder=1
08-07 13:38:29.355  8720  8720 I SpectrePeripheral: event=notify_queued peer=xx:7A:39 char=control bytes=26 label=value chunk=0 chunks=1 queued=1
08-07 13:38:29.356  8720  8720 I SpectrePeripheral: event=notify_send reason=enqueue peer=xx:7A:39 char=control bytes=26 label=value chunk=0 chunks=1 remaining=0
08-07 13:38:29.357  8720  8720 I SpectrePeripheral: event=secure_value_updated char=control channel=2 plainBytes=4 cipherBytes=26 notify=true
08-07 13:38:29.357  8720  8720 W SpectrePeripheral: event=enrichment_response_unframed records=18 pendingRecords=18 sessionId=0 batchId=0
08-07 13:38:29.357  8720  8720 I SpectrePeripheral: event=notify_chunked char=enrichment plainBytes=846 chunks=5 chunkPlainMax=200
08-07 13:38:29.357  8720  8720 I SpectrePeripheral: event=notify_chunk char=enrichment chunk=0 plainBytes=200 bytes=222
08-07 13:38:29.358  8720  8720 I SpectrePeripheral: event=notify_queued peer=xx:7A:39 char=enrichment bytes=222 label=chunked chunk=0 chunks=5 queued=1
08-07 13:38:29.358  8720  8720 I SpectrePeripheral: event=notify_chunk char=enrichment chunk=1 plainBytes=200 bytes=222
08-07 13:38:29.359  8720  8720 I SpectrePeripheral: event=notify_queued peer=xx:7A:39 char=enrichment bytes=222 label=chunked chunk=1 chunks=5 queued=2
08-07 13:38:29.359  8720  8720 I SpectrePeripheral: event=notify_chunk char=enrichment chunk=2 plainBytes=200 bytes=222
08-07 13:38:29.359  8720  8720 I SpectrePeripheral: event=notify_queued peer=xx:7A:39 char=enrichment bytes=222 label=chunked chunk=2 chunks=5 queued=3
08-07 13:38:29.359  8720  8720 I SpectrePeripheral: event=notify_chunk char=enrichment chunk=3 plainBytes=200 bytes=222
08-07 13:38:29.359  8720  8720 I SpectrePeripheral: event=notify_queued peer=xx:7A:39 char=enrichment bytes=222 label=chunked chunk=3 chunks=5 queued=4
08-07 13:38:29.359  8720  8720 I SpectrePeripheral: event=notify_chunk char=enrichment chunk=4 plainBytes=46 bytes=68
08-07 13:38:29.360  8720  8720 I SpectrePeripheral: event=notify_queued peer=xx:7A:39 char=enrichment bytes=68 label=chunked chunk=4 chunks=5 queued=5
08-07 13:38:29.360  8720  8720 I SpectrePeripheral: event=notify_sent peer=xx:7A:39 status=success remaining=5
08-07 13:38:29.360  8720  8720 I SpectrePeripheral: event=notify_send reason=sent peer=xx:7A:39 char=enrichment bytes=222 label=chunked chunk=0 chunks=5 remaining=4
08-07 13:38:29.363  8720  8720 I SpectrePeripheral: event=notify_sent peer=xx:7A:39 status=success remaining=4
08-07 13:38:29.440  8720  8720 I SpectrePeripheral: event=notify_send reason=sent_paced peer=xx:7A:39 char=enrichment bytes=222 label=chunked chunk=1 chunks=5 remaining=3
08-07 13:38:29.440  8720  8720 I SpectrePeripheral: event=notify_sent peer=xx:7A:39 status=success remaining=3
08-07 13:38:29.516  8720  8720 I SpectrePeripheral: event=notify_send reason=sent_paced peer=xx:7A:39 char=enrichment bytes=222 label=chunked chunk=2 chunks=5 remaining=2
08-07 13:38:29.517  8720  8720 I SpectrePeripheral: event=notify_sent peer=xx:7A:39 status=success remaining=2
08-07 13:38:29.594  8720  8720 I SpectrePeripheral: event=notify_send reason=sent_paced peer=xx:7A:39 char=enrichment bytes=222 label=chunked chunk=3 chunks=5 remaining=1
08-07 13:38:29.596  8720  8720 I SpectrePeripheral: event=notify_sent peer=xx:7A:39 status=success remaining=1
08-07 13:38:29.672  8720  8720 I SpectrePeripheral: event=notify_send reason=sent_paced peer=xx:7A:39 char=enrichment bytes=68 label=chunked chunk=4 chunks=5 remaining=0
08-07 13:38:29.674  8720  8720 I SpectrePeripheral: event=notify_sent peer=xx:7A:39 status=success remaining=0
08-07 13:38:29.865  8720  8720 I SpectrePeripheral: event=char_write peer=xx:7A:39 char=event_batch requestId=378 offset=0 chunkBytes=202 totalBytes=202 prepared=false responseNeeded=true
08-07 13:38:29.867  8720  8720 I SpectrePeripheral: event=event_batch_received peer=xx:7A:39 cipherBytes=202 plainBytes=180 recordsEstimate=18 sessionId=0 batchId=0 totalBatches=153
08-07 13:38:30.042  8720  8747 I ReactNativeJS: [SpectreEnrich] batch events=18 matched=0 skipped=18 history=188 firstEvent=1783133485000 lastEvent=1783134045000 oldestHistory=1783461501000 newestHistory=1786126571866 nearestDriftMin=327456000 nearestDriftMax=328016000 nearestFixFirst=1783461501000 nativeRecorder=1
08-07 13:38:30.043  8720  8720 I SpectrePeripheral: event=update_value char=control bytes=4
08-07 13:38:30.043  8720  8720 I SpectrePeripheral: event=notify_requested char=control bytes=26 connected=1
08-07 13:38:30.044  8720  8720 I SpectrePeripheral: event=notify_queued peer=xx:7A:39 char=control bytes=26 label=value chunk=0 chunks=1 queued=1
08-07 13:38:30.045  8720  8720 I SpectrePeripheral: event=notify_send reason=enqueue peer=xx:7A:39 char=control bytes=26 label=value chunk=0 chunks=1 remaining=0
08-07 13:38:30.046  8720  8720 I SpectrePeripheral: event=secure_value_updated char=control channel=2 plainBytes=4 cipherBytes=26 notify=true
08-07 13:38:30.046  8720  8720 W SpectrePeripheral: event=enrichment_response_unframed records=18 pendingRecords=18 sessionId=0 batchId=0
08-07 13:38:30.046  8720  8720 I SpectrePeripheral: event=notify_chunked char=enrichment plainBytes=846 chunks=5 chunkPlainMax=200
08-07 13:38:30.046  8720  8720 I SpectrePeripheral: event=notify_chunk char=enrichment chunk=0 plainBytes=200 bytes=222
08-07 13:38:30.047  8720  8720 I SpectrePeripheral: event=notify_queued peer=xx:7A:39 char=enrichment bytes=222 label=chunked chunk=0 chunks=5 queued=1
08-07 13:38:30.047  8720  8720 I SpectrePeripheral: event=notify_chunk char=enrichment chunk=1 plainBytes=200 bytes=222
08-07 13:38:30.047  8720  8720 I SpectrePeripheral: event=notify_queued peer=xx:7A:39 char=enrichment bytes=222 label=chunked chunk=1 chunks=5 queued=2
08-07 13:38:30.047  8720  8720 I SpectrePeripheral: event=notify_chunk char=enrichment chunk=2 plainBytes=200 bytes=222
08-07 13:38:30.047  8720  8720 I SpectrePeripheral: event=notify_queued peer=xx:7A:39 char=enrichment bytes=222 label=chunked chunk=2 chunks=5 queued=3
08-07 13:38:30.047  8720  8720 I SpectrePeripheral: event=notify_chunk char=enrichment chunk=3 plainBytes=200 bytes=222
08-07 13:38:30.048  8720  8720 I SpectrePeripheral: event=notify_queued peer=xx:7A:39 char=enrichment bytes=222 label=chunked chunk=3 chunks=5 queued=4
08-07 13:38:30.048  8720  8720 I SpectrePeripheral: event=notify_chunk char=enrichment chunk=4 plainBytes=46 bytes=68
08-07 13:38:30.048  8720  8720 I SpectrePeripheral: event=notify_queued peer=xx:7A:39 char=enrichment bytes=68 label=chunked chunk=4 chunks=5 queued=5
08-07 13:38:30.048  8720  8720 I SpectrePeripheral: event=notify_sent peer=xx:7A:39 status=success remaining=5
08-07 13:38:30.049  8720  8720 I SpectrePeripheral: event=notify_send reason=sent peer=xx:7A:39 char=enrichment bytes=222 label=chunked chunk=0 chunks=5 remaining=4
08-07 13:38:30.050  8720  8720 I SpectrePeripheral: event=notify_sent peer=xx:7A:39 status=success remaining=4
08-07 13:38:30.126  8720  8720 I SpectrePeripheral: event=notify_send reason=sent_paced peer=xx:7A:39 char=enrichment bytes=222 label=chunked chunk=1 chunks=5 remaining=3
08-07 13:38:30.128  8720  8720 I SpectrePeripheral: event=notify_sent peer=xx:7A:39 status=success remaining=3
08-07 13:38:30.205  8720  8720 I SpectrePeripheral: event=notify_send reason=sent_paced peer=xx:7A:39 char=enrichment bytes=222 label=chunked chunk=2 chunks=5 remaining=2
08-07 13:38:30.207  8720  8720 I SpectrePeripheral: event=notify_sent peer=xx:7A:39 status=success remaining=2
08-07 13:38:30.283  8720  8720 I SpectrePeripheral: event=notify_send reason=sent_paced peer=xx:7A:39 char=enrichment bytes=222 label=chunked chunk=3 chunks=5 remaining=1
08-07 13:38:30.286  8720  8720 I SpectrePeripheral: event=notify_sent peer=xx:7A:39 status=success remaining=1
08-07 13:38:30.311  8720  8762 I SpectrePeripheral: event=char_read peer=xx:7A:39 char=control requestId=379 offset=0 valueBytes=26 responseBytes=26
08-07 13:38:30.361  8720  8720 I SpectrePeripheral: event=notify_send reason=sent_paced peer=xx:7A:39 char=enrichment bytes=68 label=chunked chunk=4 chunks=5 remaining=0
08-07 13:38:30.365  8720  8720 I SpectrePeripheral: event=notify_sent peer=xx:7A:39 status=success remaining=0
08-07 13:38:30.645  8720  8720 I SpectrePeripheral: event=char_write peer=xx:7A:39 char=event_batch requestId=380 offset=0 chunkBytes=202 totalBytes=202 prepared=false responseNeeded=true
08-07 13:38:30.645  8720  8720 I SpectrePeripheral: event=event_batch_received peer=xx:7A:39 cipherBytes=202 plainBytes=180 recordsEstimate=18 sessionId=0 batchId=0 totalBatches=154
08-07 13:38:30.816  8720  8720 I SpectrePeripheral: event=update_value char=control bytes=4
08-07 13:38:30.816  8720  8720 I SpectrePeripheral: event=notify_requested char=control bytes=26 connected=1
08-07 13:38:30.818  8720  8720 I SpectrePeripheral: event=notify_queued peer=xx:7A:39 char=control bytes=26 label=value chunk=0 chunks=1 queued=1
08-07 13:38:30.818  8720  8720 I SpectrePeripheral: event=notify_send reason=enqueue peer=xx:7A:39 char=control bytes=26 label=value chunk=0 chunks=1 remaining=0
08-07 13:38:30.819  8720  8720 I SpectrePeripheral: event=secure_value_updated char=control channel=2 plainBytes=4 cipherBytes=26 notify=true
08-07 13:38:30.819  8720  8747 I ReactNativeJS: [SpectreEnrich] batch events=18 matched=0 skipped=18 history=188 firstEvent=1783134225000 lastEvent=1783135110000 oldestHistory=1783461501000 newestHistory=1786126571866 nearestDriftMin=326391000 nearestDriftMax=327276000 nearestFixFirst=1783461501000 nativeRecorder=1
08-07 13:38:30.819  8720  8720 I SpectrePeripheral: event=notify_sent peer=xx:7A:39 status=success remaining=0
08-07 13:38:30.819  8720  8720 W SpectrePeripheral: event=enrichment_response_unframed records=18 pendingRecords=18 sessionId=0 batchId=0
08-07 13:38:30.820  8720  8720 I SpectrePeripheral: event=notify_chunked char=enrichment plainBytes=846 chunks=5 chunkPlainMax=200
08-07 13:38:30.820  8720  8720 I SpectrePeripheral: event=notify_chunk char=enrichment chunk=0 plainBytes=200 bytes=222
08-07 13:38:30.820  8720  8720 I SpectrePeripheral: event=notify_queued peer=xx:7A:39 char=enrichment bytes=222 label=chunked chunk=0 chunks=5 queued=1
08-07 13:38:30.820  8720  8720 I SpectrePeripheral: event=notify_send reason=enqueue peer=xx:7A:39 char=enrichment bytes=222 label=chunked chunk=0 chunks=5 remaining=0
08-07 13:38:30.820  8720  8720 I SpectrePeripheral: event=notify_chunk char=enrichment chunk=1 plainBytes=200 bytes=222
08-07 13:38:30.821  8720  8720 I SpectrePeripheral: event=notify_queued peer=xx:7A:39 char=enrichment bytes=222 label=chunked chunk=1 chunks=5 queued=1
08-07 13:38:30.821  8720  8720 I SpectrePeripheral: event=notify_chunk char=enrichment chunk=2 plainBytes=200 bytes=222
08-07 13:38:30.821  8720  8720 I SpectrePeripheral: event=notify_queued peer=xx:7A:39 char=enrichment bytes=222 label=chunked chunk=2 chunks=5 queued=2
08-07 13:38:30.821  8720  8720 I SpectrePeripheral: event=notify_chunk char=enrichment chunk=3 plainBytes=200 bytes=222
08-07 13:38:30.821  8720  8720 I SpectrePeripheral: event=notify_queued peer=xx:7A:39 char=enrichment bytes=222 label=chunked chunk=3 chunks=5 queued=3
08-07 13:38:30.821  8720  8720 I SpectrePeripheral: event=notify_chunk char=enrichment chunk=4 plainBytes=46 bytes=68
08-07 13:38:30.822  8720  8720 I SpectrePeripheral: event=notify_queued peer=xx:7A:39 char=enrichment bytes=68 label=chunked chunk=4 chunks=5 queued=4
08-07 13:38:30.822  8720  8720 I SpectrePeripheral: event=notify_sent peer=xx:7A:39 status=success remaining=4
08-07 13:38:30.899  8720  8720 I SpectrePeripheral: event=notify_send reason=sent_paced peer=xx:7A:39 char=enrichment bytes=222 label=chunked chunk=1 chunks=5 remaining=3
08-07 13:38:30.901  8720  8720 I SpectrePeripheral: event=notify_sent peer=xx:7A:39 status=success remaining=3
08-07 13:38:30.977  8720  8720 I SpectrePeripheral: event=notify_send reason=sent_paced peer=xx:7A:39 char=enrichment bytes=222 label=chunked chunk=2 chunks=5 remaining=2
08-07 13:38:30.981  8720  8720 I SpectrePeripheral: event=notify_sent peer=xx:7A:39 status=success remaining=2
08-07 13:38:31.056  8720  8720 I SpectrePeripheral: event=notify_send reason=sent_paced peer=xx:7A:39 char=enrichment bytes=222 label=chunked chunk=3 chunks=5 remaining=1
08-07 13:38:31.059  8720  8720 I SpectrePeripheral: event=notify_sent peer=xx:7A:39 status=success remaining=1
08-07 13:38:31.135  8720  8720 I SpectrePeripheral: event=notify_send reason=sent_paced peer=xx:7A:39 char=enrichment bytes=68 label=chunked chunk=4 chunks=5 remaining=0
08-07 13:38:31.137  8720  8720 I SpectrePeripheral: event=notify_sent peer=xx:7A:39 status=success remaining=0
08-07 13:38:31.398  8720  8720 I SpectrePeripheral: event=char_write peer=xx:7A:39 char=event_batch requestId=381 offset=0 chunkBytes=202 totalBytes=202 prepared=false responseNeeded=true
08-07 13:38:31.400  8720  8720 I SpectrePeripheral: event=event_batch_received peer=xx:7A:39 cipherBytes=202 plainBytes=180 recordsEstimate=18 sessionId=0 batchId=0 totalBatches=155
08-07 13:38:31.571  8720  8747 I ReactNativeJS: [SpectreEnrich] batch events=18 matched=0 skipped=18 history=188 firstEvent=1783135247000 lastEvent=1783135590000 oldestHistory=1783461501000 newestHistory=1786126571866 nearestDriftMin=325911000 nearestDriftMax=326254000 nearestFixFirst=1783461501000 nativeRecorder=1
08-07 13:38:31.575  8720  8720 I SpectrePeripheral: event=update_value char=control bytes=4
08-07 13:38:31.575  8720  8720 I SpectrePeripheral: event=notify_requested char=control bytes=26 connected=1
08-07 13:38:31.576  8720  8720 I SpectrePeripheral: event=notify_queued peer=xx:7A:39 char=control bytes=26 label=value chunk=0 chunks=1 queued=1
08-07 13:38:31.576  8720  8720 I SpectrePeripheral: event=notify_send reason=enqueue peer=xx:7A:39 char=control bytes=26 label=value chunk=0 chunks=1 remaining=0
08-07 13:38:31.577  8720  8720 I SpectrePeripheral: event=secure_value_updated char=control channel=2 plainBytes=4 cipherBytes=26 notify=true
08-07 13:38:31.577  8720  8720 W SpectrePeripheral: event=enrichment_response_unframed records=18 pendingRecords=18 sessionId=0 batchId=0
08-07 13:38:31.577  8720  8720 I SpectrePeripheral: event=notify_chunked char=enrichment plainBytes=846 chunks=5 chunkPlainMax=200
08-07 13:38:31.577  8720  8720 I SpectrePeripheral: event=notify_chunk char=enrichment chunk=0 plainBytes=200 bytes=222
08-07 13:38:31.578  8720  8720 I SpectrePeripheral: event=notify_queued peer=xx:7A:39 char=enrichment bytes=222 label=chunked chunk=0 chunks=5 queued=1
08-07 13:38:31.578  8720  8720 I SpectrePeripheral: event=notify_chunk char=enrichment chunk=1 plainBytes=200 bytes=222
08-07 13:38:31.578  8720  8720 I SpectrePeripheral: event=notify_queued peer=xx:7A:39 char=enrichment bytes=222 label=chunked chunk=1 chunks=5 queued=2
08-07 13:38:31.578  8720  8720 I SpectrePeripheral: event=notify_chunk char=enrichment chunk=2 plainBytes=200 bytes=222
08-07 13:38:31.578  8720  8720 I SpectrePeripheral: event=notify_queued peer=xx:7A:39 char=enrichment bytes=222 label=chunked chunk=2 chunks=5 queued=3
08-07 13:38:31.579  8720  8720 I SpectrePeripheral: event=notify_chunk char=enrichment chunk=3 plainBytes=200 bytes=222
08-07 13:38:31.579  8720  8720 I SpectrePeripheral: event=notify_queued peer=xx:7A:39 char=enrichment bytes=222 label=chunked chunk=3 chunks=5 queued=4
08-07 13:38:31.579  8720  8720 I SpectrePeripheral: event=notify_chunk char=enrichment chunk=4 plainBytes=46 bytes=68
08-07 13:38:31.579  8720  8720 I SpectrePeripheral: event=notify_queued peer=xx:7A:39 char=enrichment bytes=68 label=chunked chunk=4 chunks=5 queued=5
08-07 13:38:31.580  8720  8720 I SpectrePeripheral: event=notify_sent peer=xx:7A:39 status=success remaining=5
08-07 13:38:31.580  8720  8720 I SpectrePeripheral: event=notify_send reason=sent peer=xx:7A:39 char=enrichment bytes=222 label=chunked chunk=0 chunks=5 remaining=4
08-07 13:38:31.584  8720  8720 I SpectrePeripheral: event=notify_sent peer=xx:7A:39 status=success remaining=4
08-07 13:38:31.661  8720  8720 I SpectrePeripheral: event=notify_send reason=sent_paced peer=xx:7A:39 char=enrichment bytes=222 label=chunked chunk=1 chunks=5 remaining=3
08-07 13:38:31.663  8720  8720 I SpectrePeripheral: event=notify_sent peer=xx:7A:39 status=success remaining=3
08-07 13:38:31.739  8720  8720 I SpectrePeripheral: event=notify_send reason=sent_paced peer=xx:7A:39 char=enrichment bytes=222 label=chunked chunk=2 chunks=5 remaining=2
08-07 13:38:31.742  8720  8720 I SpectrePeripheral: event=notify_sent peer=xx:7A:39 status=success remaining=2
08-07 13:38:31.818  8720  8720 I SpectrePeripheral: event=notify_send reason=sent_paced peer=xx:7A:39 char=enrichment bytes=222 label=chunked chunk=3 chunks=5 remaining=1
08-07 13:38:31.822  8720  8720 I SpectrePeripheral: event=notify_sent peer=xx:7A:39 status=success remaining=1
08-07 13:38:31.898  8720  8720 I SpectrePeripheral: event=notify_send reason=sent_paced peer=xx:7A:39 char=enrichment bytes=68 label=chunked chunk=4 chunks=5 remaining=0
08-07 13:38:31.901  8720  8720 I SpectrePeripheral: event=notify_sent peer=xx:7A:39 status=success remaining=0
08-07 13:38:32.144  8720  8720 I SpectrePeripheral: event=char_write peer=xx:7A:39 char=event_batch requestId=382 offset=0 chunkBytes=202 totalBytes=202 prepared=false responseNeeded=true
08-07 13:38:32.146  8720  8720 I SpectrePeripheral: event=event_batch_received peer=xx:7A:39 cipherBytes=202 plainBytes=180 recordsEstimate=18 sessionId=0 batchId=0 totalBatches=156
08-07 13:38:32.324  8720  8720 I SpectrePeripheral: event=update_value char=control bytes=4
08-07 13:38:32.324  8720  8720 I SpectrePeripheral: event=notify_requested char=control bytes=26 connected=1
08-07 13:38:32.324  8720  8747 I ReactNativeJS: [SpectreEnrich] batch events=18 matched=0 skipped=18 history=188 firstEvent=1783067704000 lastEvent=1783136262000 oldestHistory=1783461501000 newestHistory=1786126571866 nearestDriftMin=325239000 nearestDriftMax=393797000 nearestFixFirst=1783461501000 nativeRecorder=1
08-07 13:38:32.325  8720  8720 I SpectrePeripheral: event=notify_queued peer=xx:7A:39 char=control bytes=26 label=value chunk=0 chunks=1 queued=1
08-07 13:38:32.325  8720  8720 I SpectrePeripheral: event=notify_send reason=enqueue peer=xx:7A:39 char=control bytes=26 label=value chunk=0 chunks=1 remaining=0
08-07 13:38:32.326  8720  8720 I SpectrePeripheral: event=secure_value_updated char=control channel=2 plainBytes=4 cipherBytes=26 notify=true
08-07 13:38:32.326  8720  8720 W SpectrePeripheral: event=enrichment_response_unframed records=18 pendingRecords=18 sessionId=0 batchId=0
08-07 13:38:32.326  8720  8720 I SpectrePeripheral: event=notify_chunked char=enrichment plainBytes=846 chunks=5 chunkPlainMax=200
08-07 13:38:32.326  8720  8720 I SpectrePeripheral: event=notify_chunk char=enrichment chunk=0 plainBytes=200 bytes=222
08-07 13:38:32.327  8720  8720 I SpectrePeripheral: event=notify_queued peer=xx:7A:39 char=enrichment bytes=222 label=chunked chunk=0 chunks=5 queued=1
08-07 13:38:32.327  8720  8720 I SpectrePeripheral: event=notify_chunk char=enrichment chunk=1 plainBytes=200 bytes=222
08-07 13:38:32.327  8720  8720 I SpectrePeripheral: event=notify_queued peer=xx:7A:39 char=enrichment bytes=222 label=chunked chunk=1 chunks=5 queued=2
08-07 13:38:32.327  8720  8720 I SpectrePeripheral: event=notify_chunk char=enrichment chunk=2 plainBytes=200 bytes=222
08-07 13:38:32.327  8720  8720 I SpectrePeripheral: event=notify_queued peer=xx:7A:39 char=enrichment bytes=222 label=chunked chunk=2 chunks=5 queued=3
08-07 13:38:32.328  8720  8720 I SpectrePeripheral: event=notify_chunk char=enrichment chunk=3 plainBytes=200 bytes=222
08-07 13:38:32.328  8720  8720 I SpectrePeripheral: event=notify_queued peer=xx:7A:39 char=enrichment bytes=222 label=chunked chunk=3 chunks=5 queued=4
08-07 13:38:32.328  8720  8720 I SpectrePeripheral: event=notify_chunk char=enrichment chunk=4 plainBytes=46 bytes=68
08-07 13:38:32.328  8720  8720 I SpectrePeripheral: event=notify_queued peer=xx:7A:39 char=enrichment bytes=68 label=chunked chunk=4 chunks=5 queued=5
08-07 13:38:32.329  8720  8720 I SpectrePeripheral: event=notify_sent peer=xx:7A:39 status=success remaining=5
08-07 13:38:32.329  8720  8720 I SpectrePeripheral: event=notify_send reason=sent peer=xx:7A:39 char=enrichment bytes=222 label=chunked chunk=0 chunks=5 remaining=4
08-07 13:38:32.331  8720  8720 I SpectrePeripheral: event=notify_sent peer=xx:7A:39 status=success remaining=4
08-07 13:38:32.408  8720  8720 I SpectrePeripheral: event=notify_send reason=sent_paced peer=xx:7A:39 char=enrichment bytes=222 label=chunked chunk=1 chunks=5 remaining=3
08-07 13:38:32.410  8720  8720 I SpectrePeripheral: event=notify_sent peer=xx:7A:39 status=success remaining=3
08-07 13:38:32.473  8720  8774 I SpectrePeripheral: event=char_read peer=xx:7A:39 char=control requestId=383 offset=0 valueBytes=26 responseBytes=26
08-07 13:38:32.487  8720  8720 I SpectrePeripheral: event=notify_send reason=sent_paced peer=xx:7A:39 char=enrichment bytes=222 label=chunked chunk=2 chunks=5 remaining=2
08-07 13:38:32.489  8720  8720 I SpectrePeripheral: event=notify_sent peer=xx:7A:39 status=success remaining=2
08-07 13:38:32.565  8720  8720 I SpectrePeripheral: event=notify_send reason=sent_paced peer=xx:7A:39 char=enrichment bytes=222 label=chunked chunk=3 chunks=5 remaining=1
08-07 13:38:32.567  8720  8720 I SpectrePeripheral: event=notify_sent peer=xx:7A:39 status=success remaining=1
08-07 13:38:32.643  8720  8720 I SpectrePeripheral: event=notify_send reason=sent_paced peer=xx:7A:39 char=enrichment bytes=68 label=chunked chunk=4 chunks=5 remaining=0
08-07 13:38:32.645  8720  8720 I SpectrePeripheral: event=notify_sent peer=xx:7A:39 status=success remaining=0
08-07 13:38:32.927  8720  8720 I SpectrePeripheral: event=char_write peer=xx:7A:39 char=event_batch requestId=384 offset=0 chunkBytes=202 totalBytes=202 prepared=false responseNeeded=true
08-07 13:38:32.929  8720  8720 I SpectrePeripheral: event=event_batch_received peer=xx:7A:39 cipherBytes=202 plainBytes=180 recordsEstimate=18 sessionId=0 batchId=0 totalBatches=157
08-07 13:38:33.105  8720  8720 I SpectrePeripheral: event=update_value char=control bytes=4
08-07 13:38:33.105  8720  8720 I SpectrePeripheral: event=notify_requested char=control bytes=26 connected=1
08-07 13:38:33.105  8720  8747 I ReactNativeJS: [SpectreEnrich] batch events=18 matched=0 skipped=18 history=188 firstEvent=1783068650000 lastEvent=1783136903000 oldestHistory=1783461501000 newestHistory=1786126571866 nearestDriftMin=324598000 nearestDriftMax=392851000 nearestFixFirst=1783461501000 nativeRecorder=1
08-07 13:38:33.105  8720  8720 I SpectrePeripheral: event=notify_queued peer=xx:7A:39 char=control bytes=26 label=value chunk=0 chunks=1 queued=1
08-07 13:38:33.106  8720  8720 I SpectrePeripheral: event=notify_send reason=enqueue peer=xx:7A:39 char=control bytes=26 label=value chunk=0 chunks=1 remaining=0
08-07 13:38:33.106  8720  8720 I SpectrePeripheral: event=secure_value_updated char=control channel=2 plainBytes=4 cipherBytes=26 notify=true
08-07 13:38:33.106  8720  8720 W SpectrePeripheral: event=enrichment_response_unframed records=18 pendingRecords=18 sessionId=0 batchId=0
08-07 13:38:33.106  8720  8720 I SpectrePeripheral: event=notify_chunked char=enrichment plainBytes=846 chunks=5 chunkPlainMax=200
08-07 13:38:33.106  8720  8720 I SpectrePeripheral: event=notify_chunk char=enrichment chunk=0 plainBytes=200 bytes=222
08-07 13:38:33.107  8720  8720 I SpectrePeripheral: event=notify_queued peer=xx:7A:39 char=enrichment bytes=222 label=chunked chunk=0 chunks=5 queued=1
08-07 13:38:33.107  8720  8720 I SpectrePeripheral: event=notify_chunk char=enrichment chunk=1 plainBytes=200 bytes=222
08-07 13:38:33.107  8720  8720 I SpectrePeripheral: event=notify_queued peer=xx:7A:39 char=enrichment bytes=222 label=chunked chunk=1 chunks=5 queued=2
08-07 13:38:33.107  8720  8720 I SpectrePeripheral: event=notify_chunk char=enrichment chunk=2 plainBytes=200 bytes=222
08-07 13:38:33.107  8720  8720 I SpectrePeripheral: event=notify_queued peer=xx:7A:39 char=enrichment bytes=222 label=chunked chunk=2 chunks=5 queued=3
08-07 13:38:33.107  8720  8720 I SpectrePeripheral: event=notify_chunk char=enrichment chunk=3 plainBytes=200 bytes=222
08-07 13:38:33.107  8720  8720 I SpectrePeripheral: event=notify_queued peer=xx:7A:39 char=enrichment bytes=222 label=chunked chunk=3 chunks=5 queued=4
08-07 13:38:33.107  8720  8720 I SpectrePeripheral: event=notify_chunk char=enrichment chunk=4 plainBytes=46 bytes=68
08-07 13:38:33.108  8720  8720 I SpectrePeripheral: event=notify_queued peer=xx:7A:39 char=enrichment bytes=68 label=chunked chunk=4 chunks=5 queued=5
08-07 13:38:33.108  8720  8720 I SpectrePeripheral: event=notify_sent peer=xx:7A:39 status=success remaining=5
08-07 13:38:33.108  8720  8720 I SpectrePeripheral: event=notify_send reason=sent peer=xx:7A:39 char=enrichment bytes=222 label=chunked chunk=0 chunks=5 remaining=4
08-07 13:38:33.109  8720  8720 I SpectrePeripheral: event=notify_sent peer=xx:7A:39 status=success remaining=4
08-07 13:38:33.185  8720  8720 I SpectrePeripheral: event=notify_send reason=sent_paced peer=xx:7A:39 char=enrichment bytes=222 label=chunked chunk=1 chunks=5 remaining=3
08-07 13:38:33.188  8720  8720 I SpectrePeripheral: event=notify_sent peer=xx:7A:39 status=success remaining=3
08-07 13:38:33.263  8720  8720 I SpectrePeripheral: event=notify_send reason=sent_paced peer=xx:7A:39 char=enrichment bytes=222 label=chunked chunk=2 chunks=5 remaining=2
08-07 13:38:33.265  8720  8720 I SpectrePeripheral: event=notify_sent peer=xx:7A:39 status=success remaining=2
08-07 13:38:33.342  8720  8720 I SpectrePeripheral: event=notify_send reason=sent_paced peer=xx:7A:39 char=enrichment bytes=222 label=chunked chunk=3 chunks=5 remaining=1
08-07 13:38:33.344  8720  8720 I SpectrePeripheral: event=notify_sent peer=xx:7A:39 status=success remaining=1
08-07 13:38:33.370  8720  8774 I SpectrePeripheral: event=char_read peer=xx:7A:39 char=gps requestId=385 offset=0 valueBytes=42 responseBytes=42
08-07 13:38:33.421  8720  8720 I SpectrePeripheral: event=notify_send reason=sent_paced peer=xx:7A:39 char=enrichment bytes=68 label=chunked chunk=4 chunks=5 remaining=0
08-07 13:38:33.423  8720  8720 I SpectrePeripheral: event=notify_sent peer=xx:7A:39 status=success remaining=0
08-07 13:38:33.676  8720  8720 I SpectrePeripheral: event=char_write peer=xx:7A:39 char=event_batch requestId=386 offset=0 chunkBytes=202 totalBytes=202 prepared=false responseNeeded=true
08-07 13:38:33.678  8720  8720 I SpectrePeripheral: event=event_batch_received peer=xx:7A:39 cipherBytes=202 plainBytes=180 recordsEstimate=18 sessionId=0 batchId=0 totalBatches=158
08-07 13:38:33.846  8720  8720 I SpectrePeripheral: event=update_value char=control bytes=4
08-07 13:38:33.846  8720  8720 I SpectrePeripheral: event=notify_requested char=control bytes=26 connected=1
08-07 13:38:33.847  8720  8720 I SpectrePeripheral: event=notify_queued peer=xx:7A:39 char=control bytes=26 label=value chunk=0 chunks=1 queued=1
08-07 13:38:33.848  8720  8720 I SpectrePeripheral: event=notify_send reason=enqueue peer=xx:7A:39 char=control bytes=26 label=value chunk=0 chunks=1 remaining=0
08-07 13:38:33.849  8720  8720 I SpectrePeripheral: event=secure_value_updated char=control channel=2 plainBytes=4 cipherBytes=26 notify=true
08-07 13:38:33.853  8720  8747 I ReactNativeJS: [SpectreEnrich] batch events=18 matched=0 skipped=18 history=188 firstEvent=1783068950000 lastEvent=1783137543000 oldestHistory=1783461501000 newestHistory=1786126571866 nearestDriftMin=323958000 nearestDriftMax=392551000 nearestFixFirst=1783461501000 nativeRecorder=1
08-07 13:38:33.855  8720  8720 I SpectrePeripheral: event=notify_sent peer=xx:7A:39 status=success remaining=0
08-07 13:38:33.855  8720  8720 W SpectrePeripheral: event=enrichment_response_unframed records=18 pendingRecords=18 sessionId=0 batchId=0
08-07 13:38:33.855  8720  8720 I SpectrePeripheral: event=notify_chunked char=enrichment plainBytes=846 chunks=5 chunkPlainMax=200
08-07 13:38:33.855  8720  8720 I SpectrePeripheral: event=notify_chunk char=enrichment chunk=0 plainBytes=200 bytes=222
08-07 13:38:33.856  8720  8720 I SpectrePeripheral: event=notify_queued peer=xx:7A:39 char=enrichment bytes=222 label=chunked chunk=0 chunks=5 queued=1
08-07 13:38:33.856  8720  8720 I SpectrePeripheral: event=notify_send reason=enqueue peer=xx:7A:39 char=enrichment bytes=222 label=chunked chunk=0 chunks=5 remaining=0
08-07 13:38:33.857  8720  8720 I SpectrePeripheral: event=notify_chunk char=enrichment chunk=1 plainBytes=200 bytes=222
08-07 13:38:33.857  8720  8720 I SpectrePeripheral: event=notify_queued peer=xx:7A:39 char=enrichment bytes=222 label=chunked chunk=1 chunks=5 queued=1
08-07 13:38:33.857  8720  8720 I SpectrePeripheral: event=notify_chunk char=enrichment chunk=2 plainBytes=200 bytes=222
08-07 13:38:33.857  8720  8720 I SpectrePeripheral: event=notify_queued peer=xx:7A:39 char=enrichment bytes=222 label=chunked chunk=2 chunks=5 queued=2
08-07 13:38:33.857  8720  8720 I SpectrePeripheral: event=notify_chunk char=enrichment chunk=3 plainBytes=200 bytes=222
08-07 13:38:33.857  8720  8720 I SpectrePeripheral: event=notify_queued peer=xx:7A:39 char=enrichment bytes=222 label=chunked chunk=3 chunks=5 queued=3
08-07 13:38:33.858  8720  8720 I SpectrePeripheral: event=notify_chunk char=enrichment chunk=4 plainBytes=46 bytes=68
08-07 13:38:33.858  8720  8720 I SpectrePeripheral: event=notify_queued peer=xx:7A:39 char=enrichment bytes=68 label=chunked chunk=4 chunks=5 queued=4
08-07 13:38:33.858  8720  8720 I SpectrePeripheral: event=notify_sent peer=xx:7A:39 status=success remaining=4
08-07 13:38:33.935  8720  8720 I SpectrePeripheral: event=notify_send reason=sent_paced peer=xx:7A:39 char=enrichment bytes=222 label=chunked chunk=1 chunks=5 remaining=3
08-07 13:38:33.938  8720  8720 I SpectrePeripheral: event=notify_sent peer=xx:7A:39 status=success remaining=3
08-07 13:38:34.013  8720  8720 I SpectrePeripheral: event=notify_send reason=sent_paced peer=xx:7A:39 char=enrichment bytes=222 label=chunked chunk=2 chunks=5 remaining=2
08-07 13:38:34.016  8720  8720 I SpectrePeripheral: event=notify_sent peer=xx:7A:39 status=success remaining=2
08-07 13:38:34.092  8720  8720 I SpectrePeripheral: event=notify_send reason=sent_paced peer=xx:7A:39 char=enrichment bytes=222 label=chunked chunk=3 chunks=5 remaining=1
08-07 13:38:34.095  8720  8720 I SpectrePeripheral: event=notify_sent peer=xx:7A:39 status=success remaining=1
08-07 13:38:34.171  8720  8720 I SpectrePeripheral: event=notify_send reason=sent_paced peer=xx:7A:39 char=enrichment bytes=68 label=chunked chunk=4 chunks=5 remaining=0
08-07 13:38:34.174  8720  8720 I SpectrePeripheral: event=notify_sent peer=xx:7A:39 status=success remaining=0
08-07 13:38:34.456  8720  8720 I SpectrePeripheral: event=char_write peer=xx:7A:39 char=event_batch requestId=387 offset=0 chunkBytes=202 totalBytes=202 prepared=false responseNeeded=true
08-07 13:38:34.457  8720  8720 I SpectrePeripheral: event=event_batch_received peer=xx:7A:39 cipherBytes=202 plainBytes=180 recordsEstimate=18 sessionId=0 batchId=0 totalBatches=159
08-07 13:38:34.602  8720  8762 I SpectrePeripheral: event=char_read peer=xx:7A:39 char=control requestId=388 offset=0 valueBytes=26 responseBytes=26
08-07 13:38:34.628  8720  8720 I SpectrePeripheral: event=update_value char=control bytes=4
08-07 13:38:34.628  8720  8720 I SpectrePeripheral: event=notify_requested char=control bytes=26 connected=1
08-07 13:38:34.630  8720  8747 I ReactNativeJS: [SpectreEnrich] batch events=18 matched=0 skipped=18 history=188 firstEvent=1783069797000 lastEvent=1783138663000 oldestHistory=1783461501000 newestHistory=1786126571866 nearestDriftMin=322838000 nearestDriftMax=391704000 nearestFixFirst=1783461501000 nativeRecorder=1
08-07 13:38:34.632  8720  8720 I SpectrePeripheral: event=notify_queued peer=xx:7A:39 char=control bytes=26 label=value chunk=0 chunks=1 queued=1
08-07 13:38:34.632  8720  8720 I SpectrePeripheral: event=notify_send reason=enqueue peer=xx:7A:39 char=control bytes=26 label=value chunk=0 chunks=1 remaining=0
08-07 13:38:34.633  8720  8720 I SpectrePeripheral: event=secure_value_updated char=control channel=2 plainBytes=4 cipherBytes=26 notify=true
08-07 13:38:34.633  8720  8720 W SpectrePeripheral: event=enrichment_response_unframed records=18 pendingRecords=18 sessionId=0 batchId=0
08-07 13:38:34.633  8720  8720 I SpectrePeripheral: event=notify_chunked char=enrichment plainBytes=846 chunks=5 chunkPlainMax=200
08-07 13:38:34.633  8720  8720 I SpectrePeripheral: event=notify_chunk char=enrichment chunk=0 plainBytes=200 bytes=222
08-07 13:38:34.634  8720  8720 I SpectrePeripheral: event=notify_queued peer=xx:7A:39 char=enrichment bytes=222 label=chunked chunk=0 chunks=5 queued=1
08-07 13:38:34.634  8720  8720 I SpectrePeripheral: event=notify_chunk char=enrichment chunk=1 plainBytes=200 bytes=222
08-07 13:38:34.635  8720  8720 I SpectrePeripheral: event=notify_queued peer=xx:7A:39 char=enrichment bytes=222 label=chunked chunk=1 chunks=5 queued=2
08-07 13:38:34.635  8720  8720 I SpectrePeripheral: event=notify_chunk char=enrichment chunk=2 plainBytes=200 bytes=222
08-07 13:38:34.636  8720  8720 I SpectrePeripheral: event=notify_queued peer=xx:7A:39 char=enrichment bytes=222 label=chunked chunk=2 chunks=5 queued=3
08-07 13:38:34.636  8720  8720 I SpectrePeripheral: event=notify_chunk char=enrichment chunk=3 plainBytes=200 bytes=222
08-07 13:38:34.637  8720  8720 I SpectrePeripheral: event=notify_queued peer=xx:7A:39 char=enrichment bytes=222 label=chunked chunk=3 chunks=5 queued=4
08-07 13:38:34.637  8720  8720 I SpectrePeripheral: event=notify_chunk char=enrichment chunk=4 plainBytes=46 bytes=68
08-07 13:38:34.637  8720  8720 I SpectrePeripheral: event=notify_queued peer=xx:7A:39 char=enrichment bytes=68 label=chunked chunk=4 chunks=5 queued=5
08-07 13:38:34.638  8720  8720 I SpectrePeripheral: event=notify_sent peer=xx:7A:39 status=success remaining=5
08-07 13:38:34.638  8720  8720 I SpectrePeripheral: event=notify_send reason=sent peer=xx:7A:39 char=enrichment bytes=222 label=chunked chunk=0 chunks=5 remaining=4
08-07 13:38:34.640  8720  8720 I SpectrePeripheral: event=notify_sent peer=xx:7A:39 status=success remaining=4
08-07 13:38:34.716  8720  8720 I SpectrePeripheral: event=notify_send reason=sent_paced peer=xx:7A:39 char=enrichment bytes=222 label=chunked chunk=1 chunks=5 remaining=3
08-07 13:38:34.718  8720  8720 I SpectrePeripheral: event=notify_sent peer=xx:7A:39 status=success remaining=3
08-07 13:38:34.795  8720  8720 I SpectrePeripheral: event=notify_send reason=sent_paced peer=xx:7A:39 char=enrichment bytes=222 label=chunked chunk=2 chunks=5 remaining=2
08-07 13:38:34.797  8720  8720 I SpectrePeripheral: event=notify_sent peer=xx:7A:39 status=success remaining=2
08-07 13:38:34.875  8720  8720 I SpectrePeripheral: event=notify_send reason=sent_paced peer=xx:7A:39 char=enrichment bytes=222 label=chunked chunk=3 chunks=5 remaining=1
08-07 13:38:34.878  8720  8720 I SpectrePeripheral: event=notify_sent peer=xx:7A:39 status=success remaining=1
08-07 13:38:34.955  8720  8720 I SpectrePeripheral: event=notify_send reason=sent_paced peer=xx:7A:39 char=enrichment bytes=68 label=chunked chunk=4 chunks=5 remaining=0
08-07 13:38:34.957  8720  8720 I SpectrePeripheral: event=notify_sent peer=xx:7A:39 status=success remaining=0
08-07 13:38:35.204  8720  8720 I SpectrePeripheral: event=char_write peer=xx:7A:39 char=event_batch requestId=389 offset=0 chunkBytes=202 totalBytes=202 prepared=false responseNeeded=true
08-07 13:38:35.206  8720  8720 I SpectrePeripheral: event=event_batch_received peer=xx:7A:39 cipherBytes=202 plainBytes=180 recordsEstimate=18 sessionId=0 batchId=0 totalBatches=160
08-07 13:38:35.374  8720  8747 I ReactNativeJS: [SpectreEnrich] batch events=18 matched=0 skipped=18 history=188 firstEvent=1783070903000 lastEvent=1783139623000 oldestHistory=1783461501000 newestHistory=1786126571866 nearestDriftMin=321878000 nearestDriftMax=390598000 nearestFixFirst=1783461501000 nativeRecorder=1
08-07 13:38:35.377  8720  8720 I SpectrePeripheral: event=update_value char=control bytes=4
08-07 13:38:35.377  8720  8720 I SpectrePeripheral: event=notify_requested char=control bytes=26 connected=1
08-07 13:38:35.378  8720  8720 I SpectrePeripheral: event=notify_queued peer=xx:7A:39 char=control bytes=26 label=value chunk=0 chunks=1 queued=1
08-07 13:38:35.378  8720  8720 I SpectrePeripheral: event=notify_send reason=enqueue peer=xx:7A:39 char=control bytes=26 label=value chunk=0 chunks=1 remaining=0
08-07 13:38:35.378  8720  8720 I SpectrePeripheral: event=secure_value_updated char=control channel=2 plainBytes=4 cipherBytes=26 notify=true
08-07 13:38:35.379  8720  8720 W SpectrePeripheral: event=enrichment_response_unframed records=18 pendingRecords=18 sessionId=0 batchId=0
08-07 13:38:35.379  8720  8720 I SpectrePeripheral: event=notify_chunked char=enrichment plainBytes=846 chunks=5 chunkPlainMax=200
08-07 13:38:35.379  8720  8720 I SpectrePeripheral: event=notify_chunk char=enrichment chunk=0 plainBytes=200 bytes=222
08-07 13:38:35.379  8720  8720 I SpectrePeripheral: event=notify_queued peer=xx:7A:39 char=enrichment bytes=222 label=chunked chunk=0 chunks=5 queued=1
08-07 13:38:35.379  8720  8720 I SpectrePeripheral: event=notify_chunk char=enrichment chunk=1 plainBytes=200 bytes=222
08-07 13:38:35.379  8720  8720 I SpectrePeripheral: event=notify_queued peer=xx:7A:39 char=enrichment bytes=222 label=chunked chunk=1 chunks=5 queued=2
08-07 13:38:35.379  8720  8720 I SpectrePeripheral: event=notify_chunk char=enrichment chunk=2 plainBytes=200 bytes=222
08-07 13:38:35.379  8720  8720 I SpectrePeripheral: event=notify_queued peer=xx:7A:39 char=enrichment bytes=222 label=chunked chunk=2 chunks=5 queued=3
08-07 13:38:35.379  8720  8720 I SpectrePeripheral: event=notify_chunk char=enrichment chunk=3 plainBytes=200 bytes=222
08-07 13:38:35.380  8720  8720 I SpectrePeripheral: event=notify_queued peer=xx:7A:39 char=enrichment bytes=222 label=chunked chunk=3 chunks=5 queued=4
08-07 13:38:35.380  8720  8720 I SpectrePeripheral: event=notify_chunk char=enrichment chunk=4 plainBytes=46 bytes=68
08-07 13:38:35.380  8720  8720 I SpectrePeripheral: event=notify_queued peer=xx:7A:39 char=enrichment bytes=68 label=chunked chunk=4 chunks=5 queued=5
08-07 13:38:35.380  8720  8720 I SpectrePeripheral: event=notify_sent peer=xx:7A:39 status=success remaining=5
08-07 13:38:35.381  8720  8720 I SpectrePeripheral: event=notify_send reason=sent peer=xx:7A:39 char=enrichment bytes=222 label=chunked chunk=0 chunks=5 remaining=4
08-07 13:38:35.386  8720  8720 I SpectrePeripheral: event=notify_sent peer=xx:7A:39 status=success remaining=4
08-07 13:38:35.463  8720  8720 I SpectrePeripheral: event=notify_send reason=sent_paced peer=xx:7A:39 char=enrichment bytes=222 label=chunked chunk=1 chunks=5 remaining=3
08-07 13:38:35.465  8720  8720 I SpectrePeripheral: event=notify_sent peer=xx:7A:39 status=success remaining=3
08-07 13:38:35.541  8720  8720 I SpectrePeripheral: event=notify_send reason=sent_paced peer=xx:7A:39 char=enrichment bytes=222 label=chunked chunk=2 chunks=5 remaining=2
08-07 13:38:35.544  8720  8720 I SpectrePeripheral: event=notify_sent peer=xx:7A:39 status=success remaining=2
08-07 13:38:35.619  8720  8720 I SpectrePeripheral: event=notify_send reason=sent_paced peer=xx:7A:39 char=enrichment bytes=222 label=chunked chunk=3 chunks=5 remaining=1
08-07 13:38:35.623  8720  8720 I SpectrePeripheral: event=notify_sent peer=xx:7A:39 status=success remaining=1
08-07 13:38:35.699  8720  8720 I SpectrePeripheral: event=notify_send reason=sent_paced peer=xx:7A:39 char=enrichment bytes=68 label=chunked chunk=4 chunks=5 remaining=0
08-07 13:38:35.702  8720  8720 I SpectrePeripheral: event=notify_sent peer=xx:7A:39 status=success remaining=0
08-07 13:38:35.982  8720  8720 I SpectrePeripheral: event=char_write peer=xx:7A:39 char=event_batch requestId=390 offset=0 chunkBytes=202 totalBytes=202 prepared=false responseNeeded=true
08-07 13:38:35.983  8720  8720 I SpectrePeripheral: event=event_batch_received peer=xx:7A:39 cipherBytes=202 plainBytes=180 recordsEstimate=18 sessionId=0 batchId=0 totalBatches=161
08-07 13:38:36.159  8720  8720 I SpectrePeripheral: event=update_value char=control bytes=4
08-07 13:38:36.159  8720  8720 I SpectrePeripheral: event=notify_requested char=control bytes=26 connected=1
08-07 13:38:36.160  8720  8747 I ReactNativeJS: [SpectreEnrich] batch events=18 matched=0 skipped=18 history=188 firstEvent=1783071637000 lastEvent=1783140391000 oldestHistory=1783461501000 newestHistory=1786126571866 nearestDriftMin=321110000 nearestDriftMax=389864000 nearestFixFirst=1783461501000 nativeRecorder=1
08-07 13:38:36.160  8720  8720 I SpectrePeripheral: event=notify_queued peer=xx:7A:39 char=control bytes=26 label=value chunk=0 chunks=1 queued=1
08-07 13:38:36.160  8720  8720 I SpectrePeripheral: event=notify_send reason=enqueue peer=xx:7A:39 char=control bytes=26 label=value chunk=0 chunks=1 remaining=0
08-07 13:38:36.161  8720  8720 I SpectrePeripheral: event=secure_value_updated char=control channel=2 plainBytes=4 cipherBytes=26 notify=true
08-07 13:38:36.161  8720  8720 W SpectrePeripheral: event=enrichment_response_unframed records=18 pendingRecords=18 sessionId=0 batchId=0
08-07 13:38:36.161  8720  8720 I SpectrePeripheral: event=notify_chunked char=enrichment plainBytes=846 chunks=5 chunkPlainMax=200
08-07 13:38:36.161  8720  8720 I SpectrePeripheral: event=notify_chunk char=enrichment chunk=0 plainBytes=200 bytes=222
08-07 13:38:36.161  8720  8720 I SpectrePeripheral: event=notify_queued peer=xx:7A:39 char=enrichment bytes=222 label=chunked chunk=0 chunks=5 queued=1
08-07 13:38:36.161  8720  8720 I SpectrePeripheral: event=notify_chunk char=enrichment chunk=1 plainBytes=200 bytes=222
08-07 13:38:36.162  8720  8720 I SpectrePeripheral: event=notify_queued peer=xx:7A:39 char=enrichment bytes=222 label=chunked chunk=1 chunks=5 queued=2
08-07 13:38:36.162  8720  8720 I SpectrePeripheral: event=notify_chunk char=enrichment chunk=2 plainBytes=200 bytes=222
08-07 13:38:36.162  8720  8720 I SpectrePeripheral: event=notify_queued peer=xx:7A:39 char=enrichment bytes=222 label=chunked chunk=2 chunks=5 queued=3
08-07 13:38:36.162  8720  8720 I SpectrePeripheral: event=notify_chunk char=enrichment chunk=3 plainBytes=200 bytes=222
08-07 13:38:36.162  8720  8720 I SpectrePeripheral: event=notify_queued peer=xx:7A:39 char=enrichment bytes=222 label=chunked chunk=3 chunks=5 queued=4
08-07 13:38:36.162  8720  8720 I SpectrePeripheral: event=notify_chunk char=enrichment chunk=4 plainBytes=46 bytes=68
08-07 13:38:36.162  8720  8720 I SpectrePeripheral: event=notify_queued peer=xx:7A:39 char=enrichment bytes=68 label=chunked chunk=4 chunks=5 queued=5
08-07 13:38:36.163  8720  8720 I SpectrePeripheral: event=notify_sent peer=xx:7A:39 status=success remaining=5
08-07 13:38:36.163  8720  8720 I SpectrePeripheral: event=notify_send reason=sent peer=xx:7A:39 char=enrichment bytes=222 label=chunked chunk=0 chunks=5 remaining=4
08-07 13:38:36.164  8720  8720 I SpectrePeripheral: event=notify_sent peer=xx:7A:39 status=success remaining=4
08-07 13:38:36.240  8720  8720 I SpectrePeripheral: event=notify_send reason=sent_paced peer=xx:7A:39 char=enrichment bytes=222 label=chunked chunk=1 chunks=5 remaining=3
08-07 13:38:36.243  8720  8720 I SpectrePeripheral: event=notify_sent peer=xx:7A:39 status=success remaining=3
08-07 13:38:36.320  8720  8720 I SpectrePeripheral: event=notify_send reason=sent_paced peer=xx:7A:39 char=enrichment bytes=222 label=chunked chunk=2 chunks=5 remaining=2
08-07 13:38:36.323  8720  8720 I SpectrePeripheral: event=notify_sent peer=xx:7A:39 status=success remaining=2
08-07 13:38:36.399  8720  8720 I SpectrePeripheral: event=notify_send reason=sent_paced peer=xx:7A:39 char=enrichment bytes=222 label=chunked chunk=3 chunks=5 remaining=1
08-07 13:38:36.402  8720  8720 I SpectrePeripheral: event=notify_sent peer=xx:7A:39 status=success remaining=1
08-07 13:38:36.478  8720  8720 I SpectrePeripheral: event=notify_send reason=sent_paced peer=xx:7A:39 char=enrichment bytes=68 label=chunked chunk=4 chunks=5 remaining=0
08-07 13:38:36.480  8720  8720 I SpectrePeripheral: event=notify_sent peer=xx:7A:39 status=success remaining=0
08-07 13:38:36.733  8720  8732 I SpectrePeripheral: event=char_read peer=xx:7A:39 char=control requestId=391 offset=0 valueBytes=26 responseBytes=26
08-07 13:38:36.792  8720  8720 I SpectrePeripheral: event=char_write peer=xx:7A:39 char=event_batch requestId=392 offset=0 chunkBytes=202 totalBytes=202 prepared=false responseNeeded=true
08-07 13:38:36.792  8720  8720 I SpectrePeripheral: event=event_batch_received peer=xx:7A:39 cipherBytes=202 plainBytes=180 recordsEstimate=18 sessionId=0 batchId=0 totalBatches=162
08-07 13:38:36.969  8720  8747 I ReactNativeJS: [SpectreEnrich] batch events=18 matched=0 skipped=18 history=188 firstEvent=1783072392000 lastEvent=1783141063000 oldestHistory=1783461501000 newestHistory=1786126571866 nearestDriftMin=320438000 nearestDriftMax=389109000 nearestFixFirst=1783461501000 nativeRecorder=1
08-07 13:38:36.971  8720  8720 W SpectrePeripheral: event=enrichment_response_unframed records=18 pendingRecords=18 sessionId=0 batchId=0
08-07 13:38:36.972  8720  8720 I SpectrePeripheral: event=notify_chunked char=enrichment plainBytes=846 chunks=5 chunkPlainMax=200
08-07 13:38:36.972  8720  8720 I SpectrePeripheral: event=notify_chunk char=enrichment chunk=0 plainBytes=200 bytes=222
08-07 13:38:36.973  8720  8720 I SpectrePeripheral: event=notify_queued peer=xx:7A:39 char=enrichment bytes=222 label=chunked chunk=0 chunks=5 queued=1
08-07 13:38:36.974  8720  8720 I SpectrePeripheral: event=notify_send reason=enqueue peer=xx:7A:39 char=enrichment bytes=222 label=chunked chunk=0 chunks=5 remaining=0
08-07 13:38:36.974  8720  8720 I SpectrePeripheral: event=notify_chunk char=enrichment chunk=1 plainBytes=200 bytes=222
08-07 13:38:36.975  8720  8720 I SpectrePeripheral: event=notify_queued peer=xx:7A:39 char=enrichment bytes=222 label=chunked chunk=1 chunks=5 queued=1
08-07 13:38:36.975  8720  8720 I SpectrePeripheral: event=notify_chunk char=enrichment chunk=2 plainBytes=200 bytes=222
08-07 13:38:36.975  8720  8720 I SpectrePeripheral: event=notify_queued peer=xx:7A:39 char=enrichment bytes=222 label=chunked chunk=2 chunks=5 queued=2
08-07 13:38:36.976  8720  8720 I SpectrePeripheral: event=notify_chunk char=enrichment chunk=3 plainBytes=200 bytes=222
08-07 13:38:36.976  8720  8720 I SpectrePeripheral: event=notify_queued peer=xx:7A:39 char=enrichment bytes=222 label=chunked chunk=3 chunks=5 queued=3
08-07 13:38:36.976  8720  8720 I SpectrePeripheral: event=notify_chunk char=enrichment chunk=4 plainBytes=46 bytes=68
08-07 13:38:36.976  8720  8720 I SpectrePeripheral: event=notify_queued peer=xx:7A:39 char=enrichment bytes=68 label=chunked chunk=4 chunks=5 queued=4
08-07 13:38:36.976  8720  8720 I SpectrePeripheral: event=update_value char=control bytes=4
08-07 13:38:36.976  8720  8720 I SpectrePeripheral: event=notify_requested char=control bytes=26 connected=1
08-07 13:38:36.977  8720  8720 I SpectrePeripheral: event=notify_queued peer=xx:7A:39 char=control bytes=26 label=value chunk=0 chunks=1 queued=5
08-07 13:38:36.977  8720  8720 I SpectrePeripheral: event=secure_value_updated char=control channel=2 plainBytes=4 cipherBytes=26 notify=true
08-07 13:38:36.978  8720  8720 I SpectrePeripheral: event=notify_sent peer=xx:7A:39 status=success remaining=5
08-07 13:38:37.054  8720  8720 I SpectrePeripheral: event=notify_send reason=sent_paced peer=xx:7A:39 char=enrichment bytes=222 label=chunked chunk=1 chunks=5 remaining=4
08-07 13:38:37.056  8720  8720 I SpectrePeripheral: event=notify_sent peer=xx:7A:39 status=success remaining=4
08-07 13:38:37.132  8720  8720 I SpectrePeripheral: event=notify_send reason=sent_paced peer=xx:7A:39 char=enrichment bytes=222 label=chunked chunk=2 chunks=5 remaining=3
08-07 13:38:37.135  8720  8720 I SpectrePeripheral: event=notify_sent peer=xx:7A:39 status=success remaining=3
08-07 13:38:37.212  8720  8720 I SpectrePeripheral: event=notify_send reason=sent_paced peer=xx:7A:39 char=enrichment bytes=222 label=chunked chunk=3 chunks=5 remaining=2
08-07 13:38:37.214  8720  8720 I SpectrePeripheral: event=notify_sent peer=xx:7A:39 status=success remaining=2
08-07 13:38:37.290  8720  8720 I SpectrePeripheral: event=notify_send reason=sent_paced peer=xx:7A:39 char=enrichment bytes=68 label=chunked chunk=4 chunks=5 remaining=1
08-07 13:38:37.293  8720  8720 I SpectrePeripheral: event=notify_sent peer=xx:7A:39 status=success remaining=1
08-07 13:38:37.370  8720  8720 I SpectrePeripheral: event=notify_send reason=sent_paced peer=xx:7A:39 char=control bytes=26 label=value chunk=0 chunks=1 remaining=0
08-07 13:38:37.374  8720  8720 I SpectrePeripheral: event=notify_sent peer=xx:7A:39 status=success remaining=0
08-07 13:38:37.513  8720  8720 I SpectrePeripheral: event=char_write peer=xx:7A:39 char=event_batch requestId=393 offset=0 chunkBytes=202 totalBytes=202 prepared=false responseNeeded=true
08-07 13:38:37.515  8720  8720 I SpectrePeripheral: event=event_batch_received peer=xx:7A:39 cipherBytes=202 plainBytes=180 recordsEstimate=18 sessionId=0 batchId=0 totalBatches=163
08-07 13:38:37.691  8720  8720 I SpectrePeripheral: event=update_value char=control bytes=4
08-07 13:38:37.691  8720  8720 I SpectrePeripheral: event=notify_requested char=control bytes=26 connected=1
08-07 13:38:37.692  8720  8720 I SpectrePeripheral: event=notify_queued peer=xx:7A:39 char=control bytes=26 label=value chunk=0 chunks=1 queued=1
08-07 13:38:37.694  8720  8720 I SpectrePeripheral: event=notify_send reason=enqueue peer=xx:7A:39 char=control bytes=26 label=value chunk=0 chunks=1 remaining=0
08-07 13:38:37.694  8720  8720 I SpectrePeripheral: event=secure_value_updated char=control channel=2 plainBytes=4 cipherBytes=26 notify=true
08-07 13:38:37.695  8720  8720 I SpectrePeripheral: event=notify_sent peer=xx:7A:39 status=success remaining=0
08-07 13:38:37.696  8720  8747 I ReactNativeJS: [SpectreEnrich] batch events=18 matched=0 skipped=18 history=188 firstEvent=1783073156000 lastEvent=1783141543000 oldestHistory=1783461501000 newestHistory=1786126571866 nearestDriftMin=319958000 nearestDriftMax=388345000 nearestFixFirst=1783461501000 nativeRecorder=1
08-07 13:38:37.696  8720  8720 W SpectrePeripheral: event=enrichment_response_unframed records=18 pendingRecords=18 sessionId=0 batchId=0
08-07 13:38:37.696  8720  8720 I SpectrePeripheral: event=notify_chunked char=enrichment plainBytes=846 chunks=5 chunkPlainMax=200
08-07 13:38:37.697  8720  8720 I SpectrePeripheral: event=notify_chunk char=enrichment chunk=0 plainBytes=200 bytes=222
08-07 13:38:37.697  8720  8720 I SpectrePeripheral: event=notify_queued peer=xx:7A:39 char=enrichment bytes=222 label=chunked chunk=0 chunks=5 queued=1
08-07 13:38:37.697  8720  8720 I SpectrePeripheral: event=notify_send reason=enqueue peer=xx:7A:39 char=enrichment bytes=222 label=chunked chunk=0 chunks=5 remaining=0
08-07 13:38:37.698  8720  8720 I SpectrePeripheral: event=notify_chunk char=enrichment chunk=1 plainBytes=200 bytes=222
08-07 13:38:37.698  8720  8720 I SpectrePeripheral: event=notify_queued peer=xx:7A:39 char=enrichment bytes=222 label=chunked chunk=1 chunks=5 queued=1
08-07 13:38:37.698  8720  8720 I SpectrePeripheral: event=notify_chunk char=enrichment chunk=2 plainBytes=200 bytes=222
08-07 13:38:37.699  8720  8720 I SpectrePeripheral: event=notify_queued peer=xx:7A:39 char=enrichment bytes=222 label=chunked chunk=2 chunks=5 queued=2
08-07 13:38:37.699  8720  8720 I SpectrePeripheral: event=notify_chunk char=enrichment chunk=3 plainBytes=200 bytes=222
08-07 13:38:37.699  8720  8720 I SpectrePeripheral: event=notify_queued peer=xx:7A:39 char=enrichment bytes=222 label=chunked chunk=3 chunks=5 queued=3
08-07 13:38:37.699  8720  8720 I SpectrePeripheral: event=notify_chunk char=enrichment chunk=4 plainBytes=46 bytes=68
08-07 13:38:37.700  8720  8720 I SpectrePeripheral: event=notify_queued peer=xx:7A:39 char=enrichment bytes=68 label=chunked chunk=4 chunks=5 queued=4
08-07 13:38:37.700  8720  8720 I SpectrePeripheral: event=notify_sent peer=xx:7A:39 status=success remaining=4
08-07 13:38:37.776  8720  8720 I SpectrePeripheral: event=notify_send reason=sent_paced peer=xx:7A:39 char=enrichment bytes=222 label=chunked chunk=1 chunks=5 remaining=3
08-07 13:38:37.779  8720  8720 I SpectrePeripheral: event=notify_sent peer=xx:7A:39 status=success remaining=3
08-07 13:38:37.854  8720  8720 I SpectrePeripheral: event=notify_send reason=sent_paced peer=xx:7A:39 char=enrichment bytes=222 label=chunked chunk=2 chunks=5 remaining=2
08-07 13:38:37.857  8720  8720 I SpectrePeripheral: event=notify_sent peer=xx:7A:39 status=success remaining=2
08-07 13:38:37.934  8720  8720 I SpectrePeripheral: event=notify_send reason=sent_paced peer=xx:7A:39 char=enrichment bytes=222 label=chunked chunk=3 chunks=5 remaining=1
08-07 13:38:37.937  8720  8720 I SpectrePeripheral: event=notify_sent peer=xx:7A:39 status=success remaining=1
08-07 13:38:38.012  8720  8720 I SpectrePeripheral: event=notify_send reason=sent_paced peer=xx:7A:39 char=enrichment bytes=68 label=chunked chunk=4 chunks=5 remaining=0
08-07 13:38:38.014  8720  8720 I SpectrePeripheral: event=notify_sent peer=xx:7A:39 status=success remaining=0
08-07 13:38:38.265  8720  8720 I SpectrePeripheral: event=char_write peer=xx:7A:39 char=event_batch requestId=394 offset=0 chunkBytes=202 totalBytes=202 prepared=false responseNeeded=true
08-07 13:38:38.267  8720  8720 I SpectrePeripheral: event=event_batch_received peer=xx:7A:39 cipherBytes=202 plainBytes=180 recordsEstimate=18 sessionId=0 batchId=0 totalBatches=164
08-07 13:38:38.414  8720  8731 I SpectrePeripheral: event=char_read peer=xx:7A:39 char=gps requestId=395 offset=0 valueBytes=42 responseBytes=42
08-07 13:38:38.442  8720  8747 I ReactNativeJS: [SpectreEnrich] batch events=18 matched=0 skipped=18 history=188 firstEvent=1783073580000 lastEvent=1783142184000 oldestHistory=1783461501000 newestHistory=1786126571866 nearestDriftMin=319317000 nearestDriftMax=387921000 nearestFixFirst=1783461501000 nativeRecorder=1
08-07 13:38:38.444  8720  8720 W SpectrePeripheral: event=enrichment_response_unframed records=18 pendingRecords=18 sessionId=0 batchId=0
08-07 13:38:38.444  8720  8720 I SpectrePeripheral: event=notify_chunked char=enrichment plainBytes=846 chunks=5 chunkPlainMax=200
08-07 13:38:38.444  8720  8720 I SpectrePeripheral: event=notify_chunk char=enrichment chunk=0 plainBytes=200 bytes=222
08-07 13:38:38.446  8720  8720 I SpectrePeripheral: event=notify_queued peer=xx:7A:39 char=enrichment bytes=222 label=chunked chunk=0 chunks=5 queued=1
08-07 13:38:38.447  8720  8720 I SpectrePeripheral: event=notify_send reason=enqueue peer=xx:7A:39 char=enrichment bytes=222 label=chunked chunk=0 chunks=5 remaining=0
08-07 13:38:38.447  8720  8720 I SpectrePeripheral: event=notify_chunk char=enrichment chunk=1 plainBytes=200 bytes=222
08-07 13:38:38.448  8720  8720 I SpectrePeripheral: event=notify_queued peer=xx:7A:39 char=enrichment bytes=222 label=chunked chunk=1 chunks=5 queued=1
08-07 13:38:38.448  8720  8720 I SpectrePeripheral: event=notify_chunk char=enrichment chunk=2 plainBytes=200 bytes=222
08-07 13:38:38.448  8720  8720 I SpectrePeripheral: event=notify_queued peer=xx:7A:39 char=enrichment bytes=222 label=chunked chunk=2 chunks=5 queued=2
08-07 13:38:38.448  8720  8720 I SpectrePeripheral: event=notify_chunk char=enrichment chunk=3 plainBytes=200 bytes=222
08-07 13:38:38.449  8720  8720 I SpectrePeripheral: event=notify_queued peer=xx:7A:39 char=enrichment bytes=222 label=chunked chunk=3 chunks=5 queued=3
08-07 13:38:38.449  8720  8720 I SpectrePeripheral: event=notify_chunk char=enrichment chunk=4 plainBytes=46 bytes=68
08-07 13:38:38.449  8720  8720 I SpectrePeripheral: event=notify_queued peer=xx:7A:39 char=enrichment bytes=68 label=chunked chunk=4 chunks=5 queued=4
08-07 13:38:38.449  8720  8720 I SpectrePeripheral: event=update_value char=control bytes=4
08-07 13:38:38.449  8720  8720 I SpectrePeripheral: event=notify_requested char=control bytes=26 connected=1
08-07 13:38:38.449  8720  8720 I SpectrePeripheral: event=notify_queued peer=xx:7A:39 char=control bytes=26 label=value chunk=0 chunks=1 queued=5
08-07 13:38:38.449  8720  8720 I SpectrePeripheral: event=secure_value_updated char=control channel=2 plainBytes=4 cipherBytes=26 notify=true
08-07 13:38:38.451  8720  8720 I SpectrePeripheral: event=notify_sent peer=xx:7A:39 status=success remaining=5
08-07 13:38:38.526  8720  8720 I SpectrePeripheral: event=notify_send reason=sent_paced peer=xx:7A:39 char=enrichment bytes=222 label=chunked chunk=1 chunks=5 remaining=4
08-07 13:38:38.528  8720  8720 I SpectrePeripheral: event=notify_sent peer=xx:7A:39 status=success remaining=4
08-07 13:38:38.605  8720  8720 I SpectrePeripheral: event=notify_send reason=sent_paced peer=xx:7A:39 char=enrichment bytes=222 label=chunked chunk=2 chunks=5 remaining=3
08-07 13:38:38.607  8720  8720 I SpectrePeripheral: event=notify_sent peer=xx:7A:39 status=success remaining=3
08-07 13:38:38.684  8720  8720 I SpectrePeripheral: event=notify_send reason=sent_paced peer=xx:7A:39 char=enrichment bytes=222 label=chunked chunk=3 chunks=5 remaining=2
08-07 13:38:38.686  8720  8720 I SpectrePeripheral: event=notify_sent peer=xx:7A:39 status=success remaining=2
08-07 13:38:38.763  8720  8720 I SpectrePeripheral: event=notify_send reason=sent_paced peer=xx:7A:39 char=enrichment bytes=68 label=chunked chunk=4 chunks=5 remaining=1
08-07 13:38:38.766  8720  8720 I SpectrePeripheral: event=notify_sent peer=xx:7A:39 status=success remaining=1
08-07 13:38:38.846  8720  8720 I SpectrePeripheral: event=notify_send reason=sent_paced peer=xx:7A:39 char=control bytes=26 label=value chunk=0 chunks=1 remaining=0
08-07 13:38:38.847  8720  8720 I SpectrePeripheral: event=notify_sent peer=xx:7A:39 status=success remaining=0
08-07 13:38:38.859  8720  8731 I SpectrePeripheral: event=char_read peer=xx:7A:39 char=control requestId=396 offset=0 valueBytes=26 responseBytes=26
08-07 13:38:39.049  8720  8720 I SpectrePeripheral: event=char_write peer=xx:7A:39 char=event_batch requestId=397 offset=0 chunkBytes=202 totalBytes=202 prepared=false responseNeeded=true
08-07 13:38:39.050  8720  8720 I SpectrePeripheral: event=event_batch_received peer=xx:7A:39 cipherBytes=202 plainBytes=180 recordsEstimate=18 sessionId=0 batchId=0 totalBatches=165
08-07 13:38:39.222  8720  8720 I SpectrePeripheral: event=update_value char=control bytes=4
08-07 13:38:39.222  8720  8720 I SpectrePeripheral: event=notify_requested char=control bytes=26 connected=1
08-07 13:38:39.224  8720  8747 I ReactNativeJS: [SpectreEnrich] batch events=18 matched=0 skipped=18 history=188 firstEvent=1783074721000 lastEvent=1783143272000 oldestHistory=1783461501000 newestHistory=1786126571866 nearestDriftMin=318229000 nearestDriftMax=386780000 nearestFixFirst=1783461501000 nativeRecorder=1
08-07 13:38:39.224  8720  8720 I SpectrePeripheral: event=notify_queued peer=xx:7A:39 char=control bytes=26 label=value chunk=0 chunks=1 queued=1
08-07 13:38:39.225  8720  8720 I SpectrePeripheral: event=notify_send reason=enqueue peer=xx:7A:39 char=control bytes=26 label=value chunk=0 chunks=1 remaining=0
08-07 13:38:39.226  8720  8720 I SpectrePeripheral: event=secure_value_updated char=control channel=2 plainBytes=4 cipherBytes=26 notify=true
08-07 13:38:39.226  8720  8720 W SpectrePeripheral: event=enrichment_response_unframed records=18 pendingRecords=18 sessionId=0 batchId=0
08-07 13:38:39.226  8720  8720 I SpectrePeripheral: event=notify_chunked char=enrichment plainBytes=846 chunks=5 chunkPlainMax=200
08-07 13:38:39.226  8720  8720 I SpectrePeripheral: event=notify_chunk char=enrichment chunk=0 plainBytes=200 bytes=222
08-07 13:38:39.227  8720  8720 I SpectrePeripheral: event=notify_queued peer=xx:7A:39 char=enrichment bytes=222 label=chunked chunk=0 chunks=5 queued=1
08-07 13:38:39.227  8720  8720 I SpectrePeripheral: event=notify_chunk char=enrichment chunk=1 plainBytes=200 bytes=222
08-07 13:38:39.227  8720  8720 I SpectrePeripheral: event=notify_queued peer=xx:7A:39 char=enrichment bytes=222 label=chunked chunk=1 chunks=5 queued=2
08-07 13:38:39.227  8720  8720 I SpectrePeripheral: event=notify_chunk char=enrichment chunk=2 plainBytes=200 bytes=222
08-07 13:38:39.228  8720  8720 I SpectrePeripheral: event=notify_queued peer=xx:7A:39 char=enrichment bytes=222 label=chunked chunk=2 chunks=5 queued=3
08-07 13:38:39.228  8720  8720 I SpectrePeripheral: event=notify_chunk char=enrichment chunk=3 plainBytes=200 bytes=222
08-07 13:38:39.229  8720  8720 I SpectrePeripheral: event=notify_queued peer=xx:7A:39 char=enrichment bytes=222 label=chunked chunk=3 chunks=5 queued=4
08-07 13:38:39.229  8720  8720 I SpectrePeripheral: event=notify_chunk char=enrichment chunk=4 plainBytes=46 bytes=68
08-07 13:38:39.229  8720  8720 I SpectrePeripheral: event=notify_queued peer=xx:7A:39 char=enrichment bytes=68 label=chunked chunk=4 chunks=5 queued=5
08-07 13:38:39.231  8720  8720 I SpectrePeripheral: event=notify_sent peer=xx:7A:39 status=success remaining=5
08-07 13:38:39.231  8720  8720 I SpectrePeripheral: event=notify_send reason=sent peer=xx:7A:39 char=enrichment bytes=222 label=chunked chunk=0 chunks=5 remaining=4
08-07 13:38:39.232  8720  8720 I SpectrePeripheral: event=notify_sent peer=xx:7A:39 status=success remaining=4
08-07 13:38:39.309  8720  8720 I SpectrePeripheral: event=notify_send reason=sent_paced peer=xx:7A:39 char=enrichment bytes=222 label=chunked chunk=1 chunks=5 remaining=3
08-07 13:38:39.311  8720  8720 I SpectrePeripheral: event=notify_sent peer=xx:7A:39 status=success remaining=3
08-07 13:38:39.387  8720  8720 I SpectrePeripheral: event=notify_send reason=sent_paced peer=xx:7A:39 char=enrichment bytes=222 label=chunked chunk=2 chunks=5 remaining=2
08-07 13:38:39.389  8720  8720 I SpectrePeripheral: event=notify_sent peer=xx:7A:39 status=success remaining=2
08-07 13:38:39.465  8720  8720 I SpectrePeripheral: event=notify_send reason=sent_paced peer=xx:7A:39 char=enrichment bytes=222 label=chunked chunk=3 chunks=5 remaining=1
08-07 13:38:39.468  8720  8720 I SpectrePeripheral: event=notify_sent peer=xx:7A:39 status=success remaining=1
08-07 13:38:39.545  8720  8720 I SpectrePeripheral: event=notify_send reason=sent_paced peer=xx:7A:39 char=enrichment bytes=68 label=chunked chunk=4 chunks=5 remaining=0
08-07 13:38:39.548  8720  8720 I SpectrePeripheral: event=notify_sent peer=xx:7A:39 status=success remaining=0
08-07 13:38:39.797  8720  8720 I SpectrePeripheral: event=char_write peer=xx:7A:39 char=event_batch requestId=398 offset=0 chunkBytes=202 totalBytes=202 prepared=false responseNeeded=true
08-07 13:38:39.799  8720  8720 I SpectrePeripheral: event=event_batch_received peer=xx:7A:39 cipherBytes=202 plainBytes=180 recordsEstimate=18 sessionId=0 batchId=0 totalBatches=166
08-07 13:38:39.970  8720  8720 I SpectrePeripheral: event=update_value char=control bytes=4
08-07 13:38:39.971  8720  8720 I SpectrePeripheral: event=notify_requested char=control bytes=26 connected=1
08-07 13:38:39.971  8720  8747 I ReactNativeJS: [SpectreEnrich] batch events=18 matched=0 skipped=18 history=188 firstEvent=1783075459000 lastEvent=1783144264000 oldestHistory=1783461501000 newestHistory=1786126571866 nearestDriftMin=317237000 nearestDriftMax=386042000 nearestFixFirst=1783461501000 nativeRecorder=1
08-07 13:38:39.971  8720  8720 I SpectrePeripheral: event=notify_queued peer=xx:7A:39 char=control bytes=26 label=value chunk=0 chunks=1 queued=1
08-07 13:38:39.973  8720  8720 I SpectrePeripheral: event=notify_send reason=enqueue peer=xx:7A:39 char=control bytes=26 label=value chunk=0 chunks=1 remaining=0
08-07 13:38:39.973  8720  8720 I SpectrePeripheral: event=secure_value_updated char=control channel=2 plainBytes=4 cipherBytes=26 notify=true
08-07 13:38:39.973  8720  8720 W SpectrePeripheral: event=enrichment_response_unframed records=18 pendingRecords=18 sessionId=0 batchId=0
08-07 13:38:39.973  8720  8720 I SpectrePeripheral: event=notify_chunked char=enrichment plainBytes=846 chunks=5 chunkPlainMax=200
08-07 13:38:39.974  8720  8720 I SpectrePeripheral: event=notify_chunk char=enrichment chunk=0 plainBytes=200 bytes=222
08-07 13:38:39.974  8720  8720 I SpectrePeripheral: event=notify_queued peer=xx:7A:39 char=enrichment bytes=222 label=chunked chunk=0 chunks=5 queued=1
08-07 13:38:39.974  8720  8720 I SpectrePeripheral: event=notify_chunk char=enrichment chunk=1 plainBytes=200 bytes=222
08-07 13:38:39.975  8720  8720 I SpectrePeripheral: event=notify_queued peer=xx:7A:39 char=enrichment bytes=222 label=chunked chunk=1 chunks=5 queued=2
08-07 13:38:39.975  8720  8720 I SpectrePeripheral: event=notify_chunk char=enrichment chunk=2 plainBytes=200 bytes=222
08-07 13:38:39.975  8720  8720 I SpectrePeripheral: event=notify_queued peer=xx:7A:39 char=enrichment bytes=222 label=chunked chunk=2 chunks=5 queued=3
08-07 13:38:39.975  8720  8720 I SpectrePeripheral: event=notify_chunk char=enrichment chunk=3 plainBytes=200 bytes=222
08-07 13:38:39.976  8720  8720 I SpectrePeripheral: event=notify_queued peer=xx:7A:39 char=enrichment bytes=222 label=chunked chunk=3 chunks=5 queued=4
08-07 13:38:39.976  8720  8720 I SpectrePeripheral: event=notify_chunk char=enrichment chunk=4 plainBytes=46 bytes=68
08-07 13:38:39.976  8720  8720 I SpectrePeripheral: event=notify_queued peer=xx:7A:39 char=enrichment bytes=68 label=chunked chunk=4 chunks=5 queued=5
08-07 13:38:39.977  8720  8720 I SpectrePeripheral: event=notify_sent peer=xx:7A:39 status=success remaining=5
08-07 13:38:39.977  8720  8720 I SpectrePeripheral: event=notify_send reason=sent peer=xx:7A:39 char=enrichment bytes=222 label=chunked chunk=0 chunks=5 remaining=4
08-07 13:38:39.980  8720  8720 I SpectrePeripheral: event=notify_sent peer=xx:7A:39 status=success remaining=4
08-07 13:38:40.055  8720  8720 I SpectrePeripheral: event=notify_send reason=sent_paced peer=xx:7A:39 char=enrichment bytes=222 label=chunked chunk=1 chunks=5 remaining=3
08-07 13:38:40.057  8720  8720 I SpectrePeripheral: event=notify_sent peer=xx:7A:39 status=success remaining=3
08-07 13:38:40.133  8720  8720 I SpectrePeripheral: event=notify_send reason=sent_paced peer=xx:7A:39 char=enrichment bytes=222 label=chunked chunk=2 chunks=5 remaining=2
08-07 13:38:40.136  8720  8720 I SpectrePeripheral: event=notify_sent peer=xx:7A:39 status=success remaining=2
08-07 13:38:40.213  8720  8720 I SpectrePeripheral: event=notify_send reason=sent_paced peer=xx:7A:39 char=enrichment bytes=222 label=chunked chunk=3 chunks=5 remaining=1
08-07 13:38:40.216  8720  8720 I SpectrePeripheral: event=notify_sent peer=xx:7A:39 status=success remaining=1
08-07 13:38:40.293  8720  8720 I SpectrePeripheral: event=notify_send reason=sent_paced peer=xx:7A:39 char=enrichment bytes=68 label=chunked chunk=4 chunks=5 remaining=0
08-07 13:38:40.296  8720  8720 I SpectrePeripheral: event=notify_sent peer=xx:7A:39 status=success remaining=0
08-07 13:38:40.517  8720  8720 I SpectrePeripheral: event=char_write peer=xx:7A:39 char=storage requestId=399 offset=0 chunkBytes=90 totalBytes=90 prepared=false responseNeeded=true
08-07 13:38:40.518  8720  8720 I SpectrePeripheral: event=storage_snapshot_received peer=xx:7A:39 cipherBytes=90 plainBytes=68
08-07 13:38:40.574  8720  8720 I SpectrePeripheral: event=char_write peer=xx:7A:39 char=event_batch requestId=400 offset=0 chunkBytes=202 totalBytes=202 prepared=false responseNeeded=true
08-07 13:38:40.575  8720  8720 I SpectrePeripheral: event=event_batch_received peer=xx:7A:39 cipherBytes=202 plainBytes=180 recordsEstimate=18 sessionId=0 batchId=0 totalBatches=167
08-07 13:38:40.752  8720  8720 I SpectrePeripheral: event=update_value char=control bytes=4
08-07 13:38:40.752  8720  8720 I SpectrePeripheral: event=notify_requested char=control bytes=26 connected=1
08-07 13:38:40.753  8720  8747 I ReactNativeJS: [SpectreEnrich] batch events=18 matched=0 skipped=18 history=188 firstEvent=1783076473000 lastEvent=1783145064000 oldestHistory=1783461501000 newestHistory=1786126571866 nearestDriftMin=316437000 nearestDriftMax=385028000 nearestFixFirst=1783461501000 nativeRecorder=1
08-07 13:38:40.754  8720  8720 I SpectrePeripheral: event=notify_queued peer=xx:7A:39 char=control bytes=26 label=value chunk=0 chunks=1 queued=1
08-07 13:38:40.754  8720  8720 I SpectrePeripheral: event=notify_send reason=enqueue peer=xx:7A:39 char=control bytes=26 label=value chunk=0 chunks=1 remaining=0
08-07 13:38:40.754  8720  8720 I SpectrePeripheral: event=secure_value_updated char=control channel=2 plainBytes=4 cipherBytes=26 notify=true
08-07 13:38:40.755  8720  8720 W SpectrePeripheral: event=enrichment_response_unframed records=18 pendingRecords=18 sessionId=0 batchId=0
08-07 13:38:40.755  8720  8720 I SpectrePeripheral: event=notify_chunked char=enrichment plainBytes=846 chunks=5 chunkPlainMax=200
08-07 13:38:40.755  8720  8720 I SpectrePeripheral: event=notify_chunk char=enrichment chunk=0 plainBytes=200 bytes=222
08-07 13:38:40.755  8720  8720 I SpectrePeripheral: event=notify_queued peer=xx:7A:39 char=enrichment bytes=222 label=chunked chunk=0 chunks=5 queued=1
08-07 13:38:40.755  8720  8720 I SpectrePeripheral: event=notify_chunk char=enrichment chunk=1 plainBytes=200 bytes=222
08-07 13:38:40.755  8720  8720 I SpectrePeripheral: event=notify_queued peer=xx:7A:39 char=enrichment bytes=222 label=chunked chunk=1 chunks=5 queued=2
08-07 13:38:40.755  8720  8720 I SpectrePeripheral: event=notify_chunk char=enrichment chunk=2 plainBytes=200 bytes=222
08-07 13:38:40.755  8720  8720 I SpectrePeripheral: event=notify_queued peer=xx:7A:39 char=enrichment bytes=222 label=chunked chunk=2 chunks=5 queued=3
08-07 13:38:40.755  8720  8720 I SpectrePeripheral: event=notify_chunk char=enrichment chunk=3 plainBytes=200 bytes=222
08-07 13:38:40.756  8720  8720 I SpectrePeripheral: event=notify_queued peer=xx:7A:39 char=enrichment bytes=222 label=chunked chunk=3 chunks=5 queued=4
08-07 13:38:40.756  8720  8720 I SpectrePeripheral: event=notify_chunk char=enrichment chunk=4 plainBytes=46 bytes=68
08-07 13:38:40.756  8720  8720 I SpectrePeripheral: event=notify_queued peer=xx:7A:39 char=enrichment bytes=68 label=chunked chunk=4 chunks=5 queued=5
08-07 13:38:40.756  8720  8720 I SpectrePeripheral: event=notify_sent peer=xx:7A:39 status=success remaining=5
08-07 13:38:40.757  8720  8720 I SpectrePeripheral: event=notify_send reason=sent peer=xx:7A:39 char=enrichment bytes=222 label=chunked chunk=0 chunks=5 remaining=4
08-07 13:38:40.758  8720  8720 I SpectrePeripheral: event=notify_sent peer=xx:7A:39 status=success remaining=4
08-07 13:38:40.833  8720  8720 I SpectrePeripheral: event=notify_send reason=sent_paced peer=xx:7A:39 char=enrichment bytes=222 label=chunked chunk=1 chunks=5 remaining=3
08-07 13:38:40.836  8720  8720 I SpectrePeripheral: event=notify_sent peer=xx:7A:39 status=success remaining=3
08-07 13:38:40.912  8720  8720 I SpectrePeripheral: event=notify_send reason=sent_paced peer=xx:7A:39 char=enrichment bytes=222 label=chunked chunk=2 chunks=5 remaining=2
08-07 13:38:40.914  8720  8720 I SpectrePeripheral: event=notify_sent peer=xx:7A:39 status=success remaining=2
08-07 13:38:40.990  8720  8720 I SpectrePeripheral: event=notify_send reason=sent_paced peer=xx:7A:39 char=enrichment bytes=222 label=chunked chunk=3 chunks=5 remaining=1
08-07 13:38:40.994  8720  8720 I SpectrePeripheral: event=notify_sent peer=xx:7A:39 status=success remaining=1
08-07 13:38:41.023  8720  8731 I SpectrePeripheral: event=char_read peer=xx:7A:39 char=control requestId=401 offset=0 valueBytes=26 responseBytes=26
08-07 13:38:41.071  8720  8720 I SpectrePeripheral: event=notify_send reason=sent_paced peer=xx:7A:39 char=enrichment bytes=68 label=chunked chunk=4 chunks=5 remaining=0
08-07 13:38:41.073  8720  8720 I SpectrePeripheral: event=notify_sent peer=xx:7A:39 status=success remaining=0
08-07 13:38:41.324  8720  8720 I SpectrePeripheral: event=char_write peer=xx:7A:39 char=event_batch requestId=402 offset=0 chunkBytes=202 totalBytes=202 prepared=false responseNeeded=true
08-07 13:38:41.326  8720  8720 I SpectrePeripheral: event=event_batch_received peer=xx:7A:39 cipherBytes=202 plainBytes=180 recordsEstimate=18 sessionId=0 batchId=0 totalBatches=168
08-07 13:38:41.502  8720  8720 I SpectrePeripheral: event=update_value char=control bytes=4
08-07 13:38:41.502  8720  8720 I SpectrePeripheral: event=notify_requested char=control bytes=26 connected=1
08-07 13:38:41.503  8720  8747 I ReactNativeJS: [SpectreEnrich] batch events=18 matched=0 skipped=18 history=188 firstEvent=1783077061000 lastEvent=1783145992000 oldestHistory=1783461501000 newestHistory=1786126571866 nearestDriftMin=315509000 nearestDriftMax=384440000 nearestFixFirst=1783461501000 nativeRecorder=1
08-07 13:38:41.504  8720  8720 I SpectrePeripheral: event=notify_queued peer=xx:7A:39 char=control bytes=26 label=value chunk=0 chunks=1 queued=1
08-07 13:38:41.504  8720  8720 I SpectrePeripheral: event=notify_send reason=enqueue peer=xx:7A:39 char=control bytes=26 label=value chunk=0 chunks=1 remaining=0
08-07 13:38:41.504  8720  8720 I SpectrePeripheral: event=secure_value_updated char=control channel=2 plainBytes=4 cipherBytes=26 notify=true
08-07 13:38:41.504  8720  8720 W SpectrePeripheral: event=enrichment_response_unframed records=18 pendingRecords=18 sessionId=0 batchId=0
08-07 13:38:41.504  8720  8720 I SpectrePeripheral: event=notify_chunked char=enrichment plainBytes=846 chunks=5 chunkPlainMax=200
08-07 13:38:41.504  8720  8720 I SpectrePeripheral: event=notify_chunk char=enrichment chunk=0 plainBytes=200 bytes=222
08-07 13:38:41.505  8720  8720 I SpectrePeripheral: event=notify_queued peer=xx:7A:39 char=enrichment bytes=222 label=chunked chunk=0 chunks=5 queued=1
08-07 13:38:41.505  8720  8720 I SpectrePeripheral: event=notify_chunk char=enrichment chunk=1 plainBytes=200 bytes=222
08-07 13:38:41.505  8720  8720 I SpectrePeripheral: event=notify_queued peer=xx:7A:39 char=enrichment bytes=222 label=chunked chunk=1 chunks=5 queued=2
08-07 13:38:41.505  8720  8720 I SpectrePeripheral: event=notify_chunk char=enrichment chunk=2 plainBytes=200 bytes=222
08-07 13:38:41.505  8720  8720 I SpectrePeripheral: event=notify_queued peer=xx:7A:39 char=enrichment bytes=222 label=chunked chunk=2 chunks=5 queued=3
08-07 13:38:41.505  8720  8720 I SpectrePeripheral: event=notify_chunk char=enrichment chunk=3 plainBytes=200 bytes=222
08-07 13:38:41.506  8720  8720 I SpectrePeripheral: event=notify_queued peer=xx:7A:39 char=enrichment bytes=222 label=chunked chunk=3 chunks=5 queued=4
08-07 13:38:41.506  8720  8720 I SpectrePeripheral: event=notify_chunk char=enrichment chunk=4 plainBytes=46 bytes=68
08-07 13:38:41.506  8720  8720 I SpectrePeripheral: event=notify_queued peer=xx:7A:39 char=enrichment bytes=68 label=chunked chunk=4 chunks=5 queued=5
08-07 13:38:41.506  8720  8720 I SpectrePeripheral: event=notify_sent peer=xx:7A:39 status=success remaining=5
08-07 13:38:41.506  8720  8720 I SpectrePeripheral: event=notify_send reason=sent peer=xx:7A:39 char=enrichment bytes=222 label=chunked chunk=0 chunks=5 remaining=4
08-07 13:38:41.507  8720  8720 I SpectrePeripheral: event=notify_sent peer=xx:7A:39 status=success remaining=4
08-07 13:38:41.583  8720  8720 I SpectrePeripheral: event=notify_send reason=sent_paced peer=xx:7A:39 char=enrichment bytes=222 label=chunked chunk=1 chunks=5 remaining=3
08-07 13:38:41.586  8720  8720 I SpectrePeripheral: event=notify_sent peer=xx:7A:39 status=success remaining=3
08-07 13:38:41.661  8720  8720 I SpectrePeripheral: event=notify_send reason=sent_paced peer=xx:7A:39 char=enrichment bytes=222 label=chunked chunk=2 chunks=5 remaining=2
08-07 13:38:41.663  8720  8720 I SpectrePeripheral: event=notify_sent peer=xx:7A:39 status=success remaining=2
08-07 13:38:41.739  8720  8720 I SpectrePeripheral: event=notify_send reason=sent_paced peer=xx:7A:39 char=enrichment bytes=222 label=chunked chunk=3 chunks=5 remaining=1
08-07 13:38:41.742  8720  8720 I SpectrePeripheral: event=notify_sent peer=xx:7A:39 status=success remaining=1
08-07 13:38:41.818  8720  8720 I SpectrePeripheral: event=notify_send reason=sent_paced peer=xx:7A:39 char=enrichment bytes=68 label=chunked chunk=4 chunks=5 remaining=0
08-07 13:38:41.819  8720  8720 I SpectrePeripheral: event=notify_sent peer=xx:7A:39 status=success remaining=0
08-07 13:38:42.108  8720  8720 I SpectrePeripheral: event=char_write peer=xx:7A:39 char=event_batch requestId=403 offset=0 chunkBytes=202 totalBytes=202 prepared=false responseNeeded=true
08-07 13:38:42.109  8720  8720 I SpectrePeripheral: event=event_batch_received peer=xx:7A:39 cipherBytes=202 plainBytes=180 recordsEstimate=18 sessionId=0 batchId=0 totalBatches=169
08-07 13:38:42.284  8720  8747 I ReactNativeJS: [SpectreEnrich] batch events=18 matched=0 skipped=18 history=188 firstEvent=1783078164000 lastEvent=1783146632000 oldestHistory=1783461501000 newestHistory=1786126571866 nearestDriftMin=314869000 nearestDriftMax=383337000 nearestFixFirst=1783461501000 nativeRecorder=1
08-07 13:38:42.284  8720  8720 I SpectrePeripheral: event=update_value char=control bytes=4
08-07 13:38:42.285  8720  8720 I SpectrePeripheral: event=notify_requested char=control bytes=26 connected=1
08-07 13:38:42.286  8720  8720 I SpectrePeripheral: event=notify_queued peer=xx:7A:39 char=control bytes=26 label=value chunk=0 chunks=1 queued=1
08-07 13:38:42.286  8720  8720 I SpectrePeripheral: event=notify_send reason=enqueue peer=xx:7A:39 char=control bytes=26 label=value chunk=0 chunks=1 remaining=0
08-07 13:38:42.287  8720  8720 I SpectrePeripheral: event=secure_value_updated char=control channel=2 plainBytes=4 cipherBytes=26 notify=true
08-07 13:38:42.287  8720  8720 W SpectrePeripheral: event=enrichment_response_unframed records=18 pendingRecords=18 sessionId=0 batchId=0
08-07 13:38:42.287  8720  8720 I SpectrePeripheral: event=notify_chunked char=enrichment plainBytes=846 chunks=5 chunkPlainMax=200
08-07 13:38:42.287  8720  8720 I SpectrePeripheral: event=notify_chunk char=enrichment chunk=0 plainBytes=200 bytes=222
08-07 13:38:42.287  8720  8720 I SpectrePeripheral: event=notify_queued peer=xx:7A:39 char=enrichment bytes=222 label=chunked chunk=0 chunks=5 queued=1
08-07 13:38:42.287  8720  8720 I SpectrePeripheral: event=notify_chunk char=enrichment chunk=1 plainBytes=200 bytes=222
08-07 13:38:42.287  8720  8720 I SpectrePeripheral: event=notify_queued peer=xx:7A:39 char=enrichment bytes=222 label=chunked chunk=1 chunks=5 queued=2
08-07 13:38:42.287  8720  8720 I SpectrePeripheral: event=notify_chunk char=enrichment chunk=2 plainBytes=200 bytes=222
08-07 13:38:42.288  8720  8720 I SpectrePeripheral: event=notify_queued peer=xx:7A:39 char=enrichment bytes=222 label=chunked chunk=2 chunks=5 queued=3
08-07 13:38:42.288  8720  8720 I SpectrePeripheral: event=notify_chunk char=enrichment chunk=3 plainBytes=200 bytes=222
08-07 13:38:42.288  8720  8720 I SpectrePeripheral: event=notify_queued peer=xx:7A:39 char=enrichment bytes=222 label=chunked chunk=3 chunks=5 queued=4
08-07 13:38:42.288  8720  8720 I SpectrePeripheral: event=notify_chunk char=enrichment chunk=4 plainBytes=46 bytes=68
08-07 13:38:42.288  8720  8720 I SpectrePeripheral: event=notify_queued peer=xx:7A:39 char=enrichment bytes=68 label=chunked chunk=4 chunks=5 queued=5
08-07 13:38:42.288  8720  8720 I SpectrePeripheral: event=notify_sent peer=xx:7A:39 status=success remaining=5
08-07 13:38:42.289  8720  8720 I SpectrePeripheral: event=notify_send reason=sent peer=xx:7A:39 char=enrichment bytes=222 label=chunked chunk=0 chunks=5 remaining=4
08-07 13:38:42.290  8720  8720 I SpectrePeripheral: event=notify_sent peer=xx:7A:39 status=success remaining=4
08-07 13:38:42.367  8720  8720 I SpectrePeripheral: event=notify_send reason=sent_paced peer=xx:7A:39 char=enrichment bytes=222 label=chunked chunk=1 chunks=5 remaining=3
08-07 13:38:42.369  8720  8720 I SpectrePeripheral: event=notify_sent peer=xx:7A:39 status=success remaining=3
08-07 13:38:42.445  8720  8720 I SpectrePeripheral: event=notify_send reason=sent_paced peer=xx:7A:39 char=enrichment bytes=222 label=chunked chunk=2 chunks=5 remaining=2
08-07 13:38:42.448  8720  8720 I SpectrePeripheral: event=notify_sent peer=xx:7A:39 status=success remaining=2
08-07 13:38:42.523  8720  8720 I SpectrePeripheral: event=notify_send reason=sent_paced peer=xx:7A:39 char=enrichment bytes=222 label=chunked chunk=3 chunks=5 remaining=1
08-07 13:38:42.526  8720  8720 I SpectrePeripheral: event=notify_sent peer=xx:7A:39 status=success remaining=1
08-07 13:38:42.601  8720  8720 I SpectrePeripheral: event=notify_send reason=sent_paced peer=xx:7A:39 char=enrichment bytes=68 label=chunked chunk=4 chunks=5 remaining=0
08-07 13:38:42.603  8720  8720 I SpectrePeripheral: event=notify_sent peer=xx:7A:39 status=success remaining=0
08-07 13:38:42.861  8720  8720 I SpectrePeripheral: event=char_write peer=xx:7A:39 char=event_batch requestId=404 offset=0 chunkBytes=202 totalBytes=202 prepared=false responseNeeded=true
08-07 13:38:42.862  8720  8720 I SpectrePeripheral: event=event_batch_received peer=xx:7A:39 cipherBytes=202 plainBytes=180 recordsEstimate=18 sessionId=0 batchId=0 totalBatches=170
08-07 13:38:43.033  8720  8720 I SpectrePeripheral: event=update_value char=control bytes=4
08-07 13:38:43.033  8720  8720 I SpectrePeripheral: event=notify_requested char=control bytes=26 connected=1
08-07 13:38:43.034  8720  8720 I SpectrePeripheral: event=notify_queued peer=xx:7A:39 char=control bytes=26 label=value chunk=0 chunks=1 queued=1
08-07 13:38:43.035  8720  8747 I ReactNativeJS: [SpectreEnrich] batch events=18 matched=0 skipped=18 history=188 firstEvent=1783078797000 lastEvent=1783147808000 oldestHistory=1783461501000 newestHistory=1786126571866 nearestDriftMin=313693000 nearestDriftMax=382704000 nearestFixFirst=1783461501000 nativeRecorder=1
08-07 13:38:43.036  8720  8720 I SpectrePeripheral: event=notify_send reason=enqueue peer=xx:7A:39 char=control bytes=26 label=value chunk=0 chunks=1 remaining=0
08-07 13:38:43.037  8720  8720 I SpectrePeripheral: event=secure_value_updated char=control channel=2 plainBytes=4 cipherBytes=26 notify=true
08-07 13:38:43.037  8720  8720 W SpectrePeripheral: event=enrichment_response_unframed records=18 pendingRecords=18 sessionId=0 batchId=0
08-07 13:38:43.037  8720  8720 I SpectrePeripheral: event=notify_chunked char=enrichment plainBytes=846 chunks=5 chunkPlainMax=200
08-07 13:38:43.037  8720  8720 I SpectrePeripheral: event=notify_chunk char=enrichment chunk=0 plainBytes=200 bytes=222
08-07 13:38:43.038  8720  8720 I SpectrePeripheral: event=notify_queued peer=xx:7A:39 char=enrichment bytes=222 label=chunked chunk=0 chunks=5 queued=1
08-07 13:38:43.038  8720  8720 I SpectrePeripheral: event=notify_chunk char=enrichment chunk=1 plainBytes=200 bytes=222
08-07 13:38:43.039  8720  8720 I SpectrePeripheral: event=notify_queued peer=xx:7A:39 char=enrichment bytes=222 label=chunked chunk=1 chunks=5 queued=2
08-07 13:38:43.039  8720  8720 I SpectrePeripheral: event=notify_chunk char=enrichment chunk=2 plainBytes=200 bytes=222
08-07 13:38:43.039  8720  8720 I SpectrePeripheral: event=notify_queued peer=xx:7A:39 char=enrichment bytes=222 label=chunked chunk=2 chunks=5 queued=3
08-07 13:38:43.039  8720  8720 I SpectrePeripheral: event=notify_chunk char=enrichment chunk=3 plainBytes=200 bytes=222
08-07 13:38:43.039  8720  8720 I SpectrePeripheral: event=notify_queued peer=xx:7A:39 char=enrichment bytes=222 label=chunked chunk=3 chunks=5 queued=4
08-07 13:38:43.039  8720  8720 I SpectrePeripheral: event=notify_chunk char=enrichment chunk=4 plainBytes=46 bytes=68
08-07 13:38:43.040  8720  8720 I SpectrePeripheral: event=notify_queued peer=xx:7A:39 char=enrichment bytes=68 label=chunked chunk=4 chunks=5 queued=5
08-07 13:38:43.040  8720  8720 I SpectrePeripheral: event=notify_sent peer=xx:7A:39 status=success remaining=5
08-07 13:38:43.040  8720  8720 I SpectrePeripheral: event=notify_send reason=sent peer=xx:7A:39 char=enrichment bytes=222 label=chunked chunk=0 chunks=5 remaining=4
08-07 13:38:43.043  8720  8720 I SpectrePeripheral: event=notify_sent peer=xx:7A:39 status=success remaining=4
08-07 13:38:43.119  8720  8720 I SpectrePeripheral: event=notify_send reason=sent_paced peer=xx:7A:39 char=enrichment bytes=222 label=chunked chunk=1 chunks=5 remaining=3
08-07 13:38:43.122  8720  8720 I SpectrePeripheral: event=notify_sent peer=xx:7A:39 status=success remaining=3
08-07 13:38:43.151  8720  8731 I SpectrePeripheral: event=char_read peer=xx:7A:39 char=control requestId=405 offset=0 valueBytes=26 responseBytes=26
08-07 13:38:43.198  8720  8720 I SpectrePeripheral: event=notify_send reason=sent_paced peer=xx:7A:39 char=enrichment bytes=222 label=chunked chunk=2 chunks=5 remaining=2
08-07 13:38:43.202  8720  8720 I SpectrePeripheral: event=notify_sent peer=xx:7A:39 status=success remaining=2
08-07 13:38:43.278  8720  8720 I SpectrePeripheral: event=notify_send reason=sent_paced peer=xx:7A:39 char=enrichment bytes=222 label=chunked chunk=3 chunks=5 remaining=1
08-07 13:38:43.281  8720  8720 I SpectrePeripheral: event=notify_sent peer=xx:7A:39 status=success remaining=1
08-07 13:38:43.358  8720  8720 I SpectrePeripheral: event=notify_send reason=sent_paced peer=xx:7A:39 char=enrichment bytes=68 label=chunked chunk=4 chunks=5 remaining=0
08-07 13:38:43.361  8720  8720 I SpectrePeripheral: event=notify_sent peer=xx:7A:39 status=success remaining=0
08-07 13:38:43.450  8720  8731 I SpectrePeripheral: event=char_read peer=xx:7A:39 char=gps requestId=406 offset=0 valueBytes=42 responseBytes=42
08-07 13:38:43.605  8720  8720 I SpectrePeripheral: event=char_write peer=xx:7A:39 char=event_batch requestId=407 offset=0 chunkBytes=202 totalBytes=202 prepared=false responseNeeded=true
08-07 13:38:43.607  8720  8720 I SpectrePeripheral: event=event_batch_received peer=xx:7A:39 cipherBytes=202 plainBytes=180 recordsEstimate=18 sessionId=0 batchId=0 totalBatches=171
08-07 13:38:43.778  8720  8747 I ReactNativeJS: [SpectreEnrich] batch events=18 matched=0 skipped=18 history=188 firstEvent=1783080168000 lastEvent=1783148424000 oldestHistory=1783461501000 newestHistory=1786126571866 nearestDriftMin=313077000 nearestDriftMax=381333000 nearestFixFirst=1783461501000 nativeRecorder=1
08-07 13:38:43.781  8720  8720 I SpectrePeripheral: event=update_value char=control bytes=4
08-07 13:38:43.781  8720  8720 I SpectrePeripheral: event=notify_requested char=control bytes=26 connected=1
08-07 13:38:43.782  8720  8720 I SpectrePeripheral: event=notify_queued peer=xx:7A:39 char=control bytes=26 label=value chunk=0 chunks=1 queued=1
08-07 13:38:43.784  8720  8720 I SpectrePeripheral: event=notify_send reason=enqueue peer=xx:7A:39 char=control bytes=26 label=value chunk=0 chunks=1 remaining=0
08-07 13:38:43.784  8720  8720 I SpectrePeripheral: event=secure_value_updated char=control channel=2 plainBytes=4 cipherBytes=26 notify=true
08-07 13:38:43.784  8720  8720 W SpectrePeripheral: event=enrichment_response_unframed records=18 pendingRecords=18 sessionId=0 batchId=0
08-07 13:38:43.784  8720  8720 I SpectrePeripheral: event=notify_chunked char=enrichment plainBytes=846 chunks=5 chunkPlainMax=200
08-07 13:38:43.785  8720  8720 I SpectrePeripheral: event=notify_chunk char=enrichment chunk=0 plainBytes=200 bytes=222
08-07 13:38:43.785  8720  8720 I SpectrePeripheral: event=notify_queued peer=xx:7A:39 char=enrichment bytes=222 label=chunked chunk=0 chunks=5 queued=1
08-07 13:38:43.785  8720  8720 I SpectrePeripheral: event=notify_chunk char=enrichment chunk=1 plainBytes=200 bytes=222
08-07 13:38:43.785  8720  8720 I SpectrePeripheral: event=notify_queued peer=xx:7A:39 char=enrichment bytes=222 label=chunked chunk=1 chunks=5 queued=2
08-07 13:38:43.786  8720  8720 I SpectrePeripheral: event=notify_chunk char=enrichment chunk=2 plainBytes=200 bytes=222
08-07 13:38:43.786  8720  8720 I SpectrePeripheral: event=notify_queued peer=xx:7A:39 char=enrichment bytes=222 label=chunked chunk=2 chunks=5 queued=3
08-07 13:38:43.786  8720  8720 I SpectrePeripheral: event=notify_chunk char=enrichment chunk=3 plainBytes=200 bytes=222
08-07 13:38:43.786  8720  8720 I SpectrePeripheral: event=notify_queued peer=xx:7A:39 char=enrichment bytes=222 label=chunked chunk=3 chunks=5 queued=4
08-07 13:38:43.786  8720  8720 I SpectrePeripheral: event=notify_chunk char=enrichment chunk=4 plainBytes=46 bytes=68
08-07 13:38:43.787  8720  8720 I SpectrePeripheral: event=notify_queued peer=xx:7A:39 char=enrichment bytes=68 label=chunked chunk=4 chunks=5 queued=5
08-07 13:38:43.787  8720  8720 I SpectrePeripheral: event=notify_sent peer=xx:7A:39 status=success remaining=5
08-07 13:38:43.787  8720  8720 I SpectrePeripheral: event=notify_send reason=sent peer=xx:7A:39 char=enrichment bytes=222 label=chunked chunk=0 chunks=5 remaining=4
08-07 13:38:43.791  8720  8720 I SpectrePeripheral: event=notify_sent peer=xx:7A:39 status=success remaining=4
08-07 13:38:43.868  8720  8720 I SpectrePeripheral: event=notify_send reason=sent_paced peer=xx:7A:39 char=enrichment bytes=222 label=chunked chunk=1 chunks=5 remaining=3
08-07 13:38:43.870  8720  8720 I SpectrePeripheral: event=notify_sent peer=xx:7A:39 status=success remaining=3
08-07 13:38:43.947  8720  8720 I SpectrePeripheral: event=notify_send reason=sent_paced peer=xx:7A:39 char=enrichment bytes=222 label=chunked chunk=2 chunks=5 remaining=2
08-07 13:38:43.950  8720  8720 I SpectrePeripheral: event=notify_sent peer=xx:7A:39 status=success remaining=2
08-07 13:38:44.026  8720  8720 I SpectrePeripheral: event=notify_send reason=sent_paced peer=xx:7A:39 char=enrichment bytes=222 label=chunked chunk=3 chunks=5 remaining=1
08-07 13:38:44.028  8720  8720 I SpectrePeripheral: event=notify_sent peer=xx:7A:39 status=success remaining=1
08-07 13:38:44.105  8720  8720 I SpectrePeripheral: event=notify_send reason=sent_paced peer=xx:7A:39 char=enrichment bytes=68 label=chunked chunk=4 chunks=5 remaining=0
08-07 13:38:44.109  8720  8720 I SpectrePeripheral: event=notify_sent peer=xx:7A:39 status=success remaining=0
08-07 13:38:44.388  8720  8720 I SpectrePeripheral: event=char_write peer=xx:7A:39 char=event_batch requestId=408 offset=0 chunkBytes=182 totalBytes=182 prepared=false responseNeeded=true
08-07 13:38:44.390  8720  8720 I SpectrePeripheral: event=event_batch_received peer=xx:7A:39 cipherBytes=182 plainBytes=160 recordsEstimate=16 sessionId=0 batchId=0 totalBatches=172
08-07 13:38:44.566  8720  8720 I SpectrePeripheral: event=update_value char=control bytes=4
08-07 13:38:44.566  8720  8720 I SpectrePeripheral: event=notify_requested char=control bytes=26 connected=1
08-07 13:38:44.568  8720  8720 I SpectrePeripheral: event=notify_queued peer=xx:7A:39 char=control bytes=26 label=value chunk=0 chunks=1 queued=1
08-07 13:38:44.569  8720  8720 I SpectrePeripheral: event=notify_send reason=enqueue peer=xx:7A:39 char=control bytes=26 label=value chunk=0 chunks=1 remaining=0
08-07 13:38:44.569  8720  8747 I ReactNativeJS: [SpectreEnrich] batch events=16 matched=0 skipped=16 history=188 firstEvent=1783080657000 lastEvent=1783149664000 oldestHistory=1783461501000 newestHistory=1786126571866 nearestDriftMin=311837000 nearestDriftMax=380844000 nearestFixFirst=1783461501000 nativeRecorder=1
08-07 13:38:44.570  8720  8720 I SpectrePeripheral: event=secure_value_updated char=control channel=2 plainBytes=4 cipherBytes=26 notify=true
08-07 13:38:44.574  8720  8720 I SpectrePeripheral: event=notify_sent peer=xx:7A:39 status=success remaining=0
08-07 13:38:44.575  8720  8720 W SpectrePeripheral: event=enrichment_response_unframed records=16 pendingRecords=16 sessionId=0 batchId=0
08-07 13:38:44.575  8720  8720 I SpectrePeripheral: event=notify_chunked char=enrichment plainBytes=752 chunks=4 chunkPlainMax=200
08-07 13:38:44.575  8720  8720 I SpectrePeripheral: event=notify_chunk char=enrichment chunk=0 plainBytes=200 bytes=222
08-07 13:38:44.575  8720  8720 I SpectrePeripheral: event=notify_queued peer=xx:7A:39 char=enrichment bytes=222 label=chunked chunk=0 chunks=4 queued=1
08-07 13:38:44.575  8720  8720 I SpectrePeripheral: event=notify_send reason=enqueue peer=xx:7A:39 char=enrichment bytes=222 label=chunked chunk=0 chunks=4 remaining=0
08-07 13:38:44.576  8720  8720 I SpectrePeripheral: event=notify_chunk char=enrichment chunk=1 plainBytes=200 bytes=222
08-07 13:38:44.576  8720  8720 I SpectrePeripheral: event=notify_queued peer=xx:7A:39 char=enrichment bytes=222 label=chunked chunk=1 chunks=4 queued=1
08-07 13:38:44.576  8720  8720 I SpectrePeripheral: event=notify_chunk char=enrichment chunk=2 plainBytes=200 bytes=222
08-07 13:38:44.576  8720  8720 I SpectrePeripheral: event=notify_queued peer=xx:7A:39 char=enrichment bytes=222 label=chunked chunk=2 chunks=4 queued=2
08-07 13:38:44.576  8720  8720 I SpectrePeripheral: event=notify_chunk char=enrichment chunk=3 plainBytes=152 bytes=174
08-07 13:38:44.577  8720  8720 I SpectrePeripheral: event=notify_queued peer=xx:7A:39 char=enrichment bytes=174 label=chunked chunk=3 chunks=4 queued=3
08-07 13:38:44.577  8720  8720 I SpectrePeripheral: event=notify_sent peer=xx:7A:39 status=success remaining=3
08-07 13:38:44.653  8720  8720 I SpectrePeripheral: event=notify_send reason=sent_paced peer=xx:7A:39 char=enrichment bytes=222 label=chunked chunk=1 chunks=4 remaining=2
08-07 13:38:44.655  8720  8720 I SpectrePeripheral: event=notify_sent peer=xx:7A:39 status=success remaining=2
08-07 13:38:44.731  8720  8720 I SpectrePeripheral: event=notify_send reason=sent_paced peer=xx:7A:39 char=enrichment bytes=222 label=chunked chunk=2 chunks=4 remaining=1
08-07 13:38:44.734  8720  8720 I SpectrePeripheral: event=notify_sent peer=xx:7A:39 status=success remaining=1
08-07 13:38:44.810  8720  8720 I SpectrePeripheral: event=notify_send reason=sent_paced peer=xx:7A:39 char=enrichment bytes=174 label=chunked chunk=3 chunks=4 remaining=0
08-07 13:38:44.813  8720  8720 I SpectrePeripheral: event=notify_sent peer=xx:7A:39 status=success remaining=0
08-07 13:38:51.209  8720  8720 I SpectrePeripheral: event=update_value char=control bytes=4
08-07 13:38:51.210  8720  8720 I SpectrePeripheral: event=notify_requested char=control bytes=26 connected=1
08-07 13:38:51.213  8720  8720 I SpectrePeripheral: event=notify_queued peer=xx:7A:39 char=control bytes=26 label=value chunk=0 chunks=1 queued=1
08-07 13:38:51.214  8720  8720 I SpectrePeripheral: event=notify_send reason=enqueue peer=xx:7A:39 char=control bytes=26 label=value chunk=0 chunks=1 remaining=0
08-07 13:38:51.215  8720  8720 I SpectrePeripheral: event=secure_value_updated char=control channel=2 plainBytes=4 cipherBytes=26 notify=true
08-07 13:38:51.217  8720  8720 I SpectrePeripheral: event=notify_sent peer=xx:7A:39 status=success remaining=0
08-07 13:38:51.853  8720  8731 I SpectrePeripheral: event=char_read peer=xx:7A:39 char=gps requestId=409 offset=0 valueBytes=42 responseBytes=42
08-07 13:38:51.914  8720  8731 I SpectrePeripheral: event=char_read peer=xx:7A:39 char=control requestId=410 offset=0 valueBytes=26 responseBytes=26
08-07 13:38:59.043  8720  8731 I SpectrePeripheral: event=char_read peer=xx:7A:39 char=gps requestId=411 offset=0 valueBytes=42 responseBytes=42
08-07 13:38:59.084  8720  8720 I SpectrePeripheral: event=char_write peer=xx:7A:39 char=storage requestId=412 offset=0 chunkBytes=90 totalBytes=90 prepared=false responseNeeded=true
08-07 13:38:59.085  8720  8720 I SpectrePeripheral: event=storage_snapshot_received peer=xx:7A:39 cipherBytes=90 plainBytes=68
08-07 13:38:59.139  8720  8731 I SpectrePeripheral: event=char_read peer=xx:7A:39 char=control requestId=413 offset=0 valueBytes=26 responseBytes=26
08-07 13:39:07.137  8720  8731 I SpectrePeripheral: event=char_read peer=xx:7A:39 char=gps requestId=414 offset=0 valueBytes=42 responseBytes=42
08-07 13:39:07.180  8720  8731 I SpectrePeripheral: event=char_read peer=xx:7A:39 char=control requestId=415 offset=0 valueBytes=26 responseBytes=26
08-07 13:39:14.335  8720  8731 I SpectrePeripheral: event=char_read peer=xx:7A:39 char=gps requestId=416 offset=0 valueBytes=42 responseBytes=42
08-07 13:39:14.382  8720  8720 I SpectrePeripheral: event=char_write peer=xx:7A:39 char=storage requestId=417 offset=0 chunkBytes=90 totalBytes=90 prepared=false responseNeeded=true
08-07 13:39:14.383  8720  8720 I SpectrePeripheral: event=storage_snapshot_received peer=xx:7A:39 cipherBytes=90 plainBytes=68
08-07 13:39:34.419  8720  8720 I SpectrePeripheral: event=connection_state peer=xx:7A:39 status=0 newState=disconnected connectedBefore=1
08-07 13:39:34.419  8720  8720 I SpectrePeripheral: event=advertise_restart reason=disconnect mode=uuidOnly count=6
08-07 13:39:34.419  8720  8720 I SpectrePeripheral: event=app_log message=Advertising restart requested: disconnect
08-07 13:39:34.419  8720  8720 I SpectrePeripheral: event=advertise_stop_request mode=uuidOnly
08-07 13:39:34.420  8720  8720 I SpectrePeripheral: event=advertise_start_request mode=uuidOnly includeName=false includeService=true scanResponseService=false connectable=true
08-07 13:39:34.421  8720  8720 I SpectrePeripheral: event=app_log message=Peripheral disconnected: 64:E8:33:4B:7A:39
08-07 13:39:34.452  8720  8720 I SpectrePeripheral: event=advertise_start_success mode=uuidOnly txPower=3 advertiseMode=2 restarts=6
08-07 13:39:34.452  8720  8720 I SpectrePeripheral: event=app_log message=Spectre peripheral advertising started
08-07 13:51:39.600  8720  8720 I SpectrePeripheral: event=connection_state peer=xx:7A:39 status=0 newState=connected connectedBefore=0
08-07 13:51:39.600  8720  8720 I SpectrePeripheral: event=app_log message=Peripheral connected: 64:E8:33:4B:7A:39
08-07 13:51:39.604  8720  8731 I SpectrePeripheral: event=mtu_changed peer=xx:7A:39 mtu=247
08-07 13:51:39.958  8720  8731 I SpectrePeripheral: event=descriptor_write peer=xx:7A:39 descriptor=cccd char=auth requestId=418 offset=0 bytes=2 responseNeeded=true value=notify
08-07 13:51:40.291  8720  8731 I SpectrePeripheral: event=char_write peer=xx:7A:39 char=auth_request requestId=419 offset=0 chunkBytes=20 totalBytes=20 prepared=false responseNeeded=true
08-07 13:51:40.291  8720  8731 I SpectrePeripheral: event=auth_challenge_chunk peer=xx:7A:39 bytes=20 targetBytes=163
08-07 13:51:40.346  8720  8731 I SpectrePeripheral: event=char_write peer=xx:7A:39 char=auth_request requestId=420 offset=0 chunkBytes=20 totalBytes=40 prepared=false responseNeeded=true
08-07 13:51:40.347  8720  8731 I SpectrePeripheral: event=auth_challenge_chunk peer=xx:7A:39 bytes=40 targetBytes=163
08-07 13:51:40.408  8720  8731 I SpectrePeripheral: event=char_write peer=xx:7A:39 char=auth_request requestId=421 offset=0 chunkBytes=20 totalBytes=60 prepared=false responseNeeded=true
08-07 13:51:40.408  8720  8731 I SpectrePeripheral: event=auth_challenge_chunk peer=xx:7A:39 bytes=60 targetBytes=163
08-07 13:51:40.468  8720  8731 I SpectrePeripheral: event=char_write peer=xx:7A:39 char=auth_request requestId=422 offset=0 chunkBytes=20 totalBytes=80 prepared=false responseNeeded=true
08-07 13:51:40.468  8720  8731 I SpectrePeripheral: event=auth_challenge_chunk peer=xx:7A:39 bytes=80 targetBytes=163
08-07 13:51:40.528  8720  8731 I SpectrePeripheral: event=char_write peer=xx:7A:39 char=auth_request requestId=423 offset=0 chunkBytes=20 totalBytes=100 prepared=false responseNeeded=true
08-07 13:51:40.528  8720  8731 I SpectrePeripheral: event=auth_challenge_chunk peer=xx:7A:39 bytes=100 targetBytes=163
08-07 13:51:40.586  8720  8731 I SpectrePeripheral: event=char_write peer=xx:7A:39 char=auth_request requestId=424 offset=0 chunkBytes=20 totalBytes=120 prepared=false responseNeeded=true
08-07 13:51:40.587  8720  8731 I SpectrePeripheral: event=auth_challenge_chunk peer=xx:7A:39 bytes=120 targetBytes=163
08-07 13:51:40.648  8720  8731 I SpectrePeripheral: event=char_write peer=xx:7A:39 char=auth_request requestId=425 offset=0 chunkBytes=20 totalBytes=140 prepared=false responseNeeded=true
08-07 13:51:40.649  8720  8731 I SpectrePeripheral: event=auth_challenge_chunk peer=xx:7A:39 bytes=140 targetBytes=163
08-07 13:51:40.709  8720  8731 I SpectrePeripheral: event=char_write peer=xx:7A:39 char=auth_request requestId=426 offset=0 chunkBytes=20 totalBytes=160 prepared=false responseNeeded=true
08-07 13:51:40.709  8720  8731 I SpectrePeripheral: event=auth_challenge_chunk peer=xx:7A:39 bytes=160 targetBytes=163
08-07 13:51:40.769  8720  8731 I SpectrePeripheral: event=char_write peer=xx:7A:39 char=auth_request requestId=427 offset=0 chunkBytes=3 totalBytes=163 prepared=false responseNeeded=true
08-07 13:51:40.770  8720  8731 I SpectrePeripheral: event=auth_challenge_received peer=xx:7A:39 bytes=163
08-07 13:51:40.773  8720  8731 I SpectrePeripheral: event=notify_requested char=auth bytes=163 connected=1
08-07 13:51:40.774  8720  8731 I SpectrePeripheral: event=notify_queued peer=xx:7A:39 char=auth bytes=163 label=value chunk=0 chunks=1 queued=1
08-07 13:51:40.774  8720  8731 I SpectrePeripheral: event=notify_send reason=enqueue peer=xx:7A:39 char=auth bytes=163 label=value chunk=0 chunks=1 remaining=0
08-07 13:51:40.775  8720  8731 I SpectrePeripheral: event=secure_value_updated char=metadata channel=3 plainBytes=14 cipherBytes=36 notify=false
08-07 13:51:40.775  8720  8731 I SpectrePeripheral: event=notify_requested char=gps bytes=42 connected=1
08-07 13:51:40.776  8720  8731 I SpectrePeripheral: event=notify_queued peer=xx:7A:39 char=gps bytes=42 label=value chunk=0 chunks=1 queued=1
08-07 13:51:40.776  8720  8731 I SpectrePeripheral: event=secure_value_updated char=gps channel=1 plainBytes=20 cipherBytes=42 notify=true
08-07 13:51:40.776  8720  8731 I SpectrePeripheral: event=secure_value_updated char=control channel=2 plainBytes=4 cipherBytes=26 notify=false
08-07 13:51:40.777  8720  8731 I SpectrePeripheral: event=auth_session_ready peer=xx:7A:39 responseBytes=163
08-07 13:51:40.777  8720  8731 I SpectrePeripheral: event=app_log message=Secure session established with 64:E8:33:4B:7A:39
08-07 13:51:40.778  8720  8720 I SpectrePeripheral: event=notify_sent peer=xx:7A:39 status=success remaining=1
08-07 13:51:40.778  8720  8720 I SpectrePeripheral: event=notify_send reason=sent peer=xx:7A:39 char=gps bytes=42 label=value chunk=0 chunks=1 remaining=0
08-07 13:51:40.780  8720  8720 I SpectrePeripheral: event=notify_sent peer=xx:7A:39 status=success remaining=0
08-07 13:51:40.784  8720  8720 I SpectrePeripheral: event=update_value char=gps bytes=20
08-07 13:51:40.784  8720  8720 I SpectrePeripheral: event=notify_requested char=gps bytes=42 connected=1
08-07 13:51:40.785  8720  8720 I SpectrePeripheral: event=notify_queued peer=xx:7A:39 char=gps bytes=42 label=value chunk=0 chunks=1 queued=1
08-07 13:51:40.785  8720  8720 I SpectrePeripheral: event=notify_send reason=enqueue peer=xx:7A:39 char=gps bytes=42 label=value chunk=0 chunks=1 remaining=0
08-07 13:51:40.785  8720  8720 I SpectrePeripheral: event=secure_value_updated char=gps channel=1 plainBytes=20 cipherBytes=42 notify=true
08-07 13:51:40.790  8720  8720 I SpectrePeripheral: event=notify_sent peer=xx:7A:39 status=success remaining=0
08-07 13:51:41.309  8720  8731 I SpectrePeripheral: event=descriptor_write peer=xx:7A:39 descriptor=cccd char=enrichment requestId=428 offset=0 bytes=2 responseNeeded=true value=notify
08-07 13:51:41.367  8720  8731 I SpectrePeripheral: event=char_read peer=xx:7A:39 char=metadata requestId=429 offset=0 valueBytes=36 responseBytes=36
08-07 13:51:41.427  8720  8731 I SpectrePeripheral: event=char_read peer=xx:7A:39 char=gps requestId=430 offset=0 valueBytes=42 responseBytes=42
08-07 13:51:41.486  8720  8731 I SpectrePeripheral: event=char_read peer=xx:7A:39 char=control requestId=431 offset=0 valueBytes=26 responseBytes=26
08-07 13:51:41.549  8720  8720 I SpectrePeripheral: event=char_write peer=xx:7A:39 char=storage requestId=432 offset=0 chunkBytes=90 totalBytes=90 prepared=false responseNeeded=true
08-07 13:51:41.550  8720  8720 I SpectrePeripheral: event=storage_snapshot_received peer=xx:7A:39 cipherBytes=90 plainBytes=68
08-07 13:51:44.173  8720  8731 I SpectrePeripheral: event=char_read peer=xx:7A:39 char=gps requestId=433 offset=0 valueBytes=42 responseBytes=42
08-07 13:51:44.216  8720  8731 I SpectrePeripheral: event=char_read peer=xx:7A:39 char=control requestId=434 offset=0 valueBytes=26 responseBytes=26
08-07 13:51:44.282  8720  8720 I SpectrePeripheral: event=char_write peer=xx:7A:39 char=event_batch requestId=435 offset=0 chunkBytes=202 totalBytes=202 prepared=false responseNeeded=true
08-07 13:51:44.285  8720  8720 I SpectrePeripheral: event=event_batch_received peer=xx:7A:39 cipherBytes=202 plainBytes=180 recordsEstimate=18 sessionId=0 batchId=0 totalBatches=173
08-07 13:51:44.461  8720  8720 I SpectrePeripheral: event=update_value char=control bytes=4
08-07 13:51:44.461  8720  8720 I SpectrePeripheral: event=notify_requested char=control bytes=26 connected=1
08-07 13:51:44.462  8720  8720 I SpectrePeripheral: event=notify_queued peer=xx:7A:39 char=control bytes=26 label=value chunk=0 chunks=1 queued=1
08-07 13:51:44.462  8720  8747 I ReactNativeJS: [SpectreEnrich] batch events=18 matched=0 skipped=18 history=188 firstEvent=1783133507000 lastEvent=1783134241000 oldestHistory=1783461501000 newestHistory=1786126571866 nearestDriftMin=327260000 nearestDriftMax=327994000 nearestFixFirst=1783461501000 nativeRecorder=1
08-07 13:51:44.463  8720  8720 I SpectrePeripheral: event=notify_send reason=enqueue peer=xx:7A:39 char=control bytes=26 label=value chunk=0 chunks=1 remaining=0
08-07 13:51:44.463  8720  8720 I SpectrePeripheral: event=secure_value_updated char=control channel=2 plainBytes=4 cipherBytes=26 notify=true
08-07 13:51:44.463  8720  8720 W SpectrePeripheral: event=enrichment_response_unframed records=18 pendingRecords=18 sessionId=0 batchId=0
08-07 13:51:44.463  8720  8720 I SpectrePeripheral: event=notify_chunked char=enrichment plainBytes=846 chunks=5 chunkPlainMax=200
08-07 13:51:44.464  8720  8720 I SpectrePeripheral: event=notify_chunk char=enrichment chunk=0 plainBytes=200 bytes=222
08-07 13:51:44.464  8720  8720 I SpectrePeripheral: event=notify_queued peer=xx:7A:39 char=enrichment bytes=222 label=chunked chunk=0 chunks=5 queued=1
08-07 13:51:44.464  8720  8720 I SpectrePeripheral: event=notify_chunk char=enrichment chunk=1 plainBytes=200 bytes=222
08-07 13:51:44.464  8720  8720 I SpectrePeripheral: event=notify_queued peer=xx:7A:39 char=enrichment bytes=222 label=chunked chunk=1 chunks=5 queued=2
08-07 13:51:44.464  8720  8720 I SpectrePeripheral: event=notify_chunk char=enrichment chunk=2 plainBytes=200 bytes=222
08-07 13:51:44.464  8720  8720 I SpectrePeripheral: event=notify_queued peer=xx:7A:39 char=enrichment bytes=222 label=chunked chunk=2 chunks=5 queued=3
08-07 13:51:44.465  8720  8720 I SpectrePeripheral: event=notify_chunk char=enrichment chunk=3 plainBytes=200 bytes=222
08-07 13:51:44.465  8720  8720 I SpectrePeripheral: event=notify_queued peer=xx:7A:39 char=enrichment bytes=222 label=chunked chunk=3 chunks=5 queued=4
08-07 13:51:44.465  8720  8720 I SpectrePeripheral: event=notify_chunk char=enrichment chunk=4 plainBytes=46 bytes=68
08-07 13:51:44.465  8720  8720 I SpectrePeripheral: event=notify_queued peer=xx:7A:39 char=enrichment bytes=68 label=chunked chunk=4 chunks=5 queued=5
08-07 13:51:44.465  8720  8720 I SpectrePeripheral: event=notify_sent peer=xx:7A:39 status=success remaining=5
08-07 13:51:44.466  8720  8720 I SpectrePeripheral: event=notify_send reason=sent peer=xx:7A:39 char=enrichment bytes=222 label=chunked chunk=0 chunks=5 remaining=4
08-07 13:51:44.467  8720  8720 I SpectrePeripheral: event=notify_sent peer=xx:7A:39 status=success remaining=4
08-07 13:51:44.543  8720  8720 I SpectrePeripheral: event=notify_send reason=sent_paced peer=xx:7A:39 char=enrichment bytes=222 label=chunked chunk=1 chunks=5 remaining=3
08-07 13:51:44.544  8720  8720 I SpectrePeripheral: event=notify_sent peer=xx:7A:39 status=success remaining=3
08-07 13:51:44.621  8720  8720 I SpectrePeripheral: event=notify_send reason=sent_paced peer=xx:7A:39 char=enrichment bytes=222 label=chunked chunk=2 chunks=5 remaining=2
08-07 13:51:44.624  8720  8720 I SpectrePeripheral: event=notify_sent peer=xx:7A:39 status=success remaining=2
08-07 13:51:44.701  8720  8720 I SpectrePeripheral: event=notify_send reason=sent_paced peer=xx:7A:39 char=enrichment bytes=222 label=chunked chunk=3 chunks=5 remaining=1
08-07 13:51:44.703  8720  8720 I SpectrePeripheral: event=notify_sent peer=xx:7A:39 status=success remaining=1
08-07 13:51:44.779  8720  8720 I SpectrePeripheral: event=notify_send reason=sent_paced peer=xx:7A:39 char=enrichment bytes=68 label=chunked chunk=4 chunks=5 remaining=0
08-07 13:51:44.781  8720  8720 I SpectrePeripheral: event=notify_sent peer=xx:7A:39 status=success remaining=0
08-07 13:51:50.679  8720  8720 I SpectrePeripheral: event=update_value char=control bytes=4
08-07 13:51:50.680  8720  8720 I SpectrePeripheral: event=notify_requested char=control bytes=26 connected=1
08-07 13:51:50.683  8720  8720 I SpectrePeripheral: event=notify_queued peer=xx:7A:39 char=control bytes=26 label=value chunk=0 chunks=1 queued=1
08-07 13:51:50.684  8720  8720 I SpectrePeripheral: event=notify_send reason=enqueue peer=xx:7A:39 char=control bytes=26 label=value chunk=0 chunks=1 remaining=0
08-07 13:51:50.685  8720  8720 I SpectrePeripheral: event=secure_value_updated char=control channel=2 plainBytes=4 cipherBytes=26 notify=true
08-07 13:51:50.717  8720  8720 I SpectrePeripheral: event=notify_sent peer=xx:7A:39 status=success remaining=0
08-07 13:51:59.338  8720  8720 I SpectrePeripheral: event=connection_state peer=xx:7A:39 status=0 newState=disconnected connectedBefore=1
08-07 13:51:59.338  8720  8720 I SpectrePeripheral: event=advertise_restart reason=disconnect mode=uuidOnly count=7
08-07 13:51:59.339  8720  8720 I SpectrePeripheral: event=app_log message=Advertising restart requested: disconnect
08-07 13:51:59.339  8720  8720 I SpectrePeripheral: event=advertise_stop_request mode=uuidOnly
08-07 13:51:59.340  8720  8720 I SpectrePeripheral: event=advertise_start_request mode=uuidOnly includeName=false includeService=true scanResponseService=false connectable=true
08-07 13:51:59.341  8720  8720 I SpectrePeripheral: event=app_log message=Peripheral disconnected: 64:E8:33:4B:7A:39
08-07 13:51:59.419  8720  8720 I SpectrePeripheral: event=advertise_start_success mode=uuidOnly txPower=3 advertiseMode=2 restarts=7
08-07 13:51:59.419  8720  8720 I SpectrePeripheral: event=app_log message=Spectre peripheral advertising started
