--------- beginning of main
06-20 22:12:51.364 D/SemWifiUsabilityStatsMonitor( 2843): onWifiUsabilityStats - seqNum 43, isSameBssidAndFreq true
06-20 22:12:51.401 D/SemWifiEleStateTracker( 2843): Pressure Diff: 0.0010986328
06-20 22:12:51.401 D/SemWifiEleStateTracker( 2843): Barometer value: Prev 988.6743 Current 988.6754 mSmallBaroDetected : false
06-20 22:12:51.493 I/sensors-hal( 1803): handle_sns_std_sensor_event:157, [818] Pressure 988.676, cal 0.146, sw_offset 0.000 (lsb(bit) 0x89 0x90 0x60)
06-20 22:12:51.516 I/sensors-hal( 1803): handle_sns_client_event:327, [0][1297] mag_sample_cal(magcal_available:1): ts=148065877240 ns; cal = [-20.668013, -45.011520, -29.515091], uncal = [-21.688013, 66.528481, -245.335083], bias = [-1.020000, 111.540001, -215.819992], status=3, cal_id=2
06-20 22:12:51.542 I/NearbyMediums( 4696): Found Fast Ble Advertisements :
06-20 22:12:51.542 I/NearbyMediums( 4696): BleAdvertisement { version=2, socketVersion=2, isFast=true, serviceIdHash=null, data=[ 0x23 0x50 0x45 0x49 0x4d 0x11 0x32 0xa3 0x26 0xb5 0x57 0x5a 0x24 0xcf 0xa0 0x34 0xf8 0xbb 0xd9 0xc8 0x61 0x72 0x4f ], deviceToken=[ 0xb6 0xe1 ], rxAdvertisement=null } : 1 times.
06-20 22:12:51.542 I/NearbyMediums( 4696): Total 1 fast advertisements from 1 unique advertisers.
06-20 22:12:51.542 I/NearbyMediums( 4696): Current Tracked Scanning Clients are : {NearbyConnections.EnvironmentMonitor, NearbySharing, NearbyConnections.TxAdvertisement}
--------- beginning of system
06-20 22:12:51.631 D/io_stats( 1145): !@   8,0 r 383093 8686972 w 39373 573928 d 8922 327576 f 900 3684 iot 18896 0 th 0 0 0 pt 0 inp 0 0 148.226
06-20 22:12:51.632 D/io_stats( 1145): !@ Read_top(KB): .sec.imsservice:normal(4287) 1096 kworker/u17:1:/(137) 256 kworker/4:2H:/(183) 20
06-20 22:12:51.632 D/io_stats( 1145): !@ Write_top(KB): kworker/u17:1:/(137) 12
06-20 22:12:51.703 I/adbd    ( 6914): adbd service requested 'shell,v2:export ANDROID_LOG_TAGS=''; exec logcat '-v' 'time' '-b' 'all''
06-20 22:12:51.721 I/adbd    ( 6914): adbd service requested 'shell,v2,raw:uiautomator dump /sdcard/t.xml'
06-20 22:12:51.802 D/SemWifiSwitchForIndividualAppsService( 2843): isSkipNetworkCondition - result:2
06-20 22:12:51.836 D/AndroidRuntime(19889): >>>>>> START com.android.internal.os.RuntimeInit uid 2000 <<<<<<
06-20 22:12:51.840 I/AndroidRuntime(19889): Using default boot image
06-20 22:12:51.840 I/AndroidRuntime(19889): Leaving lock profiling enabled
06-20 22:12:51.841 D/SecNativeFeatureCppIf(19889): encoded
06-20 22:12:51.841 D/SecNativeFeatureCppIf(19889): decoding and unzip finish
06-20 22:12:51.841 D/SecNativeFeatureCppIf(19889): use unCompDataBuff. encoded
06-20 22:12:51.841 D/SecNativeFeatureCppIf(19889): Free unCompDataBuff
06-20 22:12:51.841 D/AndroidRuntime(19889): addProductProperty not brand or 7
06-20 22:12:51.842 I/app_process(19889): Using generational CollectorTypeCMC GC.
06-20 22:12:51.855 D/BSOHChargingDataCollector( 2843):  BSOH Sys-servce ... 
06-20 22:12:51.855 D/BSOHChargingDataCollector( 2843): performBatteryWork++
06-20 22:12:51.855 D/BSOHChargingDataCollector( 2843): performBatteryWork battery com.android.server.bsoh.device.PrimeBattery@2209b88
06-20 22:12:51.855 D/BSOHChargingDataCollector( 2843): primeBatt readVoltage from sysFsBattVolt,  path : /sys/class/power_supply/battery/batt_voltage_now
06-20 22:12:51.864 D/BSOHChargingDataCollector( 2843): 0 	 BattData addData data : BattData { voltage:4.082, current:-0.158593, soc:0.69, temperature:29.0, status:2, timestamp:1782011571864, voltage_chg:null}
06-20 22:12:51.864 D/BSOHChargingDataCollector( 2843): performBatteryWork--
06-20 22:12:51.868 D/nativeloader(19889): InitDefaultPublicLibraries for_preload=1: libandroid.so:libaaudio.so:libamidi.so:libbinder_ndk.so:libc.so:libcamera2ndk.so:libdl.so:libEGL.so:libGLESv1_CM.so:libGLESv2.so:libGLESv3.so:libicu.so:libicui18n.so:libicuuc.so:libjnigraphics.so:liblog.so:libmediandk.so:libm.so:libnativehelper.so:libnativewindow.so:libOpenMAXAL.so:libOpenSLES.so:libRS.so:libstdc++.so:libsync.so:libvulkan.so:libwebviewchromium_plat_support.so:libz.so
06-20 22:12:51.873 D/nativeloader(19889): Load libicu_jni.so using APEX ns com_android_art for caller /apex/com.android.art/javalib/core-oj.jar: ok
06-20 22:12:51.873 D/app_process(19889): u_setTimeZoneFilesDirectory("/apex/com.android.tzdata/etc/tz/versioned/9/icu") succeeded. 
06-20 22:12:51.873 D/app_process(19889): I18n APEX ICU file found: /apex/com.android.i18n/etc/icu/icudt76l.dat
06-20 22:12:51.874 D/nativeloader(19889): Load libjavacore.so using APEX ns com_android_art for caller /apex/com.android.art/javalib/core-oj.jar: ok
06-20 22:12:51.874 D/nativeloader(19889): Load libopenjdk.so using APEX ns com_android_art for caller /apex/com.android.art/javalib/core-oj.jar: ok
06-20 22:12:51.874 I/app_process(19889): Priority-to-niceness mapping: 19, 16, 13, 10, 0, -2, -4, -5, -6, -8
06-20 22:12:51.881 E/SemDvfsManager_JNI(19889): SemDvfsManager: registerfunction enter
06-20 22:12:51.881 E/SemAffinityControl(19889): SemAffinityControl: registerfunction enter
06-20 22:12:51.884 D/nativeloader(19889): Load libframework-connectivity-tiramisu-jni.so using APEX ns com_android_tethering for caller /apex/com.android.tethering/javalib/framework-connectivity-t.jar: ok
06-20 22:12:51.885 D/AndroidRuntime(19889): Calling main entry com.android.commands.uiautomator.Launcher
06-20 22:12:51.886 W/PlatformAconfigPackage(19889): android.os.flagging.AconfigStorageReadException: ERROR_CANNOT_READ_STORAGE_FILE: Fail to mmap storage
06-20 22:12:51.886 I/AconfigPackage(19889): android.uprobestats.mainline.flags is mapped to com.android.uprobestats
06-20 22:12:51.886 I/AconfigPackage(19889): android.media.swcodec.flags is mapped to com.android.media.swcodec
06-20 22:12:51.886 I/AconfigPackage(19889): android.graphics.pdf.flags is mapped to com.android.mediaprovider
06-20 22:12:51.886 I/AconfigPackage(19889): com.android.providers.media.flags is mapped to com.android.mediaprovider
06-20 22:12:51.886 I/AconfigPackage(19889): android.graphics.pdf.flags.readonly is mapped to com.android.mediaprovider
06-20 22:12:51.886 I/AconfigPackage(19889): com.android.uwb.flags is mapped to com.android.uwb
06-20 22:12:51.886 I/AconfigPackage(19889): com.android.ranging.flags is mapped to com.android.uwb
06-20 22:12:51.886 I/AconfigPackage(19889): com.android.healthfitness.flags is mapped to com.android.healthfitness
06-20 22:12:51.886 I/AconfigPackage(19889): com.android.os.statsd.flags is mapped to com.android.os.statsd
06-20 22:12:51.886 I/AconfigPackage(19889): com.android.tethering.mainline.beta is mapped to com.android.tethering
06-20 22:12:51.886 I/AconfigPackage(19889): android.net.http is mapped to com.android.tethering
06-20 22:12:51.886 I/AconfigPackage(19889): com.android.tethering.readonly.flags is mapped to com.android.tethering
06-20 22:12:51.886 I/AconfigPackage(19889): android.net.vcn is mapped to com.android.tethering
06-20 22:12:51.886 I/AconfigPackage(19889): com.android.net.flags is mapped to com.android.tethering
06-20 22:12:51.886 I/AconfigPackage(19889): com.android.tethering.flags is mapped to com.android.tethering
06-20 22:12:51.886 I/AconfigPackage(19889): com.android.tethering.beta.test is mapped to com.android.tethering
06-20 22:12:51.886 I/AconfigPackage(19889): com.android.nearby.flags is mapped to com.android.tethering
06-20 22:12:51.886 I/AconfigPackage(19889): com.android.net.thread.flags is mapped to com.android.tethering
06-20 22:12:51.886 I/AconfigPackage(19889): com.android.net.ct.flags is mapped to com.android.tethering
06-20 22:12:51.886 I/AconfigPackage(19889): android.os.profiling is mapped to com.android.profiling
06-20 22:12:51.886 I/AconfigPackage(19889): android.os.profiling.anomaly.flags is mapped to com.android.profiling
06-20 22:12:51.886 I/AconfigPackage(19889): com.android.permission.flags is mapped to com.android.permission
06-20 22:12:51.886 I/AconfigPackage(19889): com.android.permissioncontroller.flags is mapped to com.android.permission
06-20 22:12:51.886 I/AconfigPackage(19889): com.android.adservices.flags is mapped to com.android.adservices
06-20 22:12:51.886 I/AconfigPackage(19889): com.android.sdksandbox.flags is mapped to com.android.adservices
06-20 22:12:51.886 I/AconfigPackage(19889): com.android.ipsec.flags is mapped to com.android.ipsec
06-20 22:12:51.887 I/AconfigPackage(19889): android.provider.flags is mapped to com.android.configinfrastructure
06-20 22:12:51.887 I/AconfigPackage(19889): com.android.server.deviceconfig is mapped to com.android.configinfrastructure
06-20 22:12:51.887 I/AconfigPackage(19889): com.android.cellbroadcastreceiver.flags is mapped to com.android.cellbroadcast
06-20 22:12:51.887 I/AconfigPackage(19889): com.android.media.extractor.flags is mapped to com.android.media
06-20 22:12:51.887 I/AconfigPackage(19889): com.android.media.metrics.flags is mapped to com.android.media
06-20 22:12:51.887 I/AconfigPackage(19889): com.android.media.mainline.flags is mapped to com.android.media
06-20 22:12:51.887 I/AconfigPackage(19889): com.android.appsearch.flags is mapped to com.android.appsearch
06-20 22:12:51.887 I/AconfigPackage(19889): com.android.wifi.flags is mapped to com.android.wifi
06-20 22:12:51.887 I/AconfigPackage(19889): com.android.rkpd.flags is mapped to com.android.rkpd
06-20 22:12:51.887 I/AconfigPackage(19889): com.android.icu is mapped to com.android.i18n
06-20 22:12:51.887 I/AconfigPackage(19889): com.android.devicelock.flags is mapped to com.android.devicelock
06-20 22:12:51.887 I/AconfigPackage(19889): com.android.system.virtualmachine.flags is mapped to com.android.virt
06-20 22:12:51.887 I/AconfigPackage(19889): com.android.adservices.ondevicepersonalization.flags is mapped to com.android.ondevicepersonalization
06-20 22:12:51.887 I/AconfigPackage(19889): com.android.org.conscrypt.flags is mapped to com.android.conscrypt
06-20 22:12:51.887 I/AconfigPackage(19889): com.android.org.conscrypt.net.flags is mapped to com.android.conscrypt
06-20 22:12:51.887 I/AconfigPackage(19889): com.android.art.flags is mapped to com.android.art
06-20 22:12:51.887 I/AconfigPackage(19889): com.android.art.rw.flags is mapped to com.android.art
06-20 22:12:51.887 I/AconfigPackage(19889): com.android.libcore is mapped to com.android.art
06-20 22:12:51.887 I/AconfigPackage(19889): com.android.bluetooth.flags is mapped to com.android.bt
06-20 22:12:51.887 I/AconfigPackage(19889): com.android.adbd.flags is mapped to com.android.adbd
06-20 22:12:51.887 I/AconfigPackage(19889): com.android.telephony.flags is mapped to com.android.telephonycore
06-20 22:12:51.887 I/AconfigPackage(19889): com.android.compos.flags is mapped to com.android.compos
06-20 22:12:51.887 E/FeatureFlagsImplExport(19889): android.os.flagging.AconfigStorageReadException: ERROR_PACKAGE_NOT_FOUND: package android.xr cannot be found on the device
06-20 22:12:51.888 D/UiAutomationConnection(19889): Created on user UserHandle{0}
06-20 22:12:51.888 I/UiAutomation(19889): Initialized for user 0 on display 0
06-20 22:12:51.888 W/UiAutomation(19889): Created with deprecatead constructor, assumes DEFAULT_DISPLAY
06-20 22:12:51.888 D/AccessibilityManagerService( 2843): changeCurrentUserForTestAutomationIfNeededLocked(0): ignoring because device doesn't support visible background users
06-20 22:12:51.888 I/UiAutomationManager( 2843): Registering UiTestAutomationService (id=com.android.server.accessibility/UiAutomation, flags=0x0) when called by user 0
06-20 22:12:51.888 V/AccessibilityManagerService( 2843): onUserStateChangedLocked for userId: 0, forceUpdate: false
06-20 22:12:51.889 D/ActivityManager( 2843): unpendingScheduleServiceRestart: u=10439, drop=false
06-20 22:12:51.889 D/FreecessController( 2843): UFZ : com.x8bit.bitwarden(10439) [8067] reason: ServiceANR
06-20 22:12:51.889 W/LocationManagerService( 2843): onFreezeStateChanged, uid[10439]=false
06-20 22:12:51.889 I/PowerManagerService( 2843): [PWL] SetWakeLockEnableDisable uid = 10439 , disable= false
06-20 22:12:51.889 I/PowerManagerService( 2843): [PWL] can not change uid =  10439
06-20 22:12:51.890 I/ActivityManager( 2843): Changes in 10439 5 to 10, 511 to 384
06-20 22:12:51.893 I/SurfaceFlinger( 1939): SFWD update time=148488247389
06-20 22:12:51.896 D/HidDeviceService( 4244): handleMessage: MESSAGE_IMPORTANCE_CHANGE
06-20 22:12:51.896 D/HidDeviceService( 4244): unregisterAppUid(): uid=10439
06-20 22:12:51.896 D/HidDeviceService( 4244): unregisterAppUid(): caller UID doesn't match user UID
--------- beginning of events
06-20 22:12:51.898 I/power_partial_wake_state( 2843): [DIS,138955994,6,*job*r/com.x8bit.bitwarden/com.google.android.datatransport.runtime.scheduling.jobscheduling.JobInfoSchedulerService:android(enabled),1000,2843,WorkSource{ chains=WorkChain{(10439), (1000, JobScheduler)}}]
06-20 22:12:51.898 I/power_partial_wake_state( 2843): [REL,138955994,6,*job*r/com.x8bit.bitwarden/com.google.android.datatransport.runtime.scheduling.jobscheduling.JobInfoSchedulerService:android,1000,2843,WorkSource{ chains=WorkChain{(10439), (1000, JobScheduler)}}]
06-20 22:12:51.898 D/MagnificationConnectionManager( 2843): requestConnection :false mConnectionState : 3
06-20 22:12:51.898 W/MagnificationConnectionManager( 2843): requestConnection duplicated request: connect=false, mConnectionState=DISCONNECTED
06-20 22:12:51.901 I/SurfaceFlinger( 1939): [LayerHierarchy{RequestedLayerState{WindowToken{dda0d38 type=2032 android.os.Binder@b19459b}#149 z=2} no children}] reparent to OffscreenRoot
06-20 22:12:51.901 I/SurfaceFlinger( 1939): [LayerHierarchy{RequestedLayerState{WindowToken{dda0d38 type=2032 android.os.Binder@b19459b}#149 z=2} no children}] RelativeParent to null
06-20 22:12:51.902 I/SurfaceFlinger( 1939): id=150 createSurf, flag=84004, WindowToken{db2bfe8 type=2032 android.os.Binder@8cf550b}#150
06-20 22:12:51.902 I/SurfaceFlinger( 1939): id=149 Removed WindowToken{dda0d38 type=2032 android.os.Binder@b19459b}#149 (103)
06-20 22:12:51.903 W/libbinder.IPCThreadState( 2843): Sending oneway calls to frozen process.
06-20 22:12:51.904 V/AccessibilityManagerService( 2843): onUserStateChangedLocked for userId: 0, forceUpdate: false
06-20 22:12:51.904 W/libbinder.IPCThreadState( 2843): Sending oneway calls to frozen process.
06-20 22:12:51.904 D/MagnificationConnectionManager( 2843): requestConnection :false mConnectionState : 3
06-20 22:12:51.904 W/MagnificationConnectionManager( 2843): requestConnection duplicated request: connect=false, mConnectionState=DISCONNECTED
06-20 22:12:51.905 W/libbinder.IPCThreadState( 2843): Sending oneway calls to frozen process.
06-20 22:12:51.905 W/libbinder.IPCThreadState( 2843): Sending oneway calls to frozen process.
06-20 22:12:51.905 W/libbinder.IPCThreadState( 2843): Sending oneway calls to frozen process.
06-20 22:12:51.905 W/libbinder.IPCThreadState( 2843): Sending oneway calls to frozen process.
06-20 22:12:51.905 I/AccessibilityManagerService( 2843): semIsAccessibilityServiceEnabled()
06-20 22:12:51.905 I/AccessibilityManagerService( 2843): semIsAccessibilityServiceEnabled()
06-20 22:12:51.905 D/AS.AudioService( 2843): Accessibility volume enabled = false
06-20 22:12:51.905 I/SDM     ( 1829): AIScalerFeatureIntfImpl::LookupConfig: Scale ratio = 1.780000
06-20 22:12:51.905 W/libbinder.IPCThreadState( 2843): Sending oneway calls to frozen process.
06-20 22:12:51.905 I/SDM     ( 1829): AIScalerParserIntfImpl::LookupConfig: Scale Ratio Match Found Here
06-20 22:12:51.906 W/libbinder.IPCThreadState( 2843): Sending oneway calls to frozen process.
06-20 22:12:51.906 W/libbinder.IPCThreadState( 2843): Sending oneway calls to frozen process.
06-20 22:12:51.906 W/libbinder.IPCThreadState( 2843): Sending oneway calls to frozen process.
06-20 22:12:51.906 I/AccessibilityManagerService( 2843): semIsAccessibilityServiceEnabled()
06-20 22:12:51.906 I/AccessibilityManagerService( 2843): semIsAccessibilityServiceEnabled()
06-20 22:12:51.906 D/AS.AudioService( 2843): Accessibility volume enabled = false
06-20 22:12:51.907 I/SurfaceFlinger( 1939): Current= 120, Period= 120, Distance= 0
06-20 22:12:51.911 I/SurfaceFlinger( 1939): RequestedLayer [WindowToken{db2bfe8 type=2032 android.os.Binder@8cf550b}#150] hidden!! flag  from(1) --> to(0)
06-20 22:12:51.911 I/SurfaceFlinger( 1939): destroyed WindowToken{dda0d38 type=2032 android.os.Binder@b19459b}#149 form LifecycleManager
06-20 22:12:51.911 I/SurfaceFlinger( 1939): [WindowToken{db2bfe8 type=2032 android.os.Binder@8cf550b}#150] attach to parent LayerHierarchy{RequestedLayerState{Leaf:26:31#33 parentId=32} 3 children}
06-20 22:12:51.911 I/SurfaceFlinger( 1939): id=149 onLayerDestroyed from LayerHierarchyBuilder(RequestedLayerState{WindowToken{dda0d38 type=2032 android.os.Binder@b19459b}#149 !handle z=2})
06-20 22:12:51.911 I/SurfaceFlinger( 1939): id=149 Destroyed WindowToken{dda0d38 type=2032 android.os.Binder@b19459b}#149
06-20 22:12:51.915 I/SurfaceFlinger( 1939): Current= 120, Period= 120, Distance= 120
06-20 22:12:51.925 I/TRuntime.CctTransportBackend( 8067): Making request to: https://crashlyticsreports-pa.googleapis.com/v1/firelog/legacy/batchlog
06-20 22:12:51.974 D/TrafficStateDatabaseController( 2843): onDnsEvent():  objTrafficStats.size= 136, mInsertList= true
06-20 22:12:51.974 D/NetdEventListenerService( 2843): DNS Requested by 100, 10439(com.x8bit.bitwarden), SUCCESS, 46ms
06-20 22:12:51.975 D/NetdEventListenerService( 2843): DNS Requested by 100, 10439(com.x8bit.bitwarden), SUCCESS, 0ms
--------- beginning of radio
06-20 22:12:51.976 D/TelephonyManager( 2843): getAllCellInfo / caller PID: 2843, UID: 1000, TID: 5827
06-20 22:12:51.976 E/AppOps  ( 2843): Bad call made by uid 1001. Package "com.android.phone" does not belong to uid 1000.
06-20 22:12:51.976 E/AppOps  ( 2843): Cannot noteOperation: non-application UID 1000
06-20 22:12:51.976 D/TelephonyManager( 2843): getAllCellInfo / caller PID: 2843, UID: 1000, TID: 5827
06-20 22:12:51.977 D/TrafficStateDatabaseController( 2843): onDnsEvent():  objTrafficStats.size= 137, mInsertList= true
06-20 22:12:51.978 D/TelephonyManager( 2843): getAllCellInfo / caller PID: 2843, UID: 1000, TID: 5827
06-20 22:12:51.978 D/TelephonyManager( 2843): getAllCellInfo / caller PID: 2843, UID: 1000, TID: 5827
06-20 22:12:51.979 E/TRuntime.CctTransportBackend( 8067): Couldn't open connection, returning with 500
06-20 22:12:51.979 E/TRuntime.CctTransportBackend( 8067): java.net.ConnectException: Failed to connect to crashlyticsreports-pa.googleapis.com/0.0.0.0:443
06-20 22:12:51.979 E/TRuntime.CctTransportBackend( 8067): 	at com.android.okhttp.internal.io.RealConnection.connectSocket(RealConnection.java:147)
06-20 22:12:51.979 E/TRuntime.CctTransportBackend( 8067): 	at com.android.okhttp.internal.io.RealConnection.connect(RealConnection.java:116)
06-20 22:12:51.979 E/TRuntime.CctTransportBackend( 8067): 	at com.android.okhttp.internal.http.StreamAllocation.findConnection(StreamAllocation.java:186)
06-20 22:12:51.979 E/TRuntime.CctTransportBackend( 8067): 	at com.android.okhttp.internal.http.StreamAllocation.findHealthyConnection(StreamAllocation.java:128)
06-20 22:12:51.979 E/TRuntime.CctTransportBackend( 8067): 	at com.android.okhttp.internal.http.StreamAllocation.newStream(StreamAllocation.java:97)
06-20 22:12:51.979 E/TRuntime.CctTransportBackend( 8067): 	at com.android.okhttp.internal.http.HttpEngine.connect(HttpEngine.java:289)
06-20 22:12:51.979 E/TRuntime.CctTransportBackend( 8067): 	at com.android.okhttp.internal.http.HttpEngine.sendRequest(HttpEngine.java:232)
06-20 22:12:51.979 E/TRuntime.CctTransportBackend( 8067): 	at com.android.okhttp.internal.huc.HttpURLConnectionImpl.execute(HttpURLConnectionImpl.java:465)
06-20 22:12:51.979 E/TRuntime.CctTransportBackend( 8067): 	at com.android.okhttp.internal.huc.HttpURLConnectionImpl.connect(HttpURLConnectionImpl.java:131)
06-20 22:12:51.979 E/TRuntime.CctTransportBackend( 8067): 	at com.android.okhttp.internal.huc.HttpURLConnectionImpl.getOutputStream(HttpURLConnectionImpl.java:262)
06-20 22:12:51.979 E/TRuntime.CctTransportBackend( 8067): 	at com.android.okhttp.internal.huc.DelegatingHttpsURLConnection.getOutputStream(DelegatingHttpsURLConnection.java:219)
06-20 22:12:51.979 E/TRuntime.CctTransportBackend( 8067): 	at com.android.okhttp.internal.huc.HttpsURLConnectionImpl.getOutputStream(HttpsURLConnectionImpl.java:30)
06-20 22:12:51.979 E/TRuntime.CctTransportBackend( 8067): 	at t62.h(r8-map-id-97125d35c497776d3bfa2fc34c184751edcc2e7d54bb95212471a3b05918e826:107)
06-20 22:12:51.979 E/TRuntime.CctTransportBackend( 8067): 	at gj0.e(r8-map-id-97125d35c497776d3bfa2fc34c184751edcc2e7d54bb95212471a3b05918e826:930)
06-20 22:12:51.979 E/TRuntime.CctTransportBackend( 8067): 	at hga.run(r8-map-id-97125d35c497776d3bfa2fc34c184751edcc2e7d54bb95212471a3b05918e826:53)
06-20 22:12:51.979 E/TRuntime.CctTransportBackend( 8067): 	at ha.run(r8-map-id-97125d35c497776d3bfa2fc34c184751edcc2e7d54bb95212471a3b05918e826:74)
06-20 22:12:51.979 E/TRuntime.CctTransportBackend( 8067): 	at java.util.concurrent.ThreadPoolExecutor.runWorker(ThreadPoolExecutor.java:1100)
06-20 22:12:51.979 E/TRuntime.CctTransportBackend( 8067): 	at java.util.concurrent.ThreadPoolExecutor$Worker.run(ThreadPoolExecutor.java:624)
06-20 22:12:51.979 E/TRuntime.CctTransportBackend( 8067): 	at java.lang.Thread.run(Thread.java:1572)
06-20 22:12:51.985 I/SDM     ( 1829): DisplayBase::CommitThread: Received idle timeout, panel: cmd, timeout: 70000 us
06-20 22:12:51.990 I/power_partial_wake_state( 2843): [DIS,261895911,97,*job*r/com.x8bit.bitwarden/com.google.android.datatransport.runtime.scheduling.jobscheduling.JobInfoSchedulerService:android(enabled),1000,2843,WorkSource{ chains=WorkChain{(10439), (1000, JobScheduler)}}]
06-20 22:12:51.990 I/power_partial_wake_state( 2843): [REL,261895911,97,*job*r/com.x8bit.bitwarden/com.google.android.datatransport.runtime.scheduling.jobscheduling.JobInfoSchedulerService:android,1000,2843,WorkSource{ chains=WorkChain{(10439), (1000, JobScheduler)}}]
06-20 22:12:51.992 W/JobScheduler( 2843): Job didn't exist in JobStore: 6936235 #u0a439/-1683082924 com.x8bit.bitwarden/com.google.android.datatransport.runtime.scheduling.jobscheduling.JobInfoSchedulerService
06-20 22:12:51.994 I/ActivityManager( 2843): Killing 7651:com.samsung.android.lool/1000 (adj 905): empty #33
06-20 22:12:51.994 D/DeviceReportingSecurityChecker( 2843): getStatus
06-20 22:12:51.994 D/DeviceReportingSecurityChecker( 2843): mIsICDStatus is true
06-20 22:12:51.994 D/DeviceReportingSecurityChecker( 2843): mIsSim is true
06-20 22:12:51.994 D/DeviceReportingSecurityChecker( 2843): mIsEchoAppSignature is true
06-20 22:12:51.994 I/am_kill ( 2843): [0,7651,com.samsung.android.lool,905,empty #33,117088]
06-20 22:12:51.994 D/DeviceReportingSecurityChecker( 2843): security check passed
06-20 22:12:51.994 D/DeviceReportingSecurityChecker( 2843): mIsICDStatus === true mIsSim == true mIsMyAccountSignature== false mIsEchoAppSignature== true mIsSprintHubSignature== false
06-20 22:12:51.994 D/AppStateBroadcaster( 2843): TMO killProcesses
06-20 22:12:51.996 I/ActivityManager( 2843): Changes in 10439 10 to 19, 384 to 0
06-20 22:12:52.019 I/Zygote  ( 1696): Process 7651 exited due to signal 9 (Killed)
06-20 22:12:52.019 I/libprocessgroup( 2843): Removed cgroup /sys/fs/cgroup/system/uid_1000/pid_7651
06-20 22:12:52.019 I/am_proc_died( 2843): [0,7651,com.samsung.android.lool,905,19,2432,4464]
06-20 22:12:52.328 I/sensors-hal( 1803): handle_sns_client_event:379, [0][12201] accel_sample [-0.220,  0.019,  9.717] 148901455001
06-20 22:12:52.571 D/ActivityManager( 2843): freezing 19416 com.sec.android.provider.badge
06-20 22:12:52.573 I/am_freeze( 2843): [19416,com.sec.android.provider.badge]
06-20 22:12:52.574 D/ActivityManager( 2843): FCA:FCA recordedFileRss = 0, and changeinRss = 49232
06-20 22:12:52.579 D/InetDiagMessage( 2843): Destroyed 0 sockets, proto=IPPROTO_TCP, family=AF_INET, states=14
06-20 22:12:52.582 D/InetDiagMessage( 2843): Destroyed 0 sockets, proto=IPPROTO_TCP, family=AF_INET6, states=14
06-20 22:12:52.582 D/InetDiagMessage( 2843): Destroyed live tcp sockets for uids={10052} in 7ms
06-20 22:12:52.774 I/ActivityManager( 2843): Killing 16221:com.samsung.android.app.smartcapture:tileservice/u0a230 (adj 905): empty #33
06-20 22:12:52.774 D/DeviceReportingSecurityChecker( 2843): getStatus
06-20 22:12:52.774 D/DeviceReportingSecurityChecker( 2843): mIsICDStatus is true
06-20 22:12:52.774 D/DeviceReportingSecurityChecker( 2843): mIsSim is true
06-20 22:12:52.774 D/DeviceReportingSecurityChecker( 2843): mIsEchoAppSignature is true
06-20 22:12:52.774 D/DeviceReportingSecurityChecker( 2843): security check passed
06-20 22:12:52.774 I/am_kill ( 2843): [0,16221,com.samsung.android.app.smartcapture:tileservice,905,empty #33,113688]
06-20 22:12:52.774 D/DeviceReportingSecurityChecker( 2843): mIsICDStatus === true mIsSim == true mIsMyAccountSignature== false mIsEchoAppSignature== true mIsSprintHubSignature== false
06-20 22:12:52.774 D/AppStateBroadcaster( 2843): TMO killProcesses
06-20 22:12:52.775 I/ActivityManager( 2843): Changes in 5009 15 to 19, 256 to 0
06-20 22:12:52.776 D/PerProcessNandswap$NandswapHandler( 2843): nandswap start for non-activity com.samsung.android.scpm(pid 7112) action:14 adj:905 type:1
06-20 22:12:52.789 I/libprocessgroup( 2843): Removed cgroup /sys/fs/cgroup/apps/uid_10230/pid_16221
06-20 22:12:52.789 I/am_proc_died( 2843): [0,16221,com.samsung.android.app.smartcapture:tileservice,905,19,2431,4464]
06-20 22:12:52.789 I/Zygote  ( 1696): Process 16221 exited due to signal 9 (Killed)
06-20 22:12:52.805 D/SemWifiSwitchForIndividualAppsService( 2843): isSkipNetworkCondition - result:2
06-20 22:12:52.822 D/PerProcessNandswap$NandswapHandler( 2843): nandswap end for non-activity com.samsung.android.scpm(pid 7112) ret:17179836416 adj:905
06-20 22:12:52.823 I/am_nandswap( 2843): [7112,com.samsung.android.scpm,14,17179836416,905,15,46ms,1,[0, 27904, 16704, 44288, 57464, 0, 0, 0],38407680,10754140,[0, 27904, 16704, 44288, 57464, 0, 0, 0],38407680,10750828]
06-20 22:12:52.844 D/HeatmapThread( 1931): Updated plugType via uevent: 2
06-20 22:12:52.846 V/[SS]SleepChargingTimeController( 2843): [isActivated]mSleepChargingStatus isNowSessionTime False => false
06-20 22:12:52.846 E/BatteryDump( 1873): !@new_battery_dump : 4088,227,300,550,69,290,267,324,290,0,315,324,0,Charging,NO_CHARGING,Normal,Good,USB,1,Normal,0,0,9300,0x8000,0x10010000,0x0,0,0,244,v0002,0000,0000,00000000,0,0,0,0,106,4086,6878,990,0,
06-20 22:12:52.847 I/seh_thermal_service( 1886): getTemperaturesWithType SehTemperatureType: 3
06-20 22:12:52.847 I/sehhealth-service( 1873): updateLrpSysfs: write: 311
06-20 22:12:52.855 D/BSOHChargingDataCollector( 2843):  BSOH Sys-servce ... 
06-20 22:12:52.855 D/BSOHChargingDataCollector( 2843): performBatteryWork++
06-20 22:12:52.855 D/BSOHChargingDataCollector( 2843): performBatteryWork battery com.android.server.bsoh.device.PrimeBattery@2209b88
06-20 22:12:52.855 D/BSOHChargingDataCollector( 2843): primeBatt readVoltage from sysFsBattVolt,  path : /sys/class/power_supply/battery/batt_voltage_now
06-20 22:12:52.863 D/BSOHChargingDataCollector( 2843): 0 	 BattData addData data : BattData { voltage:4.088, current:0.227343, soc:0.69, temperature:29.0, status:2, timestamp:1782011572862, voltage_chg:null}
06-20 22:12:52.863 D/BSOHChargingDataCollector( 2843): performBatteryWork--
06-20 22:12:52.871 I/sensors-hal( 1803): handle_sns_client_event:202, auto_rotation_debug_2 mode,255, type,1,0 acc,-0.220,-0.005,9.720, ar,0, ver,15, pedo,1,e,1,i,3
06-20 22:12:52.921 D/SemCscFeature(19889): Encoded
06-20 22:12:52.952 I/AccessibilityNodeInfoDumper(19889): Skipping invisible child: android.view.accessibility.AccessibilityNodeInfo@19199; boundsInParent: Rect(0, 0 - 896, 51); boundsInScreen: Rect(93, 2265 - 989, 2007); boundsInWindow: Rect(93, 2265 - 989, 2007); packageName: com.spectre.companion; className: android.widget.TextView; text: Scan and connect to the Spectre text service.; error: null; maxTextLength: -1; stateDescription: null; contentDescription: null; tooltipText: null; containerTitle: null; viewIdResName: null; uniqueId: null; checkable: false; checked: false; focusable: false; focused: false; selected: false; clickable: false; longClickable: false; contextClickable: false; enabled: true; password: false; scrollable: false; granularScrollingSupported: false; importantForAccessibility: true; visible: false; actions: [AccessibilityAction: ACTION_SELECT - null, AccessibilityAction: ACTION_CLEAR_SELECTION - null, AccessibilityAction: ACTION_ACCESSIBILITY_FOCUS - null, AccessibilityAction: ACTION_NEXT_AT_MOVEMENT_GRANULARITY - null, AccessibilityAction: ACTION_PREVIOUS_AT_MOVEMENT_GRANULARITY - null, AccessibilityAction: ACTION_SET_SELECTION - null, AccessibilityAction: ACTION_SHOW_ON_SCREEN - null]; isTextSelectable: false
06-20 22:12:52.952 I/AccessibilityNodeInfoDumper(19889): Skipping invisible child: android.view.accessibility.AccessibilityNodeInfo@1955a; boundsInParent: Rect(0, 0 - 287, 157); boundsInScreen: Rect(93, 2351 - 380, 2007); boundsInWindow: Rect(93, 2351 - 380, 2007); packageName: com.spectre.companion; className: android.view.ViewGroup; text: null; error: null; maxTextLength: -1; stateDescription: null; contentDescription: null; tooltipText: null; containerTitle: null; viewIdResName: null; uniqueId: null; checkable: false; checked: false; focusable: false; focused: false; selected: false; clickable: false; longClickable: false; contextClickable: false; enabled: true; password: false; scrollable: false; granularScrollingSupported: false; importantForAccessibility: false; visible: false; actions: [AccessibilityAction: ACTION_SELECT - null, AccessibilityAction: ACTION_CLEAR_SELECTION - null, AccessibilityAction: ACTION_ACCESSIBILITY_FOCUS - null, AccessibilityAction: ACTION_SHOW_ON_SCREEN - null]; isTextSelectable: false
06-20 22:12:52.953 I/AccessibilityNodeInfoDumper(19889): Skipping invisible child: android.view.accessibility.AccessibilityNodeInfo@1991b; boundsInParent: Rect(0, 0 - 225, 39); boundsInScreen: Rect(123, 2381 - 348, 2007); boundsInWindow: Rect(123, 2381 - 348, 2007); packageName: com.spectre.companion; className: android.widget.TextView; text: ADAPTER; error: null; maxTextLength: -1; stateDescription: null; contentDescription: null; tooltipText: null; containerTitle: null; viewIdResName: null; uniqueId: null; checkable: false; checked: false; focusable: false; focused: false; selected: false; clickable: false; longClickable: false; contextClickable: false; enabled: true; password: false; scrollable: false; granularScrollingSupported: false; importantForAccessibility: true; visible: false; actions: [AccessibilityAction: ACTION_SELECT - null, AccessibilityAction: ACTION_CLEAR_SELECTION - null, AccessibilityAction: ACTION_ACCESSIBILITY_FOCUS - null, AccessibilityAction: ACTION_NEXT_AT_MOVEMENT_GRANULARITY - null, AccessibilityAction: ACTION_PREVIOUS_AT_MOVEMENT_GRANULARITY - null, AccessibilityAction: ACTION_SET_SELECTION - null, AccessibilityAction: ACTION_SHOW_ON_SCREEN - null]; isTextSelectable: false
06-20 22:12:52.954 I/AccessibilityNodeInfoDumper(19889): Skipping invisible child: android.view.accessibility.AccessibilityNodeInfo@19cdc; boundsInParent: Rect(0, 0 - 225, 51); boundsInScreen: Rect(123, 2426 - 348, 2007); boundsInWindow: Rect(123, 2426 - 348, 2007); packageName: com.spectre.companion; className: android.widget.TextView; text: POWEREDON; error: null; maxTextLength: -1; stateDescription: null; contentDescription: null; tooltipText: null; containerTitle: null; viewIdResName: null; uniqueId: null; checkable: false; checked: false; focusable: false; focused: false; selected: false; clickable: false; longClickable: false; contextClickable: false; enabled: true; password: false; scrollable: false; granularScrollingSupported: false; importantForAccessibility: true; visible: false; actions: [AccessibilityAction: ACTION_SELECT - null, AccessibilityAction: ACTION_CLEAR_SELECTION - null, AccessibilityAction: ACTION_ACCESSIBILITY_FOCUS - null, AccessibilityAction: ACTION_NEXT_AT_MOVEMENT_GRANULARITY - null, AccessibilityAction: ACTION_PREVIOUS_AT_MOVEMENT_GRANULARITY - null, AccessibilityAction: ACTION_SET_SELECTION - null, AccessibilityAction: ACTION_SHOW_ON_SCREEN - null]; isTextSelectable: false
06-20 22:12:52.954 I/AccessibilityNodeInfoDumper(19889): Skipping invisible child: android.view.accessibility.AccessibilityNodeInfo@1a09d; boundsInParent: Rect(0, 0 - 286, 157); boundsInScreen: Rect(397, 2351 - 683, 2007); boundsInWindow: Rect(397, 2351 - 683, 2007); packageName: com.spectre.companion; className: android.view.ViewGroup; text: null; error: null; maxTextLength: -1; stateDescription: null; contentDescription: null; tooltipText: null; containerTitle: null; viewIdResName: null; uniqueId: null; checkable: false; checked: false; focusable: false; focused: false; selected: false; clickable: false; longClickable: false; contextClickable: false; enabled: true; password: false; scrollable: false; granularScrollingSupported: false; importantForAccessibility: false; visible: false; actions: [AccessibilityAction: ACTION_SELECT - null, AccessibilityAction: ACTION_CLEAR_SELECTION - null, AccessibilityAction: ACTION_ACCESSIBILITY_FOCUS - null, AccessibilityAction: ACTION_SHOW_ON_SCREEN - null]; isTextSelectable: false
06-20 22:12:52.954 I/AccessibilityNodeInfoDumper(19889): Skipping invisible child: android.view.accessibility.AccessibilityNodeInfo@1a45e; boundsInParent: Rect(0, 0 - 225, 39); boundsInScreen: Rect(427, 2381 - 652, 2007); boundsInWindow: Rect(427, 2381 - 652, 2007); packageName: com.spectre.companion; className: android.widget.TextView; text: PROMPT; error: null; maxTextLength: -1; stateDescription: null; contentDescription: null; tooltipText: null; containerTitle: null; viewIdResName: null; uniqueId: null; checkable: false; checked: false; focusable: false; focused: false; selected: false; clickable: false; longClickable: false; contextClickable: false; enabled: true; password: false; scrollable: false; granularScrollingSupported: false; importantForAccessibility: true; visible: false; actions: [AccessibilityAction: ACTION_SELECT - null, AccessibilityAction: ACTION_CLEAR_SELECTION - null, AccessibilityAction: ACTION_ACCESSIBILITY_FOCUS - null, AccessibilityAction: ACTION_NEXT_AT_MOVEMENT_GRANULARITY - null, AccessibilityAction: ACTION_PREVIOUS_AT_MOVEMENT_GRANULARITY - null, AccessibilityAction: ACTION_SET_SELECTION - null, AccessibilityAction: ACTION_SHOW_ON_SCREEN - null]; isTextSelectable: false
06-20 22:12:52.955 I/AccessibilityNodeInfoDumper(19889): Skipping invisible child: android.view.accessibility.AccessibilityNodeInfo@1afa1; boundsInParent: Rect(0, 0 - 225, 39); boundsInScreen: Rect(731, 2381 - 956, 2007); boundsInWindow: Rect(731, 2381 - 956, 2007); packageName: com.spectre.companion; className: android.widget.TextView; text: NEARBY; error: null; maxTextLength: -1; stateDescription: null; contentDescription: null; tooltipText: null; containerTitle: null; viewIdResName: null; uniqueId: null; checkable: false; checked: false; focusable: false; focused: false; selected: false; clickable: false; longClickable: false; contextClickable: false; enabled: true; password: false; scrollable: false; granularScrollingSupported: false; importantForAccessibility: true; visible: false; actions: [AccessibilityAction: ACTION_SELECT - null, AccessibilityAction: ACTION_CLEAR_SELECTION - null, AccessibilityAction: ACTION_ACCESSIBILITY_FOCUS - null, AccessibilityAction: ACTION_NEXT_AT_MOVEMENT_GRANULARITY - null, AccessibilityAction: ACTION_PREVIOUS_AT_MOVEMENT_GRANULARITY - null, AccessibilityAction: ACTION_SET_SELECTION - null, AccessibilityAction: ACTION_SHOW_ON_SCREEN - null]; isTextSelectable: false
06-20 22:12:52.956 I/AccessibilityNodeInfoDumper(19889): Skipping invisible child: android.view.accessibility.AccessibilityNodeInfo@1a81f; boundsInParent: Rect(0, 0 - 225, 51); boundsInScreen: Rect(427, 2426 - 652, 2007); boundsInWindow: Rect(427, 2426 - 652, 2007); packageName: com.spectre.companion; className: android.widget.TextView; text: IDLE; error: null; maxTextLength: -1; stateDescription: null; contentDescription: null; tooltipText: null; containerTitle: null; viewIdResName: null; uniqueId: null; checkable: false; checked: false; focusable: false; focused: false; selected: false; clickable: false; longClickable: false; contextClickable: false; enabled: true; password: false; scrollable: false; granularScrollingSupported: false; importantForAccessibility: true; visible: false; actions: [AccessibilityAction: ACTION_SELECT - null, AccessibilityAction: ACTION_CLEAR_SELECTION - null, AccessibilityAction: ACTION_ACCESSIBILITY_FOCUS - null, AccessibilityAction: ACTION_NEXT_AT_MOVEMENT_GRANULARITY - null, AccessibilityAction: ACTION_PREVIOUS_AT_MOVEMENT_GRANULARITY - null, AccessibilityAction: ACTION_SET_SELECTION - null, AccessibilityAction: ACTION_SHOW_ON_SCREEN - null]; isTextSelectable: false
06-20 22:12:52.956 I/AccessibilityNodeInfoDumper(19889): Skipping invisible child: android.view.accessibility.AccessibilityNodeInfo@1abe0; boundsInParent: Rect(0, 0 - 287, 157); boundsInScreen: Rect(701, 2351 - 988, 2007); boundsInWindow: Rect(701, 2351 - 988, 2007); packageName: com.spectre.companion; className: android.view.ViewGroup; text: null; error: null; maxTextLength: -1; stateDescription: null; contentDescription: null; tooltipText: null; containerTitle: null; viewIdResName: null; uniqueId: null; checkable: false; checked: false; focusable: false; focused: false; selected: false; clickable: false; longClickable: false; contextClickable: false; enabled: true; password: false; scrollable: false; granularScrollingSupported: false; importantForAccessibility: false; visible: false; actions: [AccessibilityAction: ACTION_SELECT - null, AccessibilityAction: ACTION_CLEAR_SELECTION - null, AccessibilityAction: ACTION_ACCESSIBILITY_FOCUS - null, AccessibilityAction: ACTION_SHOW_ON_SCREEN - null]; isTextSelectable: false
06-20 22:12:52.957 I/AccessibilityNodeInfoDumper(19889): Skipping invisible child: android.view.accessibility.AccessibilityNodeInfo@1b362; boundsInParent: Rect(0, 0 - 225, 51); boundsInScreen: Rect(731, 2426 - 956, 2007); boundsInWindow: Rect(731, 2426 - 956, 2007); packageName: com.spectre.companion; className: android.widget.TextView; text: 0; error: null; maxTextLength: -1; stateDescription: null; contentDescription: null; tooltipText: null; containerTitle: null; viewIdResName: null; uniqueId: null; checkable: false; checked: false; focusable: false; focused: false; selected: false; clickable: false; longClickable: false; contextClickable: false; enabled: true; password: false; scrollable: false; granularScrollingSupported: false; importantForAccessibility: true; visible: false; actions: [AccessibilityAction: ACTION_SELECT - null, AccessibilityAction: ACTION_CLEAR_SELECTION - null, AccessibilityAction: ACTION_ACCESSIBILITY_FOCUS - null, AccessibilityAction: ACTION_NEXT_AT_MOVEMENT_GRANULARITY - null, AccessibilityAction: ACTION_PREVIOUS_AT_MOVEMENT_GRANULARITY - null, AccessibilityAction: ACTION_SET_SELECTION - null, AccessibilityAction: ACTION_SHOW_ON_SCREEN - null]; isTextSelectable: false
06-20 22:12:52.957 I/AccessibilityNodeInfoDumper(19889): Skipping invisible child: android.view.accessibility.AccessibilityNodeInfo@1b723; boundsInParent: Rect(0, 0 - 476, 124); boundsInScreen: Rect(93, 2542 - 569, 2007); boundsInWindow: Rect(93, 2542 - 569, 2007); packageName: com.spectre.companion; className: android.view.ViewGroup; text: null; error: null; maxTextLength: -1; stateDescription: null; contentDescription: SCAN FOR SPECTRE; tooltipText: null; containerTitle: null; viewIdResName: null; uniqueId: null; checkable: false; checked: false; focusable: true; focused: false; selected: false; clickable: true; longClickable: false; contextClickable: false; enabled: true; password: false; scrollable: false; granularScrollingSupported: false; importantForAccessibility: true; visible: false; actions: [AccessibilityAction: ACTION_FOCUS - null, AccessibilityAction: ACTION_SELECT - null, AccessibilityAction: ACTION_CLEAR_SELECTION - null, AccessibilityAction: ACTION_CLICK - null, AccessibilityAction: ACTION_ACCESSIBILITY_FOCUS - null, AccessibilityAction: ACTION_SHOW_ON_SCREEN - null]; isTextSelectable: false
06-20 22:12:52.958 I/AccessibilityNodeInfoDumper(19889): Skipping invisible child: android.view.accessibility.AccessibilityNodeInfo@1bea5; boundsInParent: Rect(0, 0 - 337, 124); boundsInScreen: Rect(597, 2542 - 934, 2007); boundsInWindow: Rect(597, 2542 - 934, 2007); packageName: com.spectre.companion; className: android.view.ViewGroup; text: null; error: null; maxTextLength: -1; stateDescription: null; contentDescription: DISCONNECT; tooltipText: null; containerTitle: null; viewIdResName: null; uniqueId: null; checkable: false; checked: false; focusable: true; focused: false; selected: false; clickable: true; longClickable: false; contextClickable: false; enabled: true; password: false; scrollable: false; granularScrollingSupported: false; importantForAccessibility: true; visible: false; actions: [AccessibilityAction: ACTION_FOCUS - null, AccessibilityAction: ACTION_SELECT - null, AccessibilityAction: ACTION_CLEAR_SELECTION - null, AccessibilityAction: ACTION_CLICK - null, AccessibilityAction: ACTION_ACCESSIBILITY_FOCUS - null, AccessibilityAction: ACTION_SHOW_ON_SCREEN - null]; isTextSelectable: false
06-20 22:12:52.958 I/AccessibilityNodeInfoDumper(19889): Skipping invisible child: android.view.accessibility.AccessibilityNodeInfo@1c627; boundsInParent: Rect(0, 0 - 990, 342); boundsInScreen: Rect(45, 2736 - 1035, 2007); boundsInWindow: Rect(45, 2736 - 1035, 2007); packageName: com.spectre.companion; className: android.view.ViewGroup; text: null; error: null; maxTextLength: -1; stateDescription: null; contentDescription: null; tooltipText: null; containerTitle: null; viewIdResName: null; uniqueId: null; checkable: false; checked: false; focusable: false; focused: false; selected: false; clickable: false; longClickable: false; contextClickable: false; enabled: true; password: false; scrollable: false; granularScrollingSupported: false; importantForAccessibility: false; visible: false; actions: [AccessibilityAction: ACTION_SELECT - null, AccessibilityAction: ACTION_CLEAR_SELECTION - null, AccessibilityAction: ACTION_ACCESSIBILITY_FOCUS - null, AccessibilityAction: ACTION_SHOW_ON_SCREEN - null]; isTextSelectable: false
06-20 22:12:52.958 I/AccessibilityNodeInfoDumper(19889): Skipping invisible child: android.view.accessibility.AccessibilityNodeInfo@1e06e; boundsInParent: Rect(0, 0 - 990, 637); boundsInScreen: Rect(45, 3106 - 1035, 2007); boundsInWindow: Rect(45, 3106 - 1035, 2007); packageName: com.spectre.companion; className: android.view.ViewGroup; text: null; error: null; maxTextLength: -1; stateDescription: null; contentDescription: null; tooltipText: null; containerTitle: null; viewIdResName: null; uniqueId: null; checkable: false; checked: false; focusable: false; focused: false; selected: false; clickable: false; longClickable: false; contextClickable: false; enabled: true; password: false; scrollable: false; granularScrollingSupported: false; importantForAccessibility: false; visible: false; actions: [AccessibilityAction: ACTION_SELECT - null, AccessibilityAction: ACTION_CLEAR_SELECTION - null, AccessibilityAction: ACTION_ACCESSIBILITY_FOCUS - null, AccessibilityAction: ACTION_SHOW_ON_SCREEN - null]; isTextSelectable: false
06-20 22:12:52.961 W/AccessibilityNodeInfoDumper(19889): Fetch time: 35ms
06-20 22:12:52.963 V/AccessibilityManagerService( 2843): onUserStateChangedLocked for userId: 0, forceUpdate: false
06-20 22:12:52.966 I/ActivityManager( 2843): Changes in 10439 19 to 5, 0 to 511
06-20 22:12:52.966 D/BackgroundInstallControlService( 2843): Package event received: 0
06-20 22:12:52.966 D/BackgroundInstallControlService( 2843): Package event received: 0
06-20 22:12:52.968 D/MagnificationConnectionManager( 2843): requestConnection :false mConnectionState : 3
06-20 22:12:52.968 W/MagnificationConnectionManager( 2843): requestConnection duplicated request: connect=false, mConnectionState=DISCONNECTED
06-20 22:12:52.968 D/HidDeviceService( 4244): handleMessage: MESSAGE_IMPORTANCE_CHANGE
06-20 22:12:52.968 D/AccessibilityManagerService( 2843): restoreCurrentUserForTestAutomationIfNeededLocked(): ignoring because device doesn't support visible background users
06-20 22:12:52.968 I/wm_user_rotation_changed( 2843): [777,0,19889]
06-20 22:12:52.968 W/libbinder.IPCThreadState( 2843): Sending oneway calls to frozen process.
06-20 22:12:52.969 V/WindowManager( 2843): Computed rotation=ROTATION_0 (0) for display id=0 based on lastOrientation=SCREEN_ORIENTATION_UNSPECIFIED (-1) and oldRotation=ROTATION_0 (0), caller=com.android.server.wm.WindowManagerService.updateRotationUnchecked:82 com.android.server.wm.WindowManagerService.thawDisplayRotation:126 com.android.server.wm.WindowManagerService.thawRotation:2 android.view.IWindowManager$Stub.onTransact:3776 com.android.server.wm.WindowManagerService.onTransact:1 android.os.Binder.execTransactInternal:1509 
06-20 22:12:52.969 W/libbinder.IPCThreadState( 2843): Sending oneway calls to frozen process.
06-20 22:12:52.969 W/libbinder.IPCThreadState( 2843): Sending oneway calls to frozen process.
06-20 22:12:52.969 W/libbinder.IPCThreadState( 2843): Sending oneway calls to frozen process.
06-20 22:12:52.970 D/AndroidRuntime(19889): Shutting down VM
06-20 22:12:52.970 I/SurfaceFlinger( 1939): id=151 createSurf, flag=84004, WindowToken{e105f2e type=2032 android.os.Binder@c8a6da9}#151
06-20 22:12:52.970 W/libbinder.IPCThreadState(19889): call to talkWithDriver in joinThreadPool returned error: -9 (Bad file descriptor), FD: -1
06-20 22:12:52.970 W/libbinder.IPCThreadState(19889): call to talkWithDriver in joinThreadPool returned error: -9 (Bad file descriptor), FD: -1
06-20 22:12:52.970 W/libbinder.IPCThreadState(19889): call to talkWithDriver in joinThreadPool returned error: -9 (Bad file descriptor), FD: -1
06-20 22:12:52.970 V/AccessibilityManagerService( 2843): onUserStateChangedLocked for userId: 0, forceUpdate: false
06-20 22:12:52.971 D/MagnificationConnectionManager( 2843): requestConnection :false mConnectionState : 3
06-20 22:12:52.971 W/MagnificationConnectionManager( 2843): requestConnection duplicated request: connect=false, mConnectionState=DISCONNECTED
06-20 22:12:52.972 W/libbinder.IPCThreadState( 2843): Sending oneway calls to frozen process.
06-20 22:12:52.972 W/libbinder.IPCThreadState( 2843): Sending oneway calls to frozen process.
06-20 22:12:52.972 W/libbinder.IPCThreadState( 2843): Sending oneway calls to frozen process.
06-20 22:12:52.972 W/libbinder.IPCThreadState( 2843): Sending oneway calls to frozen process.
06-20 22:12:52.972 W/libbinder.IPCThreadState( 2843): Sending oneway calls to frozen process.
06-20 22:12:52.972 I/SurfaceFlinger( 1939): [LayerHierarchy{RequestedLayerState{WindowToken{db2bfe8 type=2032 android.os.Binder@8cf550b}#150 z=2} no children}] reparent to OffscreenRoot
06-20 22:12:52.972 I/SurfaceFlinger( 1939): [LayerHierarchy{RequestedLayerState{WindowToken{db2bfe8 type=2032 android.os.Binder@8cf550b}#150 z=2} no children}] RelativeParent to null
06-20 22:12:52.972 I/SurfaceFlinger( 1939): [WindowToken{e105f2e type=2032 android.os.Binder@c8a6da9}#151] attach to parent LayerHierarchy{RequestedLayerState{Leaf:26:31#33 parentId=32} 3 children}
06-20 22:12:52.973 I/SurfaceFlinger( 1939): Current= 120, Period= 120, Distance= 1
06-20 22:12:52.973 I/SurfaceFlinger( 1939): id=150 Removed WindowToken{db2bfe8 type=2032 android.os.Binder@8cf550b}#150 (103)
06-20 22:12:52.973 W/libbinder.IPCThreadState( 2843): Sending oneway calls to frozen process.
06-20 22:12:52.973 I/AccessibilityManagerService( 2843): semIsAccessibilityServiceEnabled()
06-20 22:12:52.973 I/AccessibilityManagerService( 2843): semIsAccessibilityServiceEnabled()
06-20 22:12:52.973 D/AS.AudioService( 2843): Accessibility volume enabled = false
06-20 22:12:52.973 I/SDM     ( 1829): AIScalerFeatureIntfImpl::LookupConfig: Scale ratio = 1.780000
06-20 22:12:52.973 I/SDM     ( 1829): AIScalerParserIntfImpl::LookupConfig: Scale Ratio Match Found Here
06-20 22:12:52.974 I/ | KNOXZT_FW | KnoxZtController( 8639): onFrameworkEventOccurred
06-20 22:12:52.977 E/AppOps  ( 2843): Bad call made by uid 1001. Package "com.android.phone" does not belong to uid 1000.
06-20 22:12:52.977 E/AppOps  ( 2843): Cannot noteOperation: non-application UID 1000
06-20 22:12:52.980 I/SurfaceFlinger( 1939): Current= 120, Period= 120, Distance= 120
06-20 22:12:52.982 I/SurfaceFlinger( 1939): RequestedLayer [WindowToken{e105f2e type=2032 android.os.Binder@c8a6da9}#151] hidden!! flag  from(1) --> to(0)
06-20 22:12:52.982 I/SurfaceFlinger( 1939): destroyed WindowToken{db2bfe8 type=2032 android.os.Binder@8cf550b}#150 form LifecycleManager
06-20 22:12:52.982 I/SurfaceFlinger( 1939): id=150 onLayerDestroyed from LayerHierarchyBuilder(RequestedLayerState{WindowToken{db2bfe8 type=2032 android.os.Binder@8cf550b}#150 !handle z=2})
06-20 22:12:52.982 I/SurfaceFlinger( 1939): id=150 Destroyed WindowToken{db2bfe8 type=2032 android.os.Binder@8cf550b}#150
06-20 22:12:52.982 I/SDM     ( 1829): AIScalerFeatureIntfImpl::LookupConfig: Scale ratio = 1.780000
06-20 22:12:52.982 I/SDM     ( 1829): AIScalerParserIntfImpl::LookupConfig: Scale Ratio Match Found Here
06-20 22:12:53.059 I/SDM     ( 1829): DisplayBase::CommitThread: Received idle timeout, panel: cmd, timeout: 69999 us
06-20 22:12:53.392 D/WifiConnectivityMonitor.DnsThread( 2843):  [|205] []
06-20 22:12:53.393 D/WifiConnectivityMonitor.NetworkStatsAnalyzer( 2843): DNS resultType : 0, responseTime : 205
06-20 22:12:53.413 D/SemWifiEleStateTracker( 2843): Pressure Diff: 0.0016479492
06-20 22:12:53.413 D/SemWifiEleStateTracker( 2843): Barometer value: Prev 988.6754 Current 988.67706 mSmallBaroDetected : false
06-20 22:12:53.414 D/OpenNetworkQos[4.00]( 2843): updateBssidLatestDnsResultType - result: 0
06-20 22:12:53.414 D/OpenNetworkQos[4.00]( 2843): updateBssidNoInternet: mBssidNoInternet = false
06-20 22:12:53.414 D/OpenNetworkQos[4.00]( 2843): getOpenNetworkQosNoInternetStatus: false
06-20 22:12:53.414 D/OpenNetworkQos[4.00]( 2843): getOpenNetworkQosScores: 0 20 0 
06-20 22:12:53.414 I/WifiProfileShare( 2843): network QoS data was changed (internet), updateQoSData networkType: true, qosData: false
06-20 22:12:53.414 V/WifiProfileShare.Caster( 2843): update wips network, size: 0
06-20 22:12:53.415 D/WifiProfileShare( 2843): nearby scanning settings run
06-20 22:12:53.415 D/WifiProfileShare( 2843): network score provider settings enabled
06-20 22:12:53.415 D/OpenNetworkQos[4.00]( 2843): getOpenNetworkQosScores: 0 20 0 
06-20 22:12:53.415 D/OpenNetworkQos[4.00]( 2843): getOpenNetworkQosNoInternetStatus: false
06-20 22:12:53.415 I/WifiProfileShare.Caster( 2843): current network type: 0, score: [0, 20, 0]
06-20 22:12:53.416 V/WifiProfileShare.Cache( 2843): update network score 60:83:e7:**:**:bc
06-20 22:12:53.416 D/WifiProfileShare.ScanMatcher( 2843): getMcfDataList size:2
06-20 22:12:53.416 I/WifiProfileShare.Caster( 2843): qos data was updated , before:type:QOS, pBssid:85:cf:dc, qosData:0f after:type:QOS, pBssid:85:cf:dc, qosData:0f
06-20 22:12:53.417 I/[MCFSDK_android_1.3.7026]_4_McfCasterImpl( 2843): isNetworkEnabled - type : 1 ret : true
06-20 22:12:53.417 D/WifiProfileShare.McfCast( 2843): -ME--- mIsNetworkEnabled :true
06-20 22:12:53.417 D/WifiProfileShare.McfCast( 2843): updateQoSData ignored, same contents
06-20 22:12:53.417 D/WifiProfileShare.MCF( 2843): success update QosData !
06-20 22:12:53.417 I/[MCFSDK_android_1.3.7026]_4_McfCasterImpl( 2843): isNetworkEnabled - type : 1 ret : true
06-20 22:12:53.418 D/WifiProfileShare.McfCast( 2843): -ME--- mIsNetworkEnabled :true
06-20 22:12:53.418 D/WifiProfileShare.McfCast( 2843): -ME--- updatePasswordDate pwdData size:2
06-20 22:12:53.517 I/sensors-hal( 1803): handle_sns_client_event:327, [0][1317] mag_sample_cal(magcal_available:1): ts=150065877240 ns; cal = [-20.152575, -44.159515, -29.572983], uncal = [-21.172575, 67.380486, -245.392975], bias = [-1.020000, 111.540001, -215.819992], status=3, cal_id=2
06-20 22:12:53.574 I/sensors-hal( 1803): handle_sns_std_sensor_event:157, [831] Pressure 988.678, cal 0.146, sw_offset 0.000 (lsb(bit) 0x96 0x90 0x60)
06-20 22:12:53.632 D/io_stats( 1145): !@   8,0 r 383236 8698572 w 39381 573988 d 8922 327576 f 900 3685 iot 18916 0 th 0 0 0 pt 0 inp 0 0 150.227
06-20 22:12:53.645 I/[ContinuitySDK_2.0.0012]_VersionUtil( 7166): initSupportFeatures - serviceVersionCode - 200218000, mSupportFeatures - 8187
06-20 22:12:53.646 W/[ContinuitySDK_2.0.0012]_PermissionUtil( 7166): hasPermissions - android.permission.BLUETOOTH_SCAN not granted
06-20 22:12:53.647 W/[ContinuitySDK_2.0.0012]_PermissionUtil( 7166): hasPermissions - android.permission.BLUETOOTH_CONNECT not granted
06-20 22:12:53.647 W/[ContinuitySDK_2.0.0012]_PermissionUtil( 7166): hasPermissions - android.permission.BLUETOOTH_ADVERTISE not granted
06-20 22:12:53.647 W/[ContinuitySDK_2.0.0012]_PermissionUtil( 7166): hasPermissions - android.permission.NEARBY_WIFI_DEVICES not granted
06-20 22:12:53.647 I/AutoHotspotMde:Adapter( 7166): trying to bind,val:900
06-20 22:12:53.647 I/[ContinuitySDK_2.0.0012]_ContinuityAdapterImpl( 7166): initialize - INIT_SUCCESS
06-20 22:12:53.648 I/[ContinuitySDK_2.0.0012]_ExecutorUtil( 7166): start - sIsStarted = false
06-20 22:12:53.648 I/[ContinuitySDK_2.0.0012]_ContinuityAdapterImpl( 7166): bindService - -
06-20 22:12:53.650 I/[ContinuitySDK_2.0.0012]_ContinuityAdapterImpl( 7166): bindService - start bindService
06-20 22:12:53.652 I/[MCFDs]_McfSyncMainController( 7079): registerSyncCloudCallback - appId: 4
06-20 22:12:53.652 I/[MCFDs]_McfSyncMainController( 7079): sendSyncCloudCallback - isStarted: false
06-20 22:12:53.652 I/[ContinuitySDK_2.0.0012]_ContinuityAdapterImpl( 7166): isMainControllerStarted - main controller is not started -> try sync cloud
06-20 22:12:53.652 W/[ContinuitySDK_2.0.0012]_ContinuityAdapterImpl( 7166): onCallback - fail to syncCloud
06-20 22:12:53.652 I/[ContinuitySDK_2.0.0012]_ContinuityAdapterImpl( 7166): unbindServiceImpl - -
06-20 22:12:53.654 I/[ContinuitySDK_2.0.0012]_ContinuityConnectionManager( 7166): closeServer - -
06-20 22:12:53.654 W/[ContinuitySDK_2.0.0012]_ContinuityCommandManager( 7166): internalCommand - null iContinuitySdkCommand
06-20 22:12:53.654 I/[ContinuitySDK_2.0.0012]_ContinuityConnectionManager( 7166): sendUpdateSessionInfoCommand - result=false
06-20 22:12:53.654 I/[ContinuitySDK_2.0.0012]_ContinuityStreamingManagerImpl( 7166): destroy - -
06-20 22:12:53.654 I/[ContinuitySDK_2.0.0012]_ContinuityStreamingManagerImpl( 7166): stopStreamingServer - in
06-20 22:12:53.654 I/[ContinuitySDK_2.0.0012]_ContinuityStreamingManagerImpl( 7166): stopStreamingClient - in
06-20 22:12:53.654 I/[ContinuitySDK_2.0.0012]_ContinuityMediaStreamClient( 7166): resetStreamArray - in
06-20 22:12:53.654 I/[ContinuitySDK_2.0.0012]_ContinuityMediaStreamClient( 7166): stopAllMediaStreams - in
06-20 22:12:53.654 I/[ContinuitySDK_2.0.0012]_ContinuityRtpStreamingCommandManagerImpl( 7166): unregisterMessageListener - -
06-20 22:12:53.655 E/AutoHotspotMde:Adapter( 7166): unregisterMessageListener, discoveryManager = null
06-20 22:12:53.655 E/AutoHotspotMde:MHS( 7166): setServiceBinded,false,stopping advertisement
06-20 22:12:53.655 I/[ContinuitySDK_2.0.0012]_ContinuityAdapterImpl( 7166): release - -
06-20 22:12:53.655 I/[ContinuitySDK_2.0.0012]_ContinuityAdapterImpl( 7166): unbindServiceImpl - -
06-20 22:12:53.655 W/[ContinuitySDK_2.0.0012]_ContinuityAdapterImpl( 7166): unbindServiceImpl - invalid service state 0
06-20 22:12:53.655 I/[ContinuitySDK_2.0.0012]_ExecutorUtil( 7166): shutdown - sIsStarted = true
06-20 22:12:53.656 E/AutoHotspotMde:client( 7166): setServiceBinded,false,stopClientAdvertisement
06-20 22:12:53.656 E/AutoHotspotMde:MHS( 7166): discoveryManager == null,stopAdvertisement
06-20 22:12:53.656 I/AutoHotspotMde:MHS( 7166): CMD_AH_STOP_ADVERTISE:return value:-5
06-20 22:12:53.657 I/AutoHotspotMde:Adapter( 7166): EVENT_BIND,isBound:false,isSamsungAccountSignedIn:true,isEnabledNearbyScanSettings:trueEVENT_BIND:true
06-20 22:12:53.810 D/SemWifiSwitchForIndividualAppsService( 2843): isSkipNetworkCondition - result:2
06-20 22:12:53.856 D/BSOHChargingDataCollector( 2843):  BSOH Sys-servce ... 
06-20 22:12:53.856 D/BSOHChargingDataCollector( 2843): performBatteryWork++
06-20 22:12:53.856 D/BSOHChargingDataCollector( 2843): performBatteryWork battery com.android.server.bsoh.device.PrimeBattery@2209b88
06-20 22:12:53.856 D/BSOHChargingDataCollector( 2843): primeBatt readVoltage from sysFsBattVolt,  path : /sys/class/power_supply/battery/batt_voltage_now
06-20 22:12:53.866 D/BSOHChargingDataCollector( 2843): 0 	 BattData addData data : BattData { voltage:4.088, current:0.217187, soc:0.69, temperature:29.0, status:2, timestamp:1782011573866, voltage_chg:null}
06-20 22:12:53.866 D/BSOHChargingDataCollector( 2843): performBatteryWork--
06-20 22:12:53.887 I/adbd    ( 6914): adbd service requested 'sync:'
06-20 22:12:53.985 I/adbd    ( 6914): adbd service requested 'shell,v2,raw:input tap 331 1698'
06-20 22:12:54.005 D/WifiConnectivityMonitor.NetworkStatsAnalyzer( 2843): Backhaul result - RSSI:-65, CE:25, PE:25, TI:31, PTI:31, TW:4, PTW:8, Tx:9, Rx:9, TxS:7, RxS:4, RESULT:true, IC:0, ICT:5, WC:0, WCT:5, R:2, RC:0, IE:0, EC:0
06-20 22:12:54.026 D/InputDispatcher( 2843): Inject motion (19915/2000): action=0x0, time=150620000000, f=0x0, d=0 dsdx=1.000000 dtdx=0.000000
06-20 22:12:54.026 I/InputDispatcher( 2843): Delivering touch to (4313): action: 0x4, f=0x0, d=0, 'a1b30fa', t=1 
06-20 22:12:54.026 I/InputDispatcher( 2843): Delivering touch to (17932): action: 0x0, f=0x0, d=0, '9b42fa1', t=1 
06-20 22:12:54.026 D/PowerManagerService( 2843): [api] userActivityFromNative : touch displayId=0 eventTime=150620
06-20 22:12:54.026 I/GestureDetector( 2843): obtain mCurrentDownEvent. id: -493644845 caller: com.android.server.wm.SystemGesturesPointerEventListener.onPointerEvent:17 com.android.server.wm.PointerEventDispatcher.onInputEvent:51 android.view.InputEventReceiver.dispatchInputEvent:369 
06-20 22:12:54.026 D/PowerManagerService( 2843): UserActivityStateListenerState: 1
06-20 22:12:54.026 I/GestureDetector( 2843): obtain mCurrentDownEvent. id: -493644845 caller: com.android.server.wm.SystemPerformancePointerEventListener.onPointerEvent:13 com.android.server.wm.PointerEventDispatcher.onInputEvent:51 android.view.InputEventReceiver.dispatchInputEvent:369 
06-20 22:12:54.027 I/VRI[MainActivity]@d99b0f0(17932): ViewPostIme pointer 0
06-20 22:12:54.027 I/SemDvfsHyPerManager( 7013): acquire hyper - TATouchBoost/7013@31, type = -999
06-20 22:12:54.027 I/SemDvfsHyPerManager( 7013): acquire hyper - TA_TOUCH_SHARE/7013@32, type = -999
06-20 22:12:54.027 I/HYPER-HAL( 1810): [RequestManager.cpp]acquire(): Acquired ID : 24812521 [7013 / 31]  HINT :     list : [TABoost / 1] [TIMEOUT / 1500] 
06-20 22:12:54.028 I/HYPER-HAL( 1810): [RequestManager.cpp]acquire(): Acquired ID : 24819567 [7013 / 32]  HINT : TA_TOUCH_SHARE   list : [TIMEOUT / 1500] 
06-20 22:12:54.028 I/VRI[MainActivity]@d99b0f0(17932): call setFrameRateCategory for touch hint category=high hint, reason=touch, vri=VRI[MainActivity]@d99b0f0
06-20 22:12:54.028 D/InputDispatcher( 2843): Inject motion (19915/2000): action=0x1, time=150620000000, f=0x0, d=0 dsdx=1.000000 dtdx=0.000000
06-20 22:12:54.029 I/InputDispatcher( 2843): Delivering touch to (17932): action: 0x1, f=0x0, d=0, '9b42fa1', t=1 
06-20 22:12:54.029 I/VRI[MainActivity]@d99b0f0(17932): ViewPostIme pointer 1
06-20 22:12:54.029 I/GestureDetector( 2843): obtain mCurrentMotionEventRaw. action: 1 id: -301629942
06-20 22:12:54.029 I/GestureDetector( 2843): obtain mCurrentMotionEventRaw. action: 1 id: -301629942
06-20 22:12:54.029 I/SurfaceFlinger( 1939): Current= 120, Period= 120, Distance= 1
06-20 22:12:54.030 I/SurfaceFlinger( 1939): [com.spectre.companion/com.spectre.companion.MainActivity$_17932#138] setFrameRateCategory: HighHint
06-20 22:12:54.033 I/SpectrePeripheral(17932): event=start_server mode=uuidOnly useDeviceLocation=true metadataBytes=14 gpsBytes=20 controlBytes=4 enrichmentBytes=0
06-20 22:12:54.033 I/ActivityManager( 2843): Background started FGS: Allowed [callingPackage: com.spectre.companion; callingUid: 10498; uidState: TOP ; uidBFSL: [BFSL]; intent: Intent { xflg=0x4 cmp=com.spectre.companion/.SpectreFieldService (has extras) }; code:PROC_STATE_TOP; tempAllowListReason:<null>; allowWiu:12; targetSdkVersion:36; callerTargetSdkVersion:36; startForegroundCount:0; bindFromPackage:null: isBindService:false]
06-20 22:12:54.033 I/am_wtf  ( 2843): [0,2843,system_server,-1,ActivityManager,Background started FGS: Allowed [callingPackage: com.spectre.companion; callingUid: 10498; uidState: TOP ; uidBFSL: [BFSL]; intent: Intent { xflg=0x4 cmp=com.spectre.companion/.SpectreFieldService (has extras) }; code:PROC_STATE_TOP; tempAllowListReason:<null>; allowWiu:12; targetSdkVersion:36; callerTargetSdkVersion:36; startForegroundCount:0; bindFromPackage:null: isBindService:false]]
06-20 22:12:54.037 I/am_foreground_service_start( 2843): [0,com.spectre.companion/.SpectreFieldService,1,PROC_STATE_TOP,36,36,0,0,0,1,UNKNOWN,24]
06-20 22:12:54.037 D/BackgroundInstallControlService( 2843): Package event received: 0
06-20 22:12:54.037 I/SpectrePeripheral(17932): event=secure_value_pending char=metadata plainBytes=14
06-20 22:12:54.037 I/SpectrePeripheral(17932): event=secure_value_pending char=gps plainBytes=20
06-20 22:12:54.037 I/SpectrePeripheral(17932): event=secure_value_pending char=control plainBytes=4
06-20 22:12:54.037 I/SurfaceFlinger( 1939): Current= 120, Period= 120, Distance= 120
06-20 22:12:54.037 D/SecFgsManagerController( 4313): onForegroundStateChanged: [dialog:false]:[isForeground:true]:[packageName:com.spectre.companion]:[token:android.os.BinderProxy@e07dcb]:[userId:0]
06-20 22:12:54.038 D/BluetoothGattServer(17932): registerCallback()
06-20 22:12:54.038 D/BluetoothGattServer(17932): registerCallback() - UUID=4d22603e-7193-47f2-afcc-55a342197e5b
06-20 22:12:54.038 D/SecFgsManagerController( 4313): updateUiControl[com.spectre.companion]: -1
06-20 22:12:54.038 D/SecFgsManagerController( 4313): updateNumberOfVisibleRunningPackagesLocked: 1
06-20 22:12:54.038 D/BtGatt.GattService( 4244): registerServer() - UUID=4d22603e-7193-47f2-afcc-55a342197e5b name=com.spectre.companion transport=AUTO
06-20 22:12:54.039 D/BtGatt.ContextMap( 4244): add() - appUid: 10498, appPid: 17932, appName: com.spectre.companion, uuid : 4d22603e-7193-47f2-afcc-55a342197e5b
06-20 22:12:54.039 I/bluetooth( 4244): system/bta/gatt/bta_gatts_act.cc:193 bta_gatts_register: register application first_unuse rcb_idx=4
06-20 22:12:54.039 I/gatt_api( 4244): system/stack/gatt/gatt_api.cc:1298 GATT_Register: Allocated name:GattServer uuid:4d22603e-7193-47f2-afcc-55a342197e5b gatt_if:56 eatt_support:false
06-20 22:12:54.039 D/gatt_api( 4244): system/stack/gatt/gatt_api.cc:1449 GATT_StartIf: Starting GATT interface gatt_if_:56
06-20 22:12:54.039 D/gatt_utils( 4244): system/stack/gatt/gatt_utils.cc:295 gatt_find_the_connected_bda: start_idx=0
06-20 22:12:54.039 D/gatt_utils( 4244): system/stack/gatt/gatt_utils.cc:307 gatt_find_the_connected_bda: found=false found_idx=16
06-20 22:12:54.039 D/BtGatt.GattService( 4244): onServerRegistered() - UUID=4d22603e-7193-47f2-afcc-55a342197e5b, serverIf=56, status: 0
06-20 22:12:54.039 D/BluetoothGattServer(17932): onServerRegistered(0)
06-20 22:12:54.040 I/SpectrePeripheral(17932): event=service_char_added char=gps properties=read|notify permissions=1
06-20 22:12:54.040 I/SpectrePeripheral(17932): event=service_char_added char=control properties=read|notify permissions=1
06-20 22:12:54.040 I/SpectrePeripheral(17932): event=service_char_added char=metadata properties=read|notify permissions=1
06-20 22:12:54.040 I/SpectrePeripheral(17932): event=service_char_added char=event_batch properties=write|write_no_response permissions=16
06-20 22:12:54.040 I/SpectrePeripheral(17932): event=service_char_added char=enrichment properties=read|notify permissions=1
06-20 22:12:54.040 I/SpectrePeripheral(17932): event=service_char_added char=auth properties=write|write_no_response|notify permissions=16
06-20 22:12:54.040 I/SpectrePeripheral(17932): event=service_char_added char=storage properties=write|write_no_response permissions=16
06-20 22:12:54.040 I/SpectrePeripheral(17932): event=service_char_added char=command_req properties=read|notify permissions=1
06-20 22:12:54.040 I/SpectrePeripheral(17932): event=service_char_added char=command_resp properties=write|write_no_response permissions=16
06-20 22:12:54.040 I/SpectrePeripheral(17932): event=service_char_added char=log_stream properties=write|write_no_response permissions=16
06-20 22:12:54.040 I/SpectrePeripheral(17932): event=service_char_added char=dashboard_stream properties=write|write_no_response permissions=16
06-20 22:12:54.040 I/SpectrePeripheral(17932): event=service_char_added char=notification properties=write|write_no_response permissions=16
06-20 22:12:54.040 D/BluetoothGattServer(17932): addService() - service: 84f03a80-6d7b-4d4d-9a64-6b2d6f3a0001
06-20 22:12:54.040 D/BtGatt.GattService( 4244): addService() - uuid=84f03a80-6d7b-4d4d-9a64-6b2d6f3a0001
06-20 22:12:54.040 I/bluetooth( 4244): system/bta/gatt/bta_gatts_api.cc:127 bta_gatts_add_service_impl: rcb_idx=4
06-20 22:12:54.040 I/gatt_api( 4244): system/stack/gatt/gatt_api.cc:203 GATTS_AddService: 
06-20 22:12:54.040 I/gatt_api( 4244): system/stack/gatt/gatt_api.cc:318 GATTS_AddService: service parsed correctly, now starting
06-20 22:12:54.040 I/bluetooth( 4244): system/stack/gatt/gatt_sr_hash.cc:128 gatts_calculate_database_hash: hash=71878D524616BB22CAAAC63CFB8D15BB
06-20 22:12:54.040 D/gatt_utils( 4244): system/stack/gatt/gatt_utils.cc:295 gatt_find_the_connected_bda: start_idx=0
06-20 22:12:54.040 D/gatt_utils( 4244): system/stack/gatt/gatt_utils.cc:307 gatt_find_the_connected_bda: found=false found_idx=16
06-20 22:12:54.041 D/BtGatt.GattService( 4244): onServiceAdded() - serverIf=56 status=GATT_SUCCESS (0x00)
06-20 22:12:54.041 I/bluetooth( 4244): bluetooth_core::gatt::ffi: successfully registered service for server ServerId(56) with handle AttHandle(154) (service=GattServiceWithHandle { handle: AttHandle(154), type_: Uuid([132, 240, 58, 128, 109, 123, 77, 77, 154, 100, 107, 45, 111, 58, 0, 1]), characteristics: [GattCharacteristicWithHandle { handle: AttHandle(156), type_: Uuid([132, 240, 58, 128, 109, 123, 77, 77, 154, 100, 107, 45, 111, 58, 0, 2]), permissions: AttPermissions(READABLE), descriptors: [GattDescriptorWithHandle { handle: AttHandle(157), type_: Uuid([0, 0, 41, 2, 0, 0, 16, 0, 128, 0, 0, 128, 95, 155, 52, 251]), permissions: AttPermissions(READABLE | WRITABLE_WITH_RESPONSE) }] }, GattCharacteristicWithHandle { handle: AttHandle(159), type_: Uuid([132, 240, 58, 128, 109, 123, 77, 77, 154, 100, 107, 45, 111, 58, 0, 3]), permissions: AttPermissions(READABLE), descriptors: [GattDescriptorWithHandle { handle: AttHandle(160), type_: Uuid([0, 0, 41, 2, 0, 0, 16, 0, 128, 0, 0, 128, 95, 155, 52, 251]), permissions: AttPermissions(READABLE | WRITABLE_WITH_RESPONSE) }] }, GattCharacteristicWithHandle { handle: AttHandle(162), type_: Uuid([132, 240, 58, 128, 109, 123, 77, 77, 154, 100, 107, 45, 111, 58, 0, 4]), permissions: AttPermissions(READABLE), descriptors: [GattDescriptorWithHandle { handle: AttHandle(163), type_: Uuid([0, 0, 41, 2, 0, 0, 16, 0, 128, 0, 0, 128, 95, 155, 52, 251]), permissions: AttPermissions(READABLE | WRITABLE_WITH_RESPONSE) }] }, GattCharacteristicWithHandle { handle: AttHandle(165), type_: Uuid([132, 240, 58, 128, 109, 123, 77, 77, 154, 100, 107, 45, 111, 58, 0, 5]), permissions: AttPermissions(WRITABLE_WITHOUT_RESPONSE | WRITABLE_WITH_RESPONSE), descriptors: [] }, GattCharacteristicWithHandle { handle: AttHandle(167), type_: Uuid([132, 240, 58, 128, 109, 123, 77, 77, 154, 100, 107, 45, 111, 58, 0, 6]), permissions: AttPermissions(READABLE), descriptors: [GattDescriptorWithHandle { handle: AttHandle(168), type_: Uuid([0, 0, 41, 2, 0, 0, 16, 0, 128, 0, 0, 128, 95, 155, 52, 251]), permissions: AttPermissions(READABLE | WRITABLE_WITH_RESPONSE) }] }, GattCharacteristicWithHandle { handle: AttHandle(170), type_: Uuid([132, 240, 58, 128, 109, 123, 77, 77, 154, 100, 107, 45, 111, 58, 0, 7]), permissions: AttPermissions(WRITABLE_WITHOUT_RESPONSE | WRITABLE_WITH_RESPONSE), descriptors: [GattDescriptorWithHandle { handle: AttHandle(171), type_: Uuid([0, 0, 41, 2, 0, 0, 16, 0, 128, 0, 0, 128, 95, 155, 52, 251]), permissions: AttPermissions(READABLE | WRITABLE_WITH_RESPONSE) }] }, GattCharacteristicWithHandle { handle: AttHandle(173), type_: Uuid([132, 240, 58, 128, 109, 123, 77, 77, 154, 100, 107, 45, 111, 58, 0, 8]), permissions: AttPermissions(WRITABLE_WITHOUT_RESPONSE | WRITABLE_WITH_RESPONSE), descriptors: [] }, GattCharacteristicWithHandle { handle: AttHandle(175), type_: Uuid([132, 240, 58, 128, 109, 123, 77, 77, 154, 100, 107, 45, 111, 58, 0, 9]), permissions: AttPermissions(READABLE), descriptors: [GattDescriptorWithHandle { handle: AttHandle(176), type_: Uuid([0, 0, 41, 2, 0, 0, 16, 0, 128, 0, 0, 128, 95, 155, 52, 251]), permissions: AttPermissions(READABLE | WRITABLE_WITH_RESPONSE) }] }, GattCharacteristicWithHandle { handle: AttHandle(178), type_: Uuid([132, 240, 58, 128, 109, 123, 77, 77, 154, 100, 107, 45, 111, 58, 0, 10]), permissions: AttPermissions(WRITABLE_WITHOUT_RESPONSE | WRITABLE_WITH_RESPONSE), descriptors: [] }, GattCharacteristicWithHandle { handle: AttHandle(180), type_: Uuid([132, 240, 58, 128, 109, 123, 77, 77, 154, 100, 107, 45, 111, 58, 0, 11]), permissions: AttPermissions(WRITABLE_WITHOUT_RESPONSE | WRITABLE_WITH_RESPONSE), descriptors: [] }, GattCharacteristicWithHandle { handle: AttHandle(182), type_: Uuid([132, 240, 58, 128, 109, 123, 77, 77, 154, 100, 107, 45, 111, 58, 0, 12]), permissions: AttPermissions(WRITABLE_WITHOUT_RESPONSE | WRITABLE_WITH_RESPONSE), descriptors: [] }, GattCharacteristicWithHandle { handle: AttHandle(184), type_: Uuid([132, 240, 58, 128, 109, 123, 77, 77, 154, 100, 107, 45, 111, 58, 0, 13]), per
06-20 22:12:54.041 I/bluetooth( 4244): missions: AttPermissions(WRITABLE_WITHOUT_RESPONSE | WRITABLE_WITH_RESPONSE), descriptors: [] }] })
06-20 22:12:54.041 D/BluetoothGattServer(17932): onServiceAdded() - handle=154 uuid=84f03a80-6d7b-4d4d-9a64-6b2d6f3a0001 status=0
06-20 22:12:54.041 I/notification_enqueue( 2843): [10498,17932,com.spectre.companion,4201,NULL,0,Notification(channel=spectre_field_mode shortcut=null contentView=null vibrate=null sound=null defaults=0 flags=ONGOING_EVENT|FOREGROUND_SERVICE color=0x00000000 actions=1 vis=PRIVATE semFlags=0x0 semPriority=0 semMissedCount=0 semScenarioType=0),1,1,NULL]
06-20 22:12:54.042 D/LocationManagerService( 2843): gps provider added registration from 10498/com.spectre.companion/F73DE738 -> Request[@+10s0ms HIGH_ACCURACY, WorkSource{10498 com.spectre.companion}]
06-20 22:12:54.043 I/NSLocationProviderHelper( 2843): updateRequestInfo, uid=10498
06-20 22:12:54.043 D/LocationManagerService( 2843): try to release motion power when coming new active request
06-20 22:12:54.043 D/LocationManagerService( 2843): gps provider request changed to ProviderRequest[@+10s0ms, HIGH_ACCURACY, WorkSource{10498 com.spectre.companion}]
06-20 22:12:54.043 D/GnssLocationProvider( 2843): setRequest ProviderRequest[@+10s0ms, HIGH_ACCURACY, WorkSource{10498 com.spectre.companion}]
06-20 22:12:54.043 I/SpectreLocationSvc(17932): event=listener_registered provider=gps intervalMs=10000
06-20 22:12:54.043 D/GnssLocationProvider( 2843): mStarted =  false, isEnabled = true
06-20 22:12:54.043 D/GnssLocationProvider( 2843): stopBatching
06-20 22:12:54.043 D/GnssLocationProvider( 2843): startNavigating
06-20 22:12:54.043 D/LocationManagerService( 2843): network provider added registration from 10498/com.spectre.companion/F73DE738 -> Request[@+10s0ms BALANCED, WorkSource{10498 com.spectre.companion}]
06-20 22:12:54.043 I/NSLocationProviderHelper( 2843): updateRequestInfo, uid=10498
06-20 22:12:54.043 D/LocationManagerService( 2843): network provider request changed to ProviderRequest[@+10s0ms, WorkSource{10498 com.spectre.companion}]
06-20 22:12:54.044 I/SpectreLocationSvc(17932): event=listener_registered provider=network intervalMs=10000
06-20 22:12:54.044 D/LocationManagerService( 2843): gps provider getLastLocation from : 10498/com.spectre.companion
06-20 22:12:54.044 D/GnssLocationProvider_ex( 2843): Data status WIFI connected
06-20 22:12:54.044 D/GnssLocationProvider( 2843): setting position_mode to standalone
06-20 22:12:54.044 I/GnssAidl( 1802): ===> setPositionMode line 316 
06-20 22:12:54.044 I/GnssAidl( 1802): ===> start line 225 
06-20 22:12:54.044 I/LocSvc_GnssAdapter( 1802): startTrackingCommand:3577] client 0xb400007b497cdf50 id 9 minInterval 10000 minDistance 0 mode 0 powermode 2 tbm 10000
06-20 22:12:54.044 I/LocSvc_APIClientBase( 1802): locAPIStartTracking:389] start new session: 9
06-20 22:12:54.044 E/LocSvc_APIClientBase( 1802): onResponseCb:957] ERROR: 5 ID: 8
06-20 22:12:54.045 I/LocSvc_ApiV02( 1802): startTimeBasedTracking: minInterval 10000, mode 0
06-20 22:12:54.045 I/LocSvc_utils_cfg( 1802): loc_read_sec_gps_conf: no secgps conf file, using defaults
06-20 22:12:54.045 I/LocSvc_ApiV02( 1802): adjustLocClientEventMask:940] oldQmiMask=0xe02206060a24b qmiMask=0xf02206060a2cb mInSession: 1, power state 0, retry queue empty 1, mEngineOn: 0, qmi mask has engine state 1
06-20 22:12:54.045 I/LocSvc_api_v02( 1802): ---> locClientSendReq line 2409 QMI_LOC_REG_EVENTS_REQ_V02
06-20 22:12:54.045 E/LocSvc_launcher( 2397): Parent woken up!
06-20 22:12:54.045 I/LocSvc_ApiV02( 1802): <--- globalEventCb line 360 QMI_LOC_EVENT_REPORT_IND_V02
06-20 22:12:54.045 I/LocSvc_LocApiBase( 1802): setQwesFeatureStatus:247] Feature : 20 isValid: 0
06-20 22:12:54.045 I/LocSvc_LocApiBase( 1802): setQwesFeatureStatus:247] Feature : 8 isValid: 0
06-20 22:12:54.045 I/LocSvc_LocApiBase( 1802): setQwesFeatureStatus:247] Feature : 7 isValid: 0
06-20 22:12:54.045 I/LocSvc_LocApiBase( 1802): setQwesFeatureStatus:247] Feature : 17 isValid: 1
06-20 22:12:54.045 I/LocSvc_LocApiBase( 1802): setQwesFeatureStatus:247] Feature : 6 isValid: 1
06-20 22:12:54.045 I/LocSvc_LocApiBase( 1802): setQwesFeatureStatus:247] Feature : 5 isValid: 1
06-20 22:12:54.045 I/LocSvc_LocApiBase( 1802): setQwesFeatureStatus:247] Feature : 4 isValid: 1
06-20 22:12:54.045 I/LocSvc_LocApiBase( 1802): setQwesFeatureStatus:247] Feature : 3 isValid: 0
06-20 22:12:54.045 I/LocSvc_LocApiBase( 1802): setQwesFeatureStatus:247] Feature : 13 isValid: 0
06-20 22:12:54.045 I/LocSvc_LocApiBase( 1802): setQwesFeatureStatus:247] Feature : 2 isValid: 1
06-20 22:12:54.045 I/LocSvc_LocApiBase( 1802): setQwesFeatureStatus:247] Feature : 1 isValid: 0
06-20 22:12:54.045 I/LocSvc_GnssAdapter( 1802): ReportQwesFeatureStatus before caps 17001a7fff 
06-20 22:12:54.045 I/LocSvc_GnssAdapter( 1802): ReportQwesFeatureStatus after caps 17001a7fff 
06-20 22:12:54.045 I/LocSvc_ApiV02( 1802): <--- globalEventCb line 360 QMI_LOC_SYSTEM_INFO_REQ_V02
06-20 22:12:54.046 I/android.hardware.gnss-aidl-service-qti( 1802): registerEventMask:  mMask: 0x168838244253 mQmiMask=0xf02206060a2cb qmiMask=0xf02206060a2cb
06-20 22:12:54.046 I/LocSvc_ApiV02( 1802): registerEventMask:829] mMask: 0x168838244253 mQmiMask=0xf02206060a2cb qmiMask=0xf02206060a2cb
06-20 22:12:54.046 D/SemNativeCarrierFeature_vendor( 1802): getInstance
06-20 22:12:54.046 I/LocSvc_api_v02( 1802): ---> locClientSendReq line 2409 QMI_LOC_SET_OPERATION_MODE_REQ_V02
06-20 22:12:54.046 I/LocSvc_ApiV02( 1802): <--- globalRespCb line 385 QMI_LOC_SET_OPERATION_MODE_REQ_V02
06-20 22:12:54.047 D/AppOpsPrivacyItemMonitor( 4313): showLocationSystemApps  AppOpItem(Op code=1, UID=10498, AttributionTag=null, Package name=com.spectre.companion, Paused=false)
06-20 22:12:54.048 I/LocSvc_api_v02( 1802): ---> locClientSendReq line 2409 QMI_LOC_START_REQ_V02
06-20 22:12:54.048 D/qmi_secgps_clnt( 1802): SECGPS: QMI_SECGPS_AGNSS_CONFIG_MESSAGE_IND_V01 received
06-20 22:12:54.048 D/SehGnssExtraCbJni( 2843): serviceAssertMessageCb.
06-20 22:12:54.048 I/LocSvc_api_v02( 1802): ---> locClientSendReq line 2409 QMI_LOC_SET_TRIBAND_STATE_REQ_V02
06-20 22:12:54.048 I/LocSvc_GnssAdapter( 1802): checkUpdateDgnssNtrip:9104] mPpFeatureStatusMask 0x0
06-20 22:12:54.048 D/GnssManager( 2843): reportStatus : 3
06-20 22:12:54.049 I/LocSvc_ApiV02( 1802): <--- globalRespCb line 385 QMI_LOC_SET_TRIBAND_STATE_REQ_V02
06-20 22:12:54.049 D/ActivityManager( 2843): Received BROADCAST intent 0x34eedf3 Key{broadcastIntent pkg=com.samsung.android.mcfds intent=act=com.samsung.android.ce.sensor.location.PASSIVE_INTENT xflg=0x4 pkg=com.samsung.android.mcfds flags=0x2000000 u=0} requestCode=20247613 sent=0 from uid 1000
06-20 22:12:54.049 D/GnssManager( 2843): reportStatus : 1
06-20 22:12:54.049 D/qmi_secgps_clnt( 1802): SECGPS: QMI_SECGPS_AGNSS_CONFIG_MESSAGE_IND_V01 received
06-20 22:12:54.049 D/SehGnssExtraCbJni( 2843): serviceAssertMessageCb.
06-20 22:12:54.049 D/qmi_secgps_clnt( 1802): SECGPS: QMI_SECGPS_AGNSS_CONFIG_MESSAGE_IND_V01 received
06-20 22:12:54.049 D/SehGnssExtraCbJni( 2843): serviceAssertMessageCb.
06-20 22:12:54.049 D/qmi_secgps_clnt( 1802): SECGPS: QMI_SECGPS_AGNSS_CONFIG_MESSAGE_IND_V01 received
06-20 22:12:54.049 D/SehGnssExtraCbJni( 2843): serviceAssertMessageCb.
06-20 22:12:54.050 D/qmi_secgps_clnt( 1802): SECGPS: QMI_SECGPS_AGNSS_CONFIG_MESSAGE_IND_V01 received
06-20 22:12:54.050 D/SehGnssExtraCbJni( 2843): serviceAssertMessageCb.
06-20 22:12:54.050 I/power_partial_wake_state( 2843): [DIS,233521917,0,NetworkLocationLocator:com.google.android.gms(enabled),10270,4696,WorkSource{ chains=WorkChain{(10498), (10270, com.google.android.gms)}}]
06-20 22:12:54.050 I/power_partial_wake_state( 2843): [REL,233521917,0,NetworkLocationLocator:com.google.android.gms,10270,4696,WorkSource{ chains=WorkChain{(10498), (10270, com.google.android.gms)}}]
06-20 22:12:54.050 I/GnssAidl( 1802): ===> injectLocation line 260 
06-20 22:12:54.050 I/LocSvc_api_v02( 1802): ---> locClientSendReq line 2409 QMI_LOC_INJECT_POSITION_REQ_V02
06-20 22:12:54.050 D/SLocation( 2843): PositionManager - Passive handleLocationChanged [N, A : 100.00, T : 1782011574047, ET : 150642, h : 28/36]
06-20 22:12:54.050 W/SLocation( 2843): GeopointGeofenceManger - refresh wifi to receive loc
06-20 22:12:54.050 D/SLocation( 2843): GeopointGeofenceManger - Location reported : fix method = 4 / 100.0
06-20 22:12:54.050 D/SLocation( 2843): LocationBuffer - receivedLocation - op[interval(min 60000, max 300000), waitTime 36000000, numOfUpdates 20, minDistance 200.0]dist : 0.8087386 diffTime : 101560 accept time condition
06-20 22:12:54.050 D/SLocation( 2843): LocationBuffer - input buffer, size : 2
06-20 22:12:54.050 D/SLocation( 2843): BatchManager - received batch location buffered = true
06-20 22:12:54.050 D/SLocation( 2843): ARDistanceLibManager - request distance diff to AR Distance Library
06-20 22:12:54.050 D/SLocation( 2843): SLocationCoreSem - send to coreSem, packet length : 1 / [34]
06-20 22:12:54.050 I/LocSvc_ApiV02( 1802): <--- globalRespCb line 385 QMI_LOC_INJECT_POSITION_REQ_V02
06-20 22:12:54.050 D/SemContextLocationCoreAttribute( 2843): setAttribute() mode : 0 action : 23
06-20 22:12:54.050 D/SemContextService( 2843): lock : changeParameters
06-20 22:12:54.050 D/SemContext.CaeProvider.LocationCoreImpl( 2843): setAttribute() mode : 0 action : 23
06-20 22:12:54.050 W/CAE     ( 2843): setCAProperty(ContextAwareService.java:509) - [setProperty 01] Mutex is locked for SLOCATION_RUNNER
06-20 22:12:54.050 I/CAE     ( 2843): setPropertyValue(SLocationRunner.java:116) - SLocationRunner setProperty header : 34, len : 1
06-20 22:12:54.050 D/SensorService( 2843): setSContextDataLocked ints length 2 , byte length 4
06-20 22:12:54.050 D/SensorService( 2843): setSContextDataLocked 223717c1
06-20 22:12:54.050 I/sensors-hal( 1803): inject_sensor_data:413, handle 1502 send inject
06-20 22:12:54.051 I/sensors-hal( 1803): sendContextData:346, sensor hal 4, (0xc1, 0x17, 0x37, 0x22)
06-20 22:12:54.051 E/sensors-hal( 1803): sendContextData:133, slocationcore h 193 m 23 s 55
06-20 22:12:54.051 I/sensors-hal( 1803): sendUserData:119, slocationcore sendUserData
06-20 22:12:54.051 E/sensors-hal( 1803): create_send_context_data:64, slocationcore create_send_context_data
06-20 22:12:54.051 I/sensors-hal( 1803): send_context_data:701, slocationcore, 4986366670857974562, 1320970896291267344, msgid:700, 1
06-20 22:12:54.051 I/sensors-hal( 1803): send_sync_sensor_request:515, send sync request
06-20 22:12:54.051 I/sensors-hal( 1803): send_sync_sensor_request:544, wait for notification of response
06-20 22:12:54.051 I/Rubin   (10401): [51] Z5.a.onLocationChanged(SourceFile:63) : Passive location updated
06-20 22:12:54.051 I/power_partial_wake_state( 2843): [DIS,162379070,1,CallbackRunner:com.google.android.gms(enabled),10270,4696,WorkSource{10270 com.google.android.gms}]
06-20 22:12:54.051 I/power_partial_wake_state( 2843): [REL,162379070,1,CallbackRunner:com.google.android.gms,10270,4696,WorkSource{10270 com.google.android.gms}]
06-20 22:12:54.051 I/sensors-hal( 1803): qsh_conn_resp_cb:978, resp_value = 0 for slocationcore 
06-20 22:12:54.051 I/Rubin   (10401): [52] com.samsung.android.rubin.inferenceengine.contextanalytics.engine.loggers.LocationLogger.flush(SourceFile:5) : flush
06-20 22:12:54.051 I/sensors-hal( 1803): qsh_conn_event_cb:933, event[0] sensor:slocationcore  Wakeup, msg_id=1025, ts=3005616546
06-20 22:12:54.051 E/sensors-hal( 1803): handle_sns_client_event:78, slocationcore_event: msgid:1025
06-20 22:12:54.051 I/sensors-hal( 1803): insert_awaking_events:879, smp2p_event, 6.slocationcore, msgid:1025
06-20 22:12:54.052 I/sensors-hal( 1803): qsh_conn_event_cb:933, event[0] sensor:slocationcore  Wakeup, msg_id=1025, ts=3005616851
06-20 22:12:54.052 E/sensors-hal( 1803): handle_sns_client_event:78, slocationcore_event: msgid:1025
06-20 22:12:54.052 I/sensors-hal( 1803): qsh_conn_event_cb:933, event[0] sensor:slocationcore  Wakeup, msg_id=1025, ts=3005617091
06-20 22:12:54.052 E/sensors-hal( 1803): handle_sns_client_event:78, slocationcore_event: msgid:1025
06-20 22:12:54.052 I/sensors-hal( 1803): send_sync_sensor_request:550, takes 1 ms to receive the response with 0
06-20 22:12:54.052 W/CAE     ( 2843): setCAProperty(ContextAwareService.java:515) - [setProperty 02] Mutex is unlocked for SLOCATION_RUNNER
06-20 22:12:54.052 D/SemContextService( 2843): unlock : changeParameters
06-20 22:12:54.052 D/SemContextManager( 2843):   .changeParameters : listener = X.k@84a511a, service=SLocation Core
06-20 22:12:54.052 D/SLocation( 2843): SLocationCoreSem - send to coreSem, packet length : 23 / [2, 25, 2, 144, 228, 203, 141, 82, 60, 0, 0, 0, 100, 2, 0, 0, 1, 158, 232, 42, 183, 31, 0]
06-20 22:12:54.052 D/SemContextLocationCoreAttribute( 2843): setAttribute() mode : 0 action : 23
06-20 22:12:54.052 D/SemContextService( 2843): lock : changeParameters
06-20 22:12:54.052 D/SemContext.CaeProvider.LocationCoreImpl( 2843): setAttribute() mode : 0 action : 23
06-20 22:12:54.052 W/CAE     ( 2843): setCAProperty(ContextAwareService.java:509) - [setProperty 01] Mutex is locked for SLOCATION_RUNNER
06-20 22:12:54.052 I/CAE     ( 2843): setPropertyValue(SLocationRunner.java:116) - SLocationRunner setProperty header : 2, len : 23
06-20 22:12:54.052 I/power_partial_wake_state( 2843): [DIS,92494914,3,*location*:android(enabled),1000,2843,WorkSource{10270 com.google.android.gms}]
06-20 22:12:54.052 I/power_partial_wake_state( 2843): [REL,92494914,3,*location*:android,1000,2843,WorkSource{10270 com.google.android.gms}]
06-20 22:12:54.053 I/power_partial_wake_state( 2843): [DIS,232210679,3,*location*:android(enabled),1000,2843,WorkSource{10270 com.google.android.gms}]
06-20 22:12:54.053 I/power_partial_wake_state( 2843): [REL,232210679,3,*location*:android,1000,2843,WorkSource{10270 com.google.android.gms}]
06-20 22:12:54.053 D/SensorService( 2843): setSContextDataLocked ints length 8 , byte length 26
06-20 22:12:54.053 D/SensorService( 2843): setSContextDataLocked 23717c1
06-20 22:12:54.053 I/sensors-hal( 1803): inject_sensor_data:413, handle 1502 send inject
06-20 22:12:54.053 I/sensors-hal( 1803): sendContextData:346, sensor hal 26, (0xc1, 0x17, 0x37, 0x2)
06-20 22:12:54.053 E/sensors-hal( 1803): sendContextData:133, slocationcore h 193 m 23 s 55
06-20 22:12:54.053 I/sensors-hal( 1803): sendUserData:119, slocationcore sendUserData
06-20 22:12:54.053 E/sensors-hal( 1803): create_send_context_data:64, slocationcore create_send_context_data
06-20 22:12:54.053 I/sensors-hal( 1803): send_context_data:701, slocationcore, 4986366670857974562, 1320970896291267344, msgid:700, 1
06-20 22:12:54.053 I/sensors-hal( 1803): send_sync_sensor_request:515, send sync request
06-20 22:12:54.053 I/sensors-hal( 1803): send_sync_sensor_request:544, wait for notification of response
06-20 22:12:54.053 D/CAE     ( 2843): onGetSensorHubData(SensorHubParserProvider.java:92) - onGetSensorHubData Event [event buffer len :36], AP_WAKEUP
06-20 22:12:54.053 I/CAE     ( 2843): parse(SensorHubParserProvider.java:188) - buffer size = 36
06-20 22:12:54.053 I/CAE     ( 2843): parse(SensorHubParserProvider.java:199) - 1, 1, 55, 0, 31, 5, 7, 2, 0, 0, 0, 0, 0, -81, -37, -120, 5, 1, 0, 0, 0, 100, 0, -81, -37, -120, 7, 2, 0, 0, 0, 9, 0, -81, -2, -80,
06-20 22:12:54.053 I/CAE     ( 2843): parse(SLocationRunner.java:88) - SLocationRunner parse start : 3
06-20 22:12:54.053 I/[CE]_ContextEngineReceiver( 9229): onReceive - action: com.samsung.android.ce.sensor.location.PASSIVE_INTENT
06-20 22:12:54.053 D/CAE     ( 2843): display(ContextProvider.java:375) - ================= SLOCATION_RUNNER =================
06-20 22:12:54.053 I/CAE     ( 2843): display(ContextProvider.java:391) - ExtraDataArray=[1, 1, 55, 0, 31, 5, 7, 2, 0, 0, 0, 0, 0, -81, -37, -120, 5, 1, 0, 0, 0, 100, 0, -81, -37, -120, 7, 2, 0, 0, 0, 9, 0, -81, -2, -80]
06-20 22:12:54.053 I/CAE     ( 2843): parse(SLocationRunner.java:96) - SLocationRunner parse end:36
06-20 22:12:54.053 D/CAE     ( 2843): onGetSensorHubData(SensorHubParserProvider.java:92) - onGetSensorHubData Event [event buffer len :38], AP_WAKEUP
06-20 22:12:54.053 I/CAE     ( 2843): parse(SensorHubParserProvider.java:188) - buffer size = 38
06-20 22:12:54.053 I/CAE     ( 2843): parse(SensorHubParserProvider.java:199) - 1, 1, 55, 0, 33, 33, 0, 0, 2, 125, 0, 0, 0, 0, 0, 0, 0, 0, 119, 53, -108, 0, 119, 53, -108, 0, 0, 0, 0, 0, 0, -81, -37, -120, 0, 0, 0, 0,
06-20 22:12:54.053 I/CAE     ( 2843): parse(SLocationRunner.java:88) - SLocationRunner parse start : 3
06-20 22:12:54.053 D/CAE     ( 2843): display(ContextProvider.java:375) - ================= SLOCATION_RUNNER =================
06-20 22:12:54.053 I/CAE     ( 2843): display(ContextProvider.java:391) - ExtraDataArray=[1, 1, 55, 0, 33, 33, 0, 0, 2, 125, 0, 0, 0, 0, 0, 0, 0, 0, 119, 53, -108, 0, 119, 53, -108, 0, 0, 0, 0, 0, 0, -81, -37, -120, 0, 0, 0, 0]
06-20 22:12:54.053 I/CAE     ( 2843): parse(SLocationRunner.java:96) - SLocationRunner parse end:38
06-20 22:12:54.053 D/CAE     ( 2843): onGetSensorHubData(SensorHubParserProvider.java:92) - onGetSensorHubData Event [event buffer len :10], AP_WAKEUP
06-20 22:12:54.053 I/CAE     ( 2843): parse(SensorHubParserProvider.java:188) - buffer size = 10
06-20 22:12:54.053 I/CAE     ( 2843): parse(SensorHubParserProvider.java:199) - 1, 1, 55, 0, 5, 2, 34, 0, 0, 0,
06-20 22:12:54.053 I/SpectreLocationSvc(17932): event=buckets_loaded buckets=8 samples=2382 oldest=1781129499108 newest=1782011475000
06-20 22:12:54.053 I/CAE     ( 2843): parse(SLocationRunner.java:88) - SLocationRunner parse start : 3
06-20 22:12:54.053 D/CAE     ( 2843): display(ContextProvider.java:375) - ================= SLOCATION_RUNNER =================
06-20 22:12:54.053 I/CAE     ( 2843): display(ContextProvider.java:391) - ExtraDataArray=[1, 1, 55, 0, 5, 2, 34, 0, 0, 0]
06-20 22:12:54.053 I/CAE     ( 2843): parse(SLocationRunner.java:96) - SLocationRunner parse end:10
06-20 22:12:54.053 I/sensors-hal( 1803): qsh_conn_resp_cb:978, resp_value = 0 for slocationcore 
06-20 22:12:54.053 I/sensors-hal( 1803): send_sync_sensor_request:550, takes 0 ms to receive the response with 0
06-20 22:12:54.053 I/SpectrePeripheral(17932): event=service_added status=success uuid=phone_service characteristics=12 pendingAdvertise=true
06-20 22:12:54.053 I/SpectrePeripheral(17932): event=app_log message=Spectre GATT service ready
06-20 22:12:54.053 I/sensors-hal( 1803): qsh_conn_event_cb:933, event[0] sensor:slocationcore  Wakeup, msg_id=1025, ts=3005657170
06-20 22:12:54.053 E/sensors-hal( 1803): handle_sns_client_event:78, slocationcore_event: msgid:1025
06-20 22:12:54.054 I/SpectrePeripheral(17932): event=advertise_start_request mode=uuidOnly includeName=false includeService=true scanResponseService=true connectable=true
06-20 22:12:54.054 D/AdvertiseSettings(17932): setTxPowerLevel: 3
06-20 22:12:54.054 D/SemContextService( 2843): Service.updateContext() : service = SLocation Core
06-20 22:12:54.054 D/BluetoothAdapter(17932): isLeEnabled(): ON
06-20 22:12:54.054 D/SemContextService( 2843): Service.updateContext() : service = SLocation Core
06-20 22:12:54.054 D/BluetoothLeAdvertiser(17932): TxPower == ADVERTISE_TX_POWER_HIGH
06-20 22:12:54.054 D/SemContextService( 2843): Service.updateContext() : service = SLocation Core
06-20 22:12:54.054 D/BluetoothAdapter(17932): isLeEnabled(): ON
06-20 22:12:54.054 I/[CE]_SLocationManager( 9229): onReceive - [Passive Location] 20247613
06-20 22:12:54.054 D/PerProcessNandswap$NandswapHandler( 2843): nandswap start for non-activity com.samsung.android.ce(pid 9229) action:14 adj:905 type:1
06-20 22:12:54.055 D/BtGatt.AdvertiseManager( 4244): startAdvertisingSet() - reg_id=-5, callback: android.os.BinderProxy@9c369ef
06-20 22:12:54.055 W/View    ( 4313): requestLayout() improperly called by android.widget.FrameLayout{23f287b V.E...... ......I. 0,0-1080,2340 #14} during layout: running second layout pass
06-20 22:12:54.056 W/View    ( 4313): requestLayout() improperly called by com.android.systemui.qs.QSTouchAwareFrameLayout{d5be698 V.E...... ......ID 0,164-1080,2340 #7e0a0a4c com.android.systemui:id/qs_frame} during layout: running second layout pass
06-20 22:12:54.056 W/CAE     ( 2843): setCAProperty(ContextAwareService.java:515) - [setProperty 02] Mutex is unlocked for SLOCATION_RUNNER
06-20 22:12:54.056 D/SemContextService( 2843): unlock : changeParameters
06-20 22:12:54.056 D/SemContextManager( 2843):   .changeParameters : listener = X.k@84a511a, service=SLocation Core
06-20 22:12:54.056 D/BtGatt.AdvertiserMap( 4244): advertiseInstanceCount is 3
06-20 22:12:54.056 D/SLocation( 2843): GeopointReceiver - cancel delay & hold gf id : 4
06-20 22:12:54.056 D/SLocation( 2843): ReceiverPair - ignore direction of location due to wifi, id = 21, reason = 400
06-20 22:12:54.056 I/bt_shim_advertiser( 4244): system/main/shim/le_advertising_manager.cc:161 StartAdvertisingSet: in shim layer
06-20 22:12:54.056 I/bt_shim_advertiser( 4244): system/main/shim/le_advertising_manager.cc:188 StartAdvertisingSet: create advertising set, client_id:255, reg_id:-5
06-20 22:12:54.056 I/bluetooth( 4244): system/gd/hci/le_advertising_manager_impl.cc:718 create_extended_advertiser_with_id: Scheduling address rotation for advertiser_id=2
06-20 22:12:54.056 I/bluetooth( 4244): system/gd/hci/le_address_manager.cc:589 GetNextPrivateAddressIntervalRange: client=advertising_set_2, nonwake=8m25s, wake=13m35s
06-20 22:12:54.056 D/SemContextManager( 2843): onSemContextChanged() : event = SLocation Core
06-20 22:12:54.056 D/SLocation( 2843): SensorHubWrapper - SemContextChanged type = 47, packet received
06-20 22:12:54.056 D/SemContextManager( 2843): onSemContextChanged() : event = SLocation Core
06-20 22:12:54.056 D/SLocation( 2843): SensorHubWrapper - SemContextChanged type = 47, packet received
06-20 22:12:54.056 D/SemContextManager( 2843): onSemContextChanged() : event = SLocation Core
06-20 22:12:54.056 D/SLocation( 2843): SensorHubWrapper - SemContextChanged type = 47, packet received
06-20 22:12:54.056 D/CAE     ( 2843): onGetSensorHubData(SensorHubParserProvider.java:92) - onGetSensorHubData Event [event buffer len :10], AP_WAKEUP
06-20 22:12:54.056 I/CAE     ( 2843): parse(SensorHubParserProvider.java:188) - buffer size = 10
06-20 22:12:54.056 I/CAE     ( 2843): parse(SensorHubParserProvider.java:199) - 1, 1, 55, 0, 5, 2, 2, 0, 0, 0,
06-20 22:12:54.056 I/CAE     ( 2843): parse(SLocationRunner.java:88) - SLocationRunner parse start : 3
06-20 22:12:54.056 D/vendor.qti.bluetooth@1.0-ibs_handler( 1798): SerialClockVote: vote for UART CLK ON
06-20 22:12:54.056 D/CAE     ( 2843): display(ContextProvider.java:375) - ================= SLOCATION_RUNNER =================
06-20 22:12:54.056 I/CAE     ( 2843): display(ContextProvider.java:391) - ExtraDataArray=[1, 1, 55, 0, 5, 2, 2, 0, 0, 0]
06-20 22:12:54.056 I/CAE     ( 2843): parse(SLocationRunner.java:96) - SLocationRunner parse end:10
06-20 22:12:54.057 I/BLASTBufferQueue_Java(17932): update, w= 1080 h= 2340 mName = VRI[MainActivity]@d99b0f0 mNativeObject= 0xb4000078676a9430 sc.mNativeObject= 0xb4000077e76b0b10 format= -1 caller= android.view.ViewRootImpl.updateBlastSurfaceIfNeeded:3592 android.view.ViewRootImpl.relayoutWindow:11813 android.view.ViewRootImpl.performTraversals:4840 android.view.ViewRootImpl.doTraversal:3959 android.view.ViewRootImpl$TraversalRunnable.run:13034 android.view.Choreographer$CallbackRecord.run:1961 
06-20 22:12:54.057 I/WindowManager( 2843): Relayout Window{9b42fa1 u0 com.spectre.companion/com.spectre.companion.MainActivity}: viewVisibility=0 req=1080x2340 ty=1 d0
06-20 22:12:54.057 I/VRI[MainActivity]@d99b0f0(17932): Relayout returned: old=(0,0,1080,2340) new=(0,0,1080,2340) relayoutAsync=true req=(1080,2340)0 dur=1 res=0x0 s={true 0xb4000078376cf9e0} ch=false seqId=0
06-20 22:12:54.057 D/SLocation( 2843): GeopointLastLocation - last location still available 9 / 9223372036854775807
06-20 22:12:54.057 D/SLocation( 2843): GeopointGeofenceObserver - location : [N, A : 100.00, T : 1782011574047, ET : 150642, h : 28/36], radius : 231150
06-20 22:12:54.057 D/SemContextService( 2843): Service.updateContext() : service = SLocation Core
06-20 22:12:54.057 D/SLocation( 2843): LocationProviderStatus - try to update provider status (GPS/NLP)
06-20 22:12:54.057 D/SemContextManager( 2843): onSemContextChanged() : event = SLocation Core
06-20 22:12:54.057 D/SLocation( 2843): SensorHubWrapper - SemContextChanged type = 47, packet received
06-20 22:12:54.057 D/SLocation( 2843): LocationProviderStatus - set isGpsOn : true, isNlpOn : true
06-20 22:12:54.057 D/SLocation( 2843): LocationProviderStatus - gps & nlp status not changed
06-20 22:12:54.057 D/SLocation( 2843): GeofenceCoreManager - received Extra Data from core, len : 31
06-20 22:12:54.057 D/SLocation( 2843): CommonCoreManager - received Extra Data from core, len : 31
06-20 22:12:54.057 D/SLocation( 2843): GeofenceCoreManager - received Extra Data from core, len : 33
06-20 22:12:54.057 W/RefactorFlag( 4313): New code path expects SceneContainerFlag to be enabled.
06-20 22:12:54.057 D/SLocation( 2843): ARDistanceGetARDistance - convertSensorHubTimeToElapsedTime -1782011423405
06-20 22:12:54.057 D/SLocation( 2843): ARDistanceGetARDistance - no location from core pvt, only use distance info
06-20 22:12:54.057 D/SLocation( 2843): CommonCoreManager - received Extra Data from core, len : 33
06-20 22:12:54.057 D/SLocation( 2843): GeofenceCoreManager - received Extra Data from core, len : 5
06-20 22:12:54.057 D/SLocation( 2843): GeofenceCoreManager - handleCommandCallback - UNKNOWN_CALLBACK 34 SUCCESS
06-20 22:12:54.057 D/SLocation( 2843): ARDistanceLibManager - command callback received - CURRENT_LOCATION_REQUEST_DISTANCE ERROR CODE : ERROR_NONE
06-20 22:12:54.057 D/SLocation( 2843): CommonCoreManager - received Extra Data from core, len : 5
06-20 22:12:54.057 D/SLocation( 2843): GeofenceCoreManager - geofence core command pending size : 2
06-20 22:12:54.057 D/SLocation( 2843): GeofenceCoreRecovery - removeGeofenceInfo id = 15000
06-20 22:12:54.057 I/VRI[MainActivity]@d99b0f0(17932): registerCallbackForPendingTransactions
06-20 22:12:54.057 D/SLocation( 2843): SLocationCoreSem - send to coreSem, packet length : 3 / [17, 58, 152]
06-20 22:12:54.057 D/SemContextLocationCoreAttribute( 2843): setAttribute() mode : 0 action : 23
06-20 22:12:54.057 D/SemContextService( 2843): lock : changeParameters
06-20 22:12:54.057 D/SemContext.CaeProvider.LocationCoreImpl( 2843): setAttribute() mode : 0 action : 23
06-20 22:12:54.057 W/CAE     ( 2843): setCAProperty(ContextAwareService.java:509) - [setProperty 01] Mutex is locked for SLOCATION_RUNNER
06-20 22:12:54.057 I/CAE     ( 2843): setPropertyValue(SLocationRunner.java:116) - SLocationRunner setProperty header : 17, len : 3
06-20 22:12:54.057 D/SensorService( 2843): setSContextDataLocked ints length 3 , byte length 6
06-20 22:12:54.057 D/SensorService( 2843): setSContextDataLocked 113717c1
06-20 22:12:54.058 I/WindowManager( 2843): Relayout hash=9b42fa1, pid=0, syncId=-1: mAttrs={(0,0)(fillxfill) sim={adjust=resize} layoutInDisplayCutoutMode=always ty=BASE_APPLICATION wanim=0x1030318
06-20 22:12:54.058 I/WindowManager( 2843):   fl=81810900
06-20 22:12:54.058 I/WindowManager( 2843):   pfl=10008840
06-20 22:12:54.058 I/WindowManager( 2843):   apr=10
06-20 22:12:54.058 I/WindowManager( 2843):   bhv=1
06-20 22:12:54.058 I/WindowManager( 2843):   fitSides=0
06-20 22:12:54.058 I/WindowManager( 2843):   frameRateBoostOnTouch=true
06-20 22:12:54.058 I/WindowManager( 2843):   dvrrWindowFrameRateHint=true naviIconColor=0
06-20 22:12:54.058 I/WindowManager( 2843):   sfl=100000}
06-20 22:12:54.058 D/AiAgentEffect( 4313): onPrivacyItemsChanged privacyItems.size = 1
06-20 22:12:54.058 D/AiAgentEffect( 4313): onPrivacyItemsChanged privacyItems isEmpty or found item is null
06-20 22:12:54.058 D/vendor.qti.bluetooth@1.0-wake_lock( 1798): Acquire wakelock is acquired 
06-20 22:12:54.058 I/vendor.qti.bluetooth@1.0-ibs_handler( 1798): DeviceWakeUp: Writing IBS_WAKE_IND
06-20 22:12:54.058 I/sensors-hal( 1803): inject_sensor_data:413, handle 1502 send inject
06-20 22:12:54.058 I/sensors-hal( 1803): sendContextData:346, sensor hal 6, (0xc1, 0x17, 0x37, 0x11)
06-20 22:12:54.058 E/sensors-hal( 1803): sendContextData:133, slocationcore h 193 m 23 s 55
06-20 22:12:54.058 I/sensors-hal( 1803): sendUserData:119, slocationcore sendUserData
06-20 22:12:54.058 E/sensors-hal( 1803): create_send_context_data:64, slocationcore create_send_context_data
06-20 22:12:54.058 I/sensors-hal( 1803): send_context_data:701, slocationcore, 4986366670857974562, 1320970896291267344, msgid:700, 1
06-20 22:12:54.058 I/sensors-hal( 1803): send_sync_sensor_request:515, send sync request
06-20 22:12:54.058 I/sensors-hal( 1803): send_sync_sensor_request:544, wait for notification of response
06-20 22:12:54.059 I/SpectrePeripheral(17932): event=update_value char=gps bytes=20
06-20 22:12:54.059 I/SpectrePeripheral(17932): event=secure_value_pending char=gps plainBytes=20
06-20 22:12:54.059 I/sensors-hal( 1803): qsh_conn_resp_cb:978, resp_value = 0 for slocationcore 
06-20 22:12:54.059 I/sensors-hal( 1803): qsh_conn_event_cb:933, event[0] sensor:slocationcore  Wakeup, msg_id=1025, ts=3005757042
06-20 22:12:54.059 E/sensors-hal( 1803): handle_sns_client_event:78, slocationcore_event: msgid:1025
06-20 22:12:54.059 E/RequestManager_FLP( 5290): [LocationManager] Location request F73DE738(Listener) gps interval=10000ms (min=10000ms) from com.spectre.companion (10498_FINE_fg_true_foreground)
06-20 22:12:54.059 I/VRI[MainActivity]@d99b0f0(17932): mWNT: t=0xb4000076c76c0340 mBlastBufferQueue=0xb4000078676a9430 fn= 15 HdrRenderState mRenderHdrSdrRatio=1.0 caller= android.view.ViewRootImpl$10.onFrameDraw:6615 android.view.ViewRootImpl$4.onFrameDraw:2485 android.view.ThreadedRenderer$1.onFrameDraw:751 
06-20 22:12:54.059 D/LocationManagerService( 2843): gps provider getLastLocation from : 10498/com.spectre.companion
06-20 22:12:54.060 I/NewStopController_FLP( 5290): onReceiveGpsRequest, stop : false, reporting last loc : false
06-20 22:12:54.060 I/NewStopController_FLP( 5290): onMinIntervalChanged=10000
06-20 22:12:54.060 I/NewStopController_FLP( 5290): motionMonitorComplete
06-20 22:12:54.060 I/NewStopController_FLP( 5290): motionMonitorComplete, remove checking message
06-20 22:12:54.060 I/NewStopController_FLP( 5290): Already finished to monitor
06-20 22:12:54.060 W/ListenerMonitor_FLP( 5290): Failed to add listener, packageUid=com.spectre.companion_10498 / listener=F73DE738
06-20 22:12:54.060 E/RequestManager_FLP( 5290): [LocationManager] Location request F73DE738(Listener) network interval=10000ms (min=10000ms) from com.spectre.companion (10498_FINE_fg_true_foreground)
06-20 22:12:54.060 I/LocFrameworkMonitor_FLP( 5290): setNavigatingFromGlp, startNavigating with interval 10000, operationMode=0
06-20 22:12:54.060 D/LocationManagerService( 2843): gps provider removed registration from 10498/com.spectre.companion/F73DE738
06-20 22:12:54.060 D/LocationManagerService( 2843): gps provider added registration from 10498/com.spectre.companion/F73DE738 -> Request[@+10s0ms HIGH_ACCURACY, WorkSource{10498 com.spectre.companion}]
06-20 22:12:54.060 I/NSLocationProviderHelper( 2843): updateRemoveInfo, uid=10498
06-20 22:12:54.060 I/NSLocationProviderHelper( 2843): updateRequestInfo, uid=10498
06-20 22:12:54.060 D/LocationManagerService( 2843): try to release motion power when coming new active request
06-20 22:12:54.060 I/SpectreLocationSvc(17932): event=listener_registered provider=gps intervalMs=10000
06-20 22:12:54.061 D/LocationManagerService( 2843): network provider removed registration from 10498/com.spectre.companion/F73DE738
06-20 22:12:54.061 D/LocationManagerService( 2843): network provider added registration from 10498/com.spectre.companion/F73DE738 -> Request[@+10s0ms BALANCED, WorkSource{10498 com.spectre.companion}]
06-20 22:12:54.061 I/GnssEngineManager_FLP( 5290): updateEngineEnabled, true / isFromAp=true
06-20 22:12:54.061 I/GnssEngineManager_FLP( 5290): updateEngineEnabled, register stationary
06-20 22:12:54.061 I/GpsSessionManager_FLP( 5290): addGnssSession 150656
06-20 22:12:54.061 I/NSLocationProviderHelper( 2843): updateRemoveInfo, uid=10498
06-20 22:12:54.061 I/NSLocationProviderHelper( 2843): updateRequestInfo, uid=10498
06-20 22:12:54.061 I/AppState_FLP( 5290): Success to save #0 snapshot in appStateMap, time=150656 / appList=com.spectre.companion_gps_10000_1
06-20 22:12:54.061 I/SpectreLocationSvc(17932): event=listener_registered provider=network intervalMs=10000
06-20 22:12:54.061 I/NSLocationMonitor( 2843): noteGpsOp, mode=1 (10498)
06-20 22:12:54.061 D/LocationManagerService( 2843): gps provider getLastLocation from : 10498/com.spectre.companion
06-20 22:12:54.062 I/power_partial_wake_state( 2843): [DIS,11208497,13,*location*:android(enabled),1000,2843,WorkSource{10498 com.spectre.companion}]
06-20 22:12:54.062 I/GpsSession_FLP( 5290): New GPS Session started, GlpInterval=10000 / OperationMode=0
06-20 22:12:54.062 D/LocationManagerService( 2843): gps provider getLastLocation from : 10498/com.spectre.companion
06-20 22:12:54.062 I/power_partial_wake_state( 2843): [REL,11208497,14,*location*:android,1000,2843,WorkSource{10498 com.spectre.companion}]
06-20 22:12:54.062 I/sensors-hal( 1803): send_sync_sensor_request:550, takes 3 ms to receive the response with 0
06-20 22:12:54.063 I/vendor.qti.bluetooth@1.0-ibs_handler( 1798): ProcessIbsCmd: Received IBS_WAKE_ACK: 0xFC
06-20 22:12:54.063 I/vendor.qti.bluetooth@1.0-ibs_handler( 1798): ProcessIbsCmd: Signal wack_cond_
06-20 22:12:54.063 I/XoOutOfSpecErrorDetector_FLP( 5290): updateData, OOS=GOOD
06-20 22:12:54.063 I/SDM     ( 1829): AIScalerFeatureIntfImpl::LookupConfig: Scale ratio = 1.780000
06-20 22:12:54.063 I/SDM     ( 1829): AIScalerParserIntfImpl::LookupConfig: Scale Ratio Match Found Here
06-20 22:12:54.063 D/vendor.qti.bluetooth@1.0-ibs_handler( 1798): DeviceWakeUp: Unblocked from waiting for FC, pthread_cond_timedwait ret = 0
06-20 22:12:54.063 W/View    ( 4313): requestLayout() improperly called by android.widget.FrameLayout{23f287b V.E...... ......I. 0,0-1080,2340 #14} during layout: running second layout pass
06-20 22:12:54.063 W/View    ( 4313): requestLayout() improperly called by com.android.systemui.qs.QSTouchAwareFrameLayout{d5be698 V.E...... ......ID 0,164-1080,2340 #7e0a0a4c com.android.systemui:id/qs_frame} during layout: running second layout pass
06-20 22:12:54.063 I/XoFrequencyErrorDetector_FLP( 5290): updateData, GOOD,0,0
06-20 22:12:54.063 E/RequestManager_FLP( 5290): [LocationManager] Location remove F73DE738 from com.spectre.companion
06-20 22:12:54.064 I/LocationRequestData_FLP( 5290): Remove in requestInfoList, F73DE738 / ListSize[gps]=0
06-20 22:12:54.064 I/LocationRequestData_FLP( 5290): Remove in requestInfoList, F73DE738 / ListSize[network]=1
06-20 22:12:54.064 I/NewStopController_FLP( 5290): onMinIntervalChanged=-1
06-20 22:12:54.064 I/NewStopController_FLP( 5290): motionMonitorComplete
06-20 22:12:54.064 I/NewStopController_FLP( 5290): motionMonitorComplete, remove checking message
06-20 22:12:54.064 I/NewStopController_FLP( 5290): Already finished to monitor
06-20 22:12:54.064 I/vendor.qti.bluetooth@1.0-ibs_handler( 1798): ProcessIbsCmd: Received IBS_WAKE_IND: 0xFD
06-20 22:12:54.064 I/vendor.qti.bluetooth@1.0-ibs_handler( 1798): ProcessIbsCmd: Writing IBS_WAKE_ACK
06-20 22:12:54.064 E/RequestManager_FLP( 5290): [LocationManager] Location request F73DE738(Listener) gps interval=10000ms (min=10000ms) from com.spectre.companion (10498_FINE_fg_true_foreground)
06-20 22:12:54.064 I/NewStopController_FLP( 5290): onReceiveGpsRequest, stop : false, reporting last loc : false
06-20 22:12:54.064 I/NewStopController_FLP( 5290): onMinIntervalChanged=10000
06-20 22:12:54.064 I/NewStopController_FLP( 5290): motionMonitorComplete
06-20 22:12:54.064 I/NewStopController_FLP( 5290): motionMonitorComplete, remove checking message
06-20 22:12:54.064 I/NewStopController_FLP( 5290): Already finished to monitor
06-20 22:12:54.064 E/RequestManager_FLP( 5290): [LocationManager] Location remove F73DE738 from com.spectre.companion
06-20 22:12:54.064 I/LocationRequestData_FLP( 5290): Remove in requestInfoList, F73DE738 / ListSize[gps]=0
06-20 22:12:54.064 I/NewStopController_FLP( 5290): onMinIntervalChanged=-1
06-20 22:12:54.064 I/NewStopController_FLP( 5290): motionMonitorComplete
06-20 22:12:54.064 I/NewStopController_FLP( 5290): motionMonitorComplete, remove checking message
06-20 22:12:54.064 I/NewStopController_FLP( 5290): Already finished to monitor
06-20 22:12:54.064 I/WindowManager( 2843): Relayout Window{9b42fa1 u0 com.spectre.companion/com.spectre.companion.MainActivity}: viewVisibility=0 req=1080x2340 ty=1 d0
06-20 22:12:54.064 E/RequestManager_FLP( 5290): [LocationManager] Location request F73DE738(Listener) network interval=10000ms (min=10000ms) from com.spectre.companion (10498_FINE_fg_true_foreground)
06-20 22:12:54.064 I/BLASTBufferQueue_Java(17932): update, w= 1080 h= 2340 mName = VRI[MainActivity]@d99b0f0 mNativeObject= 0xb4000078676a9430 sc.mNativeObject= 0xb4000077e76b0b10 format= -1 caller= android.view.ViewRootImpl.updateBlastSurfaceIfNeeded:3592 android.view.ViewRootImpl.relayoutWindow:11813 android.view.ViewRootImpl.performTraversals:4840 android.view.ViewRootImpl.doTraversal:3959 android.view.ViewRootImpl$TraversalRunnable.run:13034 android.view.Choreographer$CallbackRecord.run:1961 
06-20 22:12:54.064 I/VRI[MainActivity]@d99b0f0(17932): Relayout returned: old=(0,0,1080,2340) new=(0,0,1080,2340) relayoutAsync=true req=(1080,2340)0 dur=0 res=0x0 s={true 0xb4000078376cf9e0} ch=false seqId=0
06-20 22:12:54.064 I/VRI[MainActivity]@d99b0f0(17932): registerCallbackForPendingTransactions
06-20 22:12:54.065 I/VRI[MainActivity]@d99b0f0(17932): mWNT: t=0xb4000076c76c8960 mBlastBufferQueue=0xb4000078676a9430 fn= 16 HdrRenderState mRenderHdrSdrRatio=1.0 caller= android.view.ViewRootImpl$10.onFrameDraw:6615 android.view.ViewRootImpl$4.onFrameDraw:2485 android.view.ThreadedRenderer$1.onFrameDraw:751 
06-20 22:12:54.065 I/WindowManager( 2843): Relayout hash=9b42fa1, pid=0, syncId=-1: mAttrs={(0,0)(fillxfill) sim={adjust=resize} layoutInDisplayCutoutMode=always ty=BASE_APPLICATION wanim=0x1030318
06-20 22:12:54.065 I/WindowManager( 2843):   fl=81810900
06-20 22:12:54.065 I/WindowManager( 2843):   pfl=10008840
06-20 22:12:54.065 I/WindowManager( 2843):   apr=10
06-20 22:12:54.065 I/WindowManager( 2843):   bhv=1
06-20 22:12:54.065 I/WindowManager( 2843):   fitSides=0
06-20 22:12:54.065 I/WindowManager( 2843):   frameRateBoostOnTouch=true
06-20 22:12:54.065 I/WindowManager( 2843):   dvrrWindowFrameRateHint=true naviIconColor=0
06-20 22:12:54.065 I/WindowManager( 2843):   sfl=100000}
06-20 22:12:54.065 I/HoneySpace.StatusIconTracker( 4771): invokeEvent() called with: event = PrivacyInfo(visible=false)
06-20 22:12:54.065 W/CAE     ( 2843): setCAProperty(ContextAwareService.java:515) - [setProperty 02] Mutex is unlocked for SLOCATION_RUNNER
06-20 22:12:54.065 D/CAE     ( 2843): onGetSensorHubData(SensorHubParserProvider.java:92) - onGetSensorHubData Event [event buffer len :10], AP_WAKEUP
06-20 22:12:54.065 I/CAE     ( 2843): parse(SensorHubParserProvider.java:188) - buffer size = 10
06-20 22:12:54.065 I/CAE     ( 2843): parse(SensorHubParserProvider.java:199) - 1, 1, 55, 0, 5, 2, 17, 0, 58, -104,
06-20 22:12:54.065 D/SemContextService( 2843): unlock : changeParameters
06-20 22:12:54.066 I/CAE     ( 2843): parse(SLocationRunner.java:88) - SLocationRunner parse start : 3
06-20 22:12:54.066 D/CAE     ( 2843): display(ContextProvider.java:375) - ================= SLOCATION_RUNNER =================
06-20 22:12:54.066 W/RefactorFlag( 4313): New code path expects SceneContainerFlag to be enabled.
06-20 22:12:54.066 I/CAE     ( 2843): display(ContextProvider.java:391) - ExtraDataArray=[1, 1, 55, 0, 5, 2, 17, 0, 58, -104]
06-20 22:12:54.066 D/SemContextManager( 2843):   .changeParameters : listener = X.k@84a511a, service=SLocation Core
06-20 22:12:54.066 I/CAE     ( 2843): parse(SLocationRunner.java:96) - SLocationRunner parse end:10
06-20 22:12:54.066 D/SLocation( 2843): GeofenceCoreManager - geofence core command pending size : 1
06-20 22:12:54.066 D/SLocation( 2843): GeofenceCoreRecovery - storeGeofenceInfo 1 id = 15000, radius = 231150
06-20 22:12:54.066 D/SLocation( 2843): SLocationCoreSem - send to coreSem, packet length : 16 / [16, 58, 152, 25, 2, 144, 228, 203, 141, 82, 60, 0, 3, 134, 238, 1]
06-20 22:12:54.066 D/SemContextLocationCoreAttribute( 2843): setAttribute() mode : 0 action : 23
06-20 22:12:54.066 D/SemContextService( 2843): lock : changeParameters
06-20 22:12:54.066 D/SemContextService( 2843): Service.updateContext() : service = SLocation Core
06-20 22:12:54.066 D/SemContext.CaeProvider.LocationCoreImpl( 2843): setAttribute() mode : 0 action : 23
06-20 22:12:54.066 D/SemContextManager( 2843): onSemContextChanged() : event = SLocation Core
06-20 22:12:54.066 W/CAE     ( 2843): setCAProperty(ContextAwareService.java:509) - [setProperty 01] Mutex is locked for SLOCATION_RUNNER
06-20 22:12:54.066 D/SLocation( 2843): SensorHubWrapper - SemContextChanged type = 47, packet received
06-20 22:12:54.066 I/CAE     ( 2843): setPropertyValue(SLocationRunner.java:116) - SLocationRunner setProperty header : 16, len : 16
06-20 22:12:54.066 D/SensorService( 2843): setSContextDataLocked ints length 6 , byte length 19
06-20 22:12:54.066 D/SensorService( 2843): setSContextDataLocked 103717c1
06-20 22:12:54.066 I/sensors-hal( 1803): inject_sensor_data:413, handle 1502 send inject
06-20 22:12:54.066 I/sensors-hal( 1803): sendContextData:346, sensor hal 19, (0xc1, 0x17, 0x37, 0x10)
06-20 22:12:54.066 E/sensors-hal( 1803): sendContextData:133, slocationcore h 193 m 23 s 55
06-20 22:12:54.066 I/sensors-hal( 1803): sendUserData:119, slocationcore sendUserData
06-20 22:12:54.066 E/sensors-hal( 1803): create_send_context_data:64, slocationcore create_send_context_data
06-20 22:12:54.066 I/sensors-hal( 1803): send_context_data:701, slocationcore, 4986366670857974562, 1320970896291267344, msgid:700, 1
06-20 22:12:54.066 I/sensors-hal( 1803): send_sync_sensor_request:515, send sync request
06-20 22:12:54.066 I/sensors-hal( 1803): send_sync_sensor_request:544, wait for notification of response
06-20 22:12:54.066 D/PerProcessNandswap$NandswapHandler( 2843): nandswap end for non-activity com.samsung.android.ce(pid 9229) ret:-16 adj:905
06-20 22:12:54.067 I/sensors-hal( 1803): qsh_conn_resp_cb:978, resp_value = 0 for slocationcore 
06-20 22:12:54.067 I/am_nandswap( 2843): [9229,com.samsung.android.ce,14,-16,905,19,11ms,1,[0, 26688, 18048, 44288, 54518, 0, 0, 0],38407680,10767212,[0, 25856, 18752, 44288, 52461, 0, 0, 0],38407680,10771820]
06-20 22:12:54.067 I/sensors-hal( 1803): qsh_conn_event_cb:933, event[0] sensor:slocationcore  Wakeup, msg_id=1025, ts=3005915289
06-20 22:12:54.067 E/sensors-hal( 1803): handle_sns_client_event:78, slocationcore_event: msgid:1025
06-20 22:12:54.067 D/AppOpsPrivacyItemMonitor( 4313): showLocationSystemApps  AppOpItem(Op code=1, UID=10498, AttributionTag=null, Package name=com.spectre.companion, Paused=false)false)
06-20 22:12:54.067 I/sensors-hal( 1803): send_sync_sensor_request:550, takes 1 ms to receive the response with 0
06-20 22:12:54.067 D/AppOpsPrivacyItemMonitor( 4313): showLocationSystemApps  AppOpItem(Op code=1, UID=10112, AttributionTag=null, Package name=com.samsung.android.rubin.app, Paused=false)
06-20 22:12:54.068 W/CAE     ( 2843): setCAProperty(ContextAwareService.java:515) - [setProperty 02] Mutex is unlocked for SLOCATION_RUNNER
06-20 22:12:54.068 D/SemContextService( 2843): unlock : changeParameters
06-20 22:12:54.068 D/SemContextManager( 2843):   .changeParameters : listener = X.k@84a511a, service=SLocation Core
06-20 22:12:54.068 I/[CE]_PrimaryLocationManager( 9229): checkInStayDurationNow - In CSD now? N / In ASD now? Y
06-20 22:12:54.068 W/Settings( 2843): Setting airplane_mode_on has moved from android.provider.Settings.System to android.provider.Settings.Global, returning read-only value.
06-20 22:12:54.068 D/TelephonyManager( 2843): getAllCellInfo / caller PID: 2843, UID: 1000, TID: 4156
06-20 22:12:54.068 D/CAE     ( 2843): onGetSensorHubData(SensorHubParserProvider.java:92) - onGetSensorHubData Event [event buffer len :10], AP_WAKEUP
06-20 22:12:54.068 I/[CE]_PrimaryLocationManager( 9229): onNewLocation - State: 0 / 0
06-20 22:12:54.068 I/CAE     ( 2843): parse(SensorHubParserProvider.java:188) - buffer size = 10
06-20 22:12:54.068 I/CAE     ( 2843): parse(SensorHubParserProvider.java:199) - 1, 1, 55, 0, 5, 2, 16, 0, 58, -104,
06-20 22:12:54.068 D/AppOpsPrivacyItemMonitor( 4313): showLocationSystemApps  AppOpItem(Op code=1, UID=10099, AttributionTag=null, Package name=com.samsung.android.mcfds, Paused=false)
06-20 22:12:54.068 I/CAE     ( 2843): parse(SLocationRunner.java:88) - SLocationRunner parse start : 3
06-20 22:12:54.068 D/CAE     ( 2843): display(ContextProvider.java:375) - ================= SLOCATION_RUNNER =================
06-20 22:12:54.068 I/CAE     ( 2843): display(ContextProvider.java:391) - ExtraDataArray=[1, 1, 55, 0, 5, 2, 16, 0, 58, -104]
06-20 22:12:54.068 E/AppOps  ( 2843): Bad call made by uid 1001. Package "com.android.phone" does not belong to uid 1000.
06-20 22:12:54.068 I/CAE     ( 2843): parse(SLocationRunner.java:96) - SLocationRunner parse end:10
06-20 22:12:54.068 E/AppOps  ( 2843): Cannot noteOperation: non-application UID 1000
06-20 22:12:54.068 D/SemContextManager( 2843): onSemContextChanged() : event = SLocation Core
06-20 22:12:54.068 D/SLocation( 2843): SensorHubWrapper - SemContextChanged type = 47, packet received
06-20 22:12:54.068 D/SemContextService( 2843): Service.updateContext() : service = SLocation Core
06-20 22:12:54.068 I/[CE]_PrimaryAreaManager( 9229): onNewlocation - State: 0 / 0
06-20 22:12:54.069 D/AiAgentEffect( 4313): onPrivacyItemsChanged privacyItems.size = 3
06-20 22:12:54.069 D/AiAgentEffect( 4313): onPrivacyItemsChanged privacyItems isEmpty or found item is null
06-20 22:12:54.069 D/AppOpsPrivacyItemMonitor( 4313): showLocationSystemApps  AppOpItem(Op code=1, UID=10498, AttributionTag=null, Package name=com.spectre.companion, Paused=false)false)false)
06-20 22:12:54.069 D/AppOpsPrivacyItemMonitor( 4313): showLocationSystemApps  AppOpItem(Op code=1, UID=10112, AttributionTag=null, Package name=com.samsung.android.rubin.app, Paused=false)false)
06-20 22:12:54.069 D/AppOpsPrivacyItemMonitor( 4313): showLocationSystemApps  AppOpItem(Op code=1, UID=10099, AttributionTag=null, Package name=com.samsung.android.mcfds, Paused=false)false)
06-20 22:12:54.069 W/Settings( 2843): Setting airplane_mode_on has moved from android.provider.Settings.System to android.provider.Settings.Global, returning read-only value.
06-20 22:12:54.069 D/SLocation( 2843): FilteredLastLocation - notify all last locations, loc : 3
06-20 22:12:54.069 D/SLocation( 2843): GeofenceCoreManager - received Extra Data from core, len : 5
06-20 22:12:54.069 D/SLocation( 2843): GeofenceCoreManager - handleCommandCallback - UNKNOWN_CALLBACK 2 SUCCESS
06-20 22:12:54.069 D/SLocation( 2843): CommonCoreManager - received Extra Data from core, len : 5
06-20 22:12:54.069 D/SLocation( 2843): CommonCoreManager - handleCommandCallback - FUNC_TYPE : SET_LOCATION  ERROR_CODE : ERROR_NONE
06-20 22:12:54.069 D/SLocation( 2843): GeofenceCoreManager - received Extra Data from core, len : 5
06-20 22:12:54.069 D/SLocation( 2843): GeofenceCoreManager - handleCommandCallback - GEOFENCE_REMOVE SUCCESS
06-20 22:12:54.069 I/SLocation( 2843): SHardwareManager - handleRemoveCallback : GEOFENCE_SUCCESS, id = 15000
06-20 22:12:54.069 D/SLocation( 2843): CommonCoreManager - received Extra Data from core, len : 5
06-20 22:12:54.069 D/SLocation( 2843): GeofenceCoreManager - received Extra Data from core, len : 5
06-20 22:12:54.069 D/SLocation( 2843): GeofenceCoreManager - handleCommandCallback - GEOFENCE_ADD SUCCESS
06-20 22:12:54.069 I/SLocation( 2843): SHardwareManager - handleAddCallback : GEOFENCE_SUCCESS id = 15000
06-20 22:12:54.069 D/SLocation( 2843): CommonCoreManager - received Extra Data from core, len : 5
06-20 22:12:54.069 I/HoneySpace.StatusIconTracker( 4771): invokeEvent() called with: event = PrivacyInfo(visible=false)
06-20 22:12:54.070 I/[CE]_ActivityDataManagerImpl( 9229): loadState - StayInfo loaded
06-20 22:12:54.071 I/BLASTBufferQueue_Java(17932): update, w= 1080 h= 2340 mName = VRI[MainActivity]@d99b0f0 mNativeObject= 0xb4000078676a9430 sc.mNativeObject= 0xb4000077e76b0b10 format= -1 caller= android.view.ViewRootImpl.updateBlastSurfaceIfNeeded:3592 android.view.ViewRootImpl.relayoutWindow:11813 android.view.ViewRootImpl.performTraversals:4840 android.view.ViewRootImpl.doTraversal:3959 android.view.ViewRootImpl$TraversalRunnable.run:13034 android.view.Choreographer$CallbackRecord.run:1961 
06-20 22:12:54.071 I/VRI[MainActivity]@d99b0f0(17932): Relayout returned: old=(0,0,1080,2340) new=(0,0,1080,2340) relayoutAsync=true req=(1080,2340)0 dur=0 res=0x0 s={true 0xb4000078376cf9e0} ch=false seqId=0
06-20 22:12:54.071 I/WindowManager( 2843): Relayout Window{9b42fa1 u0 com.spectre.companion/com.spectre.companion.MainActivity}: viewVisibility=0 req=1080x2340 ty=1 d0
06-20 22:12:54.071 I/SDM     ( 1829): AIScalerFeatureIntfImpl::LookupConfig: Scale ratio = 1.780000
06-20 22:12:54.071 I/SDM     ( 1829): AIScalerParserIntfImpl::LookupConfig: Scale Ratio Match Found Here
06-20 22:12:54.071 I/VRI[MainActivity]@d99b0f0(17932): registerCallbackForPendingTransactions
06-20 22:12:54.071 W/View    ( 4313): requestLayout() improperly called by android.widget.FrameLayout{23f287b V.E...... ......I. 0,0-1080,2340 #14} during layout: running second layout pass
06-20 22:12:54.072 W/View    ( 4313): requestLayout() improperly called by com.android.systemui.qs.QSTouchAwareFrameLayout{d5be698 V.E...... ......ID 0,164-1080,2340 #7e0a0a4c com.android.systemui:id/qs_frame} during layout: running second layout pass
06-20 22:12:54.072 I/VRI[MainActivity]@d99b0f0(17932): mWNT: t=0xb4000076c7703d80 mBlastBufferQueue=0xb4000078676a9430 fn= 17 HdrRenderState mRenderHdrSdrRatio=1.0 caller= android.view.ViewRootImpl$10.onFrameDraw:6615 android.view.ViewRootImpl$4.onFrameDraw:2485 android.view.ThreadedRenderer$1.onFrameDraw:751 
06-20 22:12:54.072 I/SpectrePeripheral(17932): event=update_value char=gps bytes=20
06-20 22:12:54.072 I/SpectrePeripheral(17932): event=secure_value_pending char=gps plainBytes=20
06-20 22:12:54.072 W/RefactorFlag( 4313): New code path expects SceneContainerFlag to be enabled.
06-20 22:12:54.072 I/WindowManager( 2843): Relayout hash=9b42fa1, pid=0, syncId=-1: mAttrs={(0,0)(fillxfill) sim={adjust=resize} layoutInDisplayCutoutMode=always ty=BASE_APPLICATION wanim=0x1030318
06-20 22:12:54.072 I/WindowManager( 2843):   fl=81810900
06-20 22:12:54.072 I/WindowManager( 2843):   pfl=10008840
06-20 22:12:54.072 I/WindowManager( 2843):   apr=10
06-20 22:12:54.072 I/WindowManager( 2843):   bhv=1
06-20 22:12:54.072 I/WindowManager( 2843):   fitSides=0
06-20 22:12:54.072 I/WindowManager( 2843):   frameRateBoostOnTouch=true
06-20 22:12:54.072 I/WindowManager( 2843):   dvrrWindowFrameRateHint=true naviIconColor=0
06-20 22:12:54.072 I/WindowManager( 2843):   sfl=100000}
06-20 22:12:54.072 D/AiAgentEffect( 4313): onPrivacyItemsChanged privacyItems.size = 3
06-20 22:12:54.072 D/AiAgentEffect( 4313): onPrivacyItemsChanged privacyItems isEmpty or found item is null
06-20 22:12:54.072 E/AppOps  ( 2843): Bad call made by uid 1001. Package "com.android.phone" does not belong to uid 10099.
06-20 22:12:54.072 E/AppOps  ( 2843): Cannot noteOperation
06-20 22:12:54.072 E/AppOps  ( 2843): java.lang.SecurityException: Specified package "com.android.phone" under uid 10099 but it is not
06-20 22:12:54.072 E/AppOps  ( 2843): 	at com.android.server.appop.AppOpsService.verifyAndGetBypass(qb/110395613 c3a2d5136c3359163837720558d932f9a02e5e372afafa0138e8b8ce2c144913:63)
06-20 22:12:54.072 E/AppOps  ( 2843): 	at com.android.server.appop.AppOpsService.noteOperationUnchecked(qb/110395613 c3a2d5136c3359163837720558d932f9a02e5e372afafa0138e8b8ce2c144913:68)
06-20 22:12:54.072 E/AppOps  ( 2843): 	at com.android.server.appop.AppOpsService.-$$Nest$mnoteOperationImpl(qb/110395613 c3a2d5136c3359163837720558d932f9a02e5e372afafa0138e8b8ce2c144913:89)
06-20 22:12:54.072 E/AppOps  ( 2843): 	at com.android.server.appop.AppOpsService$CheckOpsDelegateDispatcher$$ExternalSyntheticLambda4.apply(qb/110395613 c3a2d5136c3359163837720558d932f9a02e5e372afafa0138e8b8ce2c144913:65)
06-20 22:12:54.072 E/AppOps  ( 2843): 	at com.android.server.policy.AppOpsPolicy.noteOperation(qb/110395613 c3a2d5136c3359163837720558d932f9a02e5e372afafa0138e8b8ce2c144913:35)
06-20 22:12:54.072 E/AppOps  ( 2843): 	at com.android.server.appop.AppOpsService$CheckOpsDelegateDispatcher.noteOperation(qb/110395613 c3a2d5136c3359163837720558d932f9a02e5e372afafa0138e8b8ce2c144913:66)
06-20 22:12:54.072 E/AppOps  ( 2843): 	at com.android.server.appop.AppOpsService.noteOperation(qb/110395613 c3a2d5136c3359163837720558d932f9a02e5e372afafa0138e8b8ce2c144913:20)
06-20 22:12:54.072 E/AppOps  ( 2843): 	at com.android.internal.app.IAppOpsService$Stub.onTransact(IAppOpsService.java:592)
06-20 22:12:54.072 E/AppOps  ( 2843): 	at android.os.Binder.execTransactInternal(Binder.java:1514)
06-20 22:12:54.072 E/AppOps  ( 2843): 	at android.os.Binder.execTransact(Binder.java:1454)
06-20 22:12:54.073 I/[CE]_ActivityDataManagerImpl( 9229): Scan receiver - Stay detected - start time : 1782011177773, end time : 1782011574070, timestamp : 1782011574070
06-20 22:12:54.073 I/HoneySpace.StatusIconTracker( 4771): invokeEvent() called with: event = PrivacyInfo(visible=false)
06-20 22:12:54.073 I/LocSvc_ApiV02( 1802): <--- globalEventCb line 360 QMI_LOC_SYSTEM_INFO_REQ_V02
06-20 22:12:54.073 I/[CE]_RealtimeMovingContextProvider( 9229): onReceive - Not started
06-20 22:12:54.077 I/bluetooth( 4244): system/gd/hci/le_advertising_manager_impl.cc:1796 on_set_advertising_set_random_address_complete: update random address for advertising set 2 : xx:xx:xx:xx:57:79
06-20 22:12:54.079 D/BtGatt.AdvertiseManager( 4244): onAdvertisingSetStarted() - regId=-5, advertiserId=2, status=0
06-20 22:12:54.079 W/BLE_GAP ( 4244): ADV_SET_START :: appName: com.spectre.companion, id: 2, isLegacy: true
06-20 22:12:54.079 I/LocSvc_ApiV02( 1802): <--- globalEventCb line 360 QMI_LOC_EVENT_ENGINE_STATE_IND_V02
06-20 22:12:54.079 I/LocSvc_ApiV02( 1802): proc:5226] current engine state 1, old engine state 0, in session 1
06-20 22:12:54.079 I/BLASTBufferQueue_Java(17932): update, w= 1080 h= 2340 mName = VRI[MainActivity]@d99b0f0 mNativeObject= 0xb4000078676a9430 sc.mNativeObject= 0xb4000077e76b0b10 format= -1 caller= android.view.ViewRootImpl.updateBlastSurfaceIfNeeded:3592 android.view.ViewRootImpl.relayoutWindow:11813 android.view.ViewRootImpl.performTraversals:4840 android.view.ViewRootImpl.doTraversal:3959 android.view.ViewRootImpl$TraversalRunnable.run:13034 android.view.Choreographer$CallbackRecord.run:1961 
06-20 22:12:54.079 I/VRI[MainActivity]@d99b0f0(17932): Relayout returned: old=(0,0,1080,2340) new=(0,0,1080,2340) relayoutAsync=true req=(1080,2340)0 dur=0 res=0x0 s={true 0xb4000078376cf9e0} ch=false seqId=0
06-20 22:12:54.079 I/VRI[MainActivity]@d99b0f0(17932): registerCallbackForPendingTransactions
06-20 22:12:54.079 I/WindowManager( 2843): Relayout Window{9b42fa1 u0 com.spectre.companion/com.spectre.companion.MainActivity}: viewVisibility=0 req=1080x2340 ty=1 d0
06-20 22:12:54.079 D/BluetoothLeAdvertiser(17932): onAdvertisingSetStarted(2, 1, 0)
06-20 22:12:54.080 I/SpectrePeripheral(17932): event=advertise_start_success mode=uuidOnly txPower=3 advertiseMode=2 restarts=0
06-20 22:12:54.080 I/SpectrePeripheral(17932): event=app_log message=Spectre peripheral advertising started
06-20 22:12:54.080 W/View    ( 4313): requestLayout() improperly called by android.widget.FrameLayout{23f287b V.E...... ......I. 0,0-1080,2340 #14} during layout: running second layout pass
06-20 22:12:54.080 W/View    ( 4313): requestLayout() improperly called by com.android.systemui.qs.QSTouchAwareFrameLayout{d5be698 V.E...... ......ID 0,164-1080,2340 #7e0a0a4c com.android.systemui:id/qs_frame} during layout: running second layout pass
06-20 22:12:54.080 I/WindowManager( 2843): Relayout hash=9b42fa1, pid=0, syncId=-1: mAttrs={(0,0)(fillxfill) sim={adjust=resize} layoutInDisplayCutoutMode=always ty=BASE_APPLICATION wanim=0x1030318
06-20 22:12:54.080 I/WindowManager( 2843):   fl=81810900
06-20 22:12:54.080 I/WindowManager( 2843):   pfl=10008840
06-20 22:12:54.080 I/WindowManager( 2843):   apr=10
06-20 22:12:54.080 I/WindowManager( 2843):   bhv=1
06-20 22:12:54.080 I/WindowManager( 2843):   fitSides=0
06-20 22:12:54.080 I/WindowManager( 2843):   frameRateBoostOnTouch=true
06-20 22:12:54.080 I/WindowManager( 2843):   dvrrWindowFrameRateHint=true naviIconColor=0
06-20 22:12:54.080 I/WindowManager( 2843):   sfl=100000}
06-20 22:12:54.080 I/VRI[MainActivity]@d99b0f0(17932): mWNT: t=0xb4000076c76f8480 mBlastBufferQueue=0xb4000078676a9430 fn= 18 HdrRenderState mRenderHdrSdrRatio=1.0 caller= android.view.ViewRootImpl$10.onFrameDraw:6615 android.view.ViewRootImpl$4.onFrameDraw:2485 android.view.ThreadedRenderer$1.onFrameDraw:751 
06-20 22:12:54.080 W/RefactorFlag( 4313): New code path expects SceneContainerFlag to be enabled.
06-20 22:12:54.089 I/WindowManager( 2843): Relayout Window{9b42fa1 u0 com.spectre.companion/com.spectre.companion.MainActivity}: viewVisibility=0 req=1080x2340 ty=1 d0
06-20 22:12:54.089 I/BLASTBufferQueue_Java(17932): update, w= 1080 h= 2340 mName = VRI[MainActivity]@d99b0f0 mNativeObject= 0xb4000078676a9430 sc.mNativeObject= 0xb4000077e76b0b10 format= -1 caller= android.view.ViewRootImpl.updateBlastSurfaceIfNeeded:3592 android.view.ViewRootImpl.relayoutWindow:11813 android.view.ViewRootImpl.performTraversals:4840 android.view.ViewRootImpl.doTraversal:3959 android.view.ViewRootImpl$TraversalRunnable.run:13034 android.view.Choreographer$CallbackRecord.run:1961 
06-20 22:12:54.089 I/VRI[MainActivity]@d99b0f0(17932): Relayout returned: old=(0,0,1080,2340) new=(0,0,1080,2340) relayoutAsync=true req=(1080,2340)0 dur=1 res=0x0 s={true 0xb4000078376cf9e0} ch=false seqId=0
06-20 22:12:54.089 I/VRI[MainActivity]@d99b0f0(17932): registerCallbackForPendingTransactions
06-20 22:12:54.089 I/WindowManager( 2843): Relayout hash=9b42fa1, pid=0, syncId=-1: mAttrs={(0,0)(fillxfill) sim={adjust=resize} layoutInDisplayCutoutMode=always ty=BASE_APPLICATION wanim=0x1030318
06-20 22:12:54.089 I/WindowManager( 2843):   fl=81810900
06-20 22:12:54.089 I/WindowManager( 2843):   pfl=10008840
06-20 22:12:54.089 I/WindowManager( 2843):   apr=10
06-20 22:12:54.089 I/WindowManager( 2843):   bhv=1
06-20 22:12:54.089 I/WindowManager( 2843):   fitSides=0
06-20 22:12:54.089 I/WindowManager( 2843):   frameRateBoostOnTouch=true
06-20 22:12:54.089 I/WindowManager( 2843):   dvrrWindowFrameRateHint=true naviIconColor=0
06-20 22:12:54.089 I/WindowManager( 2843):   sfl=100000}
06-20 22:12:54.090 I/VRI[MainActivity]@d99b0f0(17932): mWNT: t=0xb4000076c76ff5d0 mBlastBufferQueue=0xb4000078676a9430 fn= 19 HdrRenderState mRenderHdrSdrRatio=1.0 caller= android.view.ViewRootImpl$10.onFrameDraw:6615 android.view.ViewRootImpl$4.onFrameDraw:2485 android.view.ThreadedRenderer$1.onFrameDraw:751 
06-20 22:12:54.119 I/vendor.qti.bluetooth@1.0-ibs_handler( 1798): ProcessIbsCmd: Received IBS_SLEEP_IND: 0xFE
06-20 22:12:54.243 I/Telecom ( 2843): SamsungTelecomServiceImpl : isInManagedCall - callingPackage : android / callingUser : UserHandle{0} / hasCrossUserAccess : true
06-20 22:12:54.249 D/ActivityManager( 2843): unpendingScheduleServiceRestart: u=10332, drop=false
06-20 22:12:54.250 I/power_partial_wake_state( 2843): [DIS,81744168,212,NotificationManagerService:post:com.spectre.companion:android(enabled),1000,2843,WorkSource{10498 com.spectre.companion}]
06-20 22:12:54.250 I/power_partial_wake_state( 2843): [REL,81744168,212,NotificationManagerService:post:com.spectre.companion:android,1000,2843,WorkSource{10498 com.spectre.companion}]
06-20 22:12:54.250 D/FreecessController( 2843): UFZ : com.samsung.android.game.gamehome(10332) [8041] reason: Binder(1)-android.service.notification.INotificatio
06-20 22:12:54.250 W/LocationManagerService( 2843): onFreezeStateChanged, uid[10332]=false
06-20 22:12:54.251 I/PowerManagerService( 2843): [PWL] SetWakeLockEnableDisable uid = 10332 , disable= false
06-20 22:12:54.251 I/PowerManagerService( 2843): [PWL] can not change uid =  10332
06-20 22:12:54.251 D/Bubbles ( 4313): onEntryUpdated : shouldBubbleUp=false ,key=0|com.spectre.companion|4201|null|10498
06-20 22:12:54.251 I/{OngoingActivityController}( 4313): onEntryUpdated and OA data is empty. So update latest task info
06-20 22:12:54.253 I/HoneySpace.NotificationListener( 4771): onNotificationPosted com.spectre.companion: 0|com.spectre.companion|4201|null|10498: 0
06-20 22:12:54.253 I/HoneySpace.NotificationListener( 4771): invalid notification: com.spectre.companion UserHandle{0}: canShowBadge is false
06-20 22:12:54.253 I/HoneySpace.PackageEventOperator( 4771): [AbsFolderViewModel|19817] badge count is updated. com.spectre.companion/.MainActivity#UserHandle{0}|46197 : 0
06-20 22:12:54.253 I/HoneySpace.PackageEventOperator( 4771): [ApplistViewModel] badge count is updated. com.spectre.companion/.MainActivity#UserHandle{0}|46197 : 0
06-20 22:12:54.255 D/View    ( 4313): semSetBlurInfo, blurInfo : null, com.android.systemui.statusbar.notification.row.NotificationBackgroundView{55c0541 V.ED..... ......ID 0,0-1020,363 #7e0a016c com.android.systemui:id/backgroundNormal}
06-20 22:12:54.255 D/View    ( 4313): semSetBlurInfo, blurInfo : android.view.SemBlurInfo@7be093d {BLUR_MODE_WINDOW, mBlurRadius = 300, mBackgroundBlurColor = 0, mCornerRadiusTL = 101.0, mCornerRadiusTR = 101.0, mCornerRadiusBL = 101.0, mCornerRadiusBR = 101.0, mClipRectLeft = 0, mClipRectTop = 0, mClipRectRight = 2147483647, mClipRectBottom = 2147483647, mColorCurve = android.view.SemBlurInfo$ColorCurve@4e8b532 {minX = 15.0, minY = 169.6, maxX = 235.0, maxY = 246.1, curveBias = 30.0, saturation = 0.55}}, com.android.systemui.statusbar.notification.row.NotificationBackgroundView{55c0541 V.ED..... ......ID 0,0-1020,363 #7e0a016c com.android.systemui:id/backgroundNormal}
06-20 22:12:54.255 D/View    ( 4313): semSetBlurInfo, blurInfo : android.view.SemBlurInfo@7be093d {BLUR_MODE_WINDOW, mBlurRadius = 300, mBackgroundBlurColor = 0, mCornerRadiusTL = 101.0, mCornerRadiusTR = 101.0, mCornerRadiusBL = 101.0, mCornerRadiusBR = 101.0, mClipRectLeft = 0, mClipRectTop = 0, mClipRectRight = 2147483647, mClipRectBottom = 2147483647, mColorCurve = android.view.SemBlurInfo$ColorCurve@4e8b532 {minX = 15.0, minY = 169.6, maxX = 235.0, maxY = 246.1, curveBias = 30.0, saturation = 0.55}}, com.android.systemui.statusbar.notification.row.NotificationBackgroundView{55c0541 V.ED..... ......ID 0,0-1020,363 #7e0a016c com.android.systemui:id/backgroundNormal}
06-20 22:12:54.255 I/PluginActionManager[com.android.systemui.action.PLUGIN_NOTIFICATION_MENU_ROW]( 4313): Found 0 plugins
06-20 22:12:54.257 I/BackgroundBlurDrawable( 4313): getBlurRegionsCopyForRT, size : 0
06-20 22:12:54.257 W/RefactorFlag( 4313): New code path expects SceneContainerFlag to be enabled.
06-20 22:12:54.257 D/ExpandableNotifRow( 4313): mMaxSmallHeight different before reInflateViews mMaxSmallHeight: 203 mTempSmallHeight:0 0|com.spectre.companion|4201|null|10498
06-20 22:12:54.257 D/ExpandableNotifRow( 4313): mMaxSmallHeight different before reInflateViews mMaxSmallHeight: 203 mTempSmallHeight:0 0|com.spectre.companion|4201|null|10498
06-20 22:12:54.257 I/LockscreenNotificationIconsOnlyController( 4313): onNotificationInfoUpdated 0
06-20 22:12:54.257 I/AODNotificationManager( 4313): updateNotification() 
06-20 22:12:54.258 I/View    ( 4313): setRequestedFrameRate frameRate=-2.0, this=StatusBarIconView(slot='com.spectre.companion/0x1069' alpha=1.0 icon=StatusBarIcon(icon=Icon(typ=RESOURCE pkg=com.spectre.companion id=0x7f070075) visible user=0 ) visibleState=ICON iconColor=#ff252528 staticDrawableColor=#ff387aff decorColor=#ff1b6cf7 animationStartColor=#0 currentSetColor=#ff252528 notification=StatusBarNotification(pkg=com.spectre.companion user=UserHandle{0} id=4201 tag=null key=0|com.spectre.companion|4201|null|10498: Notification(channel=spectre_field_mode shortcut=null contentView=null vibrate=null sound=null defaults=0 flags=ONGOING_EVENT|NO_CLEAR|FOREGROUND_SERVICE color=0x00000000 actions=1 vis=PRIVATE semFlags=0x0 semPriority=0 semMissedCount=0 semScenarioType=0))), caller=com.android.systemui.statusbar.StatusBarIconView.onAttachedToWindow:6 android.view.View.dispatchAttachedToWindow:24715 android.view.ViewGroup.addViewInner:5669 android.view.ViewGroup.addView:5445 android.view.ViewGroup.addView:5385 
06-20 22:12:54.262 W/RefactorFlag( 4313): New code path expects SceneContainerFlag to be enabled.
06-20 22:12:54.263 D/LocalImageResolver( 4313): Couldn't use ImageDecoder for drawable, falling back to non-resized load.
06-20 22:12:54.264 D/LocalImageResolver( 4313): Couldn't use ImageDecoder for drawable, falling back to non-resized load.
06-20 22:12:54.265 I/Kumiho-Kumiho( 4313): getPackageName: com.samsung.android.app.routines
06-20 22:12:54.265 I/AppIconSolution( 4313): start to load, pkg=com.spectre.companion, bg=192-192, dr=135-135, forDefault=true, density=0
06-20 22:12:54.265 I/AppIconSolution( 4313): getIconScale, pkg=com.spectre.companion, size=135, iconScale=IconScale[alpha=0, scale=1.0, isCrop=true]
06-20 22:12:54.265 I/AppIconSolution( 4313): default container[CROP], pkg=com.spectre.companion, bg=135-135, dr=135-135, isNight = false
06-20 22:12:54.271 W/RefactorFlag( 4313): New code path expects SceneContainerFlag to be enabled.
06-20 22:12:54.273 D/ExpandableNotifRow( 4313): mMaxSmallHeight different before reInflateViews mMaxSmallHeight: 203 mTempSmallHeight:0 0|com.spectre.companion|4201|null|10498
06-20 22:12:54.273 D/ExpandableNotifRow( 4313): mMaxSmallHeight different before reInflateViews mMaxSmallHeight: 203 mTempSmallHeight:0 0|com.spectre.companion|4201|null|10498
06-20 22:12:54.273 D/ExpandableNotifRow( 4313): mMaxSmallHeight different before reInflateViews mMaxSmallHeight: 203 mTempSmallHeight:0 0|com.spectre.companion|4201|null|10498
06-20 22:12:54.273 D/ExpandableNotifRow( 4313): mMaxSmallHeight different before reInflateViews mMaxSmallHeight: 203 mTempSmallHeight:0 0|com.spectre.companion|4201|null|10498
06-20 22:12:54.273 D/View    ( 4313): semSetBlurInfo, blurInfo : android.view.SemBlurInfo@d6c2a48 {BLUR_MODE_WINDOW, mBlurRadius = 300, mBackgroundBlurColor = 0, mCornerRadiusTL = 101.0, mCornerRadiusTR = 101.0, mCornerRadiusBL = 101.0, mCornerRadiusBR = 101.0, mClipRectLeft = 0, mClipRectTop = 0, mClipRectRight = 2147483647, mClipRectBottom = 2147483647, mColorCurve = android.view.SemBlurInfo$ColorCurve@7a020e1 {minX = 15.0, minY = 169.6, maxX = 235.0, maxY = 246.1, curveBias = 30.0, saturation = 0.55}}, com.android.systemui.statusbar.notification.row.NotificationBackgroundView{55c0541 V.ED..... ......ID 0,0-1020,363 #7e0a016c com.android.systemui:id/backgroundNormal}
06-20 22:12:54.274 I/Kumiho-Kumiho( 4313): getPackageName: com.samsung.android.app.routines
06-20 22:12:54.274 I/AppIconSolution( 4313): start to load, pkg=com.spectre.companion, bg=192-192, dr=135-135, forDefault=true, density=0
06-20 22:12:54.274 I/AppIconSolution( 4313): getIconScale, pkg=com.spectre.companion, size=135, iconScale=IconScale[alpha=0, scale=1.0, isCrop=true]
06-20 22:12:54.274 I/AppIconSolution( 4313): default container[CROP], pkg=com.spectre.companion, bg=135-135, dr=135-135, isNight = false
06-20 22:12:54.280 W/RefactorFlag( 4313): New code path expects SceneContainerFlag to be enabled.
06-20 22:12:54.280 D/ExpandableNotifRow( 4313): mMaxSmallHeight different before reInflateViews mMaxSmallHeight: 203 mTempSmallHeight:0 0|com.spectre.companion|4201|null|10498
06-20 22:12:54.280 D/ExpandableNotifRow( 4313): mMaxSmallHeight different before reInflateViews mMaxSmallHeight: 203 mTempSmallHeight:0 0|com.spectre.companion|4201|null|10498
06-20 22:12:54.280 I/LockscreenNotificationIconsOnlyController( 4313): onNotificationInfoUpdated 0
06-20 22:12:54.280 I/AODNotificationManager( 4313): updateNotification() 
06-20 22:12:54.326 I/GestureDetector( 2843): handleMessage TAP
06-20 22:12:54.327 I/GestureDetector( 2843): handleMessage TAP
06-20 22:12:54.328 I/vendor.qti.bluetooth@1.0-ibs_handler( 1798): DeviceSleep: TX Awake, Sending SLEEP_IND
06-20 22:12:54.328 D/vendor.qti.bluetooth@1.0-ibs_handler( 1798): SerialClockVote: vote for UART CLK OFF
06-20 22:12:54.359 I/sensors-hal( 1803): handle_sns_client_event:379, [0][12440] accel_sample [-0.220,  0.000,  9.722] 150907863282
06-20 22:12:54.396 D/SemWifiUsabilityStatsMonitor( 2843): onWifiUsabilityStats - seqNum 44, isSameBssidAndFreq true
06-20 22:12:54.399 D/SGM:GameManager( 2843): identifyGamePackage. com.spectre.companion, mCurrentUserId: 0, callingMethodInfo: com.samsung.android.game.SemGameManager.isGamePackage(SemGameManager.java:106)
06-20 22:12:54.399 D/SGM:SemGameManager( 2843): isGamePackage(), pkgName=com.spectre.companion, ret=false
06-20 22:12:54.402 I/EPDG-1 [WifiProfiler]( 4085): handleWifiRssiIntent, rssi=-64
06-20 22:12:54.402 I/EPDG-1 [WifiProfiler]( 4085): isProfiling, hash=228050529, started=true
06-20 22:12:54.404 I/EPDG-1 [LogMetrics]( 4085): set, type=WIFI_RSSI_LAST, value=-64
06-20 22:12:54.404 I/EPDG-1 [WifiProfiler]( 4085): isProfiling, hash=228050529, started=true
06-20 22:12:54.405 I/EPDG-1 [WifiProfiler]( 4085): Rssi : -64 highrange : -71 lowrange : -80 mIsRssiInHystersis : false
06-20 22:12:54.405 I/EPDG-1 [WifiProfiler]( 4085): Rssi : -64 highrange : -71 lowrange : -80 mIsRssiInHystersis : false
06-20 22:12:54.405 I/EPDG-1 [Subscription]( 4085): isEpdgAvailable, IwlanPsState=2/2
06-20 22:12:54.405 I/EPDG-1 [WifiProfiler]( 4085): getHandoverThresholdMet: value is: false
06-20 22:12:54.409 I/SDM     ( 1829): DisplayBase::CommitThread: Received idle timeout, panel: cmd, timeout: 69999 us
06-20 22:12:54.479 D/vendor.qti.bluetooth@1.0-wake_lock( 1798): Release wakelock is released 
06-20 22:12:54.539 I/power_partial_wake_state( 2843): [DIS,242549341,500,Prevent Sleep by AssistantDelay:android(enabled),1000,2843,null]
06-20 22:12:54.539 I/power_partial_wake_state( 2843): [REL,242549341,500,Prevent Sleep by AssistantDelay:android,1000,2843,null]
06-20 22:12:54.553 D/SLocation( 2843): WifiBssidMonitor - requestRefresh
06-20 22:12:54.553 W/SLocation( 2843): WifiBssidMonitor - connected wifi : (60:83:e7:**:**:bc/770)
06-20 22:12:54.578 D/ActivityManager( 2843): FCA:Reclamation for pid: 19416
06-20 22:12:54.599 I/am_compact( 2843): [19416,com.sec.android.provider.badge,FCA:,103428,49232,53300,4444,0,0,0,0,20,,0,0,0,0,0]
06-20 22:12:54.725 I/NSLocationMonitor( 2843): getGPSUsingApps() called
06-20 22:12:54.725 I/NSLocationManager_FLP( 5290): getGPSUsingApps, No change
06-20 22:12:54.730 D/FreecessHandler( 2843): skipping freeze com.venmo(10400) result : 18
06-20 22:12:54.819 D/SemWifiSwitchForIndividualAppsService( 2843): isSkipNetworkCondition - result:2
06-20 22:12:54.857 D/BSOHChargingDataCollector( 2843):  BSOH Sys-servce ... 
06-20 22:12:54.857 D/BSOHChargingDataCollector( 2843): performBatteryWork++
06-20 22:12:54.857 D/BSOHChargingDataCollector( 2843): performBatteryWork battery com.android.server.bsoh.device.PrimeBattery@2209b88
06-20 22:12:54.858 D/BSOHChargingDataCollector( 2843): primeBatt readVoltage from sysFsBattVolt,  path : /sys/class/power_supply/battery/batt_voltage_now
06-20 22:12:54.867 D/BSOHChargingDataCollector( 2843): 0 	 BattData addData data : BattData { voltage:4.088, current:0.18125, soc:0.69, temperature:28.9, status:2, timestamp:1782011574867, voltage_chg:null}
06-20 22:12:54.867 D/BSOHChargingDataCollector( 2843): performBatteryWork--
06-20 22:12:54.869 I/sensors-hal( 1803): handle_sns_std_sensor_event:409, [SSC_LIGHT] P: 0(0),c:0,b:27,m:13,cl:0,l:0,s:0,l0:32,l1:0,s0:0,s1:0,acl:1,opr:0.08,f(r):90,u(bl):100,if:90,wi:0,si:0,0(N:0)
06-20 22:12:55.071 D/GnssLocationProvider_ex( 2843): SV Count : 9 / 10      (PRN, Constellation, Type, SNR, Used)
06-20 22:12:55.071 D/GnssLocationProvider_ex( 2843): (3, GPS, L1, 30.4, 1) (4, GPS, L1, 36.7, 1) (26, GPS, L1, 35.5, 1) (31, GPS, L1, 33.4, 1) (7, GLONASS, L1, 33.7, 1) (36, BEIDOU, L1, 31.9, 1) 
06-20 22:12:55.071 D/GnssLocationProvider_ex( 2843): (22, BEIDOU, L1, 39.8, 1) (19, GALILEO, L1, 37.3, 1) (26, GPS, L5, 33.3, 1) (19, GALILEO, L5, 27.1, 0) 
06-20 22:12:55.071 I/power_partial_wake_state( 2843): [DIS,221734047,1,*location*:GnssLocationProvider:android(enabled),1000,2843,null]
06-20 22:12:55.071 I/power_partial_wake_state( 2843): [REL,221734047,1,*location*:GnssLocationProvider:android,1000,2843,null]
06-20 22:12:55.071 I/GnssEngineManager_FLP( 5290): updateSatelliteStatus, top4=36, top6=35, visibleSv=10, usedSv=9, usedL5Sv=1 (usedGps=5, usedGlo=1, usedBds=2, usedGal=1)
06-20 22:12:55.072 I/GpsSession_FLP( 5290): State[SATELLITE] is changed to MILD_INDOOR
06-20 22:12:55.450 D/SemWifiEleStateTracker( 2843): Pressure Diff: -1.8310547E-4
06-20 22:12:55.450 D/SemWifiEleStateTracker( 2843): Barometer value: Prev 988.67706 Current 988.6769 mSmallBaroDetected : false
06-20 22:12:55.494 I/sensors-hal( 1803): handle_sns_std_sensor_event:157, [843] Pressure 988.677, cal 0.146, sw_offset 0.000 (lsb(bit) 0x95 0x90 0x60)
06-20 22:12:55.516 I/sensors-hal( 1803): handle_sns_client_event:327, [0][1337] mag_sample_cal(magcal_available:1): ts=152065877240 ns; cal = [-20.194544, -44.646782, -29.691452], uncal = [-21.214544, 66.893219, -245.511444], bias = [-1.020000, 111.540001, -215.819992], status=3, cal_id=2
06-20 22:12:55.529 I/HYPER-HAL( 1810): [RequestManager.cpp]releaseLocked(): Released ID : 24819567
06-20 22:12:55.529 I/HYPER-HAL( 1810): [RequestManager.cpp]releaseLocked(): Released ID : 24812521
06-20 22:12:55.633 D/io_stats( 1145): !@   8,0 r 383317 8716796 w 39390 574056 d 8922 327576 f 900 3686 iot 18936 0 th 0 0 0 pt 0 inp 0 0 152.228
06-20 22:12:55.633 D/io_stats( 1145): !@ Read_top(KB): kworker/u17:1:/(137) 15872 kworker/u17:4:/(384) 11300 x8bit.bitwarden:low(8067) 2472
06-20 22:12:55.633 D/io_stats( 1145): !@ Write_top(KB): x8bit.bitwarden:low(8067) 48 kworker/u17:4:/(384) 44 droid.rubin.app:low(10401) 20
06-20 22:12:55.633 D/io_stats( 1145): !@ fuse-log: WORST (0 18 0 2 0) (2000 3 0 2 0) (2000 4 0 1 0) TOTAL_LATENCY (0 0 18 0 2) (2000 0 3 0 2 4 0 1 14 0 2) TOTAL_CNT (2000 9 3 2 14 2 25 2) (0 2 18 2) 
06-20 22:12:55.829 D/SemWifiSwitchForIndividualAppsService( 2843): isSkipNetworkCondition - result:2
06-20 22:12:55.859 D/BSOHChargingDataCollector( 2843):  BSOH Sys-servce ... 
06-20 22:12:55.859 D/BSOHChargingDataCollector( 2843): performBatteryWork++
06-20 22:12:55.859 D/BSOHChargingDataCollector( 2843): performBatteryWork battery com.android.server.bsoh.device.PrimeBattery@2209b88
06-20 22:12:55.859 D/BSOHChargingDataCollector( 2843): primeBatt readVoltage from sysFsBattVolt,  path : /sys/class/power_supply/battery/batt_voltage_now
06-20 22:12:55.869 D/BSOHChargingDataCollector( 2843): 0 	 BattData addData data : BattData { voltage:4.088, current:0.189062, soc:0.69, temperature:28.9, status:2, timestamp:1782011575869, voltage_chg:null}
06-20 22:12:55.869 D/BSOHChargingDataCollector( 2843): performBatteryWork--
06-20 22:12:56.024 D/qmi_secgps_clnt( 1802): SECGPS: QMI_SECGPS_AGNSS_CONFIG_MESSAGE_IND_V01 received
06-20 22:12:56.024 D/SehGnssExtraCbJni( 2843): serviceAssertMessageCb.
06-20 22:12:56.027 I/GnssEngineManager_FLP( 5290): updateEngineEnabled, false / isFromAp=false
06-20 22:12:56.027 I/NewStopController_FLP( 5290): motionMonitorComplete
06-20 22:12:56.027 I/NewStopController_FLP( 5290): motionMonitorComplete, remove checking message
06-20 22:12:56.027 I/NewStopController_FLP( 5290): Already finished to monitor
06-20 22:12:56.027 I/GpsSessionManager_FLP( 5290): closeGnssSession 152621
06-20 22:12:56.027 I/DataProvider_FLP( 5290): noteResetGps
06-20 22:12:56.027 I/NSLocationMonitor( 2843): noteGpsOp, mode=3 (-1)
06-20 22:12:56.028 D/GnssLocationProvider( 2843): reportLocation
06-20 22:12:56.028 I/GpsSession_FLP( 5290): Total distance      : 0.00 km
06-20 22:12:56.028 I/GpsSession_FLP( 5290): Total duration      : 2 seconds
06-20 22:12:56.028 I/GpsSession_FLP( 5290): Total fix duration  : 0 seconds 
06-20 22:12:56.028 I/GpsSession_FLP( 5290): Total lost duration : 2 seconds
06-20 22:12:56.028 I/GpsSession_FLP( 5290): Total lost sections : 1
06-20 22:12:56.028 I/GpsSession_FLP( 5290): Time To First Fix   : 0 seconds
06-20 22:12:56.028 I/SharedPreferences_FLP( 5290): removeExpiredLogs, 5 to 5
06-20 22:12:56.028 I/ShadowRecoveryDetector_FLP( 5290): restored 5 daily summary
06-20 22:12:56.030 I/power_partial_wake_state( 2843): [DIS,205096207,1,*location*:android(enabled),1000,2843,WorkSource{10498 com.spectre.companion}]
06-20 22:12:56.030 I/power_partial_wake_state( 2843): [REL,205096207,1,*location*:android,1000,2843,WorkSource{10498 com.spectre.companion}]
06-20 22:12:56.030 I/GnssEngineManager_FLP( 5290): onGpsLocationChanged, provider=gps / isMock=false / speed=0.0 / time=1782011576000 / elapsed=152610654054
06-20 22:12:56.030 I/NewStopController_FLP( 5290): isAvailableLastLoc, KeepStationary : false , timeGap : 14 , mStraightFixCount : 0
06-20 22:12:56.030 I/NewStopController_FLP( 5290): onChangedGlpLocation, isGpsStopped= false, isReportingLL= false, isAvailableLastLoc : true
06-20 22:12:56.031 I/power_partial_wake_state( 2843): [DIS,232210679,1,*location*:android(enabled),1000,2843,WorkSource{10270 com.google.android.gms}]
06-20 22:12:56.031 D/GnssLocationProvider( 2843): TTFF: 1987
06-20 22:12:56.031 I/power_partial_wake_state( 2843): [REL,232210679,1,*location*:android,1000,2843,WorkSource{10270 com.google.android.gms}]
06-20 22:12:56.032 I/power_partial_wake_state( 2843): [DIS,221734047,5,*location*:GnssLocationProvider:android(enabled),1000,2843,null]
06-20 22:12:56.032 I/power_partial_wake_state( 2843): [REL,221734047,5,*location*:GnssLocationProvider:android,1000,2843,null]
06-20 22:12:56.032 D/SLocation( 2843): PositionManager - Passive handleLocationChanged [G, A : 5.14, T : 1782011576000, ET : 152610, E : SH, h : 28/36]
06-20 22:12:56.032 I/Mocca_VehicleDetectionHelper( 2843): (8.5.12.2)GPS: Time diff > 3, Avg speed: 0.0 Speed: 0.0 LIST: [0.0]
06-20 22:12:56.033 D/VehicleSensorHub( 2843): vehicleSendToSensorHub status : 2 type : 18
06-20 22:12:56.033 I/SensorManager( 2843): Get Sensor type = 65586
06-20 22:12:56.033 D/SLocation( 2843): PositionManager - receive gps location
06-20 22:12:56.033 D/SensorService( 2843): setSContextDataLocked ints length 3 , byte length 5
06-20 22:12:56.033 D/SensorService( 2843): setSContextDataLocked 123c17c1
06-20 22:12:56.033 D/SLocation( 2843): LocationBuffer - receivedLocation - op[interval(min 60000, max 300000), waitTime 36000000, numOfUpdates 20, minDistance 200.0]dist : 2.2677839 diffTime : 1967 filtered Location
06-20 22:12:56.033 I/sensors-hal( 1803): inject_sensor_data:413, handle 1502 send inject
06-20 22:12:56.033 I/sensors-hal( 1803): sendContextData:346, sensor hal 5, (0xc1, 0x17, 0x3c, 0x12)
06-20 22:12:56.033 D/SLocation( 2843): BatchManager - received batch location buffered = false
06-20 22:12:56.033 I/sensors-hal( 1803): sendContextData:210, activities 5 c1, 1
06-20 22:12:56.033 I/sensors-hal( 1803): sendUserData:241, Activities cmd 0xc1 0x17
06-20 22:12:56.033 I/sensors-hal( 1803): create_send_context_data:45, sending create_send_context_data
06-20 22:12:56.033 I/sensors-hal( 1803): send_context_data:701, activities, 4914309220830019584, 1320970896291267344, msgid:700, 1
06-20 22:12:56.033 I/sensors-hal( 1803): send_sync_sensor_request:515, send sync request
06-20 22:12:56.033 D/SLocation( 2843): LastLocations - update latest location [G, A : 5.14, T : 1782011576000, ET : 152610, E : SH, h : 28/36]
06-20 22:12:56.033 I/sensors-hal( 1803): send_sync_sensor_request:544, wait for notification of response
06-20 22:12:56.033 D/SLocation( 2843): FilteredLastLocation - notify all last locations, loc : 3
06-20 22:12:56.033 I/power_partial_wake_state( 2843): [DIS,92494914,2,*location*:android(enabled),1000,2843,WorkSource{10270 com.google.android.gms}]
06-20 22:12:56.033 I/power_partial_wake_state( 2843): [REL,92494914,2,*location*:android,1000,2843,WorkSource{10270 com.google.android.gms}]
06-20 22:12:56.034 I/sensors-hal( 1803): qsh_conn_resp_cb:978, resp_value = 0 for activities 
06-20 22:12:56.034 I/sensors-hal( 1803): send_sync_sensor_request:550, takes 1 ms to receive the response with 0
06-20 22:12:56.035 I/FusedLocation( 4696): (REDACTED) location delivery to %s blocked - too fast
06-20 22:12:56.035 I/FusedLocation( 4696): (REDACTED) location delivery to %s blocked - too fast
06-20 22:12:56.037 I/FusedLocation( 4696): (REDACTED) location delivery to %s blocked - too fast
06-20 22:12:56.037 I/GmsPassiveListener_FLP( 5290): onGmsLocationChanged, provider=fused / speed=0.0 / time=1782011576015 / elapsed=152610654054
06-20 22:12:56.040 I/SystemMemoryMap( 4696): (REDACTED) [geofence] serialization complete (extras/values=%.2f/%.2fkb)
06-20 22:12:56.040 I/FusedLocation( 4696): (REDACTED) location delivery to %s blocked - too fast
06-20 22:12:56.040 I/power_partial_wake_state( 2843): [DIS,232210679,0,*location*:android(enabled),1000,2843,WorkSource{10270 com.google.android.gms}]
06-20 22:12:56.040 I/power_partial_wake_state( 2843): [REL,232210679,0,*location*:android,1000,2843,WorkSource{10270 com.google.android.gms}]
06-20 22:12:56.041 I/FusedLocation( 4696): (REDACTED) location delivery to %s blocked - too fast
06-20 22:12:56.041 I/LocSvc_ApiV02( 1802): <--- globalEventCb line 360 QMI_LOC_EVENT_ENGINE_STATE_IND_V02
06-20 22:12:56.041 I/power_partial_wake_state( 2843): [DIS,92494914,0,*location*:android(enabled),1000,2843,WorkSource{10270 com.google.android.gms}]
06-20 22:12:56.041 I/FusedLocation( 4696): (REDACTED) location delivery to %s blocked - too close
06-20 22:12:56.041 I/power_partial_wake_state( 2843): [REL,92494914,1,*location*:android,1000,2843,WorkSource{10270 com.google.android.gms}]
06-20 22:12:56.041 D/ActivityManager( 2843): Received BROADCAST intent 0xc988d82 Key{broadcastIntent pkg=com.acmeaom.android.myradar intent=xflg=0x4 cmp=com.acmeaom.android.myradar/com.acmeaom.android.lu.location.GeofenceBroadcastReceiver flags=0x2000000 u=0} requestCode=0 sent=0 from uid 10270
06-20 22:12:56.041 D/SLocation( 2843): PositionManager - Passive handleLocationChanged [F, A : 5.14, T : 1782011576015, ET : 152610, h : 28/36]
06-20 22:12:56.041 D/SLocation( 2843): PositionManager - receive fused location
06-20 22:12:56.042 I/FusedLocation( 4696): (REDACTED) location delivery to %s blocked - too fast
06-20 22:12:56.043 D/ActivityManager( 2843): sync unfroze 19602 com.acmeaom.android.myradar for 3
06-20 22:12:56.043 I/power_partial_wake_state( 2843): [DIS,138052488,0,GCoreFlp:com.google.android.gms(enabled),10270,4696,WorkSource{1000 android}]
06-20 22:12:56.044 I/power_partial_wake_state( 2843): [REL,138052488,0,GCoreFlp:com.google.android.gms,10270,4696,WorkSource{1000 android}]
06-20 22:12:56.044 I/am_unfreeze( 2843): [19602,com.acmeaom.android.myradar,3]
06-20 22:12:56.044 D/SLocation( 2843): GeofenceLocationFilter - location sent before 1991, need to filter / provider : fused, accuracy : 5.138
06-20 22:12:56.044 I/SLocation( 2843): GeofenceLocationFilter - alarm set, next time to send location : 156645, C.V@30bd946
06-20 22:12:56.045 I/LocSvc_ApiV02( 1802): proc:5226] current engine state 0, old engine state 1, in session 1
06-20 22:12:56.045 I/LocSvc_ApiV02( 1802): adjustLocClientEventMask:940] oldQmiMask=0xe02206060a24b qmiMask=0xf02206060a2cb mInSession: 1, power state 0, retry queue empty 1, mEngineOn: 0, qmi mask has engine state 1
06-20 22:12:56.045 I/android.hardware.gnss-aidl-service-qti( 1802): registerEventMask:  mMask: 0x168838244253 mQmiMask=0xf02206060a2cb qmiMask=0xf02206060a2cb
06-20 22:12:56.045 I/LocSvc_ApiV02( 1802): registerEventMask:829] mMask: 0x168838244253 mQmiMask=0xf02206060a2cb qmiMask=0xf02206060a2cb
06-20 22:12:56.046 D/ActivityManager( 2843): sync unfroze 19739 com.google.android.webview:sandboxed_process0:org.chromium.content.app.SandboxedProcessService0:0 for 3
06-20 22:12:56.046 D/AppOpsPrivacyItemMonitor( 4313): showLocationSystemApps  AppOpItem(Op code=1, UID=10498, AttributionTag=null, Package name=com.spectre.companion, Paused=false)false)false)false)
06-20 22:12:56.046 D/SLocation( 2843): LocationBuffer - receivedLocation - op[interval(min 60000, max 300000), waitTime 36000000, numOfUpdates 20, minDistance 200.0]dist : 2.2655895 diffTime : 1967 filtered Location
06-20 22:12:56.046 D/SLocation( 2843): BatchManager - received batch location buffered = false
06-20 22:12:56.046 D/ActivityManager( 2843): sync unfroze 18754 com.google.android.adservices.api for 3
06-20 22:12:56.046 W/Settings( 2843): Setting airplane_mode_on has moved from android.provider.Settings.System to android.provider.Settings.Global, returning read-only value.
06-20 22:12:56.047 D/AppOpsPrivacyItemMonitor( 4313): showLocationSystemApps  AppOpItem(Op code=1, UID=10112, AttributionTag=null, Package name=com.samsung.android.rubin.app, Paused=false)false)false)
06-20 22:12:56.047 D/SLocation( 2843): FilteredLastLocation - notify all last locations, loc : 3
06-20 22:12:56.047 I/power_partial_wake_state( 2843): [DIS,161758112,6,CMWakeLock:com.google.android.gms(enabled),10270,4696,WorkSource{10270 com.google.android.gms}]
06-20 22:12:56.047 I/power_partial_wake_state( 2843): [REL,161758112,6,CMWakeLock:com.google.android.gms,10270,4696,WorkSource{10270 com.google.android.gms}]
06-20 22:12:56.048 I/ActivityManager( 2843): Changes in 99004 19 to 11, 0 to 384
06-20 22:12:56.048 I/ActivityManager( 2843): Changes in 10405 19 to 11, 0 to 384
06-20 22:12:56.048 I/am_uid_active( 2843): 10405
06-20 22:12:56.048 I/ActivityManager( 2843): Changes in 10324 19 to 11, 0 to 384
06-20 22:12:56.048 I/ActivityManager( 2843): Changes in 10269 19 to 11, 128 to 384
06-20 22:12:56.049 D/ActivityManager( 2843): Received BROADCAST intent 0xa4305e9 Key{broadcastIntent pkg=com.acmeaom.android.myradar intent=xflg=0x4 cmp=com.acmeaom.android.myradar/com.acmeaom.android.lu.location.BalancedPowerLocationBroadcastReceiver flags=0x2000000 u=0} requestCode=102 sent=0 from uid 10270
06-20 22:12:56.049 D/AppOpsPrivacyItemMonitor( 4313): showLocationSystemApps  AppOpItem(Op code=1, UID=10099, AttributionTag=null, Package name=com.samsung.android.mcfds, Paused=false)false)false)
06-20 22:12:56.049 D/ActivityManager( 2843): Received BROADCAST intent 0x2276604 Key{broadcastIntent pkg=com.acmeaom.android.myradar intent=xflg=0x4 cmp=com.acmeaom.android.myradar/com.acmeaom.android.lu.location.NoPowerLocationBroadcastReceiver flags=0x2000000 u=0} requestCode=105 sent=0 from uid 10270
06-20 22:12:56.049 I/CameraService( 2271): onUidStateChanged: uid=10405, procState is changed. (20 -> 11)
06-20 22:12:56.050 D/ActivityManager( 2843): Received SERVICE intent 0x80fee6f Key{startService pkg=com.google.android.gms/current_semantic_location intent=act=com.google.android.gms.semanticlocation.ACTION_LOCATION xflg=0x4 cmp=com.google.android.gms/.semanticlocation.service.SemanticLocationService flags=0x2000000 u=0} requestCode=0 from uid 10270
06-20 22:12:56.051 D/ActivityManager( 2843): Received SERVICE intent 0xa92529e Key{startService pkg=com.google.android.gms/com.google.android.gms.locationsharingreporter intent=act=com.google.android.gms.locationsharingreporter.service.reporting.periodic.ACTION_PERIODIC_LOCATION_UPDATE cat=[targeted_intent_op_prefix:.locationsharingreporter.service.reporting.periodic.PeriodicLocationReportingIntentOperation] xflg=0x4 cmp=com.google.android.gms/.chimera.PersistentIntentOperationService flags=0x2000000 u=0} requestCode=0 from uid 10270
06-20 22:12:56.052 D/AppOpsPrivacyItemMonitor( 4313): showLocationSystemApps  AppOpItem(Op code=1, UID=5013, AttributionTag=null, Package name=com.sec.location.nsflp2, Paused=false)
06-20 22:12:56.052 D/ActivityManager( 2843): Received BROADCAST intent 0xbbe38b3 Key{broadcastIntent pkg=com.acmeaom.android.myradar intent=xflg=0x4 cmp=com.acmeaom.android.myradar/com.acmeaom.android.lu.location.LowPowerLocationBroadcastReceiver flags=0x2000000 u=0} requestCode=104 sent=0 from uid 10270
06-20 22:12:56.052 D/AppOpsPrivacyItemMonitor( 4313): showLocationSystemApps  AppOpItem(Op code=1, UID=10405, AttributionTag=null, Package name=com.acmeaom.android.myradar, Paused=false)
06-20 22:12:56.052 I/am_unfreeze( 2843): [19739,com.google.android.webview:sandboxed_process0:org.chromium.content.app.SandboxedProcessService0:0,3]
06-20 22:12:56.053 I/power_partial_wake_state( 2843): [DIS,161575372,7,FusedLocation:com.google.android.gms(enabled),10270,4696,WorkSource{10270 com.google.android.gms}]
06-20 22:12:56.053 I/power_partial_wake_state( 2843): [REL,161575372,7,FusedLocation:com.google.android.gms,10270,4696,WorkSource{10270 com.google.android.gms}]
06-20 22:12:56.053 I/am_unfreeze( 2843): [18754,com.google.android.adservices.api,3]
06-20 22:12:56.053 D/AiAgentEffect( 4313): onPrivacyItemsChanged privacyItems.size = 5
06-20 22:12:56.053 D/AiAgentEffect( 4313): onPrivacyItemsChanged privacyItems isEmpty or found item is null
06-20 22:12:56.053 I/RequestManager_FLP( 5290): onOpChanged, op=0 / packageName=com.android.vending
06-20 22:12:56.054 D/AppOpsPrivacyItemMonitor( 4313): showLocationSystemApps  AppOpItem(Op code=1, UID=10498, AttributionTag=null, Package name=com.spectre.companion, Paused=false)false)false)false)false)
06-20 22:12:56.054 D/AppOpsPrivacyItemMonitor( 4313): showLocationSystemApps  AppOpItem(Op code=1, UID=10112, AttributionTag=null, Package name=com.samsung.android.rubin.app, Paused=false)false)false)false)
06-20 22:12:56.054 D/AppOpsPrivacyItemMonitor( 4313): showLocationSystemApps  AppOpItem(Op code=1, UID=10099, AttributionTag=null, Package name=com.samsung.android.mcfds, Paused=false)false)false)false)
06-20 22:12:56.054 D/AppOpsPrivacyItemMonitor( 4313): showLocationSystemApps  AppOpItem(Op code=1, UID=5013, AttributionTag=null, Package name=com.sec.location.nsflp2, Paused=false)false)
06-20 22:12:56.054 I/HoneySpace.StatusIconTracker( 4771): invokeEvent() called with: event = PrivacyInfo(visible=false)
06-20 22:12:56.055 D/AppOpsPrivacyItemMonitor( 4313): showLocationSystemApps  AppOpItem(Op code=1, UID=10405, AttributionTag=null, Package name=com.acmeaom.android.myradar, Paused=false)false)
06-20 22:12:56.055 D/AppOpsPrivacyItemMonitor( 4313): showLocationSystemApps  AppOpItem(Op code=1, UID=10270, AttributionTag=com.google.android.gms.locationsharingreporter, Package name=com.google.android.gms, Paused=false)
06-20 22:12:56.055 I/power_partial_wake_state( 2843): [DIS,167100407,11,FusedLocation:com.google.android.gms(enabled),10270,4696,WorkSource{10270 com.google.android.gms}]
06-20 22:12:56.055 I/power_partial_wake_state( 2843): [REL,167100407,11,FusedLocation:com.google.android.gms,10270,4696,WorkSource{10270 com.google.android.gms}]
06-20 22:12:56.056 D/AppOpsPrivacyItemMonitor( 4313): showLocationSystemApps  AppOpItem(Op code=1, UID=10498, AttributionTag=null, Package name=com.spectre.companion, Paused=false)false)false)false)false)false)
06-20 22:12:56.056 D/AppOpsPrivacyItemMonitor( 4313): showLocationSystemApps  AppOpItem(Op code=1, UID=10112, AttributionTag=null, Package name=com.samsung.android.rubin.app, Paused=false)false)false)false)false)
06-20 22:12:56.056 D/AppOpsPrivacyItemMonitor( 4313): showLocationSystemApps  AppOpItem(Op code=1, UID=10099, AttributionTag=null, Package name=com.samsung.android.mcfds, Paused=false)false)false)false)false)
06-20 22:12:56.056 D/AppOpsPrivacyItemMonitor( 4313): showLocationSystemApps  AppOpItem(Op code=1, UID=5013, AttributionTag=null, Package name=com.sec.location.nsflp2, Paused=false)false)false)
06-20 22:12:56.056 D/AppOpsPrivacyItemMonitor( 4313): showLocationSystemApps  AppOpItem(Op code=1, UID=10405, AttributionTag=null, Package name=com.acmeaom.android.myradar, Paused=false)false)false)
06-20 22:12:56.056 D/AppOpsPrivacyItemMonitor( 4313): showLocationSystemApps  AppOpItem(Op code=1, UID=10270, AttributionTag=com.google.android.gms.locationsharingreporter, Package name=com.google.android.gms, Paused=false)false)
06-20 22:12:56.059 I/SystemMemoryMap( 4696): (REDACTED) [geofence] serialization complete (extras/values=%.2f/%.2fkb)
06-20 22:12:56.060 W/View    ( 4313): requestLayout() improperly called by android.widget.FrameLayout{23f287b V.E...... ......I. 0,0-1080,2340 #14} during layout: running second layout pass
06-20 22:12:56.060 W/View    ( 4313): requestLayout() improperly called by com.android.systemui.qs.QSTouchAwareFrameLayout{d5be698 V.E...... ......ID 0,164-1080,2340 #7e0a0a4c com.android.systemui:id/qs_frame} during layout: running second layout pass
06-20 22:12:56.061 W/RefactorFlag( 4313): New code path expects SceneContainerFlag to be enabled.
06-20 22:12:56.061 D/AiAgentEffect( 4313): onPrivacyItemsChanged privacyItems.size = 6
06-20 22:12:56.061 D/AiAgentEffect( 4313): onPrivacyItemsChanged privacyItems isEmpty or found item is null
06-20 22:12:56.061 D/AiAgentEffect( 4313): onPrivacyItemsChanged privacyItems.size = 6
06-20 22:12:56.061 D/AiAgentEffect( 4313): onPrivacyItemsChanged privacyItems isEmpty or found item is null
06-20 22:12:56.062 I/BatteryService_BatteryPropertiesRegistrar( 2843): [getProperty]id:4
06-20 22:12:56.062 I/BatteryService_BatteryPropertiesRegistrar( 2843): [getProperty]prop.long:-9223372036854775808 ,prop.string:null
06-20 22:12:56.062 I/HoneySpace.StatusIconTracker( 4771): invokeEvent() called with: event = PrivacyInfo(visible=false)
06-20 22:12:56.062 I/HoneySpace.StatusIconTracker( 4771): invokeEvent() called with: event = PrivacyInfo(visible=false)
06-20 22:12:56.063 E/LoadedApk( 4696): Exception : java.lang.NullPointerException: Attempt to invoke virtual method 'boolean android.os.Looper.isPerfLogEnable()' on a null object reference
06-20 22:12:56.064 E/LoadedApk( 4696): Exception : java.lang.NullPointerException: Attempt to invoke virtual method 'boolean android.os.Looper.isPerfLogEnable()' on a null object reference
06-20 22:12:56.064 E/ActivityThread( 4696): scheduleRegisteredReceiver() called for android.app.PendingIntent$FinishedDispatcher@4b0be9f and Intent { flg=0x10 xflg=0x4 cmp=com.acmeaom.android.myradar/com.acmeaom.android.lu.location.GeofenceBroadcastReceiver (has extras) } from com.acmeaom.android.myradar (UID: 10405) without mechanism to propagate the sender's identity
06-20 22:12:56.065 I/am_wtf  ( 2843): [0,4696,com.google.android.gms.persistent,-1597325627,ActivityThread,scheduleRegisteredReceiver() called for android.app.PendingIntent$FinishedDispatcher@4b0be9f and Intent { flg=0x10 xflg=0x4 cmp=com.acmeaom.android.myradar/com.acmeaom.android.lu.location.GeofenceBroadcastReceiver (has extras) } from com.acmeaom.android.myradar (UID: 10405) without mechanism to propagate the sender's identity]
06-20 22:12:56.065 I/Geofencer( 4696): (REDACTED) Batched PI for %s finished with code %d
06-20 22:12:56.065 I/power_partial_wake_state( 2843): [DIS,61326537,25,Geofencer:com.google.android.gms(enabled),10270,4696,WorkSource{10405 com.acmeaom.android.myradar}]
06-20 22:12:56.065 I/power_partial_wake_state( 2843): [REL,61326537,25,Geofencer:com.google.android.gms,10270,4696,WorkSource{10405 com.acmeaom.android.myradar}]
06-20 22:12:56.065 I/LSR     ( 4696): Received in the callback location is accurate enough, uploading it [CONTEXT service_id=277 ]
06-20 22:12:56.066 I/LSR     ( 4696): Starting pre-upload checks [CONTEXT service_id=277 ]
06-20 22:12:56.067 I/LSR     ( 4696): Finished pre-upload checks for all accounts [CONTEXT service_id=277 ]
06-20 22:12:56.068 D/ConnectivityManager(19602): StackLog: [android.net.ConnectivityManager.releaseNetworkRequest(ConnectivityManager.java:5252)] [android.net.ConnectivityManager.unregisterNetworkCallback(ConnectivityManager.java:5621)] [fh.d(ProGuard:18)] [tqf.l(ProGuard:34)] [com.acmeaom.android.lu.location.b.a(ProGuard:196)] [com.acmeaom.android.lu.BaseBroadcastReceiver$onReceive$1.invoke(ProGuard:7)] [com.acmeaom.android.lu.BaseBroadcastReceiver$onReceive$1.invoke(ProGuard:11)] [com.acmeaom.android.lu.helpers.RunningCodeBlockHelper$waitForCodeBlock$codeBlockWithRelease$1.invoke(ProGuard:16)] [com.acmeaom.android.lu.helpers.RunningCodeBlockHelper$waitForCodeBlock$codeBlockWithRelease$1.invoke(ProGuard:30)] [jj.e(ProGuard:4)] [jj.b(ProGuard:1)] [hj.run(ProGuard:3)]
06-20 22:12:56.068 I/LSR     ( 4696): No periodic requests, ignoring upload attempt [CONTEXT service_id=277 ]
06-20 22:12:56.069 W/View    ( 4313): requestLayout() improperly called by android.widget.FrameLayout{23f287b V.E...... ......I. 0,0-1080,2340 #14} during layout: running second layout pass
06-20 22:12:56.069 W/View    ( 4313): requestLayout() improperly called by com.android.systemui.qs.QSTouchAwareFrameLayout{d5be698 V.E...... ......ID 0,164-1080,2340 #7e0a0a4c com.android.systemui:id/qs_frame} during layout: running second layout pass
06-20 22:12:56.069 W/RefactorFlag( 4313): New code path expects SceneContainerFlag to be enabled.
06-20 22:12:56.070 D/BackgroundInstallControlService( 2843): Package event received: 0
06-20 22:12:56.071 D/ConnectivityManager(19602): StackLog: [android.net.ConnectivityManager.releaseNetworkRequest(ConnectivityManager.java:5252)] [android.net.ConnectivityManager.unregisterNetworkCallback(ConnectivityManager.java:5621)] [fh.d(ProGuard:18)] [tqf.l(ProGuard:34)] [com.acmeaom.android.lu.location.b.a(ProGuard:196)] [com.acmeaom.android.lu.BaseBroadcastReceiver$onReceive$1.invoke(ProGuard:7)] [com.acmeaom.android.lu.BaseBroadcastReceiver$onReceive$1.invoke(ProGuard:11)] [com.acmeaom.android.lu.helpers.RunningCodeBlockHelper$waitForCodeBlock$codeBlockWithRelease$1.invoke(ProGuard:16)] [com.acmeaom.android.lu.helpers.RunningCodeBlockHelper$waitForCodeBlock$codeBlockWithRelease$1.invoke(ProGuard:30)] [jj.e(ProGuard:4)] [jj.b(ProGuard:1)] [hj.run(ProGuard:3)]
06-20 22:12:56.071 W/Geofencer( 4696): registration not active, registration not permitted for registration: 10405/com.acmeaom.android.myradar/7391691c {na} (FINE) GeofenceRequest(41.9598383,-87.9930694+150.0m, dwell=1000ms, eventsFilter=[INSIDE, OUTSIDE, INSIDE_DWELL], initialEventsFilter=[INSIDE] [CONTEXT service_id=6 ]
06-20 22:12:56.071 I/AlarmManager( 4696): set [name: SystemMemoryMap-geofence type: 2 triggerAtMillis: 9223372036854775806 windowMillis: -1 intervalMillis: 0]
06-20 22:12:56.071 I/power_partial_wake_state( 2843): [DIS,204552671,28,FusedLocation:com.google.android.gms(enabled),10270,4696,WorkSource{10405 com.acmeaom.android.myradar}]
06-20 22:12:56.071 I/power_partial_wake_state( 2843): [REL,204552671,28,FusedLocation:com.google.android.gms,10270,4696,WorkSource{10405 com.acmeaom.android.myradar}]
06-20 22:12:56.072 I/SystemMemoryMap( 4696): (REDACTED) [geofence] serialization complete (extras/values=%.2f/%.2fkb)
06-20 22:12:56.073 I/SystemMemoryMap( 4696): (REDACTED) [geofence] serialization complete (extras/values=%.2f/%.2fkb)
06-20 22:12:56.073 I/SystemMemoryMap( 4696): (REDACTED) [geofence] serialization complete (extras/values=%.2f/%.2fkb)
06-20 22:12:56.073 D/ActivityManager( 2843): Received BROADCAST intent 0xc988d82 Key{broadcastIntent pkg=com.acmeaom.android.myradar intent=xflg=0x4 cmp=com.acmeaom.android.myradar/com.acmeaom.android.lu.location.GeofenceBroadcastReceiver flags=0x2000000 u=0} requestCode=0 sent=0 from uid 10270
06-20 22:12:56.073 I/TFLite-in-PlayServices( 4696): Created interpreter.
06-20 22:12:56.074 D/ConnectivityManager(19602): StackLog: [android.net.ConnectivityManager.releaseNetworkRequest(ConnectivityManager.java:5252)] [android.net.ConnectivityManager.unregisterNetworkCallback(ConnectivityManager.java:5621)] [fh.d(ProGuard:18)] [tqf.l(ProGuard:34)] [com.acmeaom.android.lu.location.b.a(ProGuard:196)] [com.acmeaom.android.lu.BaseBroadcastReceiver$onReceive$1.invoke(ProGuard:7)] [com.acmeaom.android.lu.BaseBroadcastReceiver$onReceive$1.invoke(ProGuard:11)] [com.acmeaom.android.lu.helpers.RunningCodeBlockHelper$waitForCodeBlock$codeBlockWithRelease$1.invoke(ProGuard:16)] [com.acmeaom.android.lu.helpers.RunningCodeBlockHelper$waitForCodeBlock$codeBlockWithRelease$1.invoke(ProGuard:30)] [jj.e(ProGuard:4)] [jj.b(ProGuard:1)] [hj.run(ProGuard:3)]
06-20 22:12:56.074 I/power_partial_wake_state( 2843): [DIS,244946171,29,FusedLocation:com.google.android.gms(enabled),10270,4696,WorkSource{10405 com.acmeaom.android.myradar}]
06-20 22:12:56.074 I/power_partial_wake_state( 2843): [REL,244946171,29,FusedLocation:com.google.android.gms,10270,4696,WorkSource{10405 com.acmeaom.android.myradar}]
06-20 22:12:56.075 E/ActivityThread( 4696): scheduleRegisteredReceiver() called for android.app.PendingIntent$FinishedDispatcher@7b4eafe and Intent { flg=0x10 xflg=0x4 cmp=com.acmeaom.android.myradar/com.acmeaom.android.lu.location.GeofenceBroadcastReceiver (has extras) } from com.acmeaom.android.myradar (UID: 10405) without mechanism to propagate the sender's identity
06-20 22:12:56.075 I/ActivityManager( 2843): Changes in 99004 11 to 19, 384 to 128
06-20 22:12:56.075 I/ActivityManager( 2843): Changes in 10405 11 to 19, 384 to 128
06-20 22:12:56.075 I/ActivityManager( 2843): Changes in 10324 11 to 19, 384 to 128
06-20 22:12:56.075 I/ActivityManager( 2843): Changes in 10269 11 to 19, 384 to 128
06-20 22:12:56.075 I/CameraService( 2271): onUidStateChanged: uid=10405, procState is changed. (11 -> 19)
06-20 22:12:56.076 I/am_wtf  ( 2843): [0,4696,com.google.android.gms.persistent,-1597325627,ActivityThread,scheduleRegisteredReceiver() called for android.app.PendingIntent$FinishedDispatcher@7b4eafe and Intent { flg=0x10 xflg=0x4 cmp=com.acmeaom.android.myradar/com.acmeaom.android.lu.location.GeofenceBroadcastReceiver (has extras) } from com.acmeaom.android.myradar (UID: 10405) without mechanism to propagate the sender's identity]
06-20 22:12:56.076 I/Geofencer( 4696): (REDACTED) Batched PI for %s finished with code %d
06-20 22:12:56.076 I/power_partial_wake_state( 2843): [DIS,84192964,3,Geofencer:com.google.android.gms(enabled),10270,4696,WorkSource{10405 com.acmeaom.android.myradar}]
06-20 22:12:56.076 I/power_partial_wake_state( 2843): [REL,84192964,3,Geofencer:com.google.android.gms,10270,4696,WorkSource{10405 com.acmeaom.android.myradar}]
06-20 22:12:56.076 D/PerProcessNandswap$NandswapHandler( 2843): nandswap start for non-activity com.google.android.adservices.api(pid 18754) action:14 adj:905 type:1
06-20 22:12:56.079 I/TFLite-in-PlayServices( 4696): Created interpreter.
06-20 22:12:56.085 I/SemanticLocation( 4696): (REDACTED) [Inferrer] %s%s
06-20 22:12:56.101 D/PerProcessNandswap$NandswapHandler( 2843): nandswap end for non-activity com.google.android.adservices.api(pid 18754) ret:17179836416 adj:905
06-20 22:12:56.102 I/am_nandswap( 2843): [18754,com.google.android.adservices.api,14,17179836416,905,19,25ms,1,[0, 22720, 21888, 44288, 44995, 0, 0, 0],38407680,10780012,[0, 22720, 21888, 44288, 44995, 0, 0, 0],38407680,10776180]
06-20 22:12:56.107 W/SemanticLocation( 4696): [AddAdditionalPlaceDetailsUtil] Failed to fetch place info for fprint from place index. [CONTEXT service_id=173 ]
06-20 22:12:56.108 I/SemanticLocation( 4696): (REDACTED) [OdlhCache] flushing %d segments
06-20 22:12:56.109 I/PerProcessNandswap$NandswapMsgHandler( 2843): madvise_prefetch for com.google.android.gms
06-20 22:12:56.109 I/ActivityManager( 2843): Changes in 10269 19 to 5, 128 to 440
06-20 22:12:56.109 D/BackgroundInstallControlService( 2843): Package event received: 0
06-20 22:12:56.109 D/BackgroundInstallControlService( 2843): Package event received: 0
06-20 22:12:56.109 I/ActivityManager( 2843): Changes in 10121 8 to 5, 384 to 440
06-20 22:12:56.109 D/HidDeviceService( 4244): handleMessage: MESSAGE_IMPORTANCE_CHANGE
06-20 22:12:56.110 D/BackgroundInstallControlService( 2843): Package event received: 0
06-20 22:12:56.110 D/HidDeviceService( 4244): handleMessage: MESSAGE_IMPORTANCE_CHANGE
06-20 22:12:56.110 D/BackgroundInstallControlService( 2843): Package event received: 0
06-20 22:12:56.110 D/BoundBrokerSvc( 5404): onRebind: Intent { act=com.google.android.gms.semanticlocationhistory.zeroparty.service.START dat=chimera-action:/... xflg=0x4 cmp=com.google.android.gms/.chimera.GmsApiService }
06-20 22:12:56.110 D/AppOpsPrivacyItemMonitor( 4313): showLocationSystemApps  AppOpItem(Op code=1, UID=10498, AttributionTag=null, Package name=com.spectre.companion, Paused=false)false)false)false)false)false)false)
06-20 22:12:56.111 D/AppOpsPrivacyItemMonitor( 4313): showLocationSystemApps  AppOpItem(Op code=1, UID=10112, AttributionTag=null, Package name=com.samsung.android.rubin.app, Paused=false)false)false)false)false)false)
06-20 22:12:56.111 I/RequestManager_FLP( 5290): onOpChanged, op=0 / packageName=com.android.vending
06-20 22:12:56.111 D/AppOpsPrivacyItemMonitor( 4313): showLocationSystemApps  AppOpItem(Op code=1, UID=10099, AttributionTag=null, Package name=com.samsung.android.mcfds, Paused=false)false)false)false)false)false)
06-20 22:12:56.111 D/AppOpsPrivacyItemMonitor( 4313): showLocationSystemApps  AppOpItem(Op code=1, UID=5013, AttributionTag=null, Package name=com.sec.location.nsflp2, Paused=false)false)false)false)
06-20 22:12:56.112 D/AppOpsPrivacyItemMonitor( 4313): showLocationSystemApps  AppOpItem(Op code=1, UID=10405, AttributionTag=null, Package name=com.acmeaom.android.myradar, Paused=false)false)false)false)
06-20 22:12:56.112 D/AppOpsPrivacyItemMonitor( 4313): showLocationSystemApps  AppOpItem(Op code=1, UID=10270, AttributionTag=com.google.android.gms.locationsharingreporter, Package name=com.google.android.gms, Paused=false)false)false)
06-20 22:12:56.112 D/AppOpsPrivacyItemMonitor( 4313): showLocationSystemApps  AppOpItem(Op code=1, UID=10275, AttributionTag=null, Package name=com.google.android.gms.location.history, Paused=false)
06-20 22:12:56.112 D/AiAgentEffect( 4313): onPrivacyItemsChanged privacyItems.size = 7
06-20 22:12:56.112 D/AiAgentEffect( 4313): onPrivacyItemsChanged privacyItems isEmpty or found item is null
06-20 22:12:56.113 I/HoneySpace.StatusIconTracker( 4771): invokeEvent() called with: event = PrivacyInfo(visible=false)
06-20 22:12:56.114 I/LocationHistory( 5404): (REDACTED) [API0] saving %d segments
06-20 22:12:56.115 D/ActivityManager( 2843): Received SERVICE intent 0x8d350f4 Key{startService pkg=com.google.android.gms/com.google.android.gms.locationsharingreporter intent=act=com.google.android.gms.locationsharingreporter.service.reporting.semantic.ACTION_SEMANTIC_LOCATION_UPDATE cat=[targeted_intent_op_prefix:.locationsharingreporter.service.reporting.semantic.SemanticLocationIntentOperation] dat=mailto:xxxx.xxxxxxxxx.xx@xxxxx.xxx xflg=0x4 cmp=com.google.android.gms/.chimera.PersistentIntentOperationService flags=0x2000000 u=0} requestCode=0 from uid 10270
06-20 22:12:56.116 I/PerProcessNandswap$NandswapMsgHandler( 2843): madvise_prefetch for com.android.vending
06-20 22:12:56.116 D/ActivityManager( 2843): Received BROADCAST intent 0xa2c209e Key{broadcastIntent pkg=com.google.android.apps.maps intent=act=com.google.android.apps.gmm.kits.location.csl.INFERENCE cat=[] dat=mailto:xxx.xxxxxxxxx.xx@xxxxx.xxx xflg=0x4 pkg=com.google.android.apps.maps cmp=com.google.android.apps.maps/com.google.android.apps.gmm.kits.location.csl.CurrentSemanticLocationReceiver clip={text/vnd.android.intent hasLabel(0) {I:xflg=0x4}} flags=0x2000000 u=0} requestCode=0 sent=0 from uid 10270
06-20 22:12:56.117 I/am_uid_running( 2843): 10290
06-20 22:12:56.119 W/View    ( 4313): requestLayout() improperly called by android.widget.FrameLayout{23f287b V.E...... ......I. 0,0-1080,2340 #14} during layout: running second layout pass
06-20 22:12:56.119 W/View    ( 4313): requestLayout() improperly called by com.android.systemui.qs.QSTouchAwareFrameLayout{d5be698 V.E...... ......ID 0,164-1080,2340 #7e0a0a4c com.android.systemui:id/qs_frame} during layout: running second layout pass
06-20 22:12:56.119 W/RefactorFlag( 4313): New code path expects SceneContainerFlag to be enabled.
06-20 22:12:56.120 D/AppOpsPrivacyItemMonitor( 4313): showLocationSystemApps  AppOpItem(Op code=1, UID=10498, AttributionTag=null, Package name=com.spectre.companion, Paused=false)false)false)false)false)false)false)false)
06-20 22:12:56.121 D/AppOpsPrivacyItemMonitor( 4313): showLocationSystemApps  AppOpItem(Op code=1, UID=10112, AttributionTag=null, Package name=com.samsung.android.rubin.app, Paused=false)false)false)false)false)false)false)
06-20 22:12:56.121 D/AppOpsPrivacyItemMonitor( 4313): showLocationSystemApps  AppOpItem(Op code=1, UID=10099, AttributionTag=null, Package name=com.samsung.android.mcfds, Paused=false)false)false)false)false)false)false)
06-20 22:12:56.122 D/AppOpsPrivacyItemMonitor( 4313): showLocationSystemApps  AppOpItem(Op code=1, UID=5013, AttributionTag=null, Package name=com.sec.location.nsflp2, Paused=false)false)false)false)false)
06-20 22:12:56.122 D/AppOpsPrivacyItemMonitor( 4313): showLocationSystemApps  AppOpItem(Op code=1, UID=10405, AttributionTag=null, Package name=com.acmeaom.android.myradar, Paused=false)false)false)false)false)
06-20 22:12:56.122 D/AppOpsPrivacyItemMonitor( 4313): showLocationSystemApps  AppOpItem(Op code=1, UID=10270, AttributionTag=com.google.android.gms.locationsharingreporter, Package name=com.google.android.gms, Paused=false)false)false)false)
06-20 22:12:56.122 D/AppOpsPrivacyItemMonitor( 4313): showLocationSystemApps  AppOpItem(Op code=1, UID=10275, AttributionTag=null, Package name=com.google.android.gms.location.history, Paused=false)false)
06-20 22:12:56.122 D/AppOpsPrivacyItemMonitor( 4313): showLocationSystemApps  AppOpItem(Op code=1, UID=10290, AttributionTag=null, Package name=com.google.android.apps.maps, Paused=false)
06-20 22:12:56.123 D/AiAgentEffect( 4313): onPrivacyItemsChanged privacyItems.size = 8
06-20 22:12:56.123 D/AiAgentEffect( 4313): onPrivacyItemsChanged privacyItems isEmpty or found item is null
06-20 22:12:56.123 I/HoneySpace.StatusIconTracker( 4771): invokeEvent() called with: event = PrivacyInfo(visible=false)
06-20 22:12:56.127 W/View    ( 4313): requestLayout() improperly called by android.widget.FrameLayout{23f287b V.E...... ......I. 0,0-1080,2340 #14} during layout: running second layout pass
06-20 22:12:56.127 W/View    ( 4313): requestLayout() improperly called by com.android.systemui.qs.QSTouchAwareFrameLayout{d5be698 V.E...... ......ID 0,164-1080,2340 #7e0a0a4c com.android.systemui:id/qs_frame} during layout: running second layout pass
06-20 22:12:56.127 W/RefactorFlag( 4313): New code path expects SceneContainerFlag to be enabled.
06-20 22:12:56.128 D/Zygote  ( 1696): Forked child process 19939
06-20 22:12:56.128 I/am_proc_start( 2843): [0,19939,10290,com.google.android.apps.maps,broadcast,{com.google.android.apps.maps/com.google.android.apps.gmm.kits.location.csl.CurrentSemanticLocationReceiver}]
06-20 22:12:56.128 I/LocationHistory( 5404): [DataProvider] Opening SQLite [CONTEXT service_id=314 ]
06-20 22:12:56.128 D/DeviceReportingSecurityChecker( 2843): getStatus
06-20 22:12:56.128 D/DeviceReportingSecurityChecker( 2843): mIsICDStatus is true
06-20 22:12:56.128 D/DeviceReportingSecurityChecker( 2843): mIsSim is true
06-20 22:12:56.128 D/DeviceReportingSecurityChecker( 2843): mIsEchoAppSignature is true
06-20 22:12:56.128 D/DeviceReportingSecurityChecker( 2843): security check passed
06-20 22:12:56.128 D/DeviceReportingSecurityChecker( 2843): mIsICDStatus === true mIsSim == true mIsMyAccountSignature== false mIsEchoAppSignature== true mIsSprintHubSignature== false
06-20 22:12:56.128 I/ActivityManager( 2843): Start proc 19939:com.google.android.apps.maps/u0a290 for broadcast {com.google.android.apps.maps/com.google.android.apps.gmm.kits.location.csl.CurrentSemanticLocationReceiver}
06-20 22:12:56.138 I/Zygote  (19939): Process 19939 created for com.google.android.apps.maps
06-20 22:12:56.138 I/droid.apps.maps(19939): Using generational CollectorTypeCMC GC.
06-20 22:12:56.140 I/adbd    ( 6914): jdwp connection from 19939
06-20 22:12:56.141 D/nativeloader(19939): Load libframework-connectivity-tiramisu-jni.so using APEX ns com_android_tethering for caller /apex/com.android.tethering/javalib/framework-connectivity-t.jar: ok
06-20 22:12:56.142 D/ActivityThread(19939): setConscryptValidator
06-20 22:12:56.142 D/ActivityThread(19939): setConscryptValidator - put
06-20 22:12:56.144 I/am_proc_bound( 2843): [0,19939,com.google.android.apps.maps]
06-20 22:12:56.147 I/ActivityManager( 2843): Changes in 10290 20 to 19, 0 to 384
06-20 22:12:56.147 V/OsAgent ( 5880): broadcastSystemEvent - 7
06-20 22:12:56.147 D/HidDeviceService( 4244): handleMessage: MESSAGE_IMPORTANCE_CHANGE
06-20 22:12:56.148 D/HidDeviceService( 4244): unregisterAppUid(): uid=10290
06-20 22:12:56.148 D/HidDeviceService( 4244): unregisterAppUid(): caller UID doesn't match user UID
06-20 22:12:56.149 D/ApplicationLoaders(19939): Returning zygote-cached class loader: /system_ext/framework/androidx.window.extensions.jar
06-20 22:12:56.149 D/ApplicationLoaders(19939): Returning zygote-cached class loader: /system_ext/framework/androidx.window.sidecar.jar
06-20 22:12:56.166 W/droid.apps.maps(19939): Failed to find entry 'classes.dex': Entry not found
06-20 22:12:56.166 W/droid.apps.maps(19939): Failed to find entry 'classes.dex': Entry not found
06-20 22:12:56.167 W/droid.apps.maps(19939): Failed to find entry 'classes.dex': Entry not found
06-20 22:12:56.167 D/nativeloader(19939): Configuring clns-9 for other apk /data/app/~~eqRNvqE4FsKBewPguKFEtg==/com.google.android.apps.maps-lEd-HC0kLmdXkbZJj4Iq0A==/base.apk:/data/app/~~eqRNvqE4FsKBewPguKFEtg==/com.google.android.apps.maps-lEd-HC0kLmdXkbZJj4Iq0A==/split_config.arm64_v8a.apk:/data/app/~~eqRNvqE4FsKBewPguKFEtg==/com.google.android.apps.maps-lEd-HC0kLmdXkbZJj4Iq0A==/split_config.en.apk:/data/app/~~eqRNvqE4FsKBewPguKFEtg==/com.google.android.apps.maps-lEd-HC0kLmdXkbZJj4Iq0A==/split_config.xxhdpi.apk. target_sdk_version=37, uses_libraries=libOpenCL.so, library_path=/data/app/~~eqRNvqE4FsKBewPguKFEtg==/com.google.android.apps.maps-lEd-HC0kLmdXkbZJj4Iq0A==/lib/arm64:/data/app/~~eqRNvqE4FsKBewPguKFEtg==/com.google.android.apps.maps-lEd-HC0kLmdXkbZJj4Iq0A==/base.apk!/lib/arm64-v8a:/data/app/~~eqRNvqE4FsKBewPguKFEtg==/com.google.android.apps.maps-lEd-HC0kLmdXkbZJj4Iq0A==/split_config.arm64_v8a.apk!/lib/arm64-v8a:/data/app/~~eqRNvqE4FsKBewPguKFEtg==/com.google.android.apps.maps-lEd-HC0kLmdXkbZJj4Iq0A==/split_config.en.apk!/lib/arm64-v8a:/data
06-20 22:12:56.170 V/GraphicsEnvironment(19939): Currently set values for:
06-20 22:12:56.170 V/GraphicsEnvironment(19939):   angle_gl_driver_selection_pkgs=[]
06-20 22:12:56.170 V/GraphicsEnvironment(19939):   angle_gl_driver_selection_values=[]
06-20 22:12:56.170 V/GraphicsEnvironment(19939): com.google.android.apps.maps is not listed in per-application setting
06-20 22:12:56.170 V/GraphicsEnvironment(19939): ANGLE allowlist from config: com.dreamgames.royalmatch com.dts.freefiremax com.dxx.firenow com.gramgames.mergedragons com.ludo.king com.mojang.minecraftpe com.my.defense com.nintendo.zaka com.os.airforce com.playrix.fishdomdd.gplay io.teslatech.callbreak jp.konami.prospia net.peakgames.toonblast
06-20 22:12:56.170 V/GraphicsEnvironment(19939): No special selections for ANGLE, returning default driver choice
06-20 22:12:56.170 V/GraphicsEnvironment(19939): App is not on the allowlist for updatable production driver.
06-20 22:12:56.205 W/Settings(19939): Setting device_provisioned has moved from android.provider.Settings.System to android.provider.Settings.Global, returning read-only value.
06-20 22:12:56.208 E/ashmem  (19939): Pinning is deprecated since Android Q. Please use trim or other methods.
06-20 22:12:56.215 D/nativeloader(19939): Load /data/app/~~eqRNvqE4FsKBewPguKFEtg==/com.google.android.apps.maps-lEd-HC0kLmdXkbZJj4Iq0A==/split_config.arm64_v8a.apk!/lib/arm64-v8a/libflagging_native.so using class loader ns clns-9 (caller=/data/app/~~eqRNvqE4FsKBewPguKFEtg==/com.google.android.apps.maps-lEd-HC0kLmdXkbZJj4Iq0A==/base.apk!classes2.dex): ok
06-20 22:12:56.216 D/nativeloader(19939): Load /data/app/~~eqRNvqE4FsKBewPguKFEtg==/com.google.android.apps.maps-lEd-HC0kLmdXkbZJj4Iq0A==/split_config.arm64_v8a.apk!/lib/arm64-v8a/libnative_crash_handler_jni.so using class loader ns clns-9 (caller=/data/app/~~eqRNvqE4FsKBewPguKFEtg==/com.google.android.apps.maps-lEd-HC0kLmdXkbZJj4Iq0A==/base.apk!classes2.dex): ok
06-20 22:12:56.217 D/nativeloader(19939): Load /data/app/~~eqRNvqE4FsKBewPguKFEtg==/com.google.android.apps.maps-lEd-HC0kLmdXkbZJj4Iq0A==/split_config.arm64_v8a.apk!/lib/arm64-v8a/libfilesystem_native.so using class loader ns clns-9 (caller=/data/app/~~eqRNvqE4FsKBewPguKFEtg==/com.google.android.apps.maps-lEd-HC0kLmdXkbZJj4Iq0A==/base.apk!classes2.dex): ok
06-20 22:12:56.247 I/LSR     ( 4696): (REDACTED) Upload location result is: %s
06-20 22:12:56.252 E/LoadedApk( 5404): Exception : java.lang.NullPointerException: Attempt to invoke virtual method 'boolean android.os.Looper.isPerfLogEnable()' on a null object reference
06-20 22:12:56.253 E/LoadedApk( 4696): Exception : java.lang.NullPointerException: Attempt to invoke virtual method 'boolean android.os.Looper.isPerfLogEnable()' on a null object reference
06-20 22:12:56.253 E/LoadedApk( 4696): Exception : java.lang.NullPointerException: Attempt to invoke virtual method 'boolean android.os.Looper.isPerfLogEnable()' on a null object reference
06-20 22:12:56.253 D/nativeloader(19939): Load /data/app/~~eqRNvqE4FsKBewPguKFEtg==/com.google.android.apps.maps-lEd-HC0kLmdXkbZJj4Iq0A==/split_config.arm64_v8a.apk!/lib/arm64-v8a/libgmm-jni.so using class loader ns clns-9 (caller=/data/app/~~eqRNvqE4FsKBewPguKFEtg==/com.google.android.apps.maps-lEd-HC0kLmdXkbZJj4Iq0A==/base.apk): ok
06-20 22:12:56.254 D/BackgroundInstallControlService( 2843): Package event received: 0
06-20 22:12:56.255 D/ActivityManager( 2843): sync unfroze 18782 com.google.android.projection.gearhead:car for 6
06-20 22:12:56.255 I/am_unfreeze( 2843): [18782,com.google.android.projection.gearhead:car,6]
06-20 22:12:56.255 I/ActivityManager( 2843): Changes in 10256 19 to 10, 0 to 384
06-20 22:12:56.256 I/emkh    ( 6834): (REDACTED) HDM. appOpsListener %s %s
06-20 22:12:56.257 I/RequestManager_FLP( 5290): onOpChanged, op=0 / packageName=com.google.android.projection.gearhead
06-20 22:12:56.258 I/LSR     ( 4696): Attempted to upload location for all accounts with centralized reporting state [CONTEXT service_id=277 ]
06-20 22:12:56.258 I/LSR     ( 4696): Attempted to upload location for all accounts [CONTEXT service_id=277 ]
06-20 22:12:56.258 I/LSR     ( 4696): Refreshing periodic location reporting state [CONTEXT service_id=277 ]
06-20 22:12:56.261 I/GH.CAR  (18782): onCreate
06-20 22:12:56.262 D/BackgroundInstallControlService( 2843): Package event received: 0
06-20 22:12:56.262 I/LSR     ( 4696): No periodic upload requests, periodic reporting should be disabled [CONTEXT service_id=277 ]
06-20 22:12:56.263 D/LocationManagerService( 2843): gps provider getLastLocation from : 10290/com.google.android.apps.maps
06-20 22:12:56.264 D/LocationManagerService( 2843): fused provider getLastLocation from : 10290/com.google.android.apps.maps
06-20 22:12:56.264 I/GH.CAR  (18782): GearheadCarStartupService.onBind
06-20 22:12:56.265 I/emkh    ( 6834): (REDACTED) HDM. Ignoring irrelevant audio permission changes for package %s
06-20 22:12:56.265 D/ConnectivityManager(19939): StackLog: [android.net.ConnectivityManager.sendRequestForNetwork(ConnectivityManager.java:4744)] [android.net.ConnectivityManager.registerDefaultNetworkCallbackForUid(ConnectivityManager.java:5469)] [android.net.ConnectivityManager.registerDefaultNetworkCallback(ConnectivityManager.java:5436)] [android.net.ConnectivityManager.registerDefaultNetworkCallback(ConnectivityManager.java:5410)] [a$$ExternalSyntheticApiModelOutline0.m(D8$$SyntheticClass:54)] [koc.b(PG:59)] [knj.n(PG:9)] [kng.a(PG:1)] [kcn.<init>(PG:101)] [knu.a(PG:7)] [knw.a(PG:148)] [ceim.<init>(PG:246)] [nsq.j(PG:421)] [nsq.a(PG:62)] [cubk.d(PG:10)] [cubk.a(PG:7)] [bpje.k(PG:55)] [bpge.run(PG:580)] [java.util.concurrent.Executors$RunnableAdapter.call(Executors.java:520)] [caaz.call(PG:17)] [bbtz.run(PG:16)] [java.util.concurrent.ThreadPoolExecutor.runWorker(ThreadPoolExecutor.java:1100)] [java.util.concurrent.ThreadPoolExecutor$Worker.run(ThreadPoolExecutor.java:624)] [aljf.run(PG:888)] [java.lang.Thread.run(Thread.java:1572)]
06-20 22:12:56.266 I/LSR     ( 4696): (REDACTED) Reporting should be enabled: %s
06-20 22:12:56.266 I/LSR     ( 4696): (REDACTED) Starting periodic location reporting, requestRefreshPolicy: %s
06-20 22:12:56.266 I/power_partial_wake_state( 2843): [DIS,162379070,1,CallbackRunner:com.google.android.gms(enabled),10270,4696,WorkSource{10270 com.google.android.gms}]
06-20 22:12:56.266 I/power_partial_wake_state( 2843): [REL,162379070,1,CallbackRunner:com.google.android.gms,10270,4696,WorkSource{10270 com.google.android.gms}]
06-20 22:12:56.266 I/SystemMemoryMap( 4696): (REDACTED) [activityrecognition] serialization complete (extras/values=%.2f/%.2fkb)
06-20 22:12:56.267 D/PerProcessNandswap$NandswapHandler( 2843): nandswap start for non-activity com.google.android.projection.gearhead:car(pid 18782) action:14 adj:905 type:1
06-20 22:12:56.267 I/GH.CAR  (18782): gearheadCarServiceBinder in mainHandler: true
06-20 22:12:56.267 I/LSR     ( 4696): PeriodicReporterMonitoringService started [CONTEXT service_id=277 ]
06-20 22:12:56.267 I/LSR     ( 4696): Internet connection detected, registering with FLP, AR & SL. [CONTEXT service_id=277 ]
06-20 22:12:56.268 I/LSR     ( 4696): Starting monitoring device setting changes [CONTEXT service_id=277 ]
06-20 22:12:56.268 I/LSR     ( 4696): Attempting to start listening to device setting changes [CONTEXT service_id=277 ]
06-20 22:12:56.268 I/LSR     ( 4696): (REDACTED) Device battery saver mode change, isEnabled: %s
06-20 22:12:56.269 I/LSR     ( 4696): (REDACTED) Device location setting change, isEnabled: %s
06-20 22:12:56.269 I/LSR     ( 4696): Attempting to register callbacks for device state changes [CONTEXT service_id=277 ]
06-20 22:12:56.269 I/LSR     ( 4696): Started monitoring device settings [CONTEXT service_id=277 ]
06-20 22:12:56.270 W/GMM-SatelliteConnectivity(19939): WIFI  isActiveNetworkSatellite: false  isNetworkDisabledByOfflineModeController: false  activeNetworkInfoIsNull: false
06-20 22:12:56.270 W/LSR     ( 4696): Getting detected activity failed. [CONTEXT service_id=277 ]
06-20 22:12:56.270 I/LSR     ( 4696): (REDACTED) Device activity detected as %s
06-20 22:12:56.270 I/LSR     ( 4696): (REDACTED) Device activity detected as %s
06-20 22:12:56.270 I/LSR     ( 4696): LSR should report with default frequency [CONTEXT service_id=277 ]
06-20 22:12:56.270 D/ConnectivityService( 2843): requestNetwork for uid/pid:10290/19939 activeRequest: null callbackRequest: 597 [NetworkRequest [ TRACK_DEFAULT id=598, [ Capabilities: INTERNET&NOT_RESTRICTED&TRUSTED&NOT_VCN_MANAGED&NOT_BANDWIDTH_CONSTRAINED Uid: 10290 RequestorUid: 10290 RequestorPkg: com.google.android.apps.maps UnderlyingNetworks: Null] ], NetworkRequest [ REQUEST id=599, [ Transports: SATELLITE Capabilities: INTERNET&NOT_RESTRICTED&TRUSTED&NOT_VCN_MANAGED Uid: 10290 RequestorUid: 10290 RequestorPkg: com.google.android.apps.maps UnderlyingNetworks: Null] ]] callback flags: 0 order: 2147483647 isUidTracked: false declaredMethods: AVAIL|LOST
06-20 22:12:56.270 I/LSR     ( 4696): LocationRequest hasn't changed, not sending another LocationRequest to FLP [CONTEXT service_id=277 ]
06-20 22:12:56.270 I/LSR     ( 4696): Attempting to schedule periodic location reporting maintenance task [CONTEXT service_id=277 ]
06-20 22:12:56.271 D/ConnectivityService( 2843):    accepting network in place of null for NetworkRequest [ TRACK_DEFAULT id=598, [ Capabilities: INTERNET&NOT_RESTRICTED&TRUSTED&NOT_VCN_MANAGED&NOT_BANDWIDTH_CONSTRAINED Uid: 10290 RequestorUid: 10290 RequestorPkg: com.google.android.apps.maps UnderlyingNetworks: Null] ]
06-20 22:12:56.271 I/GH.CAR  (18782): Using GearheadCarServiceBinder in CarMessageService.
06-20 22:12:56.271 I/GH.DelegateMngCarSvc(18782): Retries remaining initialized to 20
06-20 22:12:56.271 I/GH.CAR  (18782): Using Gearhead for projection services. All aboard! 🚀
06-20 22:12:56.271 I/GH.DelegateMngCarSvc(18782): Skipping delegate acquisition on init().
06-20 22:12:56.272 I/GH.CarService(18782): Setting delegate: iin@4ed778
06-20 22:12:56.272 I/CAR.SERVICE(18782): Setting CSB delegate, previous value null updated to jlr@6087e51
06-20 22:12:56.272 I/GH.CAR  (18782): ICar delegate chain:
06-20 22:12:56.272 I/GH.CAR  (18782): 	jmq@bc0a6b6
06-20 22:12:56.272 I/GH.CAR  (18782): 	-> iin@4ed778
06-20 22:12:56.272 I/GH.CAR  (18782): 	-> jlr@6087e51
06-20 22:12:56.272 I/LSR     ( 4696): Scheduling periodic location reporting maintenance task [CONTEXT service_id=277 ]
06-20 22:12:56.273 D/ConnectivityService( 2843): Rematched networks [computed 0ms] [applied 1ms] [issued 1]
06-20 22:12:56.273 D/ConnectivityService( 2843): NetworkReassignment :
06-20 22:12:56.273 D/ConnectivityService( 2843):   598 : null → 100
06-20 22:12:56.273 D/BoundBrokerSvc( 5404): onRebind: Intent { act=com.google.android.gms.semanticlocationhistory.service.START dat=chimera-action:/... xflg=0x4 cmp=com.google.android.gms/.chimera.GmsApiService }
06-20 22:12:56.276 I/BluetoothAdapter(19939): BluetoothAdapter() : com.google.android.apps.maps
06-20 22:12:56.277 W/System  (19939): ClassLoader referenced unknown path: 
06-20 22:12:56.277 D/nativeloader(19939): Configuring clns-10 for other apk . target_sdk_version=37, uses_libraries=, library_path=/data/app/~~-nj30iwwde2Q7l5y19B5mg==/com.google.android.gms-hMQlsSCSf8NV0kOWdheyqw==/lib/arm64:/data/app/~~-nj30iwwde2Q7l5y19B5mg==/com.google.android.gms-hMQlsSCSf8NV0kOWdheyqw==/base.apk!/lib/arm64-v8a, permitted_path=/data:/mnt/expand:/data/user/0/com.google.android.gms
06-20 22:12:56.281 D/DesktopExperienceFlags(19939): Toggle override initialized to: false
06-20 22:12:56.285 I/MdiSyncModule( 5404): (REDACTED) Receiving API connection from package '%s'...
06-20 22:12:56.285 I/MdiSyncModule( 5404): API connection successful!
06-20 22:12:56.288 I/power_partial_wake_state( 2843): [DIS,1806955,3,*job*r/com.sec.android.diagmonagent/.sa.business.scheduler.PolicyJobService:android(enabled),1000,2843,WorkSource{ chains=WorkChain{(1000), (1000, JobScheduler)}}]
06-20 22:12:56.288 I/power_partial_wake_state( 2843): [REL,1806955,3,*job*r/com.sec.android.diagmonagent/.sa.business.scheduler.PolicyJobService:android,1000,2843,WorkSource{ chains=WorkChain{(1000), (1000, JobScheduler)}}]
06-20 22:12:56.289 I/AppWidgetServiceImpl( 2843): getInstalledProvidersForProfiles lock in com.google.android.apps.maps
06-20 22:12:56.289 I/AppWidgetServiceImpl( 2843): getInstalledProvidersForProfiles lock exit 2
06-20 22:12:56.290 W/JobInfo (19939): Requested important-while-foreground flag for job10159 is ignored and takes no effect
06-20 22:12:56.290 I/AppWidgetServiceImpl( 2843): handleSaveMessage 0
06-20 22:12:56.291 I/DMASA[S]( 6984): [PolicyJobService]PolicyTask run
06-20 22:12:56.295 D/BackgroundInstallControlService( 2843): Package event received: 0
06-20 22:12:56.296 I/notification_cancel( 2843): [10290,19939,com.google.android.apps.maps,225554803,NULL,0,0,33856,8,NULL]
06-20 22:12:56.296 I/notification_cancel( 2843): [10290,19939,com.google.android.apps.maps,225554804,NULL,0,0,33856,8,NULL]
06-20 22:12:56.296 I/notification_cancel( 2843): [10290,19939,com.google.android.apps.maps,6,NULL,0,0,33856,8,NULL]
06-20 22:12:56.297 I/LocationHistory( 5404): [GetLocationHistorySettingsOperation] Running GetLocationHistorySettingsOperation [CONTEXT service_id=314 ]
06-20 22:12:56.302 D/NetdEventListenerService( 2843): DNS Requested by 100, 1000(com.android.settings,...), SUCCESS, 5ms
06-20 22:12:56.302 D/TrafficStateDatabaseController( 2843): onDnsEvent():  objTrafficStats.size= 138, mInsertList= true
06-20 22:12:56.303 D/TelephonyManager( 2843): getAllCellInfo / caller PID: 2843, UID: 1000, TID: 5827
06-20 22:12:56.303 E/AppOps  ( 2843): Bad call made by uid 1001. Package "com.android.phone" does not belong to uid 1000.
06-20 22:12:56.303 E/AppOps  ( 2843): Cannot noteOperation: non-application UID 1000
06-20 22:12:56.304 D/TelephonyManager( 2843): getAllCellInfo / caller PID: 2843, UID: 1000, TID: 5827
06-20 22:12:56.304 D/NetdEventListenerService( 2843): DNS Requested by 100, 1000(com.android.settings,...), SUCCESS, 0ms
06-20 22:12:56.304 D/TrafficStateDatabaseController( 2843): onDnsEvent():  objTrafficStats.size= 139, mInsertList= true
06-20 22:12:56.304 D/TelephonyManager( 2843): getAllCellInfo / caller PID: 2843, UID: 1000, TID: 5827
06-20 22:12:56.305 E/DMASA[S]( 6984): [PolicyJobService]Fail to get Policy : Failed to connect to dc.di.atlas.samsung.com/0.0.0.0:443
06-20 22:12:56.305 D/TelephonyManager( 2843): getAllCellInfo / caller PID: 2843, UID: 1000, TID: 5827
06-20 22:12:56.305 I/power_partial_wake_state( 2843): [DIS,23937084,19,*job*r/com.sec.android.diagmonagent/.sa.business.scheduler.PolicyJobService:android(enabled),1000,2843,WorkSource{ chains=WorkChain{(1000), (1000, JobScheduler)}}]
06-20 22:12:56.305 I/power_partial_wake_state( 2843): [REL,23937084,19,*job*r/com.sec.android.diagmonagent/.sa.business.scheduler.PolicyJobService:android,1000,2843,WorkSource{ chains=WorkChain{(1000), (1000, JobScheduler)}}]
06-20 22:12:56.308 I/power_partial_wake_state( 2843): [DIS,250829524,1,*job*r/com.sec.android.diagmonagent/.sa.business.scheduler.AllowListJobService:android(enabled),1000,2843,WorkSource{ chains=WorkChain{(1000), (1000, JobScheduler)}}]
06-20 22:12:56.308 I/power_partial_wake_state( 2843): [REL,250829524,1,*job*r/com.sec.android.diagmonagent/.sa.business.scheduler.AllowListJobService:android,1000,2843,WorkSource{ chains=WorkChain{(1000), (1000, JobScheduler)}}]
06-20 22:12:56.308 D/BackgroundInstallControlService( 2843): Package event received: 0
06-20 22:12:56.308 D/WearableService( 4696): Creating wearable service asynchronously.
06-20 22:12:56.312 I/DMASA[S]( 6984): [AllowListJobService]GetAllowListTask run
06-20 22:12:56.315 I/notification_cancel( 2843): [10290,19939,com.google.android.apps.maps,6,NULL,0,0,33856,8,NULL]
06-20 22:12:56.315 D/BackgroundInstallControlService( 2843): Package event received: 0
06-20 22:12:56.316 D/BoundBrokerSvc( 5404): onBind: Intent { act=com.google.android.gms.auth.service.START xflg=0x4 pkg=com.google.android.gms }
06-20 22:12:56.316 D/BoundBrokerSvc( 5404): Loading bound service for intent: Intent { act=com.google.android.gms.auth.service.START xflg=0x4 pkg=com.google.android.gms }
06-20 22:12:56.317 W/ParceledListSlice( 2843): Element #366 is 20132 bytes.
06-20 22:12:56.317 I/FacsCacheGmsModule( 4696): (REDACTED) Receiving API connection to FACS API from package '%s'...
06-20 22:12:56.319 I/FacsCacheGmsModule( 4696): API connection successful!
06-20 22:12:56.321 I/Wear_Controller( 4696): Wearable module requires a companion app to be installed.
06-20 22:12:56.321 I/WearableService( 4696): Wearable Services not starting. Wear is not available on this device: MISSING_COMPANION_APP
06-20 22:12:56.322 D/BoundBrokerSvc( 5404): onBind: Intent { act=com.google.android.gms.facs.internal.service.START dat=chimera-action:/... xflg=0x4 cmp=com.google.android.gms/.chimera.GmsInternalApiService }
06-20 22:12:56.322 D/BoundBrokerSvc( 5404): Loading bound service for intent: Intent { act=com.google.android.gms.facs.internal.service.START dat=chimera-action:/... xflg=0x4 cmp=com.google.android.gms/.chimera.GmsInternalApiService }
06-20 22:12:56.322 I/FacsCacheGmsModule( 4696): (REDACTED) Received 'getActivityControlsSettings' request from package '%s', instance id '%s', version '%d'...
06-20 22:12:56.322 D/TrafficStateDatabaseController( 2843): onDnsEvent():  objTrafficStats.size= 140, mInsertList= true
06-20 22:12:56.322 I/FacsCacheGmsModule( 4696): Operation 'getActivityControlsSettings' dispatched!
06-20 22:12:56.323 D/NetdEventListenerService( 2843): DNS Requested by 100, 1000(com.android.settings,...), SUCCESS, 9ms
06-20 22:12:56.323 D/TelephonyManager( 2843): getAllCellInfo / caller PID: 2843, UID: 1000, TID: 5827
06-20 22:12:56.323 D/TelephonyManager( 2843): getAllCellInfo / caller PID: 2843, UID: 1000, TID: 5827
06-20 22:12:56.323 W/WearableService( 4696): onGetService: Wear is not available on this device. Calling package: com.google.android.apps.maps
06-20 22:12:56.323 I/FacsCacheGmsModule( 4696): (REDACTED) Executing operation '%s'...
06-20 22:12:56.324 I/FacsCacheGmsModule( 5404): Receiving API connection to internal FACS API...
06-20 22:12:56.324 E/DMASA[S]( 6984): [AllowListJobService]Fail to get AllowList : Failed to connect to ddf.di.atlas.samsung.com/0.0.0.0:443
06-20 22:12:56.324 D/PerProcessNandswap$NandswapHandler( 2843): nandswap end for non-activity com.google.android.projection.gearhead:car(pid 18782) ret:17072013312 adj:905
06-20 22:12:56.324 I/FacsCacheGmsModule( 4696): (REDACTED) Operation '%s' successful!
06-20 22:12:56.324 I/power_partial_wake_state( 2843): [DIS,2326705,18,*job*r/com.sec.android.diagmonagent/.sa.business.scheduler.AllowListJobService:android(enabled),1000,2843,WorkSource{ chains=WorkChain{(1000), (1000, JobScheduler)}}]
06-20 22:12:56.325 I/power_partial_wake_state( 2843): [REL,2326705,18,*job*r/com.sec.android.diagmonagent/.sa.business.scheduler.AllowListJobService:android,1000,2843,WorkSource{ chains=WorkChain{(1000), (1000, JobScheduler)}}]
06-20 22:12:56.325 W/JobInfo (19939): Requested important-while-foreground flag for job10160 is ignored and takes no effect
06-20 22:12:56.326 I/am_nandswap( 2843): [18782,com.google.android.projection.gearhead:car,14,17072013312,905,19,57ms,1,[0, 17536, 27136, 44288, 35515, 0, 0, 0],38407680,10778484,[0, 17152, 27456, 44288, 34605, 0, 0, 0],38407680,10771316]
06-20 22:12:56.326 I/FacsCacheGmsModule( 5404): API connection successful!
06-20 22:12:56.327 D/PerProcessNandswap$NandswapHandler( 2843): nandswap start for non-activity com.sec.android.diagmonagent(pid 6984) action:7 adj:-800 type:3
06-20 22:12:56.328 I/power_partial_wake_state( 2843): [DIS,259478543,2,*job*r/com.sec.android.diagmonagent/.dma.policy.PDJobService:android(enabled),1000,2843,WorkSource{ chains=WorkChain{(1000), (1000, JobScheduler)}}]
06-20 22:12:56.328 I/power_partial_wake_state( 2843): [REL,259478543,2,*job*r/com.sec.android.diagmonagent/.dma.policy.PDJobService:android,1000,2843,WorkSource{ chains=WorkChain{(1000), (1000, JobScheduler)}}]
06-20 22:12:56.333 W/keymint_tee( 1162): [WRN] begin req PARAMS: A32, BM2, PD64, 
06-20 22:12:56.335 D/keymint_swd( 1162): keymint_swd keymint [WRN] (km_add_tag:528) skip: non repetable tag already exists with different value: 268435458
06-20 22:12:56.335 D/keymint_swd( 1162): keymint_swd keymint [WRN] (swd_run_cb:267) swd_begin() returns 0
06-20 22:12:56.335 D/android.hardware.security.keymint-service( 1162): begin: ret 0
06-20 22:12:56.335 I/keystore2( 1157): system/security/keystore2/src/security_level.rs:493 - In create_operation. Success to create IKeystoreOperation. AppUid(1000), None, TEE
06-20 22:12:56.335 D/keymint_swd( 1162): keymint_swd keymint [WRN] (swd_run_cb:267) swd_update() returns 0
06-20 22:12:56.335 D/android.hardware.security.keymint-service( 1162): update: ret 0
06-20 22:12:56.336 D/keymint_swd( 1162): keymint_swd keymint [WRN] (swd_run_cb:267) swd_finish() returns 0
06-20 22:12:56.336 D/android.hardware.security.keymint-service( 1162): finish: ret 0
06-20 22:12:56.339 W/keymint_tee( 1162): [WRN] begin req PARAMS: A32, BM2, PD64, 
06-20 22:12:56.340 D/keymint_swd( 1162): keymint_swd keymint [WRN] (km_add_tag:528) skip: non repetable tag already exists with different value: 268435458
06-20 22:12:56.340 D/keymint_swd( 1162): keymint_swd keymint [WRN] (swd_run_cb:267) swd_begin() returns 0
06-20 22:12:56.340 D/android.hardware.security.keymint-service( 1162): begin: ret 0
06-20 22:12:56.340 I/keystore2( 1157): system/security/keystore2/src/security_level.rs:493 - In create_operation. Success to create IKeystoreOperation. AppUid(1000), None, TEE
06-20 22:12:56.341 D/keymint_swd( 1162): keymint_swd keymint [WRN] (swd_run_cb:267) swd_update() returns 0
06-20 22:12:56.341 D/android.hardware.security.keymint-service( 1162): update: ret 0
06-20 22:12:56.342 D/PerProcessNandswapNative( 2843): enable WriteBooster
06-20 22:12:56.342 D/keymint_swd( 1162): keymint_swd keymint [WRN] (swd_run_cb:267) swd_finish() returns 0
06-20 22:12:56.342 D/android.hardware.security.keymint-service( 1162): finish: ret 0
06-20 22:12:56.346 D/BackgroundInstallControlService( 2843): Package event received: 0
06-20 22:12:56.350 I/ActivityManager( 2843): Changes in 10290 11 to 19, 384 to 0
06-20 22:12:56.350 I/ActivityManager( 2843): Changes in 10256 19 to 19, 384 to 0
06-20 22:12:56.351 D/NetdEventListenerService( 2843): DNS Requested by 100, 1000(com.android.settings,...), SUCCESS, 7ms
06-20 22:12:56.351 D/TrafficStateDatabaseController( 2843): onDnsEvent():  objTrafficStats.size= 141, mInsertList= true
06-20 22:12:56.352 D/TelephonyManager( 2843): getAllCellInfo / caller PID: 2843, UID: 1000, TID: 5827
06-20 22:12:56.352 D/TelephonyManager( 2843): getAllCellInfo / caller PID: 2843, UID: 1000, TID: 5827
06-20 22:12:56.355 E/DMASA[D]( 6984): [LOGWING][a]java.net.ConnectException: Failed to connect to diagmon-serviceapi.samsungdm.com/0.0.0.0:443 failed to getInputStream()
06-20 22:12:56.356 D/PerProcessNandswap$NandswapHandler( 2843): nandswap end for non-activity com.sec.android.diagmonagent(pid 6984) ret:17086365696 adj:-800
06-20 22:12:56.356 I/am_nandswap( 2843): [6984,com.sec.android.diagmonagent,7,17086365696,-800,0,30ms,3,[0, 17152, 27456, 44288, 34605, 0, 0, 0],38407680,10771316,[0, 17792, 28160, 45568, 35748, 0, 0, 0],38406400,10772084]
06-20 22:12:56.357 W/keymint_tee( 1162): [WRN] begin req PARAMS: A32, BM2, PD64, 
06-20 22:12:56.359 D/keymint_swd( 1162): keymint_swd keymint [WRN] (km_add_tag:528) skip: non repetable tag already exists with different value: 268435458
06-20 22:12:56.359 D/keymint_swd( 1162): keymint_swd keymint [WRN] (swd_run_cb:267) swd_begin() returns 0
06-20 22:12:56.359 D/android.hardware.security.keymint-service( 1162): begin: ret 0
06-20 22:12:56.359 I/keystore2( 1157): system/security/keystore2/src/security_level.rs:493 - In create_operation. Success to create IKeystoreOperation. AppUid(1000), None, TEE
06-20 22:12:56.359 I/sensors-hal( 1803): handle_sns_client_event:379, [0][12679] accel_sample [-0.206,  0.010,  9.727] 152914269896
06-20 22:12:56.359 D/keymint_swd( 1162): keymint_swd keymint [WRN] (swd_run_cb:267) swd_update() returns 0
06-20 22:12:56.359 D/android.hardware.security.keymint-service( 1162): update: ret 0
06-20 22:12:56.360 D/keymint_swd( 1162): keymint_swd keymint [WRN] (swd_run_cb:267) swd_finish() returns 0
06-20 22:12:56.360 D/android.hardware.security.keymint-service( 1162): finish: ret 0
06-20 22:12:56.360 W/DMASA[D]( 6984): [TokenUtil]Response body is null
06-20 22:12:56.360 W/DMASA[D]( 6984): [PDJobService]failed to connect to update policy : 0
06-20 22:12:56.360 W/DMASA[D]( 6984): [PDJobService]failed to connect to update policy : body is empty
06-20 22:12:56.361 I/power_partial_wake_state( 2843): [DIS,140809770,34,*job*r/com.sec.android.diagmonagent/.dma.policy.PDJobService:android(enabled),1000,2843,WorkSource{ chains=WorkChain{(1000), (1000, JobScheduler)}}]
06-20 22:12:56.361 W/CCTFlatFileLogStore( 4696): Excessive logging: 32 events, 178473 bytes from log source GMM_COUNTERS last 68s
06-20 22:12:56.361 I/power_partial_wake_state( 2843): [REL,140809770,34,*job*r/com.sec.android.diagmonagent/.dma.policy.PDJobService:android,1000,2843,WorkSource{ chains=WorkChain{(1000), (1000, JobScheduler)}}]
06-20 22:12:56.363 I/power_partial_wake_state( 2843): [DIS,105393911,1,*job*r/com.samsung.euicc/.lpaService.NotificationJobService:android(enabled),1000,2843,WorkSource{ chains=WorkChain{(1000), (1000, JobScheduler)}}]
06-20 22:12:56.363 I/power_partial_wake_state( 2843): [REL,105393911,1,*job*r/com.samsung.euicc/.lpaService.NotificationJobService:android,1000,2843,WorkSource{ chains=WorkChain{(1000), (1000, JobScheduler)}}]
06-20 22:12:56.364 I/SLPASVC (19489): onStartJob                                                                                          [at com.samsung.euicc.lpaService.NotificationJobService.onStartJob(NotificationJobService.java:17)]
06-20 22:12:56.365 I/SLPASVC (19489): start NotificationService                                                                           [at com.samsung.euicc.lpaService.NotificationJobService.onStartJob(NotificationJobService.java:27)]
06-20 22:12:56.365 W/ContextImpl(19489): Calling a method in the system process without a qualified user: android.app.ContextImpl.startService:2128 android.content.ContextWrapper.startService:898 com.samsung.euicc.lpaService.NotificationJobService.onStartJob:28 android.app.job.JobService$1.onStartJob:118 android.app.job.JobServiceEngine$JobHandler.handleMessage:190 
06-20 22:12:56.366 I/power_partial_wake_state( 2843): [DIS,153469058,3,*job*r/com.samsung.euicc/.lpaService.NotificationJobService:android(enabled),1000,2843,WorkSource{ chains=WorkChain{(1000), (1000, JobScheduler)}}]
06-20 22:12:56.366 I/power_partial_wake_state( 2843): [REL,153469058,3,*job*r/com.samsung.euicc/.lpaService.NotificationJobService:android,1000,2843,WorkSource{ chains=WorkChain{(1000), (1000, JobScheduler)}}]
06-20 22:12:56.367 I/SLPASVC (19489): onStartCommand()                                                                                    [at com.samsung.euicc.lpaService.NotificationService.onStartCommand(NotificationService.java:42)]
06-20 22:12:56.367 I/SLPASVC (19489): +sendNotifications                                                                                  [at com.samsung.euicc.lpaService.NotificationService$NotificationHandler.sendNotifications(NotificationService$NotificationHandler.java:68)]
06-20 22:12:56.367 I/SLPASVC (19489): -sendNotifications                                                                                  [at com.samsung.euicc.lpaService.NotificationService$NotificationHandler.sendNotifications(NotificationService$NotificationHandler.java:80)]
06-20 22:12:56.367 I/SLPASVC (19489): +onDestroy(): Handler (com.samsung.euicc.lpaService.NotificationService$NotificationHandler) {6b7dd96}[at com.samsung.euicc.lpaService.NotificationService.onDestroy(NotificationService.java:25)]
06-20 22:12:56.368 I/SLPASVC (19489): -onDestroy()                                                                                        [at com.samsung.euicc.lpaService.NotificationService.onDestroy(NotificationService.java:31)]
06-20 22:12:56.814 I/am_uid_idle( 2843): 10230
06-20 22:12:56.839 D/SemWifiSwitchForIndividualAppsService( 2843): isSkipNetworkCondition - result:2
06-20 22:12:56.859 D/BSOHChargingDataCollector( 2843):  BSOH Sys-servce ... 
06-20 22:12:56.860 D/BSOHChargingDataCollector( 2843): performBatteryWork++
06-20 22:12:56.860 D/BSOHChargingDataCollector( 2843): performBatteryWork battery com.android.server.bsoh.device.PrimeBattery@2209b88
06-20 22:12:56.860 D/BSOHChargingDataCollector( 2843): primeBatt readVoltage from sysFsBattVolt,  path : /sys/class/power_supply/battery/batt_voltage_now
06-20 22:12:56.871 D/BSOHChargingDataCollector( 2843): 0 	 BattData addData data : BattData { voltage:4.088, current:0.229687, soc:0.69, temperature:28.9, status:2, timestamp:1782011576870, voltage_chg:null}
06-20 22:12:56.871 D/BSOHChargingDataCollector( 2843): performBatteryWork--
06-20 22:12:56.880 I/am_uid_idle( 2843): 10235
06-20 22:12:56.882 I/am_uid_idle( 2843): 10206
06-20 22:12:56.931 I/am_uid_idle( 2843): 10141
06-20 22:12:56.943 I/am_uid_idle( 2843): 10058
06-20 22:12:57.005 I/am_uid_idle( 2843): 10123
06-20 22:12:57.027 D/PowerManagerService( 2843): UserActivityStateListenerState: 0
06-20 22:12:57.030 I/VRI[MainActivity]@d99b0f0(17932): call setFrameRateCategory for touch hint category=no preference, reason=boost timeout, vri=VRI[MainActivity]@d99b0f0
06-20 22:12:57.034 I/SurfaceFlinger( 1939): [com.spectre.companion/com.spectre.companion.MainActivity$_17932#138] setFrameRateCategory: NoPreference
06-20 22:12:57.056 D/BoundBrokerSvc( 4696): onRebind: Intent { act=com.google.android.gms.libs.gmscorelogger.service.START dat=chimera-action:/... xflg=0x4 cmp=com.google.android.gms/.chimera.PersistentDirectBootAwareApiService }
06-20 22:12:57.060 I/am_uid_idle( 2843): 5026
06-20 22:12:57.111 I/BatteryService_BatteryPropertiesRegistrar( 2843): [getProperty]id:6
06-20 22:12:57.111 I/BatteryService_BatteryPropertiesRegistrar( 2843): [getProperty]prop.long:-9223372036854775808 ,prop.string:null
06-20 22:12:57.112 I/BatteryService_BatteryPropertiesRegistrar( 2843): [getProperty]id:4
06-20 22:12:57.112 I/BatteryService_BatteryPropertiesRegistrar( 2843): [getProperty]prop.long:-9223372036854775808 ,prop.string:null
06-20 22:12:57.113 I/SemWifiIntelligentTrainingManager( 2843): Tr. cond. check: true / 1 (2) / true / 0 (1)
06-20 22:12:57.113 I/BatteryService_BatteryPropertiesRegistrar( 2843): [getProperty]id:6
06-20 22:12:57.113 I/BatteryService_BatteryPropertiesRegistrar( 2843): [getProperty]prop.long:-9223372036854775808 ,prop.string:null
06-20 22:12:57.113 I/BatteryService_BatteryPropertiesRegistrar( 2843): [getProperty]id:4
06-20 22:12:57.113 I/BatteryService_BatteryPropertiesRegistrar( 2843): [getProperty]prop.long:-9223372036854775808 ,prop.string:null
06-20 22:12:57.187 I/wpa_supplicant( 5609): Heartbeat 13
06-20 22:12:57.268 I/emkh    ( 6834): (REDACTED) HDM. appOpsListener %s %s
06-20 22:12:57.268 I/emkh    ( 6834): (REDACTED) HDM. Ignoring irrelevant audio permission changes for package %s
06-20 22:12:57.269 I/RequestManager_FLP( 5290): onOpChanged, op=0 / packageName=com.google.android.projection.gearhead
06-20 22:12:57.305 E/AppOps  ( 2843): Bad call made by uid 1001. Package "com.android.phone" does not belong to uid 1000.
06-20 22:12:57.305 E/AppOps  ( 2843): Cannot noteOperation: non-application UID 1000
06-20 22:12:57.372 I/SDHMS:LOAD( 7013): type: LoadsFreqs, value: 3:0:0:1086719:4473600:1017600:783743:3532800:556800:222:222:222
06-20 22:12:57.414 I/EPDG-1 [WifiProfiler]( 4085): handleWifiRssiIntent, rssi=-63
06-20 22:12:57.414 I/EPDG-1 [WifiProfiler]( 4085): isProfiling, hash=228050529, started=true
06-20 22:12:57.415 I/EPDG-1 [LogMetrics]( 4085): set, type=WIFI_RSSI_LAST, value=-63
06-20 22:12:57.415 I/EPDG-1 [WifiProfiler]( 4085): isProfiling, hash=228050529, started=true
06-20 22:12:57.415 D/ConnectivityService( 2843): notifyType CALLBACK_CAP_CHANGED for [100 WIFI]
06-20 22:12:57.415 I/EPDG-1 [WifiProfiler]( 4085): Rssi : -63 highrange : -71 lowrange : -80 mIsRssiInHystersis : false
06-20 22:12:57.415 D/SemWifiUsabilityStatsMonitor( 2843): onWifiUsabilityStats - seqNum 45, isSameBssidAndFreq true
06-20 22:12:57.415 I/EPDG-1 [WifiProfiler]( 4085): Rssi : -63 highrange : -71 lowrange : -80 mIsRssiInHystersis : false
06-20 22:12:57.415 I/EPDG-1 [Subscription]( 4085): isEpdgAvailable, IwlanPsState=2/2
06-20 22:12:57.415 I/EPDG-1 [WifiProfiler]( 4085): getHandoverThresholdMet: value is: false
06-20 22:12:57.417 D/SGM:GameManager( 2843): identifyGamePackage. com.spectre.companion, mCurrentUserId: 0, callingMethodInfo: com.samsung.android.game.SemGameManager.isGamePackage(SemGameManager.java:106)
06-20 22:12:57.417 D/SGM:SemGameManager( 2843): isGamePackage(), pkgName=com.spectre.companion, ret=false
06-20 22:12:57.419 W/JobService(15680): onNetworkChanged() not implemented in androidx.work.impl.background.systemjob.SystemJobService. Must override in a subclass.
06-20 22:12:57.421 I/HBD     ( 6802): i onCapabilitiesChanged network : 100 current network state : wifi 
06-20 22:12:57.421 W/JobService(15680): onNetworkChanged() not implemented in androidx.work.impl.background.systemjob.SystemJobService. Must override in a subclass.
06-20 22:12:57.421 W/JobService(15680): onNetworkChanged() not implemented in androidx.work.impl.background.systemjob.SystemJobService. Must override in a subclass.
06-20 22:12:57.421 W/JobService(15680): onNetworkChanged() not implemented in androidx.work.impl.background.systemjob.SystemJobService. Must override in a subclass.
06-20 22:12:57.421 I/WifiPickerTracker( 4313): NetworkCallback : onCapabilitiesChanged
06-20 22:12:57.421 D/WifiPickerTracker( 4313): updateWifiEntries capabilities
06-20 22:12:57.422 D/TelephonyCountryDetector( 3938): onCapabilitiesChanged: [ Transports: WIFI Capabilities: NOT_METERED&INTERNET&NOT_RESTRICTED&TRUSTED&NOT_VPN&VALIDATED&NOT_ROAMING&FOREGROUND&NOT_CONGESTED&NOT_SUSPENDED&NOT_VCN_MANAGED&NOT_BANDWIDTH_CONSTRAINED LinkUpBandwidth>=32903Kbps LinkDnBandwidth>=85889Kbps TransportInfo: <SSID: <unknown ssid>, BSSID: 02:00:00:00:00:00, MAC: 02:00:00:00:00:00, IP: /192.168.0.161, Security type: 2, Supplicant state: COMPLETED, Wi-Fi standard: 11ax, RSSI: -63, Link speed: 576Mbps, Tx Link speed: 576Mbps, Max Supported Tx Link speed: 2401Mbps, Rx Link speed: 360Mbps, Max Supported Rx Link speed: 2401Mbps, Frequency: 5180MHz, Net ID: -1, Metered hint: false, score: 60, isUsable: true, CarrierMerged: false, SubscriptionId: -1, IsPrimary: 1, Trusted: true, Restricted: false, Ephemeral: false, OEM paid: false, OEM private: false, OSU AP: false, FQDN: <none>, Provider friendly name: <none>, Requesting package name: <none><none>MLO Information: , Is TID-To-Link negotiation supported by the AP: false, AP MLD Address: <none>, AP MLO Link Id: <none>, AP MLO Affiliated links: <none>, Vendor Data: <none>> SignalStrength: -63 SSID: "Nothing But Net" UnderlyingNetworks: Null]
06-20 22:12:57.422 D/WifiPickerTracker( 4313): update AutoHotspot Entries() : bleAccessPoints -> 0
06-20 22:12:57.422 D/WifiPickerTracker( 4313): update AutoHotspotMcf Entries() : bleAccessPoints -> 0
06-20 22:12:57.422 D/TelephonyCountryDetector( 3938): isWifiConnected: true
06-20 22:12:57.422 D/WifiPickerTracker( 4313): handleNetworkCapabilitiesChanged
06-20 22:12:57.423 I/WifiPickerTracker( 4313): DefaultNetworkCallback : onCapabilitiesChanged
06-20 22:12:57.423 D/TelephonyCountryDetector( 3938): handleEventWifiConnectivityStateChanged: true
06-20 22:12:57.423 D/TelephonyCountryDetector( 3938): getCurrentNetworkCountryIso: invalid countryIso= for phoneId=0, subId=-1
06-20 22:12:57.423 D/TelephonyCountryDetector( 3938): Location update was not requested yet
06-20 22:12:57.423 I/NullBinder( 4696): NullBinder for android.net.action.RECOMMEND_NETWORKS triggering remote TransactionTooLargeException due to Service without Chimera impl, calling uid: 1000, calling pid: 0
06-20 22:12:57.423 W/libbinder.Binder( 4696): Large reply transaction of 1056768 bytes, interface descriptor , code 1, flags 17
06-20 22:12:57.423 D/ConnectivityManager( 4696): StackLog: [android.net.ConnectivityManager.sendRequestForNetwork(ConnectivityManager.java:4744)] [android.net.ConnectivityManager.sendRequestForNetwork(ConnectivityManager.java:4912)] [android.net.ConnectivityManager.registerNetworkCallback(ConnectivityManager.java:5329)] [android.net.ConnectivityManager.registerNetworkCallback(ConnectivityManager.java:5299)] [drye.a(:com.google.android.gms@262233035@26.22.33 (260400-932714197):34)] [lks.a(:com.google.android.gms@262233035@26.22.33 (260400-932714197):19)] [dryq.j(:com.google.android.gms@262233035@26.22.33 (260400-932714197):19)] [dryq.O(:com.google.android.gms@262233035@26.22.33 (260400-932714197):14)] [dryq.K(:com.google.android.gms@262233035@26.22.33 (260400-932714197):7)] [dryq.I(:com.google.android.gms@262233035@26.22.33 (260400-932714197):23)] [dryi.run(:com.google.android.gms@262233035@26.22.33 (260400-932714197):9)] [blbz.c(:com.google.android.gms@262233035@26.22.33 (260400-932714197):50)] [blbz.run(:com.google.android.gms@262233035@26.22.33 (260400-932714197):85)] [java.util.concurrent.ThreadPoolExecutor.runWorker(ThreadPoolExecutor.java:1100)] [java.util.concurrent.ThreadPoolExecutor$Worker.run(ThreadPoolExecutor.java:624)] [blhs.run(:com.google.android.gms@262233035@26.22.33 (260400-932714197):8)] [java.lang.Thread.run(Thread.java:1572)]
06-20 22:12:57.423 D/WifiInteractor( 4313): get wifiIconGroup ePDGConnected : false
06-20 22:12:57.423 D/WifiInteractor( 4313): get wifiIconGroup ePDGConnected : false
06-20 22:12:57.425 I/BugleRcsEngine( 6904): handleMessage processing message:[NOTIFY_UPTIME_IGNORE_STATE_CHANGED] with [non-null]:RcsEngineImpl reference [CONTEXT log_prefix="RcsEngineImpl[DUAL_REG]:[5fc0f91c-be67]>Handler" thread_id=62 ]
06-20 22:12:57.425 I/BugleRcsEngine( 6904): Connected state: [1], networkType: [WIFI] [CONTEXT thread_id=60 ]
06-20 22:12:57.427 I/HoneySpace.StatusIconTracker( 4771): invokeEvent() called with: event = Wifi(visible=true, resId=2114459812, activityId=0)
06-20 22:12:57.427 I/HoneySpace.StatusIconTracker( 4771): invokeEvent() called with: event = Wifi(visible=true, resId=2114459812, activityId=0)
06-20 22:12:57.427 D/txpwrJni( 4268): sendNetworkInfo start
06-20 22:12:57.427 D/txpwrJni( 4268): sendNetworkInfo RatType 0
06-20 22:12:57.428 D/SemWifiApNsd:Client( 2843): lpInterface:wlan0
06-20 22:12:57.428 I/WifiConnectivityMonitor.NCC( 2843): sNetworkCallback(oCC) FULL : 100(valid: true/captive: false)
06-20 22:12:57.428 I/WifiConnectivityMonitor.NCC( 2843): [ Transports: WIFI Capabilities: NOT_METERED&INTERNET&NOT_RESTRICTED&TRUSTED&NOT_VPN&VALIDATED&NOT_ROAMING&FOREGROUND&NOT_CONGESTED&NOT_SUSPENDED&NOT_VCN_MANAGED&NOT_BANDWIDTH_CONSTRAINED LinkUpBandwidth>=32903Kbps LinkDnBandwidth>=85889Kbps TransportInfo: <SSID: <unknown ssid>, BSSID: 02:00:00:**:**:00, MAC: 02:00:00:**:**:00, IP: /192.***.*.161, Security type: 2, Supplicant state: COMPLETED, Wi-Fi standard: 11ax, RSSI: -63, Link speed: 576Mbps, Tx Link speed: 576Mbps, Max Supported Tx Link speed: 2401Mbps, Rx Link speed: 360Mbps, Max Supported Rx Link speed: 2401Mbps, Frequency: 5180MHz, Net ID: -1, Metered hint: false, score: 60, isUsable: true, CarrierMerged: false, SubscriptionId: -1, IsPrimary: 1, Trusted: true, Restricted: false, Ephemeral: false, OEM paid: false, OEM private: false, OSU AP: false, FQDN: <none>, Provider friendly name: <none>, Requesting package name: <none><none>MLO Information: , Is TID-To-Link negotiation supported by the AP: false, AP MLD Address: <none>, AP MLO Link Id: <none>, AP MLO Affiliated links: <none>, Vendor Data: <none>> SignalStrength: -63 AdminUids: [1000] SSID: "Nothing But Net" UnderlyingNetworks: Null]
06-20 22:12:57.428 D/[STDP]UsdController( 2843): onCapabilitiesChanged SSID: <unknown ssid>, BSSID: 02:00:00:00:00:00, MAC: 02:00:00:00:00:00, IP: /192.168.0.161, Security type: 2, Supplicant state: COMPLETED, Wi-Fi standard: 11ax, RSSI: -63, Link speed: 576Mbps, Tx Link speed: 576Mbps, Max Supported Tx Link speed: 2401Mbps, Rx Link speed: 360Mbps, Max Supported Rx Link speed: 2401Mbps, Frequency: 5180MHz, Net ID: -1, Metered hint: false, score: 60, isUsable: true, CarrierMerged: false, SubscriptionId: -1, IsPrimary: 1, Trusted: true, Restricted: false, Ephemeral: false, OEM paid: false, OEM private: false, OSU AP: false, FQDN: <none>, Provider friendly name: <none>, Requesting package name: <none><none>MLO Information: , Is TID-To-Link negotiation supported by the AP: false, AP MLD Address: <none>, AP MLO Link Id: <none>, AP MLO Affiliated links: <none>, Vendor Data: <none>
06-20 22:12:57.428 D/[STDP]NetworkInfoCollector( 2843): onCapabilitiesChanged - SSID: <unknown ssid>, BSSID: 02:00:00:00:00:00, MAC: 02:00:00:00:00:00, IP: /192.168.0.161, Security type: 2, Supplicant state: COMPLETED, Wi-Fi standard: 11ax, RSSI: -63, Link speed: 576Mbps, Tx Link speed: 576Mbps, Max Supported Tx Link speed: 2401Mbps, Rx Link speed: 360Mbps, Max Supported Rx Link speed: 2401Mbps, Frequency: 5180MHz, Net ID: -1, Metered hint: false, score: 60, isUsable: true, CarrierMerged: false, SubscriptionId: -1, IsPrimary: 1, Trusted: true, Restricted: false, Ephemeral: false, OEM paid: false, OEM private: false, OSU AP: false, FQDN: <none>, Provider friendly name: <none>, Requesting package name: <none><none>MLO Information: , Is TID-To-Link negotiation supported by the AP: false, AP MLD Address: <none>, AP MLO Link Id: <none>, AP MLO Affiliated links: <none>, Vendor Data: <none>
06-20 22:12:57.428 D/SemWifiApTrafficPriority( 2843): onCapabilitiesChanged Wifi:wlan0,mGapiValue:85.889Uplink: 32.903
06-20 22:12:57.428 D/WifiConnectivityMonitor( 2843): HANDLE_ON_CAPABILITIES_CHANGED
06-20 22:12:57.429 D/SemApeService( 2843): Deducted link capacity (M: R=251 T=403) RSSI=-63
06-20 22:12:57.429 D/SemApeService( 2843): Deducted link capacity (M: R=251 T=403) on (wlan0) GoogleAPI(M: R=85 T=32) RSSI=-63 isDefault=false isMlo=false
06-20 22:12:57.429 I/SemWifiConfigManager( 2843): addOrUpdateNetwork "Nothing But Net"WPA_PSK (unchanged)
06-20 22:12:57.429 D/WifiConnectivityMonitor( 2843): "Nothing But Net"WPA_PSK markRssiAtInvalidated : -127 time=0
06-20 22:12:57.429 I/WifiConnectivityMonitor( 2843): determineMode : MODE_AGG_BY_SWITCH_TO_MOBILE_DATA_OPTION
06-20 22:12:57.429 D/OpenNetworkQos[4.00]( 2843): updateBssidNoInternet: mBssidNoInternet = false
06-20 22:12:57.429 D/OpenNetworkQos[4.00]( 2843): getOpenNetworkQosNoInternetStatus: false
06-20 22:12:57.429 D/OpenNetworkQos[4.00]( 2843): getOpenNetworkQosScores: 0 20 0 
06-20 22:12:57.429 I/WifiProfileShare( 2843): network QoS data was changed (internet), updateQoSData networkType: true, qosData: false
06-20 22:12:57.429 D/WifiConnectivityMonitor( 2843): VALIDATED_DETECTED
06-20 22:12:57.429 V/WifiProfileShare.Caster( 2843): update wips network, size: 0
06-20 22:12:57.429 D/WifiProfileShare( 2843): nearby scanning settings run
06-20 22:12:57.429 D/WifiProfileShare( 2843): network score provider settings enabled
06-20 22:12:57.429 D/OpenNetworkQos[4.00]( 2843): getOpenNetworkQosScores: 0 20 0 
06-20 22:12:57.429 D/OpenNetworkQos[4.00]( 2843): getOpenNetworkQosNoInternetStatus: false
06-20 22:12:57.429 I/WifiProfileShare.Caster( 2843): current network type: 0, score: [0, 20, 0]
06-20 22:12:57.429 V/WifiProfileShare.Cache( 2843): update network score 60:83:e7:**:**:bc
06-20 22:12:57.429 D/WifiProfileShare.ScanMatcher( 2843): getMcfDataList size:2
06-20 22:12:57.429 I/WifiProfileShare.Caster( 2843): qos data was updated , before:type:QOS, pBssid:85:cf:dc, qosData:0f after:type:QOS, pBssid:85:cf:dc, qosData:0f
06-20 22:12:57.429 I/[MCFSDK_android_1.3.7026]_4_McfCasterImpl( 2843): isNetworkEnabled - type : 1 ret : true
06-20 22:12:57.429 D/WifiProfileShare.McfCast( 2843): -ME--- mIsNetworkEnabled :true
06-20 22:12:57.430 D/WifiProfileShare.McfCast( 2843): updateQoSData ignored, same contents
06-20 22:12:57.430 D/WifiProfileShare.MCF( 2843): success update QosData !
06-20 22:12:57.430 I/[MCFSDK_android_1.3.7026]_4_McfCasterImpl( 2843): isNetworkEnabled - type : 1 ret : true
06-20 22:12:57.430 D/WifiProfileShare.McfCast( 2843): -ME--- mIsNetworkEnabled :true
06-20 22:12:57.430 D/WifiProfileShare.McfCast( 2843): -ME--- updatePasswordDate pwdData size:2
06-20 22:12:57.430 D/ConnectivityManager( 4696): StackLog: [android.net.ConnectivityManager.unregisterNetworkCallback(ConnectivityManager.java:5579)] [dryq.j(:com.google.android.gms@262233035@26.22.33 (260400-932714197):43)] [dryq.O(:com.google.android.gms@262233035@26.22.33 (260400-932714197):14)] [dryq.K(:com.google.android.gms@262233035@26.22.33 (260400-932714197):7)] [dryq.I(:com.google.android.gms@262233035@26.22.33 (260400-932714197):23)] [dryi.run(:com.google.android.gms@262233035@26.22.33 (260400-932714197):9)] [blbz.c(:com.google.android.gms@262233035@26.22.33 (260400-932714197):50)] [blbz.run(:com.google.android.gms@262233035@26.22.33 (260400-932714197):85)] [java.util.concurrent.ThreadPoolExecutor.runWorker(ThreadPoolExecutor.java:1100)] [java.util.concurrent.ThreadPoolExecutor$Worker.run(ThreadPoolExecutor.java:624)] [blhs.run(:com.google.android.gms@262233035@26.22.33 (260400-932714197):8)] [java.lang.Thread.run(Thread.java:1572)]
06-20 22:12:57.430 I/NearbyMediums( 4696): Wifi changed new SSID: "Nothing But Net"
06-20 22:12:57.430 I/NearbyMediums( 4696): WifiLanConnectivityInfo is not changed, skip notify.
06-20 22:12:57.431 D/ConnectivityService( 2843): Rematched networks [computed 0ms] [applied 0ms] [issued 2]
06-20 22:12:57.431 D/ConnectivityService( 2843): NetworkReassignment : no changes
06-20 22:12:57.437 I/SemWifiEleStateTracker( 2843): Ele Parameters BD : 13 13 13 13 13 13 MD : -108 -108 -108 -108 -108 -108 WD : -66 -64 -64 -65 -65 -66 GC : false false false false false false SC : false false false false false false SH : false false false false false false TB : false false false false false false
06-20 22:12:57.439 D/Zygote  ( 1696): Forked child process 20005
06-20 22:12:57.439 I/am_proc_start( 2843): [0,20005,10268,com.google.android.apps.messaging,content provider,{com.google.android.apps.messaging/com.google.android.apps.messaging.shared.datamodel.provider.sharedstorage.SharedStorageProvider}]
06-20 22:12:57.439 D/DeviceReportingSecurityChecker( 2843): getStatus
06-20 22:12:57.439 D/DeviceReportingSecurityChecker( 2843): mIsICDStatus is true
06-20 22:12:57.439 D/DeviceReportingSecurityChecker( 2843): mIsSim is true
06-20 22:12:57.439 D/DeviceReportingSecurityChecker( 2843): mIsEchoAppSignature is true
06-20 22:12:57.439 D/DeviceReportingSecurityChecker( 2843): security check passed
06-20 22:12:57.439 D/DeviceReportingSecurityChecker( 2843): mIsICDStatus === true mIsSim == true mIsMyAccountSignature== false mIsEchoAppSignature== true mIsSprintHubSignature== false
06-20 22:12:57.439 I/ActivityManager( 2843): Start proc 20005:com.google.android.apps.messaging/u0a268 for content provider {com.google.android.apps.messaging/com.google.android.apps.messaging.shared.datamodel.provider.sharedstorage.SharedStorageProvider}
06-20 22:12:57.441 I/SurfaceFlinger( 1939): Current= 120, Period= 120, Distance= 0
06-20 22:12:57.446 I/SDM     ( 1829): AIScalerFeatureIntfImpl::LookupConfig: Scale ratio = 1.780000
06-20 22:12:57.446 I/SDM     ( 1829): AIScalerParserIntfImpl::LookupConfig: Scale Ratio Match Found Here
06-20 22:12:57.449 I/Zygote  (20005): Process 20005 created for com.google.android.apps.messaging
06-20 22:12:57.450 I/SurfaceFlinger( 1939): Current= 120, Period= 120, Distance= 120
06-20 22:12:57.450 I/.apps.messaging(20005): Using generational CollectorTypeCMC GC.
06-20 22:12:57.452 I/adbd    ( 6914): jdwp connection from 20005
06-20 22:12:57.453 D/nativeloader(20005): Load libframework-connectivity-tiramisu-jni.so using APEX ns com_android_tethering for caller /apex/com.android.tethering/javalib/framework-connectivity-t.jar: ok
06-20 22:12:57.454 D/ActivityThread(20005): setConscryptValidator
06-20 22:12:57.454 D/ActivityThread(20005): setConscryptValidator - put
06-20 22:12:57.455 I/am_proc_bound( 2843): [0,20005,com.google.android.apps.messaging]
06-20 22:12:57.460 D/ApplicationLoaders(20005): Returning zygote-cached class loader: /system/framework/org.apache.http.legacy.jar
06-20 22:12:57.462 D/nativeloader(20005): Configuring clns-9 for other apk /system_ext/framework/SatelliteClient.jar. target_sdk_version=37, uses_libraries=ALL, library_path=/data/app/~~s9sR81wkdgRmuisX_Y5VJg==/com.google.android.apps.messaging-BTjzNLXzElsS-xad-zrBIg==/lib/arm64:/data/app/~~s9sR81wkdgRmuisX_Y5VJg==/com.google.android.apps.messaging-BTjzNLXzElsS-xad-zrBIg==/base.apk!/lib/arm64-v8a:/data/app/~~s9sR81wkdgRmuisX_Y5VJg==/com.google.android.apps.messaging-BTjzNLXzElsS-xad-zrBIg==/split_config.arm64_v8a.apk!/lib/arm64-v8a:/data/app/~~s9sR81wkdgRmuisX_Y5VJg==/com.google.android.apps.messaging-BTjzNLXzElsS-xad-zrBIg==/split_config.en.apk!/lib/arm64-v8a:/data/app/~~s9sR81wkdgRmuisX_Y5VJg==/com.google.android.apps.messaging-BTjzNLXzElsS-xad-zrBIg==/split_config.xxhdpi.apk!/lib/arm64-v8a, permitted_path=/data:/mnt/expand:/data/user/0/com.google.android.apps.messaging
06-20 22:12:57.462 D/nativeloader(20005): Extending system_exposed_libraries: libhumantracking.arcsoft.so:libface_recognition.arcsoft.so:libgallery_pic_best.arcsoft.so:libPortraitDistortionCorrection.arcsoft.so:libPortraitDistortionCorrectionCali.arcsoft.so:libface_landmark.arcsoft.so:libFacialStickerEngine.arcsoft.so:libfrtracking_engine.arcsoft.so:libFaceRecognition.arcsoft.so:libveengine.arcsoft.so:lib_pet_detection.arcsoft.so:libae_bracket_hdr.arcsoft.so:libhybrid_high_dynamic_range.arcsoft.so:libimage_enhancement.arcsoft.so:libFacialAttributeDetection.arcsoft.so:libobjectcapture_jni.arcsoft.so:libobjectcapture.arcsoft.so:libmultisourceseparator.audio.samsung.so:libaudiomirroring_jni.audiomirroring.samsung.so:libBeauty_v4.camera.samsung.so:libexifa.camera.samsung.so:libjpega.camera.samsung.so:libOpenCv.camera.samsung.so:libAIDeflicker.camera.samsung.so:libDeflickerHDR.camera.samsung.so:libaifrcInterface.camera.samsung.so:libBestPhoto.camera.samsung.so:libC2paDps.camera.samsung.so:libVideoClassifier.camera.samsung.so:libImageScreener.camera.samsu
06-20 22:12:57.463 D/ApplicationLoaders(20005): Returning zygote-cached class loader: /system_ext/framework/androidx.window.extensions.jar
06-20 22:12:57.463 D/ApplicationLoaders(20005): Returning zygote-cached class loader: /system_ext/framework/androidx.window.sidecar.jar
06-20 22:12:57.490 W/.apps.messaging(20005): Failed to find entry 'classes.dex': Entry not found
06-20 22:12:57.491 W/.apps.messaging(20005): Failed to find entry 'classes.dex': Entry not found
06-20 22:12:57.491 W/.apps.messaging(20005): Failed to find entry 'classes.dex': Entry not found
06-20 22:12:57.492 D/nativeloader(20005): Configuring clns-10 for other apk /data/app/~~s9sR81wkdgRmuisX_Y5VJg==/com.google.android.apps.messaging-BTjzNLXzElsS-xad-zrBIg==/base.apk:/data/app/~~s9sR81wkdgRmuisX_Y5VJg==/com.google.android.apps.messaging-BTjzNLXzElsS-xad-zrBIg==/split_config.arm64_v8a.apk:/data/app/~~s9sR81wkdgRmuisX_Y5VJg==/com.google.android.apps.messaging-BTjzNLXzElsS-xad-zrBIg==/split_config.en.apk:/data/app/~~s9sR81wkdgRmuisX_Y5VJg==/com.google.android.apps.messaging-BTjzNLXzElsS-xad-zrBIg==/split_config.xxhdpi.apk. target_sdk_version=37, uses_libraries=, library_path=/data/app/~~s9sR81wkdgRmuisX_Y5VJg==/com.google.android.apps.messaging-BTjzNLXzElsS-xad-zrBIg==/lib/arm64:/data/app/~~s9sR81wkdgRmuisX_Y5VJg==/com.google.android.apps.messaging-BTjzNLXzElsS-xad-zrBIg==/base.apk!/lib/arm64-v8a:/data/app/~~s9sR81wkdgRmuisX_Y5VJg==/com.google.android.apps.messaging-BTjzNLXzElsS-xad-zrBIg==/split_config.arm64_v8a.apk!/lib/arm64-v8a:/data/app/~~s9sR81wkdgRmuisX_Y5VJg==/com.google.android.apps.messaging-BTjzNLXzElsS-xad-zrBIg==/split_confi
06-20 22:12:57.496 V/GraphicsEnvironment(20005): Currently set values for:
06-20 22:12:57.496 V/GraphicsEnvironment(20005):   angle_gl_driver_selection_pkgs=[]
06-20 22:12:57.496 V/GraphicsEnvironment(20005):   angle_gl_driver_selection_values=[]
06-20 22:12:57.496 V/GraphicsEnvironment(20005): com.google.android.apps.messaging is not listed in per-application setting
06-20 22:12:57.496 V/GraphicsEnvironment(20005): ANGLE allowlist from config: com.dreamgames.royalmatch com.dts.freefiremax com.dxx.firenow com.gramgames.mergedragons com.ludo.king com.mojang.minecraftpe com.my.defense com.nintendo.zaka com.os.airforce com.playrix.fishdomdd.gplay io.teslatech.callbreak jp.konami.prospia net.peakgames.toonblast
06-20 22:12:57.496 V/GraphicsEnvironment(20005): No special selections for ANGLE, returning default driver choice
06-20 22:12:57.508 I/exzp    (20005): SslGuard completed installation.
06-20 22:12:57.514 I/Bugle   (20005): BugleApplicationBase: Bugle version: messages.android_20260605_00_rc00.phone_samsung_dynamic , Bugle version code: 311755900
06-20 22:12:57.514 I/Bugle   (20005): DarkModeManager: setDarkMode: -1
06-20 22:12:57.515 I/stetho  (20005): Listening on @stetho_com.google.android.apps.messaging_devtools_remote
06-20 22:12:57.515 D/nativeloader(20005): Load /data/app/~~s9sR81wkdgRmuisX_Y5VJg==/com.google.android.apps.messaging-BTjzNLXzElsS-xad-zrBIg==/split_config.arm64_v8a.apk!/lib/arm64-v8a/libnative_crash_handler_jni.so using class loader ns clns-10 (caller=/data/app/~~s9sR81wkdgRmuisX_Y5VJg==/com.google.android.apps.messaging-BTjzNLXzElsS-xad-zrBIg==/base.apk!classes3.dex): ok
06-20 22:12:57.516 D/BackgroundInstallControlService( 2843): Package event received: 0
06-20 22:12:57.516 I/sensors-hal( 1803): handle_sns_client_event:327, [0][1357] mag_sample_cal(magcal_available:1): ts=154065877240 ns; cal = [-18.210337, -44.094955, -33.760239], uncal = [-19.230337, 67.445045, -249.580231], bias = [-1.020000, 111.540001, -215.819992], status=3, cal_id=2
06-20 22:12:57.516 I/SDM     ( 1829): DisplayBase::CommitThread: Received idle timeout, panel: cmd, timeout: 70000 us
06-20 22:12:57.521 I/Bugle   (20005): DatabaseHelperBasic.doInitializationTraced
06-20 22:12:57.521 I/HBD     ( 6802): i onCapabilityChanged  setNetworkState currentNetworkState : wifi 
06-20 22:12:57.522 I/HBD     ( 6802): f LogTag.TAG_LMDOWNLOAD network status is changed.
06-20 22:12:57.522 I/Bugle   (20005): DatabaseHelperBasic.doInitializationTraced
06-20 22:12:57.522 I/Bugle   (20005): DatabaseHelperBasic.doInitializationTraced
06-20 22:12:57.523 E/ashmem  (20005): Pinning is deprecated since Android Q. Please use trim or other methods.
06-20 22:12:57.526 I/Bugle   (20005): DatabaseHelperBasic: sqlite version is 3.44.5
06-20 22:12:57.526 I/Bugle   (20005): DatabaseHelperBasic: sqlite version is 3.44.5
06-20 22:12:57.527 I/Bugle   (20005): DatabaseHelperBasic.doInitializationTraced() returned SQLiteDatabase: /data/user/0/com.google.android.apps.messaging/databases/workqueue_db
06-20 22:12:57.527 I/Bugle   (20005): DatabaseHelperBasic.doInitializationTraced returned SQLiteDatabase: /data/user/0/com.google.android.apps.messaging/databases/workqueue_db
06-20 22:12:57.528 I/Bugle   (20005): DatabaseHelperBasic.doInitializationTraced() returned SQLiteDatabase: /data/user/0/com.google.android.apps.messaging/databases/bugle_backup_db
06-20 22:12:57.528 I/Bugle   (20005): DatabaseHelperBasic.doInitializationTraced returned SQLiteDatabase: /data/user/0/com.google.android.apps.messaging/databases/bugle_backup_db
06-20 22:12:57.528 I/Bugle   (20005): Initializing EmojiCompat
06-20 22:12:57.529 I/CarrierServices(20005): Initializing Carrier Services Library. [CONTEXT thread_id=49 ]
06-20 22:12:57.530 I/FontLog ( 4696): (REDACTED) Received query %s, URI %s
06-20 22:12:57.530 I/FontLog ( 4696): (REDACTED) Received query %s, URI %s
06-20 22:12:57.530 I/FontLog ( 4696): (REDACTED) Query [%s] resolved to %s
06-20 22:12:57.530 I/FontLog ( 4696): (REDACTED) Query [%s] resolved to %s
06-20 22:12:57.530 I/FontLog ( 4696): (REDACTED) Fetch %s end status %s
06-20 22:12:57.530 I/FontLog ( 4696): (REDACTED) Fetch %s end status %s
06-20 22:12:57.531 I/CarrierServices(20005): Initializing Carrier Services Logging. [CONTEXT thread_id=49 ]
06-20 22:12:57.531 I/FontLog ( 4696): (REDACTED) Pulling font file for id = %d, cache size = %d
06-20 22:12:57.531 I/FontLog ( 4696): (REDACTED) Pulling font file for id = %d, cache size = %d
06-20 22:12:57.531 I/HWUI    (20005): Using FreeType backend (prop=Auto)
06-20 22:12:57.532 I/Bugle   (20005): DatabaseHelperBasic: sqlite version is 3.44.5
06-20 22:12:57.532 I/LogSaver(20005): LogSaver new instance with filename: carrier_services
06-20 22:12:57.533 I/FontLog ( 4696): (REDACTED) Pulling font file for id = %d, cache size = %d
06-20 22:12:57.533 I/FontLog ( 4696): (REDACTED) Pulling font file for id = %d, cache size = %d
06-20 22:12:57.533 I/BugleBackup(20005): Registering preference change listener for "bugle".
06-20 22:12:57.533 I/BugleDataModel(20005): HeavyWorkQueueEmptyObserver: Starting observation of WorkQueueWorkManagerTable
06-20 22:12:57.537 I/BugleRcs(20005): couldn't get package info for carrier services package with name com.google.android.ims
06-20 22:12:57.537 I/BugleRcs(20005): android.content.pm.PackageManager$NameNotFoundException: com.google.android.ims
06-20 22:12:57.537 I/BugleRcs(20005): 	at android.app.ApplicationPackageManager.getPackageInfoAsUser(ApplicationPackageManager.java:330)
06-20 22:12:57.537 I/BugleRcs(20005): 	at android.app.ApplicationPackageManager.getPackageInfo(ApplicationPackageManager.java:290)
06-20 22:12:57.537 I/BugleRcs(20005): 	at android.app.ApplicationPackageManager.getPackageInfo(ApplicationPackageManager.java:284)
06-20 22:12:57.537 I/BugleRcs(20005): 	at dnfv.<init>(PG:60)
06-20 22:12:57.537 I/BugleRcs(20005): 	at dnfv.a(PG:10)
06-20 22:12:57.537 I/BugleRcs(20005): 	at cuhs.c(PG:40)
06-20 22:12:57.537 I/BugleRcs(20005): 	at askl.run(PG:18)
06-20 22:12:57.537 I/BugleRcs(20005): 	at feny.run(PG:25)
06-20 22:12:57.537 I/BugleRcs(20005): 	at java.util.concurrent.Executors$RunnableAdapter.call(Executors.java:520)
06-20 22:12:57.537 I/BugleRcs(20005): 	at flgs.a(PG:3)
06-20 22:12:57.537 I/BugleRcs(20005): 	at flfp.run(PG:19)
06-20 22:12:57.537 I/BugleRcs(20005): 	at flgt.run(PG:5)
06-20 22:12:57.537 I/BugleRcs(20005): 	at emgd.run(PG:7)
06-20 22:12:57.537 I/BugleRcs(20005): 	at java.util.concurrent.ThreadPoolExecutor.runWorker(ThreadPoolExecutor.java:1100)
06-20 22:12:57.537 I/BugleRcs(20005): 	at java.util.concurrent.ThreadPoolExecutor$Worker.run(ThreadPoolExecutor.java:624)
06-20 22:12:57.537 I/BugleRcs(20005): 	at emfh.run(PG:13)
06-20 22:12:57.537 I/BugleRcs(20005): 	at java.lang.Thread.run(Thread.java:1572)
06-20 22:12:57.537 I/BugleRcs(20005): 	at emha.run(PG:62)
06-20 22:12:57.540 I/BugleJobs(20005): Starting sync data to wearable message observer. [CONTEXT class_name="SyncDataToWearableMessageChangeObserver" ]
06-20 22:12:57.540 I/Bugle   (20005): TelephonyManagerFactory: Returning per-subscription TelephonyManager (>= N) subscription{id:2}
06-20 22:12:57.545 I/Bugle   (20005): DatabaseHelperBasic.doInitializationTraced() returned SQLiteDatabase: /data/user/0/com.google.android.apps.messaging/databases/bugle_db
06-20 22:12:57.545 I/Bugle   (20005): DatabaseHelperBasic.doInitializationTraced returned SQLiteDatabase: /data/user/0/com.google.android.apps.messaging/databases/bugle_db
06-20 22:12:57.548 W/libbinder.BpBinder( 4696): Large outgoing transaction of 450992 bytes, interface descriptor '(not cached)', code 4, flags 1 was sent
06-20 22:12:57.548 W/libbinder.Binder(20005): Large data transaction of 450992 bytes, interface descriptor com.google.android.gms.phenotype.internal.IPhenotypeCallbacks, code 4, flags 17
06-20 22:12:57.559 I/BugleRcsProvisioning(20005): BugleSystemBindingManager: onBuglePhenotypeFlagChanged
06-20 22:12:57.560 D/PackageManager( 2843): setEnabledSetting : userId = 0 packageName = com.google.android.apps.messaging cmp = com.google.android.ims.binding.SystemBindingService newState = 1 callingPackage = com.google.android.apps.messaging
06-20 22:12:57.560 I/BugleTransport(20005): Not kicking off update transport registration because RCS provisioning change has not been received.
06-20 22:12:57.560 D/ApplicationPolicy( 2843): getApplicationStateEnabled : pkg = com.google.android.apps.messaging userId : 0
06-20 22:12:57.560 D/ApplicationPolicy( 2843): getApplicationComponentState : pkg = com.google.android.apps.messaging userId : 0
06-20 22:12:57.561 I/BugleRcsEngine(20005): SystemBinding enabled: true [CONTEXT log_prefix="SystemBindingManager" thread_id=43 ]
06-20 22:12:57.561 I/BugleRcsEngine(20005): System Binding updated [CONTEXT thread_id=43 ]
06-20 22:12:57.563 D/PackageManager( 2843): setEnabledSetting : userId = 0 packageName = com.google.android.apps.messaging cmp = com.google.android.apps.messaging.auto.MessagingTemplateScreenServiceModule newState = 1 callingPackage = com.google.android.apps.messaging
06-20 22:12:57.563 D/ApplicationPolicy( 2843): getApplicationStateEnabled : pkg = com.google.android.apps.messaging userId : 0
06-20 22:12:57.563 D/ApplicationPolicy( 2843): getApplicationComponentState : pkg = com.google.android.apps.messaging userId : 0
06-20 22:12:57.567 D/WM-PackageManagerHelper(20005): Skipping component enablement for androidx.work.impl.background.systemjob.SystemJobService
06-20 22:12:57.567 D/WM-Schedulers(20005): Created SystemJobScheduler and enabled SystemJobService
06-20 22:12:57.567 D/WM-ForceStopRunnable(20005): Is default app process = true
06-20 22:12:57.567 D/WM-ForceStopRunnable(20005): Performing cleanup operations.
06-20 22:12:57.568 I/BugleDataModel(20005): 3 not running because already up to date, upgradeCommand: EXECUTE_UPGRADE, version: 2
06-20 22:12:57.568 I/BugleDataModel(20005): 2 not running because already up to date, upgradeCommand: EXECUTE_UPGRADE, version: 4
06-20 22:12:57.569 I/BugleDataModel(20005): 11 not running because already up to date, upgradeCommand: EXECUTE_UPGRADE, version: 1
06-20 22:12:57.570 I/BugleSatellite(20005): Processing Phenotype flag changes.
06-20 22:12:57.570 I/BugleDataModel(20005): 9 not running because already up to date, upgradeCommand: EXECUTE_DOWNGRADE, version: 4
06-20 22:12:57.570 I/BugleSatellite(20005): Reporting to Telephony: SMS supported = true
06-20 22:12:57.571 I/BugleDataModel(20005): 8 not running because already up to date, upgradeCommand: EXECUTE_UPGRADE, version: 1
06-20 22:12:57.571 D/SatelliteController( 3938): REQUEST_SET_NTN_SMS_SUPPORTED_BY_MESSAGES_APP
06-20 22:12:57.571 D/SatelliteController( 3938): persistNtnSmsSupportedByMessagesApp: ntnSmsSupported=true
06-20 22:12:57.571 D/SatelliteController( 3938): handleCarrierRoamingNtnAvailableServicesChanged: activeSubIds size=1
06-20 22:12:57.571 D/SatelliteController( 3938): handleCarrierRoamingNtnAvailableServicesChanged: subId=2
06-20 22:12:57.571 D/SatelliteController( 3938): updateLastNotifiedNtnAvailableServicesAndNotify: phoneId= 1
06-20 22:12:57.571 I/BugleDataModel(20005): 4 not running because already up to date, upgradeCommand: EXECUTE_UPGRADE, version: 1
06-20 22:12:57.571 D/SatelliteController( 3938): getAvailableServicesWithEntitlementForSubId: []
06-20 22:12:57.571 D/SatelliteController( 3938): getSupportedSatelliteServicesForCarrier: subId=2, return default values [2, 3, 6]
06-20 22:12:57.571 D/SatelliteController( 3938): getCarrierRoamingNtnConnectType: Falling back to global carrier config connect type: 0
06-20 22:12:57.571 D/SatelliteController( 3938): isP2PSmsDisallowedOnCarrierRoamingNtn: P2P is supported
06-20 22:12:57.571 D/Phone-1 ( 3938): [1] notifyCarrierRoamingNtnAvailableServicesChanged availableServices:[2, 3, 6]
06-20 22:12:57.573 I/power_partial_wake_state( 2843): [DIS,250447173,8,BuglePhoneApplicationBase#attatchBaseContext -> Application creation -> Application.onCreate -> StartupHandlerImpl#onApplicationCreated -> StartupHandlerImpl#onApplicationCreatedInternal -> PhoneAsyncAppCreateStartupTask -> PhenotypeHelper#registerPhenotype -> PhenotypeHelper#onBuglePhenotypeChanged -> WorkQueueBatchingImpl#queueWorkItem -> WorkQueueBatchingImpl#queueWorkItems -> WorkQueueBatchingImpl#schedulingDeferred:com.google.android.apps.messaging(enabled),10268,20005,null]
06-20 22:12:57.573 I/power_partial_wake_state( 2843): [REL,250447173,8,BuglePhoneApplicationBase#attatchBaseContext -> Application creation -> Application.onCreate -> StartupHandlerImpl#onApplicationCreated -> StartupHandlerImpl#onApplicationCreatedInternal -> PhoneAsyncAppCreateStartupTask -> PhenotypeHelper#registerPhenotype -> PhenotypeHelper#onBuglePhenotypeChanged -> WorkQueueBatchingImpl#queueWorkItem -> WorkQueueBatchingImpl#queueWorkItems -> WorkQueueBatchingImpl#schedulingDeferred:com.google.android.apps.messaging,10268,20005,null]
06-20 22:12:57.573 D/WM-SystemJobScheduler(20005): Reconciling jobs
06-20 22:12:57.573 D/SatelliteController( 3938): getCarrierRoamingNtnConnectType: Falling back to global carrier config connect type: 0
06-20 22:12:57.573 D/SatelliteController( 3938): notifyCarrierRoamingNtnAvailableServicesChangedToSmsDispatchersController: not supported or not manual, subId=2
06-20 22:12:57.573 D/STF     ( 3938): [STCR]- updateLastNotifiedNtnAvailableServicesAndNotify {availableServices:[2, 3, 6]}
06-20 22:12:57.573 D/SatelliteSessionController( 3938): isInEnablingState: getCurrentState=com.android.internal.telephony.satellite.SatelliteSessionController$PowerOffState@777f045
06-20 22:12:57.573 D/SatelliteController( 3938): isCarrierRoamingNtnEligible: phone is null
06-20 22:12:57.573 D/SatelliteController( 3938): evaluateCarrierRoamingNtnEligibilityChange: isCarrierRoamingNtnEligible=false
06-20 22:12:57.573 E/SatelliteController( 3938): notifyNtnEligibility: mSatellitePhone is null
06-20 22:12:57.573 I/sensors-hal( 1803): handle_sns_std_sensor_event:157, [856] Pressure 988.678, cal 0.146, sw_offset 0.000 (lsb(bit) 0x9a 0x90 0x60)
06-20 22:12:57.577 D/WM-ForceStopRunnable(20005): Found unfinished work, scheduling it.
06-20 22:12:57.581 D/WM-SystemJobScheduler(20005): Scheduling work ID b2732e72-e3b8-474d-8b21-aa2fe03d0f12Job ID 2859
06-20 22:12:57.583 D/WM-SystemJobScheduler(20005): Scheduling work ID 5e08a0a1-952c-45e1-81f9-8f373ea3b1d7Job ID 1111
06-20 22:12:57.584 D/WM-SystemJobScheduler(20005): Scheduling work ID 0156030a-f3c2-43a6-af8c-d53b972652c4Job ID 2796
06-20 22:12:57.585 D/WM-SystemJobScheduler(20005): Scheduling work ID dc1632ba-a993-4810-8b0b-d3b7263e4f00Job ID 1098
06-20 22:12:57.586 W/JobInfo (20005): Requested important-while-foreground flag for job1115 is ignored and takes no effect
06-20 22:12:57.586 D/WM-SystemJobScheduler(20005): Scheduling work ID c8339960-9e89-4ca3-9a8f-369109f5f767Job ID 1115
06-20 22:12:57.587 D/WM-SystemJobScheduler(20005): Scheduling work ID a79b57ed-a721-4a9b-ba66-5c7c5ac787bfJob ID 1058
06-20 22:12:57.588 D/WM-SystemJobScheduler(20005): Scheduling work ID ca2c3cb4-1179-4a4d-b6b0-3f564593f7e2Job ID 1116
06-20 22:12:57.588 W/JobInfo (20005): Requested important-while-foreground flag for job2978 is ignored and takes no effect
06-20 22:12:57.588 D/WM-SystemJobScheduler(20005): Scheduling work ID 72f5e4d6-152b-4d01-890a-d8014f604b8fJob ID 2978
06-20 22:12:57.589 D/WM-SystemJobScheduler(20005): Scheduling work ID 641b0dd5-1f76-456c-a37d-5577e6b2dc29Job ID 1056
06-20 22:12:57.590 D/WM-SystemJobScheduler(20005): Scheduling work ID 306e19f7-2e14-4fe0-90a6-76e0bd1240e2Job ID 1044
06-20 22:12:57.591 D/WM-SystemJobScheduler(20005): Scheduling work ID 908f9355-6b58-4485-8ce7-bd7a3d34a557Job ID 1045
06-20 22:12:57.592 D/WM-SystemJobScheduler(20005): Scheduling work ID ba01d7df-7f24-479a-b10a-988e8e9ad98fJob ID 1048
06-20 22:12:57.593 D/WM-SystemJobScheduler(20005): Scheduling work ID 3ce142fb-c93b-480e-b6d0-cdf5b2683123Job ID 1099
06-20 22:12:57.594 D/WM-SystemJobScheduler(20005): Scheduling work ID fe96933c-c26b-4469-b035-a50ae0dfe504Job ID 1118
06-20 22:12:57.595 D/WM-SystemJobScheduler(20005): Scheduling work ID a534c375-3208-4716-bac7-f05ac2f11228Job ID 1117
06-20 22:12:57.596 D/WM-SystemJobScheduler(20005): Scheduling work ID ca71eee9-c075-4dd5-a472-cabb54f7df07Job ID 1089
06-20 22:12:57.597 D/WM-SystemJobScheduler(20005): Scheduling work ID 5792e2ff-73bc-4b58-b1fa-c824bd029d22Job ID 1097
06-20 22:12:57.598 D/WM-SystemJobScheduler(20005): Scheduling work ID 88acb5fd-ec8f-4ae1-9c35-a3a6c102b2b9Job ID 1094
06-20 22:12:57.598 D/WM-SystemJobScheduler(20005): Scheduling work ID 9b43f93a-b0bd-42ec-b24b-6a287093defaJob ID 1096
06-20 22:12:57.599 W/JobInfo (20005): Requested important-while-foreground flag for job1034 is ignored and takes no effect
06-20 22:12:57.599 D/WM-SystemJobScheduler(20005): Scheduling work ID 6d4ed0c3-4994-4a96-9899-ed9bb840c613Job ID 1034
06-20 22:12:57.600 W/JobInfo (20005): Requested important-while-foreground flag for job1119 is ignored and takes no effect
06-20 22:12:57.600 D/WM-SystemJobScheduler(20005): Scheduling work ID ab0690c2-4d9a-4b0a-b297-d32719e4de85Job ID 1119
06-20 22:12:57.600 D/WM-GreedyScheduler(20005): Ignoring {WorkSpec: c8339960-9e89-4ca3-9a8f-369109f5f767}. Requires device idle.
06-20 22:12:57.600 D/WM-GreedyScheduler(20005): Ignoring {WorkSpec: 72f5e4d6-152b-4d01-890a-d8014f604b8f}. Requires device idle.
06-20 22:12:57.600 D/WM-GreedyScheduler(20005): Ignoring {WorkSpec: 6d4ed0c3-4994-4a96-9899-ed9bb840c613}. Requires ContentUri triggers.
06-20 22:12:57.600 D/WM-GreedyScheduler(20005): Ignoring {WorkSpec: ab0690c2-4d9a-4b0a-b297-d32719e4de85}. Requires ContentUri triggers.
06-20 22:12:57.605 W/JobInfo (20005): Requested important-while-foreground flag for job1120 is ignored and takes no effect
06-20 22:12:57.605 D/WM-SystemJobScheduler(20005): Scheduling work ID 9bc46bb8-528e-4646-96f6-77223bd7ab90Job ID 1120
06-20 22:12:57.606 I/power_partial_wake_state( 2843): [DIS,146074350,1,*job*r/#WorkQueueWorkerShim#@androidx.work.systemjobscheduler@com.google.android.apps.messaging/androidx.work.impl.background.systemjob.SystemJobService:android(enabled),1000,2843,WorkSource{ chains=WorkChain{(10268), (1000, JobScheduler)}}]
06-20 22:12:57.606 I/power_partial_wake_state( 2843): [REL,146074350,1,*job*r/#WorkQueueWorkerShim#@androidx.work.systemjobscheduler@com.google.android.apps.messaging/androidx.work.impl.background.systemjob.SystemJobService:android,1000,2843,WorkSource{ chains=WorkChain{(10268), (1000, JobScheduler)}}]
06-20 22:12:57.607 D/WM-SystemJobService(20005): onStartJob for WorkGenerationalId(workSpecId=9bc46bb8-528e-4646-96f6-77223bd7ab90, generation=0)
06-20 22:12:57.608 D/WM-GreedyScheduler(20005): Ignoring {WorkSpec: c8339960-9e89-4ca3-9a8f-369109f5f767}. Requires device idle.
06-20 22:12:57.608 D/WM-GreedyScheduler(20005): Ignoring {WorkSpec: 72f5e4d6-152b-4d01-890a-d8014f604b8f}. Requires device idle.
06-20 22:12:57.608 D/WM-GreedyScheduler(20005): Ignoring {WorkSpec: 6d4ed0c3-4994-4a96-9899-ed9bb840c613}. Requires ContentUri triggers.
06-20 22:12:57.608 D/WM-GreedyScheduler(20005): Ignoring {WorkSpec: ab0690c2-4d9a-4b0a-b297-d32719e4de85}. Requires ContentUri triggers.
06-20 22:12:57.608 D/WM-GreedyScheduler(20005): Starting work for 9bc46bb8-528e-4646-96f6-77223bd7ab90
06-20 22:12:57.618 D/WM-Processor(20005): swp: processing WorkGenerationalId(workSpecId=9bc46bb8-528e-4646-96f6-77223bd7ab90, generation=0)
06-20 22:12:57.618 D/WM-Processor(20005): Work WorkGenerationalId(workSpecId=9bc46bb8-528e-4646-96f6-77223bd7ab90, generation=0) is already enqueued for processing
06-20 22:12:57.619 D/MddListenableWorkerFactory(20005): createWorker for class: com.google.android.apps.messaging.shared.datamodel.workqueue.WorkQueueWorkerShim
06-20 22:12:57.621 D/WM-WorkerWrapper(20005): Starting work for com.google.android.apps.messaging.shared.datamodel.workqueue.WorkQueueWorkerShim
06-20 22:12:57.621 D/WM-PackageManagerHelper(20005): Skipping component enablement for androidx.work.impl.background.systemalarm.RescheduleReceiver
06-20 22:12:57.622 I/WM-WorkerWrapper(20005): Worker result SUCCESS for Work [ id=9bc46bb8-528e-4646-96f6-77223bd7ab90, tags={ com.google.android.apps.messaging.shared.datamodel.workqueue.WorkQueueWorkerShim,data_upgrade- } ]
06-20 22:12:57.623 D/WM-Processor(20005): swp 9bc46bb8-528e-4646-96f6-77223bd7ab90 executed; reschedule = false
06-20 22:12:57.623 D/WM-SystemJobService(20005): 9bc46bb8-528e-4646-96f6-77223bd7ab90 executed on JobScheduler
06-20 22:12:57.623 I/power_partial_wake_state( 2843): [DIS,112245647,18,*job*r/#WorkQueueWorkerShim#@androidx.work.systemjobscheduler@com.google.android.apps.messaging/androidx.work.impl.background.systemjob.SystemJobService:android(enabled),1000,2843,WorkSource{ chains=WorkChain{(10268), (1000, JobScheduler)}}]
06-20 22:12:57.623 I/power_partial_wake_state( 2843): [REL,112245647,18,*job*r/#WorkQueueWorkerShim#@androidx.work.systemjobscheduler@com.google.android.apps.messaging/androidx.work.impl.background.systemjob.SystemJobService:android,1000,2843,WorkSource{ chains=WorkChain{(10268), (1000, JobScheduler)}}]
06-20 22:12:57.624 D/WM-GreedyScheduler(20005): Cancelling work ID 9bc46bb8-528e-4646-96f6-77223bd7ab90
06-20 22:12:57.625 D/WM-GreedyScheduler(20005): Ignoring {WorkSpec: c8339960-9e89-4ca3-9a8f-369109f5f767}. Requires device idle.
06-20 22:12:57.625 D/WM-GreedyScheduler(20005): Ignoring {WorkSpec: 72f5e4d6-152b-4d01-890a-d8014f604b8f}. Requires device idle.
06-20 22:12:57.625 D/WM-GreedyScheduler(20005): Ignoring {WorkSpec: 6d4ed0c3-4994-4a96-9899-ed9bb840c613}. Requires ContentUri triggers.
06-20 22:12:57.625 D/WM-GreedyScheduler(20005): Ignoring {WorkSpec: ab0690c2-4d9a-4b0a-b297-d32719e4de85}. Requires ContentUri triggers.
06-20 22:12:57.634 D/io_stats( 1145): !@   8,0 r 384187 8760244 w 39819 582544 d 8922 327576 f 905 3710 iot 19044 0 th 0 0 0 pt 0 inp 0 0 154.229
06-20 22:12:57.848 D/SemWifiSwitchForIndividualAppsService( 2843): isSkipNetworkCondition - result:2
06-20 22:12:57.860 D/BSOHChargingDataCollector( 2843):  BSOH Sys-servce ... 
06-20 22:12:57.860 D/BSOHChargingDataCollector( 2843): performBatteryWork++
06-20 22:12:57.860 D/BSOHChargingDataCollector( 2843): performBatteryWork battery com.android.server.bsoh.device.PrimeBattery@2209b88
06-20 22:12:57.860 D/BSOHChargingDataCollector( 2843): primeBatt readVoltage from sysFsBattVolt,  path : /sys/class/power_supply/battery/batt_voltage_now
06-20 22:12:57.862 D/WM-DelayedWorkTracker(19602): Scheduling work 5c0858a1-4918-4b73-9ee0-50207b73696e
06-20 22:12:57.862 D/WM-GreedyScheduler(19602): Starting tracking for 5c0858a1-4918-4b73-9ee0-50207b73696e
06-20 22:12:57.864 D/WM-WorkConstraintsTrack(19602): NetworkRequestConstraintController register shared callback
06-20 22:12:57.866 D/ConnectivityManager(19602): StackLog: [android.net.ConnectivityManager.sendRequestForNetwork(ConnectivityManager.java:4744)] [android.net.ConnectivityManager.registerDefaultNetworkCallbackForUid(ConnectivityManager.java:5469)] [android.net.ConnectivityManager.registerDefaultNetworkCallback(ConnectivityManager.java:5436)] [android.net.ConnectivityManager.registerDefaultNetworkCallback(ConnectivityManager.java:5410)] [androidx.work.impl.constraints.e.b(ProGuard:39)] [androidx.work.impl.constraints.NetworkRequestConstraintController$track$1.invokeSuspend(ProGuard:95)] [androidx.work.impl.constraints.NetworkRequestConstraintController$track$1.invoke(ProGuard:9)] [androidx.work.impl.constraints.NetworkRequestConstraintController$track$1.invoke(ProGuard:14)] [za1.p(ProGuard:3)] [za1.j(ProGuard:1)] [kotlinx.coroutines.flow.CallbackFlowBuilder.j(ProGuard:61)] [kotlinx.coroutines.flow.internal.ChannelFlow$collectToFun$1.invokeSuspend(ProGuard:40)] [kotlin.coroutines.jvm.internal.BaseContinuationImpl.resumeWith(ProGuard:11)] [kotlinx.coroutines.f.run(ProGuard:127)] [kmc$a.run(ProGuard:3)] [java.util.concurrent.ThreadPoolExecutor.runWorker(ThreadPoolExecutor.java:1100)] [java.util.concurrent.ThreadPoolExecutor$Worker.run(ThreadPoolExecutor.java:624)] [java.lang.Thread.run(Thread.java:1572)]
06-20 22:12:57.867 I/power_partial_wake_state( 2843): [DIS,130612912,3,*alarm*:android(enabled),1000,2843,WorkSource{ chains=WorkChain{(10405), (1000, JobScheduler)}}]
06-20 22:12:57.867 I/power_partial_wake_state( 2843): [REL,130612912,4,*alarm*:android,1000,2843,WorkSource{ chains=WorkChain{(10405), (1000, JobScheduler)}}]
06-20 22:12:57.867 D/TrafficStateDatabaseController( 2843): onDnsEvent():  objTrafficStats.size= 142, mInsertList= true
06-20 22:12:57.867 D/NetdEventListenerService( 2843): DNS Requested by 100, 10405(com.acmeaom.android.myradar), SUCCESS, 33ms
06-20 22:12:57.867 D/ConnectivityService( 2843): requestNetwork for uid/pid:10405/19602 activeRequest: null callbackRequest: 601 [NetworkRequest [ REQUEST id=602, [ Capabilities: INTERNET&NOT_RESTRICTED&TRUSTED&NOT_VCN_MANAGED&NOT_BANDWIDTH_CONSTRAINED Uid: 10405 RequestorUid: 10405 RequestorPkg: com.acmeaom.android.myradar UnderlyingNetworks: Null] ]] callback flags: 0 order: 2147483647 isUidTracked: false declaredMethods: AVAIL|LOST|NC|BLK
06-20 22:12:57.868 D/ConnectivityService( 2843):    accepting network in place of null for NetworkRequest [ REQUEST id=602, [ Capabilities: INTERNET&NOT_RESTRICTED&TRUSTED&NOT_VCN_MANAGED&NOT_BANDWIDTH_CONSTRAINED Uid: 10405 RequestorUid: 10405 RequestorPkg: com.acmeaom.android.myradar UnderlyingNetworks: Null] ]
06-20 22:12:57.869 D/TelephonyManager( 2843): getAllCellInfo / caller PID: 2843, UID: 1000, TID: 5827
06-20 22:12:57.869 E/AppOps  ( 2843): Bad call made by uid 1001. Package "com.android.phone" does not belong to uid 1000.
06-20 22:12:57.869 E/AppOps  ( 2843): Cannot noteOperation: non-application UID 1000
06-20 22:12:57.869 D/WM-WorkConstraintsTrack(19602): NetworkRequestConstraintController onCapabilitiesChanged callback
06-20 22:12:57.870 D/WM-WorkConstraintsTrack(19602): Not dispatching constraint state yet: isBlocked=null, capabilitiesInitialized=true
06-20 22:12:57.870 I/JobScheduler( 2843): maybeQueueReadyJobsForExecutionLocked: [BatchNetworkJob] 1 batched network jobs meet requirement for 100
06-20 22:12:57.870 D/WM-WorkConstraintsTrack(19602): NetworkRequestConstraintController onBlockedStatusChanged callback false
06-20 22:12:57.870 D/TelephonyManager( 2843): getAllCellInfo / caller PID: 2843, UID: 1000, TID: 5827
06-20 22:12:57.871 D/WM-GreedyScheduler(19602): Constraints met: Scheduling work ID WorkGenerationalId(workSpecId=5c0858a1-4918-4b73-9ee0-50207b73696e, generation=0)
06-20 22:12:57.871 D/WifiNetworkFactory( 2843): got request NetworkRequest [ REQUEST id=602, [ Capabilities: INTERNET&NOT_RESTRICTED&TRUSTED&NOT_VCN_MANAGED&NOT_BANDWIDTH_CONSTRAINED Uid: 10405 RequestorUid: 10405 RequestorPkg: com.acmeaom.android.myradar UnderlyingNetworks: Null] ]
06-20 22:12:57.871 D/UntrustedWifiNetworkFactory( 2843): got request NetworkRequest [ REQUEST id=602, [ Capabilities: INTERNET&NOT_RESTRICTED&TRUSTED&NOT_VCN_MANAGED&NOT_BANDWIDTH_CONSTRAINED Uid: 10405 RequestorUid: 10405 RequestorPkg: com.acmeaom.android.myradar UnderlyingNetworks: Null] ]
06-20 22:12:57.872 D/ConnectivityService( 2843): Rematched networks [computed 1ms] [applied 1ms] [issued 3]
06-20 22:12:57.872 D/ConnectivityService( 2843): NetworkReassignment :
06-20 22:12:57.872 D/ConnectivityService( 2843):   602 : null → 100
06-20 22:12:57.872 D/OemPaidWifiNetworkFactory( 2843): got request NetworkRequest [ REQUEST id=602, [ Capabilities: INTERNET&NOT_RESTRICTED&TRUSTED&NOT_VCN_MANAGED&NOT_BANDWIDTH_CONSTRAINED Uid: 10405 RequestorUid: 10405 RequestorPkg: com.acmeaom.android.myradar UnderlyingNetworks: Null] ]
06-20 22:12:57.872 D/MultiInternetWifiNetworkFactory( 2843): got request NetworkRequest [ REQUEST id=602, [ Capabilities: INTERNET&NOT_RESTRICTED&TRUSTED&NOT_VCN_MANAGED&NOT_BANDWIDTH_CONSTRAINED Uid: 10405 RequestorUid: 10405 RequestorPkg: com.acmeaom.android.myradar UnderlyingNetworks: Null] ]
06-20 22:12:57.873 D/BSOHChargingDataCollector( 2843): 0 	 BattData addData data : BattData { voltage:4.088, current:0.222656, soc:0.69, temperature:28.9, status:2, timestamp:1782011577873, voltage_chg:null}
06-20 22:12:57.873 D/BSOHChargingDataCollector( 2843): performBatteryWork--
06-20 22:12:57.874 I/ActivityManager( 2843): Changes in 99004 19 to 8, 128 to 384
06-20 22:12:57.874 I/ActivityManager( 2843): Changes in 10405 19 to 8, 128 to 384
06-20 22:12:57.874 I/ActivityManager( 2843): Changes in 10324 19 to 8, 128 to 384
06-20 22:12:57.876 I/power_partial_wake_state( 2843): [DIS,42940177,5,*job*r/#LoginWorker#@androidx.work.systemjobscheduler@com.acmeaom.android.myradar/androidx.work.impl.background.systemjob.SystemJobService:android(enabled),1000,2843,WorkSource{ chains=WorkChain{(10405), (1000, JobScheduler)}}]
06-20 22:12:57.876 I/power_partial_wake_state( 2843): [REL,42940177,6,*job*r/#LoginWorker#@androidx.work.systemjobscheduler@com.acmeaom.android.myradar/androidx.work.impl.background.systemjob.SystemJobService:android,1000,2843,WorkSource{ chains=WorkChain{(10405), (1000, JobScheduler)}}]
06-20 22:12:57.878 D/WM-SystemJobService(19602): onStartJob for WorkGenerationalId(workSpecId=5c0858a1-4918-4b73-9ee0-50207b73696e, generation=0)
06-20 22:12:57.879 I/CameraService( 2271): onUidStateChanged: uid=10405, procState is changed. (19 -> 8)
06-20 22:12:57.882 D/WM-Processor(19602): a: processing WorkGenerationalId(workSpecId=5c0858a1-4918-4b73-9ee0-50207b73696e, generation=0)
06-20 22:12:57.884 D/WM-Processor(19602): Work WorkGenerationalId(workSpecId=5c0858a1-4918-4b73-9ee0-50207b73696e, generation=0) is already enqueued for processing
06-20 22:12:57.887 D/WM-WorkerWrapper(19602): Starting work for com.acmeaom.android.lu.worker.LoginWorker
06-20 22:12:57.889 I/NSLocationMonitor( 2843): getGPSUsingApps() called
06-20 22:12:57.889 I/NSLocationManager_FLP( 5290): getGPSUsingApps, No change
06-20 22:12:57.892 I/WM-WorkerWrapper(19602): Worker result SUCCESS for Work [ id=5c0858a1-4918-4b73-9ee0-50207b73696e, tags={ com.acmeaom.android.lu.worker.LoginWorker,ClassOneTime } ]
06-20 22:12:57.893 D/WM-Processor(19602): a 5c0858a1-4918-4b73-9ee0-50207b73696e executed; reschedule = false
06-20 22:12:57.893 D/WM-GreedyScheduler(19602): Stopping tracking for WorkGenerationalId(workSpecId=5c0858a1-4918-4b73-9ee0-50207b73696e, generation=0)
06-20 22:12:57.893 D/WM-SystemJobService(19602): 5c0858a1-4918-4b73-9ee0-50207b73696e executed on JobScheduler
06-20 22:12:57.894 I/power_partial_wake_state( 2843): [DIS,41674359,23,*job*r/#LoginWorker#@androidx.work.systemjobscheduler@com.acmeaom.android.myradar/androidx.work.impl.background.systemjob.SystemJobService:android(enabled),1000,2843,WorkSource{ chains=WorkChain{(10405), (1000, JobScheduler)}}]
06-20 22:12:57.894 I/power_partial_wake_state( 2843): [REL,41674359,24,*job*r/#LoginWorker#@androidx.work.systemjobscheduler@com.acmeaom.android.myradar/androidx.work.impl.background.systemjob.SystemJobService:android,1000,2843,WorkSource{ chains=WorkChain{(10405), (1000, JobScheduler)}}]
06-20 22:12:57.894 D/ActivityManager( 2843): FCA:FCA recordedFileRss = 61548, and changeinRss = 3328
06-20 22:12:57.894 D/FreecessController( 2843): FZ : com.x8bit.bitwarden(10439) [8067] reason: Bg
06-20 22:12:57.894 D/FreecessHandler( 2843): freeze com.x8bit.bitwarden(10439)
06-20 22:12:57.894 W/LocationManagerService( 2843): onFreezeStateChanged, uid[10439]=true
06-20 22:12:57.895 I/PowerManagerService( 2843): [PWL] SetWakeLockEnableDisable uid = 10439 , disable= true
06-20 22:12:57.895 I/PowerManagerService( 2843): [PWL] can not change uid =  10439
06-20 22:12:57.896 I/CameraService( 2271): onUidStateChanged: uid=10405, procState is changed. (8 -> 10)
06-20 22:12:57.896 D/WM-GreedyScheduler(19602): Cancelling work ID 5c0858a1-4918-4b73-9ee0-50207b73696e
06-20 22:12:57.898 D/WM-WorkConstraintsTrack(19602): NetworkRequestConstraintController unregister shared callback
06-20 22:12:57.898 D/ConnectivityManager(19602): StackLog: [android.net.ConnectivityManager.unregisterNetworkCallback(ConnectivityManager.java:5579)] [androidx.work.impl.constraints.e.a(ProGuard:30)] [twc.invoke(ProGuard:5)] [androidx.work.impl.constraints.NetworkRequestConstraintController$track$1.d(ProGuard:1)] [androidx.work.impl.constraints.d.invoke(ProGuard:3)] [kotlinx.coroutines.channels.ProduceKt.a(ProGuard:126)] [kotlinx.coroutines.channels.ProduceKt$awaitClose$1.invokeSuspend(ProGuard:11)] [kotlin.coroutines.jvm.internal.BaseContinuationImpl.resumeWith(ProGuard:11)] [kotlinx.coroutines.f.run(ProGuard:113)] [kmc$a.run(ProGuard:3)] [java.util.concurrent.ThreadPoolExecutor.runWorker(ThreadPoolExecutor.java:1100)] [java.util.concurrent.ThreadPoolExecutor$Worker.run(ThreadPoolExecutor.java:624)] [java.lang.Thread.run(Thread.java:1572)]
06-20 22:12:57.898 I/ActivityManager( 2843): Changes in 99004 10 to 19, 384 to 128
06-20 22:12:57.898 D/ConnectivityService( 2843):  Removing from current network [100 WIFI], leaving 216 requests.
06-20 22:12:57.898 I/ActivityManager( 2843): Changes in 10405 10 to 19, 384 to 128
06-20 22:12:57.898 I/ActivityManager( 2843): Changes in 10324 10 to 19, 384 to 128
06-20 22:12:57.898 I/CameraService( 2271): onUidStateChanged: uid=10405, procState is changed. (10 -> 19)
06-20 22:12:57.924 I/NearbySharing( 4696): Network state changed: NetworkState(isRestricted=false, isOnline=true, isCongested=false, isMetered=false, isWifiConnected=true)
06-20 22:12:58.030 D/TrafficStateDatabaseController( 2843): onDnsEvent():  objTrafficStats.size= 143, mInsertList= true
06-20 22:12:58.030 D/NetdEventListenerService( 2843): DNS Requested by 100, 10400(com.venmo), SUCCESS, 6ms
06-20 22:12:58.030 D/NetdEventListenerService( 2843): DNS Requested by 100, 10400(com.venmo), SUCCESS, 9ms
06-20 22:12:58.030 D/NetdEventListenerService( 2843): DNS Requested by 100, 10400(com.venmo), SUCCESS, 9ms
06-20 22:12:58.032 D/TelephonyManager( 2843): getAllCellInfo / caller PID: 2843, UID: 1000, TID: 5827
06-20 22:12:58.033 D/TelephonyManager( 2843): getAllCellInfo / caller PID: 2843, UID: 1000, TID: 5827
06-20 22:12:58.033 D/NetdEventListenerService( 2843): DNS Requested by 100, 10400(com.venmo), SUCCESS, 0ms
06-20 22:12:58.034 D/TrafficStateDatabaseController( 2843): onDnsEvent():  objTrafficStats.size= 144, mInsertList= true
06-20 22:12:58.034 D/NetdEventListenerService( 2843): DNS Requested by 100, 10400(com.venmo), SUCCESS, 0ms
06-20 22:12:58.034 D/NetdEventListenerService( 2843): DNS Requested by 100, 10400(com.venmo), SUCCESS, 0ms
06-20 22:12:58.035 D/TelephonyManager( 2843): getAllCellInfo / caller PID: 2843, UID: 1000, TID: 5827
06-20 22:12:58.035 D/TelephonyManager( 2843): getAllCellInfo / caller PID: 2843, UID: 1000, TID: 5827
06-20 22:12:58.036 D/TrafficStateDatabaseController( 2843): onDnsEvent():  objTrafficStats.size= 145, mInsertList= true
06-20 22:12:58.037 D/TelephonyManager( 2843): getAllCellInfo / caller PID: 2843, UID: 1000, TID: 5827
06-20 22:12:58.037 D/TelephonyManager( 2843): getAllCellInfo / caller PID: 2843, UID: 1000, TID: 5827
06-20 22:12:58.038 D/TrafficStateDatabaseController( 2843): onDnsEvent():  objTrafficStats.size= 146, mInsertList= true
06-20 22:12:58.039 D/TelephonyManager( 2843): getAllCellInfo / caller PID: 2843, UID: 1000, TID: 5827
06-20 22:12:58.039 D/TelephonyManager( 2843): getAllCellInfo / caller PID: 2843, UID: 1000, TID: 5827
06-20 22:12:58.039 D/TrafficStateDatabaseController( 2843): onDnsEvent():  objTrafficStats.size= 147, mInsertList= true
06-20 22:12:58.040 D/TelephonyManager( 2843): getAllCellInfo / caller PID: 2843, UID: 1000, TID: 5827
06-20 22:12:58.040 D/TelephonyManager( 2843): getAllCellInfo / caller PID: 2843, UID: 1000, TID: 5827
06-20 22:12:58.041 D/TrafficStateDatabaseController( 2843): onDnsEvent():  objTrafficStats.size= 148, mInsertList= true
06-20 22:12:58.042 D/TelephonyManager( 2843): getAllCellInfo / caller PID: 2843, UID: 1000, TID: 5827
06-20 22:12:58.043 D/TelephonyManager( 2843): getAllCellInfo / caller PID: 2843, UID: 1000, TID: 5827
06-20 22:12:58.360 I/sensors-hal( 1803): handle_sns_client_event:379, [0][12918] accel_sample [-0.211,  0.019,  9.717] 154920672240
06-20 22:12:58.543 E/AppOps  ( 2843): Bad call made by uid 1001. Package "com.android.phone" does not belong to uid 1000.
06-20 22:12:58.543 E/AppOps  ( 2843): Cannot noteOperation: non-application UID 1000
06-20 22:12:58.655 I/[ContinuitySDK_2.0.0012]_VersionUtil( 7166): initSupportFeatures - serviceVersionCode - 200218000, mSupportFeatures - 8187
06-20 22:12:58.655 W/[ContinuitySDK_2.0.0012]_PermissionUtil( 7166): hasPermissions - android.permission.BLUETOOTH_SCAN not granted
06-20 22:12:58.655 W/[ContinuitySDK_2.0.0012]_PermissionUtil( 7166): hasPermissions - android.permission.BLUETOOTH_CONNECT not granted
06-20 22:12:58.655 W/[ContinuitySDK_2.0.0012]_PermissionUtil( 7166): hasPermissions - android.permission.BLUETOOTH_ADVERTISE not granted
06-20 22:12:58.655 W/[ContinuitySDK_2.0.0012]_PermissionUtil( 7166): hasPermissions - android.permission.NEARBY_WIFI_DEVICES not granted
06-20 22:12:58.655 I/AutoHotspotMde:Adapter( 7166): trying to bind,val:900
06-20 22:12:58.655 I/[ContinuitySDK_2.0.0012]_ContinuityAdapterImpl( 7166): initialize - INIT_SUCCESS
06-20 22:12:58.655 I/[ContinuitySDK_2.0.0012]_ExecutorUtil( 7166): start - sIsStarted = false
06-20 22:12:58.656 I/[ContinuitySDK_2.0.0012]_ContinuityAdapterImpl( 7166): bindService - -
06-20 22:12:58.659 I/[ContinuitySDK_2.0.0012]_ContinuityAdapterImpl( 7166): bindService - start bindService
06-20 22:12:58.660 I/[ContinuitySDK_2.0.0012]_ContinuityAdapterImpl( 7166): isMainControllerStarted - main controller is not started -> try sync cloud
06-20 22:12:58.663 I/[MCFDs]_McfSyncMainController( 7079): registerSyncCloudCallback - appId: 4
06-20 22:12:58.663 I/[MCFDs]_McfSyncMainController( 7079): sendSyncCloudCallback - isStarted: false
06-20 22:12:58.664 W/[ContinuitySDK_2.0.0012]_ContinuityAdapterImpl( 7166): onCallback - fail to syncCloud
06-20 22:12:58.664 I/[ContinuitySDK_2.0.0012]_ContinuityAdapterImpl( 7166): unbindServiceImpl - -
06-20 22:12:58.665 I/[ContinuitySDK_2.0.0012]_ContinuityConnectionManager( 7166): closeServer - -
06-20 22:12:58.665 W/[ContinuitySDK_2.0.0012]_ContinuityCommandManager( 7166): internalCommand - null iContinuitySdkCommand
06-20 22:12:58.665 I/[ContinuitySDK_2.0.0012]_ContinuityConnectionManager( 7166): sendUpdateSessionInfoCommand - result=false
06-20 22:12:58.665 I/[ContinuitySDK_2.0.0012]_ContinuityStreamingManagerImpl( 7166): destroy - -
06-20 22:12:58.665 I/[ContinuitySDK_2.0.0012]_ContinuityStreamingManagerImpl( 7166): stopStreamingServer - in
06-20 22:12:58.665 I/[ContinuitySDK_2.0.0012]_ContinuityStreamingManagerImpl( 7166): stopStreamingClient - in
06-20 22:12:58.665 I/[ContinuitySDK_2.0.0012]_ContinuityMediaStreamClient( 7166): resetStreamArray - in
06-20 22:12:58.665 I/[ContinuitySDK_2.0.0012]_ContinuityMediaStreamClient( 7166): stopAllMediaStreams - in
06-20 22:12:58.665 I/[ContinuitySDK_2.0.0012]_ContinuityRtpStreamingCommandManagerImpl( 7166): unregisterMessageListener - -
06-20 22:12:58.666 E/AutoHotspotMde:Adapter( 7166): unregisterMessageListener, discoveryManager = null
06-20 22:12:58.666 E/AutoHotspotMde:MHS( 7166): setServiceBinded,false,stopping advertisement
06-20 22:12:58.666 I/[ContinuitySDK_2.0.0012]_ContinuityAdapterImpl( 7166): release - -
06-20 22:12:58.666 I/[ContinuitySDK_2.0.0012]_ContinuityAdapterImpl( 7166): unbindServiceImpl - -
06-20 22:12:58.666 W/[ContinuitySDK_2.0.0012]_ContinuityAdapterImpl( 7166): unbindServiceImpl - invalid service state 0
06-20 22:12:58.666 I/[ContinuitySDK_2.0.0012]_ExecutorUtil( 7166): shutdown - sIsStarted = true
06-20 22:12:58.666 E/AutoHotspotMde:client( 7166): setServiceBinded,false,stopClientAdvertisement
06-20 22:12:58.666 E/AutoHotspotMde:MHS( 7166): discoveryManager == null,stopAdvertisement
06-20 22:12:58.666 I/AutoHotspotMde:MHS( 7166): CMD_AH_STOP_ADVERTISE:return value:-5
06-20 22:12:58.667 I/AutoHotspotMde:Adapter( 7166): EVENT_BIND,isBound:false,isSamsungAccountSignedIn:true,isEnabledNearbyScanSettings:trueEVENT_BIND:true
06-20 22:12:58.705 I/thermal_core( 1886): pivot(AP) : 327, skin : 311
06-20 22:12:58.737 D/AHAL_ModulePrimary_QTI( 1806): getVendorParameters: id count: 1
06-20 22:12:58.738 I/PAL: ResourceManager( 1806): getActiveStream_l: 6587: no active streams found for device 3 ret -2
06-20 22:12:58.738 D/AHAL_SecModulePrimary( 1806): onGetSECGenericParameters get temperature for g_hw_speaker_amp_temp_rcv: 0
06-20 22:12:58.739 D/AHAL_ModulePrimary_QTI( 1806): getVendorParameters: id count: 1
06-20 22:12:58.739 I/PAL: ResourceManager( 1806): getActiveStream_l: 6587: no active streams found for device 3 ret -2
06-20 22:12:58.739 D/AHAL_SecModulePrimary( 1806): onGetSECGenericParameters get temperature for g_hw_speaker_amp_temp_spk: 0
06-20 22:12:58.741 I/SDHMS:x ( 7013): SIOP:: AP:327 BAT:289 USB:267 CHG:323 PA:331 WIFI:322 CF:316 BLK:0 SUBBAT:0 LRPTHM:309 SKIN:309 SKINF:309 SKINB:309 LRP:309 LRF:309 LRB:309 APT:309 APR:309 RCV:309 SPK:270 CHGF:303 CHGR:304 MEMF:306 MEMR:308 WIFIF:307 WIFIR:307 FCAM:266 UPSPK:311 DNSPK:265 VAP:357 VWIFI:332 AMB2:173 HIGH:0 AVGCUR:130 AVGSYS:258 POWER:523
06-20 22:12:58.743 I/AudioManager( 7013): setParameters keyValuePairs = g_hw_speaker_amp_temp_spk=27
06-20 22:12:58.744 D/AudioFlinger( 1914): setParameters: filtered dev setParameters keyvalue g_hw_speaker_amp_temp_spk=27
06-20 22:12:58.744 D/AHAL_HFP_QTI( 1806): hfp_set_parameters enter
06-20 22:12:58.744 D/AHAL_HFP_QTI( 1806): hfp_set_parameters Exit
06-20 22:12:58.744 D/AHAL_SecModulePrimary( 1806): processSetVendorParameters: configured g_hw_speaker_amp_temp_spk
06-20 22:12:58.744 D/AHAL_SecModulePrimary( 1806): processSetVendorParameters: handler set on Feature:0
06-20 22:12:58.745 D/AHAL_SecModulePrimary( 1806): onSetSECGenericParameters set temperature for g_hw_speaker_amp_temp_spk: 27
06-20 22:12:58.745 I/PAL: API( 1806): pal_set_param: 1377: Enter: param id 3002
06-20 22:12:58.745 I/PAL: ResourceManager( 1806): getActiveStream_l: 6587: no active streams found for device 3 ret -2
06-20 22:12:58.745 E/DeviceHalAidl( 1914): Function: parseAndSetVendorParameters Line: 414 Failed 
06-20 22:12:58.745 E/DeviceHalAidl( 1914): Function: parseAndSetVendorParameters Line: 414 Failed 
06-20 22:12:58.746 I/AudioManager( 7013): setParameters keyValuePairs = g_hw_speaker_amp_temp_rcv=31
06-20 22:12:58.746 D/AudioFlinger( 1914): setParameters: filtered dev setParameters keyvalue g_hw_speaker_amp_temp_rcv=31
06-20 22:12:58.746 D/AHAL_HFP_QTI( 1806): hfp_set_parameters enter
06-20 22:12:58.746 D/AHAL_HFP_QTI( 1806): hfp_set_parameters Exit
06-20 22:12:58.746 D/AHAL_SecModulePrimary( 1806): processSetVendorParameters: configured g_hw_speaker_amp_temp_rcv
06-20 22:12:58.746 D/AHAL_SecModulePrimary( 1806): processSetVendorParameters: handler set on Feature:0
06-20 22:12:58.747 D/AHAL_SecModulePrimary( 1806): onSetSECGenericParameters set temperature for g_hw_speaker_amp_temp_rcv: 31
06-20 22:12:58.747 I/PAL: API( 1806): pal_set_param: 1377: Enter: param id 3001
06-20 22:12:58.747 I/PAL: ResourceManager( 1806): getActiveStream_l: 6587: no active streams found for device 3 ret -2
06-20 22:12:58.747 E/DeviceHalAidl( 1914): Function: parseAndSetVendorParameters Line: 414 Failed 
06-20 22:12:58.747 E/DeviceHalAidl( 1914): Function: parseAndSetVendorParameters Line: 414 Failed 
06-20 22:12:58.858 D/SemWifiSwitchForIndividualAppsService( 2843): isSkipNetworkCondition - result:2
06-20 22:12:58.861 D/BSOHChargingDataCollector( 2843):  BSOH Sys-servce ... 
06-20 22:12:58.861 D/BSOHChargingDataCollector( 2843): performBatteryWork++
06-20 22:12:58.861 D/BSOHChargingDataCollector( 2843): performBatteryWork battery com.android.server.bsoh.device.PrimeBattery@2209b88
06-20 22:12:58.862 D/BSOHChargingDataCollector( 2843): primeBatt readVoltage from sysFsBattVolt,  path : /sys/class/power_supply/battery/batt_voltage_now
06-20 22:12:58.872 D/BSOHChargingDataCollector( 2843): 0 	 BattData addData data : BattData { voltage:4.088, current:0.225, soc:0.69, temperature:28.9, status:2, timestamp:1782011578872, voltage_chg:null}
06-20 22:12:58.872 D/BSOHChargingDataCollector( 2843): performBatteryWork--
06-20 22:12:58.883 D/SST-SEM ( 3938): [1] EVENT_SEM_TELEPHONY_DB_NITZ
06-20 22:12:58.898 W/SQLiteLog( 3938): (28) double-quoted string literal: "nitz_status"
06-20 22:12:59.070 D/AppOpsPrivacyItemMonitor( 4313): showLocationSystemApps  AppOpItem(Op code=1, UID=10498, AttributionTag=null, Package name=com.spectre.companion, Paused=false)false)false)false)false)false)false)false)false)
06-20 22:12:59.070 E/FilePhenotypeFlags(19602): Config package com.google.android.gms.clearcut_client#com.acmeaom.android.myradar cannot use FILE backing without declarative registration. See go/phenotype-android-integration#phenotype for more information. This will lead to stale flags.
06-20 22:12:59.071 D/AppOpsPrivacyItemMonitor( 4313): showLocationSystemApps  AppOpItem(Op code=1, UID=10099, AttributionTag=null, Package name=com.samsung.android.mcfds, Paused=false)false)false)false)false)false)false)false)
06-20 22:12:59.071 D/AppOpsPrivacyItemMonitor( 4313): showLocationSystemApps  AppOpItem(Op code=1, UID=5013, AttributionTag=null, Package name=com.sec.location.nsflp2, Paused=false)false)false)false)false)false)
06-20 22:12:59.072 D/AppOpsPrivacyItemMonitor( 4313): showLocationSystemApps  AppOpItem(Op code=1, UID=10405, AttributionTag=null, Package name=com.acmeaom.android.myradar, Paused=false)false)false)false)false)false)
06-20 22:12:59.073 D/AppOpsPrivacyItemMonitor( 4313): showLocationSystemApps  AppOpItem(Op code=1, UID=10270, AttributionTag=com.google.android.gms.locationsharingreporter, Package name=com.google.android.gms, Paused=false)false)false)false)false)
06-20 22:12:59.073 D/AppOpsPrivacyItemMonitor( 4313): showLocationSystemApps  AppOpItem(Op code=1, UID=10275, AttributionTag=null, Package name=com.google.android.gms.location.history, Paused=false)false)false)
06-20 22:12:59.074 D/AppOpsPrivacyItemMonitor( 4313): showLocationSystemApps  AppOpItem(Op code=1, UID=10290, AttributionTag=null, Package name=com.google.android.apps.maps, Paused=false)false)
06-20 22:12:59.074 D/AiAgentEffect( 4313): onPrivacyItemsChanged privacyItems.size = 7
06-20 22:12:59.074 D/AiAgentEffect( 4313): onPrivacyItemsChanged privacyItems isEmpty or found item is null
06-20 22:12:59.075 D/AppOpsPrivacyItemMonitor( 4313): showLocationSystemApps  AppOpItem(Op code=1, UID=10498, AttributionTag=null, Package name=com.spectre.companion, Paused=false)false)false)false)false)false)false)false)false)false)
06-20 22:12:59.075 D/AppOpsPrivacyItemMonitor( 4313): showLocationSystemApps  AppOpItem(Op code=1, UID=5013, AttributionTag=null, Package name=com.sec.location.nsflp2, Paused=false)false)false)false)false)false)false)
06-20 22:12:59.075 D/AppOpsPrivacyItemMonitor( 4313): showLocationSystemApps  AppOpItem(Op code=1, UID=10405, AttributionTag=null, Package name=com.acmeaom.android.myradar, Paused=false)false)false)false)false)false)false)
06-20 22:12:59.076 D/AppOpsPrivacyItemMonitor( 4313): showLocationSystemApps  AppOpItem(Op code=1, UID=10270, AttributionTag=com.google.android.gms.locationsharingreporter, Package name=com.google.android.gms, Paused=false)false)false)false)false)false)
06-20 22:12:59.076 D/AppOpsPrivacyItemMonitor( 4313): showLocationSystemApps  AppOpItem(Op code=1, UID=10275, AttributionTag=null, Package name=com.google.android.gms.location.history, Paused=false)false)false)false)
06-20 22:12:59.076 I/HoneySpace.StatusIconTracker( 4771): invokeEvent() called with: event = PrivacyInfo(visible=false)
06-20 22:12:59.076 E/FilePhenotypeFlags(19602): Config package com.google.android.gms.clearcut_client#com.acmeaom.android.myradar cannot use FILE backing without declarative registration. See go/phenotype-android-integration#phenotype for more information. This will lead to stale flags.
06-20 22:12:59.076 E/FilePhenotypeFlags(19602): Config package com.google.android.gms.clearcut_client#com.acmeaom.android.myradar cannot use FILE backing without declarative registration. See go/phenotype-android-integration#phenotype for more information. This will lead to stale flags.
06-20 22:12:59.076 D/AppOpsPrivacyItemMonitor( 4313): showLocationSystemApps  AppOpItem(Op code=1, UID=10290, AttributionTag=null, Package name=com.google.android.apps.maps, Paused=false)false)false)
06-20 22:12:59.082 W/View    ( 4313): requestLayout() improperly called by android.widget.FrameLayout{23f287b V.E...... ......I. 0,0-1080,2340 #14} during layout: running second layout pass
06-20 22:12:59.082 W/View    ( 4313): requestLayout() improperly called by com.android.systemui.qs.QSTouchAwareFrameLayout{d5be698 V.E...... ......ID 0,164-1080,2340 #7e0a0a4c com.android.systemui:id/qs_frame} during layout: running second layout pass
06-20 22:12:59.083 W/RefactorFlag( 4313): New code path expects SceneContainerFlag to be enabled.
06-20 22:12:59.083 D/AiAgentEffect( 4313): onPrivacyItemsChanged privacyItems.size = 6
06-20 22:12:59.083 D/AiAgentEffect( 4313): onPrivacyItemsChanged privacyItems isEmpty or found item is null
06-20 22:12:59.084 I/HoneySpace.StatusIconTracker( 4771): invokeEvent() called with: event = PrivacyInfo(visible=false)
06-20 22:12:59.090 W/View    ( 4313): requestLayout() improperly called by android.widget.FrameLayout{23f287b V.E...... ......I. 0,0-1080,2340 #14} during layout: running second layout pass
06-20 22:12:59.090 W/View    ( 4313): requestLayout() improperly called by com.android.systemui.qs.QSTouchAwareFrameLayout{d5be698 V.E...... ......ID 0,164-1080,2340 #7e0a0a4c com.android.systemui:id/qs_frame} during layout: running second layout pass
06-20 22:12:59.091 W/RefactorFlag( 4313): New code path expects SceneContainerFlag to be enabled.
06-20 22:12:59.121 I/adbd    ( 6914): adbd service requested 'shell,v2,raw:uiautomator dump /sdcard/t.xml'
06-20 22:12:59.189 I/sensors-hal( 1803): handle_sns_std_sensor_event:409, [SSC_LIGHT] P: 0(0),c:0,b:27,m:13,cl:0,l:0,s:0,l0:32,l1:0,s0:0,s1:0,acl:1,opr:0.08,f(r):90,u(bl):100,if:90,wi:0,si:0,0(N:0)
06-20 22:12:59.190 I/sensors-hal( 1803): handle_sns_std_sensor_event:127, [SSC_LIGHT] A: 0(0),c:0,b:27,m:13,cl:0,l:0,s:0,l0:32,l1:0,s0:0,s1:0,acl:1,opr:0.08,f(r):90,u(bl):100,if:90,wi:0,si:0,0(N:0)
06-20 22:12:59.220 D/AndroidRuntime(20074): >>>>>> START com.android.internal.os.RuntimeInit uid 2000 <<<<<<
06-20 22:12:59.222 I/AndroidRuntime(20074): Using default boot image
06-20 22:12:59.222 I/AndroidRuntime(20074): Leaving lock profiling enabled
06-20 22:12:59.222 D/SecNativeFeatureCppIf(20074): encoded
06-20 22:12:59.222 D/SecNativeFeatureCppIf(20074): decoding and unzip finish
06-20 22:12:59.222 D/SecNativeFeatureCppIf(20074): use unCompDataBuff. encoded
06-20 22:12:59.223 D/SecNativeFeatureCppIf(20074): Free unCompDataBuff
06-20 22:12:59.223 D/AndroidRuntime(20074): addProductProperty not brand or 7
06-20 22:12:59.224 I/app_process(20074): Using generational CollectorTypeCMC GC.
06-20 22:12:59.248 D/nativeloader(20074): InitDefaultPublicLibraries for_preload=1: libandroid.so:libaaudio.so:libamidi.so:libbinder_ndk.so:libc.so:libcamera2ndk.so:libdl.so:libEGL.so:libGLESv1_CM.so:libGLESv2.so:libGLESv3.so:libicu.so:libicui18n.so:libicuuc.so:libjnigraphics.so:liblog.so:libmediandk.so:libm.so:libnativehelper.so:libnativewindow.so:libOpenMAXAL.so:libOpenSLES.so:libRS.so:libstdc++.so:libsync.so:libvulkan.so:libwebviewchromium_plat_support.so:libz.so
06-20 22:12:59.253 D/nativeloader(20074): Load libicu_jni.so using APEX ns com_android_art for caller /apex/com.android.art/javalib/core-oj.jar: ok
06-20 22:12:59.253 D/app_process(20074): u_setTimeZoneFilesDirectory("/apex/com.android.tzdata/etc/tz/versioned/9/icu") succeeded. 
06-20 22:12:59.253 D/app_process(20074): I18n APEX ICU file found: /apex/com.android.i18n/etc/icu/icudt76l.dat
06-20 22:12:59.253 D/nativeloader(20074): Load libjavacore.so using APEX ns com_android_art for caller /apex/com.android.art/javalib/core-oj.jar: ok
06-20 22:12:59.254 D/nativeloader(20074): Load libopenjdk.so using APEX ns com_android_art for caller /apex/com.android.art/javalib/core-oj.jar: ok
06-20 22:12:59.254 I/app_process(20074): Priority-to-niceness mapping: 19, 16, 13, 10, 0, -2, -4, -5, -6, -8
06-20 22:12:59.261 E/SemDvfsManager_JNI(20074): SemDvfsManager: registerfunction enter
06-20 22:12:59.261 E/SemAffinityControl(20074): SemAffinityControl: registerfunction enter
06-20 22:12:59.264 D/nativeloader(20074): Load libframework-connectivity-tiramisu-jni.so using APEX ns com_android_tethering for caller /apex/com.android.tethering/javalib/framework-connectivity-t.jar: ok
06-20 22:12:59.264 D/AndroidRuntime(20074): Calling main entry com.android.commands.uiautomator.Launcher
06-20 22:12:59.266 W/PlatformAconfigPackage(20074): android.os.flagging.AconfigStorageReadException: ERROR_CANNOT_READ_STORAGE_FILE: Fail to mmap storage
06-20 22:12:59.266 I/AconfigPackage(20074): android.uprobestats.mainline.flags is mapped to com.android.uprobestats
06-20 22:12:59.266 I/AconfigPackage(20074): android.media.swcodec.flags is mapped to com.android.media.swcodec
06-20 22:12:59.266 I/AconfigPackage(20074): android.graphics.pdf.flags is mapped to com.android.mediaprovider
06-20 22:12:59.266 I/AconfigPackage(20074): com.android.providers.media.flags is mapped to com.android.mediaprovider
06-20 22:12:59.266 I/AconfigPackage(20074): android.graphics.pdf.flags.readonly is mapped to com.android.mediaprovider
06-20 22:12:59.266 I/AconfigPackage(20074): com.android.uwb.flags is mapped to com.android.uwb
06-20 22:12:59.266 I/AconfigPackage(20074): com.android.ranging.flags is mapped to com.android.uwb
06-20 22:12:59.266 I/AconfigPackage(20074): com.android.healthfitness.flags is mapped to com.android.healthfitness
06-20 22:12:59.266 I/AconfigPackage(20074): com.android.os.statsd.flags is mapped to com.android.os.statsd
06-20 22:12:59.266 I/AconfigPackage(20074): com.android.tethering.mainline.beta is mapped to com.android.tethering
06-20 22:12:59.266 I/AconfigPackage(20074): android.net.http is mapped to com.android.tethering
06-20 22:12:59.266 I/AconfigPackage(20074): com.android.tethering.readonly.flags is mapped to com.android.tethering
06-20 22:12:59.266 I/AconfigPackage(20074): android.net.vcn is mapped to com.android.tethering
06-20 22:12:59.266 I/AconfigPackage(20074): com.android.net.flags is mapped to com.android.tethering
06-20 22:12:59.266 I/AconfigPackage(20074): com.android.tethering.flags is mapped to com.android.tethering
06-20 22:12:59.266 I/AconfigPackage(20074): com.android.tethering.beta.test is mapped to com.android.tethering
06-20 22:12:59.266 I/AconfigPackage(20074): com.android.nearby.flags is mapped to com.android.tethering
06-20 22:12:59.266 I/AconfigPackage(20074): com.android.net.thread.flags is mapped to com.android.tethering
06-20 22:12:59.266 I/AconfigPackage(20074): com.android.net.ct.flags is mapped to com.android.tethering
06-20 22:12:59.266 I/AconfigPackage(20074): android.os.profiling is mapped to com.android.profiling
06-20 22:12:59.266 I/AconfigPackage(20074): android.os.profiling.anomaly.flags is mapped to com.android.profiling
06-20 22:12:59.266 I/AconfigPackage(20074): com.android.permission.flags is mapped to com.android.permission
06-20 22:12:59.266 I/AconfigPackage(20074): com.android.permissioncontroller.flags is mapped to com.android.permission
06-20 22:12:59.266 I/AconfigPackage(20074): com.android.adservices.flags is mapped to com.android.adservices
06-20 22:12:59.266 I/AconfigPackage(20074): com.android.sdksandbox.flags is mapped to com.android.adservices
06-20 22:12:59.266 I/AconfigPackage(20074): com.android.ipsec.flags is mapped to com.android.ipsec
06-20 22:12:59.266 I/AconfigPackage(20074): android.provider.flags is mapped to com.android.configinfrastructure
06-20 22:12:59.266 I/AconfigPackage(20074): com.android.server.deviceconfig is mapped to com.android.configinfrastructure
06-20 22:12:59.267 I/AconfigPackage(20074): com.android.cellbroadcastreceiver.flags is mapped to com.android.cellbroadcast
06-20 22:12:59.267 I/AconfigPackage(20074): com.android.media.extractor.flags is mapped to com.android.media
06-20 22:12:59.267 I/AconfigPackage(20074): com.android.media.metrics.flags is mapped to com.android.media
06-20 22:12:59.267 I/AconfigPackage(20074): com.android.media.mainline.flags is mapped to com.android.media
06-20 22:12:59.267 I/AconfigPackage(20074): com.android.appsearch.flags is mapped to com.android.appsearch
06-20 22:12:59.267 I/AconfigPackage(20074): com.android.wifi.flags is mapped to com.android.wifi
06-20 22:12:59.267 I/AconfigPackage(20074): com.android.rkpd.flags is mapped to com.android.rkpd
06-20 22:12:59.267 I/AconfigPackage(20074): com.android.icu is mapped to com.android.i18n
06-20 22:12:59.267 I/AconfigPackage(20074): com.android.devicelock.flags is mapped to com.android.devicelock
06-20 22:12:59.267 I/AconfigPackage(20074): com.android.system.virtualmachine.flags is mapped to com.android.virt
06-20 22:12:59.267 I/AconfigPackage(20074): com.android.adservices.ondevicepersonalization.flags is mapped to com.android.ondevicepersonalization
06-20 22:12:59.267 I/AconfigPackage(20074): com.android.org.conscrypt.flags is mapped to com.android.conscrypt
06-20 22:12:59.267 I/AconfigPackage(20074): com.android.org.conscrypt.net.flags is mapped to com.android.conscrypt
06-20 22:12:59.267 I/AconfigPackage(20074): com.android.art.flags is mapped to com.android.art
06-20 22:12:59.267 I/AconfigPackage(20074): com.android.art.rw.flags is mapped to com.android.art
06-20 22:12:59.267 I/AconfigPackage(20074): com.android.libcore is mapped to com.android.art
06-20 22:12:59.267 I/AconfigPackage(20074): com.android.bluetooth.flags is mapped to com.android.bt
06-20 22:12:59.267 I/AconfigPackage(20074): com.android.adbd.flags is mapped to com.android.adbd
06-20 22:12:59.267 I/AconfigPackage(20074): com.android.telephony.flags is mapped to com.android.telephonycore
06-20 22:12:59.267 I/AconfigPackage(20074): com.android.compos.flags is mapped to com.android.compos
06-20 22:12:59.267 E/FeatureFlagsImplExport(20074): android.os.flagging.AconfigStorageReadException: ERROR_PACKAGE_NOT_FOUND: package android.xr cannot be found on the device
06-20 22:12:59.267 D/UiAutomationConnection(20074): Created on user UserHandle{0}
06-20 22:12:59.267 I/UiAutomation(20074): Initialized for user 0 on display 0
06-20 22:12:59.267 W/UiAutomation(20074): Created with deprecatead constructor, assumes DEFAULT_DISPLAY
06-20 22:12:59.268 D/AccessibilityManagerService( 2843): changeCurrentUserForTestAutomationIfNeededLocked(0): ignoring because device doesn't support visible background users
06-20 22:12:59.268 I/UiAutomationManager( 2843): Registering UiTestAutomationService (id=com.android.server.accessibility/UiAutomation, flags=0x0) when called by user 0
06-20 22:12:59.268 V/AccessibilityManagerService( 2843): onUserStateChangedLocked for userId: 0, forceUpdate: false
06-20 22:12:59.268 D/ActivityManager( 2843): unpendingScheduleServiceRestart: u=10439, drop=false
06-20 22:12:59.269 D/FreecessController( 2843): UFZ : com.x8bit.bitwarden(10439) [8067] reason: ServiceANR
06-20 22:12:59.269 W/LocationManagerService( 2843): onFreezeStateChanged, uid[10439]=false
06-20 22:12:59.270 I/PowerManagerService( 2843): [PWL] SetWakeLockEnableDisable uid = 10439 , disable= false
06-20 22:12:59.270 I/PowerManagerService( 2843): [PWL] can not change uid =  10439
06-20 22:12:59.270 I/ActivityManager( 2843): Changes in 10439 5 to 10, 511 to 384
06-20 22:12:59.272 D/HidDeviceService( 4244): handleMessage: MESSAGE_IMPORTANCE_CHANGE
06-20 22:12:59.272 D/HidDeviceService( 4244): unregisterAppUid(): uid=10439
06-20 22:12:59.272 D/HidDeviceService( 4244): unregisterAppUid(): caller UID doesn't match user UID
06-20 22:12:59.273 I/ActivityManager( 2843): Changes in 10439 10 to 19, 384 to 0
06-20 22:12:59.273 D/MagnificationConnectionManager( 2843): requestConnection :false mConnectionState : 3
06-20 22:12:59.273 W/MagnificationConnectionManager( 2843): requestConnection duplicated request: connect=false, mConnectionState=DISCONNECTED
06-20 22:12:59.274 I/SurfaceFlinger( 1939): id=152 createSurf, flag=84004, WindowToken{1a95aac type=2032 android.os.Binder@8d0505f}#152
06-20 22:12:59.275 W/libbinder.IPCThreadState( 2843): Sending oneway calls to frozen process.
06-20 22:12:59.276 V/AccessibilityManagerService( 2843): onUserStateChangedLocked for userId: 0, forceUpdate: false
06-20 22:12:59.276 W/libbinder.IPCThreadState( 2843): Sending oneway calls to frozen process.
06-20 22:12:59.277 D/MagnificationConnectionManager( 2843): requestConnection :false mConnectionState : 3
06-20 22:12:59.277 W/MagnificationConnectionManager( 2843): requestConnection duplicated request: connect=false, mConnectionState=DISCONNECTED
06-20 22:12:59.277 W/libbinder.IPCThreadState( 2843): Sending oneway calls to frozen process.
06-20 22:12:59.277 W/libbinder.IPCThreadState( 2843): Sending oneway calls to frozen process.
06-20 22:12:59.277 W/libbinder.IPCThreadState( 2843): Sending oneway calls to frozen process.
06-20 22:12:59.278 W/libbinder.IPCThreadState( 2843): Sending oneway calls to frozen process.
06-20 22:12:59.278 I/AccessibilityManagerService( 2843): semIsAccessibilityServiceEnabled()
06-20 22:12:59.278 I/AccessibilityManagerService( 2843): semIsAccessibilityServiceEnabled()
06-20 22:12:59.278 D/AS.AudioService( 2843): Accessibility volume enabled = false
06-20 22:12:59.278 W/libbinder.IPCThreadState( 2843): Sending oneway calls to frozen process.
06-20 22:12:59.278 W/libbinder.IPCThreadState( 2843): Sending oneway calls to frozen process.
06-20 22:12:59.278 W/libbinder.IPCThreadState( 2843): Sending oneway calls to frozen process.
06-20 22:12:59.278 W/libbinder.IPCThreadState( 2843): Sending oneway calls to frozen process.
06-20 22:12:59.279 I/AccessibilityManagerService( 2843): semIsAccessibilityServiceEnabled()
06-20 22:12:59.279 I/AccessibilityManagerService( 2843): semIsAccessibilityServiceEnabled()
06-20 22:12:59.279 D/AS.AudioService( 2843): Accessibility volume enabled = false
06-20 22:12:59.281 I/SurfaceFlinger( 1939): [LayerHierarchy{RequestedLayerState{WindowToken{e105f2e type=2032 android.os.Binder@c8a6da9}#151 z=2} no children}] reparent to OffscreenRoot
06-20 22:12:59.281 I/SurfaceFlinger( 1939): Current= 120, Period= 120, Distance= 1
06-20 22:12:59.281 I/SurfaceFlinger( 1939): [LayerHierarchy{RequestedLayerState{WindowToken{e105f2e type=2032 android.os.Binder@c8a6da9}#151 z=2} no children}] RelativeParent to null
06-20 22:12:59.281 I/SurfaceFlinger( 1939): [WindowToken{1a95aac type=2032 android.os.Binder@8d0505f}#152] attach to parent LayerHierarchy{RequestedLayerState{Leaf:26:31#33 parentId=32} 3 children}
06-20 22:12:59.281 I/SurfaceFlinger( 1939): id=151 Removed WindowToken{e105f2e type=2032 android.os.Binder@c8a6da9}#151 (103)
06-20 22:12:59.282 I/SDM     ( 1829): AIScalerFeatureIntfImpl::LookupConfig: Scale ratio = 1.780000
06-20 22:12:59.282 I/SDM     ( 1829): AIScalerParserIntfImpl::LookupConfig: Scale Ratio Match Found Here
06-20 22:12:59.289 I/SurfaceFlinger( 1939): Current= 120, Period= 120, Distance= 120
06-20 22:12:59.291 I/SurfaceFlinger( 1939): RequestedLayer [WindowToken{1a95aac type=2032 android.os.Binder@8d0505f}#152] hidden!! flag  from(1) --> to(0)
06-20 22:12:59.291 I/SurfaceFlinger( 1939): destroyed WindowToken{e105f2e type=2032 android.os.Binder@c8a6da9}#151 form LifecycleManager
06-20 22:12:59.291 I/SurfaceFlinger( 1939): id=151 onLayerDestroyed from LayerHierarchyBuilder(RequestedLayerState{WindowToken{e105f2e type=2032 android.os.Binder@c8a6da9}#151 !handle z=2})
06-20 22:12:59.291 I/SurfaceFlinger( 1939): id=151 Destroyed WindowToken{e105f2e type=2032 android.os.Binder@c8a6da9}#151
06-20 22:12:59.292 I/SDM     ( 1829): AIScalerFeatureIntfImpl::LookupConfig: Scale ratio = 1.780000
06-20 22:12:59.292 I/SDM     ( 1829): AIScalerParserIntfImpl::LookupConfig: Scale Ratio Match Found Here
06-20 22:12:59.368 I/SDM     ( 1829): DisplayBase::CommitThread: Received idle timeout, panel: cmd, timeout: 70000 us
06-20 22:12:59.461 D/SemWifiEleStateTracker( 2843): Pressure Diff: 4.272461E-4
06-20 22:12:59.462 D/SemWifiEleStateTracker( 2843): Barometer value: Prev 988.6769 Current 988.6773 mSmallBaroDetected : false
06-20 22:12:59.494 I/sensors-hal( 1803): handle_sns_std_sensor_event:157, [868] Pressure 988.678, cal 0.146, sw_offset 0.000 (lsb(bit) 0x9e 0x90 0x60)
06-20 22:12:59.517 I/sensors-hal( 1803): handle_sns_client_event:327, [0][1377] mag_sample_cal(magcal_available:1): ts=156065877240 ns; cal = [-20.010456, -45.781708, -29.925980], uncal = [-21.030457, 65.758293, -245.745972], bias = [-1.020000, 111.540001, -215.819992], status=3, cal_id=2
06-20 22:12:59.634 D/io_stats( 1145): !@   8,0 r 384222 8762036 w 39833 582596 d 8922 327576 f 906 3712 iot 19072 0 th 0 0 0 pt 0 inp 0 0 156.229
06-20 22:12:59.635 D/io_stats( 1145): !@ Read_top(KB): kworker/u17:4:/(384) 23808 .apps.messaging:high(20005) 9464 kworker/u17:1:/(137) 6944
06-20 22:12:59.635 D/io_stats( 1145): !@ Write_top(KB): kworker/u17:4:/(384) 5120 droid.apps.maps:low(19939) 936 f2fs_ckpt-254:6:/(1305) 772
06-20 22:12:59.862 D/BSOHChargingDataCollector( 2843):  BSOH Sys-servce ... 
06-20 22:12:59.862 D/BSOHChargingDataCollector( 2843): performBatteryWork++
06-20 22:12:59.862 D/BSOHChargingDataCollector( 2843): performBatteryWork battery com.android.server.bsoh.device.PrimeBattery@2209b88
06-20 22:12:59.862 D/BSOHChargingDataCollector( 2843): primeBatt readVoltage from sysFsBattVolt,  path : /sys/class/power_supply/battery/batt_voltage_now
06-20 22:12:59.869 D/SemWifiSwitchForIndividualAppsService( 2843): isSkipNetworkCondition - result:2
06-20 22:12:59.871 D/BSOHChargingDataCollector( 2843): 0 	 BattData addData data : BattData { voltage:4.087, current:0.176562, soc:0.69, temperature:28.9, status:2, timestamp:1782011579871, voltage_chg:null}
06-20 22:12:59.871 D/BSOHChargingDataCollector( 2843): performBatteryWork--
06-20 22:13:00.003 I/power_partial_wake_state( 2843): [DIS,130612912,1,*alarm*:android(enabled),1000,2843,WorkSource{1000 chains=WorkChain{(10405), (1000, JobScheduler)}}]
06-20 22:13:00.003 I/power_partial_wake_state( 2843): [REL,130612912,2,*alarm*:android,1000,2843,WorkSource{1000 chains=WorkChain{(10405), (1000, JobScheduler)}}]
06-20 22:13:00.003 I/EyeComfortSolutionService( 2843): action  :  android.intent.action.TIME_TICK
06-20 22:13:00.004 I/DateTimeView( 4313): updateAll - getTimeFormat
06-20 22:13:00.004 D/FaceWidgetPagesController( 4313): onTimeChanged()
06-20 22:13:00.005 D/QSClockBellTower( 4313): onReceive(android.intent.action.TIME_TICK) mTimeZoneString:America/Chicago
06-20 22:13:00.006 D/QSClockBellTower( 4313): He is ready to ring the bell. (((QSClockBellSound - TimeText:10:13, TimeContentDescription:10:13 PM, DateText:Sat, June 20, ShortDateText:Sat, Jun 20, Demo:false)))
06-20 22:13:00.007 D/QSClock ( 4313): StatusBar clock=10:13 notifyTimeChanged(QSClockBellSound - TimeText:10:13, TimeContentDescription:10:13 PM, DateText:Sat, June 20, ShortDateText:Sat, Jun 20, Demo:false) clockVisibleByPolicy=true, clockVisibleByUser=true, visible=true, parent=android.widget.LinearLayout{d2f9346 V.E...... ......ID 0,0-97,68 #7e0a06b0 com.android.systemui:id/left_clock_container} caller=com.android.systemui.statusbar.phone.fragment.CollapsedStatusBarFragment.animateShow:66 com.android.systemui.statusbar.phone.fragment.CollapsedStatusBarFragment.updateStatusBarVisibilitiesInner:236 com.android.systemui.statusbar.phone.fragment.CollapsedStatusBarFragment$$ExternalSyntheticLambda5.run:86 android.os.Handler.handleCallback:1070 android.os.Handler.dispatchMessage:125  
06-20 22:13:00.008 D/QSClockBellTower( 4313): Everyone heard the bell. run(currentTime:1782011580005, getTime():Sat Jun 20 22:13:00 CDT 2026, getTimeZone():libcore.util.ZoneInfo[mDstSavings=3600000,mUseDst=true,mDelegate=[id="America/Chicago",mRawOffset=-21600000,mEarliestRawOffset=-21036000,transitions=360]])
06-20 22:13:00.017 W/RefactorFlag( 4313): New code path expects SceneContainerFlag to be enabled.
06-20 22:13:00.025 I/SDM     ( 1829): AIScalerFeatureIntfImpl::LookupConfig: Scale ratio = 1.780000
06-20 22:13:00.025 I/SDM     ( 1829): AIScalerParserIntfImpl::LookupConfig: Scale Ratio Match Found Here
06-20 22:13:00.030 I/SurfaceFlinger( 1939): Current= 120, Period= 120, Distance= 1
06-20 22:13:00.038 I/SurfaceFlinger( 1939): Current= 120, Period= 120, Distance= 120
06-20 22:13:00.051 W/SLocation( 2843): GeopointGeofenceManger - refresh wifi to receive loc
06-20 22:13:00.052 D/SLocation( 2843): GeopointGeofenceManger - Location reported : fix method = 14 / 5.138
06-20 22:13:00.052 I/power_partial_wake_state( 2843): [DIS,130612912,1,*alarm*:android(enabled),1000,2843,WorkSource{1000 chains=WorkChain{(10405), (1000, JobScheduler)}}]
06-20 22:13:00.052 I/power_partial_wake_state( 2843): [REL,130612912,1,*alarm*:android,1000,2843,WorkSource{1000 chains=WorkChain{(10405), (1000, JobScheduler)}}]
06-20 22:13:00.053 D/SLocation( 2843): GeopointReceiver - cancel delay & hold gf id : 4
06-20 22:13:00.053 D/SLocation( 2843): ReceiverPair - ignore direction of location due to wifi, id = 21, reason = 400
06-20 22:13:00.054 D/SLocation( 2843): GeopointLastLocation - last location still available 4038 / 9223372036854775807
06-20 22:13:00.054 D/SLocation( 2843): GeopointGeofenceObserver - location : [F, A : 5.14, T : 1782011576015, ET : 152610, h : 28/36], radius : 231153
06-20 22:13:00.055 D/SLocation( 2843): LocationProviderStatus - try to update provider status (GPS/NLP)
06-20 22:13:00.055 D/SLocation( 2843): LocationProviderStatus - set isGpsOn : true, isNlpOn : true
06-20 22:13:00.055 D/SLocation( 2843): LocationProviderStatus - gps & nlp status not changed
06-20 22:13:00.055 D/SLocation( 2843): GeofenceCoreManager - geofence core command pending size : 2
06-20 22:13:00.055 D/SLocation( 2843): GeofenceCoreRecovery - removeGeofenceInfo id = 15000
06-20 22:13:00.055 D/SLocation( 2843): SLocationCoreSem - send to coreSem, packet length : 3 / [17, 58, 152]
06-20 22:13:00.055 D/SemContextLocationCoreAttribute( 2843): setAttribute() mode : 0 action : 23
06-20 22:13:00.055 D/SemContextService( 2843): lock : changeParameters
06-20 22:13:00.055 D/SemContext.CaeProvider.LocationCoreImpl( 2843): setAttribute() mode : 0 action : 23
06-20 22:13:00.056 W/CAE     ( 2843): setCAProperty(ContextAwareService.java:509) - [setProperty 01] Mutex is locked for SLOCATION_RUNNER
06-20 22:13:00.056 I/CAE     ( 2843): setPropertyValue(SLocationRunner.java:116) - SLocationRunner setProperty header : 17, len : 3
06-20 22:13:00.056 D/SensorService( 2843): setSContextDataLocked ints length 3 , byte length 6
06-20 22:13:00.056 D/SensorService( 2843): setSContextDataLocked 113717c1
06-20 22:13:00.057 I/sensors-hal( 1803): inject_sensor_data:413, handle 1502 send inject
06-20 22:13:00.057 I/sensors-hal( 1803): sendContextData:346, sensor hal 6, (0xc1, 0x17, 0x37, 0x11)
06-20 22:13:00.057 E/sensors-hal( 1803): sendContextData:133, slocationcore h 193 m 23 s 55
06-20 22:13:00.057 I/sensors-hal( 1803): sendUserData:119, slocationcore sendUserData
06-20 22:13:00.057 E/sensors-hal( 1803): create_send_context_data:64, slocationcore create_send_context_data
06-20 22:13:00.057 I/sensors-hal( 1803): send_context_data:701, slocationcore, 4986366670857974562, 1320970896291267344, msgid:700, 1
06-20 22:13:00.057 I/sensors-hal( 1803): send_sync_sensor_request:515, send sync request
06-20 22:13:00.057 I/sensors-hal( 1803): send_sync_sensor_request:544, wait for notification of response
06-20 22:13:00.058 I/sensors-hal( 1803): qsh_conn_resp_cb:978, resp_value = 0 for slocationcore 
06-20 22:13:00.058 I/sensors-hal( 1803): send_sync_sensor_request:550, takes 1 ms to receive the response with 0
06-20 22:13:00.058 I/sensors-hal( 1803): qsh_conn_event_cb:933, event[0] sensor:slocationcore  Wakeup, msg_id=1025, ts=3120944850
06-20 22:13:00.058 E/sensors-hal( 1803): handle_sns_client_event:78, slocationcore_event: msgid:1025
06-20 22:13:00.059 I/sensors-hal( 1803): insert_awaking_events:879, smp2p_event, 7.slocationcore, msgid:1025
06-20 22:13:00.059 W/CAE     ( 2843): setCAProperty(ContextAwareService.java:515) - [setProperty 02] Mutex is unlocked for SLOCATION_RUNNER
06-20 22:13:00.059 D/SemContextService( 2843): unlock : changeParameters
06-20 22:13:00.059 D/SemContextManager( 2843):   .changeParameters : listener = X.k@84a511a, service=SLocation Core
06-20 22:13:00.059 D/SLocation( 2843): GeofenceCoreManager - geofence core command pending size : 1
06-20 22:13:00.059 D/SLocation( 2843): GeofenceCoreRecovery - storeGeofenceInfo 1 id = 15000, radius = 231153
06-20 22:13:00.059 D/SLocation( 2843): SLocationCoreSem - send to coreSem, packet length : 16 / [16, 58, 152, 25, 2, 144, 47, 203, 141, 82, 186, 0, 3, 134, 241, 1]
06-20 22:13:00.059 D/SemContextLocationCoreAttribute( 2843): setAttribute() mode : 0 action : 23
06-20 22:13:00.059 D/SemContextService( 2843): lock : changeParameters
06-20 22:13:00.059 D/SemContext.CaeProvider.LocationCoreImpl( 2843): setAttribute() mode : 0 action : 23
06-20 22:13:00.059 W/CAE     ( 2843): setCAProperty(ContextAwareService.java:509) - [setProperty 01] Mutex is locked for SLOCATION_RUNNER
06-20 22:13:00.060 I/sensors-hal( 1803): qsh_conn_event_cb:933, event[0] sensor:slocationcore  Wakeup, msg_id=1025, ts=3120945135
06-20 22:13:00.060 E/sensors-hal( 1803): handle_sns_client_event:78, slocationcore_event: msgid:1025
06-20 22:13:00.060 I/CAE     ( 2843): setPropertyValue(SLocationRunner.java:116) - SLocationRunner setProperty header : 16, len : 16
06-20 22:13:00.060 D/SensorService( 2843): setSContextDataLocked ints length 6 , byte length 19
06-20 22:13:00.060 D/SensorService( 2843): setSContextDataLocked 103717c1
06-20 22:13:00.060 I/sensors-hal( 1803): inject_sensor_data:413, handle 1502 send inject
06-20 22:13:00.060 I/sensors-hal( 1803): sendContextData:346, sensor hal 19, (0xc1, 0x17, 0x37, 0x10)
06-20 22:13:00.060 E/sensors-hal( 1803): sendContextData:133, slocationcore h 193 m 23 s 55
06-20 22:13:00.060 D/CAE     ( 2843): onGetSensorHubData(SensorHubParserProvider.java:92) - onGetSensorHubData Event [event buffer len :36], AP_WAKEUP
06-20 22:13:00.060 I/sensors-hal( 1803): sendUserData:119, slocationcore sendUserData
06-20 22:13:00.060 E/sensors-hal( 1803): create_send_context_data:64, slocationcore create_send_context_data
06-20 22:13:00.060 I/sensors-hal( 1803): send_context_data:701, slocationcore, 4986366670857974562, 1320970896291267344, msgid:700, 1
06-20 22:13:00.060 I/sensors-hal( 1803): send_sync_sensor_request:515, send sync request
06-20 22:13:00.060 I/CAE     ( 2843): parse(SensorHubParserProvider.java:188) - buffer size = 36
06-20 22:13:00.061 I/sensors-hal( 1803): send_sync_sensor_request:544, wait for notification of response
06-20 22:13:00.061 I/CAE     ( 2843): parse(SensorHubParserProvider.java:199) - 1, 1, 55, 0, 31, 5, 7, 2, 0, 0, 0, 0, 0, -80, -105, 8, 15, 5, 0, 0, 0, -56, 0, -80, -105, 8, 5, 1, 0, 0, 0, 100, 0, -80, -102, -16,
06-20 22:13:00.061 I/CAE     ( 2843): parse(SLocationRunner.java:88) - SLocationRunner parse start : 3
06-20 22:13:00.061 D/CAE     ( 2843): display(ContextProvider.java:375) - ================= SLOCATION_RUNNER =================
06-20 22:13:00.061 I/CAE     ( 2843): display(ContextProvider.java:391) - ExtraDataArray=[1, 1, 55, 0, 31, 5, 7, 2, 0, 0, 0, 0, 0, -80, -105, 8, 15, 5, 0, 0, 0, -56, 0, -80, -105, 8, 5, 1, 0, 0, 0, 100, 0, -80, -102, -16]
06-20 22:13:00.061 I/CAE     ( 2843): parse(SLocationRunner.java:96) - SLocationRunner parse end:36
06-20 22:13:00.061 I/sensors-hal( 1803): qsh_conn_resp_cb:978, resp_value = 0 for slocationcore 
06-20 22:13:00.061 I/sensors-hal( 1803): qsh_conn_event_cb:933, event[0] sensor:slocationcore  Wakeup, msg_id=1025, ts=3121005698
06-20 22:13:00.061 I/sensors-hal( 1803): send_sync_sensor_request:550, takes 0 ms to receive the response with 0
06-20 22:13:00.061 E/sensors-hal( 1803): handle_sns_client_event:78, slocationcore_event: msgid:1025
06-20 22:13:00.062 W/CAE     ( 2843): setCAProperty(ContextAwareService.java:515) - [setProperty 02] Mutex is unlocked for SLOCATION_RUNNER
06-20 22:13:00.062 D/SemContextService( 2843): unlock : changeParameters
06-20 22:13:00.062 D/SemContextManager( 2843):   .changeParameters : listener = X.k@84a511a, service=SLocation Core
06-20 22:13:00.062 D/SemContextService( 2843): Service.updateContext() : service = SLocation Core
06-20 22:13:00.062 D/CAE     ( 2843): onGetSensorHubData(SensorHubParserProvider.java:92) - onGetSensorHubData Event [event buffer len :10], AP_WAKEUP
06-20 22:13:00.062 D/SemContextManager( 2843): onSemContextChanged() : event = SLocation Core
06-20 22:13:00.062 D/SLocation( 2843): SensorHubWrapper - SemContextChanged type = 47, packet received
06-20 22:13:00.062 I/CAE     ( 2843): parse(SensorHubParserProvider.java:188) - buffer size = 10
06-20 22:13:00.062 I/CAE     ( 2843): parse(SensorHubParserProvider.java:199) - 1, 1, 55, 0, 5, 2, 17, 0, 58, -104,
06-20 22:13:00.062 D/SLocation( 2843): GeofenceCoreManager - received Extra Data from core, len : 31
06-20 22:13:00.062 D/SLocation( 2843): CommonCoreManager - received Extra Data from core, len : 31
06-20 22:13:00.062 I/CAE     ( 2843): parse(SLocationRunner.java:88) - SLocationRunner parse start : 3
06-20 22:13:00.062 D/CAE     ( 2843): display(ContextProvider.java:375) - ================= SLOCATION_RUNNER =================
06-20 22:13:00.062 I/CAE     ( 2843): display(ContextProvider.java:391) - ExtraDataArray=[1, 1, 55, 0, 5, 2, 17, 0, 58, -104]
06-20 22:13:00.063 I/CAE     ( 2843): parse(SLocationRunner.java:96) - SLocationRunner parse end:10
06-20 22:13:00.063 D/CAE     ( 2843): onGetSensorHubData(SensorHubParserProvider.java:92) - onGetSensorHubData Event [event buffer len :10], AP_WAKEUP
06-20 22:13:00.063 I/CAE     ( 2843): parse(SensorHubParserProvider.java:188) - buffer size = 10
06-20 22:13:00.063 D/SemContextService( 2843): Service.updateContext() : service = SLocation Core
06-20 22:13:00.063 I/CAE     ( 2843): parse(SensorHubParserProvider.java:199) - 1, 1, 55, 0, 5, 2, 16, 0, 58, -104,
06-20 22:13:00.063 I/CAE     ( 2843): parse(SLocationRunner.java:88) - SLocationRunner parse start : 3
06-20 22:13:00.063 D/CAE     ( 2843): display(ContextProvider.java:375) - ================= SLOCATION_RUNNER =================
06-20 22:13:00.063 I/CAE     ( 2843): display(ContextProvider.java:391) - ExtraDataArray=[1, 1, 55, 0, 5, 2, 16, 0, 58, -104]
06-20 22:13:00.063 I/CAE     ( 2843): parse(SLocationRunner.java:96) - SLocationRunner parse end:10
06-20 22:13:00.064 D/SemContextManager( 2843): onSemContextChanged() : event = SLocation Core
06-20 22:13:00.064 D/SemContextService( 2843): Service.updateContext() : service = SLocation Core
06-20 22:13:00.064 D/SLocation( 2843): SensorHubWrapper - SemContextChanged type = 47, packet received
06-20 22:13:00.064 D/SemContextManager( 2843): onSemContextChanged() : event = SLocation Core
06-20 22:13:00.064 D/SLocation( 2843): SensorHubWrapper - SemContextChanged type = 47, packet received
06-20 22:13:00.064 D/SLocation( 2843): GeofenceCoreManager - received Extra Data from core, len : 5
06-20 22:13:00.064 D/SLocation( 2843): GeofenceCoreManager - handleCommandCallback - GEOFENCE_REMOVE SUCCESS
06-20 22:13:00.064 I/SLocation( 2843): SHardwareManager - handleRemoveCallback : GEOFENCE_SUCCESS, id = 15000
06-20 22:13:00.064 D/SLocation( 2843): CommonCoreManager - received Extra Data from core, len : 5
06-20 22:13:00.064 D/SLocation( 2843): GeofenceCoreManager - received Extra Data from core, len : 5
06-20 22:13:00.064 D/SLocation( 2843): GeofenceCoreManager - handleCommandCallback - GEOFENCE_ADD SUCCESS
06-20 22:13:00.064 I/SLocation( 2843): SHardwareManager - handleAddCallback : GEOFENCE_SUCCESS id = 15000
06-20 22:13:00.064 D/SLocation( 2843): CommonCoreManager - received Extra Data from core, len : 5
06-20 22:13:00.097 I/SDM     ( 1829): DisplayBase::CommitThread: Received idle timeout, panel: cmd, timeout: 69999 us
06-20 22:13:00.252 I/NSLocationMonitor( 2843): getGPSUsingApps() called
06-20 22:13:00.253 I/NSLocationManager_FLP( 5290): getGPSUsingApps, No change
06-20 22:13:00.266 D/FreecessController( 2843): FZ : com.samsung.android.game.gamehome(10332) [8041] reason: Bg
06-20 22:13:00.266 D/FreecessHandler( 2843): freeze com.samsung.android.game.gamehome(10332)
06-20 22:13:00.267 W/LocationManagerService( 2843): onFreezeStateChanged, uid[10332]=true
06-20 22:13:00.267 I/PowerManagerService( 2843): [PWL] SetWakeLockEnableDisable uid = 10332 , disable= true
06-20 22:13:00.267 I/PowerManagerService( 2843): [PWL] can not change uid =  10332
06-20 22:13:00.284 D/SemCscFeature(20074): Encoded
06-20 22:13:00.293 I/AccessibilityNodeInfoDumper(20074): Skipping invisible child: android.view.accessibility.AccessibilityNodeInfo@18dd8; boundsInParent: Rect(0, 0 - 896, 68); boundsInScreen: Rect(93, 2266 - 989, 2007); boundsInWindow: Rect(93, 2266 - 989, 2007); packageName: com.spectre.companion; className: android.widget.TextView; text: No Spectre unit selected; error: null; maxTextLength: -1; stateDescription: null; contentDescription: null; tooltipText: null; containerTitle: null; viewIdResName: null; uniqueId: null; checkable: false; checked: false; focusable: false; focused: false; selected: false; clickable: false; longClickable: false; contextClickable: false; enabled: true; password: false; scrollable: false; granularScrollingSupported: false; importantForAccessibility: true; visible: false; actions: [AccessibilityAction: ACTION_SELECT - null, AccessibilityAction: ACTION_CLEAR_SELECTION - null, AccessibilityAction: ACTION_ACCESSIBILITY_FOCUS - null, AccessibilityAction: ACTION_NEXT_AT_MOVEMENT_GRANULARITY - null, AccessibilityAction: ACTION_PREVIOUS_AT_MOVEMENT_GRANULARITY - null, AccessibilityAction: ACTION_SET_SELECTION - null, AccessibilityAction: ACTION_SHOW_ON_SCREEN - null]; isTextSelectable: false
06-20 22:13:00.293 I/AccessibilityNodeInfoDumper(20074): Skipping invisible child: android.view.accessibility.AccessibilityNodeInfo@19199; boundsInParent: Rect(0, 0 - 896, 51); boundsInScreen: Rect(93, 2367 - 989, 2007); boundsInWindow: Rect(93, 2367 - 989, 2007); packageName: com.spectre.companion; className: android.widget.TextView; text: Scan and connect to the Spectre text service.; error: null; maxTextLength: -1; stateDescription: null; contentDescription: null; tooltipText: null; containerTitle: null; viewIdResName: null; uniqueId: null; checkable: false; checked: false; focusable: false; focused: false; selected: false; clickable: false; longClickable: false; contextClickable: false; enabled: true; password: false; scrollable: false; granularScrollingSupported: false; importantForAccessibility: true; visible: false; actions: [AccessibilityAction: ACTION_SELECT - null, AccessibilityAction: ACTION_CLEAR_SELECTION - null, AccessibilityAction: ACTION_ACCESSIBILITY_FOCUS - null, AccessibilityAction: ACTION_NEXT_AT_MOVEMENT_GRANULARITY - null, AccessibilityAction: ACTION_PREVIOUS_AT_MOVEMENT_GRANULARITY - null, AccessibilityAction: ACTION_SET_SELECTION - null, AccessibilityAction: ACTION_SHOW_ON_SCREEN - null]; isTextSelectable: false
06-20 22:13:00.294 I/AccessibilityNodeInfoDumper(20074): Skipping invisible child: android.view.accessibility.AccessibilityNodeInfo@1955a; boundsInParent: Rect(0, 0 - 287, 157); boundsInScreen: Rect(93, 2453 - 380, 2007); boundsInWindow: Rect(93, 2453 - 380, 2007); packageName: com.spectre.companion; className: android.view.ViewGroup; text: null; error: null; maxTextLength: -1; stateDescription: null; contentDescription: null; tooltipText: null; containerTitle: null; viewIdResName: null; uniqueId: null; checkable: false; checked: false; focusable: false; focused: false; selected: false; clickable: false; longClickable: false; contextClickable: false; enabled: true; password: false; scrollable: false; granularScrollingSupported: false; importantForAccessibility: false; visible: false; actions: [AccessibilityAction: ACTION_SELECT - null, AccessibilityAction: ACTION_CLEAR_SELECTION - null, AccessibilityAction: ACTION_ACCESSIBILITY_FOCUS - null, AccessibilityAction: ACTION_SHOW_ON_SCREEN - null]; isTextSelectable: false
06-20 22:13:00.294 I/AccessibilityNodeInfoDumper(20074): Skipping invisible child: android.view.accessibility.AccessibilityNodeInfo@1991b; boundsInParent: Rect(0, 0 - 225, 39); boundsInScreen: Rect(123, 2483 - 348, 2007); boundsInWindow: Rect(123, 2483 - 348, 2007); packageName: com.spectre.companion; className: android.widget.TextView; text: ADAPTER; error: null; maxTextLength: -1; stateDescription: null; contentDescription: null; tooltipText: null; containerTitle: null; viewIdResName: null; uniqueId: null; checkable: false; checked: false; focusable: false; focused: false; selected: false; clickable: false; longClickable: false; contextClickable: false; enabled: true; password: false; scrollable: false; granularScrollingSupported: false; importantForAccessibility: true; visible: false; actions: [AccessibilityAction: ACTION_SELECT - null, AccessibilityAction: ACTION_CLEAR_SELECTION - null, AccessibilityAction: ACTION_ACCESSIBILITY_FOCUS - null, AccessibilityAction: ACTION_NEXT_AT_MOVEMENT_GRANULARITY - null, AccessibilityAction: ACTION_PREVIOUS_AT_MOVEMENT_GRANULARITY - null, AccessibilityAction: ACTION_SET_SELECTION - null, AccessibilityAction: ACTION_SHOW_ON_SCREEN - null]; isTextSelectable: false
06-20 22:13:00.294 I/AccessibilityNodeInfoDumper(20074): Skipping invisible child: android.view.accessibility.AccessibilityNodeInfo@19cdc; boundsInParent: Rect(0, 0 - 225, 51); boundsInScreen: Rect(123, 2528 - 348, 2007); boundsInWindow: Rect(123, 2528 - 348, 2007); packageName: com.spectre.companion; className: android.widget.TextView; text: POWEREDON; error: null; maxTextLength: -1; stateDescription: null; contentDescription: null; tooltipText: null; containerTitle: null; viewIdResName: null; uniqueId: null; checkable: false; checked: false; focusable: false; focused: false; selected: false; clickable: false; longClickable: false; contextClickable: false; enabled: true; password: false; scrollable: false; granularScrollingSupported: false; importantForAccessibility: true; visible: false; actions: [AccessibilityAction: ACTION_SELECT - null, AccessibilityAction: ACTION_CLEAR_SELECTION - null, AccessibilityAction: ACTION_ACCESSIBILITY_FOCUS - null, AccessibilityAction: ACTION_NEXT_AT_MOVEMENT_GRANULARITY - null, AccessibilityAction: ACTION_PREVIOUS_AT_MOVEMENT_GRANULARITY - null, AccessibilityAction: ACTION_SET_SELECTION - null, AccessibilityAction: ACTION_SHOW_ON_SCREEN - null]; isTextSelectable: false
06-20 22:13:00.294 I/AccessibilityNodeInfoDumper(20074): Skipping invisible child: android.view.accessibility.AccessibilityNodeInfo@1a09d; boundsInParent: Rect(0, 0 - 286, 157); boundsInScreen: Rect(397, 2453 - 683, 2007); boundsInWindow: Rect(397, 2453 - 683, 2007); packageName: com.spectre.companion; className: android.view.ViewGroup; text: null; error: null; maxTextLength: -1; stateDescription: null; contentDescription: null; tooltipText: null; containerTitle: null; viewIdResName: null; uniqueId: null; checkable: false; checked: false; focusable: false; focused: false; selected: false; clickable: false; longClickable: false; contextClickable: false; enabled: true; password: false; scrollable: false; granularScrollingSupported: false; importantForAccessibility: false; visible: false; actions: [AccessibilityAction: ACTION_SELECT - null, AccessibilityAction: ACTION_CLEAR_SELECTION - null, AccessibilityAction: ACTION_ACCESSIBILITY_FOCUS - null, AccessibilityAction: ACTION_SHOW_ON_SCREEN - null]; isTextSelectable: false
06-20 22:13:00.295 I/AccessibilityNodeInfoDumper(20074): Skipping invisible child: android.view.accessibility.AccessibilityNodeInfo@1a45e; boundsInParent: Rect(0, 0 - 225, 39); boundsInScreen: Rect(427, 2483 - 652, 2007); boundsInWindow: Rect(427, 2483 - 652, 2007); packageName: com.spectre.companion; className: android.widget.TextView; text: PROMPT; error: null; maxTextLength: -1; stateDescription: null; contentDescription: null; tooltipText: null; containerTitle: null; viewIdResName: null; uniqueId: null; checkable: false; checked: false; focusable: false; focused: false; selected: false; clickable: false; longClickable: false; contextClickable: false; enabled: true; password: false; scrollable: false; granularScrollingSupported: false; importantForAccessibility: true; visible: false; actions: [AccessibilityAction: ACTION_SELECT - null, AccessibilityAction: ACTION_CLEAR_SELECTION - null, AccessibilityAction: ACTION_ACCESSIBILITY_FOCUS - null, AccessibilityAction: ACTION_NEXT_AT_MOVEMENT_GRANULARITY - null, AccessibilityAction: ACTION_PREVIOUS_AT_MOVEMENT_GRANULARITY - null, AccessibilityAction: ACTION_SET_SELECTION - null, AccessibilityAction: ACTION_SHOW_ON_SCREEN - null]; isTextSelectable: false
06-20 22:13:00.295 I/AccessibilityNodeInfoDumper(20074): Skipping invisible child: android.view.accessibility.AccessibilityNodeInfo@1afa1; boundsInParent: Rect(0, 0 - 225, 39); boundsInScreen: Rect(731, 2483 - 956, 2007); boundsInWindow: Rect(731, 2483 - 956, 2007); packageName: com.spectre.companion; className: android.widget.TextView; text: NEARBY; error: null; maxTextLength: -1; stateDescription: null; contentDescription: null; tooltipText: null; containerTitle: null; viewIdResName: null; uniqueId: null; checkable: false; checked: false; focusable: false; focused: false; selected: false; clickable: false; longClickable: false; contextClickable: false; enabled: true; password: false; scrollable: false; granularScrollingSupported: false; importantForAccessibility: true; visible: false; actions: [AccessibilityAction: ACTION_SELECT - null, AccessibilityAction: ACTION_CLEAR_SELECTION - null, AccessibilityAction: ACTION_ACCESSIBILITY_FOCUS - null, AccessibilityAction: ACTION_NEXT_AT_MOVEMENT_GRANULARITY - null, AccessibilityAction: ACTION_PREVIOUS_AT_MOVEMENT_GRANULARITY - null, AccessibilityAction: ACTION_SET_SELECTION - null, AccessibilityAction: ACTION_SHOW_ON_SCREEN - null]; isTextSelectable: false
06-20 22:13:00.295 I/AccessibilityNodeInfoDumper(20074): Skipping invisible child: android.view.accessibility.AccessibilityNodeInfo@1a81f; boundsInParent: Rect(0, 0 - 225, 51); boundsInScreen: Rect(427, 2528 - 652, 2007); boundsInWindow: Rect(427, 2528 - 652, 2007); packageName: com.spectre.companion; className: android.widget.TextView; text: IDLE; error: null; maxTextLength: -1; stateDescription: null; contentDescription: null; tooltipText: null; containerTitle: null; viewIdResName: null; uniqueId: null; checkable: false; checked: false; focusable: false; focused: false; selected: false; clickable: false; longClickable: false; contextClickable: false; enabled: true; password: false; scrollable: false; granularScrollingSupported: false; importantForAccessibility: true; visible: false; actions: [AccessibilityAction: ACTION_SELECT - null, AccessibilityAction: ACTION_CLEAR_SELECTION - null, AccessibilityAction: ACTION_ACCESSIBILITY_FOCUS - null, AccessibilityAction: ACTION_NEXT_AT_MOVEMENT_GRANULARITY - null, AccessibilityAction: ACTION_PREVIOUS_AT_MOVEMENT_GRANULARITY - null, AccessibilityAction: ACTION_SET_SELECTION - null, AccessibilityAction: ACTION_SHOW_ON_SCREEN - null]; isTextSelectable: false
06-20 22:13:00.295 I/AccessibilityNodeInfoDumper(20074): Skipping invisible child: android.view.accessibility.AccessibilityNodeInfo@1abe0; boundsInParent: Rect(0, 0 - 287, 157); boundsInScreen: Rect(701, 2453 - 988, 2007); boundsInWindow: Rect(701, 2453 - 988, 2007); packageName: com.spectre.companion; className: android.view.ViewGroup; text: null; error: null; maxTextLength: -1; stateDescription: null; contentDescription: null; tooltipText: null; containerTitle: null; viewIdResName: null; uniqueId: null; checkable: false; checked: false; focusable: false; focused: false; selected: false; clickable: false; longClickable: false; contextClickable: false; enabled: true; password: false; scrollable: false; granularScrollingSupported: false; importantForAccessibility: false; visible: false; actions: [AccessibilityAction: ACTION_SELECT - null, AccessibilityAction: ACTION_CLEAR_SELECTION - null, AccessibilityAction: ACTION_ACCESSIBILITY_FOCUS - null, AccessibilityAction: ACTION_SHOW_ON_SCREEN - null]; isTextSelectable: false
06-20 22:13:00.295 I/AccessibilityNodeInfoDumper(20074): Skipping invisible child: android.view.accessibility.AccessibilityNodeInfo@1b362; boundsInParent: Rect(0, 0 - 225, 51); boundsInScreen: Rect(731, 2528 - 956, 2007); boundsInWindow: Rect(731, 2528 - 956, 2007); packageName: com.spectre.companion; className: android.widget.TextView; text: 0; error: null; maxTextLength: -1; stateDescription: null; contentDescription: null; tooltipText: null; containerTitle: null; viewIdResName: null; uniqueId: null; checkable: false; checked: false; focusable: false; focused: false; selected: false; clickable: false; longClickable: false; contextClickable: false; enabled: true; password: false; scrollable: false; granularScrollingSupported: false; importantForAccessibility: true; visible: false; actions: [AccessibilityAction: ACTION_SELECT - null, AccessibilityAction: ACTION_CLEAR_SELECTION - null, AccessibilityAction: ACTION_ACCESSIBILITY_FOCUS - null, AccessibilityAction: ACTION_NEXT_AT_MOVEMENT_GRANULARITY - null, AccessibilityAction: ACTION_PREVIOUS_AT_MOVEMENT_GRANULARITY - null, AccessibilityAction: ACTION_SET_SELECTION - null, AccessibilityAction: ACTION_SHOW_ON_SCREEN - null]; isTextSelectable: false
06-20 22:13:00.296 I/AccessibilityNodeInfoDumper(20074): Skipping invisible child: android.view.accessibility.AccessibilityNodeInfo@1b723; boundsInParent: Rect(0, 0 - 476, 124); boundsInScreen: Rect(93, 2644 - 569, 2007); boundsInWindow: Rect(93, 2644 - 569, 2007); packageName: com.spectre.companion; className: android.view.ViewGroup; text: null; error: null; maxTextLength: -1; stateDescription: null; contentDescription: SCAN FOR SPECTRE; tooltipText: null; containerTitle: null; viewIdResName: null; uniqueId: null; checkable: false; checked: false; focusable: true; focused: false; selected: false; clickable: true; longClickable: false; contextClickable: false; enabled: true; password: false; scrollable: false; granularScrollingSupported: false; importantForAccessibility: true; visible: false; actions: [AccessibilityAction: ACTION_FOCUS - null, AccessibilityAction: ACTION_SELECT - null, AccessibilityAction: ACTION_CLEAR_SELECTION - null, AccessibilityAction: ACTION_CLICK - null, AccessibilityAction: ACTION_ACCESSIBILITY_FOCUS - null, AccessibilityAction: ACTION_SHOW_ON_SCREEN - null]; isTextSelectable: false
06-20 22:13:00.296 I/AccessibilityNodeInfoDumper(20074): Skipping invisible child: android.view.accessibility.AccessibilityNodeInfo@1bea5; boundsInParent: Rect(0, 0 - 337, 124); boundsInScreen: Rect(597, 2644 - 934, 2007); boundsInWindow: Rect(597, 2644 - 934, 2007); packageName: com.spectre.companion; className: android.view.ViewGroup; text: null; error: null; maxTextLength: -1; stateDescription: null; contentDescription: DISCONNECT; tooltipText: null; containerTitle: null; viewIdResName: null; uniqueId: null; checkable: false; checked: false; focusable: true; focused: false; selected: false; clickable: true; longClickable: false; contextClickable: false; enabled: true; password: false; scrollable: false; granularScrollingSupported: false; importantForAccessibility: true; visible: false; actions: [AccessibilityAction: ACTION_FOCUS - null, AccessibilityAction: ACTION_SELECT - null, AccessibilityAction: ACTION_CLEAR_SELECTION - null, AccessibilityAction: ACTION_CLICK - null, AccessibilityAction: ACTION_ACCESSIBILITY_FOCUS - null, AccessibilityAction: ACTION_SHOW_ON_SCREEN - null]; isTextSelectable: false
06-20 22:13:00.296 I/AccessibilityNodeInfoDumper(20074): Skipping invisible child: android.view.accessibility.AccessibilityNodeInfo@1c627; boundsInParent: Rect(0, 0 - 990, 342); boundsInScreen: Rect(45, 2838 - 1035, 2007); boundsInWindow: Rect(45, 2838 - 1035, 2007); packageName: com.spectre.companion; className: android.view.ViewGroup; text: null; error: null; maxTextLength: -1; stateDescription: null; contentDescription: null; tooltipText: null; containerTitle: null; viewIdResName: null; uniqueId: null; checkable: false; checked: false; focusable: false; focused: false; selected: false; clickable: false; longClickable: false; contextClickable: false; enabled: true; password: false; scrollable: false; granularScrollingSupported: false; importantForAccessibility: false; visible: false; actions: [AccessibilityAction: ACTION_SELECT - null, AccessibilityAction: ACTION_CLEAR_SELECTION - null, AccessibilityAction: ACTION_ACCESSIBILITY_FOCUS - null, AccessibilityAction: ACTION_SHOW_ON_SCREEN - null]; isTextSelectable: false
06-20 22:13:00.296 I/AccessibilityNodeInfoDumper(20074): Skipping invisible child: android.view.accessibility.AccessibilityNodeInfo@1e06e; boundsInParent: Rect(0, 0 - 990, 490); boundsInScreen: Rect(45, 3208 - 1035, 2007); boundsInWindow: Rect(45, 3208 - 1035, 2007); packageName: com.spectre.companion; className: android.view.ViewGroup; text: null; error: null; maxTextLength: -1; stateDescription: null; contentDescription: null; tooltipText: null; containerTitle: null; viewIdResName: null; uniqueId: null; checkable: false; checked: false; focusable: false; focused: false; selected: false; clickable: false; longClickable: false; contextClickable: false; enabled: true; password: false; scrollable: false; granularScrollingSupported: false; importantForAccessibility: false; visible: false; actions: [AccessibilityAction: ACTION_SELECT - null, AccessibilityAction: ACTION_CLEAR_SELECTION - null, AccessibilityAction: ACTION_ACCESSIBILITY_FOCUS - null, AccessibilityAction: ACTION_SHOW_ON_SCREEN - null]; isTextSelectable: false
06-20 22:13:00.298 W/AccessibilityNodeInfoDumper(20074): Fetch time: 12ms
06-20 22:13:00.298 V/AccessibilityManagerService( 2843): onUserStateChangedLocked for userId: 0, forceUpdate: false
06-20 22:13:00.299 D/BackgroundInstallControlService( 2843): Package event received: 0
06-20 22:13:00.299 I/ActivityManager( 2843): Changes in 10439 19 to 5, 0 to 511
06-20 22:13:00.299 D/BackgroundInstallControlService( 2843): Package event received: 0
06-20 22:13:00.299 D/MagnificationConnectionManager( 2843): requestConnection :false mConnectionState : 3
06-20 22:13:00.299 W/MagnificationConnectionManager( 2843): requestConnection duplicated request: connect=false, mConnectionState=DISCONNECTED
06-20 22:13:00.299 D/AccessibilityManagerService( 2843): restoreCurrentUserForTestAutomationIfNeededLocked(): ignoring because device doesn't support visible background users
06-20 22:13:00.300 D/HidDeviceService( 4244): handleMessage: MESSAGE_IMPORTANCE_CHANGE
06-20 22:13:00.300 W/libbinder.IPCThreadState( 2843): Sending oneway calls to frozen process.
06-20 22:13:00.300 I/wm_user_rotation_changed( 2843): [777,0,20074]
06-20 22:13:00.300 V/WindowManager( 2843): Computed rotation=ROTATION_0 (0) for display id=0 based on lastOrientation=SCREEN_ORIENTATION_UNSPECIFIED (-1) and oldRotation=ROTATION_0 (0), caller=com.android.server.wm.WindowManagerService.updateRotationUnchecked:82 com.android.server.wm.WindowManagerService.thawDisplayRotation:126 com.android.server.wm.WindowManagerService.thawRotation:2 android.view.IWindowManager$Stub.onTransact:3776 com.android.server.wm.WindowManagerService.onTransact:1 android.os.Binder.execTransactInternal:1509 
06-20 22:13:00.300 W/libbinder.IPCThreadState( 2843): Sending oneway calls to frozen process.
06-20 22:13:00.300 D/AndroidRuntime(20074): Shutting down VM
06-20 22:13:00.300 W/libbinder.IPCThreadState(20074): call to talkWithDriver in joinThreadPool returned error: -9 (Bad file descriptor), FD: -1
06-20 22:13:00.300 W/libbinder.IPCThreadState(20074): call to talkWithDriver in joinThreadPool returned error: -9 (Bad file descriptor), FD: -1
06-20 22:13:00.300 W/libbinder.IPCThreadState( 2843): Sending oneway calls to frozen process.
06-20 22:13:00.300 W/libbinder.IPCThreadState(20074): call to talkWithDriver in joinThreadPool returned error: -9 (Bad file descriptor), FD: -1
06-20 22:13:00.300 W/libbinder.IPCThreadState( 2843): Sending oneway calls to frozen process.
06-20 22:13:00.301 I/SurfaceFlinger( 1939): id=153 createSurf, flag=84004, WindowToken{fc3feba type=2032 android.os.Binder@9e3e5}#153
06-20 22:13:00.301 V/AccessibilityManagerService( 2843): onUserStateChangedLocked for userId: 0, forceUpdate: false
06-20 22:13:00.301 D/MagnificationConnectionManager( 2843): requestConnection :false mConnectionState : 3
06-20 22:13:00.302 W/MagnificationConnectionManager( 2843): requestConnection duplicated request: connect=false, mConnectionState=DISCONNECTED
06-20 22:13:00.302 W/libbinder.IPCThreadState( 2843): Sending oneway calls to frozen process.
06-20 22:13:00.302 W/libbinder.IPCThreadState( 2843): Sending oneway calls to frozen process.
06-20 22:13:00.302 W/libbinder.IPCThreadState( 2843): Sending oneway calls to frozen process.
06-20 22:13:00.302 W/libbinder.IPCThreadState( 2843): Sending oneway calls to frozen process.
06-20 22:13:00.303 W/libbinder.IPCThreadState( 2843): Sending oneway calls to frozen process.
06-20 22:13:00.303 W/libbinder.IPCThreadState( 2843): Sending oneway calls to frozen process.
06-20 22:13:00.303 I/AccessibilityManagerService( 2843): semIsAccessibilityServiceEnabled()
06-20 22:13:00.303 I/AccessibilityManagerService( 2843): semIsAccessibilityServiceEnabled()
06-20 22:13:00.303 D/AS.AudioService( 2843): Accessibility volume enabled = false
06-20 22:13:00.303 I/ | KNOXZT_FW | KnoxZtController( 8639): onFrameworkEventOccurred
06-20 22:13:00.304 I/SurfaceFlinger( 1939): [WindowToken{fc3feba type=2032 android.os.Binder@9e3e5}#153] attach to parent LayerHierarchy{RequestedLayerState{Leaf:26:31#33 parentId=32} 4 children}
06-20 22:13:00.305 I/SurfaceFlinger( 1939): Current= 120, Period= 120, Distance= 4
06-20 22:13:00.306 I/SDM     ( 1829): AIScalerFeatureIntfImpl::LookupConfig: Scale ratio = 1.780000
06-20 22:13:00.306 I/SDM     ( 1829): AIScalerParserIntfImpl::LookupConfig: Scale Ratio Match Found Here
06-20 22:13:00.313 I/SurfaceFlinger( 1939): Current= 120, Period= 120, Distance= 120
06-20 22:13:00.313 I/SurfaceFlinger( 1939): RequestedLayer [WindowToken{fc3feba type=2032 android.os.Binder@9e3e5}#153] hidden!! flag  from(1) --> to(0)
06-20 22:13:00.313 I/SurfaceFlinger( 1939): [LayerHierarchy{RequestedLayerState{WindowToken{1a95aac type=2032 android.os.Binder@8d0505f}#152 z=2} no children}] reparent to OffscreenRoot
06-20 22:13:00.313 I/SurfaceFlinger( 1939): [LayerHierarchy{RequestedLayerState{WindowToken{1a95aac type=2032 android.os.Binder@8d0505f}#152 z=2} no children}] RelativeParent to null
06-20 22:13:00.313 I/SurfaceFlinger( 1939): id=152 Removed WindowToken{1a95aac type=2032 android.os.Binder@8d0505f}#152 (103)
06-20 22:13:00.314 I/SDM     ( 1829): AIScalerFeatureIntfImpl::LookupConfig: Scale ratio = 1.780000
06-20 22:13:00.314 I/SDM     ( 1829): AIScalerParserIntfImpl::LookupConfig: Scale Ratio Match Found Here
06-20 22:13:00.321 I/SurfaceFlinger( 1939): destroyed WindowToken{1a95aac type=2032 android.os.Binder@8d0505f}#152 form LifecycleManager
06-20 22:13:00.321 I/SurfaceFlinger( 1939): id=152 onLayerDestroyed from LayerHierarchyBuilder(RequestedLayerState{WindowToken{1a95aac type=2032 android.os.Binder@8d0505f}#152 !handle z=2})
06-20 22:13:00.321 I/SurfaceFlinger( 1939): id=152 Destroyed WindowToken{1a95aac type=2032 android.os.Binder@8d0505f}#152
06-20 22:13:00.360 I/sensors-hal( 1803): handle_sns_client_event:379, [0][13157] accel_sample [-0.208,  0.007,  9.724] 156927071042
06-20 22:13:00.400 I/SDM     ( 1829): DisplayBase::CommitThread: Received idle timeout, panel: cmd, timeout: 70000 us
06-20 22:13:00.449 I/EPDG-1 [WifiProfiler]( 4085): handleWifiRssiIntent, rssi=-65
06-20 22:13:00.449 I/EPDG-1 [WifiProfiler]( 4085): isProfiling, hash=228050529, started=true
06-20 22:13:00.450 D/ConnectivityService( 2843): notifyType CALLBACK_CAP_CHANGED for [100 WIFI]
06-20 22:13:00.450 I/EPDG-1 [LogMetrics]( 4085): set, type=WIFI_RSSI_LAST, value=-65
06-20 22:13:00.450 I/EPDG-1 [WifiProfiler]( 4085): isProfiling, hash=228050529, started=true
06-20 22:13:00.450 I/EPDG-1 [WifiProfiler]( 4085): Rssi : -65 highrange : -71 lowrange : -80 mIsRssiInHystersis : false
06-20 22:13:00.450 I/EPDG-1 [WifiProfiler]( 4085): Rssi : -65 highrange : -71 lowrange : -80 mIsRssiInHystersis : false
06-20 22:13:00.450 I/EPDG-1 [Subscription]( 4085): isEpdgAvailable, IwlanPsState=2/2
06-20 22:13:00.450 I/EPDG-1 [WifiProfiler]( 4085): getHandoverThresholdMet: value is: false
06-20 22:13:00.450 D/SemWifiUsabilityStatsMonitor( 2843): onWifiUsabilityStats - seqNum 46, isSameBssidAndFreq true
06-20 22:13:00.451 I/SemWifiLinkQualityMonitor( 2843): Link stat: 574 / 13 / 1.07 (16) / 864 / -65.0 || 100.0 : 864.00 / 0.5 : 0.94 / 0.55 : 0.02 / G (G) || e70628bc5180: 0.083 / 96.470 / N / V || N N / 0 0 / N -80.0 / N -1 0.000 0.000 / N / X 0 / 157045 0 0 || 2026-06-20 22:12:59  / 0: 0 0 0 0 0 0 / 0: 0 0 0 0 0 0 / 0: 0 0 0 0 0 0
06-20 22:13:00.451 D/SGM:GameManager( 2843): identifyGamePackage. com.spectre.companion, mCurrentUserId: 0, callingMethodInfo: com.samsung.android.game.SemGameManager.isGamePackage(SemGameManager.java:106)
06-20 22:13:00.451 D/SGM:SemGameManager( 2843): isGamePackage(), pkgName=com.spectre.companion, ret=false
06-20 22:13:00.451 I/WifiPickerTracker( 4313): DefaultNetworkCallback : onCapabilitiesChanged
06-20 22:13:00.452 I/SemInsManager( 2843): e70628bc5 | X,0,0,0,31,0,0,0,0,N,N,N,0 | X, X, X | X,X,X,X,X
06-20 22:13:00.452 I/HBD     ( 6802): i onCapabilitiesChanged network : 100 current network state : wifi 
06-20 22:13:00.452 W/JobService(15680): onNetworkChanged() not implemented in androidx.work.impl.background.systemjob.SystemJobService. Must override in a subclass.
06-20 22:13:00.453 W/JobService(15680): onNetworkChanged() not implemented in androidx.work.impl.background.systemjob.SystemJobService. Must override in a subclass.
06-20 22:13:00.453 D/txpwrJni( 4268): sendNetworkInfo start
06-20 22:13:00.453 D/txpwrJni( 4268): sendNetworkInfo RatType 0
06-20 22:13:00.454 I/NullBinder( 4696): NullBinder for android.net.action.RECOMMEND_NETWORKS triggering remote TransactionTooLargeException due to Service without Chimera impl, calling uid: 1000, calling pid: 0
06-20 22:13:00.454 W/libbinder.Binder( 4696): Large reply transaction of 1056768 bytes, interface descriptor , code 1, flags 17
06-20 22:13:00.454 D/TelephonyCountryDetector( 3938): onCapabilitiesChanged: [ Transports: WIFI Capabilities: NOT_METERED&INTERNET&NOT_RESTRICTED&TRUSTED&NOT_VPN&VALIDATED&NOT_ROAMING&FOREGROUND&NOT_CONGESTED&NOT_SUSPENDED&NOT_VCN_MANAGED&NOT_BANDWIDTH_CONSTRAINED LinkUpBandwidth>=35926Kbps LinkDnBandwidth>=82099Kbps TransportInfo: <SSID: <unknown ssid>, BSSID: 02:00:00:00:00:00, MAC: 02:00:00:00:00:00, IP: /192.168.0.161, Security type: 2, Supplicant state: COMPLETED, Wi-Fi standard: 11ax, RSSI: -65, Link speed: 864Mbps, Tx Link speed: 864Mbps, Max Supported Tx Link speed: 2401Mbps, Rx Link speed: 432Mbps, Max Supported Rx Link speed: 2401Mbps, Frequency: 5180MHz, Net ID: -1, Metered hint: false, score: 60, isUsable: true, CarrierMerged: false, SubscriptionId: -1, IsPrimary: 1, Trusted: true, Restricted: false, Ephemeral: false, OEM paid: false, OEM private: false, OSU AP: false, FQDN: <none>, Provider friendly name: <none>, Requesting package name: <none><none>MLO Information: , Is TID-To-Link negotiation supported by the AP: false, AP MLD Address: <none>, AP MLO Link Id: <none>, AP MLO Affiliated links: <none>, Vendor Data: <none>> SignalStrength: -65 SSID: "Nothing But Net" UnderlyingNetworks: Null]
06-20 22:13:00.455 I/WifiPickerTracker( 4313): NetworkCallback : onCapabilitiesChanged
06-20 22:13:00.455 D/TelephonyCountryDetector( 3938): isWifiConnected: true
06-20 22:13:00.455 D/WifiPickerTracker( 4313): updateWifiEntries capabilities
06-20 22:13:00.455 D/TelephonyCountryDetector( 3938): handleEventWifiConnectivityStateChanged: true
06-20 22:13:00.456 D/TelephonyCountryDetector( 3938): getCurrentNetworkCountryIso: invalid countryIso= for phoneId=0, subId=-1
06-20 22:13:00.456 D/TelephonyCountryDetector( 3938): Location update was not requested yet
06-20 22:13:00.456 D/WifiPickerTracker( 4313): update AutoHotspot Entries() : bleAccessPoints -> 0
06-20 22:13:00.456 D/WifiPickerTracker( 4313): update AutoHotspotMcf Entries() : bleAccessPoints -> 0
06-20 22:13:00.456 D/WifiPickerTracker( 4313): handleNetworkCapabilitiesChanged
06-20 22:13:00.457 D/ConnectivityManager( 4696): StackLog: [android.net.ConnectivityManager.sendRequestForNetwork(ConnectivityManager.java:4744)] [android.net.ConnectivityManager.sendRequestForNetwork(ConnectivityManager.java:4912)] [android.net.ConnectivityManager.registerNetworkCallback(ConnectivityManager.java:5329)] [android.net.ConnectivityManager.registerNetworkCallback(ConnectivityManager.java:5299)] [drye.a(:com.google.android.gms@262233035@26.22.33 (260400-932714197):34)] [lks.a(:com.google.android.gms@262233035@26.22.33 (260400-932714197):19)] [dryq.j(:com.google.android.gms@262233035@26.22.33 (260400-932714197):19)] [dryq.O(:com.google.android.gms@262233035@26.22.33 (260400-932714197):14)] [dryq.K(:com.google.android.gms@262233035@26.22.33 (260400-932714197):7)] [dryq.I(:com.google.android.gms@262233035@26.22.33 (260400-932714197):23)] [dryi.run(:com.google.android.gms@262233035@26.22.33 (260400-932714197):9)] [blbz.c(:com.google.android.gms@262233035@26.22.33 (260400-932714197):50)] [blbz.run(:com.google.android.gms@262233035@26.22.33 (260400-932714197):85)] [java.util.concurrent.ThreadPoolExecutor.runWorker(ThreadPoolExecutor.java:1100)] [java.util.concurrent.ThreadPoolExecutor$Worker.run(ThreadPoolExecutor.java:624)] [blhs.run(:com.google.android.gms@262233035@26.22.33 (260400-932714197):8)] [java.lang.Thread.run(Thread.java:1572)]
06-20 22:13:00.457 I/BugleRcsEngine( 6904): Connected state: [1], networkType: [WIFI] [CONTEXT thread_id=60 ]
06-20 22:13:00.458 D/WifiInteractor( 4313): get wifiIconGroup ePDGConnected : false
06-20 22:13:00.458 D/WifiInteractor( 4313): get wifiIconGroup ePDGConnected : false
06-20 22:13:00.458 I/BugleRcsEngine( 6904): handleMessage processing message:[NOTIFY_UPTIME_IGNORE_STATE_CHANGED] with [non-null]:RcsEngineImpl reference [CONTEXT log_prefix="RcsEngineImpl[DUAL_REG]:[5fc0f91c-be67]>Handler" thread_id=62 ]
06-20 22:13:00.459 I/HoneySpace.StatusIconTracker( 4771): invokeEvent() called with: event = Wifi(visible=true, resId=2114459811, activityId=0)
06-20 22:13:00.459 D/ConnectivityManager( 4696): StackLog: [android.net.ConnectivityManager.unregisterNetworkCallback(ConnectivityManager.java:5579)] [dryq.j(:com.google.android.gms@262233035@26.22.33 (260400-932714197):43)] [dryq.O(:com.google.android.gms@262233035@26.22.33 (260400-932714197):14)] [dryq.K(:com.google.android.gms@262233035@26.22.33 (260400-932714197):7)] [dryq.I(:com.google.android.gms@262233035@26.22.33 (260400-932714197):23)] [dryi.run(:com.google.android.gms@262233035@26.22.33 (260400-932714197):9)] [blbz.c(:com.google.android.gms@262233035@26.22.33 (260400-932714197):50)] [blbz.run(:com.google.android.gms@262233035@26.22.33 (260400-932714197):85)] [java.util.concurrent.ThreadPoolExecutor.runWorker(ThreadPoolExecutor.java:1100)] [java.util.concurrent.ThreadPoolExecutor$Worker.run(ThreadPoolExecutor.java:624)] [blhs.run(:com.google.android.gms@262233035@26.22.33 (260400-932714197):8)] [java.lang.Thread.run(Thread.java:1572)]
06-20 22:13:00.459 I/HoneySpace.StatusIconTracker( 4771): invokeEvent() called with: event = Wifi(visible=true, resId=2114459811, activityId=0)
06-20 22:13:00.459 I/NearbyMediums( 4696): Wifi changed new SSID: "Nothing But Net"
06-20 22:13:00.459 I/NearbyMediums( 4696): WifiLanConnectivityInfo is not changed, skip notify.
06-20 22:13:00.460 D/ConnectivityService( 2843): Rematched networks [computed 0ms] [applied 1ms] [issued 1]
06-20 22:13:00.460 D/ConnectivityService( 2843): NetworkReassignment : no changes
06-20 22:13:00.461 D/SemWifiApNsd:Client( 2843): lpInterface:wlan0
06-20 22:13:00.461 I/WifiConnectivityMonitor.NCC( 2843): sNetworkCallback(oCC) FULL : 100(valid: true/captive: false)
06-20 22:13:00.461 D/SemApeService( 2843): Deducted link capacity (M: R=302 T=604) RSSI=-65
06-20 22:13:00.461 D/SemApeService( 2843): Deducted link capacity (M: R=302 T=604) on (wlan0) GoogleAPI(M: R=82 T=35) RSSI=-65 isDefault=false isMlo=false
06-20 22:13:00.461 I/WifiConnectivityMonitor.NCC( 2843): [ Transports: WIFI Capabilities: NOT_METERED&INTERNET&NOT_RESTRICTED&TRUSTED&NOT_VPN&VALIDATED&NOT_ROAMING&FOREGROUND&NOT_CONGESTED&NOT_SUSPENDED&NOT_VCN_MANAGED&NOT_BANDWIDTH_CONSTRAINED LinkUpBandwidth>=35926Kbps LinkDnBandwidth>=82099Kbps TransportInfo: <SSID: <unknown ssid>, BSSID: 02:00:00:**:**:00, MAC: 02:00:00:**:**:00, IP: /192.***.*.161, Security type: 2, Supplicant state: COMPLETED, Wi-Fi standard: 11ax, RSSI: -65, Link speed: 864Mbps, Tx Link speed: 864Mbps, Max Supported Tx Link speed: 2401Mbps, Rx Link speed: 432Mbps, Max Supported Rx Link speed: 2401Mbps, Frequency: 5180MHz, Net ID: -1, Metered hint: false, score: 60, isUsable: true, CarrierMerged: false, SubscriptionId: -1, IsPrimary: 1, Trusted: true, Restricted: false, Ephemeral: false, OEM paid: false, OEM private: false, OSU AP: false, FQDN: <none>, Provider friendly name: <none>, Requesting package name: <none><none>MLO Information: , Is TID-To-Link negotiation supported by the AP: false, AP MLD Address: <none>, AP MLO Link Id: <none>, AP MLO Affiliated links: <none>, Vendor Data: <none>> SignalStrength: -65 AdminUids: [1000] SSID: "Nothing But Net" UnderlyingNetworks: Null]
06-20 22:13:00.462 D/WifiConnectivityMonitor( 2843): HANDLE_ON_CAPABILITIES_CHANGED
06-20 22:13:00.462 D/[STDP]UsdController( 2843): onCapabilitiesChanged SSID: <unknown ssid>, BSSID: 02:00:00:00:00:00, MAC: 02:00:00:00:00:00, IP: /192.168.0.161, Security type: 2, Supplicant state: COMPLETED, Wi-Fi standard: 11ax, RSSI: -65, Link speed: 864Mbps, Tx Link speed: 864Mbps, Max Supported Tx Link speed: 2401Mbps, Rx Link speed: 432Mbps, Max Supported Rx Link speed: 2401Mbps, Frequency: 5180MHz, Net ID: -1, Metered hint: false, score: 60, isUsable: true, CarrierMerged: false, SubscriptionId: -1, IsPrimary: 1, Trusted: true, Restricted: false, Ephemeral: false, OEM paid: false, OEM private: false, OSU AP: false, FQDN: <none>, Provider friendly name: <none>, Requesting package name: <none><none>MLO Information: , Is TID-To-Link negotiation supported by the AP: false, AP MLD Address: <none>, AP MLO Link Id: <none>, AP MLO Affiliated links: <none>, Vendor Data: <none>
06-20 22:13:00.462 I/SemWifiConfigManager( 2843): addOrUpdateNetwork "Nothing But Net"WPA_PSK (unchanged)
06-20 22:13:00.462 D/[STDP]NetworkInfoCollector( 2843): onCapabilitiesChanged - SSID: <unknown ssid>, BSSID: 02:00:00:00:00:00, MAC: 02:00:00:00:00:00, IP: /192.168.0.161, Security type: 2, Supplicant state: COMPLETED, Wi-Fi standard: 11ax, RSSI: -65, Link speed: 864Mbps, Tx Link speed: 864Mbps, Max Supported Tx Link speed: 2401Mbps, Rx Link speed: 432Mbps, Max Supported Rx Link speed: 2401Mbps, Frequency: 5180MHz, Net ID: -1, Metered hint: false, score: 60, isUsable: true, CarrierMerged: false, SubscriptionId: -1, IsPrimary: 1, Trusted: true, Restricted: false, Ephemeral: false, OEM paid: false, OEM private: false, OSU AP: false, FQDN: <none>, Provider friendly name: <none>, Requesting package name: <none><none>MLO Information: , Is TID-To-Link negotiation supported by the AP: false, AP MLD Address: <none>, AP MLO Link Id: <none>, AP MLO Affiliated links: <none>, Vendor Data: <none>
06-20 22:13:00.462 D/WifiConnectivityMonitor( 2843): "Nothing But Net"WPA_PSK markRssiAtInvalidated : -127 time=0
06-20 22:13:00.462 D/SemWifiApTrafficPriority( 2843): onCapabilitiesChanged Wifi:wlan0,mGapiValue:82.099Uplink: 35.926
06-20 22:13:00.462 I/WifiConnectivityMonitor( 2843): determineMode : MODE_AGG_BY_SWITCH_TO_MOBILE_DATA_OPTION
06-20 22:13:00.462 D/OpenNetworkQos[4.00]( 2843): updateBssidNoInternet: mBssidNoInternet = false
06-20 22:13:00.462 D/OpenNetworkQos[4.00]( 2843): getOpenNetworkQosNoInternetStatus: false
06-20 22:13:00.462 D/OpenNetworkQos[4.00]( 2843): getOpenNetworkQosScores: 0 20 0 
06-20 22:13:00.462 I/WifiProfileShare( 2843): network QoS data was changed (internet), updateQoSData networkType: true, qosData: false
06-20 22:13:00.462 V/WifiProfileShare.Caster( 2843): update wips network, size: 0
06-20 22:13:00.462 D/WifiConnectivityMonitor( 2843): VALIDATED_DETECTED
06-20 22:13:00.462 D/WifiProfileShare( 2843): nearby scanning settings run
06-20 22:13:00.462 D/WifiProfileShare( 2843): network score provider settings enabled
06-20 22:13:00.462 D/OpenNetworkQos[4.00]( 2843): getOpenNetworkQosScores: 0 20 0 
06-20 22:13:00.462 D/OpenNetworkQos[4.00]( 2843): getOpenNetworkQosNoInternetStatus: false
06-20 22:13:00.462 I/WifiProfileShare.Caster( 2843): current network type: 0, score: [0, 20, 0]
06-20 22:13:00.462 V/WifiProfileShare.Cache( 2843): update network score 60:83:e7:**:**:bc
06-20 22:13:00.462 D/WifiProfileShare.ScanMatcher( 2843): getMcfDataList size:2
06-20 22:13:00.462 I/WifiProfileShare.Caster( 2843): qos data was updated , before:type:QOS, pBssid:85:cf:dc, qosData:0f after:type:QOS, pBssid:85:cf:dc, qosData:0f
06-20 22:13:00.462 I/[MCFSDK_android_1.3.7026]_4_McfCasterImpl( 2843): isNetworkEnabled - type : 1 ret : true
06-20 22:13:00.462 D/WifiProfileShare.McfCast( 2843): -ME--- mIsNetworkEnabled :true
06-20 22:13:00.462 D/WifiProfileShare.McfCast( 2843): updateQoSData ignored, same contents
06-20 22:13:00.462 D/WifiProfileShare.MCF( 2843): success update QosData !
06-20 22:13:00.462 I/[MCFSDK_android_1.3.7026]_4_McfCasterImpl( 2843): isNetworkEnabled - type : 1 ret : true
06-20 22:13:00.462 D/WifiProfileShare.McfCast( 2843): -ME--- mIsNetworkEnabled :true
06-20 22:13:00.462 D/WifiProfileShare.McfCast( 2843): -ME--- updatePasswordDate pwdData size:2
06-20 22:13:00.472 I/SDM     ( 1829): AIScalerFeatureIntfImpl::LookupConfig: Scale ratio = 1.780000
06-20 22:13:00.472 I/SDM     ( 1829): AIScalerParserIntfImpl::LookupConfig: Scale Ratio Match Found Here
06-20 22:13:00.543 I/SDM     ( 1829): DisplayBase::CommitThread: Received idle timeout, panel: cmd, timeout: 70000 us
06-20 22:13:00.553 D/SLocation( 2843): WifiBssidMonitor - requestRefresh
06-20 22:13:00.554 W/SLocation( 2843): WifiBssidMonitor - connected wifi : (60:83:e7:**:**:bc/770)
06-20 22:13:00.556 I/HBD     ( 6802): i onCapabilityChanged  setNetworkState currentNetworkState : wifi 
06-20 22:13:00.556 I/HBD     ( 6802): f LogTag.TAG_LMDOWNLOAD network status is changed.
06-20 22:13:00.731 I/NSLocationMonitor( 2843): getGPSUsingApps() called
06-20 22:13:00.731 I/NSLocationManager_FLP( 5290): getGPSUsingApps, No change
06-20 22:13:00.736 D/FreecessHandler( 2843): skipping freeze com.venmo(10400) result : 18
06-20 22:13:00.864 D/BSOHChargingDataCollector( 2843):  BSOH Sys-servce ... 
06-20 22:13:00.864 D/BSOHChargingDataCollector( 2843): performBatteryWork++
06-20 22:13:00.864 D/BSOHChargingDataCollector( 2843): performBatteryWork battery com.android.server.bsoh.device.PrimeBattery@2209b88
06-20 22:13:00.864 D/BSOHChargingDataCollector( 2843): primeBatt readVoltage from sysFsBattVolt,  path : /sys/class/power_supply/battery/batt_voltage_now
06-20 22:13:00.874 D/BSOHChargingDataCollector( 2843): 0 	 BattData addData data : BattData { voltage:4.086, current:0.16875, soc:0.69, temperature:28.9, status:2, timestamp:1782011580874, voltage_chg:null}
06-20 22:13:00.874 D/BSOHChargingDataCollector( 2843): performBatteryWork--
06-20 22:13:00.879 D/SemWifiSwitchForIndividualAppsService( 2843): isSkipNetworkCondition - result:2
06-20 22:13:00.956 I/NearbySharing( 4696): Network state changed: NetworkState(isRestricted=false, isOnline=true, isCongested=false, isMetered=false, isWifiConnected=true)
06-20 22:13:01.035 D/AppOpsPrivacyItemMonitor( 4313): showLocationSystemApps  AppOpItem(Op code=1, UID=5013, AttributionTag=null, Package name=com.sec.location.nsflp2, Paused=false)false)false)false)false)false)false)false)
06-20 22:13:01.036 D/AppOpsPrivacyItemMonitor( 4313): showLocationSystemApps  AppOpItem(Op code=1, UID=10405, AttributionTag=null, Package name=com.acmeaom.android.myradar, Paused=false)false)false)false)false)false)false)false)
06-20 22:13:01.036 D/AppOpsPrivacyItemMonitor( 4313): showLocationSystemApps  AppOpItem(Op code=1, UID=10270, AttributionTag=com.google.android.gms.locationsharingreporter, Package name=com.google.android.gms, Paused=false)false)false)false)false)false)false)
06-20 22:13:01.036 D/AppOpsPrivacyItemMonitor( 4313): showLocationSystemApps  AppOpItem(Op code=1, UID=10275, AttributionTag=null, Package name=com.google.android.gms.location.history, Paused=false)false)false)false)false)
06-20 22:13:01.037 D/AppOpsPrivacyItemMonitor( 4313): showLocationSystemApps  AppOpItem(Op code=1, UID=10290, AttributionTag=null, Package name=com.google.android.apps.maps, Paused=false)false)false)false)
06-20 22:13:01.038 D/AiAgentEffect( 4313): onPrivacyItemsChanged privacyItems.size = 5
06-20 22:13:01.038 D/AiAgentEffect( 4313): onPrivacyItemsChanged privacyItems isEmpty or found item is null
06-20 22:13:01.039 D/AppOpsPrivacyItemMonitor( 4313): showLocationSystemApps  AppOpItem(Op code=1, UID=10405, AttributionTag=null, Package name=com.acmeaom.android.myradar, Paused=false)false)false)false)false)false)false)false)false)
06-20 22:13:01.039 D/AppOpsPrivacyItemMonitor( 4313): showLocationSystemApps  AppOpItem(Op code=1, UID=10270, AttributionTag=com.google.android.gms.locationsharingreporter, Package name=com.google.android.gms, Paused=false)false)false)false)false)false)false)false)
06-20 22:13:01.040 D/AppOpsPrivacyItemMonitor( 4313): showLocationSystemApps  AppOpItem(Op code=1, UID=10275, AttributionTag=null, Package name=com.google.android.gms.location.history, Paused=false)false)false)false)false)false)
06-20 22:13:01.040 D/AppOpsPrivacyItemMonitor( 4313): showLocationSystemApps  AppOpItem(Op code=1, UID=10290, AttributionTag=null, Package name=com.google.android.apps.maps, Paused=false)false)false)false)false)
06-20 22:13:01.041 I/HoneySpace.StatusIconTracker( 4771): invokeEvent() called with: event = PrivacyInfo(visible=false)
06-20 22:13:01.047 W/View    ( 4313): requestLayout() improperly called by android.widget.FrameLayout{23f287b V.E...... ......I. 0,0-1080,2340 #14} during layout: running second layout pass
06-20 22:13:01.048 W/View    ( 4313): requestLayout() improperly called by com.android.systemui.qs.QSTouchAwareFrameLayout{d5be698 V.E...... ......ID 0,164-1080,2340 #7e0a0a4c com.android.systemui:id/qs_frame} during layout: running second layout pass
06-20 22:13:01.049 W/RefactorFlag( 4313): New code path expects SceneContainerFlag to be enabled.
06-20 22:13:01.049 D/BoundBrokerSvc( 5404): onUnbind: Intent { act=com.google.android.gms.safebrowsing.SafeBrowsingService.START dat=chimera-action:/... xflg=0x4 cmp=com.google.android.gms/.chimera.GmsBoundBrokerService }
06-20 22:13:01.050 D/AiAgentEffect( 4313): onPrivacyItemsChanged privacyItems.size = 4
06-20 22:13:01.050 D/AiAgentEffect( 4313): onPrivacyItemsChanged privacyItems isEmpty or found item is null
06-20 22:13:01.051 D/BoundBrokerSvc( 5404): onUnbind: Intent { act=com.google.android.gms.appset.service.START dat=chimera-action:/... xflg=0x4 cmp=com.google.android.gms/.chimera.GmsApiService }
06-20 22:13:01.053 I/HoneySpace.StatusIconTracker( 4771): invokeEvent() called with: event = PrivacyInfo(visible=false)
06-20 22:13:01.055 W/View    ( 4313): requestLayout() improperly called by android.widget.FrameLayout{23f287b V.E...... ......I. 0,0-1080,2340 #14} during layout: running second layout pass
06-20 22:13:01.055 W/View    ( 4313): requestLayout() improperly called by com.android.systemui.qs.QSTouchAwareFrameLayout{d5be698 V.E...... ......ID 0,164-1080,2340 #7e0a0a4c com.android.systemui:id/qs_frame} during layout: running second layout pass
06-20 22:13:01.056 W/RefactorFlag( 4313): New code path expects SceneContainerFlag to be enabled.
06-20 22:13:01.113 D/AppOpsPrivacyItemMonitor( 4313): showLocationSystemApps  AppOpItem(Op code=1, UID=10405, AttributionTag=null, Package name=com.acmeaom.android.myradar, Paused=false)false)false)false)false)false)false)false)false)false)
06-20 22:13:01.114 D/AppOpsPrivacyItemMonitor( 4313): showLocationSystemApps  AppOpItem(Op code=1, UID=10270, AttributionTag=com.google.android.gms.locationsharingreporter, Package name=com.google.android.gms, Paused=false)false)false)false)false)false)false)false)false)
06-20 22:13:01.115 D/AppOpsPrivacyItemMonitor( 4313): showLocationSystemApps  AppOpItem(Op code=1, UID=10290, AttributionTag=null, Package name=com.google.android.apps.maps, Paused=false)false)false)false)false)false)
06-20 22:13:01.117 D/AiAgentEffect( 4313): onPrivacyItemsChanged privacyItems.size = 3
06-20 22:13:01.117 D/AiAgentEffect( 4313): onPrivacyItemsChanged privacyItems isEmpty or found item is null
06-20 22:13:01.119 I/HoneySpace.StatusIconTracker( 4771): invokeEvent() called with: event = PrivacyInfo(visible=false)
06-20 22:13:01.123 W/View    ( 4313): requestLayout() improperly called by android.widget.FrameLayout{23f287b V.E...... ......I. 0,0-1080,2340 #14} during layout: running second layout pass
06-20 22:13:01.123 W/View    ( 4313): requestLayout() improperly called by com.android.systemui.qs.QSTouchAwareFrameLayout{d5be698 V.E...... ......ID 0,164-1080,2340 #7e0a0a4c com.android.systemui:id/qs_frame} during layout: running second layout pass
06-20 22:13:01.123 W/RefactorFlag( 4313): New code path expects SceneContainerFlag to be enabled.
06-20 22:13:01.207 E/Watchdog( 2843): !@Sync: 6 heap(MB): 146 / 160 FD: 1285 Threads: 536 [2026-06-20 22:13:01.207]
06-20 22:13:01.214 I/adbd    ( 6914): adbd service requested 'sync:'
06-20 22:13:01.267 D/AppOpsPrivacyItemMonitor( 4313): showLocationSystemApps  AppOpItem(Op code=1, UID=10405, AttributionTag=null, Package name=com.acmeaom.android.myradar, Paused=false)false)false)false)false)false)false)false)false)false)false)
06-20 22:13:01.268 D/AppOpsPrivacyItemMonitor( 4313): showLocationSystemApps  AppOpItem(Op code=1, UID=10270, AttributionTag=com.google.android.gms.locationsharingreporter, Package name=com.google.android.gms, Paused=false)false)false)false)false)false)false)false)false)false)
06-20 22:13:01.268 D/InetDiagMessage( 2843): Destroyed 0 sockets, proto=IPPROTO_TCP, family=AF_INET, states=14
06-20 22:13:01.268 D/AiAgentEffect( 4313): onPrivacyItemsChanged privacyItems.size = 2
06-20 22:13:01.268 D/AiAgentEffect( 4313): onPrivacyItemsChanged privacyItems isEmpty or found item is null
06-20 22:13:01.269 D/InetDiagMessage( 2843): Destroyed 0 sockets, proto=IPPROTO_TCP, family=AF_INET6, states=14
06-20 22:13:01.269 D/InetDiagMessage( 2843): Destroyed live tcp sockets for uids={10256} in 3ms
06-20 22:13:01.270 I/HoneySpace.StatusIconTracker( 4771): invokeEvent() called with: event = PrivacyInfo(visible=false)
06-20 22:13:01.270 D/InetDiagMessage( 2843): Destroyed 0 sockets, proto=IPPROTO_TCP, family=AF_INET, states=14
06-20 22:13:01.271 D/InetDiagMessage( 2843): Destroyed 0 sockets, proto=IPPROTO_TCP, family=AF_INET6, states=14
06-20 22:13:01.271 D/InetDiagMessage( 2843): Destroyed live tcp sockets for uids={20256} in 2ms
06-20 22:13:01.271 W/View    ( 4313): requestLayout() improperly called by android.widget.FrameLayout{23f287b V.E...... ......I. 0,0-1080,2340 #14} during layout: running second layout pass
06-20 22:13:01.271 W/View    ( 4313): requestLayout() improperly called by com.android.systemui.qs.QSTouchAwareFrameLayout{d5be698 V.E...... ......ID 0,164-1080,2340 #7e0a0a4c com.android.systemui:id/qs_frame} during layout: running second layout pass
06-20 22:13:01.272 W/RefactorFlag( 4313): New code path expects SceneContainerFlag to be enabled.
06-20 22:13:01.297 I/adbd    ( 6914): adbd service requested 'shell,v2,raw:input tap 322 1947'
06-20 22:13:01.345 D/InputDispatcher( 2843): Inject motion (20091/2000): action=0x0, time=157940000000, f=0x0, d=0 dsdx=1.000000 dtdx=0.000000
06-20 22:13:01.345 I/InputDispatcher( 2843): Delivering touch to (4313): action: 0x4, f=0x0, d=0, 'a1b30fa', t=1 
06-20 22:13:01.346 I/InputDispatcher( 2843): Delivering touch to (17932): action: 0x0, f=0x0, d=0, '9b42fa1', t=1 
06-20 22:13:01.346 D/PowerManagerService( 2843): [api] userActivityFromNative : touch displayId=0 eventTime=157940
06-20 22:13:01.346 D/PowerManagerService( 2843): UserActivityStateListenerState: 1
06-20 22:13:01.346 I/VRI[MainActivity]@d99b0f0(17932): ViewPostIme pointer 0
06-20 22:13:01.346 I/GestureDetector( 2843): obtain mCurrentDownEvent. id: -335813180 caller: com.android.server.wm.SystemGesturesPointerEventListener.onPointerEvent:17 com.android.server.wm.PointerEventDispatcher.onInputEvent:51 android.view.InputEventReceiver.dispatchInputEvent:369 
06-20 22:13:01.347 I/GestureDetector( 2843): obtain mCurrentDownEvent. id: -335813180 caller: com.android.server.wm.SystemPerformancePointerEventListener.onPointerEvent:13 com.android.server.wm.PointerEventDispatcher.onInputEvent:51 android.view.InputEventReceiver.dispatchInputEvent:369 
06-20 22:13:01.347 I/VRI[MainActivity]@d99b0f0(17932): call setFrameRateCategory for touch hint category=high hint, reason=touch, vri=VRI[MainActivity]@d99b0f0
06-20 22:13:01.347 D/InputDispatcher( 2843): Inject motion (20091/2000): action=0x1, time=157940000000, f=0x0, d=0 dsdx=1.000000 dtdx=0.000000
06-20 22:13:01.348 I/SemDvfsHyPerManager( 7013): acquire hyper - TATouchBoost/7013@31, type = -999
06-20 22:13:01.348 I/SemDvfsHyPerManager( 7013): acquire hyper - TA_TOUCH_SHARE/7013@32, type = -999
06-20 22:13:01.348 I/InputDispatcher( 2843): Delivering touch to (17932): action: 0x1, f=0x0, d=0, '9b42fa1', t=1 
06-20 22:13:01.348 I/VRI[MainActivity]@d99b0f0(17932): ViewPostIme pointer 1
06-20 22:13:01.348 I/GestureDetector( 2843): obtain mCurrentMotionEventRaw. action: 1 id: -540037918
06-20 22:13:01.348 I/GestureDetector( 2843): obtain mCurrentMotionEventRaw. action: 1 id: -540037918
06-20 22:13:01.349 I/HYPER-HAL( 1810): [RequestManager.cpp]acquire(): Acquired ID : 24812521 [7013 / 31]  HINT :     list : [TABoost / 1] [TIMEOUT / 1500] 
06-20 22:13:01.349 I/HYPER-HAL( 1810): [RequestManager.cpp]acquire(): Acquired ID : 24819567 [7013 / 32]  HINT : TA_TOUCH_SHARE   list : [TIMEOUT / 1500] 
06-20 22:13:01.352 D/InetDiagMessage( 2843): Destroyed 0 sockets, proto=IPPROTO_TCP, family=AF_INET, states=14
06-20 22:13:01.354 D/InetDiagMessage( 2843): Destroyed 0 sockets, proto=IPPROTO_TCP, family=AF_INET6, states=14
06-20 22:13:01.354 D/InetDiagMessage( 2843): Destroyed live tcp sockets for uids={10290} in 3ms
06-20 22:13:01.354 I/SurfaceFlinger( 1939): Current= 120, Period= 120, Distance= 1
06-20 22:13:01.354 I/SurfaceFlinger( 1939): [com.spectre.companion/com.spectre.companion.MainActivity$_17932#138] setFrameRateCategory: HighHint
06-20 22:13:01.355 I/SpectrePeripheral(17932): event=stop_server running=true connected=0
06-20 22:13:01.355 I/SpectrePeripheral(17932): event=stop_internal running=true advertising=true connected=0
06-20 22:13:01.356 I/SpectrePeripheral(17932): event=advertise_stop_request mode=uuidOnly
06-20 22:13:01.355 D/InetDiagMessage( 2843): Destroyed 0 sockets, proto=IPPROTO_TCP, family=AF_INET, states=14
06-20 22:13:01.356 D/BluetoothLeAdvertiser(17932): Stop AdvertingSet
06-20 22:13:01.357 D/BluetoothGattServer(17932): close()
06-20 22:13:01.357 D/BluetoothGattServer(17932): unregisterCallback()
06-20 22:13:01.357 D/BtGatt.AdvertiseManager( 4244): stopAdvertisingSet() android.os.BinderProxy@9c369ef
06-20 22:13:01.357 W/BtGatt.AdvertiseManager( 4244): stopAdvertisingSet() - Enter the mNativeInterface
06-20 22:13:01.357 I/bt_shim_advertiser( 4244): system/main/shim/le_advertising_manager.cc:80 Unregister: in shim layer
06-20 22:13:01.357 D/bluetooth( 4244): system/gd/hci/le_advertising_manager_impl.cc:801 stop_advertising: advertiser_id: 2 is_periodic: false
06-20 22:13:01.357 W/BLE_GAP ( 4244): ADV_SET_STOP :: appName: com.spectre.companion, id: 2, isLegacy: true
06-20 22:13:01.357 D/BtGatt.GattService( 4244): unregisterServer(com.spectre.companion) - serverIf=56
06-20 22:13:01.358 D/InetDiagMessage( 2843): Destroyed 0 sockets, proto=IPPROTO_TCP, family=AF_INET6, states=14
06-20 22:13:01.358 D/InetDiagMessage( 2843): Destroyed live tcp sockets for uids={20290} in 3ms
06-20 22:13:01.358 I/bluetooth( 4244): bluetooth_core::gatt::server::isolation_manager: removing server (if any) associated with advertiser AdvertiserId(2)
06-20 22:13:01.358 D/BtGatt.GattService( 4244): deleteServices() - serverIf=56
06-20 22:13:01.358 D/BtGatt.ContextMap( 4244): remove() - id: 56
06-20 22:13:01.358 D/vendor.qti.bluetooth@1.0-ibs_handler( 1798): SerialClockVote: vote for UART CLK ON
06-20 22:13:01.358 I/bluetooth( 4244): bluetooth_core::gatt::server::isolation_manager: clearing advertisers associated with ServerId(56)
06-20 22:13:01.358 E/gatt_api( 4244): system/stack/gatt/gatt_api.cc:376 is_active_service: Active Service Found: 84f03a80-6d7b-4d4d-9a64-6b2d6f3a0001
06-20 22:13:01.358 I/gatt_api( 4244): system/stack/gatt/gatt_api.cc:443 GATTS_StopService: service = 0x9a
06-20 22:13:01.358 I/bluetooth( 4244): system/stack/gatt/gatt_sr_hash.cc:128 gatts_calculate_database_hash: hash=8A3EADD4AEF49A49DC575516F4663A43
06-20 22:13:01.358 D/gatt_utils( 4244): system/stack/gatt/gatt_utils.cc:295 gatt_find_the_connected_bda: start_idx=0
06-20 22:13:01.358 D/gatt_utils( 4244): system/stack/gatt/gatt_utils.cc:307 gatt_find_the_connected_bda: found=false found_idx=16
06-20 22:13:01.358 W/gatt_api( 4244): system/stack/gatt/gatt_api.cc:1374 GATT_Deregister: gatt_if=56
06-20 22:13:01.358 W/bluetooth( 4244): system/stack/connection_manager/connection_manager.cc:472 on_app_deregistered: app_id=56
06-20 22:13:01.358 D/BtGatt.GattService( 4244): onServiceDeleted() - srvcHandle=154, status=GATT_SUCCESS (0x00)
06-20 22:13:01.358 E/bluetooth( 4244): bluetooth_core::gatt::ffi: failed to remove GATT service AttHandle(154) for server ServerId(56) with error: server ServerId(56) not opened
06-20 22:13:01.358 I/am_foreground_service_stop( 2843): [0,com.spectre.companion/.SpectreFieldService,1,PROC_STATE_TOP,36,36,0,0,7322,1,STOP_FOREGROUND,24]
06-20 22:13:01.358 W/ForegroundServiceTypeLoggerModule( 2843): Logger should be tracking FGS types correctly for UID 10498 in package com.spectre.companion
06-20 22:13:01.358 W/ForegroundServiceTypeLoggerModule( 2843): Logger should be tracking FGS types correctly for UID 10498 in package com.spectre.companion
06-20 22:13:01.358 W/ForegroundServiceTypeLoggerModule( 2843): Logger should be tracking FGS types correctly for UID 10498 in package com.spectre.companion
06-20 22:13:01.359 D/SecFgsManagerController( 4313): onForegroundStateChanged: [dialog:false]:[isForeground:false]:[packageName:com.spectre.companion]:[token:android.os.BinderProxy@e07dcb]:[userId:0]
06-20 22:13:01.359 D/SecFgsManagerController( 4313): updateNumberOfVisibleRunningPackagesLocked: 0
06-20 22:13:01.359 D/vendor.qti.bluetooth@1.0-wake_lock( 1798): Acquire wakelock is acquired 
06-20 22:13:01.359 I/vendor.qti.bluetooth@1.0-ibs_handler( 1798): DeviceWakeUp: Writing IBS_WAKE_IND
06-20 22:13:01.359 I/notification_cancel( 2843): [10498,17932,com.spectre.companion,4201,NULL,0,0,33856,8,NULL]
06-20 22:13:01.360 D/BackgroundInstallControlService( 2843): Package event received: 0
06-20 22:13:01.360 D/BluetoothLeAdvertiser(17932): onAdvertisingSetStopped(2)
06-20 22:13:01.360 I/NSLocationProviderHelper( 2843): updateRemoveInfo, uid=10498
06-20 22:13:01.360 D/LocationManagerService( 2843): network provider removed registration from 10498/com.spectre.companion/F73DE738
06-20 22:13:01.360 D/LocationManagerService( 2843): network provider request changed to ProviderRequest[@+6h0m0s0ms, LOW_POWER, WorkSource{10264 com.google.android.as}]
06-20 22:13:01.361 I/NSLocationProviderHelper( 2843): updateRemoveInfo, uid=10498
06-20 22:13:01.361 D/LocationManagerService( 2843): gps provider removed registration from 10498/com.spectre.companion/F73DE738
06-20 22:13:01.361 D/LocationManagerService( 2843): gps provider request changed to ProviderRequest[OFF]
06-20 22:13:01.361 E/RequestManager_FLP( 5290): [LocationManager] Location remove F73DE738 from com.spectre.companion
06-20 22:13:01.361 I/LocationRequestData_FLP( 5290): Remove in requestInfoList, F73DE738 / ListSize[network]=1
06-20 22:13:01.361 I/SurfaceFlinger( 1939): Current= 120, Period= 120, Distance= 120
06-20 22:13:01.362 I/notification_enqueue( 2843): [10498,17932,com.spectre.companion,4201,NULL,0,Notification(channel=spectre_field_mode shortcut=null contentView=null vibrate=null sound=null defaults=0 flags=ONGOING_EVENT|NO_CLEAR color=0x00000000 actions=1 vis=PRIVATE semFlags=0x0 semPriority=0 semMissedCount=0 semScenarioType=0),1,1,NULL]
06-20 22:13:01.362 I/SpectreLocationSvc(17932): event=flush buckets=8 dirty=1 samples=2383 oldest=1781129499108 newest=1782011574047
06-20 22:13:01.362 D/GnssLocationProvider( 2843): setRequest ProviderRequest[OFF]
06-20 22:13:01.362 D/GnssLocationProvider( 2843): mStarted =  true, isEnabled = true
06-20 22:13:01.362 D/GnssLocationProvider( 2843): stopNavigating, mStarted=true
06-20 22:13:01.363 I/vendor.qti.bluetooth@1.0-ibs_handler( 1798): ProcessIbsCmd: Received IBS_WAKE_ACK: 0xFC
06-20 22:13:01.363 I/vendor.qti.bluetooth@1.0-ibs_handler( 1798): ProcessIbsCmd: Signal wack_cond_
06-20 22:13:01.363 I/GnssAidl( 1802): ===> stop line 231 
06-20 22:13:01.363 D/CarrierConfigForGnss( 2843): isKORMarket : false
06-20 22:13:01.363 W/AlarmManager( 2843): Unrecognized alarm listener com.android.server.location.gnss.GnssLocationProvider$$ExternalSyntheticLambda18@7f53c42
06-20 22:13:01.363 D/vendor.qti.bluetooth@1.0-ibs_handler( 1798): DeviceWakeUp: Unblocked from waiting for FC, pthread_cond_timedwait ret = 0
06-20 22:13:01.364 W/AlarmManager( 2843): Unrecognized alarm listener com.android.server.location.gnss.GnssLocationProvider$$ExternalSyntheticLambda18@8d2f453
06-20 22:13:01.364 D/NotificationService( 2843): removeFlagFromNotificationLocked pkg = com.spectre.companion notificationId = 4201, flag = 64
06-20 22:13:01.364 D/NotificationService( 2843): removeFlag from mEnqueuedNotifications , flag = 34
06-20 22:13:01.364 D/GnssLocationProvider( 2843): stopBatching
06-20 22:13:01.365 D/NotificationService( 2843): removeFlag from mNotificationList , flag = 34
06-20 22:13:01.365 E/RequestManager_FLP( 5290): [LocationManager] Location remove F73DE738 from com.spectre.companion
06-20 22:13:01.365 W/LocationRequestData_FLP( 5290): Not registered using location provider, F73DE738
06-20 22:13:01.365 I/LocFrameworkMonitor_FLP( 5290): setNavigatingFromGlp, stopNavigating
06-20 22:13:01.366 I/vendor.qti.bluetooth@1.0-ibs_handler( 1798): ProcessIbsCmd: Received IBS_WAKE_IND: 0xFD
06-20 22:13:01.366 I/vendor.qti.bluetooth@1.0-ibs_handler( 1798): ProcessIbsCmd: Writing IBS_WAKE_ACK
06-20 22:13:01.367 I/LocSvc_api_v02( 1802): ---> locClientSendReq line 2409 QMI_LOC_STOP_REQ_V02
06-20 22:13:01.367 E/LocSvc_launcher( 2397): Parent woken up!
06-20 22:13:01.368 I/power_partial_wake_state( 2843): [DIS,233521917,1,NetworkLocationLocator:com.google.android.gms(enabled),10270,4696,WorkSource{ chains=WorkChain{(10264), (10270, com.google.android.gms)}}]
06-20 22:13:01.368 I/power_partial_wake_state( 2843): [REL,233521917,1,NetworkLocationLocator:com.google.android.gms,10270,4696,WorkSource{ chains=WorkChain{(10264), (10270, com.google.android.gms)}}]
06-20 22:13:01.368 D/Bubbles ( 4313): onEntryUpdated : shouldBubbleUp=false ,key=0|com.spectre.companion|4201|null|10498
06-20 22:13:01.368 I/{OngoingActivityController}( 4313): onEntryUpdated and OA data is empty. So update latest task info
06-20 22:13:01.368 D/ActivityManager( 2843): unpendingScheduleServiceRestart: u=10332, drop=false
06-20 22:13:01.368 I/HoneySpace.NotificationListener( 4771): onNotificationPosted com.spectre.companion: 0|com.spectre.companion|4201|null|10498: 0
06-20 22:13:01.368 I/HoneySpace.NotificationListener( 4771): invalid notification: com.spectre.companion UserHandle{0}: canShowBadge is false
06-20 22:13:01.369 I/HoneySpace.PackageEventOperator( 4771): [AbsFolderViewModel|19817] badge count is updated. com.spectre.companion/.MainActivity#UserHandle{0}|46197 : 0
06-20 22:13:01.369 I/LocSvc_ApiV02( 1802): adjustLocClientEventMask:940] oldQmiMask=0xe02206060a24b qmiMask=0xd00206060a248 mInSession: 0, power state 0, retry queue empty 1, mEngineOn: 0, qmi mask has engine state 0
06-20 22:13:01.369 I/LocSvc_api_v02( 1802): ---> locClientSendReq line 2409 QMI_LOC_REG_EVENTS_REQ_V02
06-20 22:13:01.369 I/HoneySpace.PackageEventOperator( 4771): [ApplistViewModel] badge count is updated. com.spectre.companion/.MainActivity#UserHandle{0}|46197 : 0
06-20 22:13:01.369 D/FreecessController( 2843): UFZ : com.samsung.android.game.gamehome(10332) [8041] reason: Binder(1)-android.service.notification.INotificatio
06-20 22:13:01.370 I/LocSvc_ApiV02( 1802): <--- globalEventCb line 360 QMI_LOC_EVENT_REPORT_IND_V02
06-20 22:13:01.370 I/LocSvc_LocApiBase( 1802): setQwesFeatureStatus:247] Feature : 20 isValid: 0
06-20 22:13:01.370 I/LocSvc_LocApiBase( 1802): setQwesFeatureStatus:247] Feature : 8 isValid: 0
06-20 22:13:01.370 I/LocSvc_LocApiBase( 1802): setQwesFeatureStatus:247] Feature : 7 isValid: 0
06-20 22:13:01.370 I/LocSvc_LocApiBase( 1802): setQwesFeatureStatus:247] Feature : 17 isValid: 1
06-20 22:13:01.370 I/LocSvc_LocApiBase( 1802): setQwesFeatureStatus:247] Feature : 6 isValid: 1
06-20 22:13:01.370 I/LocSvc_LocApiBase( 1802): setQwesFeatureStatus:247] Feature : 5 isValid: 1
06-20 22:13:01.370 I/LocSvc_LocApiBase( 1802): setQwesFeatureStatus:247] Feature : 4 isValid: 1
06-20 22:13:01.370 I/LocSvc_LocApiBase( 1802): setQwesFeatureStatus:247] Feature : 3 isValid: 0
06-20 22:13:01.370 I/LocSvc_LocApiBase( 1802): setQwesFeatureStatus:247] Feature : 13 isValid: 0
06-20 22:13:01.370 I/LocSvc_LocApiBase( 1802): setQwesFeatureStatus:247] Feature : 2 isValid: 1
06-20 22:13:01.370 I/LocSvc_LocApiBase( 1802): setQwesFeatureStatus:247] Feature : 1 isValid: 0
06-20 22:13:01.370 I/LocSvc_GnssAdapter( 1802): ReportQwesFeatureStatus before caps 17001a7fff 
06-20 22:13:01.370 I/LocSvc_GnssAdapter( 1802): ReportQwesFeatureStatus after caps 17001a7fff 
06-20 22:13:01.370 W/LocationManagerService( 2843): onFreezeStateChanged, uid[10332]=false
06-20 22:13:01.370 I/android.hardware.gnss-aidl-service-qti( 1802): registerEventMask:  mMask: 0x168838244253 mQmiMask=0xd00206060a248 qmiMask=0xd00206060a248
06-20 22:13:01.370 I/LocSvc_ApiV02( 1802): registerEventMask:829] mMask: 0x168838244253 mQmiMask=0xd00206060a248 qmiMask=0xd00206060a248
06-20 22:13:01.370 I/LocSvc_api_v02( 1802): ---> locClientSendReq line 2409 QMI_LOC_SET_TRIBAND_STATE_REQ_V02
06-20 22:13:01.370 I/power_partial_wake_state( 2843): [DIS,162379070,2,CallbackRunner:com.google.android.gms(enabled),10270,4696,WorkSource{10270 com.google.android.gms}]
06-20 22:13:01.371 I/power_partial_wake_state( 2843): [REL,162379070,2,CallbackRunner:com.google.android.gms,10270,4696,WorkSource{10270 com.google.android.gms}]
06-20 22:13:01.371 I/PowerManagerService( 2843): [PWL] SetWakeLockEnableDisable uid = 10332 , disable= false
06-20 22:13:01.371 D/GnssManager( 2843): reportStatus : 2
06-20 22:13:01.371 I/PowerManagerService( 2843): [PWL] can not change uid =  10332
06-20 22:13:01.371 D/GnssManager( 2843): reportStatus : 4
06-20 22:13:01.371 V/GnssSatellitesUtil( 2843): onStopped
06-20 22:13:01.371 I/LocSvc_ApiV02( 1802): <--- globalRespCb line 385 QMI_LOC_SET_TRIBAND_STATE_REQ_V02
06-20 22:13:01.372 W/RefactorFlag( 4313): New code path expects SceneContainerFlag to be enabled.
06-20 22:13:01.372 D/ExpandableNotifRow( 4313): mMaxSmallHeight different before reInflateViews mMaxSmallHeight: 203 mTempSmallHeight:0 0|com.spectre.companion|4201|null|10498
06-20 22:13:01.372 D/ExpandableNotifRow( 4313): mMaxSmallHeight different before reInflateViews mMaxSmallHeight: 203 mTempSmallHeight:0 0|com.spectre.companion|4201|null|10498
06-20 22:13:01.372 I/LockscreenNotificationIconsOnlyController( 4313): onNotificationInfoUpdated 0
06-20 22:13:01.372 I/AODNotificationManager( 4313): updateNotification() 
06-20 22:13:01.373 D/LocalImageResolver( 4313): Couldn't use ImageDecoder for drawable, falling back to non-resized load.
06-20 22:13:01.374 D/LocalImageResolver( 4313): Couldn't use ImageDecoder for drawable, falling back to non-resized load.
06-20 22:13:01.375 I/Kumiho-Kumiho( 4313): getPackageName: com.samsung.android.app.routines
06-20 22:13:01.375 I/AppIconSolution( 4313): start to load, pkg=com.spectre.companion, bg=192-192, dr=135-135, forDefault=true, density=0
06-20 22:13:01.375 I/AppIconSolution( 4313): getIconScale, pkg=com.spectre.companion, size=135, iconScale=IconScale[alpha=0, scale=1.0, isCrop=true]
06-20 22:13:01.375 I/AppIconSolution( 4313): default container[CROP], pkg=com.spectre.companion, bg=135-135, dr=135-135, isNight = false
06-20 22:13:01.379 I/BLASTBufferQueue_Java(17932): update, w= 1080 h= 2340 mName = VRI[MainActivity]@d99b0f0 mNativeObject= 0xb4000078676a9430 sc.mNativeObject= 0xb4000077e76b0b10 format= -1 caller= android.view.ViewRootImpl.updateBlastSurfaceIfNeeded:3592 android.view.ViewRootImpl.relayoutWindow:11813 android.view.ViewRootImpl.performTraversals:4840 android.view.ViewRootImpl.doTraversal:3959 android.view.ViewRootImpl$TraversalRunnable.run:13034 android.view.Choreographer$CallbackRecord.run:1961 
06-20 22:13:01.379 I/WindowManager( 2843): Relayout Window{9b42fa1 u0 com.spectre.companion/com.spectre.companion.MainActivity}: viewVisibility=0 req=1080x2340 ty=1 d0
06-20 22:13:01.379 I/VRI[MainActivity]@d99b0f0(17932): Relayout returned: old=(0,0,1080,2340) new=(0,0,1080,2340) relayoutAsync=true req=(1080,2340)0 dur=0 res=0x0 s={true 0xb4000078376cf9e0} ch=false seqId=0
06-20 22:13:01.379 W/RefactorFlag( 4313): New code path expects SceneContainerFlag to be enabled.
06-20 22:13:01.379 I/VRI[MainActivity]@d99b0f0(17932): registerCallbackForPendingTransactions
06-20 22:13:01.379 I/SDM     ( 1829): AIScalerFeatureIntfImpl::LookupConfig: Scale ratio = 1.780000
06-20 22:13:01.379 I/SDM     ( 1829): AIScalerParserIntfImpl::LookupConfig: Scale Ratio Match Found Here
06-20 22:13:01.379 I/VRI[MainActivity]@d99b0f0(17932): mWNT: t=0xb4000076c76dd660 mBlastBufferQueue=0xb4000078676a9430 fn= 22 HdrRenderState mRenderHdrSdrRatio=1.0 caller= android.view.ViewRootImpl$10.onFrameDraw:6615 android.view.ViewRootImpl$4.onFrameDraw:2485 android.view.ThreadedRenderer$1.onFrameDraw:751 
06-20 22:13:01.380 I/WindowManager( 2843): Relayout hash=9b42fa1, pid=0, syncId=-1: mAttrs={(0,0)(fillxfill) sim={adjust=resize} layoutInDisplayCutoutMode=always ty=BASE_APPLICATION wanim=0x1030318
06-20 22:13:01.380 I/WindowManager( 2843):   fl=81810900
06-20 22:13:01.380 I/WindowManager( 2843):   pfl=10008840
06-20 22:13:01.380 I/WindowManager( 2843):   apr=10
06-20 22:13:01.380 I/WindowManager( 2843):   bhv=1
06-20 22:13:01.380 I/WindowManager( 2843):   fitSides=0
06-20 22:13:01.380 I/WindowManager( 2843):   frameRateBoostOnTouch=true
06-20 22:13:01.380 I/WindowManager( 2843):   dvrrWindowFrameRateHint=true naviIconColor=0
06-20 22:13:01.380 I/WindowManager( 2843):   sfl=100000}
06-20 22:13:01.382 D/ExpandableNotifRow( 4313): mMaxSmallHeight different before reInflateViews mMaxSmallHeight: 203 mTempSmallHeight:0 0|com.spectre.companion|4201|null|10498
06-20 22:13:01.382 D/ExpandableNotifRow( 4313): mMaxSmallHeight different before reInflateViews mMaxSmallHeight: 203 mTempSmallHeight:0 0|com.spectre.companion|4201|null|10498
06-20 22:13:01.382 D/ExpandableNotifRow( 4313): mMaxSmallHeight different before reInflateViews mMaxSmallHeight: 203 mTempSmallHeight:0 0|com.spectre.companion|4201|null|10498
06-20 22:13:01.382 D/ExpandableNotifRow( 4313): mMaxSmallHeight different before reInflateViews mMaxSmallHeight: 203 mTempSmallHeight:0 0|com.spectre.companion|4201|null|10498
06-20 22:13:01.382 D/View    ( 4313): semSetBlurInfo, blurInfo : android.view.SemBlurInfo@b080812 {BLUR_MODE_WINDOW, mBlurRadius = 300, mBackgroundBlurColor = 0, mCornerRadiusTL = 101.0, mCornerRadiusTR = 101.0, mCornerRadiusBL = 101.0, mCornerRadiusBR = 101.0, mClipRectLeft = 0, mClipRectTop = 0, mClipRectRight = 2147483647, mClipRectBottom = 2147483647, mColorCurve = android.view.SemBlurInfo$ColorCurve@4cd1be3 {minX = 15.0, minY = 169.6, maxX = 235.0, maxY = 246.1, curveBias = 30.0, saturation = 0.55}}, com.android.systemui.statusbar.notification.row.NotificationBackgroundView{55c0541 V.ED..... ......ID 0,0-1020,363 #7e0a016c com.android.systemui:id/backgroundNormal}
06-20 22:13:01.383 I/Kumiho-Kumiho( 4313): getPackageName: com.samsung.android.app.routines
06-20 22:13:01.383 I/AppIconSolution( 4313): start to load, pkg=com.spectre.companion, bg=192-192, dr=135-135, forDefault=true, density=0
06-20 22:13:01.383 I/AppIconSolution( 4313): getIconScale, pkg=com.spectre.companion, size=135, iconScale=IconScale[alpha=0, scale=1.0, isCrop=true]
06-20 22:13:01.383 I/AppIconSolution( 4313): default container[CROP], pkg=com.spectre.companion, bg=135-135, dr=135-135, isNight = false
06-20 22:13:01.387 I/SDM     ( 1829): AIScalerFeatureIntfImpl::LookupConfig: Scale ratio = 1.780000
06-20 22:13:01.387 I/SDM     ( 1829): AIScalerParserIntfImpl::LookupConfig: Scale Ratio Match Found Here
06-20 22:13:01.388 W/RefactorFlag( 4313): New code path expects SceneContainerFlag to be enabled.
06-20 22:13:01.388 D/ExpandableNotifRow( 4313): mMaxSmallHeight different before reInflateViews mMaxSmallHeight: 203 mTempSmallHeight:0 0|com.spectre.companion|4201|null|10498
06-20 22:13:01.388 D/ExpandableNotifRow( 4313): mMaxSmallHeight different before reInflateViews mMaxSmallHeight: 203 mTempSmallHeight:0 0|com.spectre.companion|4201|null|10498
06-20 22:13:01.388 I/LockscreenNotificationIconsOnlyController( 4313): onNotificationInfoUpdated 0
06-20 22:13:01.388 I/AODNotificationManager( 4313): updateNotification() 
06-20 22:13:01.416 I/vendor.qti.bluetooth@1.0-ibs_handler( 1798): ProcessIbsCmd: Received IBS_SLEEP_IND: 0xFE
06-20 22:13:01.465 I/SDM     ( 1829): DisplayBase::CommitThread: Received idle timeout, panel: cmd, timeout: 70000 us
06-20 22:13:01.474 D/SemWifiEleStateTracker( 2843): Pressure Diff: 4.272461E-4
06-20 22:13:01.474 D/SemWifiEleStateTracker( 2843): Barometer value: Prev 988.6773 Current 988.67773 mSmallBaroDetected : false
06-20 22:13:01.516 I/sensors-hal( 1803): handle_sns_client_event:327, [0][1397] mag_sample_cal(magcal_available:1): ts=158065877240 ns; cal = [-19.807186, -44.770271, -29.910324], uncal = [-20.827187, 66.769730, -245.730316], bias = [-1.020000, 111.540001, -215.819992], status=3, cal_id=2
06-20 22:13:01.544 I/NearbyMediums( 4696): No BLE Fast/GATT advertisements found in the latest cycle.
06-20 22:13:01.544 I/NearbyMediums( 4696): Current Tracked Scanning Clients are : {NearbyConnections.EnvironmentMonitor, NearbySharing, NearbyConnections.TxAdvertisement}
06-20 22:13:01.545 I/NearbyConnections( 4696): Processing lost BlePeripheral BlePeripheral{advertisement=BleAdvertisement { version=2, socketVersion=2, isFast=true, serviceIdHash=null, data=[ 0x23 0x50 0x45 0x49 0x4d 0x11 0x32 0xa3 0x26 0xb5 0x57 0x5a 0x24 0xcf 0xa0 0x34 0xf8 0xbb 0xd9 0xc8 0x61 0x72 0x4f ], deviceToken=[ 0xb6 0xe1 ], rxAdvertisement=null }, dctAdvertisement=null, address=null, psm=0, deviceToken=<ByteString@25d6f84 size=2 contents="\266\341">, isSecondProfile=false, rxInstantConnectionAdv=null}.
06-20 22:13:01.545 I/NearbyConnections( 4696): Lost BleEndpoint for BlePeripheral BlePeripheral{advertisement=BleAdvertisement { version=2, socketVersion=2, isFast=true, serviceIdHash=null, data=[ 0x23 0x50 0x45 0x49 0x4d 0x11 0x32 0xa3 0x26 0xb5 0x57 0x5a 0x24 0xcf 0xa0 0x34 0xf8 0xbb 0xd9 0xc8 0x61 0x72 0x4f ], deviceToken=[ 0xb6 0xe1 ], rxAdvertisement=null }, dctAdvertisement=null, address=null, psm=0, deviceToken=<ByteString@25d6f84 size=2 contents="\266\341">, isSecondProfile=false, rxInstantConnectionAdv=null} (with EndpointId PEIM and EndpointInfo [ 0x32 0xa3 0x26 0xb5 0x57 0x5a 0x24 0xcf 0xa0 0x34 0xf8 0xbb 0xd9 0xc8 0x61 0x72 0x4f ]).
06-20 22:13:01.546 I/NearbyConnections( 4696): ClientProxy(26138204) reporting onEndpointLost(PEIM)
06-20 22:13:01.547 I/NearbySharing( 4696): NearbySharing Internal event EndpointLost(endpointId=PEIM)
06-20 22:13:01.565 I/Telecom ( 2843): SamsungTelecomServiceImpl : isInManagedCall - callingPackage : android / callingUser : UserHandle{0} / hasCrossUserAccess : true
06-20 22:13:01.574 I/power_partial_wake_state( 2843): [DIS,103827239,214,NotificationManagerService:post:com.spectre.companion:android(enabled),1000,2843,WorkSource{10498 com.spectre.companion}]
06-20 22:13:01.574 D/Bubbles ( 4313): onEntryUpdated : shouldBubbleUp=false ,key=0|com.spectre.companion|4201|null|10498
06-20 22:13:01.574 I/power_partial_wake_state( 2843): [REL,103827239,214,NotificationManagerService:post:com.spectre.companion:android,1000,2843,WorkSource{10498 com.spectre.companion}]
06-20 22:13:01.574 I/sensors-hal( 1803): handle_sns_std_sensor_event:157, [881] Pressure 988.678, cal 0.146, sw_offset 0.000 (lsb(bit) 0x9f 0x90 0x60)
06-20 22:13:01.574 I/{OngoingActivityController}( 4313): onEntryUpdated and OA data is empty. So update latest task info
06-20 22:13:01.575 I/HoneySpace.NotificationListener( 4771): onNotificationPosted com.spectre.companion: 0|com.spectre.companion|4201|null|10498: 0
06-20 22:13:01.575 I/HoneySpace.NotificationListener( 4771): invalid notification: com.spectre.companion UserHandle{0}: canShowBadge is false
06-20 22:13:01.576 I/HoneySpace.PackageEventOperator( 4771): [AbsFolderViewModel|19817] badge count is updated. com.spectre.companion/.MainActivity#UserHandle{0}|46197 : 0
06-20 22:13:01.576 I/HoneySpace.PackageEventOperator( 4771): [ApplistViewModel] badge count is updated. com.spectre.companion/.MainActivity#UserHandle{0}|46197 : 0
06-20 22:13:01.580 W/RefactorFlag( 4313): New code path expects SceneContainerFlag to be enabled.
06-20 22:13:01.580 D/ExpandableNotifRow( 4313): mMaxSmallHeight different before reInflateViews mMaxSmallHeight: 203 mTempSmallHeight:0 0|com.spectre.companion|4201|null|10498
06-20 22:13:01.580 D/ExpandableNotifRow( 4313): mMaxSmallHeight different before reInflateViews mMaxSmallHeight: 203 mTempSmallHeight:0 0|com.spectre.companion|4201|null|10498
06-20 22:13:01.580 I/LockscreenNotificationIconsOnlyController( 4313): onNotificationInfoUpdated 0
06-20 22:13:01.580 I/AODNotificationManager( 4313): updateNotification() 
06-20 22:13:01.583 D/LocalImageResolver( 4313): Couldn't use ImageDecoder for drawable, falling back to non-resized load.
06-20 22:13:01.584 D/LocalImageResolver( 4313): Couldn't use ImageDecoder for drawable, falling back to non-resized load.
06-20 22:13:01.586 I/Kumiho-Kumiho( 4313): getPackageName: com.samsung.android.app.routines
06-20 22:13:01.586 I/AppIconSolution( 4313): start to load, pkg=com.spectre.companion, bg=192-192, dr=135-135, forDefault=true, density=0
06-20 22:13:01.586 I/AppIconSolution( 4313): getIconScale, pkg=com.spectre.companion, size=135, iconScale=IconScale[alpha=0, scale=1.0, isCrop=true]
06-20 22:13:01.586 I/AppIconSolution( 4313): default container[CROP], pkg=com.spectre.companion, bg=135-135, dr=135-135, isNight = false
06-20 22:13:01.592 W/RefactorFlag( 4313): New code path expects SceneContainerFlag to be enabled.
06-20 22:13:01.599 D/ExpandableNotifRow( 4313): mMaxSmallHeight different before reInflateViews mMaxSmallHeight: 203 mTempSmallHeight:0 0|com.spectre.companion|4201|null|10498
06-20 22:13:01.599 D/ExpandableNotifRow( 4313): mMaxSmallHeight different before reInflateViews mMaxSmallHeight: 203 mTempSmallHeight:0 0|com.spectre.companion|4201|null|10498
06-20 22:13:01.599 D/ExpandableNotifRow( 4313): mMaxSmallHeight different before reInflateViews mMaxSmallHeight: 203 mTempSmallHeight:0 0|com.spectre.companion|4201|null|10498
06-20 22:13:01.599 D/ExpandableNotifRow( 4313): mMaxSmallHeight different before reInflateViews mMaxSmallHeight: 203 mTempSmallHeight:0 0|com.spectre.companion|4201|null|10498
06-20 22:13:01.599 D/View    ( 4313): semSetBlurInfo, blurInfo : android.view.SemBlurInfo@5fb17d0 {BLUR_MODE_WINDOW, mBlurRadius = 300, mBackgroundBlurColor = 0, mCornerRadiusTL = 101.0, mCornerRadiusTR = 101.0, mCornerRadiusBL = 101.0, mCornerRadiusBR = 101.0, mClipRectLeft = 0, mClipRectTop = 0, mClipRectRight = 2147483647, mClipRectBottom = 2147483647, mColorCurve = android.view.SemBlurInfo$ColorCurve@80ab3c9 {minX = 15.0, minY = 169.6, maxX = 235.0, maxY = 246.1, curveBias = 30.0, saturation = 0.55}}, com.android.systemui.statusbar.notification.row.NotificationBackgroundView{55c0541 V.ED..... ......ID 0,0-1020,363 #7e0a016c com.android.systemui:id/backgroundNormal}
06-20 22:13:01.601 I/Kumiho-Kumiho( 4313): getPackageName: com.samsung.android.app.routines
06-20 22:13:01.601 I/AppIconSolution( 4313): start to load, pkg=com.spectre.companion, bg=192-192, dr=135-135, forDefault=true, density=0
06-20 22:13:01.601 I/AppIconSolution( 4313): getIconScale, pkg=com.spectre.companion, size=135, iconScale=IconScale[alpha=0, scale=1.0, isCrop=true]
06-20 22:13:01.601 I/AppIconSolution( 4313): default container[CROP], pkg=com.spectre.companion, bg=135-135, dr=135-135, isNight = false
06-20 22:13:01.607 W/RefactorFlag( 4313): New code path expects SceneContainerFlag to be enabled.
06-20 22:13:01.607 D/ExpandableNotifRow( 4313): mMaxSmallHeight different before reInflateViews mMaxSmallHeight: 203 mTempSmallHeight:0 0|com.spectre.companion|4201|null|10498
06-20 22:13:01.607 D/ExpandableNotifRow( 4313): mMaxSmallHeight different before reInflateViews mMaxSmallHeight: 203 mTempSmallHeight:0 0|com.spectre.companion|4201|null|10498
06-20 22:13:01.607 I/LockscreenNotificationIconsOnlyController( 4313): onNotificationInfoUpdated 0
06-20 22:13:01.607 I/AODNotificationManager( 4313): updateNotification() 
06-20 22:13:01.623 I/vendor.qti.bluetooth@1.0-ibs_handler( 1798): DeviceSleep: TX Awake, Sending SLEEP_IND
06-20 22:13:01.623 D/vendor.qti.bluetooth@1.0-ibs_handler( 1798): SerialClockVote: vote for UART CLK OFF
06-20 22:13:01.635 D/io_stats( 1145): !@   8,0 r 384224 8762296 w 39898 588324 d 8922 327576 f 906 3712 iot 19084 0 th 0 0 0 pt 0 inp 0 0 158.230
06-20 22:13:01.646 I/GestureDetector( 2843): handleMessage TAP
06-20 22:13:01.647 I/GestureDetector( 2843): handleMessage TAP
06-20 22:13:01.774 D/vendor.qti.bluetooth@1.0-wake_lock( 1798): Release wakelock is released 
06-20 22:13:01.860 I/power_partial_wake_state( 2843): [DIS,242549341,500,Prevent Sleep by AssistantDelay:android(enabled),1000,2843,null]
06-20 22:13:01.861 I/power_partial_wake_state( 2843): [REL,242549341,500,Prevent Sleep by AssistantDelay:android,1000,2843,null]
06-20 22:13:01.865 D/BSOHChargingDataCollector( 2843):  BSOH Sys-servce ... 
06-20 22:13:01.865 D/BSOHChargingDataCollector( 2843): performBatteryWork++
06-20 22:13:01.865 D/BSOHChargingDataCollector( 2843): performBatteryWork battery com.android.server.bsoh.device.PrimeBattery@2209b88
06-20 22:13:01.865 D/BSOHChargingDataCollector( 2843): primeBatt readVoltage from sysFsBattVolt,  path : /sys/class/power_supply/battery/batt_voltage_now
06-20 22:13:01.875 D/BSOHChargingDataCollector( 2843): 0 	 BattData addData data : BattData { voltage:4.087, current:0.084375, soc:0.69, temperature:28.9, status:2, timestamp:1782011581875, voltage_chg:null}
06-20 22:13:01.875 D/BSOHChargingDataCollector( 2843): performBatteryWork--
06-20 22:13:01.889 D/SemWifiSwitchForIndividualAppsService( 2843): isSkipNetworkCondition - result:2
06-20 22:13:02.046 D/AppOpsPrivacyItemMonitor( 4313): showLocationSystemApps  AppOpItem(Op code=1, UID=10270, AttributionTag=com.google.android.gms.locationsharingreporter, Package name=com.google.android.gms, Paused=false)false)false)false)false)false)false)false)false)false)false)
06-20 22:13:02.046 D/AiAgentEffect( 4313): onPrivacyItemsChanged privacyItems.size = 1
06-20 22:13:02.047 D/AiAgentEffect( 4313): onPrivacyItemsChanged privacyItems isEmpty or found item is null
06-20 22:13:02.050 I/HoneySpace.StatusIconTracker( 4771): invokeEvent() called with: event = PrivacyInfo(visible=false)
06-20 22:13:02.055 W/View    ( 4313): requestLayout() improperly called by android.widget.FrameLayout{23f287b V.E...... ......I. 0,0-1080,2340 #14} during layout: running second layout pass
06-20 22:13:02.056 W/View    ( 4313): requestLayout() improperly called by com.android.systemui.qs.QSTouchAwareFrameLayout{d5be698 V.E...... ......ID 0,164-1080,2340 #7e0a0a4c com.android.systemui:id/qs_frame} during layout: running second layout pass
06-20 22:13:02.056 W/RefactorFlag( 4313): New code path expects SceneContainerFlag to be enabled.
06-20 22:13:02.089 D/NetdEventListenerService( 2843): CSC Feature value: true
06-20 22:13:02.089 D/NetdEventListenerService( 2843): CSC Feature value: true
06-20 22:13:02.090 D/TrafficStateDatabaseController( 2843): onDnsEvent():  objTrafficStats.size= 149, mInsertList= true
06-20 22:13:02.090 D/NetdEventListenerService( 2843): DNS Requested by 100, 10400(com.venmo), SUCCESS, 1ms
06-20 22:13:02.091 D/NetdEventListenerService( 2843): DNS Requested by 100, 10400(com.venmo), SUCCESS, 0ms
06-20 22:13:02.092 I/service_manager_stats( 3938): [100,1,34248]
06-20 22:13:02.092 D/TelephonyManager( 2843): getAllCellInfo / caller PID: 2843, UID: 1000, TID: 5827
06-20 22:13:02.093 E/AppOps  ( 2843): Bad call made by uid 1001. Package "com.android.phone" does not belong to uid 1000.
06-20 22:13:02.093 E/AppOps  ( 2843): Cannot noteOperation: non-application UID 1000
06-20 22:13:02.094 D/TelephonyManager( 2843): getAllCellInfo / caller PID: 2843, UID: 1000, TID: 5827
06-20 22:13:02.096 D/TrafficStateDatabaseController( 2843): onDnsEvent():  objTrafficStats.size= 150, mInsertList= true
06-20 22:13:02.097 D/TelephonyManager( 2843): getAllCellInfo / caller PID: 2843, UID: 1000, TID: 5827
06-20 22:13:02.097 D/TelephonyManager( 2843): getAllCellInfo / caller PID: 2843, UID: 1000, TID: 5827
06-20 22:13:02.122 E/BatteryStatsService( 2843): Invalid uid for waking network packet: -1
06-20 22:13:02.360 I/sensors-hal( 1803): handle_sns_client_event:379, [0][13396] accel_sample [-0.223,  0.007,  9.715] 158933467032
06-20 22:13:02.473 E/AppOps  ( 2843): Bad call made by uid 1001. Package "com.android.phone" does not belong to uid 1000.
06-20 22:13:02.474 E/AppOps  ( 2843): Cannot noteOperation: non-application UID 1000
06-20 22:13:02.788 D/ActivityManager( 2843): freezing 7112 com.samsung.android.scpm
06-20 22:13:02.791 I/am_freeze( 2843): [7112,com.samsung.android.scpm]
06-20 22:13:02.791 D/ActivityManager( 2843): FCA:FCA recordedFileRss = 62076, and changeinRss = 6656
06-20 22:13:02.795 D/InetDiagMessage( 2843): Destroyed 0 sockets, proto=IPPROTO_TCP, family=AF_INET, states=14
06-20 22:13:02.799 D/InetDiagMessage( 2843): Destroyed 1 sockets, proto=IPPROTO_TCP, family=AF_INET6, states=14
06-20 22:13:02.799 D/InetDiagMessage( 2843): Destroyed live tcp sockets for uids={5009} in 7ms
06-20 22:13:02.850 I/HYPER-HAL( 1810): [RequestManager.cpp]releaseLocked(): Released ID : 24819567
06-20 22:13:02.851 I/HYPER-HAL( 1810): [RequestManager.cpp]releaseLocked(): Released ID : 24812521
06-20 22:13:02.866 D/BSOHChargingDataCollector( 2843):  BSOH Sys-servce ... 
06-20 22:13:02.866 D/BSOHChargingDataCollector( 2843): performBatteryWork++
06-20 22:13:02.866 D/BSOHChargingDataCollector( 2843): performBatteryWork battery com.android.server.bsoh.device.PrimeBattery@2209b88
06-20 22:13:02.866 D/BSOHChargingDataCollector( 2843): primeBatt readVoltage from sysFsBattVolt,  path : /sys/class/power_supply/battery/batt_voltage_now
06-20 22:13:02.877 D/BSOHChargingDataCollector( 2843): 0 	 BattData addData data : BattData { voltage:4.088, current:0.235156, soc:0.69, temperature:28.9, status:2, timestamp:1782011582877, voltage_chg:null}
06-20 22:13:02.877 D/BSOHChargingDataCollector( 2843): performBatteryWork--
06-20 22:13:02.898 D/SemWifiSwitchForIndividualAppsService( 2843): isSkipNetworkCondition - result:2
06-20 22:13:02.905 D/InetDiagMessage( 2843): Destroyed 0 sockets, proto=IPPROTO_TCP, family=AF_INET, states=14
06-20 22:13:02.908 D/InetDiagMessage( 2843): Destroyed 0 sockets, proto=IPPROTO_TCP, family=AF_INET6, states=14
06-20 22:13:02.908 D/InetDiagMessage( 2843): Destroyed live tcp sockets for uids={10324} in 6ms
06-20 22:13:02.911 D/InetDiagMessage( 2843): Destroyed 0 sockets, proto=IPPROTO_TCP, family=AF_INET, states=14
06-20 22:13:02.913 D/InetDiagMessage( 2843): Destroyed 0 sockets, proto=IPPROTO_TCP, family=AF_INET6, states=14
06-20 22:13:02.913 D/InetDiagMessage( 2843): Destroyed live tcp sockets for uids={20324} in 5ms
06-20 22:13:03.002 D/HeatmapThread( 1931): Updated plugType via uevent: 2
06-20 22:13:03.005 E/BatteryDump( 1873): !@new_battery_dump : 4088,235,300,550,69,289,267,322,289,0,311,322,0,Charging,NO_CHARGING,Normal,Good,USB,1,Normal,0,0,9300,0x8000,0x10010000,0x0,0,0,236,v0002,0000,0000,00000000,0,0,0,0,106,4086,6878,990,0,
06-20 22:13:03.007 I/seh_thermal_service( 1886): getTemperaturesWithType SehTemperatureType: 3
06-20 22:13:03.007 I/sehhealth-service( 1873): updateLrpSysfs: write: 309
06-20 22:13:03.007 V/[SS]SleepChargingTimeController( 2843): [isActivated]mSleepChargingStatus isNowSessionTime False => false
06-20 22:13:03.076 D/ActivityManager( 2843): freezing 9409 com.samsung.android.vtcamerasettings
06-20 22:13:03.078 I/am_freeze( 2843): [9409,com.samsung.android.vtcamerasettings]
06-20 22:13:03.081 D/ActivityManager( 2843): freezing 16202 com.android.settings:QuickSettingsTile
06-20 22:13:03.081 I/am_freeze( 2843): [16202,com.android.settings:QuickSettingsTile]
06-20 22:13:03.365 I/sensors-hal( 1803): handle_sns_client_event:202, auto_rotation_debug_2 mode,255, type,1,0 acc,-0.206,0.024,9.715, ar,0, ver,15, pedo,1,e,1,i,3
06-20 22:13:03.481 D/SemWifiUsabilityStatsMonitor( 2843): onWifiUsabilityStats - seqNum 47, isSameBssidAndFreq true
06-20 22:13:03.481 D/ConnectivityService( 2843): notifyType CALLBACK_CAP_CHANGED for [100 WIFI]
06-20 22:13:03.482 I/EPDG-1 [WifiProfiler]( 4085): handleWifiRssiIntent, rssi=-61
06-20 22:13:03.483 I/EPDG-1 [WifiProfiler]( 4085): isProfiling, hash=228050529, started=true
06-20 22:13:03.484 W/JobService(15680): onNetworkChanged() not implemented in androidx.work.impl.background.systemjob.SystemJobService. Must override in a subclass.
06-20 22:13:03.485 W/JobService(15680): onNetworkChanged() not implemented in androidx.work.impl.background.systemjob.SystemJobService. Must override in a subclass.
06-20 22:13:03.485 W/JobService(15680): onNetworkChanged() not implemented in androidx.work.impl.background.systemjob.SystemJobService. Must override in a subclass.
06-20 22:13:03.485 W/JobService(15680): onNetworkChanged() not implemented in androidx.work.impl.background.systemjob.SystemJobService. Must override in a subclass.
06-20 22:13:03.485 I/WifiPickerTracker( 4313): DefaultNetworkCallback : onCapabilitiesChanged
06-20 22:13:03.485 I/WifiPickerTracker( 4313): NetworkCallback : onCapabilitiesChanged
06-20 22:13:03.485 D/WifiPickerTracker( 4313): updateWifiEntries capabilities
06-20 22:13:03.486 I/EPDG-1 [LogMetrics]( 4085): set, type=WIFI_RSSI_LAST, value=-61
06-20 22:13:03.486 I/EPDG-1 [WifiProfiler]( 4085): isProfiling, hash=228050529, started=true
06-20 22:13:03.486 I/EPDG-1 [WifiProfiler]( 4085): Rssi : -61 highrange : -71 lowrange : -80 mIsRssiInHystersis : false
06-20 22:13:03.486 I/EPDG-1 [WifiProfiler]( 4085): Rssi : -61 highrange : -71 lowrange : -80 mIsRssiInHystersis : false
06-20 22:13:03.486 I/EPDG-1 [Subscription]( 4085): isEpdgAvailable, IwlanPsState=2/2
06-20 22:13:03.486 I/EPDG-1 [WifiProfiler]( 4085): getHandoverThresholdMet: value is: false
06-20 22:13:03.486 D/TelephonyCountryDetector( 3938): onCapabilitiesChanged: [ Transports: WIFI Capabilities: NOT_METERED&INTERNET&NOT_RESTRICTED&TRUSTED&NOT_VPN&VALIDATED&NOT_ROAMING&FOREGROUND&NOT_CONGESTED&NOT_SUSPENDED&NOT_VCN_MANAGED&NOT_BANDWIDTH_CONSTRAINED LinkUpBandwidth>=32903Kbps LinkDnBandwidth>=85889Kbps TransportInfo: <SSID: <unknown ssid>, BSSID: 02:00:00:00:00:00, MAC: 02:00:00:00:00:00, IP: /192.168.0.161, Security type: 2, Supplicant state: COMPLETED, Wi-Fi standard: 11ax, RSSI: -61, Link speed: 864Mbps, Tx Link speed: 864Mbps, Max Supported Tx Link speed: 2401Mbps, Rx Link speed: 432Mbps, Max Supported Rx Link speed: 2401Mbps, Frequency: 5180MHz, Net ID: -1, Metered hint: false, score: 60, isUsable: true, CarrierMerged: false, SubscriptionId: -1, IsPrimary: 1, Trusted: true, Restricted: false, Ephemeral: false, OEM paid: false, OEM private: false, OSU AP: false, FQDN: <none>, Provider friendly name: <none>, Requesting package name: <none><none>MLO Information: , Is TID-To-Link negotiation supported by the AP: false, AP MLD Address: <none>, AP MLO Link Id: <none>, AP MLO Affiliated links: <none>, Vendor Data: <none>> SignalStrength: -61 SSID: "Nothing But Net" UnderlyingNetworks: Null]
06-20 22:13:03.486 D/TelephonyCountryDetector( 3938): isWifiConnected: true
06-20 22:13:03.486 D/txpwrJni( 4268): sendNetworkInfo start
06-20 22:13:03.486 D/txpwrJni( 4268): sendNetworkInfo RatType 0
06-20 22:13:03.487 D/ConnectivityManager( 4696): StackLog: [android.net.ConnectivityManager.sendRequestForNetwork(ConnectivityManager.java:4744)] [android.net.ConnectivityManager.sendRequestForNetwork(ConnectivityManager.java:4912)] [android.net.ConnectivityManager.registerNetworkCallback(ConnectivityManager.java:5329)] [android.net.ConnectivityManager.registerNetworkCallback(ConnectivityManager.java:5299)] [drye.a(:com.google.android.gms@262233035@26.22.33 (260400-932714197):34)] [lks.a(:com.google.android.gms@262233035@26.22.33 (260400-932714197):19)] [dryq.j(:com.google.android.gms@262233035@26.22.33 (260400-932714197):19)] [dryq.O(:com.google.android.gms@262233035@26.22.33 (260400-932714197):14)] [dryq.K(:com.google.android.gms@262233035@26.22.33 (260400-932714197):7)] [dryq.I(:com.google.android.gms@262233035@26.22.33 (260400-932714197):23)] [dryi.run(:com.google.android.gms@262233035@26.22.33 (260400-932714197):9)] [blbz.c(:com.google.android.gms@262233035@26.22.33 (260400-932714197):50)] [blbz.run(:com.google.android.gms@262233035@26.22.33 (260400-932714197):66)] [java.util.concurrent.ThreadPoolExecutor.runWorker(ThreadPoolExecutor.java:1100)] [java.util.concurrent.ThreadPoolExecutor$Worker.run(ThreadPoolExecutor.java:624)] [blhs.run(:com.google.android.gms@262233035@26.22.33 (260400-932714197):8)] [java.lang.Thread.run(Thread.java:1572)]
06-20 22:13:03.487 D/TelephonyCountryDetector( 3938): handleEventWifiConnectivityStateChanged: true
06-20 22:13:03.487 D/TelephonyCountryDetector( 3938): getCurrentNetworkCountryIso: invalid countryIso= for phoneId=0, subId=-1
06-20 22:13:03.488 D/TelephonyCountryDetector( 3938): Location update was not requested yet
06-20 22:13:03.488 I/HBD     ( 6802): i onCapabilitiesChanged network : 100 current network state : wifi 
06-20 22:13:03.489 I/BugleRcsEngine( 6904): Connected state: [1], networkType: [WIFI] [CONTEXT thread_id=60 ]
06-20 22:13:03.489 I/BugleRcsEngine( 6904): handleMessage processing message:[NOTIFY_UPTIME_IGNORE_STATE_CHANGED] with [non-null]:RcsEngineImpl reference [CONTEXT log_prefix="RcsEngineImpl[DUAL_REG]:[5fc0f91c-be67]>Handler" thread_id=62 ]
06-20 22:13:03.489 D/ConnectivityManager( 4696): StackLog: [android.net.ConnectivityManager.unregisterNetworkCallback(ConnectivityManager.java:5579)] [dryq.j(:com.google.android.gms@262233035@26.22.33 (260400-932714197):43)] [dryq.O(:com.google.android.gms@262233035@26.22.33 (260400-932714197):14)] [dryq.K(:com.google.android.gms@262233035@26.22.33 (260400-932714197):7)] [dryq.I(:com.google.android.gms@262233035@26.22.33 (260400-932714197):23)] [dryi.run(:com.google.android.gms@262233035@26.22.33 (260400-932714197):9)] [blbz.c(:com.google.android.gms@262233035@26.22.33 (260400-932714197):50)] [blbz.run(:com.google.android.gms@262233035@26.22.33 (260400-932714197):66)] [java.util.concurrent.ThreadPoolExecutor.runWorker(ThreadPoolExecutor.java:1100)] [java.util.concurrent.ThreadPoolExecutor$Worker.run(ThreadPoolExecutor.java:624)] [blhs.run(:com.google.android.gms@262233035@26.22.33 (260400-932714197):8)] [java.lang.Thread.run(Thread.java:1572)]
06-20 22:13:03.490 D/SGM:GameManager( 2843): identifyGamePackage. com.spectre.companion, mCurrentUserId: 0, callingMethodInfo: com.samsung.android.game.SemGameManager.isGamePackage(SemGameManager.java:106)
06-20 22:13:03.490 D/SGM:SemGameManager( 2843): isGamePackage(), pkgName=com.spectre.companion, ret=false
06-20 22:13:03.490 I/NullBinder( 4696): NullBinder for android.net.action.RECOMMEND_NETWORKS triggering remote TransactionTooLargeException due to Service without Chimera impl, calling uid: 1000, calling pid: 0
06-20 22:13:03.490 W/libbinder.Binder( 4696): Large reply transaction of 1056768 bytes, interface descriptor , code 1, flags 17
06-20 22:13:03.490 I/NearbyMediums( 4696): Wifi changed new SSID: "Nothing But Net"
06-20 22:13:03.490 D/ConnectivityService( 2843): Rematched networks [computed 0ms] [applied 1ms] [issued 1]
06-20 22:13:03.490 D/ConnectivityService( 2843): NetworkReassignment : no changes
06-20 22:13:03.490 I/NearbyMediums( 4696): WifiLanConnectivityInfo is not changed, skip notify.
06-20 22:13:03.490 D/WifiPickerTracker( 4313): update AutoHotspot Entries() : bleAccessPoints -> 0
06-20 22:13:03.490 D/WifiPickerTracker( 4313): update AutoHotspotMcf Entries() : bleAccessPoints -> 0
06-20 22:13:03.490 D/WifiPickerTracker( 4313): handleNetworkCapabilitiesChanged
06-20 22:13:03.490 D/WifiInteractor( 4313): get wifiIconGroup ePDGConnected : false
06-20 22:13:03.490 D/WifiInteractor( 4313): get wifiIconGroup ePDGConnected : false
06-20 22:13:03.491 I/HoneySpace.StatusIconTracker( 4771): invokeEvent() called with: event = Wifi(visible=true, resId=2114459812, activityId=0)
06-20 22:13:03.491 I/HoneySpace.StatusIconTracker( 4771): invokeEvent() called with: event = Wifi(visible=true, resId=2114459812, activityId=0)
06-20 22:13:03.491 D/SemWifiApNsd:Client( 2843): lpInterface:wlan0
06-20 22:13:03.491 I/WifiConnectivityMonitor.NCC( 2843): sNetworkCallback(oCC) FULL : 100(valid: true/captive: false)
06-20 22:13:03.491 D/SemApeService( 2843): Deducted link capacity (M: R=302 T=604) RSSI=-61
06-20 22:13:03.491 I/WifiConnectivityMonitor.NCC( 2843): [ Transports: WIFI Capabilities: NOT_METERED&INTERNET&NOT_RESTRICTED&TRUSTED&NOT_VPN&VALIDATED&NOT_ROAMING&FOREGROUND&NOT_CONGESTED&NOT_SUSPENDED&NOT_VCN_MANAGED&NOT_BANDWIDTH_CONSTRAINED LinkUpBandwidth>=32903Kbps LinkDnBandwidth>=85889Kbps TransportInfo: <SSID: <unknown ssid>, BSSID: 02:00:00:**:**:00, MAC: 02:00:00:**:**:00, IP: /192.***.*.161, Security type: 2, Supplicant state: COMPLETED, Wi-Fi standard: 11ax, RSSI: -61, Link speed: 864Mbps, Tx Link speed: 864Mbps, Max Supported Tx Link speed: 2401Mbps, Rx Link speed: 432Mbps, Max Supported Rx Link speed: 2401Mbps, Frequency: 5180MHz, Net ID: -1, Metered hint: false, score: 60, isUsable: true, CarrierMerged: false, SubscriptionId: -1, IsPrimary: 1, Trusted: true, Restricted: false, Ephemeral: false, OEM paid: false, OEM private: false, OSU AP: false, FQDN: <none>, Provider friendly name: <none>, Requesting package name: <none><none>MLO Information: , Is TID-To-Link negotiation supported by the AP: false, AP MLD Address: <none>, AP MLO Link Id: <none>, AP MLO Affiliated links: <none>, Vendor Data: <none>> SignalStrength: -61 AdminUids: [1000] SSID: "Nothing But Net" UnderlyingNetworks: Null]
06-20 22:13:03.491 D/SemApeService( 2843): Deducted link capacity (M: R=302 T=604) on (wlan0) GoogleAPI(M: R=85 T=32) RSSI=-61 isDefault=false isMlo=false
06-20 22:13:03.491 D/[STDP]UsdController( 2843): onCapabilitiesChanged SSID: <unknown ssid>, BSSID: 02:00:00:00:00:00, MAC: 02:00:00:00:00:00, IP: /192.168.0.161, Security type: 2, Supplicant state: COMPLETED, Wi-Fi standard: 11ax, RSSI: -61, Link speed: 864Mbps, Tx Link speed: 864Mbps, Max Supported Tx Link speed: 2401Mbps, Rx Link speed: 432Mbps, Max Supported Rx Link speed: 2401Mbps, Frequency: 5180MHz, Net ID: -1, Metered hint: false, score: 60, isUsable: true, CarrierMerged: false, SubscriptionId: -1, IsPrimary: 1, Trusted: true, Restricted: false, Ephemeral: false, OEM paid: false, OEM private: false, OSU AP: false, FQDN: <none>, Provider friendly name: <none>, Requesting package name: <none><none>MLO Information: , Is TID-To-Link negotiation supported by the AP: false, AP MLD Address: <none>, AP MLO Link Id: <none>, AP MLO Affiliated links: <none>, Vendor Data: <none>
06-20 22:13:03.492 D/[STDP]NetworkInfoCollector( 2843): onCapabilitiesChanged - SSID: <unknown ssid>, BSSID: 02:00:00:00:00:00, MAC: 02:00:00:00:00:00, IP: /192.168.0.161, Security type: 2, Supplicant state: COMPLETED, Wi-Fi standard: 11ax, RSSI: -61, Link speed: 864Mbps, Tx Link speed: 864Mbps, Max Supported Tx Link speed: 2401Mbps, Rx Link speed: 432Mbps, Max Supported Rx Link speed: 2401Mbps, Frequency: 5180MHz, Net ID: -1, Metered hint: false, score: 60, isUsable: true, CarrierMerged: false, SubscriptionId: -1, IsPrimary: 1, Trusted: true, Restricted: false, Ephemeral: false, OEM paid: false, OEM private: false, OSU AP: false, FQDN: <none>, Provider friendly name: <none>, Requesting package name: <none><none>MLO Information: , Is TID-To-Link negotiation supported by the AP: false, AP MLD Address: <none>, AP MLO Link Id: <none>, AP MLO Affiliated links: <none>, Vendor Data: <none>
06-20 22:13:03.492 D/SemWifiApTrafficPriority( 2843): onCapabilitiesChanged Wifi:wlan0,mGapiValue:85.889Uplink: 32.903
06-20 22:13:03.493 I/sensors-hal( 1803): handle_sns_std_sensor_event:157, [893] Pressure 988.677, cal 0.146, sw_offset 0.000 (lsb(bit) 0x94 0x90 0x60)
06-20 22:13:03.501 I/SurfaceFlinger( 1939): Current= 120, Period= 120, Distance= 0
06-20 22:13:03.502 I/SDM     ( 1829): AIScalerFeatureIntfImpl::LookupConfig: Scale ratio = 1.780000
06-20 22:13:03.502 I/SDM     ( 1829): AIScalerParserIntfImpl::LookupConfig: Scale Ratio Match Found Here
06-20 22:13:03.509 I/sensors-hal( 1803): handle_sns_std_sensor_event:127, [SSC_LIGHT] A: 0(0),c:0,b:27,m:13,cl:0,l:0,s:0,l0:32,l1:0,s0:0,s1:0,acl:1,opr:0.07,f(r):90,u(bl):100,if:90,wi:0,si:0,0(N:0)
06-20 22:13:03.509 I/sensors-hal( 1803): handle_sns_std_sensor_event:409, [SSC_LIGHT] P: 0(0),c:0,b:27,m:13,cl:0,l:0,s:0,l0:32,l1:0,s0:0,s1:0,acl:1,opr:0.07,f(r):90,u(bl):100,if:90,wi:0,si:0,0(N:0)
06-20 22:13:03.509 I/SurfaceFlinger( 1939): Current= 120, Period= 120, Distance= 120
06-20 22:13:03.516 I/sensors-hal( 1803): handle_sns_client_event:327, [0][1417] mag_sample_cal(magcal_available:1): ts=160065877240 ns; cal = [-19.783760, -45.160843, -30.732330], uncal = [-20.803761, 66.379158, -246.552322], bias = [-1.020000, 111.540001, -215.819992], status=3, cal_id=2
06-20 22:13:03.518 D/SemWifiEleStateTracker( 2843): Pressure Diff: -6.713867E-4
06-20 22:13:03.518 D/SemWifiEleStateTracker( 2843): Barometer value: Prev 988.67773 Current 988.67706 mSmallBaroDetected : false
06-20 22:13:03.518 D/WifiConnectivityMonitor( 2843): HANDLE_ON_CAPABILITIES_CHANGED
06-20 22:13:03.518 I/SemWifiConfigManager( 2843): addOrUpdateNetwork "Nothing But Net"WPA_PSK (unchanged)
06-20 22:13:03.518 D/WifiConnectivityMonitor( 2843): "Nothing But Net"WPA_PSK markRssiAtInvalidated : -127 time=0
06-20 22:13:03.518 I/WifiConnectivityMonitor( 2843): determineMode : MODE_AGG_BY_SWITCH_TO_MOBILE_DATA_OPTION
06-20 22:13:03.518 D/OpenNetworkQos[4.00]( 2843): updateBssidNoInternet: mBssidNoInternet = false
06-20 22:13:03.518 D/OpenNetworkQos[4.00]( 2843): getOpenNetworkQosNoInternetStatus: false
06-20 22:13:03.519 D/OpenNetworkQos[4.00]( 2843): getOpenNetworkQosScores: 0 20 0 
06-20 22:13:03.519 I/WifiProfileShare( 2843): network QoS data was changed (internet), updateQoSData networkType: true, qosData: false
06-20 22:13:03.519 V/WifiProfileShare.Caster( 2843): update wips network, size: 0
06-20 22:13:03.519 D/WifiConnectivityMonitor( 2843): VALIDATED_DETECTED
06-20 22:13:03.519 D/WifiProfileShare( 2843): nearby scanning settings run
06-20 22:13:03.519 D/WifiProfileShare( 2843): network score provider settings enabled
06-20 22:13:03.519 D/OpenNetworkQos[4.00]( 2843): getOpenNetworkQosScores: 0 20 0 
06-20 22:13:03.519 D/OpenNetworkQos[4.00]( 2843): getOpenNetworkQosNoInternetStatus: false
06-20 22:13:03.519 I/WifiProfileShare.Caster( 2843): current network type: 0, score: [0, 20, 0]
06-20 22:13:03.519 V/WifiProfileShare.Cache( 2843): update network score 60:83:e7:**:**:bc
06-20 22:13:03.520 D/WifiProfileShare.ScanMatcher( 2843): getMcfDataList size:2
06-20 22:13:03.520 I/WifiProfileShare.Caster( 2843): qos data was updated , before:type:QOS, pBssid:85:cf:dc, qosData:0f after:type:QOS, pBssid:85:cf:dc, qosData:0f
06-20 22:13:03.520 I/[MCFSDK_android_1.3.7026]_4_McfCasterImpl( 2843): isNetworkEnabled - type : 1 ret : true
06-20 22:13:03.520 D/WifiProfileShare.McfCast( 2843): -ME--- mIsNetworkEnabled :true
06-20 22:13:03.520 D/WifiProfileShare.McfCast( 2843): updateQoSData ignored, same contents
06-20 22:13:03.520 D/WifiProfileShare.MCF( 2843): success update QosData !
06-20 22:13:03.520 I/[MCFSDK_android_1.3.7026]_4_McfCasterImpl( 2843): isNetworkEnabled - type : 1 ret : true
06-20 22:13:03.520 D/WifiProfileShare.McfCast( 2843): -ME--- mIsNetworkEnabled :true
06-20 22:13:03.520 D/WifiProfileShare.McfCast( 2843): -ME--- updatePasswordDate pwdData size:2
06-20 22:13:03.573 I/SDM     ( 1829): DisplayBase::CommitThread: Received idle timeout, panel: cmd, timeout: 70000 us
06-20 22:13:03.589 I/HBD     ( 6802): i onCapabilityChanged  setNetworkState currentNetworkState : wifi 
06-20 22:13:03.589 I/HBD     ( 6802): f LogTag.TAG_LMDOWNLOAD network status is changed.
06-20 22:13:03.636 D/io_stats( 1145): !@   8,0 r 384340 8763324 w 39902 588340 d 8922 327576 f 906 3712 iot 19104 0 th 0 0 0 pt 0 inp 0 0 160.231
06-20 22:13:03.636 D/io_stats( 1145): !@ Read_top(KB): .gms.persistent:high(4696) 640 kworker/u17:4:/(384) 360 droid.apps.maps:low(19939) 208
06-20 22:13:03.636 D/io_stats( 1145): !@ Write_top(KB): kworker/u17:4:/(384) 5160 ectre.companion:top(17932) 568 vendor.samsung.:normal(1873) 8
06-20 22:13:03.636 D/io_stats( 1145): !@ fuse-log: WORST (0 18 0 2 0) (2000 3 0 2 0) (2000 4 0 1 0) TOTAL_LATENCY (0 0 18 0 2) (2000 0 3 0 2 4 0 1 14 0 2) TOTAL_CNT (2000 9 3 2 14 2 25 2) (0 2 18 2) 
06-20 22:13:03.660 I/[ContinuitySDK_2.0.0012]_VersionUtil( 7166): initSupportFeatures - serviceVersionCode - 200218000, mSupportFeatures - 8187
06-20 22:13:03.660 W/[ContinuitySDK_2.0.0012]_PermissionUtil( 7166): hasPermissions - android.permission.BLUETOOTH_SCAN not granted
06-20 22:13:03.660 W/[ContinuitySDK_2.0.0012]_PermissionUtil( 7166): hasPermissions - android.permission.BLUETOOTH_CONNECT not granted
06-20 22:13:03.660 W/[ContinuitySDK_2.0.0012]_PermissionUtil( 7166): hasPermissions - android.permission.BLUETOOTH_ADVERTISE not granted
06-20 22:13:03.660 W/[ContinuitySDK_2.0.0012]_PermissionUtil( 7166): hasPermissions - android.permission.NEARBY_WIFI_DEVICES not granted
06-20 22:13:03.660 I/AutoHotspotMde:Adapter( 7166): trying to bind,val:900
06-20 22:13:03.660 I/[ContinuitySDK_2.0.0012]_ContinuityAdapterImpl( 7166): initialize - INIT_SUCCESS
06-20 22:13:03.660 I/[ContinuitySDK_2.0.0012]_ExecutorUtil( 7166): start - sIsStarted = false
06-20 22:13:03.660 I/[ContinuitySDK_2.0.0012]_ContinuityAdapterImpl( 7166): bindService - -
06-20 22:13:03.663 I/[ContinuitySDK_2.0.0012]_ContinuityAdapterImpl( 7166): bindService - start bindService
06-20 22:13:03.664 I/[ContinuitySDK_2.0.0012]_ContinuityAdapterImpl( 7166): isMainControllerStarted - main controller is not started -> try sync cloud
06-20 22:13:03.664 I/[MCFDs]_McfSyncMainController( 7079): registerSyncCloudCallback - appId: 4
06-20 22:13:03.664 I/[MCFDs]_McfSyncMainController( 7079): sendSyncCloudCallback - isStarted: false
06-20 22:13:03.664 W/[ContinuitySDK_2.0.0012]_ContinuityAdapterImpl( 7166): onCallback - fail to syncCloud
06-20 22:13:03.664 I/[ContinuitySDK_2.0.0012]_ContinuityAdapterImpl( 7166): unbindServiceImpl - -
06-20 22:13:03.666 I/[ContinuitySDK_2.0.0012]_ContinuityConnectionManager( 7166): closeServer - -
06-20 22:13:03.666 W/[ContinuitySDK_2.0.0012]_ContinuityCommandManager( 7166): internalCommand - null iContinuitySdkCommand
06-20 22:13:03.666 I/[ContinuitySDK_2.0.0012]_ContinuityConnectionManager( 7166): sendUpdateSessionInfoCommand - result=false
06-20 22:13:03.666 I/[ContinuitySDK_2.0.0012]_ContinuityStreamingManagerImpl( 7166): destroy - -
06-20 22:13:03.666 I/[ContinuitySDK_2.0.0012]_ContinuityStreamingManagerImpl( 7166): stopStreamingServer - in
06-20 22:13:03.666 I/[ContinuitySDK_2.0.0012]_ContinuityStreamingManagerImpl( 7166): stopStreamingClient - in
06-20 22:13:03.666 I/[ContinuitySDK_2.0.0012]_ContinuityMediaStreamClient( 7166): resetStreamArray - in
06-20 22:13:03.666 I/[ContinuitySDK_2.0.0012]_ContinuityMediaStreamClient( 7166): stopAllMediaStreams - in
06-20 22:13:03.666 I/[ContinuitySDK_2.0.0012]_ContinuityRtpStreamingCommandManagerImpl( 7166): unregisterMessageListener - -
06-20 22:13:03.667 E/AutoHotspotMde:Adapter( 7166): unregisterMessageListener, discoveryManager = null
06-20 22:13:03.667 E/AutoHotspotMde:MHS( 7166): setServiceBinded,false,stopping advertisement
06-20 22:13:03.667 I/[ContinuitySDK_2.0.0012]_ContinuityAdapterImpl( 7166): release - -
06-20 22:13:03.667 E/AutoHotspotMde:client( 7166): setServiceBinded,false,stopClientAdvertisement
06-20 22:13:03.667 I/[ContinuitySDK_2.0.0012]_ContinuityAdapterImpl( 7166): unbindServiceImpl - -
06-20 22:13:03.667 W/[ContinuitySDK_2.0.0012]_ContinuityAdapterImpl( 7166): unbindServiceImpl - invalid service state 0
06-20 22:13:03.667 I/[ContinuitySDK_2.0.0012]_ExecutorUtil( 7166): shutdown - sIsStarted = true
06-20 22:13:03.667 E/AutoHotspotMde:MHS( 7166): discoveryManager == null,stopAdvertisement
06-20 22:13:03.667 I/AutoHotspotMde:MHS( 7166): CMD_AH_STOP_ADVERTISE:return value:-5
06-20 22:13:03.668 I/AutoHotspotMde:Adapter( 7166): EVENT_BIND,isBound:false,isSamsungAccountSignedIn:true,isEnabledNearbyScanSettings:trueEVENT_BIND:true
06-20 22:13:03.689 I/vendor.qti.bluetooth@1.0-ibs_handler( 1798): ProcessIbsCmd: Received IBS_WAKE_IND: 0xFD
06-20 22:13:03.689 D/vendor.qti.bluetooth@1.0-ibs_handler( 1798): SerialClockVote: vote for UART CLK ON
06-20 22:13:03.689 D/vendor.qti.bluetooth@1.0-wake_lock( 1798): Acquire wakelock is acquired 
06-20 22:13:03.689 I/vendor.qti.bluetooth@1.0-ibs_handler( 1798): ProcessIbsCmd: Writing IBS_WAKE_ACK
06-20 22:13:03.698 I/ScanController( 4244): onScanResult to scannerId: 6- eventType=0x10, addressType=1, address=XX:XX:XX:XX:E7:EC, primaryPhy=1, secondaryPhy=0, advertisingSid=0xff, txPower=127, rssi=-90, periodicAdvInt=0x0
06-20 22:13:03.700 I/NearbyConnections( 4696): Found BleAdvertisement [ 0x23 0x50 0x45 0x49 0x4d 0x11 0x32 0xa3 0x26 0xb5 0x57 0x5a 0x24 0xcf 0xa0 0x34 0xf8 0xbb 0xd9 0xc8 0x61 0x72 0x4f ] (with EndpointId PEIM and EndpointInfo [ 0x32 0xa3 0x26 0xb5 0x57 0x5a 0x24 0xcf 0xa0 0x34 0xf8 0xbb 0xd9 0xc8 0x61 0x72 0x4f ])
06-20 22:13:03.700 I/NearbyConnections( 4696): ClientProxy(26138204 0p:com.google.android.gms.nearby.sharing) reporting onEndpointFound(PEIM)
06-20 22:13:03.701 I/NearbyConnections( 4696): ClientProxy(26138204) reporting onEndpointDistanceChanged(PEIM, UNKNOWN)
06-20 22:13:03.701 I/NearbySharing( 4696): NearbySharing Internal event EndpointDiscovered(endpointId=PEIM)
06-20 22:13:03.739 I/vendor.qti.bluetooth@1.0-ibs_handler( 1798): ProcessIbsCmd: Received IBS_SLEEP_IND: 0xFE
06-20 22:13:03.739 D/vendor.qti.bluetooth@1.0-ibs_handler( 1798): SerialClockVote: vote for UART CLK OFF
06-20 22:13:03.868 D/BSOHChargingDataCollector( 2843):  BSOH Sys-servce ... 
06-20 22:13:03.868 D/BSOHChargingDataCollector( 2843): performBatteryWork++
06-20 22:13:03.868 D/BSOHChargingDataCollector( 2843): performBatteryWork battery com.android.server.bsoh.device.PrimeBattery@2209b88
06-20 22:13:03.868 D/BSOHChargingDataCollector( 2843): primeBatt readVoltage from sysFsBattVolt,  path : /sys/class/power_supply/battery/batt_voltage_now
06-20 22:13:03.878 D/BSOHChargingDataCollector( 2843): 0 	 BattData addData data : BattData { voltage:4.088, current:0.178906, soc:0.69, temperature:28.9, status:2, timestamp:1782011583878, voltage_chg:null}
06-20 22:13:03.879 D/BSOHChargingDataCollector( 2843): performBatteryWork--
06-20 22:13:03.889 D/vendor.qti.bluetooth@1.0-wake_lock( 1798): Release wakelock is released 
06-20 22:13:03.908 D/SemWifiSwitchForIndividualAppsService( 2843): isSkipNetworkCondition - result:2
06-20 22:13:03.991 I/NearbySharing( 4696): Network state changed: NetworkState(isRestricted=false, isOnline=true, isCongested=false, isMetered=false, isWifiConnected=true)
06-20 22:13:04.008 D/WifiConnectivityMonitor.NetworkStatsAnalyzer( 2843): Backhaul result - RSSI:-61, CE:24, PE:25, TI:30, PTI:31, TW:4, PTW:4, Tx:37, Rx:37, TxS:30, RxS:30, RESULT:true, IC:0, ICT:5, WC:0, WCT:5, R:8, RC:0, IE:0, EC:0
06-20 22:13:04.347 D/PowerManagerService( 2843): UserActivityStateListenerState: 0
06-20 22:13:04.349 I/VRI[MainActivity]@d99b0f0(17932): call setFrameRateCategory for touch hint category=no preference, reason=boost timeout, vri=VRI[MainActivity]@d99b0f0
06-20 22:13:04.358 I/SurfaceFlinger( 1939): [com.spectre.companion/com.spectre.companion.MainActivity$_17932#138] setFrameRateCategory: NoPreference
06-20 22:13:04.360 I/sensors-hal( 1803): handle_sns_client_event:379, [0][13635] accel_sample [-0.220,  0.022,  9.729] 160939860678
06-20 22:13:04.519 D/UiccCard( 3938): cardId = [****] CardState = CARDSTATE_PRESENT
06-20 22:13:04.521 I/Bugle   (20005): eSIM is not converted pSIM [CONTEXT sub_id=2 ]
06-20 22:13:04.528 I/RcsAvailabilityCache(20005): Cached availability not found for simId: redacted-pii:sim_id[chars:19,last3:777]
06-20 22:13:04.528 D/BoundBrokerSvc( 4696): onRebind: Intent { act=com.google.android.gms.time.trustedtime.service.START dat=chimera-action:/... xflg=0x4 cmp=com.google.android.gms/.chimera.PersistentDirectBootAwareApiService }
06-20 22:13:04.534 D/BoundBrokerSvc( 4696): onBind: Intent { act=com.google.android.gms.time.trustedtime.singleuserapi.service.START dat=chimera-action:/... xflg=0x4 cmp=com.google.android.gms/.chimera.PersistentSingleUserInternalApiService }
06-20 22:13:04.534 D/BoundBrokerSvc( 4696): Loading bound service for intent: Intent { act=com.google.android.gms.time.trustedtime.singleuserapi.service.START dat=chimera-action:/... xflg=0x4 cmp=com.google.android.gms/.chimera.PersistentSingleUserInternalApiService }
06-20 22:13:04.541 D/BoundBrokerSvc( 4696): onRebind: Intent { act=com.google.android.gms.common.telemetry.service.START dat=chimera-action:/... xflg=0x4 cmp=com.google.android.gms/.chimera.PersistentApiService }
06-20 22:13:04.542 V/ClearcutMetricXmitter(20005): Transmission is done.
06-20 22:13:04.553 V/ClearcutMetricXmitter(20005): Transmission is done.
06-20 22:13:04.795 D/ActivityManager( 2843): FCA:Reclamation for pid: 7112
06-20 22:13:04.824 I/am_compact( 2843): [7112,com.samsung.android.scpm,FCA:,117048,68732,47292,20416,-6784,-6784,0,0,28,,0,0,0,0,0]
06-20 22:13:04.869 D/BSOHChargingDataCollector( 2843):  BSOH Sys-servce ... 
06-20 22:13:04.869 D/BSOHChargingDataCollector( 2843): performBatteryWork++
06-20 22:13:04.869 D/BSOHChargingDataCollector( 2843): performBatteryWork battery com.android.server.bsoh.device.PrimeBattery@2209b88
06-20 22:13:04.869 D/BSOHChargingDataCollector( 2843): primeBatt readVoltage from sysFsBattVolt,  path : /sys/class/power_supply/battery/batt_voltage_now
06-20 22:13:04.879 D/BSOHChargingDataCollector( 2843): 0 	 BattData addData data : BattData { voltage:4.087, current:0.145312, soc:0.69, temperature:28.9, status:2, timestamp:1782011584879, voltage_chg:null}
06-20 22:13:04.879 D/BSOHChargingDataCollector( 2843): performBatteryWork--
06-20 22:13:04.917 D/SemWifiSwitchForIndividualAppsService( 2843): isSkipNetworkCondition - result:2
06-20 22:13:05.273 I/NSLocationMonitor( 2843): getGPSUsingApps() called
06-20 22:13:05.274 I/NSLocationManager_FLP( 5290): getGPSUsingApps, No change
06-20 22:13:05.285 D/ActivityManager( 2843): FCA:FCA recordedFileRss = 61548, and changeinRss = 3328
06-20 22:13:05.285 D/FreecessController( 2843): FZ : com.x8bit.bitwarden(10439) [8067] reason: Bg
06-20 22:13:05.285 D/FreecessHandler( 2843): freeze com.x8bit.bitwarden(10439)
06-20 22:13:05.286 W/LocationManagerService( 2843): onFreezeStateChanged, uid[10439]=true
06-20 22:13:05.286 I/PowerManagerService( 2843): [PWL] SetWakeLockEnableDisable uid = 10439 , disable= true
06-20 22:13:05.286 I/PowerManagerService( 2843): [PWL] can not change uid =  10439
06-20 22:13:05.386 E/BatteryStatsService( 2843): Invalid uid for waking network packet: -1
06-20 22:13:05.517 I/sensors-hal( 1803): handle_sns_client_event:327, [0][1437] mag_sample_cal(magcal_available:1): ts=162065877240 ns; cal = [-20.018360, -45.177193, -28.683990], uncal = [-21.038361, 66.362808, -244.503983], bias = [-1.020000, 111.540001, -215.819992], status=3, cal_id=2
06-20 22:13:05.518 D/SemWifiEleStateTracker( 2843): Pressure Diff: -4.272461E-4
06-20 22:13:05.518 D/SemWifiEleStateTracker( 2843): Barometer value: Prev 988.67706 Current 988.67664 mSmallBaroDetected : false
06-20 22:13:05.574 I/sensors-hal( 1803): handle_sns_std_sensor_event:157, [906] Pressure 988.677, cal 0.146, sw_offset 0.000 (lsb(bit) 0x95 0x90 0x60)
06-20 22:13:05.637 D/io_stats( 1145): !@   8,0 r 384672 8765164 w 39906 588356 d 8922 327576 f 906 3712 iot 19112 0 th 0 0 0 pt 0 inp 0 0 162.232
06-20 22:13:05.764 I/vendor.qti.bluetooth@1.0-ibs_handler( 1798): ProcessIbsCmd: Received IBS_WAKE_IND: 0xFD
06-20 22:13:05.764 D/vendor.qti.bluetooth@1.0-ibs_handler( 1798): SerialClockVote: vote for UART CLK ON
06-20 22:13:05.764 D/vendor.qti.bluetooth@1.0-wake_lock( 1798): Acquire wakelock is acquired 
06-20 22:13:05.764 I/vendor.qti.bluetooth@1.0-ibs_handler( 1798): ProcessIbsCmd: Writing IBS_WAKE_ACK
06-20 22:13:05.772 I/ScanController( 4244): onScanResult to scannerId: 6- eventType=0x10, addressType=1, address=XX:XX:XX:XX:E7:EC, primaryPhy=1, secondaryPhy=0, advertisingSid=0xff, txPower=127, rssi=-87, periodicAdvInt=0x0
06-20 22:13:05.813 I/vendor.qti.bluetooth@1.0-ibs_handler( 1798): ProcessIbsCmd: Received IBS_SLEEP_IND: 0xFE
06-20 22:13:05.813 D/vendor.qti.bluetooth@1.0-ibs_handler( 1798): SerialClockVote: vote for UART CLK OFF
06-20 22:13:05.869 D/BSOHChargingDataCollector( 2843):  BSOH Sys-servce ... 
06-20 22:13:05.870 D/BSOHChargingDataCollector( 2843): performBatteryWork++
06-20 22:13:05.870 D/BSOHChargingDataCollector( 2843): performBatteryWork battery com.android.server.bsoh.device.PrimeBattery@2209b88
06-20 22:13:05.870 D/BSOHChargingDataCollector( 2843): primeBatt readVoltage from sysFsBattVolt,  path : /sys/class/power_supply/battery/batt_voltage_now
06-20 22:13:05.882 D/BSOHChargingDataCollector( 2843): 0 	 BattData addData data : BattData { voltage:4.089, current:0.189062, soc:0.69, temperature:28.9, status:2, timestamp:1782011585882, voltage_chg:null}
06-20 22:13:05.882 D/BSOHChargingDataCollector( 2843): performBatteryWork--
06-20 22:13:05.926 D/SemWifiSwitchForIndividualAppsService( 2843): isSkipNetworkCondition - result:2
06-20 22:13:05.964 D/vendor.qti.bluetooth@1.0-wake_lock( 1798): Release wakelock is released 
06-20 22:13:06.357 D/ActivityManager( 2843): freezing 18782 com.google.android.projection.gearhead:car
06-20 22:13:06.358 I/am_freeze( 2843): [18782,com.google.android.projection.gearhead:car]
06-20 22:13:06.359 D/ActivityManager( 2843): FCA:FCA recordedFileRss = 61316, and changeinRss = 6272
06-20 22:13:06.359 D/ActivityManager( 2843): freezing 19939 com.google.android.apps.maps
06-20 22:13:06.360 I/sensors-hal( 1803): handle_sns_client_event:379, [0][13874] accel_sample [-0.208,  0.014,  9.722] 162946252032
06-20 22:13:06.360 I/am_freeze( 2843): [19939,com.google.android.apps.maps]
06-20 22:13:06.361 D/ActivityManager( 2843): FCA:FCA recordedFileRss = 0, and changeinRss = 124196
06-20 22:13:06.365 D/InetDiagMessage( 2843): Destroyed 0 sockets, proto=IPPROTO_TCP, family=AF_INET, states=14
06-20 22:13:06.368 D/InetDiagMessage( 2843): Destroyed 0 sockets, proto=IPPROTO_TCP, family=AF_INET6, states=14
06-20 22:13:06.368 D/InetDiagMessage( 2843): Destroyed live tcp sockets for uids={10256} in 7ms
06-20 22:13:06.371 D/InetDiagMessage( 2843): Destroyed 0 sockets, proto=IPPROTO_TCP, family=AF_INET, states=14
06-20 22:13:06.374 D/InetDiagMessage( 2843): Destroyed 0 sockets, proto=IPPROTO_TCP, family=AF_INET6, states=14
06-20 22:13:06.374 D/InetDiagMessage( 2843): Destroyed live tcp sockets for uids={10290} in 6ms
06-20 22:13:06.374 D/ConnectivityService( 2843): Freezing callbacks for UID 10290
06-20 22:13:06.515 I/EPDG-1 [WifiProfiler]( 4085): handleWifiRssiIntent, rssi=-63
06-20 22:13:06.515 D/SemWifiUsabilityStatsMonitor( 2843): onWifiUsabilityStats - seqNum 48, isSameBssidAndFreq true
06-20 22:13:06.515 I/EPDG-1 [WifiProfiler]( 4085): isProfiling, hash=228050529, started=true
06-20 22:13:06.515 I/EPDG-1 [LogMetrics]( 4085): set, type=WIFI_RSSI_LAST, value=-63
06-20 22:13:06.515 I/EPDG-1 [WifiProfiler]( 4085): isProfiling, hash=228050529, started=true
06-20 22:13:06.516 I/EPDG-1 [WifiProfiler]( 4085): Rssi : -63 highrange : -71 lowrange : -80 mIsRssiInHystersis : false
06-20 22:13:06.516 I/EPDG-1 [WifiProfiler]( 4085): Rssi : -63 highrange : -71 lowrange : -80 mIsRssiInHystersis : false
06-20 22:13:06.516 I/EPDG-1 [Subscription]( 4085): isEpdgAvailable, IwlanPsState=2/2
06-20 22:13:06.516 I/EPDG-1 [WifiProfiler]( 4085): getHandoverThresholdMet: value is: false
06-20 22:13:06.517 D/SGM:GameManager( 2843): identifyGamePackage. com.spectre.companion, mCurrentUserId: 0, callingMethodInfo: com.samsung.android.game.SemGameManager.isGamePackage(SemGameManager.java:106)
06-20 22:13:06.517 D/SGM:SemGameManager( 2843): isGamePackage(), pkgName=com.spectre.companion, ret=false
06-20 22:13:06.737 I/NSLocationMonitor( 2843): getGPSUsingApps() called
06-20 22:13:06.738 I/NSLocationManager_FLP( 5290): getGPSUsingApps, No change
06-20 22:13:06.742 D/FreecessHandler( 2843): skipping freeze com.venmo(10400) result : 18
06-20 22:13:06.860 I/keystore2( 1157): system/security/keystore2/watchdog/src/lib.rs:371 - Watchdog thread idle -> terminating. Have a great day.
06-20 22:13:06.870 D/BSOHChargingDataCollector( 2843):  BSOH Sys-servce ... 
06-20 22:13:06.870 D/BSOHChargingDataCollector( 2843): performBatteryWork++
06-20 22:13:06.871 D/BSOHChargingDataCollector( 2843): performBatteryWork battery com.android.server.bsoh.device.PrimeBattery@2209b88
06-20 22:13:06.871 D/BSOHChargingDataCollector( 2843): primeBatt readVoltage from sysFsBattVolt,  path : /sys/class/power_supply/battery/batt_voltage_now
06-20 22:13:06.880 D/BSOHChargingDataCollector( 2843): 0 	 BattData addData data : BattData { voltage:4.088, current:0.186718, soc:0.69, temperature:28.9, status:2, timestamp:1782011586880, voltage_chg:null}
06-20 22:13:06.881 D/BSOHChargingDataCollector( 2843): performBatteryWork--
06-20 22:13:06.932 D/SemWifiSwitchForIndividualAppsService( 2843): isSkipNetworkCondition - result:2
06-20 22:13:07.188 I/wpa_supplicant( 5609): Heartbeat 14
06-20 22:13:07.291 D/ActivityManager( 2843): FCA:Reclamation for pid: 8067
06-20 22:13:07.315 I/am_compact( 2843): [8067,com.x8bit.bitwarden,FCA:,116820,64876,50980,16820,-3328,-3328,0,0,24,,0,0,0,0,0]
06-20 22:13:07.370 I/NSLocationMonitor( 2843): getGPSUsingApps() called
06-20 22:13:07.370 I/NSLocationManager_FLP( 5290): getGPSUsingApps, No change
06-20 22:13:07.372 W/Binder  ( 2843): Outgoing transactions from this process must be FLAG_ONEWAY
06-20 22:13:07.372 W/Binder  ( 2843): java.lang.Throwable
06-20 22:13:07.372 W/Binder  ( 2843): 	at android.os.BinderProxy.transact(BinderProxy.java:575)
06-20 22:13:07.372 W/Binder  ( 2843): 	at android.bluetooth.IBluetoothGatt$Stub$Proxy.getAdvertisingSetUids(IBluetoothGatt.java:992)
06-20 22:13:07.372 W/Binder  ( 2843): 	at android.bluetooth.BluetoothAdapter.getAdvertisingSetUids(BluetoothAdapter.java:1995)
06-20 22:13:07.372 W/Binder  ( 2843): 	at android.bluetooth.BluetoothAdapter.getHWUsingApps(BluetoothAdapter.java:2266)
06-20 22:13:07.372 W/Binder  ( 2843): 	at com.android.server.am.mars.filter.filter.BlueToothConnectedFilter.updateBTUsingPackages(qb/110395613 c3a2d5136c3359163837720558d932f9a02e5e372afafa0138e8b8ce2c144913:22)
06-20 22:13:07.372 W/Binder  ( 2843): 	at com.android.server.am.FreecessController.freeze(qb/110395613 c3a2d5136c3359163837720558d932f9a02e5e372afafa0138e8b8ce2c144913:126)
06-20 22:13:07.372 W/Binder  ( 2843): 	at com.android.server.am.FreecessHandler$MainHandler.handleLcdOnFreeze(qb/110395613 c3a2d5136c3359163837720558d932f9a02e5e372afafa0138e8b8ce2c144913:55)
06-20 22:13:07.372 W/Binder  ( 2843): 	at com.android.server.am.FreecessHandler$MainHandler.handleMessage(qb/110395613 c3a2d5136c3359163837720558d932f9a02e5e372afafa0138e8b8ce2c144913:1686)
06-20 22:13:07.372 W/Binder  ( 2843): 	at android.os.Handler.dispatchMessage(Handler.java:132)
06-20 22:13:07.372 W/Binder  ( 2843): 	at android.os.Looper.dispatchMessage(Looper.java:358)
06-20 22:13:07.372 W/Binder  ( 2843): 	at android.os.Looper.loopOnce(Looper.java:288)
06-20 22:13:07.372 W/Binder  ( 2843): 	at android.os.Looper.loop(Looper.java:392)
06-20 22:13:07.372 W/Binder  ( 2843): 	at android.os.HandlerThread.run(HandlerThread.java:139)
06-20 22:13:07.378 D/FreecessController( 2843): FZ : com.samsung.android.game.gamehome(10332) [8041] reason: Bg
06-20 22:13:07.378 D/FreecessHandler( 2843): freeze com.samsung.android.game.gamehome(10332)
06-20 22:13:07.379 W/LocationManagerService( 2843): onFreezeStateChanged, uid[10332]=true
06-20 22:13:07.379 I/PowerManagerService( 2843): [PWL] SetWakeLockEnableDisable uid = 10332 , disable= true
06-20 22:13:07.379 I/PowerManagerService( 2843): [PWL] can not change uid =  10332
