=== upload/resume session opened 2026-08-07T15:06:42.0235219-05:00 ===
=== send: upload resume ===
[17248][I][STORAGE] Spool repair checkpoint seg=241 off=98546 records=436 events=436 enrich=0
[17363][I][STORAGE] Maintenance skip action=counter_recount reason=repair_in_progress flags=dirty_summary|counter_untrusted|segment_audit
[17459][I][STORAGE] Maintenance done reason=radio_owner_window actions=segment_audit skipped=dirty_summary|counter_untrusted|segment_audit remaining=dirty_summary|counter_untrusted|segment_audit elapsedMs=2331 c
[17460][I][STORAGE] RAMSpool worker resumed
[17461][I][STORAGE] Exclusive window end kind=maintenance result=pending reason=radio_owner_window
[17462][I][STORAGE] maintenance owner window ms=2333 captureSafe=0 remaining=dirty_summary|counter_untrusted|segment_audit
[17621][I][WIFI] Radio suspended
upload resume
[17626][I][MQTT] Upload auto-start resumed reason=usb_serial wasPaused=0
[UPLOAD] automatic uploads already enabled
[17627][I][STORAGE] RAMSpool worker paused inflight=0 lastInflight=0
[17627][I][STORAGE] Exclusive window begin kind=maintenance reason=radio_owner_window workerPaused=1 displaySuspended=1
[17628][I][STORAGE] Maintenance start reason=radio_owner_window budgetMs=30000 flags=dirty_summary|counter_untrusted|segment_audit captureSafe=0
[17773][I][STORAGE] Segment lifecycle seg=335 sealed->indexed trust=trusted pending=3
=== send: upload now (first leg) ===
[18969][I][STORAGE] Spool repair checkpoint seg=245 off=98519 records=436 events=436 enrich=0
[19827][I][STORAGE] Maintenance skip action=counter_recount reason=repair_in_progress flags=dirty_summary|counter_untrusted|segment_audit
[19923][I][STORAGE] Maintenance done reason=radio_owner_window actions=segment_audit skipped=dirty_summary|counter_untrusted|segment_audit remaining=dirty_summary|counter_untrusted|segment_audit elapsedMs=2295 c
[19924][I][STORAGE] RAMSpool worker resumed
[19924][I][STORAGE] Exclusive window end kind=maintenance result=pending reason=radio_owner_window
[19924][I][STORAGE] maintenance owner window ms=2297 captureSafe=0 remaining=dirty_summary|counter_untrusted|segment_audit
[20083][I][WIFI] Radio suspended
upload now
[UPLOAD] pending count not authoritative; forcing indexed recovery drain pending=4572
[20087][I][WIO] External BLE link dropped reason=manual_upload_start
[20188][I][STORAGE] RAMSpool worker paused inflight=0 lastInflight=0
[20189][I][STORAGE] Exclusive window begin kind=upload reason=upload_stream workerPaused=1 displaySuspended=1
[20347][I][STORAGE] Segment lifecycle seg=352 sealed->indexed trust=trusted pending=9
[21392][I][STORAGE] Segment lifecycle seg=359 sealed->fully_uploaded trust=trusted pending=0
[21481][W][STORAGE] Counter trust=trusted_snapshot_lagged reason=pending_enrich_counter_clamp since=21481
[23172][I][STORAGE] Upload index rebuild begin pending=4572 window=0 heapFree=7924252 largest=7864308
[39846][I][STORAGE] Upload index rebuild progress segs=25 indexed=3148 window=0 heapFree=7655648 largest=7602164
[52166][I][STORAGE] Upload index rebuild progress segs=50 indexed=4459 window=0 heapFree=7520120 largest=7471092
[58641][I][STORAGE] Upload window rebuild accepted indexed=4572 window=0 pending=4572 sessions=56 skipped=0 failedSegs=0 sidecarLoaded=4 sidecarStale=59 truncated=0 heapFree=7461764 largest=7340020
[58642][I][STORAGE] Upload stream prepare index built ok=1 resident=1 ms=35470
[58642][I][STORAGE] Upload stream prepare ready=1 pending=4572 budgetMs=1200000 ms=38453 internalFree=39080 internalLargest=20468 psramFree=7422684
[58647][I][MQTT] Dump start ??? pendingUpload=4572 lease=1200s leaseMaxEvents=4572
[58649][I][MQTT] Upload stream fill begin bucket=1 max=16 requested=64 internalFree=35436 indexWindow=0 indexed=4572 truncated=0 sessions=56 sessionIndex=0 radioQuiet=1
[58649][I][MQTT] Upload bucket session start idx=0 sess=33e864-2695-64644765 bucket=0
[58649][I][MQTT] First event batch fetch session=33e864-2695-64644765 since=23504 radioQuiet=1
[58695][I][MQTT] Upload RAM bucket staged bucket=1 records=1 lastEvent=23505 heapFree=24728 psramFree=7421872
[58702][I][MQTT] First event batch fetched ok=1 count=7 ms=45 radioQuiet=1
[58703][I][MQTT] Upload RAM bucket session exhausted bucket=1 session=33e864-2695-64644765 since=23511 idx=0/56
[58704][I][MQTT] Upload bucket session start idx=1 sess=33e864-2941-7126a532 bucket=7
[58764][I][MQTT] Upload stream fill done bucket=1 records=16 complete=0 ms=116
[58765][I][STORAGE] Upload batch open ??? deferring watermark flush
[58765][I][MQTT] Upload lease granted ??? pending=4572 window=4572 lease=1200s
[UPLOAD] manual upload queued pending=4572
[58769][I][MQTT] Connecting to upload network: Nothing But Net timeout=30s txPowerQdbm=78
[58770][E][CORE] Contract violation: repair pending owner=WIFI_UPLOAD flags=dirty_summary|snapshot_lagged|segment_audit
[58771][I][STACK] TaskHardware watermark=10824B min=10824B
[58774][I][HEAP] heap free=7271KB min=7243KB largest=7168KB frag=1% internalFree=29KB internalLargest=16KB psramFree=7242KB core=0/0% owner=WIFI_UPLOAD nets=0 pendingUpload=4572 pendingEnrich=0
[HEALTH] time=2026-08-07 15:07:19 src=ntp
[HEALTH] heap used=1153/8424KB free=7271KB min=7243KB largest=7168KB frag=1%
[HEALTH] internal used=203/232KB free=29KB min=1KB largest=16KB
[HEALTH] psram used=950/8192KB free=7242KB largest=7168KB
[HEALTH] stack free_min: core0=11KB/22KB core1=14KB/18KB
[HEALTH] core usage: core0=0% core1=0%
[HEALTH] power=usb state=usb batt=100% 4687mV trend=0mV/min runtime=0min cap=1100mAh charging=0
[HEALTH] radio=WIFI_UPLOAD wifi=0 ble=0 gps=0 nets=0 pendingUpload=4572 pendingEnrich=0
[HEALTH] subghz=NONE mode=OFF pkts=0 nodes=0
[58776][I][STORAGE] RAMSpool enq=0 cons=0 inflight=0/1024 high=0 pressure=0 drop[full=0 big=0 noise=0 p3Evict=0 p3Drop=0 p2Drop=0 p1Fail=0] free=1024
[58776][I][STORAGE] RAMSpool enqueue probe[ok=0 drop=0] device[ok=0 drop=0]
[58776][I][STORAGE] RAMSpool worker probe[ok=0 sup=0 drop=0 fail=0 slow=0] device[ok=0 sup=0 drop=0 fail=0 slow=0] slowTotal=0 maxMs=0
[58777][I][STORAGE] RAMSpool prioEnq p0=0 p1=0 p2=0 p3=0
[58777][I][STORAGE] RAMSpool lanes p1=0/0 p2=0/0 p3=0/0
[58787][W][CORE] TaskHardware loop gap=38704ms owner=WIFI_UPLOAD pendingUpload=4572 maintPending=1 suppressed=3
[63891][I][MQTT] WiFi connected, connecting broker
[63902][I][MQTT] Broker connect settling after WiFi association ms=300
[64213][I][MQTT] Broker connect attempt host=192.168.0.11 port=1883 client=spectre_33e864-6
[64224][I][MQTT] Broker connect result ok=1 state=0 ms=11
[64225][I][MQTT] Broker connected, resuming dump
[64235][I][MQTT] Health publish begin
[65507][I][MQTT] Health publish end
[65521][I][MQTT] Upload events phase sessions=56 bucketRecords=16 radioHot=1
[65522][I][MQTT] First event payload staged event=23505 bytes=296
[65522][I][MQTT] First event publish begin event=23505 bytes=296 stack=10824B
[65526][I][MQTT] First event publish end event=23505 stack=10824B
[65608][I][STORAGE] Segment lifecycle seg=207 partially_uploaded->fully_uploaded trust=trusted pending=0
[65620][I][STORAGE] Segment lifecycle seg=210 indexed->partially_uploaded trust=trusted pending=12
[65716][I][MQTT] Upload stream buffer drained; refilling remaining=4556 complete=0
[65717][I][MQTT] Upload stream fill begin bucket=2 max=8 requested=64 internalFree=31284 indexWindow=0 indexed=4572 truncated=0 sessions=56 sessionIndex=1 radioQuiet=1
[65755][I][MQTT] Upload RAM bucket staged bucket=2 records=1 lastEvent=23521 heapFree=20940 psramFree=7421856
[65760][I][MQTT] Upload RAM bucket session exhausted bucket=2 session=33e864-2941-7126a532 since=23524 idx=1/56
[65761][I][MQTT] Upload bucket session start idx=2 sess=33e864-2695-5b5271ee bucket=4
[65803][I][MQTT] Upload stream fill done bucket=2 records=8 complete=0 ms=86
[65804][I][MQTT] Upload stream refilled bucket=3 records=8 remaining=4556 ms=87
[65861][I][STORAGE] Segment lifecycle seg=210 partially_uploaded->fully_uploaded trust=trusted pending=0
[65874][I][STORAGE] Segment lifecycle seg=211 indexed->partially_uploaded trust=trusted pending=7
[65912][I][MQTT] Upload stream buffer drained; refilling remaining=4548 complete=0
[65913][I][MQTT] Upload stream fill begin bucket=3 max=8 requested=64 internalFree=31184 indexWindow=0 indexed=4572 truncated=0 sessions=56 sessionIndex=2 radioQuiet=1
[65951][I][MQTT] Upload RAM bucket staged bucket=3 records=1 lastEvent=23516 heapFree=20728 psramFree=7421872
[65956][I][MQTT] Upload RAM bucket session exhausted bucket=3 session=33e864-2695-5b5271ee since=23519 idx=2/56
[65957][I][MQTT] Upload bucket session start idx=3 sess=33e864-4069-afa215d2 bucket=4
[65998][I][MQTT] Upload stream fill done bucket=3 records=8 complete=0 ms=85
[65999][I][MQTT] Upload stream refilled bucket=4 records=8 remaining=4548 ms=86
[66058][I][STORAGE] Segment lifecycle seg=211 partially_uploaded->fully_uploaded trust=trusted pending=0
[66070][I][STORAGE] Segment lifecycle seg=214 indexed->partially_uploaded trust=trusted pending=4
[66107][I][MQTT] Upload stream buffer drained; refilling remaining=4540 complete=0
[66108][I][MQTT] Upload stream fill begin bucket=4 max=8 requested=64 internalFree=31136 indexWindow=0 indexed=4572 truncated=0 sessions=56 sessionIndex=3 radioQuiet=1
[66139][I][MQTT] Upload RAM bucket staged bucket=4 records=1 lastEvent=23524 heapFree=22136 psramFree=7421872
[66141][I][MQTT] Upload RAM bucket session exhausted bucket=4 session=33e864-4069-afa215d2 since=23524 idx=3/56
[66141][I][MQTT] Upload bucket session start idx=4 sess=33e864-3657-b91c42d7 bucket=1
[66195][I][MQTT] Upload stream fill done bucket=4 records=8 complete=0 ms=87
[66196][I][MQTT] Upload stream refilled bucket=5 records=8 remaining=4540 ms=88
[66218][I][STORAGE] Segment lifecycle seg=214 partially_uploaded->fully_uploaded trust=trusted pending=0
[66231][I][STORAGE] Segment lifecycle seg=219 indexed->partially_uploaded trust=trusted pending=50
[66304][I][MQTT] Upload stream buffer drained; refilling remaining=4532 complete=0
[66305][I][MQTT] Upload stream fill begin bucket=5 max=8 requested=64 internalFree=31004 indexWindow=0 indexed=4572 truncated=0 sessions=56 sessionIndex=4 radioQuiet=1
[66343][I][MQTT] Upload RAM bucket staged bucket=5 records=1 lastEvent=23532 heapFree=20464 psramFree=7421872
[66363][I][MQTT] Upload stream fill done bucket=5 records=8 complete=0 ms=58
[66364][I][MQTT] Upload stream refilled bucket=6 records=8 remaining=4532 ms=59
[66470][I][MQTT] Upload stream buffer drained; refilling remaining=4524 complete=0
[66471][I][MQTT] Upload stream fill begin bucket=6 max=8 requested=64 internalFree=31004 indexWindow=0 indexed=4572 truncated=0 sessions=56 sessionIndex=4 radioQuiet=1
[66511][I][MQTT] Upload RAM bucket staged bucket=6 records=1 lastEvent=23540 heapFree=20408 psramFree=7421848
[66531][I][MQTT] Upload stream fill done bucket=6 records=8 complete=0 ms=60
[66532][I][MQTT] Upload stream refilled bucket=7 records=8 remaining=4524 ms=60
[66642][I][MQTT] Upload stream buffer drained; refilling remaining=4516 complete=0
[66643][I][MQTT] Upload stream fill begin bucket=7 max=8 requested=64 internalFree=31004 indexWindow=0 indexed=4572 truncated=0 sessions=56 sessionIndex=4 radioQuiet=1
[66682][I][MQTT] Upload RAM bucket staged bucket=7 records=1 lastEvent=23548 heapFree=20632 psramFree=7421832
[66702][I][MQTT] Upload stream fill done bucket=7 records=8 complete=0 ms=60
[66703][I][MQTT] Upload stream refilled bucket=8 records=8 remaining=4516 ms=60
[66809][I][MQTT] Dump progress pub=64 fail=0 session=4/56 since=23555 leaseMaxEvents=4572
[66810][I][MQTT] Upload stream buffer drained; refilling remaining=4508 complete=0
[66811][I][MQTT] Upload stream fill begin bucket=8 max=8 requested=64 internalFree=31004 indexWindow=0 indexed=4572 truncated=0 sessions=56 sessionIndex=4 radioQuiet=1
[66850][I][MQTT] Upload RAM bucket staged bucket=8 records=1 lastEvent=23556 heapFree=20412 psramFree=7421840
=== send: upload stop ===
[66871][I][MQTT] Upload stream fill done bucket=8 records=8 complete=0 ms=61
[66872][I][MQTT] Upload stream refilled bucket=9 records=8 remaining=4508 ms=61
upload stop
[66883][W][MQTT] Upload stop requested reason=usb_serial state=3 published=64 pending=4572
[UPLOAD] stop requested; automatic uploads paused
[66884][W][MQTT] Upload stop accepted state=3 published=64 pending=4572
[66884][W][MQTT] Dump stopped by request
=== send: upload now while paused ===
[67043][I][STORAGE] Maintenance requested reason=upload_enrich_cursor_dirty source=upload_end flags=dirty_spool_index|dirty_summary|snapshot_lagged|upload_enrich_cursor_dirty|segment_audit
[67044][I][STORAGE] Maintenance requested reason=dirty_spool_index source=upload_end flags=dirty_spool_index|dirty_summary|snapshot_lagged|upload_enrich_cursor_dirty|segment_audit
[67045][I][STORAGE] Maintenance requested reason=delete_drained source=upload_end flags=dirty_spool_index|dirty_summary|snapshot_lagged|upload_enrich_cursor_dirty|segment_audit|delete_drained
[67045][I][STORAGE] Upload batch closed ??? maintenance queued dirty=1 sidecar=1 flags=dirty_spool_index|dirty_summary|snapshot_lagged|upload_enrich_cursor_dirty|segment_audit|delete_drained
[67050][I][STORAGE] Upload index released reason=upload_batch_end indexed=4572 sessions=56
=== send: upload resume ===
=== send: upload now (resume leg) ===
[72583][I][STORAGE] RAMSpool worker resumed
[72584][I][STORAGE] Exclusive window end kind=upload result=stopped reason=upload_stream
[72744][I][WIFI] Radio suspended
[72745][I][STACK] TaskHardware upload watermark result=stopped before=10824B after=10824B drop=0B
[72755][W][CORE] TaskHardware loop gap=5873ms owner=STORAGE_MAINT pendingUpload=4508 maintPending=1 suppressed=2
upload now
[UPLOAD] paused; run upload resume first
upload resume
[72850][I][MQTT] Upload auto-start resumed reason=usb_serial wasPaused=1
[UPLOAD] automatic uploads resumed
upload now
[72851][I][WIO] External BLE link dropped reason=manual_upload_start
[72911][I][STORAGE] RAMSpool worker paused inflight=0 lastInflight=0
[72912][I][STORAGE] Exclusive window begin kind=upload reason=upload_stream workerPaused=1 displaySuspended=1
[72913][I][STORAGE] Upload index rebuild begin pending=4508 window=0 heapFree=7922568 largest=7864308
[73806][I][STORAGE] Upload index rebuild progress segs=25 indexed=3084 window=0 heapFree=7667072 largest=7602164
[74757][I][STORAGE] Upload index rebuild progress segs=50 indexed=4395 window=0 heapFree=7531608 largest=7471092
[76200][I][STORAGE] Upload window rebuild accepted indexed=4508 window=0 pending=4508 sessions=52 skipped=0 failedSegs=0 sidecarLoaded=63 sidecarStale=0 truncated=0 heapFree=7473292 largest=7340020
[76201][I][STORAGE] Upload stream prepare index built ok=1 resident=1 ms=3289
[76201][I][STORAGE] Upload stream prepare ready=1 pending=4508 budgetMs=1200000 ms=3289 internalFree=38748 internalLargest=22516 psramFree=7434544
[76206][I][MQTT] Dump start ??? pendingUpload=4508 lease=1200s leaseMaxEvents=4508
[76208][I][MQTT] Upload stream fill begin bucket=1 max=16 requested=64 internalFree=35348 indexWindow=0 indexed=4508 truncated=0 sessions=52 sessionIndex=0 radioQuiet=1
[76208][I][MQTT] Upload bucket session start idx=0 sess=33e864-3657-b91c42d7 bucket=0
[76208][I][MQTT] First event batch fetch session=33e864-3657-b91c42d7 since=23555 radioQuiet=1
[76258][I][MQTT] Upload RAM bucket staged bucket=1 records=1 lastEvent=23556 heapFree=23356 psramFree=7433700
[76266][I][MQTT] First event batch fetched ok=1 count=8 ms=49 radioQuiet=1
[76295][I][MQTT] Upload stream fill done bucket=1 records=16 complete=0 ms=88
[76296][I][STORAGE] Upload batch open ??? deferring watermark flush
[76296][I][MQTT] Upload lease granted ??? pending=4508 window=4508 lease=1200s
[UPLOAD] manual upload queued pending=4508
[76300][I][MQTT] Connecting to upload network: Nothing But Net timeout=30s txPowerQdbm=78
[76301][E][CORE] Contract violation: repair pending owner=WIFI_UPLOAD flags=dirty_spool_index|dirty_summary|snapshot_lagged|upload_enrich_cursor_dirty|segment_audit|delete_drained
[78890][I][MQTT] WiFi connected, connecting broker
[78901][I][MQTT] Broker connect settling after WiFi association ms=300
[79212][I][MQTT] Broker connect attempt host=192.168.0.11 port=1883 client=spectre_33e864-6
[79222][I][MQTT] Broker connect result ok=1 state=0 ms=10
[79223][I][MQTT] Broker connected, resuming dump
[79233][I][MQTT] Health publish begin
[80491][I][MQTT] Health publish end
[80505][I][MQTT] Upload events phase sessions=52 bucketRecords=16 radioHot=1
[80506][I][MQTT] First event payload staged event=23556 bytes=325
[80506][I][MQTT] First event publish begin event=23556 bytes=325 stack=10824B
[80510][I][MQTT] First event publish end event=23556 stack=10824B
[80704][I][MQTT] Upload stream buffer drained; refilling remaining=4492 complete=0
[80706][I][MQTT] Upload stream fill begin bucket=2 max=8 requested=64 internalFree=31952 indexWindow=0 indexed=4508 truncated=0 sessions=52 sessionIndex=0 radioQuiet=1
[80745][I][MQTT] Upload RAM bucket staged bucket=2 records=1 lastEvent=23572 heapFree=21612 psramFree=7433716
[80750][I][MQTT] Upload RAM bucket session exhausted bucket=2 session=33e864-3657-b91c42d7 since=23575 idx=0/52
[80751][I][MQTT] Upload bucket session start idx=1 sess=33e864-2996-325d08af bucket=4
[80791][I][MQTT] Upload stream fill done bucket=2 records=8 complete=0 ms=85
[80792][I][MQTT] Upload stream refilled bucket=3 records=8 remaining=4492 ms=86
[80851][I][STORAGE] Segment lifecycle seg=219 partially_uploaded->fully_uploaded trust=trusted pending=0
[80864][I][STORAGE] Segment lifecycle seg=220 indexed->partially_uploaded trust=trusted pending=137
[80902][I][MQTT] Upload stream buffer drained; refilling remaining=4484 complete=0
[80903][I][MQTT] Upload stream fill begin bucket=3 max=8 requested=64 internalFree=31904 indexWindow=0 indexed=4508 truncated=0 sessions=52 sessionIndex=1 radioQuiet=1
[80941][I][MQTT] Upload RAM bucket staged bucket=3 records=1 lastEvent=23580 heapFree=21640 psramFree=7433756
[80960][I][MQTT] Upload stream fill done bucket=3 records=8 complete=0 ms=57
[80961][I][MQTT] Upload stream refilled bucket=4 records=8 remaining=4484 ms=57
[81072][I][MQTT] Upload stream buffer drained; refilling remaining=4476 complete=0
[81073][I][MQTT] Upload stream fill begin bucket=4 max=8 requested=64 internalFree=31904 indexWindow=0 indexed=4508 truncated=0 sessions=52 sessionIndex=1 radioQuiet=1
[81111][I][MQTT] Upload RAM bucket staged bucket=4 records=1 lastEvent=23588 heapFree=21560 psramFree=7433716
[81133][I][MQTT] Upload stream fill done bucket=4 records=8 complete=0 ms=60
[81134][I][MQTT] Upload stream refilled bucket=5 records=8 remaining=4476 ms=62
[81249][I][MQTT] Upload stream buffer drained; refilling remaining=4468 complete=0
[81250][I][MQTT] Upload stream fill begin bucket=5 max=8 requested=64 internalFree=23824 indexWindow=0 indexed=4508 truncated=0 sessions=52 sessionIndex=1 radioQuiet=1
[81295][I][MQTT] Upload RAM bucket staged bucket=5 records=1 lastEvent=23596 heapFree=21192 psramFree=7433700
[81315][I][MQTT] Upload stream fill done bucket=5 records=8 complete=0 ms=65
[81316][I][MQTT] Upload stream refilled bucket=6 records=8 remaining=4468 ms=66
[81429][I][MQTT] Upload stream buffer drained; refilling remaining=4460 complete=0
[81430][I][MQTT] Upload stream fill begin bucket=6 max=8 requested=64 internalFree=31904 indexWindow=0 indexed=4508 truncated=0 sessions=52 sessionIndex=1 radioQuiet=1
[81469][I][MQTT] Upload RAM bucket staged bucket=6 records=1 lastEvent=23604 heapFree=21340 psramFree=7433732
[81489][I][MQTT] Upload stream fill done bucket=6 records=8 complete=0 ms=59
[81490][I][MQTT] Upload stream refilled bucket=7 records=8 remaining=4460 ms=60
[81604][I][MQTT] Upload stream buffer drained; refilling remaining=4452 complete=0
[81606][I][MQTT] Upload stream fill begin bucket=7 max=8 requested=64 internalFree=27344 indexWindow=0 indexed=4508 truncated=0 sessions=52 sessionIndex=1 radioQuiet=1
[81650][I][MQTT] Upload RAM bucket staged bucket=7 records=1 lastEvent=23612 heapFree=21488 psramFree=7433716
[81670][I][MQTT] Upload stream fill done bucket=7 records=8 complete=0 ms=64
[81671][I][MQTT] Upload stream refilled bucket=8 records=8 remaining=4452 ms=65
[81785][I][MQTT] Dump progress pub=64 fail=0 session=1/52 since=23619 leaseMaxEvents=4508
[81785][I][MQTT] Upload stream buffer drained; refilling remaining=4444 complete=0
[81787][I][MQTT] Upload stream fill begin bucket=8 max=8 requested=64 internalFree=24064 indexWindow=0 indexed=4508 truncated=0 sessions=52 sessionIndex=1 radioQuiet=1
[81830][I][MQTT] Upload RAM bucket staged bucket=8 records=1 lastEvent=23620 heapFree=21308 psramFree=7433732
[81850][I][MQTT] Upload stream fill done bucket=8 records=8 complete=0 ms=64
[81851][I][MQTT] Upload stream refilled bucket=9 records=8 remaining=4444 ms=65
[81965][I][MQTT] Upload stream buffer drained; refilling remaining=4436 complete=0
[81968][I][MQTT] Upload stream fill begin bucket=9 max=8 requested=64 internalFree=31904 indexWindow=0 indexed=4508 truncated=0 sessions=52 sessionIndex=1 radioQuiet=1
[82008][I][MQTT] Upload RAM bucket staged bucket=9 records=1 lastEvent=23628 heapFree=21432 psramFree=7433716
[82028][I][MQTT] Upload stream fill done bucket=9 records=8 complete=0 ms=61
[82029][I][MQTT] Upload stream refilled bucket=10 records=8 remaining=4436 ms=62
[82143][I][MQTT] Upload stream buffer drained; refilling remaining=4428 complete=0
[82144][I][MQTT] Upload stream fill begin bucket=10 max=8 requested=64 internalFree=31904 indexWindow=0 indexed=4508 truncated=0 sessions=52 sessionIndex=1 radioQuiet=1
[82185][I][MQTT] Upload RAM bucket staged bucket=10 records=1 lastEvent=23636 heapFree=21400 psramFree=7433700
[82204][I][MQTT] Upload stream fill done bucket=10 records=8 complete=0 ms=60
[82205][I][MQTT] Upload stream refilled bucket=11 records=8 remaining=4428 ms=60
[82318][I][MQTT] Upload stream buffer drained; refilling remaining=4420 complete=0
[82319][I][MQTT] Upload stream fill begin bucket=11 max=8 requested=64 internalFree=31904 indexWindow=0 indexed=4508 truncated=0 sessions=52 sessionIndex=1 radioQuiet=1
[82359][I][MQTT] Upload RAM bucket staged bucket=11 records=1 lastEvent=23644 heapFree=21396 psramFree=7433716
[82380][I][MQTT] Upload stream fill done bucket=11 records=8 complete=0 ms=61
[82381][I][MQTT] Upload stream refilled bucket=12 records=8 remaining=4420 ms=61
[82493][I][MQTT] Upload stream buffer drained; refilling remaining=4412 complete=0
[82495][I][MQTT] Upload stream fill begin bucket=12 max=8 requested=64 internalFree=28104 indexWindow=0 indexed=4508 truncated=0 sessions=52 sessionIndex=1 radioQuiet=1
[82535][I][MQTT] Upload RAM bucket staged bucket=12 records=1 lastEvent=23652 heapFree=21240 psramFree=7433708
[82555][I][MQTT] Upload stream fill done bucket=12 records=8 complete=0 ms=60
[82556][I][MQTT] Upload stream refilled bucket=13 records=8 remaining=4412 ms=61
[82671][I][MQTT] Upload stream buffer drained; refilling remaining=4404 complete=0
[82672][I][MQTT] Upload stream fill begin bucket=13 max=8 requested=64 internalFree=27828 indexWindow=0 indexed=4508 truncated=0 sessions=52 sessionIndex=1 radioQuiet=1
[82712][I][MQTT] Upload RAM bucket staged bucket=13 records=1 lastEvent=23660 heapFree=21392 psramFree=7433732
[82733][I][MQTT] Upload stream fill done bucket=13 records=8 complete=0 ms=61
[82734][I][MQTT] Upload stream refilled bucket=14 records=8 remaining=4404 ms=62
[82890][I][MQTT] Upload stream buffer drained; refilling remaining=4396 complete=0
[82891][I][MQTT] Upload stream fill begin bucket=14 max=8 requested=64 internalFree=31904 indexWindow=0 indexed=4508 truncated=0 sessions=52 sessionIndex=1 radioQuiet=1
[82931][I][MQTT] Upload RAM bucket staged bucket=14 records=1 lastEvent=23668 heapFree=21228 psramFree=7433716
[82952][I][MQTT] Upload stream fill done bucket=14 records=8 complete=0 ms=61
[82953][I][MQTT] Upload stream refilled bucket=15 records=8 remaining=4396 ms=61
[83071][I][MQTT] Upload stream buffer drained; refilling remaining=4388 complete=0
[83072][I][MQTT] Upload stream fill begin bucket=15 max=8 requested=64 internalFree=31904 indexWindow=0 indexed=4508 truncated=0 sessions=52 sessionIndex=1 radioQuiet=1
[83113][I][MQTT] Upload RAM bucket staged bucket=15 records=1 lastEvent=23676 heapFree=21480 psramFree=7433732
[83133][I][MQTT] Upload stream fill done bucket=15 records=8 complete=0 ms=61
[83134][I][MQTT] Upload stream refilled bucket=16 records=8 remaining=4388 ms=61
[83253][I][MQTT] Dump progress pub=128 fail=0 session=1/52 since=23683 leaseMaxEvents=4508
[83254][I][MQTT] Upload stream buffer drained; refilling remaining=4380 complete=0
[83255][I][MQTT] Upload stream fill begin bucket=16 max=8 requested=64 internalFree=31904 indexWindow=0 indexed=4508 truncated=0 sessions=52 sessionIndex=1 radioQuiet=1
[83295][I][MQTT] Upload RAM bucket staged bucket=16 records=1 lastEvent=23684 heapFree=21344 psramFree=7433708
[83315][I][MQTT] Upload stream fill done bucket=16 records=8 complete=0 ms=60
[83316][I][MQTT] Upload stream refilled bucket=17 records=8 remaining=4380 ms=61
[83436][I][MQTT] Upload stream buffer drained; refilling remaining=4372 complete=0
[83437][I][MQTT] Upload stream fill begin bucket=17 max=8 requested=64 internalFree=31904 indexWindow=0 indexed=4508 truncated=0 sessions=52 sessionIndex=1 radioQuiet=1
[83476][I][MQTT] Upload RAM bucket staged bucket=17 records=1 lastEvent=23692 heapFree=21404 psramFree=7433708
[83497][I][MQTT] Upload stream fill done bucket=17 records=8 complete=0 ms=60
[83498][I][MQTT] Upload stream refilled bucket=18 records=8 remaining=4372 ms=60
[83613][I][MQTT] Upload stream buffer drained; refilling remaining=4364 complete=0
[83614][I][MQTT] Upload stream fill begin bucket=18 max=8 requested=64 internalFree=25708 indexWindow=0 indexed=4508 truncated=0 sessions=52 sessionIndex=1 radioQuiet=1
[83658][I][MQTT] Upload RAM bucket staged bucket=18 records=1 lastEvent=23700 heapFree=21268 psramFree=7433708
[83679][I][MQTT] Upload stream fill done bucket=18 records=8 complete=0 ms=65
[83680][I][MQTT] Upload stream refilled bucket=19 records=8 remaining=4364 ms=65
[83799][I][MQTT] Upload stream buffer drained; refilling remaining=4356 complete=0
[83800][I][MQTT] Upload stream fill begin bucket=19 max=8 requested=64 internalFree=31904 indexWindow=0 indexed=4508 truncated=0 sessions=52 sessionIndex=1 radioQuiet=1
[83839][I][MQTT] Upload RAM bucket staged bucket=19 records=1 lastEvent=23708 heapFree=21384 psramFree=7433708
[83852][I][MQTT] Upload RAM bucket session exhausted bucket=19 session=33e864-2996-325d08af since=23713 idx=1/52
[83853][I][MQTT] Upload bucket session start idx=2 sess=33e864-5395-507f5dff bucket=6
[83887][I][MQTT] Upload stream fill done bucket=19 records=8 complete=0 ms=87
[83888][I][MQTT] Upload stream refilled bucket=20 records=8 remaining=4356 ms=88
[83981][I][STORAGE] Segment lifecycle seg=220 partially_uploaded->fully_uploaded trust=trusted pending=0
[83995][I][STORAGE] Segment lifecycle seg=221 indexed->partially_uploaded trust=trusted pending=153
[84007][I][MQTT] Upload stream buffer drained; refilling remaining=4348 complete=0
[84008][I][MQTT] Upload stream fill begin bucket=20 max=8 requested=64 internalFree=27780 indexWindow=0 indexed=4508 truncated=0 sessions=52 sessionIndex=2 radioQuiet=1
[84049][I][MQTT] Upload RAM bucket staged bucket=20 records=1 lastEvent=23716 heapFree=21412 psramFree=7433732
[84068][I][MQTT] Upload stream fill done bucket=20 records=8 complete=0 ms=60
[84069][I][MQTT] Upload stream refilled bucket=21 records=8 remaining=4348 ms=60
[84187][I][MQTT] Upload stream buffer drained; refilling remaining=4340 complete=0
[84188][I][MQTT] Upload stream fill begin bucket=21 max=8 requested=64 internalFree=31856 indexWindow=0 indexed=4508 truncated=0 sessions=52 sessionIndex=2 radioQuiet=1
[84226][I][MQTT] Upload RAM bucket staged bucket=21 records=1 lastEvent=23724 heapFree=21184 psramFree=7433700
[84246][I][MQTT] Upload stream fill done bucket=21 records=8 complete=0 ms=58
[84247][I][MQTT] Upload stream refilled bucket=22 records=8 remaining=4340 ms=58
[84367][I][MQTT] Upload stream buffer drained; refilling remaining=4332 complete=0
[84369][I][MQTT] Upload stream fill begin bucket=22 max=8 requested=64 internalFree=31856 indexWindow=0 indexed=4508 truncated=0 sessions=52 sessionIndex=2 radioQuiet=1
[84408][I][MQTT] Upload RAM bucket staged bucket=22 records=1 lastEvent=23732 heapFree=21268 psramFree=7433716
[84428][I][MQTT] Upload stream fill done bucket=22 records=8 complete=0 ms=60
[84429][I][MQTT] Upload stream refilled bucket=23 records=8 remaining=4332 ms=60
[84547][I][MQTT] Upload stream buffer drained; refilling remaining=4324 complete=0
[84548][I][MQTT] Upload stream fill begin bucket=23 max=8 requested=64 internalFree=31856 indexWindow=0 indexed=4508 truncated=0 sessions=52 sessionIndex=2 radioQuiet=1
[84587][I][MQTT] Upload RAM bucket staged bucket=23 records=1 lastEvent=23740 heapFree=21484 psramFree=7433716
[84607][I][MQTT] Upload stream fill done bucket=23 records=8 complete=0 ms=59
[84608][I][MQTT] Upload stream refilled bucket=24 records=8 remaining=4324 ms=59
[84725][I][MQTT] Dump progress pub=192 fail=0 session=2/52 since=23747 leaseMaxEvents=4508
[84726][I][MQTT] Upload stream buffer drained; refilling remaining=4316 complete=0
[84727][I][MQTT] Upload stream fill begin bucket=24 max=8 requested=64 internalFree=27816 indexWindow=0 indexed=4508 truncated=0 sessions=52 sessionIndex=2 radioQuiet=1
[84769][I][MQTT] Upload RAM bucket staged bucket=24 records=1 lastEvent=23748 heapFree=21580 psramFree=7433716
[84789][I][MQTT] Upload stream fill done bucket=24 records=8 complete=0 ms=62
[84790][I][MQTT] Upload stream refilled bucket=25 records=8 remaining=4316 ms=63
[84908][I][MQTT] Upload stream buffer drained; refilling remaining=4308 complete=0
[84909][I][MQTT] Upload stream fill begin bucket=25 max=8 requested=64 internalFree=31856 indexWindow=0 indexed=4508 truncated=0 sessions=52 sessionIndex=2 radioQuiet=1
[84948][I][MQTT] Upload RAM bucket staged bucket=25 records=1 lastEvent=23756 heapFree=21520 psramFree=7433716
[84968][I][MQTT] Upload stream fill done bucket=25 records=8 complete=0 ms=59
[84969][I][MQTT] Upload stream refilled bucket=26 records=8 remaining=4308 ms=59
[85089][I][MQTT] Upload stream buffer drained; refilling remaining=4300 complete=0
[85090][I][MQTT] Upload stream fill begin bucket=26 max=8 requested=64 internalFree=31856 indexWindow=0 indexed=4508 truncated=0 sessions=52 sessionIndex=2 radioQuiet=1
[85129][I][MQTT] Upload RAM bucket staged bucket=26 records=1 lastEvent=23764 heapFree=21272 psramFree=7433716
[85152][I][MQTT] Upload stream fill done bucket=26 records=8 complete=0 ms=62
[85153][I][MQTT] Upload stream refilled bucket=27 records=8 remaining=4300 ms=62
[85272][I][MQTT] Upload stream buffer drained; refilling remaining=4292 complete=0
[85273][I][MQTT] Upload stream fill begin bucket=27 max=8 requested=64 internalFree=31856 indexWindow=0 indexed=4508 truncated=0 sessions=52 sessionIndex=2 radioQuiet=1
[85312][I][MQTT] Upload RAM bucket staged bucket=27 records=1 lastEvent=23772 heapFree=21268 psramFree=7433732
[85333][I][MQTT] Upload stream fill done bucket=27 records=8 complete=0 ms=60
[85333][I][MQTT] Upload stream refilled bucket=28 records=8 remaining=4292 ms=61
[85452][I][MQTT] Upload stream buffer drained; refilling remaining=4284 complete=0
[85454][I][MQTT] Upload stream fill begin bucket=28 max=8 requested=64 internalFree=31856 indexWindow=0 indexed=4508 truncated=0 sessions=52 sessionIndex=2 radioQuiet=1
[85492][I][MQTT] Upload RAM bucket staged bucket=28 records=1 lastEvent=23780 heapFree=21332 psramFree=7433716
[85513][I][MQTT] Upload stream fill done bucket=28 records=8 complete=0 ms=60
[85514][I][MQTT] Upload stream refilled bucket=29 records=8 remaining=4284 ms=60
[85631][I][MQTT] Upload stream buffer drained; refilling remaining=4276 complete=0
[85632][I][MQTT] Upload stream fill begin bucket=29 max=8 requested=64 internalFree=31856 indexWindow=0 indexed=4508 truncated=0 sessions=52 sessionIndex=2 radioQuiet=1
[85673][I][MQTT] Upload RAM bucket staged bucket=29 records=1 lastEvent=23788 heapFree=21148 psramFree=7433700
[85693][I][MQTT] Upload stream fill done bucket=29 records=8 complete=0 ms=61
[85694][I][MQTT] Upload stream refilled bucket=30 records=8 remaining=4276 ms=61
[85810][I][MQTT] Upload stream buffer drained; refilling remaining=4268 complete=0
[85811][I][MQTT] Upload stream fill begin bucket=30 max=8 requested=64 internalFree=31856 indexWindow=0 indexed=4508 truncated=0 sessions=52 sessionIndex=2 radioQuiet=1
[85850][I][MQTT] Upload RAM bucket staged bucket=30 records=1 lastEvent=23796 heapFree=21332 psramFree=7433716
[85870][I][MQTT] Upload stream fill done bucket=30 records=8 complete=0 ms=59
[85871][I][MQTT] Upload stream refilled bucket=31 records=8 remaining=4268 ms=59
[85988][I][MQTT] Upload stream buffer drained; refilling remaining=4260 complete=0
[85989][I][MQTT] Upload stream fill begin bucket=31 max=8 requested=64 internalFree=31856 indexWindow=0 indexed=4508 truncated=0 sessions=52 sessionIndex=2 radioQuiet=1
[86029][I][MQTT] Upload RAM bucket staged bucket=31 records=1 lastEvent=23804 heapFree=21268 psramFree=7433732
[86049][I][MQTT] Upload stream fill done bucket=31 records=8 complete=0 ms=60
[86050][I][MQTT] Upload stream refilled bucket=32 records=8 remaining=4260 ms=61
[86089][I][MQTT] Upload checkpoint deferred until radio quiet pub=250
[86163][I][MQTT] Dump progress pub=256 fail=0 session=2/52 since=23811 leaseMaxEvents=4508
[86164][I][MQTT] Upload stream buffer drained; refilling remaining=4252 complete=0
[87303][I][STORAGE] worker ui refresh serviced uiRefreshServiceCount=1 uiDeferred=1 uiFlush=2 pressure=0 usedPct=19 pending=4252
[87303][W][STORAGE] worker metadata flush reason=upload_checkpoint ms=1139 ok=1 dirty=0
[87304][I][STORAGE] worker metadata flush metadataFlushCount=1 reason=upload_checkpoint entryMetadataDirtyPending=1 entryUiRefreshPending=1 metadataDirtyPending=0 uiDeferred=1 uiFlush=2 uiRefreshServiceCount=1 m
[88481][I][MQTT] Upload stream fill begin bucket=32 max=8 requested=64 internalFree=31856 indexWindow=0 indexed=4508 truncated=0 sessions=52 sessionIndex=2 radioQuiet=1
[88526][I][MQTT] Upload RAM bucket staged bucket=32 records=1 lastEvent=23812 heapFree=21428 psramFree=7433732
[88546][I][MQTT] Upload stream fill done bucket=32 records=8 complete=0 ms=65
[88547][I][MQTT] Upload stream refilled bucket=33 records=8 remaining=4252 ms=67
[88557][W][CORE] TaskHardware loop gap=2497ms owner=WIFI_UPLOAD pendingUpload=4252 maintPending=1 suppressed=3
[88666][I][MQTT] Upload stream buffer drained; refilling remaining=4244 complete=0
[88667][I][MQTT] Upload stream fill begin bucket=33 max=8 requested=64 internalFree=31856 indexWindow=0 indexed=4508 truncated=0 sessions=52 sessionIndex=2 radioQuiet=1
[88712][I][MQTT] Upload RAM bucket staged bucket=33 records=1 lastEvent=23820 heapFree=21484 psramFree=7433732
[88732][I][MQTT] Upload stream fill done bucket=33 records=8 complete=0 ms=65
[88733][I][MQTT] Upload stream refilled bucket=34 records=8 remaining=4244 ms=66
[88850][I][MQTT] Upload stream buffer drained; refilling remaining=4236 complete=0
[88851][I][MQTT] Upload stream fill begin bucket=34 max=8 requested=64 internalFree=31856 indexWindow=0 indexed=4508 truncated=0 sessions=52 sessionIndex=2 radioQuiet=1
[88895][I][MQTT] Upload RAM bucket staged bucket=34 records=1 lastEvent=23828 heapFree=21196 psramFree=7433700
[88915][I][MQTT] Upload stream fill done bucket=34 records=8 complete=0 ms=64
[88916][I][MQTT] Upload stream refilled bucket=35 records=8 remaining=4236 ms=64
[88917][I][STACK] TaskHardware watermark=10824B min=10824B
[88920][I][HEAP] heap free=7282KB min=7217KB largest=7168KB frag=1% internalFree=26KB internalLargest=16KB psramFree=7257KB core=0/0% owner=WIFI_UPLOAD nets=0 pendingUpload=4236 pendingEnrich=71
[HEALTH] time=2026-08-07 15:07:49 src=ntp
[HEALTH] heap used=1141/8424KB free=7282KB min=7217KB largest=7168KB frag=1%
[HEALTH] internal used=206/232KB free=26KB min=0KB largest=16KB
[HEALTH] psram used=935/8192KB free=7257KB largest=7168KB
[HEALTH] stack free_min: core0=11KB/22KB core1=14KB/18KB
[HEALTH] core usage: core0=0% core1=0%
[HEALTH] power=usb state=usb batt=100% 4661mV trend=-20mV/min runtime=0min cap=1100mAh charging=0
[HEALTH] radio=WIFI_UPLOAD wifi=0 ble=0 gps=0 nets=0 pendingUpload=4236 pendingEnrich=71
[HEALTH] subghz=NONE mode=OFF pkts=0 nodes=0
[88922][I][STORAGE] RAMSpool enq=0 cons=0 inflight=0/1024 high=0 pressure=0 drop[full=0 big=0 noise=0 p3Evict=0 p3Drop=0 p2Drop=0 p1Fail=0] free=1024
[88923][I][STORAGE] RAMSpool enqueue probe[ok=0 drop=0] device[ok=0 drop=0]
[88923][I][STORAGE] RAMSpool worker probe[ok=0 sup=0 drop=0 fail=0 slow=0] device[ok=0 sup=0 drop=0 fail=0 slow=0] slowTotal=0 maxMs=0
[88923][I][STORAGE] RAMSpool prioEnq p0=0 p1=0 p2=0 p3=0
[88923][I][STORAGE] RAMSpool lanes p1=0/0 p2=0/0 p3=0/0
[89040][I][MQTT] Upload stream buffer drained; refilling remaining=4228 complete=0
[89041][I][MQTT] Upload stream fill begin bucket=35 max=8 requested=64 internalFree=31856 indexWindow=0 indexed=4508 truncated=0 sessions=52 sessionIndex=2 radioQuiet=1
[89085][I][MQTT] Upload RAM bucket staged bucket=35 records=1 lastEvent=23836 heapFree=21412 psramFree=7433716
[89106][I][MQTT] Upload stream fill done bucket=35 records=8 complete=0 ms=65
[89107][I][MQTT] Upload stream refilled bucket=36 records=8 remaining=4228 ms=66
[89223][I][MQTT] Upload stream buffer drained; refilling remaining=4220 complete=0
[89224][I][MQTT] Upload stream fill begin bucket=36 max=8 requested=64 internalFree=31856 indexWindow=0 indexed=4508 truncated=0 sessions=52 sessionIndex=2 radioQuiet=1
[89268][I][MQTT] Upload RAM bucket staged bucket=36 records=1 lastEvent=23844 heapFree=21388 psramFree=7433716
[89288][I][MQTT] Upload stream fill done bucket=36 records=8 complete=0 ms=64
[89289][I][MQTT] Upload stream refilled bucket=37 records=8 remaining=4220 ms=66
[89404][I][MQTT] Upload stream buffer drained; refilling remaining=4212 complete=0
[89405][I][MQTT] Upload stream fill begin bucket=37 max=8 requested=64 internalFree=31856 indexWindow=0 indexed=4508 truncated=0 sessions=52 sessionIndex=2 radioQuiet=1
[89449][I][MQTT] Upload RAM bucket staged bucket=37 records=1 lastEvent=23852 heapFree=21412 psramFree=7433716
[89470][I][MQTT] Upload stream fill done bucket=37 records=8 complete=0 ms=65
[89471][I][MQTT] Upload stream refilled bucket=38 records=8 remaining=4212 ms=66
[89576][I][MQTT] Upload stream buffer drained; refilling remaining=4204 complete=0
[89577][I][MQTT] Upload stream fill begin bucket=38 max=2 requested=64 internalFree=15660 indexWindow=0 indexed=4508 truncated=0 sessions=52 sessionIndex=2 radioQuiet=1
[89620][I][MQTT] Upload RAM bucket staged bucket=38 records=1 lastEvent=23860 heapFree=9204 psramFree=7433716
[89624][I][MQTT] Upload stream fill done bucket=38 records=2 complete=0 ms=47
[89625][I][MQTT] Upload stream refilled bucket=39 records=2 remaining=4204 ms=47
[89671][I][MQTT] Upload stream buffer drained; refilling remaining=4202 complete=0
[89672][I][MQTT] Upload stream fill begin bucket=39 max=8 requested=64 internalFree=31856 indexWindow=0 indexed=4508 truncated=0 sessions=52 sessionIndex=2 radioQuiet=1
[89716][I][MQTT] Upload RAM bucket staged bucket=39 records=1 lastEvent=23862 heapFree=21264 psramFree=7433716
[89729][I][MQTT] Upload RAM bucket session exhausted bucket=39 session=33e864-5395-507f5dff since=23867 idx=2/52
[89730][I][MQTT] Upload bucket session start idx=3 sess=33e864-4172-1ff3dd91 bucket=6
[89769][I][MQTT] Upload stream fill done bucket=39 records=8 complete=0 ms=97
[89770][I][MQTT] Upload stream refilled bucket=40 records=8 remaining=4202 ms=98
[89857][I][STORAGE] Segment lifecycle seg=221 partially_uploaded->fully_uploaded trust=trusted pending=0
[89871][I][STORAGE] Segment lifecycle seg=222 indexed->partially_uploaded trust=trusted pending=7
[89885][I][MQTT] Upload stream buffer drained; refilling remaining=4194 complete=0
[89886][I][MQTT] Upload stream fill begin bucket=40 max=8 requested=64 internalFree=31808 indexWindow=0 indexed=4508 truncated=0 sessions=52 sessionIndex=3 radioQuiet=1
[89929][I][MQTT] Upload RAM bucket staged bucket=40 records=1 lastEvent=23870 heapFree=21376 psramFree=7433716
[89942][I][MQTT] Upload RAM bucket session exhausted bucket=40 session=33e864-4172-1ff3dd91 since=23875 idx=3/52
[89943][I][MQTT] Upload bucket session start idx=4 sess=33e864-5490-c754e7b6 bucket=6
[89982][I][MQTT] Upload stream fill done bucket=40 records=8 complete=0 ms=96
[89983][I][MQTT] Upload stream refilled bucket=41 records=8 remaining=4194 ms=97
[90073][I][STORAGE] Segment lifecycle seg=222 partially_uploaded->fully_uploaded trust=trusted pending=0
[90074][I][MQTT] Dump progress pub=320 fail=0 session=4/52 since=23877 leaseMaxEvents=4508
[90089][I][STORAGE] Segment lifecycle seg=223 indexed->partially_uploaded trust=trusted pending=8
[90103][I][MQTT] Upload stream buffer drained; refilling remaining=4186 complete=0
[90104][I][MQTT] Upload stream fill begin bucket=41 max=8 requested=64 internalFree=31600 indexWindow=0 indexed=4508 truncated=0 sessions=52 sessionIndex=4 radioQuiet=1
[90148][I][MQTT] Upload RAM bucket staged bucket=41 records=1 lastEvent=23878 heapFree=21112 psramFree=7433716
[90165][I][MQTT] Upload RAM bucket session exhausted bucket=41 session=33e864-5490-c754e7b6 since=23884 idx=4/52
[90166][I][MQTT] Upload bucket session start idx=5 sess=33e864-6687-f74b01cb bucket=7
[90202][I][MQTT] Upload stream fill done bucket=41 records=8 complete=0 ms=98
[90203][I][MQTT] Upload stream refilled bucket=42 records=8 remaining=4186 ms=98
[90308][I][STORAGE] Segment lifecycle seg=223 partially_uploaded->fully_uploaded trust=trusted pending=0
[90322][I][STORAGE] Segment lifecycle seg=226 indexed->partially_uploaded trust=trusted pending=12
[90323][I][MQTT] Upload stream buffer drained; refilling remaining=4178 complete=0
[90324][I][MQTT] Upload stream fill begin bucket=42 max=8 requested=64 internalFree=31552 indexWindow=0 indexed=4508 truncated=0 sessions=52 sessionIndex=5 radioQuiet=1
[90367][I][MQTT] Upload RAM bucket staged bucket=42 records=1 lastEvent=23886 heapFree=21044 psramFree=7433732
[90387][I][MQTT] Upload stream fill done bucket=42 records=8 complete=0 ms=63
[90388][I][MQTT] Upload stream refilled bucket=43 records=8 remaining=4178 ms=64
[90501][I][MQTT] Upload stream buffer drained; refilling remaining=4170 complete=0
[90502][I][MQTT] Upload stream fill begin bucket=43 max=8 requested=64 internalFree=31552 indexWindow=0 indexed=4508 truncated=0 sessions=52 sessionIndex=5 radioQuiet=1
[90546][I][MQTT] Upload RAM bucket staged bucket=43 records=1 lastEvent=23894 heapFree=20872 psramFree=7433716
[90551][I][MQTT] Upload RAM bucket session exhausted bucket=43 session=33e864-6687-f74b01cb since=23897 idx=5/52
[90552][I][MQTT] Upload bucket session start idx=6 sess=33e864-5684-3885419a bucket=4
[90594][I][MQTT] Upload RAM bucket session exhausted bucket=43 session=33e864-5684-3885419a since=23900 idx=6/52
[90595][I][MQTT] Upload bucket session start idx=7 sess=33e864-7976-be647969 bucket=7
[90631][I][MQTT] Upload stream fill done bucket=43 records=8 complete=0 ms=129
[90632][I][MQTT] Upload stream refilled bucket=44 records=8 remaining=4170 ms=129
[90697][I][STORAGE] Segment lifecycle seg=226 partially_uploaded->fully_uploaded trust=trusted pending=0
[90711][I][STORAGE] Segment lifecycle seg=227 indexed->partially_uploaded trust=trusted pending=2
[90736][I][STORAGE] Segment lifecycle seg=227 partially_uploaded->fully_uploaded trust=trusted pending=0
[90749][I][STORAGE] Segment lifecycle seg=228 indexed->partially_uploaded trust=trusted pending=14
[90750][I][MQTT] Upload stream buffer drained; refilling remaining=4162 complete=0
[90751][I][MQTT] Upload stream fill begin bucket=44 max=8 requested=64 internalFree=31456 indexWindow=0 indexed=4508 truncated=0 sessions=52 sessionIndex=7 radioQuiet=1
[90795][I][MQTT] Upload RAM bucket staged bucket=44 records=1 lastEvent=23902 heapFree=21004 psramFree=7433732
[90815][I][MQTT] Upload stream fill done bucket=44 records=8 complete=0 ms=64
[90816][I][MQTT] Upload stream refilled bucket=45 records=8 remaining=4162 ms=65
[90930][I][MQTT] Upload stream buffer drained; refilling remaining=4154 complete=0
[90931][I][MQTT] Upload stream fill begin bucket=45 max=8 requested=64 internalFree=31456 indexWindow=0 indexed=4508 truncated=0 sessions=52 sessionIndex=7 radioQuiet=1
[90975][I][MQTT] Upload RAM bucket staged bucket=45 records=1 lastEvent=23910 heapFree=20972 psramFree=7433716
[90988][I][MQTT] Upload RAM bucket session exhausted bucket=45 session=33e864-7976-be647969 since=23915 idx=7/52
[90989][I][MQTT] Upload bucket session start idx=8 sess=33e864-5945-96eb6d6e bucket=6
[91028][I][MQTT] Upload stream fill done bucket=45 records=8 complete=0 ms=97
[91029][I][MQTT] Upload stream refilled bucket=46 records=8 remaining=4154 ms=97
[91116][I][STORAGE] Segment lifecycle seg=228 partially_uploaded->fully_uploaded trust=trusted pending=0
[91129][I][STORAGE] Segment lifecycle seg=229 indexed->partially_uploaded trust=trusted pending=10
[91143][I][MQTT] Upload stream buffer drained; refilling remaining=4146 complete=0
[91144][I][MQTT] Upload stream fill begin bucket=46 max=8 requested=64 internalFree=31408 indexWindow=0 indexed=4508 truncated=0 sessions=52 sessionIndex=8 radioQuiet=1
[91187][I][MQTT] Upload RAM bucket staged bucket=46 records=1 lastEvent=23918 heapFree=20972 psramFree=7433716
[91207][I][MQTT] Upload stream fill done bucket=46 records=8 complete=0 ms=63
[91208][I][MQTT] Upload stream refilled bucket=47 records=8 remaining=4146 ms=64
[91321][I][MQTT] Upload stream buffer drained; refilling remaining=4138 complete=0
[91322][I][MQTT] Upload stream fill begin bucket=47 max=8 requested=64 internalFree=31408 indexWindow=0 indexed=4508 truncated=0 sessions=52 sessionIndex=8 radioQuiet=1
[91358][I][MQTT] Upload RAM bucket staged bucket=47 records=1 lastEvent=23926 heapFree=22264 psramFree=7433700
[91360][I][MQTT] Upload RAM bucket session exhausted bucket=47 session=33e864-5945-96eb6d6e since=23926 idx=8/52
[91360][I][MQTT] Upload bucket session start idx=9 sess=33e864-5917-8c25cac4 bucket=1
[91418][I][MQTT] Upload stream fill done bucket=47 records=8 complete=0 ms=96
[91419][I][MQTT] Upload stream refilled bucket=48 records=8 remaining=4138 ms=97
[91443][I][STORAGE] Segment lifecycle seg=229 partially_uploaded->fully_uploaded trust=trusted pending=0
[91457][I][STORAGE] Segment lifecycle seg=230 indexed->partially_uploaded trust=trusted pending=9
[91535][I][MQTT] Upload stream buffer drained; refilling remaining=4130 complete=0
[91537][I][MQTT] Upload stream fill begin bucket=48 max=8 requested=64 internalFree=31348 indexWindow=0 indexed=4508 truncated=0 sessions=52 sessionIndex=9 radioQuiet=1
[91577][I][MQTT] Upload RAM bucket staged bucket=48 records=1 lastEvent=23934 heapFree=22100 psramFree=7433716
[91581][I][MQTT] Upload RAM bucket session exhausted bucket=48 session=33e864-5917-8c25cac4 since=23936 idx=9/52
[91581][I][MQTT] Upload bucket session start idx=10 sess=33e864-3824-c35988a5 bucket=3
[91632][I][MQTT] Upload stream fill done bucket=48 records=8 complete=0 ms=96
[91633][I][MQTT] Upload stream refilled bucket=49 records=8 remaining=4130 ms=96
[91687][I][STORAGE] Segment lifecycle seg=230 partially_uploaded->fully_uploaded trust=trusted pending=0
[91702][I][STORAGE] Segment lifecycle seg=232 indexed->partially_uploaded trust=trusted pending=199
[91729][I][MQTT] Dump progress pub=384 fail=0 session=10/52 since=23941 leaseMaxEvents=4508
[91754][I][MQTT] Upload stream buffer drained; refilling remaining=4122 complete=0
[91755][I][MQTT] Upload stream fill begin bucket=49 max=8 requested=64 internalFree=31300 indexWindow=0 indexed=4508 truncated=0 sessions=52 sessionIndex=10 radioQuiet=1
[91799][I][MQTT] Upload RAM bucket staged bucket=49 records=1 lastEvent=23942 heapFree=21060 psramFree=7433748
[91817][I][MQTT] Upload stream fill done bucket=49 records=8 complete=0 ms=62
[91818][I][MQTT] Upload stream refilled bucket=50 records=8 remaining=4122 ms=62
[91934][I][MQTT] Upload stream buffer drained; refilling remaining=4114 complete=0
[91935][I][MQTT] Upload stream fill begin bucket=50 max=8 requested=64 internalFree=31300 indexWindow=0 indexed=4508 truncated=0 sessions=52 sessionIndex=10 radioQuiet=1
[91977][I][MQTT] Upload RAM bucket staged bucket=50 records=1 lastEvent=23950 heapFree=20920 psramFree=7433732
[91998][I][MQTT] Upload stream fill done bucket=50 records=8 complete=0 ms=63
[91999][I][MQTT] Upload stream refilled bucket=51 records=8 remaining=4114 ms=64
[92118][I][MQTT] Upload stream buffer drained; refilling remaining=4106 complete=0
[92119][I][MQTT] Upload stream fill begin bucket=51 max=8 requested=64 internalFree=31300 indexWindow=0 indexed=4508 truncated=0 sessions=52 sessionIndex=10 radioQuiet=1
[92162][I][MQTT] Upload RAM bucket staged bucket=51 records=1 lastEvent=23958 heapFree=21020 psramFree=7433756
[92182][I][MQTT] Upload stream fill done bucket=51 records=8 complete=0 ms=63
[92183][I][MQTT] Upload stream refilled bucket=52 records=8 remaining=4106 ms=64
[92298][I][MQTT] Upload stream buffer drained; refilling remaining=4098 complete=0
[92299][I][MQTT] Upload stream fill begin bucket=52 max=8 requested=64 internalFree=31300 indexWindow=0 indexed=4508 truncated=0 sessions=52 sessionIndex=10 radioQuiet=1
[92343][I][MQTT] Upload RAM bucket staged bucket=52 records=1 lastEvent=23966 heapFree=20984 psramFree=7433748
[92362][I][MQTT] Upload stream fill done bucket=52 records=8 complete=0 ms=63
[92363][I][MQTT] Upload stream refilled bucket=53 records=8 remaining=4098 ms=64
[92476][I][MQTT] Upload stream buffer drained; refilling remaining=4090 complete=0
[92477][I][MQTT] Upload stream fill begin bucket=53 max=8 requested=64 internalFree=31300 indexWindow=0 indexed=4508 truncated=0 sessions=52 sessionIndex=10 radioQuiet=1
[92522][I][MQTT] Upload RAM bucket staged bucket=53 records=1 lastEvent=23974 heapFree=21000 psramFree=7433748
[92541][I][MQTT] Upload stream fill done bucket=53 records=8 complete=0 ms=64
[92542][I][MQTT] Upload stream refilled bucket=54 records=8 remaining=4090 ms=64
[92658][I][MQTT] Upload stream buffer drained; refilling remaining=4082 complete=0
[92659][I][MQTT] Upload stream fill begin bucket=54 max=8 requested=64 internalFree=31300 indexWindow=0 indexed=4508 truncated=0 sessions=52 sessionIndex=10 radioQuiet=1
[92702][I][MQTT] Upload RAM bucket staged bucket=54 records=1 lastEvent=23982 heapFree=21120 psramFree=7433748
[92721][I][MQTT] Upload stream fill done bucket=54 records=8 complete=0 ms=62
[92722][I][MQTT] Upload stream refilled bucket=55 records=8 remaining=4082 ms=63
[92835][I][MQTT] Upload stream buffer drained; refilling remaining=4074 complete=0
[92836][I][MQTT] Upload stream fill begin bucket=55 max=8 requested=64 internalFree=19252 indexWindow=0 indexed=4508 truncated=0 sessions=52 sessionIndex=10 radioQuiet=1
[92887][I][MQTT] Upload RAM bucket staged bucket=55 records=1 lastEvent=23990 heapFree=20992 psramFree=7433748
[92907][I][MQTT] Upload stream fill done bucket=55 records=8 complete=0 ms=71
[92908][I][MQTT] Upload stream refilled bucket=56 records=8 remaining=4074 ms=71
[93018][I][MQTT] Upload stream buffer drained; refilling remaining=4066 complete=0
[93019][I][MQTT] Upload stream fill begin bucket=56 max=8 requested=64 internalFree=28028 indexWindow=0 indexed=4508 truncated=0 sessions=52 sessionIndex=10 radioQuiet=1
[93063][I][MQTT] Upload RAM bucket staged bucket=56 records=1 lastEvent=23998 heapFree=20972 psramFree=7433748
[93082][I][MQTT] Upload stream fill done bucket=56 records=8 complete=0 ms=63
[93083][I][MQTT] Upload stream refilled bucket=57 records=8 remaining=4066 ms=63
[93173][I][MQTT] Dump progress pub=448 fail=0 session=10/52 since=24005 leaseMaxEvents=4508
[93199][I][MQTT] Upload stream buffer drained; refilling remaining=4058 complete=0
[93201][I][MQTT] Upload stream fill begin bucket=57 max=8 requested=64 internalFree=31300 indexWindow=0 indexed=4508 truncated=0 sessions=52 sessionIndex=10 radioQuiet=1
[93245][I][MQTT] Upload RAM bucket staged bucket=57 records=1 lastEvent=24006 heapFree=20984 psramFree=7433748
[93264][I][MQTT] Upload stream fill done bucket=57 records=8 complete=0 ms=64
[93265][I][MQTT] Upload stream refilled bucket=58 records=8 remaining=4058 ms=64
[93376][I][MQTT] Upload stream buffer drained; refilling remaining=4050 complete=0
[93377][I][MQTT] Upload stream fill begin bucket=58 max=8 requested=64 internalFree=31300 indexWindow=0 indexed=4508 truncated=0 sessions=52 sessionIndex=10 radioQuiet=1
[93422][I][MQTT] Upload RAM bucket staged bucket=58 records=1 lastEvent=24014 heapFree=21000 psramFree=7433748
[93440][I][MQTT] Upload stream fill done bucket=58 records=8 complete=0 ms=63
[93441][I][MQTT] Upload stream refilled bucket=59 records=8 remaining=4050 ms=63
[93555][I][MQTT] Upload stream buffer drained; refilling remaining=4042 complete=0
[93556][I][MQTT] Upload stream fill begin bucket=59 max=8 requested=64 internalFree=23252 indexWindow=0 indexed=4508 truncated=0 sessions=52 sessionIndex=10 radioQuiet=1
[93603][I][MQTT] Upload RAM bucket staged bucket=59 records=1 lastEvent=24022 heapFree=21004 psramFree=7433756
[93622][I][MQTT] Upload stream fill done bucket=59 records=8 complete=0 ms=66
[93623][I][MQTT] Upload stream refilled bucket=60 records=8 remaining=4042 ms=67
[93738][I][MQTT] Upload stream buffer drained; refilling remaining=4034 complete=0
[93739][I][MQTT] Upload stream fill begin bucket=60 max=8 requested=64 internalFree=31300 indexWindow=0 indexed=4508 truncated=0 sessions=52 sessionIndex=10 radioQuiet=1
[93783][I][MQTT] Upload RAM bucket staged bucket=60 records=1 lastEvent=24030 heapFree=20840 psramFree=7433732
[93802][I][MQTT] Upload stream fill done bucket=60 records=8 complete=0 ms=63
[93803][I][MQTT] Upload stream refilled bucket=61 records=8 remaining=4034 ms=63
[93922][I][MQTT] Upload stream buffer drained; refilling remaining=4026 complete=0
[93923][I][MQTT] Upload stream fill begin bucket=61 max=8 requested=64 internalFree=31300 indexWindow=0 indexed=4508 truncated=0 sessions=52 sessionIndex=10 radioQuiet=1
[93966][I][MQTT] Upload RAM bucket staged bucket=61 records=1 lastEvent=24038 heapFree=21028 psramFree=7433748
[93985][I][MQTT] Upload stream fill done bucket=61 records=8 complete=0 ms=62
[93986][I][MQTT] Upload stream refilled bucket=62 records=8 remaining=4026 ms=63
[94097][I][MQTT] Upload stream buffer drained; refilling remaining=4018 complete=0
[94098][I][MQTT] Upload stream fill begin bucket=62 max=8 requested=64 internalFree=31300 indexWindow=0 indexed=4508 truncated=0 sessions=52 sessionIndex=10 radioQuiet=1
[94142][I][MQTT] Upload RAM bucket staged bucket=62 records=1 lastEvent=24046 heapFree=21088 psramFree=7433748
[94161][I][MQTT] Upload stream fill done bucket=62 records=8 complete=0 ms=63
[94162][I][MQTT] Upload stream refilled bucket=63 records=8 remaining=4018 ms=64
[94276][I][MQTT] Upload stream buffer drained; refilling remaining=4010 complete=0
[94277][I][MQTT] Upload stream fill begin bucket=63 max=8 requested=64 internalFree=31300 indexWindow=0 indexed=4508 truncated=0 sessions=52 sessionIndex=10 radioQuiet=1
[94322][I][MQTT] Upload RAM bucket staged bucket=63 records=1 lastEvent=24054 heapFree=21008 psramFree=7433756
[94341][I][MQTT] Upload stream fill done bucket=63 records=8 complete=0 ms=64
[94342][I][MQTT] Upload stream refilled bucket=64 records=8 remaining=4010 ms=64
[94379][I][MQTT] Upload checkpoint deferred until radio quiet pub=500
[94457][I][MQTT] Upload stream buffer drained; refilling remaining=4002 complete=0
[95768][I][STORAGE] worker ui refresh serviced uiRefreshServiceCount=2 uiDeferred=1 uiFlush=2 pressure=0 usedPct=19 pending=4002
[95768][W][STORAGE] worker metadata flush reason=upload_checkpoint ms=1310 ok=1 dirty=0
[95769][I][STORAGE] worker metadata flush metadataFlushCount=2 reason=upload_checkpoint entryMetadataDirtyPending=1 entryUiRefreshPending=0 metadataDirtyPending=0 uiDeferred=1 uiFlush=2 uiRefreshServiceCount=2 m
[96947][I][MQTT] Upload stream fill begin bucket=64 max=8 requested=64 internalFree=31300 indexWindow=0 indexed=4508 truncated=0 sessions=52 sessionIndex=10 radioQuiet=1
[96996][I][MQTT] Upload RAM bucket staged bucket=64 records=1 lastEvent=24062 heapFree=20684 psramFree=7433724
[97016][I][MQTT] Upload stream fill done bucket=64 records=8 complete=0 ms=69
[97017][I][MQTT] Upload stream refilled bucket=65 records=8 remaining=4002 ms=70
[97107][I][MQTT] Dump progress pub=512 fail=0 session=10/52 since=24069 leaseMaxEvents=4508
[97135][I][MQTT] Upload stream buffer drained; refilling remaining=3994 complete=0
[97136][I][MQTT] Upload stream fill begin bucket=65 max=8 requested=64 internalFree=31300 indexWindow=0 indexed=4508 truncated=0 sessions=52 sessionIndex=10 radioQuiet=1
[97185][I][MQTT] Upload RAM bucket staged bucket=65 records=1 lastEvent=24070 heapFree=21000 psramFree=7433748
[97204][I][MQTT] Upload stream fill done bucket=65 records=8 complete=0 ms=68
[97205][I][MQTT] Upload stream refilled bucket=66 records=8 remaining=3994 ms=69
[97317][I][MQTT] Upload stream buffer drained; refilling remaining=3986 complete=0
[97318][I][MQTT] Upload stream fill begin bucket=66 max=8 requested=64 internalFree=29164 indexWindow=0 indexed=4508 truncated=0 sessions=52 sessionIndex=10 radioQuiet=1
[97368][I][MQTT] Upload RAM bucket staged bucket=66 records=1 lastEvent=24078 heapFree=21060 psramFree=7433748
[97386][I][MQTT] Upload stream fill done bucket=66 records=8 complete=0 ms=68
[97387][I][MQTT] Upload stream refilled bucket=67 records=8 remaining=3986 ms=69
[97500][I][MQTT] Upload stream buffer drained; refilling remaining=3978 complete=0
[97501][I][MQTT] Upload stream fill begin bucket=67 max=8 requested=64 internalFree=31300 indexWindow=0 indexed=4508 truncated=0 sessions=52 sessionIndex=10 radioQuiet=1
[97550][I][MQTT] Upload RAM bucket staged bucket=67 records=1 lastEvent=24086 heapFree=20816 psramFree=7433732
[97570][I][MQTT] Upload stream fill done bucket=67 records=8 complete=0 ms=69
[97571][I][MQTT] Upload stream refilled bucket=68 records=8 remaining=3978 ms=70
[97684][I][MQTT] Upload stream buffer drained; refilling remaining=3970 complete=0
[97685][I][MQTT] Upload stream fill begin bucket=68 max=8 requested=64 internalFree=31300 indexWindow=0 indexed=4508 truncated=0 sessions=52 sessionIndex=10 radioQuiet=1
[97734][I][MQTT] Upload RAM bucket staged bucket=68 records=1 lastEvent=24094 heapFree=21060 psramFree=7433748
[97752][I][MQTT] Upload stream fill done bucket=68 records=8 complete=0 ms=67
[97753][I][MQTT] Upload stream refilled bucket=69 records=8 remaining=3970 ms=67
[97867][I][MQTT] Upload stream buffer drained; refilling remaining=3962 complete=0
[97868][I][MQTT] Upload stream fill begin bucket=69 max=8 requested=64 internalFree=31300 indexWindow=0 indexed=4508 truncated=0 sessions=52 sessionIndex=10 radioQuiet=1
[97916][I][MQTT] Upload RAM bucket staged bucket=69 records=1 lastEvent=24102 heapFree=21088 psramFree=7433748
[97935][I][MQTT] Upload stream fill done bucket=69 records=8 complete=0 ms=67
[97936][I][MQTT] Upload stream refilled bucket=70 records=8 remaining=3962 ms=69
[98051][I][MQTT] Upload stream buffer drained; refilling remaining=3954 complete=0
[98052][I][MQTT] Upload stream fill begin bucket=70 max=8 requested=64 internalFree=31300 indexWindow=0 indexed=4508 truncated=0 sessions=52 sessionIndex=10 radioQuiet=1
[98102][I][MQTT] Upload RAM bucket staged bucket=70 records=1 lastEvent=24110 heapFree=21000 psramFree=7433756
[98120][I][MQTT] Upload stream fill done bucket=70 records=8 complete=0 ms=68
[98121][I][MQTT] Upload stream refilled bucket=71 records=8 remaining=3954 ms=69
[98237][I][MQTT] Upload stream buffer drained; refilling remaining=3946 complete=0
[98239][I][MQTT] Upload stream fill begin bucket=71 max=8 requested=64 internalFree=29664 indexWindow=0 indexed=4508 truncated=0 sessions=52 sessionIndex=10 radioQuiet=1
[98288][I][MQTT] Upload RAM bucket staged bucket=71 records=1 lastEvent=24118 heapFree=21108 psramFree=7433748
[98307][I][MQTT] Upload stream fill done bucket=71 records=8 complete=0 ms=68
[98308][I][MQTT] Upload stream refilled bucket=72 records=8 remaining=3946 ms=69
[98419][I][MQTT] Upload stream buffer drained; refilling remaining=3938 complete=0
[98421][I][MQTT] Upload stream fill begin bucket=72 max=8 requested=64 internalFree=31300 indexWindow=0 indexed=4508 truncated=0 sessions=52 sessionIndex=10 radioQuiet=1
[98469][I][MQTT] Upload RAM bucket staged bucket=72 records=1 lastEvent=24126 heapFree=20972 psramFree=7433748
[98489][I][MQTT] Upload stream fill done bucket=72 records=8 complete=0 ms=69
[98490][I][MQTT] Upload stream refilled bucket=73 records=8 remaining=3938 ms=69
[98578][I][MQTT] Dump progress pub=576 fail=0 session=10/52 since=24133 leaseMaxEvents=4508
[98603][I][MQTT] Upload stream buffer drained; refilling remaining=3930 complete=0
[98604][I][MQTT] Upload stream fill begin bucket=73 max=8 requested=64 internalFree=27276 indexWindow=0 indexed=4508 truncated=0 sessions=52 sessionIndex=10 radioQuiet=1
[98689][I][MQTT] Upload RAM bucket staged bucket=73 records=1 lastEvent=24134 heapFree=20988 psramFree=7433748
[98707][I][MQTT] Upload stream fill done bucket=73 records=8 complete=0 ms=103
[98708][I][MQTT] Upload stream refilled bucket=74 records=8 remaining=3930 ms=103
[98758][I][STORAGE] Segment lifecycle seg=232 partially_uploaded->fully_uploaded trust=trusted pending=0
[98771][I][STORAGE] Segment lifecycle seg=233 indexed->partially_uploaded trust=trusted pending=196
[98822][I][MQTT] Upload stream buffer drained; refilling remaining=3922 complete=0
[98823][I][MQTT] Upload stream fill begin bucket=74 max=8 requested=64 internalFree=31300 indexWindow=0 indexed=4508 truncated=0 sessions=52 sessionIndex=10 radioQuiet=1
[98868][I][MQTT] Upload RAM bucket staged bucket=74 records=1 lastEvent=24142 heapFree=21060 psramFree=7433748
[98887][I][MQTT] Upload stream fill done bucket=74 records=8 complete=0 ms=64
[98888][I][MQTT] Upload stream refilled bucket=75 records=8 remaining=3922 ms=66
[99001][I][MQTT] Upload stream buffer drained; refilling remaining=3914 complete=0
[99002][I][MQTT] Upload stream fill begin bucket=75 max=8 requested=64 internalFree=31300 indexWindow=0 indexed=4508 truncated=0 sessions=52 sessionIndex=10 radioQuiet=1
[99047][I][MQTT] Upload RAM bucket staged bucket=75 records=1 lastEvent=24150 heapFree=20824 psramFree=7433724
[99067][I][MQTT] Upload stream fill done bucket=75 records=8 complete=0 ms=65
[99068][I][MQTT] Upload stream refilled bucket=76 records=8 remaining=3914 ms=65
[99180][I][MQTT] Upload stream buffer drained; refilling remaining=3906 complete=0
[99181][I][MQTT] Upload stream fill begin bucket=76 max=8 requested=64 internalFree=31300 indexWindow=0 indexed=4508 truncated=0 sessions=52 sessionIndex=10 radioQuiet=1
[99226][I][MQTT] Upload RAM bucket staged bucket=76 records=1 lastEvent=24158 heapFree=21120 psramFree=7433748
[99244][I][MQTT] Upload stream fill done bucket=76 records=8 complete=0 ms=63
[99245][I][MQTT] Upload stream refilled bucket=77 records=8 remaining=3906 ms=64
[99360][I][MQTT] Upload stream buffer drained; refilling remaining=3898 complete=0
[99361][I][MQTT] Upload stream fill begin bucket=77 max=8 requested=64 internalFree=31300 indexWindow=0 indexed=4508 truncated=0 sessions=52 sessionIndex=10 radioQuiet=1
[99408][I][MQTT] Upload RAM bucket staged bucket=77 records=1 lastEvent=24166 heapFree=21120 psramFree=7433748
[99426][I][MQTT] Upload stream fill done bucket=77 records=8 complete=0 ms=65
[99427][I][MQTT] Upload stream refilled bucket=78 records=8 remaining=3898 ms=67
[99539][I][MQTT] Upload stream buffer drained; refilling remaining=3890 complete=0
[99540][I][MQTT] Upload stream fill begin bucket=78 max=8 requested=64 internalFree=31300 indexWindow=0 indexed=4508 truncated=0 sessions=52 sessionIndex=10 radioQuiet=1
[99587][I][MQTT] Upload RAM bucket staged bucket=78 records=1 lastEvent=24174 heapFree=21060 psramFree=7433748
[99606][I][MQTT] Upload stream fill done bucket=78 records=8 complete=0 ms=66
[99607][I][MQTT] Upload stream refilled bucket=79 records=8 remaining=3890 ms=67
[99718][I][MQTT] Upload stream buffer drained; refilling remaining=3882 complete=0
[99720][I][MQTT] Upload stream fill begin bucket=79 max=8 requested=64 internalFree=31300 indexWindow=0 indexed=4508 truncated=0 sessions=52 sessionIndex=10 radioQuiet=1
[99765][I][MQTT] Upload RAM bucket staged bucket=79 records=1 lastEvent=24182 heapFree=21020 psramFree=7433756
[99786][I][MQTT] Upload stream fill done bucket=79 records=8 complete=0 ms=67
[99787][I][MQTT] Upload stream refilled bucket=80 records=8 remaining=3882 ms=67
[99899][I][MQTT] Upload stream buffer drained; refilling remaining=3874 complete=0
[99900][I][MQTT] Upload stream fill begin bucket=80 max=8 requested=64 internalFree=31300 indexWindow=0 indexed=4508 truncated=0 sessions=52 sessionIndex=10 radioQuiet=1
[99945][I][MQTT] Upload RAM bucket staged bucket=80 records=1 lastEvent=24190 heapFree=20984 psramFree=7433756
[99965][I][MQTT] Upload stream fill done bucket=80 records=8 complete=0 ms=65
[99966][I][MQTT] Upload stream refilled bucket=81 records=8 remaining=3874 ms=65
[100054][I][MQTT] Dump progress pub=640 fail=0 session=10/52 since=24197 leaseMaxEvents=4508
[100080][I][MQTT] Upload stream buffer drained; refilling remaining=3866 complete=0
[100082][I][MQTT] Upload stream fill begin bucket=81 max=8 requested=64 internalFree=29164 indexWindow=0 indexed=4508 truncated=0 sessions=52 sessionIndex=10 radioQuiet=1
[100129][I][MQTT] Upload RAM bucket staged bucket=81 records=1 lastEvent=24198 heapFree=20884 psramFree=7433748
[100148][I][MQTT] Upload stream fill done bucket=81 records=8 complete=0 ms=67
[100149][I][MQTT] Upload stream refilled bucket=82 records=8 remaining=3866 ms=67
[100262][I][MQTT] Upload stream buffer drained; refilling remaining=3858 complete=0
[100263][I][MQTT] Upload stream fill begin bucket=82 max=8 requested=64 internalFree=31300 indexWindow=0 indexed=4508 truncated=0 sessions=52 sessionIndex=10 radioQuiet=1
[100310][I][MQTT] Upload RAM bucket staged bucket=82 records=1 lastEvent=24206 heapFree=21120 psramFree=7433748
[100328][I][MQTT] Upload stream fill done bucket=82 records=8 complete=0 ms=66
[100329][I][MQTT] Upload stream refilled bucket=83 records=8 remaining=3858 ms=66
[100446][I][MQTT] Upload stream buffer drained; refilling remaining=3850 complete=0
[100447][I][MQTT] Upload stream fill begin bucket=83 max=8 requested=64 internalFree=31300 indexWindow=0 indexed=4508 truncated=0 sessions=52 sessionIndex=10 radioQuiet=1
[100494][I][MQTT] Upload RAM bucket staged bucket=83 records=1 lastEvent=24214 heapFree=21060 psramFree=7433748
[100513][I][MQTT] Upload stream fill done bucket=83 records=8 complete=0 ms=66
[100514][I][MQTT] Upload stream refilled bucket=84 records=8 remaining=3850 ms=66
[100620][I][MQTT] Upload stream buffer drained; refilling remaining=3842 complete=0
[100621][I][MQTT] Upload stream fill begin bucket=84 max=2 requested=64 internalFree=15212 indexWindow=0 indexed=4508 truncated=0 sessions=52 sessionIndex=10 radioQuiet=1
[100671][I][MQTT] Upload RAM bucket staged bucket=84 records=1 lastEvent=24222 heapFree=22196 psramFree=7433756
[100674][I][MQTT] Upload stream fill done bucket=84 records=2 complete=0 ms=53
[100674][I][MQTT] Upload stream refilled bucket=85 records=2 remaining=3842 ms=53
[100711][I][MQTT] Upload stream buffer drained; refilling remaining=3840 complete=0
[100712][I][MQTT] Upload stream fill begin bucket=85 max=8 requested=64 internalFree=29664 indexWindow=0 indexed=4508 truncated=0 sessions=52 sessionIndex=10 radioQuiet=1
[100758][I][MQTT] Upload RAM bucket staged bucket=85 records=1 lastEvent=24224 heapFree=21012 psramFree=7433756
[100776][I][MQTT] Upload stream fill done bucket=85 records=8 complete=0 ms=64
[100777][I][MQTT] Upload stream refilled bucket=86 records=8 remaining=3840 ms=65
[100889][I][MQTT] Upload stream buffer drained; refilling remaining=3832 complete=0
[100890][I][MQTT] Upload stream fill begin bucket=86 max=8 requested=64 internalFree=31300 indexWindow=0 indexed=4508 truncated=0 sessions=52 sessionIndex=10 radioQuiet=1
[100938][I][MQTT] Upload RAM bucket staged bucket=86 records=1 lastEvent=24232 heapFree=21032 psramFree=7433748
[100957][I][MQTT] Upload stream fill done bucket=86 records=8 complete=0 ms=67
[100958][I][MQTT] Upload stream refilled bucket=87 records=8 remaining=3832 ms=68
[101071][I][MQTT] Upload stream buffer drained; refilling remaining=3824 complete=0
[101072][I][MQTT] Upload stream fill begin bucket=87 max=8 requested=64 internalFree=31300 indexWindow=0 indexed=4508 truncated=0 sessions=52 sessionIndex=10 radioQuiet=1
[101118][I][MQTT] Upload RAM bucket staged bucket=87 records=1 lastEvent=24240 heapFree=20992 psramFree=7433748
[101137][I][MQTT] Upload stream fill done bucket=87 records=8 complete=0 ms=65
[101138][I][MQTT] Upload stream refilled bucket=88 records=8 remaining=3824 ms=66
[101251][I][MQTT] Upload stream buffer drained; refilling remaining=3816 complete=0
[101252][I][MQTT] Upload stream fill begin bucket=88 max=8 requested=64 internalFree=31300 indexWindow=0 indexed=4508 truncated=0 sessions=52 sessionIndex=10 radioQuiet=1
[101297][I][MQTT] Upload RAM bucket staged bucket=88 records=1 lastEvent=24248 heapFree=21120 psramFree=7433748
[101318][I][MQTT] Upload stream fill done bucket=88 records=8 complete=0 ms=66
[101319][I][MQTT] Upload stream refilled bucket=89 records=8 remaining=3816 ms=67
[101432][I][MQTT] Upload stream buffer drained; refilling remaining=3808 complete=0
[101433][I][MQTT] Upload stream fill begin bucket=89 max=8 requested=64 internalFree=31300 indexWindow=0 indexed=4508 truncated=0 sessions=52 sessionIndex=10 radioQuiet=1
[101478][I][MQTT] Upload RAM bucket staged bucket=89 records=1 lastEvent=24256 heapFree=20728 psramFree=7433724
[101497][I][MQTT] Upload stream fill done bucket=89 records=8 complete=0 ms=64
[101498][I][MQTT] Upload stream refilled bucket=90 records=8 remaining=3808 ms=66
[101564][I][MQTT] Dump progress pub=704 fail=0 session=10/52 since=24263 leaseMaxEvents=4508
[101615][I][MQTT] Upload stream buffer drained; refilling remaining=3800 complete=0
[101616][I][MQTT] Upload stream fill begin bucket=90 max=8 requested=64 internalFree=31300 indexWindow=0 indexed=4508 truncated=0 sessions=52 sessionIndex=10 radioQuiet=1
[101661][I][MQTT] Upload RAM bucket staged bucket=90 records=1 lastEvent=24264 heapFree=20964 psramFree=7433756
[101680][I][MQTT] Upload stream fill done bucket=90 records=8 complete=0 ms=64
[101681][I][MQTT] Upload stream refilled bucket=91 records=8 remaining=3800 ms=65
[101795][I][MQTT] Upload stream buffer drained; refilling remaining=3792 complete=0
[101796][I][MQTT] Upload stream fill begin bucket=91 max=8 requested=64 internalFree=31300 indexWindow=0 indexed=4508 truncated=0 sessions=52 sessionIndex=10 radioQuiet=1
[101842][I][MQTT] Upload RAM bucket staged bucket=91 records=1 lastEvent=24272 heapFree=20984 psramFree=7433756
[101861][I][MQTT] Upload stream fill done bucket=91 records=8 complete=0 ms=65
[101862][I][MQTT] Upload stream refilled bucket=92 records=8 remaining=3792 ms=66
[101977][I][MQTT] Upload stream buffer drained; refilling remaining=3784 complete=0
[101978][I][MQTT] Upload stream fill begin bucket=92 max=8 requested=64 internalFree=31300 indexWindow=0 indexed=4508 truncated=0 sessions=52 sessionIndex=10 radioQuiet=1
[102023][I][MQTT] Upload RAM bucket staged bucket=92 records=1 lastEvent=24280 heapFree=21000 psramFree=7433748
[102041][I][MQTT] Upload stream fill done bucket=92 records=8 complete=0 ms=63
[102042][I][MQTT] Upload stream refilled bucket=93 records=8 remaining=3784 ms=64
[102156][I][MQTT] Upload stream buffer drained; refilling remaining=3776 complete=0
[102158][I][MQTT] Upload stream fill begin bucket=93 max=8 requested=64 internalFree=31300 indexWindow=0 indexed=4508 truncated=0 sessions=52 sessionIndex=10 radioQuiet=1
[102203][I][MQTT] Upload RAM bucket staged bucket=93 records=1 lastEvent=24288 heapFree=21020 psramFree=7433748
[102223][I][MQTT] Upload stream fill done bucket=93 records=8 complete=0 ms=66
[102224][I][MQTT] Upload stream refilled bucket=94 records=8 remaining=3776 ms=66
[102337][I][MQTT] Upload stream buffer drained; refilling remaining=3768 complete=0
[102339][I][MQTT] Upload stream fill begin bucket=94 max=8 requested=64 internalFree=29664 indexWindow=0 indexed=4508 truncated=0 sessions=52 sessionIndex=10 radioQuiet=1
[102386][I][MQTT] Upload RAM bucket staged bucket=94 records=1 lastEvent=24296 heapFree=20796 psramFree=7433732
[102405][I][MQTT] Upload stream fill done bucket=94 records=8 complete=0 ms=66
[102406][I][MQTT] Upload stream refilled bucket=95 records=8 remaining=3768 ms=67
[102521][I][MQTT] Upload stream buffer drained; refilling remaining=3760 complete=0
[102523][I][MQTT] Upload stream fill begin bucket=95 max=8 requested=64 internalFree=31300 indexWindow=0 indexed=4508 truncated=0 sessions=52 sessionIndex=10 radioQuiet=1
[102568][I][MQTT] Upload RAM bucket staged bucket=95 records=1 lastEvent=24304 heapFree=21060 psramFree=7433748
[102587][I][MQTT] Upload stream fill done bucket=95 records=8 complete=0 ms=64
[102588][I][MQTT] Upload stream refilled bucket=96 records=8 remaining=3760 ms=66
[102627][I][MQTT] Upload checkpoint deferred until radio quiet pub=750
[102705][I][MQTT] Upload stream buffer drained; refilling remaining=3752 complete=0
[104052][I][STORAGE] worker ui refresh serviced uiRefreshServiceCount=3 uiDeferred=1 uiFlush=2 pressure=0 usedPct=19 pending=3752
[105181][I][MQTT] Upload stream fill begin bucket=96 max=8 requested=64 internalFree=31300 indexWindow=0 indexed=4508 truncated=0 sessions=52 sessionIndex=10 radioQuiet=1
[105226][I][MQTT] Upload RAM bucket staged bucket=96 records=1 lastEvent=24312 heapFree=21000 psramFree=7433748
[105245][I][MQTT] Upload stream fill done bucket=96 records=8 complete=0 ms=64
[105246][I][MQTT] Upload stream refilled bucket=97 records=8 remaining=3752 ms=65
[105256][W][CORE] TaskHardware loop gap=2658ms owner=WIFI_UPLOAD pendingUpload=3752 maintPending=1 suppressed=1
[105361][I][MQTT] Upload stream buffer drained; refilling remaining=3744 complete=0
[105362][I][MQTT] Upload stream fill begin bucket=97 max=8 requested=64 internalFree=31300 indexWindow=0 indexed=4508 truncated=0 sessions=52 sessionIndex=10 radioQuiet=1
[105406][I][MQTT] Upload RAM bucket staged bucket=97 records=1 lastEvent=24320 heapFree=21060 psramFree=7433748
[105426][I][MQTT] Upload stream fill done bucket=97 records=8 complete=0 ms=64
[105427][I][MQTT] Upload stream refilled bucket=98 records=8 remaining=3744 ms=66
[105488][I][MQTT] Dump progress pub=768 fail=0 session=10/52 since=24327 leaseMaxEvents=4508
[105541][I][MQTT] Upload stream buffer drained; refilling remaining=3736 complete=0
[105542][I][MQTT] Upload stream fill begin bucket=98 max=8 requested=64 internalFree=31300 indexWindow=0 indexed=4508 truncated=0 sessions=52 sessionIndex=10 radioQuiet=1
[105587][I][MQTT] Upload RAM bucket staged bucket=98 records=1 lastEvent=24328 heapFree=20916 psramFree=7433756
[105637][I][MQTT] Upload stream fill done bucket=98 records=8 complete=0 ms=95
[105638][I][MQTT] Upload stream refilled bucket=99 records=8 remaining=3736 ms=95
[105726][I][STORAGE] Segment lifecycle seg=233 partially_uploaded->fully_uploaded trust=trusted pending=0
[105740][I][STORAGE] Segment lifecycle seg=234 indexed->partially_uploaded trust=trusted pending=193
[105754][I][MQTT] Upload stream buffer drained; refilling remaining=3728 complete=0
[105755][I][MQTT] Upload stream fill begin bucket=99 max=8 requested=64 internalFree=31300 indexWindow=0 indexed=4508 truncated=0 sessions=52 sessionIndex=10 radioQuiet=1
[105798][I][MQTT] Upload RAM bucket staged bucket=99 records=1 lastEvent=24336 heapFree=20880 psramFree=7433756
[105817][I][MQTT] Upload stream fill done bucket=99 records=8 complete=0 ms=62
[105818][I][MQTT] Upload stream refilled bucket=100 records=8 remaining=3728 ms=63
[105932][I][MQTT] Upload stream buffer drained; refilling remaining=3720 complete=0
[105933][I][MQTT] Upload stream fill begin bucket=100 max=8 requested=64 internalFree=31300 indexWindow=0 indexed=4508 truncated=0 sessions=52 sessionIndex=10 radioQuiet=1
[105976][I][MQTT] Upload RAM bucket staged bucket=100 records=1 lastEvent=24344 heapFree=21104 psramFree=7433748
[105995][I][MQTT] Upload stream fill done bucket=100 records=8 complete=0 ms=62
[105996][I][MQTT] Upload stream refilled bucket=101 records=8 remaining=3720 ms=62
[106112][I][MQTT] Upload stream buffer drained; refilling remaining=3712 complete=0
[106114][I][MQTT] Upload stream fill begin bucket=101 max=8 requested=64 internalFree=29164 indexWindow=0 indexed=4508 truncated=0 sessions=52 sessionIndex=10 radioQuiet=1
[106161][I][MQTT] Upload RAM bucket staged bucket=101 records=1 lastEvent=24352 heapFree=21060 psramFree=7433748
[106180][I][MQTT] Upload stream fill done bucket=101 records=8 complete=0 ms=66
[106181][I][MQTT] Upload stream refilled bucket=102 records=8 remaining=3712 ms=67
[106299][I][MQTT] Upload stream buffer drained; refilling remaining=3704 complete=0
[106300][I][MQTT] Upload stream fill begin bucket=102 max=8 requested=64 internalFree=31300 indexWindow=0 indexed=4508 truncated=0 sessions=52 sessionIndex=10 radioQuiet=1
[106344][I][MQTT] Upload RAM bucket staged bucket=102 records=1 lastEvent=24360 heapFree=21060 psramFree=7433748
[106364][I][MQTT] Upload stream fill done bucket=102 records=8 complete=0 ms=64
[106365][I][MQTT] Upload stream refilled bucket=103 records=8 remaining=3704 ms=65
[106484][I][MQTT] Upload stream buffer drained; refilling remaining=3696 complete=0
[106485][I][MQTT] Upload stream fill begin bucket=103 max=8 requested=64 internalFree=31300 indexWindow=0 indexed=4508 truncated=0 sessions=52 sessionIndex=10 radioQuiet=1
[106529][I][MQTT] Upload RAM bucket staged bucket=103 records=1 lastEvent=24368 heapFree=21044 psramFree=7433756
[106549][I][MQTT] Upload stream fill done bucket=103 records=8 complete=0 ms=64
[106550][I][MQTT] Upload stream refilled bucket=104 records=8 remaining=3696 ms=65
[106667][I][MQTT] Upload stream buffer drained; refilling remaining=3688 complete=0
[106669][I][MQTT] Upload stream fill begin bucket=104 max=8 requested=64 internalFree=31300 indexWindow=0 indexed=4508 truncated=0 sessions=52 sessionIndex=10 radioQuiet=1
[106713][I][MQTT] Upload RAM bucket staged bucket=104 records=1 lastEvent=24376 heapFree=20940 psramFree=7433756
[106732][I][MQTT] Upload stream fill done bucket=104 records=8 complete=0 ms=64
[106733][I][MQTT] Upload stream refilled bucket=105 records=8 remaining=3688 ms=64
[106850][I][MQTT] Upload stream buffer drained; refilling remaining=3680 complete=0
[106851][I][MQTT] Upload stream fill begin bucket=105 max=8 requested=64 internalFree=31300 indexWindow=0 indexed=4508 truncated=0 sessions=52 sessionIndex=10 radioQuiet=1
[106895][I][MQTT] Upload RAM bucket staged bucket=105 records=1 lastEvent=24384 heapFree=21000 psramFree=7433748
[106914][I][MQTT] Upload stream fill done bucket=105 records=8 complete=0 ms=63
[106915][I][MQTT] Upload stream refilled bucket=106 records=8 remaining=3680 ms=64
[106979][I][MQTT] Dump progress pub=832 fail=0 session=10/52 since=24391 leaseMaxEvents=4508
[107032][I][MQTT] Upload stream buffer drained; refilling remaining=3672 complete=0
[107033][I][MQTT] Upload stream fill begin bucket=106 max=8 requested=64 internalFree=31300 indexWindow=0 indexed=4508 truncated=0 sessions=52 sessionIndex=10 radioQuiet=1
[107078][I][MQTT] Upload RAM bucket staged bucket=106 records=1 lastEvent=24392 heapFree=20920 psramFree=7433732
[107098][I][MQTT] Upload stream fill done bucket=106 records=8 complete=0 ms=65
[107099][I][MQTT] Upload stream refilled bucket=107 records=8 remaining=3672 ms=66
[107212][I][MQTT] Upload stream buffer drained; refilling remaining=3664 complete=0
[107213][I][MQTT] Upload stream fill begin bucket=107 max=8 requested=64 internalFree=31300 indexWindow=0 indexed=4508 truncated=0 sessions=52 sessionIndex=10 radioQuiet=1
[107258][I][MQTT] Upload RAM bucket staged bucket=107 records=1 lastEvent=24400 heapFree=20924 psramFree=7433748
[107277][I][MQTT] Upload stream fill done bucket=107 records=8 complete=0 ms=64
[107278][I][MQTT] Upload stream refilled bucket=108 records=8 remaining=3664 ms=64
[107394][I][MQTT] Upload stream buffer drained; refilling remaining=3656 complete=0
[107395][I][MQTT] Upload stream fill begin bucket=108 max=8 requested=64 internalFree=31300 indexWindow=0 indexed=4508 truncated=0 sessions=52 sessionIndex=10 radioQuiet=1
[107440][I][MQTT] Upload RAM bucket staged bucket=108 records=1 lastEvent=24408 heapFree=21060 psramFree=7433748
[107460][I][MQTT] Upload stream fill done bucket=108 records=8 complete=0 ms=65
[107461][I][MQTT] Upload stream refilled bucket=109 records=8 remaining=3656 ms=66
[107583][I][MQTT] Upload stream buffer drained; refilling remaining=3648 complete=0
[107584][I][MQTT] Upload stream fill begin bucket=109 max=8 requested=64 internalFree=31300 indexWindow=0 indexed=4508 truncated=0 sessions=52 sessionIndex=10 radioQuiet=1
[107629][I][MQTT] Upload RAM bucket staged bucket=109 records=1 lastEvent=24416 heapFree=21060 psramFree=7433748
[107648][I][MQTT] Upload stream fill done bucket=109 records=8 complete=0 ms=64
[107649][I][MQTT] Upload stream refilled bucket=110 records=8 remaining=3648 ms=65
[107764][I][MQTT] Upload stream buffer drained; refilling remaining=3640 complete=0
[107767][I][MQTT] Upload stream fill begin bucket=110 max=8 requested=64 internalFree=29664 indexWindow=0 indexed=4508 truncated=0 sessions=52 sessionIndex=10 radioQuiet=1
[107812][I][MQTT] Upload RAM bucket staged bucket=110 records=1 lastEvent=24424 heapFree=21060 psramFree=7433748
[107832][I][MQTT] Upload stream fill done bucket=110 records=8 complete=0 ms=65
[107833][I][MQTT] Upload stream refilled bucket=111 records=8 remaining=3640 ms=67
[107951][I][MQTT] Upload stream buffer drained; refilling remaining=3632 complete=0
[107952][I][MQTT] Upload stream fill begin bucket=111 max=8 requested=64 internalFree=31300 indexWindow=0 indexed=4508 truncated=0 sessions=52 sessionIndex=10 radioQuiet=1
[107996][I][MQTT] Upload RAM bucket staged bucket=111 records=1 lastEvent=24432 heapFree=21060 psramFree=7433748
[108015][I][MQTT] Upload stream fill done bucket=111 records=8 complete=0 ms=63
[108015][I][MQTT] Upload stream refilled bucket=112 records=8 remaining=3632 ms=64
[108130][I][MQTT] Upload stream buffer drained; refilling remaining=3624 complete=0
[108131][I][MQTT] Upload stream fill begin bucket=112 max=8 requested=64 internalFree=31300 indexWindow=0 indexed=4508 truncated=0 sessions=52 sessionIndex=10 radioQuiet=1
[108176][I][MQTT] Upload RAM bucket staged bucket=112 records=1 lastEvent=24440 heapFree=21060 psramFree=7433748
[108195][I][MQTT] Upload stream fill done bucket=112 records=8 complete=0 ms=64
[108196][I][MQTT] Upload stream refilled bucket=113 records=8 remaining=3624 ms=64
[108312][I][MQTT] Upload stream buffer drained; refilling remaining=3616 complete=0
[108313][I][MQTT] Upload stream fill begin bucket=113 max=8 requested=64 internalFree=31300 indexWindow=0 indexed=4508 truncated=0 sessions=52 sessionIndex=10 radioQuiet=1
[108360][I][MQTT] Upload RAM bucket staged bucket=113 records=1 lastEvent=24448 heapFree=20924 psramFree=7433748
[108379][I][MQTT] Upload stream fill done bucket=113 records=8 complete=0 ms=66
[108380][I][MQTT] Upload stream refilled bucket=114 records=8 remaining=3616 ms=66
[108443][I][MQTT] Dump progress pub=896 fail=0 session=10/52 since=24455 leaseMaxEvents=4508
[108498][I][MQTT] Upload stream buffer drained; refilling remaining=3608 complete=0
[108499][I][MQTT] Upload stream fill begin bucket=114 max=8 requested=64 internalFree=31300 indexWindow=0 indexed=4508 truncated=0 sessions=52 sessionIndex=10 radioQuiet=1
[108543][I][MQTT] Upload RAM bucket staged bucket=114 records=1 lastEvent=24456 heapFree=21120 psramFree=7433748
[108562][I][MQTT] Upload stream fill done bucket=114 records=8 complete=0 ms=63
[108562][I][MQTT] Upload stream refilled bucket=115 records=8 remaining=3608 ms=64
[108689][I][MQTT] Upload stream buffer drained; refilling remaining=3600 complete=0
[108691][I][MQTT] Upload stream fill begin bucket=115 max=8 requested=64 internalFree=27544 indexWindow=0 indexed=4508 truncated=0 sessions=52 sessionIndex=10 radioQuiet=1
[108738][I][MQTT] Upload RAM bucket staged bucket=115 records=1 lastEvent=24464 heapFree=20804 psramFree=7433732
[108758][I][MQTT] Upload stream fill done bucket=115 records=8 complete=0 ms=68
[108758][I][MQTT] Upload stream refilled bucket=116 records=8 remaining=3600 ms=68
[108874][I][MQTT] Upload stream buffer drained; refilling remaining=3592 complete=0
[108875][I][MQTT] Upload stream fill begin bucket=116 max=8 requested=64 internalFree=31300 indexWindow=0 indexed=4508 truncated=0 sessions=52 sessionIndex=10 radioQuiet=1
[108919][I][MQTT] Upload RAM bucket staged bucket=116 records=1 lastEvent=24472 heapFree=21040 psramFree=7433748
[108938][I][MQTT] Upload stream fill done bucket=116 records=8 complete=0 ms=63
[108939][I][MQTT] Upload stream refilled bucket=117 records=8 remaining=3592 ms=64
[109055][I][MQTT] Upload stream buffer drained; refilling remaining=3584 complete=0
[109056][I][MQTT] Upload stream fill begin bucket=117 max=8 requested=64 internalFree=31300 indexWindow=0 indexed=4508 truncated=0 sessions=52 sessionIndex=10 radioQuiet=1
[109102][I][MQTT] Upload RAM bucket staged bucket=117 records=1 lastEvent=24480 heapFree=21000 psramFree=7433748
[109121][I][MQTT] Upload stream fill done bucket=117 records=8 complete=0 ms=65
[109121][I][MQTT] Upload stream refilled bucket=118 records=8 remaining=3584 ms=66
[109239][I][MQTT] Upload stream buffer drained; refilling remaining=3576 complete=0
[109240][I][MQTT] Upload stream fill begin bucket=118 max=8 requested=64 internalFree=31300 indexWindow=0 indexed=4508 truncated=0 sessions=52 sessionIndex=10 radioQuiet=1
[109285][I][MQTT] Upload RAM bucket staged bucket=118 records=1 lastEvent=24488 heapFree=20984 psramFree=7433756
[109305][I][MQTT] Upload stream fill done bucket=118 records=8 complete=0 ms=65
[109305][I][MQTT] Upload stream refilled bucket=119 records=8 remaining=3576 ms=66
[109426][I][MQTT] Upload stream buffer drained; refilling remaining=3568 complete=0
[109427][I][MQTT] Upload stream fill begin bucket=119 max=8 requested=64 internalFree=31300 indexWindow=0 indexed=4508 truncated=0 sessions=52 sessionIndex=10 radioQuiet=1
[109471][I][MQTT] Upload RAM bucket staged bucket=119 records=1 lastEvent=24496 heapFree=21064 psramFree=7433748
[109490][I][MQTT] Upload stream fill done bucket=119 records=8 complete=0 ms=63
[109491][I][MQTT] Upload stream refilled bucket=120 records=8 remaining=3568 ms=64
[109607][I][MQTT] Upload stream buffer drained; refilling remaining=3560 complete=0
[109609][I][MQTT] Upload stream fill begin bucket=120 max=8 requested=64 internalFree=28028 indexWindow=0 indexed=4508 truncated=0 sessions=52 sessionIndex=10 radioQuiet=1
[109654][I][MQTT] Upload RAM bucket staged bucket=120 records=1 lastEvent=24504 heapFree=21000 psramFree=7433748
[109674][I][MQTT] Upload stream fill done bucket=120 records=8 complete=0 ms=66
[109675][I][MQTT] Upload stream refilled bucket=121 records=8 remaining=3560 ms=67
[109797][I][MQTT] Upload stream buffer drained; refilling remaining=3552 complete=0
[109798][I][MQTT] Upload stream fill begin bucket=121 max=8 requested=64 internalFree=31300 indexWindow=0 indexed=4508 truncated=0 sessions=52 sessionIndex=10 radioQuiet=1
[109842][I][MQTT] Upload RAM bucket staged bucket=121 records=1 lastEvent=24512 heapFree=21060 psramFree=7433748
[109861][I][MQTT] Upload stream fill done bucket=121 records=8 complete=0 ms=63
[109861][I][MQTT] Upload stream refilled bucket=122 records=8 remaining=3552 ms=64
[109926][I][MQTT] Dump progress pub=960 fail=0 session=10/52 since=24519 leaseMaxEvents=4508
[109979][I][MQTT] Upload stream buffer drained; refilling remaining=3544 complete=0
[109980][I][MQTT] Upload stream fill begin bucket=122 max=8 requested=64 internalFree=31300 indexWindow=0 indexed=4508 truncated=0 sessions=52 sessionIndex=10 radioQuiet=1
[110024][I][MQTT] Upload RAM bucket staged bucket=122 records=1 lastEvent=24520 heapFree=21060 psramFree=7433748
[110043][I][MQTT] Upload stream fill done bucket=122 records=8 complete=0 ms=63
[110043][I][MQTT] Upload stream refilled bucket=123 records=8 remaining=3544 ms=64
[110158][I][STORAGE] Segment lifecycle seg=234 partially_uploaded->fully_uploaded trust=trusted pending=0
[110159][I][MQTT] Upload stream buffer drained; refilling remaining=3536 complete=0
[110160][I][MQTT] Upload stream fill begin bucket=123 max=8 requested=64 internalFree=31300 indexWindow=0 indexed=4508 truncated=0 sessions=52 sessionIndex=10 radioQuiet=1
[110203][I][MQTT] Upload RAM bucket staged bucket=123 records=1 lastEvent=24528 heapFree=21000 psramFree=7433748
[110222][I][MQTT] Upload stream fill done bucket=123 records=8 complete=0 ms=62
[110223][I][MQTT] Upload stream refilled bucket=124 records=8 remaining=3536 ms=64
[110247][I][STORAGE] Segment lifecycle seg=235 indexed->partially_uploaded trust=trusted pending=197
[110339][I][MQTT] Upload stream buffer drained; refilling remaining=3528 complete=0
[110340][I][MQTT] Upload stream fill begin bucket=124 max=8 requested=64 internalFree=31300 indexWindow=0 indexed=4508 truncated=0 sessions=52 sessionIndex=10 radioQuiet=1
[110385][I][MQTT] Upload RAM bucket staged bucket=124 records=1 lastEvent=24536 heapFree=21000 psramFree=7433748
[110404][I][MQTT] Upload stream fill done bucket=124 records=8 complete=0 ms=64
[110405][I][MQTT] Upload stream refilled bucket=125 records=8 remaining=3528 ms=64
[110520][I][MQTT] Upload stream buffer drained; refilling remaining=3520 complete=0
[110522][I][MQTT] Upload stream fill begin bucket=125 max=8 requested=64 internalFree=31300 indexWindow=0 indexed=4508 truncated=0 sessions=52 sessionIndex=10 radioQuiet=1
[110566][I][MQTT] Upload RAM bucket staged bucket=125 records=1 lastEvent=24544 heapFree=20988 psramFree=7433748
[110586][I][MQTT] Upload stream fill done bucket=125 records=8 complete=0 ms=65
[110587][I][MQTT] Upload stream refilled bucket=126 records=8 remaining=3520 ms=65
[110701][I][MQTT] Upload stream buffer drained; refilling remaining=3512 complete=0
[110702][I][MQTT] Upload stream fill begin bucket=126 max=8 requested=64 internalFree=31300 indexWindow=0 indexed=4508 truncated=0 sessions=52 sessionIndex=10 radioQuiet=1
[110747][I][MQTT] Upload RAM bucket staged bucket=126 records=1 lastEvent=24552 heapFree=20736 psramFree=7433732
[110766][I][MQTT] Upload stream fill done bucket=126 records=8 complete=0 ms=64
[110767][I][MQTT] Upload stream refilled bucket=127 records=8 remaining=3512 ms=64
[110831][I][MQTT] Upload checkpoint deferred until radio quiet pub=1000
[110883][I][MQTT] Upload stream buffer drained; refilling remaining=3504 complete=0
[110884][I][MQTT] Upload stream fill begin bucket=127 max=8 requested=64 internalFree=31300 indexWindow=0 indexed=4508 truncated=0 sessions=52 sessionIndex=10 radioQuiet=1
[110929][I][MQTT] Upload RAM bucket staged bucket=127 records=1 lastEvent=24560 heapFree=21000 psramFree=7433748
[110950][I][MQTT] Upload stream fill done bucket=127 records=8 complete=0 ms=66
[110951][I][MQTT] Upload stream refilled bucket=128 records=8 remaining=3504 ms=66
[111066][I][MQTT] Upload stream buffer drained; refilling remaining=3496 complete=0
[112329][I][STORAGE] worker ui refresh serviced uiRefreshServiceCount=4 uiDeferred=1 uiFlush=2 pressure=0 usedPct=19 pending=3496
[113503][I][MQTT] Upload stream fill begin bucket=128 max=8 requested=64 internalFree=31300 indexWindow=0 indexed=4508 truncated=0 sessions=52 sessionIndex=10 radioQuiet=1
[113549][I][MQTT] Upload RAM bucket staged bucket=128 records=1 lastEvent=24568 heapFree=20940 psramFree=7433756
[113570][I][MQTT] Upload stream fill done bucket=128 records=8 complete=0 ms=67
[113570][I][MQTT] Upload stream refilled bucket=129 records=8 remaining=3496 ms=68
[113694][I][MQTT] Upload stream buffer drained; refilling remaining=3488 complete=0
[113696][I][MQTT] Upload stream fill begin bucket=129 max=8 requested=64 internalFree=31300 indexWindow=0 indexed=4508 truncated=0 sessions=52 sessionIndex=10 radioQuiet=1
[113742][I][MQTT] Upload RAM bucket staged bucket=129 records=1 lastEvent=24576 heapFree=21120 psramFree=7433748
[113761][I][MQTT] Upload stream fill done bucket=129 records=8 complete=0 ms=66
[113762][I][MQTT] Upload stream refilled bucket=130 records=8 remaining=3488 ms=66
[113829][I][MQTT] Dump progress pub=1024 fail=0 session=10/52 since=24583 leaseMaxEvents=4508
[113882][I][MQTT] Upload stream buffer drained; refilling remaining=3480 complete=0
[113883][I][MQTT] Upload stream fill begin bucket=130 max=8 requested=64 internalFree=31300 indexWindow=0 indexed=4508 truncated=0 sessions=52 sessionIndex=10 radioQuiet=1
[113930][I][MQTT] Upload RAM bucket staged bucket=130 records=1 lastEvent=24584 heapFree=20940 psramFree=7433756
[113949][I][MQTT] Upload stream fill done bucket=130 records=8 complete=0 ms=66
[113950][I][MQTT] Upload stream refilled bucket=131 records=8 remaining=3480 ms=66
[114066][I][MQTT] Upload stream buffer drained; refilling remaining=3472 complete=0
[114067][I][MQTT] Upload stream fill begin bucket=131 max=8 requested=64 internalFree=31300 indexWindow=0 indexed=4508 truncated=0 sessions=52 sessionIndex=10 radioQuiet=1
[114114][I][MQTT] Upload RAM bucket staged bucket=131 records=1 lastEvent=24592 heapFree=21068 psramFree=7433748
[114133][I][MQTT] Upload stream fill done bucket=131 records=8 complete=0 ms=66
[114134][I][MQTT] Upload stream refilled bucket=132 records=8 remaining=3472 ms=66
[114249][I][MQTT] Upload stream buffer drained; refilling remaining=3464 complete=0
[114250][I][MQTT] Upload stream fill begin bucket=132 max=8 requested=64 internalFree=31300 indexWindow=0 indexed=4508 truncated=0 sessions=52 sessionIndex=10 radioQuiet=1
[114296][I][MQTT] Upload RAM bucket staged bucket=132 records=1 lastEvent=24600 heapFree=21000 psramFree=7433748
[114318][I][MQTT] Upload stream fill done bucket=132 records=8 complete=0 ms=68
[114319][I][MQTT] Upload stream refilled bucket=133 records=8 remaining=3464 ms=69
[114434][I][MQTT] Upload stream buffer drained; refilling remaining=3456 complete=0
[114436][I][MQTT] Upload stream fill begin bucket=133 max=8 requested=64 internalFree=31300 indexWindow=0 indexed=4508 truncated=0 sessions=52 sessionIndex=10 radioQuiet=1
[114481][I][MQTT] Upload RAM bucket staged bucket=133 records=1 lastEvent=24608 heapFree=20984 psramFree=7433756
[114500][I][MQTT] Upload stream fill done bucket=133 records=8 complete=0 ms=65
[114501][I][MQTT] Upload stream refilled bucket=134 records=8 remaining=3456 ms=65
[114620][I][MQTT] Upload stream buffer drained; refilling remaining=3448 complete=0
[114621][I][MQTT] Upload stream fill begin bucket=134 max=8 requested=64 internalFree=31300 indexWindow=0 indexed=4508 truncated=0 sessions=52 sessionIndex=10 radioQuiet=1
[114667][I][MQTT] Upload RAM bucket staged bucket=134 records=1 lastEvent=24616 heapFree=21120 psramFree=7433748
[114686][I][MQTT] Upload stream fill done bucket=134 records=8 complete=0 ms=65
[114687][I][MQTT] Upload stream refilled bucket=135 records=8 remaining=3448 ms=65
[114806][I][MQTT] Upload stream buffer drained; refilling remaining=3440 complete=0
[114807][I][MQTT] Upload stream fill begin bucket=135 max=8 requested=64 internalFree=31300 indexWindow=0 indexed=4508 truncated=0 sessions=52 sessionIndex=10 radioQuiet=1
[114854][I][MQTT] Upload RAM bucket staged bucket=135 records=1 lastEvent=24624 heapFree=21180 psramFree=7433748
[114873][I][MQTT] Upload stream fill done bucket=135 records=8 complete=0 ms=66
[114874][I][MQTT] Upload stream refilled bucket=136 records=8 remaining=3440 ms=67
[114990][I][MQTT] Upload stream buffer drained; refilling remaining=3432 complete=0
[114991][I][MQTT] Upload stream fill begin bucket=136 max=8 requested=64 internalFree=31300 indexWindow=0 indexed=4508 truncated=0 sessions=52 sessionIndex=10 radioQuiet=1
[115038][I][MQTT] Upload RAM bucket staged bucket=136 records=1 lastEvent=24632 heapFree=21000 psramFree=7433748
[115057][I][MQTT] Upload stream fill done bucket=136 records=8 complete=0 ms=66
[115058][I][MQTT] Upload stream refilled bucket=137 records=8 remaining=3432 ms=66
[115176][I][MQTT] Upload stream buffer drained; refilling remaining=3424 complete=0
[115177][I][MQTT] Upload stream fill begin bucket=137 max=8 requested=64 internalFree=31300 indexWindow=0 indexed=4508 truncated=0 sessions=52 sessionIndex=10 radioQuiet=1
[115223][I][MQTT] Upload RAM bucket staged bucket=137 records=1 lastEvent=24640 heapFree=20940 psramFree=7433756
[115244][I][MQTT] Upload stream fill done bucket=137 records=8 complete=0 ms=67
[115245][I][MQTT] Upload stream refilled bucket=138 records=8 remaining=3424 ms=68
[115308][I][MQTT] Dump progress pub=1088 fail=0 session=10/52 since=24647 leaseMaxEvents=4508
[115363][I][MQTT] Upload stream buffer drained; refilling remaining=3416 complete=0
[115364][I][MQTT] Upload stream fill begin bucket=138 max=8 requested=64 internalFree=31300 indexWindow=0 indexed=4508 truncated=0 sessions=52 sessionIndex=10 radioQuiet=1
[115410][I][MQTT] Upload RAM bucket staged bucket=138 records=1 lastEvent=24648 heapFree=21060 psramFree=7433748
[115429][I][MQTT] Upload stream fill done bucket=138 records=8 complete=0 ms=65
[115430][I][MQTT] Upload stream refilled bucket=139 records=8 remaining=3416 ms=65
[115542][I][MQTT] Upload stream buffer drained; refilling remaining=3408 complete=0
[115544][I][MQTT] Upload stream fill begin bucket=139 max=8 requested=64 internalFree=29164 indexWindow=0 indexed=4508 truncated=0 sessions=52 sessionIndex=10 radioQuiet=1
[115591][I][MQTT] Upload RAM bucket staged bucket=139 records=1 lastEvent=24656 heapFree=21088 psramFree=7433748
[115611][I][MQTT] Upload stream fill done bucket=139 records=8 complete=0 ms=68
[115612][I][MQTT] Upload stream refilled bucket=140 records=8 remaining=3408 ms=68
[115728][I][MQTT] Upload stream buffer drained; refilling remaining=3400 complete=0
[115730][I][MQTT] Upload stream fill begin bucket=140 max=8 requested=64 internalFree=31300 indexWindow=0 indexed=4508 truncated=0 sessions=52 sessionIndex=10 radioQuiet=1
[115776][I][MQTT] Upload RAM bucket staged bucket=140 records=1 lastEvent=24664 heapFree=20860 psramFree=7433732
[115795][I][MQTT] Upload stream fill done bucket=140 records=8 complete=0 ms=66
[115796][I][MQTT] Upload stream refilled bucket=141 records=8 remaining=3400 ms=66
[115916][I][MQTT] Upload stream buffer drained; refilling remaining=3392 complete=0
[115918][I][MQTT] Upload stream fill begin bucket=141 max=8 requested=64 internalFree=31300 indexWindow=0 indexed=4508 truncated=0 sessions=52 sessionIndex=10 radioQuiet=1
[115964][I][MQTT] Upload RAM bucket staged bucket=141 records=1 lastEvent=24672 heapFree=21000 psramFree=7433748
[115983][I][MQTT] Upload stream fill done bucket=141 records=8 complete=0 ms=66
[115984][I][MQTT] Upload stream refilled bucket=142 records=8 remaining=3392 ms=66
[116103][I][MQTT] Upload stream buffer drained; refilling remaining=3384 complete=0
[116104][I][MQTT] Upload stream fill begin bucket=142 max=8 requested=64 internalFree=31300 indexWindow=0 indexed=4508 truncated=0 sessions=52 sessionIndex=10 radioQuiet=1
[116151][I][MQTT] Upload RAM bucket staged bucket=142 records=1 lastEvent=24680 heapFree=20992 psramFree=7433748
[116170][I][MQTT] Upload stream fill done bucket=142 records=8 complete=0 ms=66
[116171][I][MQTT] Upload stream refilled bucket=143 records=8 remaining=3384 ms=66
[116286][I][MQTT] Upload stream buffer drained; refilling remaining=3376 complete=0
[116287][I][MQTT] Upload stream fill begin bucket=143 max=8 requested=64 internalFree=31300 indexWindow=0 indexed=4508 truncated=0 sessions=52 sessionIndex=10 radioQuiet=1
[116333][I][MQTT] Upload RAM bucket staged bucket=143 records=1 lastEvent=24688 heapFree=21060 psramFree=7433748
[116352][I][MQTT] Upload stream fill done bucket=143 records=8 complete=0 ms=65
[116353][I][MQTT] Upload stream refilled bucket=144 records=8 remaining=3376 ms=66
[116471][I][MQTT] Upload stream buffer drained; refilling remaining=3368 complete=0
[116472][I][MQTT] Upload stream fill begin bucket=144 max=8 requested=64 internalFree=31300 indexWindow=0 indexed=4508 truncated=0 sessions=52 sessionIndex=10 radioQuiet=1
[116518][I][MQTT] Upload RAM bucket staged bucket=144 records=1 lastEvent=24696 heapFree=21104 psramFree=7433748
[116538][I][MQTT] Upload stream fill done bucket=144 records=8 complete=0 ms=66
[116539][I][MQTT] Upload stream refilled bucket=145 records=8 remaining=3368 ms=66
[116655][I][MQTT] Upload stream buffer drained; refilling remaining=3360 complete=0
[116656][I][MQTT] Upload stream fill begin bucket=145 max=8 requested=64 internalFree=31300 indexWindow=0 indexed=4508 truncated=0 sessions=52 sessionIndex=10 radioQuiet=1
[116703][I][MQTT] Upload RAM bucket staged bucket=145 records=1 lastEvent=24704 heapFree=20976 psramFree=7433756
[116723][I][MQTT] Upload stream fill done bucket=145 records=8 complete=0 ms=67
[116724][I][MQTT] Upload stream refilled bucket=146 records=8 remaining=3360 ms=67
[116789][I][MQTT] Dump progress pub=1152 fail=0 session=10/52 since=24711 leaseMaxEvents=4508
[116842][I][MQTT] Upload stream buffer drained; refilling remaining=3352 complete=0
[116843][I][MQTT] Upload stream fill begin bucket=146 max=8 requested=64 internalFree=31300 indexWindow=0 indexed=4508 truncated=0 sessions=52 sessionIndex=10 radioQuiet=1
[116889][I][MQTT] Upload RAM bucket staged bucket=146 records=1 lastEvent=24712 heapFree=21056 psramFree=7433756
[116908][I][MQTT] Upload stream fill done bucket=146 records=8 complete=0 ms=65
[116909][I][MQTT] Upload stream refilled bucket=147 records=8 remaining=3352 ms=66
[117029][I][MQTT] Upload stream buffer drained; refilling remaining=3344 complete=0
[117030][I][MQTT] Upload stream fill begin bucket=147 max=8 requested=64 internalFree=31300 indexWindow=0 indexed=4508 truncated=0 sessions=52 sessionIndex=10 radioQuiet=1
[117077][I][MQTT] Upload RAM bucket staged bucket=147 records=1 lastEvent=24720 heapFree=20816 psramFree=7433732
[117130][I][MQTT] Upload stream fill done bucket=147 records=8 complete=0 ms=100
[117131][I][MQTT] Upload stream refilled bucket=148 records=8 remaining=3344 ms=101
[117223][I][STORAGE] Segment lifecycle seg=235 partially_uploaded->fully_uploaded trust=trusted pending=0
[117239][I][STORAGE] Segment lifecycle seg=236 indexed->partially_uploaded trust=trusted pending=146
[117253][I][MQTT] Upload stream buffer drained; refilling remaining=3336 complete=0
[117254][I][MQTT] Upload stream fill begin bucket=148 max=8 requested=64 internalFree=31300 indexWindow=0 indexed=4508 truncated=0 sessions=52 sessionIndex=10 radioQuiet=1
[117299][I][MQTT] Upload RAM bucket staged bucket=148 records=1 lastEvent=24728 heapFree=20840 psramFree=7433732
[117319][I][MQTT] Upload stream fill done bucket=148 records=8 complete=0 ms=65
[117320][I][MQTT] Upload stream refilled bucket=149 records=8 remaining=3336 ms=65
[117436][I][MQTT] Upload stream buffer drained; refilling remaining=3328 complete=0
[117437][I][MQTT] Upload stream fill begin bucket=149 max=8 requested=64 internalFree=31300 indexWindow=0 indexed=4508 truncated=0 sessions=52 sessionIndex=10 radioQuiet=1
[117482][I][MQTT] Upload RAM bucket staged bucket=149 records=1 lastEvent=24736 heapFree=21060 psramFree=7433748
[117502][I][MQTT] Upload stream fill done bucket=149 records=8 complete=0 ms=65
[117503][I][MQTT] Upload stream refilled bucket=150 records=8 remaining=3328 ms=65
[117623][I][MQTT] Upload stream buffer drained; refilling remaining=3320 complete=0
[117624][I][MQTT] Upload stream fill begin bucket=150 max=8 requested=64 internalFree=31300 indexWindow=0 indexed=4508 truncated=0 sessions=52 sessionIndex=10 radioQuiet=1
[117670][I][MQTT] Upload RAM bucket staged bucket=150 records=1 lastEvent=24744 heapFree=21000 psramFree=7433756
[117690][I][MQTT] Upload stream fill done bucket=150 records=8 complete=0 ms=66
[117691][I][MQTT] Upload stream refilled bucket=151 records=8 remaining=3320 ms=66
[117806][I][MQTT] Upload stream buffer drained; refilling remaining=3312 complete=0
[117807][I][MQTT] Upload stream fill begin bucket=151 max=8 requested=64 internalFree=31300 indexWindow=0 indexed=4508 truncated=0 sessions=52 sessionIndex=10 radioQuiet=1
[117853][I][MQTT] Upload RAM bucket staged bucket=151 records=1 lastEvent=24752 heapFree=21044 psramFree=7433756
[117872][I][MQTT] Upload stream fill done bucket=151 records=8 complete=0 ms=65
[117873][I][MQTT] Upload stream refilled bucket=152 records=8 remaining=3312 ms=66
[117990][I][MQTT] Upload stream buffer drained; refilling remaining=3304 complete=0
[117991][I][MQTT] Upload stream fill begin bucket=152 max=8 requested=64 internalFree=31300 indexWindow=0 indexed=4508 truncated=0 sessions=52 sessionIndex=10 radioQuiet=1
[118037][I][MQTT] Upload RAM bucket staged bucket=152 records=1 lastEvent=24760 heapFree=20952 psramFree=7433756
[118057][I][MQTT] Upload stream fill done bucket=152 records=8 complete=0 ms=66
[118058][I][MQTT] Upload stream refilled bucket=153 records=8 remaining=3304 ms=67
[118176][I][MQTT] Upload stream buffer drained; refilling remaining=3296 complete=0
[118177][I][MQTT] Upload stream fill begin bucket=153 max=8 requested=64 internalFree=31300 indexWindow=0 indexed=4508 truncated=0 sessions=52 sessionIndex=10 radioQuiet=1
[118223][I][MQTT] Upload RAM bucket staged bucket=153 records=1 lastEvent=24768 heapFree=21060 psramFree=7433748
[118242][I][MQTT] Upload stream fill done bucket=153 records=8 complete=0 ms=65
[118243][I][MQTT] Upload stream refilled bucket=154 records=8 remaining=3296 ms=65
[118306][I][MQTT] Dump progress pub=1216 fail=0 session=10/52 since=24775 leaseMaxEvents=4508
[118361][I][MQTT] Upload stream buffer drained; refilling remaining=3288 complete=0
[118362][I][MQTT] Upload stream fill begin bucket=154 max=8 requested=64 internalFree=31300 indexWindow=0 indexed=4508 truncated=0 sessions=52 sessionIndex=10 radioQuiet=1
[118409][I][MQTT] Upload RAM bucket staged bucket=154 records=1 lastEvent=24776 heapFree=20984 psramFree=7433748
[118429][I][MQTT] Upload stream fill done bucket=154 records=8 complete=0 ms=67
[118430][I][MQTT] Upload stream refilled bucket=155 records=8 remaining=3288 ms=67
[118548][I][MQTT] Upload stream buffer drained; refilling remaining=3280 complete=0
[118549][I][MQTT] Upload stream fill begin bucket=155 max=8 requested=64 internalFree=31300 indexWindow=0 indexed=4508 truncated=0 sessions=52 sessionIndex=10 radioQuiet=1
[118596][I][MQTT] Upload RAM bucket staged bucket=155 records=1 lastEvent=24784 heapFree=20948 psramFree=7433748
[118615][I][MQTT] Upload stream fill done bucket=155 records=8 complete=0 ms=66
[118616][I][MQTT] Upload stream refilled bucket=156 records=8 remaining=3280 ms=66
[118733][I][MQTT] Upload stream buffer drained; refilling remaining=3272 complete=0
[118735][I][MQTT] Upload stream fill begin bucket=156 max=8 requested=64 internalFree=31300 indexWindow=0 indexed=4508 truncated=0 sessions=52 sessionIndex=10 radioQuiet=1
[118781][I][MQTT] Upload RAM bucket staged bucket=156 records=1 lastEvent=24792 heapFree=20916 psramFree=7433756
[118801][I][MQTT] Upload stream fill done bucket=156 records=8 complete=0 ms=67
[118802][I][MQTT] Upload stream refilled bucket=157 records=8 remaining=3272 ms=67
[118919][I][MQTT] Upload stream buffer drained; refilling remaining=3264 complete=0
[118921][I][MQTT] Upload stream fill begin bucket=157 max=8 requested=64 internalFree=31300 indexWindow=0 indexed=4508 truncated=0 sessions=52 sessionIndex=10 radioQuiet=1
[118966][I][MQTT] Upload RAM bucket staged bucket=157 records=1 lastEvent=24800 heapFree=20924 psramFree=7433756
[118986][I][MQTT] Upload stream fill done bucket=157 records=8 complete=0 ms=66
[118987][I][MQTT] Upload stream refilled bucket=158 records=8 remaining=3264 ms=66
[118988][I][STACK] TaskHardware watermark=10824B min=10824B
[118991][I][HEAP] heap free=7282KB min=7217KB largest=7168KB frag=1% internalFree=25KB internalLargest=16KB psramFree=7257KB core=79/16% owner=WIFI_UPLOAD nets=0 pendingUpload=3264 pendingEnrich=71
[HEALTH] time=2026-08-07 15:08:19 src=ntp
[HEALTH] heap used=1142/8424KB free=7282KB min=7217KB largest=7168KB frag=1%
[HEALTH] internal used=206/232KB free=25KB min=0KB largest=16KB
[HEALTH] psram used=935/8192KB free=7257KB largest=7168KB
[HEALTH] stack free_min: core0=11KB/22KB core1=14KB/18KB
[HEALTH] core usage: core0=79% core1=16%
[HEALTH] power=usb state=usb batt=100% 4664mV trend=-13mV/min runtime=0min cap=1100mAh charging=0
[HEALTH] radio=WIFI_UPLOAD wifi=0 ble=0 gps=0 nets=0 pendingUpload=3264 pendingEnrich=71
[HEALTH] subghz=NONE mode=OFF pkts=0 nodes=0
[118993][I][STORAGE] RAMSpool enq=0 cons=0 inflight=0/1024 high=0 pressure=0 drop[full=0 big=0 noise=0 p3Evict=0 p3Drop=0 p2Drop=0 p1Fail=0] free=1024
[118993][I][STORAGE] RAMSpool enqueue probe[ok=0 drop=0] device[ok=0 drop=0]
[118993][I][STORAGE] RAMSpool worker probe[ok=0 sup=0 drop=0 fail=0 slow=0] device[ok=0 sup=0 drop=0 fail=0 slow=0] slowTotal=0 maxMs=0
[118994][I][STORAGE] RAMSpool prioEnq p0=0 p1=0 p2=0 p3=0
[118994][I][STORAGE] RAMSpool lanes p1=0/0 p2=0/0 p3=0/0
[119083][I][MQTT] Upload checkpoint deferred until radio quiet pub=1250
[119109][I][MQTT] Upload stream buffer drained; refilling remaining=3256 complete=0
[119110][I][MQTT] Upload stream fill begin bucket=158 max=8 requested=64 internalFree=31300 indexWindow=0 indexed=4508 truncated=0 sessions=52 sessionIndex=10 radioQuiet=1
[119157][I][MQTT] Upload RAM bucket staged bucket=158 records=1 lastEvent=24808 heapFree=21000 psramFree=7433748
[119176][I][MQTT] Upload stream fill done bucket=158 records=8 complete=0 ms=66
[119177][I][MQTT] Upload stream refilled bucket=159 records=8 remaining=3256 ms=66
[119298][I][MQTT] Upload stream buffer drained; refilling remaining=3248 complete=0
[119299][I][MQTT] Upload stream fill begin bucket=159 max=8 requested=64 internalFree=31300 indexWindow=0 indexed=4508 truncated=0 sessions=52 sessionIndex=10 radioQuiet=1
[119346][I][MQTT] Upload RAM bucket staged bucket=159 records=1 lastEvent=24816 heapFree=21060 psramFree=7433748
[119366][I][MQTT] Upload stream fill done bucket=159 records=8 complete=0 ms=67
[119367][I][MQTT] Upload stream refilled bucket=160 records=8 remaining=3248 ms=67
[119485][I][MQTT] Upload stream buffer drained; refilling remaining=3240 complete=0
[120704][I][STORAGE] worker ui refresh serviced uiRefreshServiceCount=5 uiDeferred=1 uiFlush=2 pressure=0 usedPct=19 pending=3240
[122368][I][MQTT] Upload stream fill begin bucket=160 max=8 requested=64 internalFree=31300 indexWindow=0 indexed=4508 truncated=0 sessions=52 sessionIndex=10 radioQuiet=1
[122413][I][MQTT] Upload RAM bucket staged bucket=160 records=1 lastEvent=24824 heapFree=20924 psramFree=7433748
[122432][I][MQTT] Upload stream fill done bucket=160 records=8 complete=0 ms=64
[122433][I][MQTT] Upload stream refilled bucket=161 records=8 remaining=3240 ms=64
[HEAP] integrity check ok
[122445][W][CORE] TaskHardware loop gap=3068ms owner=WIFI_UPLOAD pendingUpload=3240 maintPending=1 suppressed=1
[122557][I][MQTT] Upload stream buffer drained; refilling remaining=3232 complete=0
[122558][I][MQTT] Upload stream fill begin bucket=161 max=8 requested=64 internalFree=31300 indexWindow=0 indexed=4508 truncated=0 sessions=52 sessionIndex=10 radioQuiet=1
[122602][I][MQTT] Upload RAM bucket staged bucket=161 records=1 lastEvent=24832 heapFree=21060 psramFree=7433748
[122621][I][MQTT] Upload stream fill done bucket=161 records=8 complete=0 ms=63
[122622][I][MQTT] Upload stream refilled bucket=162 records=8 remaining=3232 ms=64
[122685][I][MQTT] Dump progress pub=1280 fail=0 session=10/52 since=24839 leaseMaxEvents=4508
[122743][I][MQTT] Upload stream buffer drained; refilling remaining=3224 complete=0
[122744][I][MQTT] Upload stream fill begin bucket=162 max=8 requested=64 internalFree=31300 indexWindow=0 indexed=4508 truncated=0 sessions=52 sessionIndex=10 radioQuiet=1
[122788][I][MQTT] Upload RAM bucket staged bucket=162 records=1 lastEvent=24840 heapFree=21060 psramFree=7433748
[122807][I][MQTT] Upload stream fill done bucket=162 records=8 complete=0 ms=63
[122808][I][MQTT] Upload stream refilled bucket=163 records=8 remaining=3224 ms=64
[122923][I][MQTT] Upload stream buffer drained; refilling remaining=3216 complete=0
[122924][I][MQTT] Upload stream fill begin bucket=163 max=8 requested=64 internalFree=31300 indexWindow=0 indexed=4508 truncated=0 sessions=52 sessionIndex=10 radioQuiet=1
[122968][I][MQTT] Upload RAM bucket staged bucket=163 records=1 lastEvent=24848 heapFree=20660 psramFree=7433732
[122989][I][MQTT] Upload stream fill done bucket=163 records=8 complete=0 ms=65
[122990][I][MQTT] Upload stream refilled bucket=164 records=8 remaining=3216 ms=66
[123106][I][MQTT] Upload stream buffer drained; refilling remaining=3208 complete=0
[123107][I][MQTT] Upload stream fill begin bucket=164 max=8 requested=64 internalFree=31300 indexWindow=0 indexed=4508 truncated=0 sessions=52 sessionIndex=10 radioQuiet=1
[123151][I][MQTT] Upload RAM bucket staged bucket=164 records=1 lastEvent=24856 heapFree=20768 psramFree=7433716
[123173][I][MQTT] Upload stream fill done bucket=164 records=8 complete=0 ms=66
[123174][I][MQTT] Upload stream refilled bucket=165 records=8 remaining=3208 ms=66
[123291][I][MQTT] Upload stream buffer drained; refilling remaining=3200 complete=0
[123292][I][MQTT] Upload stream fill begin bucket=165 max=8 requested=64 internalFree=31308 indexWindow=0 indexed=4508 truncated=0 sessions=52 sessionIndex=10 radioQuiet=1
[123336][I][MQTT] Upload RAM bucket staged bucket=165 records=1 lastEvent=24864 heapFree=20824 psramFree=7433732
[123357][I][MQTT] Upload stream fill done bucket=165 records=8 complete=0 ms=65
[123358][I][MQTT] Upload stream refilled bucket=166 records=8 remaining=3200 ms=66
[123478][I][MQTT] Upload stream buffer drained; refilling remaining=3192 complete=0
[123479][I][MQTT] Upload stream fill begin bucket=166 max=8 requested=64 internalFree=31308 indexWindow=0 indexed=4508 truncated=0 sessions=52 sessionIndex=10 radioQuiet=1
[123515][I][MQTT] Upload RAM bucket staged bucket=166 records=1 lastEvent=24872 heapFree=22120 psramFree=7433692
[123518][I][MQTT] Upload RAM bucket session exhausted bucket=166 session=33e864-3824-c35988a5 since=24872 idx=10/52
[123518][I][MQTT] Upload bucket session start idx=11 sess=33e864-5315-ab12e3a7 bucket=1
[123575][I][MQTT] Upload stream fill done bucket=166 records=8 complete=0 ms=96
[123576][I][MQTT] Upload stream refilled bucket=167 records=8 remaining=3192 ms=96
[123603][I][STORAGE] Segment lifecycle seg=236 partially_uploaded->fully_uploaded trust=trusted pending=0
[123615][I][STORAGE] Segment lifecycle seg=238 indexed->partially_uploaded trust=trusted pending=442
[123698][I][MQTT] Upload stream buffer drained; refilling remaining=3184 complete=0
[123699][I][MQTT] Upload stream fill begin bucket=167 max=8 requested=64 internalFree=31252 indexWindow=0 indexed=4508 truncated=0 sessions=52 sessionIndex=11 radioQuiet=1
[123743][I][MQTT] Upload RAM bucket staged bucket=167 records=1 lastEvent=24880 heapFree=20796 psramFree=7433716
[123763][I][MQTT] Upload stream fill done bucket=167 records=8 complete=0 ms=64
[123764][I][MQTT] Upload stream refilled bucket=168 records=8 remaining=3184 ms=65
[123880][I][MQTT] Upload stream buffer drained; refilling remaining=3176 complete=0
[123881][I][MQTT] Upload stream fill begin bucket=168 max=8 requested=64 internalFree=31252 indexWindow=0 indexed=4508 truncated=0 sessions=52 sessionIndex=11 radioQuiet=1
[123925][I][MQTT] Upload RAM bucket staged bucket=168 records=1 lastEvent=24888 heapFree=20708 psramFree=7433732
[123945][I][MQTT] Upload stream fill done bucket=168 records=8 complete=0 ms=64
[123946][I][MQTT] Upload stream refilled bucket=169 records=8 remaining=3176 ms=64
[124058][I][MQTT] Upload stream buffer drained; refilling remaining=3168 complete=0
[124059][I][MQTT] Upload stream fill begin bucket=169 max=8 requested=64 internalFree=31252 indexWindow=0 indexed=4508 truncated=0 sessions=52 sessionIndex=11 radioQuiet=1
[124102][I][MQTT] Upload RAM bucket staged bucket=169 records=1 lastEvent=24896 heapFree=20856 psramFree=7433716
[124122][I][MQTT] Upload stream fill done bucket=169 records=8 complete=0 ms=64
[124123][I][MQTT] Upload stream refilled bucket=170 records=8 remaining=3168 ms=64
[124185][I][MQTT] Dump progress pub=1344 fail=0 session=11/52 since=24903 leaseMaxEvents=4508
[124237][I][MQTT] Upload stream buffer drained; refilling remaining=3160 complete=0
[124238][I][MQTT] Upload stream fill begin bucket=170 max=8 requested=64 internalFree=31252 indexWindow=0 indexed=4508 truncated=0 sessions=52 sessionIndex=11 radioQuiet=1
[124282][I][MQTT] Upload RAM bucket staged bucket=170 records=1 lastEvent=24904 heapFree=20668 psramFree=7433708
[124303][I][MQTT] Upload stream fill done bucket=170 records=8 complete=0 ms=65
[124304][I][MQTT] Upload stream refilled bucket=171 records=8 remaining=3160 ms=66
[124415][I][MQTT] Upload stream buffer drained; refilling remaining=3152 complete=0
[124416][I][MQTT] Upload stream fill begin bucket=171 max=8 requested=64 internalFree=31252 indexWindow=0 indexed=4508 truncated=0 sessions=52 sessionIndex=11 radioQuiet=1
[124464][I][MQTT] Upload RAM bucket staged bucket=171 records=1 lastEvent=24912 heapFree=20676 psramFree=7433708
[124484][I][MQTT] Upload stream fill done bucket=171 records=8 complete=0 ms=68
[124485][I][MQTT] Upload stream refilled bucket=172 records=8 remaining=3152 ms=68
[124601][I][MQTT] Upload stream buffer drained; refilling remaining=3144 complete=0
[124602][I][MQTT] Upload stream fill begin bucket=172 max=8 requested=64 internalFree=31252 indexWindow=0 indexed=4508 truncated=0 sessions=52 sessionIndex=11 radioQuiet=1
[124646][I][MQTT] Upload RAM bucket staged bucket=172 records=1 lastEvent=24920 heapFree=20844 psramFree=7433716
[124666][I][MQTT] Upload stream fill done bucket=172 records=8 complete=0 ms=64
[124667][I][MQTT] Upload stream refilled bucket=173 records=8 remaining=3144 ms=64
[124782][I][MQTT] Upload stream buffer drained; refilling remaining=3136 complete=0
[124783][I][MQTT] Upload stream fill begin bucket=173 max=8 requested=64 internalFree=31252 indexWindow=0 indexed=4508 truncated=0 sessions=52 sessionIndex=11 radioQuiet=1
[124827][I][MQTT] Upload RAM bucket staged bucket=173 records=1 lastEvent=24928 heapFree=20700 psramFree=7433708
[124847][I][MQTT] Upload stream fill done bucket=173 records=8 complete=0 ms=64
[124848][I][MQTT] Upload stream refilled bucket=174 records=8 remaining=3136 ms=64
[124961][I][MQTT] Upload stream buffer drained; refilling remaining=3128 complete=0
[124962][I][MQTT] Upload stream fill begin bucket=174 max=8 requested=64 internalFree=31252 indexWindow=0 indexed=4508 truncated=0 sessions=52 sessionIndex=11 radioQuiet=1
[125005][I][MQTT] Upload RAM bucket staged bucket=174 records=1 lastEvent=24936 heapFree=20880 psramFree=7433716
[125025][I][MQTT] Upload stream fill done bucket=174 records=8 complete=0 ms=63
[125026][I][MQTT] Upload stream refilled bucket=175 records=8 remaining=3128 ms=64
[125140][I][MQTT] Upload stream buffer drained; refilling remaining=3120 complete=0
[125141][I][MQTT] Upload stream fill begin bucket=175 max=8 requested=64 internalFree=31252 indexWindow=0 indexed=4508 truncated=0 sessions=52 sessionIndex=11 radioQuiet=1
[125186][I][MQTT] Upload RAM bucket staged bucket=175 records=1 lastEvent=24944 heapFree=20732 psramFree=7433716
[125206][I][MQTT] Upload stream fill done bucket=175 records=8 complete=0 ms=65
[125207][I][MQTT] Upload stream refilled bucket=176 records=8 remaining=3120 ms=65
[125320][I][MQTT] Upload stream buffer drained; refilling remaining=3112 complete=0
[125321][I][MQTT] Upload stream fill begin bucket=176 max=8 requested=64 internalFree=31252 indexWindow=0 indexed=4508 truncated=0 sessions=52 sessionIndex=11 radioQuiet=1
[125364][I][MQTT] Upload RAM bucket staged bucket=176 records=1 lastEvent=24952 heapFree=20996 psramFree=7433732
[125385][I][MQTT] Upload stream fill done bucket=176 records=8 complete=0 ms=64
[125386][I][MQTT] Upload stream refilled bucket=177 records=8 remaining=3112 ms=66
[125498][I][MQTT] Upload stream buffer drained; refilling remaining=3104 complete=0
[125500][I][MQTT] Upload stream fill begin bucket=177 max=8 requested=64 internalFree=31252 indexWindow=0 indexed=4508 truncated=0 sessions=52 sessionIndex=11 radioQuiet=1
[125543][I][MQTT] Upload RAM bucket staged bucket=177 records=1 lastEvent=24960 heapFree=20624 psramFree=7433700
[125564][I][MQTT] Upload stream fill done bucket=177 records=8 complete=0 ms=65
[125565][I][MQTT] Upload stream refilled bucket=178 records=8 remaining=3104 ms=66
[125627][I][MQTT] Dump progress pub=1408 fail=0 session=11/52 since=24967 leaseMaxEvents=4508
[125678][I][MQTT] Upload stream buffer drained; refilling remaining=3096 complete=0
[125679][I][MQTT] Upload stream fill begin bucket=178 max=8 requested=64 internalFree=31252 indexWindow=0 indexed=4508 truncated=0 sessions=52 sessionIndex=11 radioQuiet=1
[125723][I][MQTT] Upload RAM bucket staged bucket=178 records=1 lastEvent=24968 heapFree=20696 psramFree=7433700
[125743][I][MQTT] Upload stream fill done bucket=178 records=8 complete=0 ms=64
[125744][I][MQTT] Upload stream refilled bucket=179 records=8 remaining=3096 ms=64
[125858][I][MQTT] Upload stream buffer drained; refilling remaining=3088 complete=0
[125860][I][MQTT] Upload stream fill begin bucket=179 max=8 requested=64 internalFree=31252 indexWindow=0 indexed=4508 truncated=0 sessions=52 sessionIndex=11 radioQuiet=1
[125903][I][MQTT] Upload RAM bucket staged bucket=179 records=1 lastEvent=24976 heapFree=20880 psramFree=7433716
[125924][I][MQTT] Upload stream fill done bucket=179 records=8 complete=0 ms=65
[125925][I][MQTT] Upload stream refilled bucket=180 records=8 remaining=3088 ms=65
[126038][I][MQTT] Upload stream buffer drained; refilling remaining=3080 complete=0
[126039][I][MQTT] Upload stream fill begin bucket=180 max=8 requested=64 internalFree=31252 indexWindow=0 indexed=4508 truncated=0 sessions=52 sessionIndex=11 radioQuiet=1
[126082][I][MQTT] Upload RAM bucket staged bucket=180 records=1 lastEvent=24984 heapFree=20656 psramFree=7433700
[126102][I][MQTT] Upload stream fill done bucket=180 records=8 complete=0 ms=63
[126103][I][MQTT] Upload stream refilled bucket=181 records=8 remaining=3080 ms=64
[126216][I][MQTT] Upload stream buffer drained; refilling remaining=3072 complete=0
[126217][I][MQTT] Upload stream fill begin bucket=181 max=8 requested=64 internalFree=31252 indexWindow=0 indexed=4508 truncated=0 sessions=52 sessionIndex=11 radioQuiet=1
[126261][I][MQTT] Upload RAM bucket staged bucket=181 records=1 lastEvent=24992 heapFree=20660 psramFree=7433708
[126281][I][MQTT] Upload stream fill done bucket=181 records=8 complete=0 ms=64
[126282][I][MQTT] Upload stream refilled bucket=182 records=8 remaining=3072 ms=64
[126393][I][MQTT] Upload stream buffer drained; refilling remaining=3064 complete=0
[126395][I][MQTT] Upload stream fill begin bucket=182 max=8 requested=64 internalFree=31252 indexWindow=0 indexed=4508 truncated=0 sessions=52 sessionIndex=11 radioQuiet=1
[126439][I][MQTT] Upload RAM bucket staged bucket=182 records=1 lastEvent=25000 heapFree=20772 psramFree=7433716
[126459][I][MQTT] Upload stream fill done bucket=182 records=8 complete=0 ms=65
[126460][I][MQTT] Upload stream refilled bucket=183 records=8 remaining=3064 ms=65
[126573][I][MQTT] Upload stream buffer drained; refilling remaining=3056 complete=0
[126574][I][MQTT] Upload stream fill begin bucket=183 max=8 requested=64 internalFree=31252 indexWindow=0 indexed=4508 truncated=0 sessions=52 sessionIndex=11 radioQuiet=1
[126617][I][MQTT] Upload RAM bucket staged bucket=183 records=1 lastEvent=25008 heapFree=20792 psramFree=7433716
[126637][I][MQTT] Upload stream fill done bucket=183 records=8 complete=0 ms=63
[126638][I][MQTT] Upload stream refilled bucket=184 records=8 remaining=3056 ms=64
[126752][I][MQTT] Upload stream buffer drained; refilling remaining=3048 complete=0
[126753][I][MQTT] Upload stream fill begin bucket=184 max=8 requested=64 internalFree=31252 indexWindow=0 indexed=4508 truncated=0 sessions=52 sessionIndex=11 radioQuiet=1
[126796][I][MQTT] Upload RAM bucket staged bucket=184 records=1 lastEvent=25016 heapFree=20628 psramFree=7433708
[126817][I][MQTT] Upload stream fill done bucket=184 records=8 complete=0 ms=64
[126818][I][MQTT] Upload stream refilled bucket=185 records=8 remaining=3048 ms=65
[126933][I][MQTT] Upload stream buffer drained; refilling remaining=3040 complete=0
[126934][I][MQTT] Upload stream fill begin bucket=185 max=8 requested=64 internalFree=31252 indexWindow=0 indexed=4508 truncated=0 sessions=52 sessionIndex=11 radioQuiet=1
[126977][I][MQTT] Upload RAM bucket staged bucket=185 records=1 lastEvent=25024 heapFree=20616 psramFree=7433700
[126997][I][MQTT] Upload stream fill done bucket=185 records=8 complete=0 ms=63
[126998][I][MQTT] Upload stream refilled bucket=186 records=8 remaining=3040 ms=64
[127060][I][MQTT] Dump progress pub=1472 fail=0 session=11/52 since=25031 leaseMaxEvents=4508
[127112][I][MQTT] Upload stream buffer drained; refilling remaining=3032 complete=0
[127113][I][MQTT] Upload stream fill begin bucket=186 max=8 requested=64 internalFree=31252 indexWindow=0 indexed=4508 truncated=0 sessions=52 sessionIndex=11 radioQuiet=1
[127157][I][MQTT] Upload RAM bucket staged bucket=186 records=1 lastEvent=25032 heapFree=20700 psramFree=7433732
[127178][I][MQTT] Upload stream fill done bucket=186 records=8 complete=0 ms=65
[127179][I][MQTT] Upload stream refilled bucket=187 records=8 remaining=3032 ms=65
[127290][I][MQTT] Upload stream buffer drained; refilling remaining=3024 complete=0
[127291][I][MQTT] Upload stream fill begin bucket=187 max=8 requested=64 internalFree=31252 indexWindow=0 indexed=4508 truncated=0 sessions=52 sessionIndex=11 radioQuiet=1
[127335][I][MQTT] Upload RAM bucket staged bucket=187 records=1 lastEvent=25040 heapFree=20728 psramFree=7433716
[127355][I][MQTT] Upload stream fill done bucket=187 records=8 complete=0 ms=64
[127356][I][MQTT] Upload stream refilled bucket=188 records=8 remaining=3024 ms=64
[127470][I][MQTT] Upload stream buffer drained; refilling remaining=3016 complete=0
[127471][I][MQTT] Upload stream fill begin bucket=188 max=8 requested=64 internalFree=31252 indexWindow=0 indexed=4508 truncated=0 sessions=52 sessionIndex=11 radioQuiet=1
[127514][I][MQTT] Upload RAM bucket staged bucket=188 records=1 lastEvent=25048 heapFree=20692 psramFree=7433716
[127535][I][MQTT] Upload stream fill done bucket=188 records=8 complete=0 ms=64
[127536][I][MQTT] Upload stream refilled bucket=189 records=8 remaining=3016 ms=65
[127648][I][MQTT] Upload checkpoint deferred until radio quiet pub=1500
[127648][I][MQTT] Upload stream buffer drained; refilling remaining=3008 complete=0
[127649][I][MQTT] Upload stream fill begin bucket=189 max=8 requested=64 internalFree=31252 indexWindow=0 indexed=4508 truncated=0 sessions=52 sessionIndex=11 radioQuiet=1
[127696][I][MQTT] Upload RAM bucket staged bucket=189 records=1 lastEvent=25056 heapFree=20760 psramFree=7433708
[127716][I][MQTT] Upload stream fill done bucket=189 records=8 complete=0 ms=67
[127717][I][MQTT] Upload stream refilled bucket=190 records=8 remaining=3008 ms=68
[127831][I][MQTT] Upload stream buffer drained; refilling remaining=3000 complete=0
[127832][I][MQTT] Upload stream fill begin bucket=190 max=8 requested=64 internalFree=31252 indexWindow=0 indexed=4508 truncated=0 sessions=52 sessionIndex=11 radioQuiet=1
[127875][I][MQTT] Upload RAM bucket staged bucket=190 records=1 lastEvent=25064 heapFree=20736 psramFree=7433732
[127895][I][MQTT] Upload stream fill done bucket=190 records=8 complete=0 ms=63
[127896][I][MQTT] Upload stream refilled bucket=191 records=8 remaining=3000 ms=64
[128011][I][MQTT] Upload stream buffer drained; refilling remaining=2992 complete=0
[128012][I][MQTT] Upload stream fill begin bucket=191 max=8 requested=64 internalFree=31252 indexWindow=0 indexed=4508 truncated=0 sessions=52 sessionIndex=11 radioQuiet=1
[128057][I][MQTT] Upload RAM bucket staged bucket=191 records=1 lastEvent=25072 heapFree=20708 psramFree=7433716
[128077][I][MQTT] Upload stream fill done bucket=191 records=8 complete=0 ms=65
[128078][I][MQTT] Upload stream refilled bucket=192 records=8 remaining=2992 ms=66
[128193][I][MQTT] Upload stream buffer drained; refilling remaining=2984 complete=0
[129298][I][STORAGE] worker ui refresh serviced uiRefreshServiceCount=6 uiDeferred=1 uiFlush=2 pressure=0 usedPct=19 pending=2984
[130452][I][MQTT] Upload stream fill begin bucket=192 max=8 requested=64 internalFree=31252 indexWindow=0 indexed=4508 truncated=0 sessions=52 sessionIndex=11 radioQuiet=1
[130498][I][MQTT] Upload RAM bucket staged bucket=192 records=1 lastEvent=25080 heapFree=20788 psramFree=7433732
[130518][I][MQTT] Upload stream fill done bucket=192 records=8 complete=0 ms=67
[130519][I][MQTT] Upload stream refilled bucket=193 records=8 remaining=2984 ms=68
[130640][I][MQTT] Upload stream buffer drained; refilling remaining=2976 complete=0
[130643][I][MQTT] Upload stream fill begin bucket=193 max=8 requested=64 internalFree=29068 indexWindow=0 indexed=4508 truncated=0 sessions=52 sessionIndex=11 radioQuiet=1
[130690][I][MQTT] Upload RAM bucket staged bucket=193 records=1 lastEvent=25088 heapFree=20772 psramFree=7433732
[130712][I][MQTT] Upload stream fill done bucket=193 records=8 complete=0 ms=70
[130713][I][MQTT] Upload stream refilled bucket=194 records=8 remaining=2976 ms=71
[130775][I][MQTT] Dump progress pub=1536 fail=0 session=11/52 since=25095 leaseMaxEvents=4508
[130832][I][MQTT] Upload stream buffer drained; refilling remaining=2968 complete=0
[130833][I][MQTT] Upload stream fill begin bucket=194 max=8 requested=64 internalFree=29100 indexWindow=0 indexed=4508 truncated=0 sessions=52 sessionIndex=11 radioQuiet=1
[130879][I][MQTT] Upload RAM bucket staged bucket=194 records=1 lastEvent=25096 heapFree=20828 psramFree=7433732
[130899][I][MQTT] Upload stream fill done bucket=194 records=8 complete=0 ms=66
[130900][I][MQTT] Upload stream refilled bucket=195 records=8 remaining=2968 ms=66
[131013][I][MQTT] Upload stream buffer drained; refilling remaining=2960 complete=0
[131014][I][MQTT] Upload stream fill begin bucket=195 max=8 requested=64 internalFree=23180 indexWindow=0 indexed=4508 truncated=0 sessions=52 sessionIndex=11 radioQuiet=1
[131064][I][MQTT] Upload RAM bucket staged bucket=195 records=1 lastEvent=25104 heapFree=20840 psramFree=7433732
[131084][I][MQTT] Upload stream fill done bucket=195 records=8 complete=0 ms=70
[131085][I][MQTT] Upload stream refilled bucket=196 records=8 remaining=2960 ms=70
[131205][I][MQTT] Upload stream buffer drained; refilling remaining=2952 complete=0
[131206][I][MQTT] Upload stream fill begin bucket=196 max=8 requested=64 internalFree=23416 indexWindow=0 indexed=4508 truncated=0 sessions=52 sessionIndex=11 radioQuiet=1
[131256][I][MQTT] Upload RAM bucket staged bucket=196 records=1 lastEvent=25112 heapFree=20524 psramFree=7433692
[131276][I][MQTT] Upload stream fill done bucket=196 records=8 complete=0 ms=70
[131277][I][MQTT] Upload stream refilled bucket=197 records=8 remaining=2952 ms=71
[131390][I][MQTT] Upload stream buffer drained; refilling remaining=2944 complete=0
[131391][I][MQTT] Upload stream fill begin bucket=197 max=8 requested=64 internalFree=31252 indexWindow=0 indexed=4508 truncated=0 sessions=52 sessionIndex=11 radioQuiet=1
[131436][I][MQTT] Upload RAM bucket staged bucket=197 records=1 lastEvent=25120 heapFree=20704 psramFree=7433732
[131456][I][MQTT] Upload stream fill done bucket=197 records=8 complete=0 ms=65
[131457][I][MQTT] Upload stream refilled bucket=198 records=8 remaining=2944 ms=65
[131571][I][MQTT] Upload stream buffer drained; refilling remaining=2936 complete=0
[131573][I][MQTT] Upload stream fill begin bucket=198 max=8 requested=64 internalFree=31252 indexWindow=0 indexed=4508 truncated=0 sessions=52 sessionIndex=11 radioQuiet=1
[131619][I][MQTT] Upload RAM bucket staged bucket=198 records=1 lastEvent=25128 heapFree=20796 psramFree=7433716
[131639][I][MQTT] Upload stream fill done bucket=198 records=8 complete=0 ms=67
[131640][I][MQTT] Upload stream refilled bucket=199 records=8 remaining=2936 ms=67
[131756][I][MQTT] Upload stream buffer drained; refilling remaining=2928 complete=0
[131757][I][MQTT] Upload stream fill begin bucket=199 max=8 requested=64 internalFree=31252 indexWindow=0 indexed=4508 truncated=0 sessions=52 sessionIndex=11 radioQuiet=1
[131801][I][MQTT] Upload RAM bucket staged bucket=199 records=1 lastEvent=25136 heapFree=20880 psramFree=7433716
[131821][I][MQTT] Upload stream fill done bucket=199 records=8 complete=0 ms=64
[131822][I][MQTT] Upload stream refilled bucket=200 records=8 remaining=2928 ms=65
[131938][I][MQTT] Upload stream buffer drained; refilling remaining=2920 complete=0
[131940][I][MQTT] Upload stream fill begin bucket=200 max=8 requested=64 internalFree=31252 indexWindow=0 indexed=4508 truncated=0 sessions=52 sessionIndex=11 radioQuiet=1
[131984][I][MQTT] Upload RAM bucket staged bucket=200 records=1 lastEvent=25144 heapFree=20736 psramFree=7433732
[132005][I][MQTT] Upload stream fill done bucket=200 records=8 complete=0 ms=66
[132006][I][MQTT] Upload stream refilled bucket=201 records=8 remaining=2920 ms=66
[132123][I][MQTT] Upload stream buffer drained; refilling remaining=2912 complete=0
[132124][I][MQTT] Upload stream fill begin bucket=201 max=8 requested=64 internalFree=29100 indexWindow=0 indexed=4508 truncated=0 sessions=52 sessionIndex=11 radioQuiet=1
[132170][I][MQTT] Upload RAM bucket staged bucket=201 records=1 lastEvent=25152 heapFree=20648 psramFree=7433716
[132190][I][MQTT] Upload stream fill done bucket=201 records=8 complete=0 ms=66
[132191][I][MQTT] Upload stream refilled bucket=202 records=8 remaining=2912 ms=67
[132252][I][MQTT] Dump progress pub=1600 fail=0 session=11/52 since=25159 leaseMaxEvents=4508
[132308][I][MQTT] Upload stream buffer drained; refilling remaining=2904 complete=0
[132309][I][MQTT] Upload stream fill begin bucket=202 max=8 requested=64 internalFree=19140 indexWindow=0 indexed=4508 truncated=0 sessions=52 sessionIndex=11 radioQuiet=1
[132361][I][MQTT] Upload RAM bucket staged bucket=202 records=1 lastEvent=25160 heapFree=14648 psramFree=7433732
[132386][I][MQTT] Upload stream fill done bucket=202 records=8 complete=0 ms=77
[132387][I][MQTT] Upload stream refilled bucket=203 records=8 remaining=2904 ms=77
[132502][I][MQTT] Upload stream buffer drained; refilling remaining=2896 complete=0
[132504][I][MQTT] Upload stream fill begin bucket=203 max=8 requested=64 internalFree=29100 indexWindow=0 indexed=4508 truncated=0 sessions=52 sessionIndex=11 radioQuiet=1
[132550][I][MQTT] Upload RAM bucket staged bucket=203 records=1 lastEvent=25168 heapFree=20908 psramFree=7433716
[132570][I][MQTT] Upload stream fill done bucket=203 records=8 complete=0 ms=67
[132571][I][MQTT] Upload stream refilled bucket=204 records=8 remaining=2896 ms=67
[132691][I][MQTT] Upload stream buffer drained; refilling remaining=2888 complete=0
[132692][I][MQTT] Upload stream fill begin bucket=204 max=8 requested=64 internalFree=31252 indexWindow=0 indexed=4508 truncated=0 sessions=52 sessionIndex=11 radioQuiet=1
[132737][I][MQTT] Upload RAM bucket staged bucket=204 records=1 lastEvent=25176 heapFree=20556 psramFree=7433700
[132757][I][MQTT] Upload stream fill done bucket=204 records=8 complete=0 ms=65
[132758][I][MQTT] Upload stream refilled bucket=205 records=8 remaining=2888 ms=65
[132973][I][MQTT] Upload stream buffer drained; refilling remaining=2880 complete=0
[132974][I][MQTT] Upload stream fill begin bucket=205 max=8 requested=64 internalFree=28856 indexWindow=0 indexed=4508 truncated=0 sessions=52 sessionIndex=11 radioQuiet=1
[133022][I][MQTT] Upload RAM bucket staged bucket=205 records=1 lastEvent=25184 heapFree=20660 psramFree=7433732
[133042][I][MQTT] Upload stream fill done bucket=205 records=8 complete=0 ms=68
[133043][I][MQTT] Upload stream refilled bucket=206 records=8 remaining=2880 ms=69
[133053][W][CORE] TaskHardware loop gap=285ms owner=WIFI_UPLOAD pendingUpload=2880 maintPending=1 suppressed=1
[133159][I][MQTT] Upload stream buffer drained; refilling remaining=2872 complete=0
[133160][I][MQTT] Upload stream fill begin bucket=206 max=8 requested=64 internalFree=27464 indexWindow=0 indexed=4508 truncated=0 sessions=52 sessionIndex=11 radioQuiet=1
[133207][I][MQTT] Upload RAM bucket staged bucket=206 records=1 lastEvent=25192 heapFree=20804 psramFree=7433716
[133227][I][MQTT] Upload stream fill done bucket=206 records=8 complete=0 ms=67
[133228][I][MQTT] Upload stream refilled bucket=207 records=8 remaining=2872 ms=67
[133345][I][MQTT] Upload stream buffer drained; refilling remaining=2864 complete=0
[133346][I][MQTT] Upload stream fill begin bucket=207 max=8 requested=64 internalFree=31252 indexWindow=0 indexed=4508 truncated=0 sessions=52 sessionIndex=11 radioQuiet=1
[133391][I][MQTT] Upload RAM bucket staged bucket=207 records=1 lastEvent=25200 heapFree=20756 psramFree=7433732
[133412][I][MQTT] Upload stream fill done bucket=207 records=8 complete=0 ms=66
[133413][I][MQTT] Upload stream refilled bucket=208 records=8 remaining=2864 ms=67
[133532][I][MQTT] Upload stream buffer drained; refilling remaining=2856 complete=0
[133533][I][MQTT] Upload stream fill begin bucket=208 max=8 requested=64 internalFree=31252 indexWindow=0 indexed=4508 truncated=0 sessions=52 sessionIndex=11 radioQuiet=1
[133578][I][MQTT] Upload RAM bucket staged bucket=208 records=1 lastEvent=25208 heapFree=20812 psramFree=7433716
[133598][I][MQTT] Upload stream fill done bucket=208 records=8 complete=0 ms=65
[133599][I][MQTT] Upload stream refilled bucket=209 records=8 remaining=2856 ms=66
[133715][I][MQTT] Upload stream buffer drained; refilling remaining=2848 complete=0
[133716][I][MQTT] Upload stream fill begin bucket=209 max=8 requested=64 internalFree=31252 indexWindow=0 indexed=4508 truncated=0 sessions=52 sessionIndex=11 radioQuiet=1
[133761][I][MQTT] Upload RAM bucket staged bucket=209 records=1 lastEvent=25216 heapFree=20604 psramFree=7433700
[133783][I][MQTT] Upload stream fill done bucket=209 records=8 complete=0 ms=67
[133784][I][MQTT] Upload stream refilled bucket=210 records=8 remaining=2848 ms=68
[133850][I][MQTT] Dump progress pub=1664 fail=0 session=11/52 since=25223 leaseMaxEvents=4508
[133904][I][MQTT] Upload stream buffer drained; refilling remaining=2840 complete=0
[133905][I][MQTT] Upload stream fill begin bucket=210 max=8 requested=64 internalFree=31252 indexWindow=0 indexed=4508 truncated=0 sessions=52 sessionIndex=11 radioQuiet=1
[133950][I][MQTT] Upload RAM bucket staged bucket=210 records=1 lastEvent=25224 heapFree=20608 psramFree=7433708
[133970][I][MQTT] Upload stream fill done bucket=210 records=8 complete=0 ms=65
[133971][I][MQTT] Upload stream refilled bucket=211 records=8 remaining=2840 ms=65
[134089][I][MQTT] Upload stream buffer drained; refilling remaining=2832 complete=0
[134090][I][MQTT] Upload stream fill begin bucket=211 max=8 requested=64 internalFree=31252 indexWindow=0 indexed=4508 truncated=0 sessions=52 sessionIndex=11 radioQuiet=1
[134134][I][MQTT] Upload RAM bucket staged bucket=211 records=1 lastEvent=25232 heapFree=20804 psramFree=7433732
[134154][I][MQTT] Upload stream fill done bucket=211 records=8 complete=0 ms=64
[134155][I][MQTT] Upload stream refilled bucket=212 records=8 remaining=2832 ms=65
[134270][I][MQTT] Upload stream buffer drained; refilling remaining=2824 complete=0
[134271][I][MQTT] Upload stream fill begin bucket=212 max=8 requested=64 internalFree=30704 indexWindow=0 indexed=4508 truncated=0 sessions=52 sessionIndex=11 radioQuiet=1
[134318][I][MQTT] Upload RAM bucket staged bucket=212 records=1 lastEvent=25240 heapFree=20760 psramFree=7433716
[134338][I][MQTT] Upload stream fill done bucket=212 records=8 complete=0 ms=67
[134339][I][MQTT] Upload stream refilled bucket=213 records=8 remaining=2824 ms=67
[134457][I][MQTT] Upload stream buffer drained; refilling remaining=2816 complete=0
[134458][I][MQTT] Upload stream fill begin bucket=213 max=8 requested=64 internalFree=31252 indexWindow=0 indexed=4508 truncated=0 sessions=52 sessionIndex=11 radioQuiet=1
[134503][I][MQTT] Upload RAM bucket staged bucket=213 records=1 lastEvent=25248 heapFree=20804 psramFree=7433716
[134523][I][MQTT] Upload stream fill done bucket=213 records=8 complete=0 ms=65
[134524][I][MQTT] Upload stream refilled bucket=214 records=8 remaining=2816 ms=67
[134637][I][MQTT] Upload stream buffer drained; refilling remaining=2808 complete=0
[134639][I][MQTT] Upload stream fill begin bucket=214 max=8 requested=64 internalFree=31252 indexWindow=0 indexed=4508 truncated=0 sessions=52 sessionIndex=11 radioQuiet=1
[134684][I][MQTT] Upload RAM bucket staged bucket=214 records=1 lastEvent=25256 heapFree=20796 psramFree=7433716
[134705][I][MQTT] Upload stream fill done bucket=214 records=8 complete=0 ms=67
[134706][I][MQTT] Upload stream refilled bucket=215 records=8 remaining=2808 ms=67
[134819][I][MQTT] Upload stream buffer drained; refilling remaining=2800 complete=0
[134820][I][MQTT] Upload stream fill begin bucket=215 max=8 requested=64 internalFree=31252 indexWindow=0 indexed=4508 truncated=0 sessions=52 sessionIndex=11 radioQuiet=1
[134865][I][MQTT] Upload RAM bucket staged bucket=215 records=1 lastEvent=25264 heapFree=20852 psramFree=7433716
[134885][I][MQTT] Upload stream fill done bucket=215 records=8 complete=0 ms=65
[134886][I][MQTT] Upload stream refilled bucket=216 records=8 remaining=2800 ms=65
[134999][I][MQTT] Upload stream buffer drained; refilling remaining=2792 complete=0
[135000][I][MQTT] Upload stream fill begin bucket=216 max=8 requested=64 internalFree=26664 indexWindow=0 indexed=4508 truncated=0 sessions=52 sessionIndex=11 radioQuiet=1
[135046][I][MQTT] Upload RAM bucket staged bucket=216 records=1 lastEvent=25272 heapFree=20768 psramFree=7433732
[135067][I][MQTT] Upload stream fill done bucket=216 records=8 complete=0 ms=67
[135068][I][MQTT] Upload stream refilled bucket=217 records=8 remaining=2792 ms=69
[135182][I][MQTT] Upload stream buffer drained; refilling remaining=2784 complete=0
[135184][I][MQTT] Upload stream fill begin bucket=217 max=8 requested=64 internalFree=23172 indexWindow=0 indexed=4508 truncated=0 sessions=52 sessionIndex=11 radioQuiet=1
[135234][I][MQTT] Upload RAM bucket staged bucket=217 records=1 lastEvent=25280 heapFree=20796 psramFree=7433732
[135254][I][MQTT] Upload stream fill done bucket=217 records=8 complete=0 ms=70
[135255][I][MQTT] Upload stream refilled bucket=218 records=8 remaining=2784 ms=71
[135321][I][MQTT] Dump progress pub=1728 fail=0 session=11/52 since=25287 leaseMaxEvents=4508
[135377][I][MQTT] Upload stream buffer drained; refilling remaining=2776 complete=0
[135378][I][MQTT] Upload stream fill begin bucket=218 max=8 requested=64 internalFree=31252 indexWindow=0 indexed=4508 truncated=0 sessions=52 sessionIndex=11 radioQuiet=1
[135423][I][MQTT] Upload RAM bucket staged bucket=218 records=1 lastEvent=25288 heapFree=20772 psramFree=7433716
[135443][I][MQTT] Upload stream fill done bucket=218 records=8 complete=0 ms=65
[135444][I][MQTT] Upload stream refilled bucket=219 records=8 remaining=2776 ms=66
[135559][I][MQTT] Upload stream buffer drained; refilling remaining=2768 complete=0
[135560][I][MQTT] Upload stream fill begin bucket=219 max=8 requested=64 internalFree=31252 indexWindow=0 indexed=4508 truncated=0 sessions=52 sessionIndex=11 radioQuiet=1
[135605][I][MQTT] Upload RAM bucket staged bucket=219 records=1 lastEvent=25296 heapFree=20852 psramFree=7433716
[135626][I][MQTT] Upload stream fill done bucket=219 records=8 complete=0 ms=66
[135627][I][MQTT] Upload stream refilled bucket=220 records=8 remaining=2768 ms=67
[135749][I][MQTT] Upload stream buffer drained; refilling remaining=2760 complete=0
[135750][I][MQTT] Upload stream fill begin bucket=220 max=8 requested=64 internalFree=31252 indexWindow=0 indexed=4508 truncated=0 sessions=52 sessionIndex=11 radioQuiet=1
[135794][I][MQTT] Upload RAM bucket staged bucket=220 records=1 lastEvent=25304 heapFree=20712 psramFree=7433732
[135814][I][MQTT] Upload stream fill done bucket=220 records=8 complete=0 ms=64
[135815][I][MQTT] Upload stream refilled bucket=221 records=8 remaining=2760 ms=66
[135853][I][MQTT] Upload checkpoint deferred until radio quiet pub=1750
[135931][I][MQTT] Upload stream buffer drained; refilling remaining=2752 complete=0
[135932][I][MQTT] Upload stream fill begin bucket=221 max=8 requested=64 internalFree=26672 indexWindow=0 indexed=4508 truncated=0 sessions=52 sessionIndex=11 radioQuiet=1
[135979][I][MQTT] Upload RAM bucket staged bucket=221 records=1 lastEvent=25312 heapFree=20828 psramFree=7433732
[135984][I][MQTT] Upload RAM bucket session exhausted bucket=221 session=33e864-5315-ab12e3a7 since=25315 idx=11/52
[135985][I][MQTT] Upload bucket session start idx=12 sess=33e864-5433-035c806d bucket=4
[136032][I][MQTT] Upload stream fill done bucket=221 records=8 complete=0 ms=100
[136033][I][MQTT] Upload stream refilled bucket=222 records=8 remaining=2752 ms=101
[136097][I][STORAGE] Segment lifecycle seg=238 partially_uploaded->fully_uploaded trust=trusted pending=0
[136109][I][STORAGE] Segment lifecycle seg=240 indexed->partially_uploaded trust=trusted pending=396
[136151][I][MQTT] Upload stream buffer drained; refilling remaining=2744 complete=0
[136152][I][MQTT] Upload stream fill begin bucket=222 max=8 requested=64 internalFree=30892 indexWindow=0 indexed=4508 truncated=0 sessions=52 sessionIndex=12 radioQuiet=1
[136196][I][MQTT] Upload RAM bucket staged bucket=222 records=1 lastEvent=24877 heapFree=20508 psramFree=7433716
[136216][I][MQTT] Upload stream fill done bucket=222 records=8 complete=0 ms=64
[136217][I][MQTT] Upload stream refilled bucket=223 records=8 remaining=2744 ms=64
[136331][I][MQTT] Upload stream buffer drained; refilling remaining=2736 complete=0
[136332][I][MQTT] Upload stream fill begin bucket=223 max=8 requested=64 internalFree=28504 indexWindow=0 indexed=4508 truncated=0 sessions=52 sessionIndex=12 radioQuiet=1
[136378][I][MQTT] Upload RAM bucket staged bucket=223 records=1 lastEvent=24885 heapFree=20308 psramFree=7433716
[136399][I][MQTT] Upload stream fill done bucket=223 records=8 complete=0 ms=67
[136400][I][MQTT] Upload stream refilled bucket=224 records=8 remaining=2736 ms=68
[136516][I][MQTT] Upload stream buffer drained; refilling remaining=2728 complete=0
[137769][I][STORAGE] worker ui refresh serviced uiRefreshServiceCount=7 uiDeferred=1 uiFlush=2 pressure=0 usedPct=19 pending=2728
[139437][I][MQTT] Upload stream fill begin bucket=224 max=8 requested=64 internalFree=30900 indexWindow=0 indexed=4508 truncated=0 sessions=52 sessionIndex=12 radioQuiet=1
[139481][I][MQTT] Upload RAM bucket staged bucket=224 records=1 lastEvent=24893 heapFree=20388 psramFree=7433716
[139501][I][MQTT] Upload stream fill done bucket=224 records=8 complete=0 ms=64
[139502][I][MQTT] Upload stream refilled bucket=225 records=8 remaining=2728 ms=65
[139620][I][MQTT] Upload stream buffer drained; refilling remaining=2720 complete=0
[139621][I][MQTT] Upload stream fill begin bucket=225 max=8 requested=64 internalFree=30900 indexWindow=0 indexed=4508 truncated=0 sessions=52 sessionIndex=12 radioQuiet=1
[139665][I][MQTT] Upload RAM bucket staged bucket=225 records=1 lastEvent=24901 heapFree=20384 psramFree=7433716
[139685][I][MQTT] Upload stream fill done bucket=225 records=8 complete=0 ms=64
[139686][I][MQTT] Upload stream refilled bucket=226 records=8 remaining=2720 ms=65
[139747][I][MQTT] Dump progress pub=1792 fail=0 session=12/52 since=24908 leaseMaxEvents=4508
[139801][I][MQTT] Upload stream buffer drained; refilling remaining=2712 complete=0
[139802][I][MQTT] Upload stream fill begin bucket=226 max=8 requested=64 internalFree=30892 indexWindow=0 indexed=4508 truncated=0 sessions=52 sessionIndex=12 radioQuiet=1
[139847][I][MQTT] Upload RAM bucket staged bucket=226 records=1 lastEvent=24909 heapFree=20208 psramFree=7433708
[139867][I][MQTT] Upload stream fill done bucket=226 records=8 complete=0 ms=65
[139868][I][MQTT] Upload stream refilled bucket=227 records=8 remaining=2712 ms=65
[139982][I][MQTT] Upload stream buffer drained; refilling remaining=2704 complete=0
[139983][I][MQTT] Upload stream fill begin bucket=227 max=8 requested=64 internalFree=30892 indexWindow=0 indexed=4508 truncated=0 sessions=52 sessionIndex=12 radioQuiet=1
[140027][I][MQTT] Upload RAM bucket staged bucket=227 records=1 lastEvent=24917 heapFree=20328 psramFree=7433732
[140047][I][MQTT] Upload stream fill done bucket=227 records=8 complete=0 ms=64
[140048][I][MQTT] Upload stream refilled bucket=228 records=8 remaining=2704 ms=65
[140166][I][MQTT] Upload stream buffer drained; refilling remaining=2696 complete=0
[140168][I][MQTT] Upload stream fill begin bucket=228 max=8 requested=64 internalFree=30892 indexWindow=0 indexed=4508 truncated=0 sessions=52 sessionIndex=12 radioQuiet=1
[140213][I][MQTT] Upload RAM bucket staged bucket=228 records=1 lastEvent=24925 heapFree=20372 psramFree=7433732
[140233][I][MQTT] Upload stream fill done bucket=228 records=8 complete=0 ms=66
[140234][I][MQTT] Upload stream refilled bucket=229 records=8 remaining=2696 ms=66
[140348][I][MQTT] Upload stream buffer drained; refilling remaining=2688 complete=0
[140349][I][MQTT] Upload stream fill begin bucket=229 max=8 requested=64 internalFree=30892 indexWindow=0 indexed=4508 truncated=0 sessions=52 sessionIndex=12 radioQuiet=1
[140392][I][MQTT] Upload RAM bucket staged bucket=229 records=1 lastEvent=24933 heapFree=20308 psramFree=7433732
[140412][I][MQTT] Upload stream fill done bucket=229 records=8 complete=0 ms=63
[140413][I][MQTT] Upload stream refilled bucket=230 records=8 remaining=2688 ms=64
[140528][I][MQTT] Upload stream buffer drained; refilling remaining=2680 complete=0
[140529][I][MQTT] Upload stream fill begin bucket=230 max=8 requested=64 internalFree=30892 indexWindow=0 indexed=4508 truncated=0 sessions=52 sessionIndex=12 radioQuiet=1
[140572][I][MQTT] Upload RAM bucket staged bucket=230 records=1 lastEvent=24941 heapFree=20132 psramFree=7433708
[140593][I][MQTT] Upload stream fill done bucket=230 records=8 complete=0 ms=64
[140594][I][MQTT] Upload stream refilled bucket=231 records=8 remaining=2680 ms=65
[140710][I][MQTT] Upload stream buffer drained; refilling remaining=2672 complete=0
[140711][I][MQTT] Upload stream fill begin bucket=231 max=8 requested=64 internalFree=30892 indexWindow=0 indexed=4508 truncated=0 sessions=52 sessionIndex=12 radioQuiet=1
[140755][I][MQTT] Upload RAM bucket staged bucket=231 records=1 lastEvent=24949 heapFree=20468 psramFree=7433732
[140775][I][MQTT] Upload stream fill done bucket=231 records=8 complete=0 ms=64
[140776][I][MQTT] Upload stream refilled bucket=232 records=8 remaining=2672 ms=64
[140888][I][MQTT] Upload stream buffer drained; refilling remaining=2664 complete=0
[140889][I][MQTT] Upload stream fill begin bucket=232 max=8 requested=64 internalFree=30892 indexWindow=0 indexed=4508 truncated=0 sessions=52 sessionIndex=12 radioQuiet=1
[140933][I][MQTT] Upload RAM bucket staged bucket=232 records=1 lastEvent=24957 heapFree=20256 psramFree=7433708
[140953][I][MQTT] Upload stream fill done bucket=232 records=8 complete=0 ms=64
[140954][I][MQTT] Upload stream refilled bucket=233 records=8 remaining=2664 ms=64
[141067][I][MQTT] Upload stream buffer drained; refilling remaining=2656 complete=0
[141068][I][MQTT] Upload stream fill begin bucket=233 max=8 requested=64 internalFree=30892 indexWindow=0 indexed=4508 truncated=0 sessions=52 sessionIndex=12 radioQuiet=1
[141113][I][MQTT] Upload RAM bucket staged bucket=233 records=1 lastEvent=24965 heapFree=20168 psramFree=7433700
[141133][I][MQTT] Upload stream fill done bucket=233 records=8 complete=0 ms=65
[141134][I][MQTT] Upload stream refilled bucket=234 records=8 remaining=2656 ms=66
[141198][I][MQTT] Dump progress pub=1856 fail=0 session=12/52 since=24972 leaseMaxEvents=4508
[141249][I][MQTT] Upload stream buffer drained; refilling remaining=2648 complete=0
[141250][I][MQTT] Upload stream fill begin bucket=234 max=8 requested=64 internalFree=28496 indexWindow=0 indexed=4508 truncated=0 sessions=52 sessionIndex=12 radioQuiet=1
[141296][I][MQTT] Upload RAM bucket staged bucket=234 records=1 lastEvent=24973 heapFree=20464 psramFree=7433732
[141315][I][MQTT] Upload stream fill done bucket=234 records=8 complete=0 ms=65
[141316][I][MQTT] Upload stream refilled bucket=235 records=8 remaining=2648 ms=65
[141428][I][MQTT] Upload stream buffer drained; refilling remaining=2640 complete=0
[141430][I][MQTT] Upload stream fill begin bucket=235 max=8 requested=64 internalFree=30892 indexWindow=0 indexed=4508 truncated=0 sessions=52 sessionIndex=12 radioQuiet=1
[141474][I][MQTT] Upload RAM bucket staged bucket=235 records=1 lastEvent=24981 heapFree=20540 psramFree=7433716
[141494][I][MQTT] Upload stream fill done bucket=235 records=8 complete=0 ms=65
[141495][I][MQTT] Upload stream refilled bucket=236 records=8 remaining=2640 ms=65
[141607][I][MQTT] Upload stream buffer drained; refilling remaining=2632 complete=0
[141608][I][MQTT] Upload stream fill begin bucket=236 max=8 requested=64 internalFree=30892 indexWindow=0 indexed=4508 truncated=0 sessions=52 sessionIndex=12 radioQuiet=1
[141652][I][MQTT] Upload RAM bucket staged bucket=236 records=1 lastEvent=24989 heapFree=20284 psramFree=7433708
[141671][I][MQTT] Upload stream fill done bucket=236 records=8 complete=0 ms=63
[141672][I][MQTT] Upload stream refilled bucket=237 records=8 remaining=2632 ms=64
[141789][I][MQTT] Upload stream buffer drained; refilling remaining=2624 complete=0
[141790][I][MQTT] Upload stream fill begin bucket=237 max=8 requested=64 internalFree=30892 indexWindow=0 indexed=4508 truncated=0 sessions=52 sessionIndex=12 radioQuiet=1
[141834][I][MQTT] Upload RAM bucket staged bucket=237 records=1 lastEvent=24997 heapFree=20240 psramFree=7433708
[141855][I][MQTT] Upload stream fill done bucket=237 records=8 complete=0 ms=65
[141856][I][MQTT] Upload stream refilled bucket=238 records=8 remaining=2624 ms=65
[141973][I][MQTT] Upload stream buffer drained; refilling remaining=2616 complete=0
[141974][I][MQTT] Upload stream fill begin bucket=238 max=8 requested=64 internalFree=30892 indexWindow=0 indexed=4508 truncated=0 sessions=52 sessionIndex=12 radioQuiet=1
[142017][I][MQTT] Upload RAM bucket staged bucket=238 records=1 lastEvent=25005 heapFree=20400 psramFree=7433732
[142037][I][MQTT] Upload stream fill done bucket=238 records=8 complete=0 ms=63
[142038][I][MQTT] Upload stream refilled bucket=239 records=8 remaining=2616 ms=64
[142157][I][MQTT] Upload stream buffer drained; refilling remaining=2608 complete=0
[142158][I][MQTT] Upload stream fill begin bucket=239 max=8 requested=64 internalFree=30880 indexWindow=0 indexed=4508 truncated=0 sessions=52 sessionIndex=12 radioQuiet=1
[142201][I][MQTT] Upload RAM bucket staged bucket=239 records=1 lastEvent=25013 heapFree=20420 psramFree=7433732
[142222][I][MQTT] Upload stream fill done bucket=239 records=8 complete=0 ms=64
[142223][I][MQTT] Upload stream refilled bucket=240 records=8 remaining=2608 ms=65
[142336][I][MQTT] Upload stream buffer drained; refilling remaining=2600 complete=0
[142337][I][MQTT] Upload stream fill begin bucket=240 max=8 requested=64 internalFree=30880 indexWindow=0 indexed=4508 truncated=0 sessions=52 sessionIndex=12 radioQuiet=1
[142381][I][MQTT] Upload RAM bucket staged bucket=240 records=1 lastEvent=25021 heapFree=20464 psramFree=7433732
[142401][I][MQTT] Upload stream fill done bucket=240 records=8 complete=0 ms=64
[142402][I][MQTT] Upload stream refilled bucket=241 records=8 remaining=2600 ms=65
[142513][I][MQTT] Upload stream buffer drained; refilling remaining=2592 complete=0
[142514][I][MQTT] Upload stream fill begin bucket=241 max=8 requested=64 internalFree=30888 indexWindow=0 indexed=4508 truncated=0 sessions=52 sessionIndex=12 radioQuiet=1
[142557][I][MQTT] Upload RAM bucket staged bucket=241 records=1 lastEvent=25029 heapFree=20372 psramFree=7433732
[142578][I][MQTT] Upload stream fill done bucket=241 records=8 complete=0 ms=64
[142579][I][MQTT] Upload stream refilled bucket=242 records=8 remaining=2592 ms=66
[142639][I][MQTT] Dump progress pub=1920 fail=0 session=12/52 since=25036 leaseMaxEvents=4508
[142691][I][MQTT] Upload stream buffer drained; refilling remaining=2584 complete=0
[142692][I][MQTT] Upload stream fill begin bucket=242 max=8 requested=64 internalFree=30888 indexWindow=0 indexed=4508 truncated=0 sessions=52 sessionIndex=12 radioQuiet=1
[142736][I][MQTT] Upload RAM bucket staged bucket=242 records=1 lastEvent=25037 heapFree=20448 psramFree=7433732
[142756][I][MQTT] Upload stream fill done bucket=242 records=8 complete=0 ms=64
[142757][I][MQTT] Upload stream refilled bucket=243 records=8 remaining=2584 ms=66
[142872][I][MQTT] Upload stream buffer drained; refilling remaining=2576 complete=0
[142873][I][MQTT] Upload stream fill begin bucket=243 max=8 requested=64 internalFree=30888 indexWindow=0 indexed=4508 truncated=0 sessions=52 sessionIndex=12 radioQuiet=1
[142916][I][MQTT] Upload RAM bucket staged bucket=243 records=1 lastEvent=25045 heapFree=20456 psramFree=7433732
[142937][I][MQTT] Upload stream fill done bucket=243 records=8 complete=0 ms=64
[142938][I][MQTT] Upload stream refilled bucket=244 records=8 remaining=2576 ms=66
[143051][I][MQTT] Upload stream buffer drained; refilling remaining=2568 complete=0
[143053][I][MQTT] Upload stream fill begin bucket=244 max=8 requested=64 internalFree=29240 indexWindow=0 indexed=4508 truncated=0 sessions=52 sessionIndex=12 radioQuiet=1
[143097][I][MQTT] Upload RAM bucket staged bucket=244 records=1 lastEvent=25053 heapFree=20540 psramFree=7433716
[143118][I][MQTT] Upload stream fill done bucket=244 records=8 complete=0 ms=66
[143119][I][MQTT] Upload stream refilled bucket=245 records=8 remaining=2568 ms=67
[143234][I][MQTT] Upload stream buffer drained; refilling remaining=2560 complete=0
[143235][I][MQTT] Upload stream fill begin bucket=245 max=8 requested=64 internalFree=30892 indexWindow=0 indexed=4508 truncated=0 sessions=52 sessionIndex=12 radioQuiet=1
[143278][I][MQTT] Upload RAM bucket staged bucket=245 records=1 lastEvent=25061 heapFree=20372 psramFree=7433732
[143298][I][MQTT] Upload stream fill done bucket=245 records=8 complete=0 ms=63
[143299][I][MQTT] Upload stream refilled bucket=246 records=8 remaining=2560 ms=64
[143410][I][MQTT] Upload stream buffer drained; refilling remaining=2552 complete=0
[143411][I][MQTT] Upload stream fill begin bucket=246 max=8 requested=64 internalFree=30892 indexWindow=0 indexed=4508 truncated=0 sessions=52 sessionIndex=12 radioQuiet=1
[143455][I][MQTT] Upload RAM bucket staged bucket=246 records=1 lastEvent=25069 heapFree=20420 psramFree=7433716
[143475][I][MQTT] Upload stream fill done bucket=246 records=8 complete=0 ms=64
[143476][I][MQTT] Upload stream refilled bucket=247 records=8 remaining=2552 ms=64
[143590][I][MQTT] Upload stream buffer drained; refilling remaining=2544 complete=0
[143592][I][MQTT] Upload stream fill begin bucket=247 max=8 requested=64 internalFree=30892 indexWindow=0 indexed=4508 truncated=0 sessions=52 sessionIndex=12 radioQuiet=1
[143636][I][MQTT] Upload RAM bucket staged bucket=247 records=1 lastEvent=25077 heapFree=20344 psramFree=7433732
[143656][I][MQTT] Upload stream fill done bucket=247 records=8 complete=0 ms=64
[143657][I][MQTT] Upload stream refilled bucket=248 records=8 remaining=2544 ms=65
[143771][I][MQTT] Upload stream buffer drained; refilling remaining=2536 complete=0
[143773][I][MQTT] Upload stream fill begin bucket=248 max=8 requested=64 internalFree=28488 indexWindow=0 indexed=4508 truncated=0 sessions=52 sessionIndex=12 radioQuiet=1
[143817][I][MQTT] Upload RAM bucket staged bucket=248 records=1 lastEvent=25085 heapFree=20372 psramFree=7433732
[143837][I][MQTT] Upload stream fill done bucket=248 records=8 complete=0 ms=65
[143838][I][MQTT] Upload stream refilled bucket=249 records=8 remaining=2536 ms=65
[143957][I][MQTT] Upload stream buffer drained; refilling remaining=2528 complete=0
[143958][I][MQTT] Upload stream fill begin bucket=249 max=8 requested=64 internalFree=30900 indexWindow=0 indexed=4508 truncated=0 sessions=52 sessionIndex=12 radioQuiet=1
[144003][I][MQTT] Upload RAM bucket staged bucket=249 records=1 lastEvent=25093 heapFree=20508 psramFree=7433716
[144023][I][MQTT] Upload stream fill done bucket=249 records=8 complete=0 ms=65
[144024][I][MQTT] Upload stream refilled bucket=250 records=8 remaining=2528 ms=65
[144087][I][MQTT] Dump progress pub=1984 fail=0 session=12/52 since=25100 leaseMaxEvents=4508
[144142][I][MQTT] Upload stream buffer drained; refilling remaining=2520 complete=0
[144143][I][MQTT] Upload stream fill begin bucket=250 max=8 requested=64 internalFree=30900 indexWindow=0 indexed=4508 truncated=0 sessions=52 sessionIndex=12 radioQuiet=1
[144186][I][MQTT] Upload RAM bucket staged bucket=250 records=1 lastEvent=25101 heapFree=20308 psramFree=7433732
[144206][I][MQTT] Upload stream fill done bucket=250 records=8 complete=0 ms=63
[144207][I][MQTT] Upload stream refilled bucket=251 records=8 remaining=2520 ms=64
[144322][I][MQTT] Upload stream buffer drained; refilling remaining=2512 complete=0
[144323][I][MQTT] Upload stream fill begin bucket=251 max=8 requested=64 internalFree=26848 indexWindow=0 indexed=4508 truncated=0 sessions=52 sessionIndex=12 radioQuiet=1
[144369][I][MQTT] Upload RAM bucket staged bucket=251 records=1 lastEvent=25109 heapFree=20224 psramFree=7433700
[144390][I][MQTT] Upload stream fill done bucket=251 records=8 complete=0 ms=67
[144391][I][MQTT] Upload stream refilled bucket=252 records=8 remaining=2512 ms=68
[144453][I][MQTT] Upload checkpoint deferred until radio quiet pub=2000
[144505][I][MQTT] Upload stream buffer drained; refilling remaining=2504 complete=0
[144506][I][MQTT] Upload stream fill begin bucket=252 max=8 requested=64 internalFree=30900 indexWindow=0 indexed=4508 truncated=0 sessions=52 sessionIndex=12 radioQuiet=1
[144549][I][MQTT] Upload RAM bucket staged bucket=252 records=1 lastEvent=25117 heapFree=20484 psramFree=7433732
[144569][I][MQTT] Upload stream fill done bucket=252 records=8 complete=0 ms=63
[144570][I][MQTT] Upload stream refilled bucket=253 records=8 remaining=2504 ms=64
[144688][I][MQTT] Upload stream buffer drained; refilling remaining=2496 complete=0
[144689][I][MQTT] Upload stream fill begin bucket=253 max=8 requested=64 internalFree=30900 indexWindow=0 indexed=4508 truncated=0 sessions=52 sessionIndex=12 radioQuiet=1
[144733][I][MQTT] Upload RAM bucket staged bucket=253 records=1 lastEvent=25125 heapFree=20424 psramFree=7433732
[144754][I][MQTT] Upload stream fill done bucket=253 records=8 complete=0 ms=65
[144755][I][MQTT] Upload stream refilled bucket=254 records=8 remaining=2496 ms=65
[144874][I][MQTT] Upload stream buffer drained; refilling remaining=2488 complete=0
[144875][I][MQTT] Upload stream fill begin bucket=254 max=8 requested=64 internalFree=30892 indexWindow=0 indexed=4508 truncated=0 sessions=52 sessionIndex=12 radioQuiet=1
[144919][I][MQTT] Upload RAM bucket staged bucket=254 records=1 lastEvent=25133 heapFree=20356 psramFree=7433732
[144939][I][MQTT] Upload stream fill done bucket=254 records=8 complete=0 ms=64
[144940][I][MQTT] Upload stream refilled bucket=255 records=8 remaining=2488 ms=65
[145061][I][MQTT] Upload stream buffer drained; refilling remaining=2480 complete=0
[145062][I][MQTT] Upload stream fill begin bucket=255 max=8 requested=64 internalFree=30892 indexWindow=0 indexed=4508 truncated=0 sessions=52 sessionIndex=12 radioQuiet=1
[145105][I][MQTT] Upload RAM bucket staged bucket=255 records=1 lastEvent=25141 heapFree=20380 psramFree=7433700
[145125][I][MQTT] Upload stream fill done bucket=255 records=8 complete=0 ms=63
[145126][I][MQTT] Upload stream refilled bucket=256 records=8 remaining=2480 ms=64
[145244][I][MQTT] Upload stream buffer drained; refilling remaining=2472 complete=0
[146350][I][MQTT] Upload stream fill begin bucket=256 max=8 requested=64 internalFree=30892 indexWindow=0 indexed=4508 truncated=0 sessions=52 sessionIndex=12 radioQuiet=1
[146396][I][MQTT] Upload RAM bucket staged bucket=256 records=1 lastEvent=25149 heapFree=20432 psramFree=7433716
[146415][I][MQTT] Upload stream fill done bucket=256 records=8 complete=0 ms=65
[146416][I][MQTT] Upload stream refilled bucket=257 records=8 remaining=2472 ms=65
[146426][W][CORE] TaskHardware loop gap=1290ms owner=WIFI_UPLOAD pendingUpload=2472 maintPending=1 suppressed=1
[146539][I][MQTT] Upload stream buffer drained; refilling remaining=2464 complete=0
[146540][I][MQTT] Upload stream fill begin bucket=257 max=8 requested=64 internalFree=30892 indexWindow=0 indexed=4508 truncated=0 sessions=52 sessionIndex=12 radioQuiet=1
[146584][I][MQTT] Upload RAM bucket staged bucket=257 records=1 lastEvent=25157 heapFree=20476 psramFree=7433732
[146604][I][MQTT] Upload stream fill done bucket=257 records=8 complete=0 ms=64
[146605][I][MQTT] Upload stream refilled bucket=258 records=8 remaining=2464 ms=65
[146666][I][MQTT] Dump progress pub=2048 fail=0 session=12/52 since=25164 leaseMaxEvents=4508
[146721][I][MQTT] Upload stream buffer drained; refilling remaining=2456 complete=0
[146722][I][MQTT] Upload stream fill begin bucket=258 max=8 requested=64 internalFree=30900 indexWindow=0 indexed=4508 truncated=0 sessions=52 sessionIndex=12 radioQuiet=1
[146766][I][MQTT] Upload RAM bucket staged bucket=258 records=1 lastEvent=25165 heapFree=20372 psramFree=7433732
[146786][I][MQTT] Upload stream fill done bucket=258 records=8 complete=0 ms=65
[146787][I][MQTT] Upload stream refilled bucket=259 records=8 remaining=2456 ms=65
[146901][I][MQTT] Upload stream buffer drained; refilling remaining=2448 complete=0
[146902][I][MQTT] Upload stream fill begin bucket=259 max=8 requested=64 internalFree=30900 indexWindow=0 indexed=4508 truncated=0 sessions=52 sessionIndex=12 radioQuiet=1
[146946][I][MQTT] Upload RAM bucket staged bucket=259 records=1 lastEvent=25173 heapFree=20372 psramFree=7433732
[146966][I][MQTT] Upload stream fill done bucket=259 records=8 complete=0 ms=64
[146967][I][MQTT] Upload stream refilled bucket=260 records=8 remaining=2448 ms=64
[147079][I][MQTT] Upload stream buffer drained; refilling remaining=2440 complete=0
[147080][I][MQTT] Upload stream fill begin bucket=260 max=8 requested=64 internalFree=30900 indexWindow=0 indexed=4508 truncated=0 sessions=52 sessionIndex=12 radioQuiet=1
[147124][I][MQTT] Upload RAM bucket staged bucket=260 records=1 lastEvent=25181 heapFree=20420 psramFree=7433716
[147145][I][MQTT] Upload stream fill done bucket=260 records=8 complete=0 ms=65
[147146][I][MQTT] Upload stream refilled bucket=261 records=8 remaining=2440 ms=66
[147258][I][MQTT] Upload stream buffer drained; refilling remaining=2432 complete=0
[147259][I][MQTT] Upload stream fill begin bucket=261 max=8 requested=64 internalFree=30900 indexWindow=0 indexed=4508 truncated=0 sessions=52 sessionIndex=12 radioQuiet=1
[147303][I][MQTT] Upload RAM bucket staged bucket=261 records=1 lastEvent=25189 heapFree=20432 psramFree=7433732
[147323][I][MQTT] Upload stream fill done bucket=261 records=8 complete=0 ms=64
[147324][I][MQTT] Upload stream refilled bucket=262 records=8 remaining=2432 ms=65
[147436][I][MQTT] Upload stream buffer drained; refilling remaining=2424 complete=0
[147437][I][MQTT] Upload stream fill begin bucket=262 max=8 requested=64 internalFree=30900 indexWindow=0 indexed=4508 truncated=0 sessions=52 sessionIndex=12 radioQuiet=1
[147481][I][MQTT] Upload RAM bucket staged bucket=262 records=1 lastEvent=25197 heapFree=20308 psramFree=7433716
[147502][I][MQTT] Upload stream fill done bucket=262 records=8 complete=0 ms=65
[147503][I][MQTT] Upload stream refilled bucket=263 records=8 remaining=2424 ms=66
[147622][I][MQTT] Upload stream buffer drained; refilling remaining=2416 complete=0
[147623][I][MQTT] Upload stream fill begin bucket=263 max=8 requested=64 internalFree=30900 indexWindow=0 indexed=4508 truncated=0 sessions=52 sessionIndex=12 radioQuiet=1
[147668][I][MQTT] Upload RAM bucket staged bucket=263 records=1 lastEvent=25205 heapFree=20284 psramFree=7433716
[147688][I][MQTT] Upload stream fill done bucket=263 records=8 complete=0 ms=65
[147689][I][MQTT] Upload stream refilled bucket=264 records=8 remaining=2416 ms=66
[147800][I][MQTT] Upload stream buffer drained; refilling remaining=2408 complete=0
[147801][I][MQTT] Upload stream fill begin bucket=264 max=8 requested=64 internalFree=30900 indexWindow=0 indexed=4508 truncated=0 sessions=52 sessionIndex=12 radioQuiet=1
[147845][I][MQTT] Upload RAM bucket staged bucket=264 records=1 lastEvent=25213 heapFree=20332 psramFree=7433708
[147865][I][MQTT] Upload stream fill done bucket=264 records=8 complete=0 ms=64
[147866][I][MQTT] Upload stream refilled bucket=265 records=8 remaining=2408 ms=66
[147977][I][MQTT] Upload stream buffer drained; refilling remaining=2400 complete=0
[147979][I][MQTT] Upload stream fill begin bucket=265 max=8 requested=64 internalFree=30900 indexWindow=0 indexed=4508 truncated=0 sessions=52 sessionIndex=12 radioQuiet=1
[148023][I][MQTT] Upload RAM bucket staged bucket=265 records=1 lastEvent=25221 heapFree=20312 psramFree=7433708
[148044][I][MQTT] Upload stream fill done bucket=265 records=8 complete=0 ms=66
[148045][I][MQTT] Upload stream refilled bucket=266 records=8 remaining=2400 ms=66
[148106][I][MQTT] Dump progress pub=2112 fail=0 session=12/52 since=25228 leaseMaxEvents=4508
[148158][I][MQTT] Upload stream buffer drained; refilling remaining=2392 complete=0
[148159][I][MQTT] Upload stream fill begin bucket=266 max=8 requested=64 internalFree=30900 indexWindow=0 indexed=4508 truncated=0 sessions=52 sessionIndex=12 radioQuiet=1
[148203][I][MQTT] Upload RAM bucket staged bucket=266 records=1 lastEvent=25229 heapFree=20132 psramFree=7433732
[148223][I][MQTT] Upload stream fill done bucket=266 records=8 complete=0 ms=64
[148224][I][MQTT] Upload stream refilled bucket=267 records=8 remaining=2392 ms=66
[148338][I][MQTT] Upload stream buffer drained; refilling remaining=2384 complete=0
[148340][I][MQTT] Upload stream fill begin bucket=267 max=8 requested=64 internalFree=30900 indexWindow=0 indexed=4508 truncated=0 sessions=52 sessionIndex=12 radioQuiet=1
[148383][I][MQTT] Upload RAM bucket staged bucket=267 records=1 lastEvent=25237 heapFree=20532 psramFree=7433732
[148404][I][MQTT] Upload stream fill done bucket=267 records=8 complete=0 ms=65
[148405][I][MQTT] Upload stream refilled bucket=268 records=8 remaining=2384 ms=65
[148518][I][MQTT] Upload stream buffer drained; refilling remaining=2376 complete=0
[148519][I][MQTT] Upload stream fill begin bucket=268 max=8 requested=64 internalFree=28740 indexWindow=0 indexed=4508 truncated=0 sessions=52 sessionIndex=12 radioQuiet=1
[148565][I][MQTT] Upload RAM bucket staged bucket=268 records=1 lastEvent=25245 heapFree=20144 psramFree=7433708
[148585][I][MQTT] Upload stream fill done bucket=268 records=8 complete=0 ms=66
[148586][I][MQTT] Upload stream refilled bucket=269 records=8 remaining=2376 ms=66
[148706][I][MQTT] Upload stream buffer drained; refilling remaining=2368 complete=0
[148707][I][MQTT] Upload stream fill begin bucket=269 max=8 requested=64 internalFree=30900 indexWindow=0 indexed=4508 truncated=0 sessions=52 sessionIndex=12 radioQuiet=1
[148752][I][MQTT] Upload RAM bucket staged bucket=269 records=1 lastEvent=25253 heapFree=20320 psramFree=7433716
[148772][I][MQTT] Upload stream fill done bucket=269 records=8 complete=0 ms=65
[148773][I][MQTT] Upload stream refilled bucket=270 records=8 remaining=2368 ms=66
[148888][I][MQTT] Upload stream buffer drained; refilling remaining=2360 complete=0
[148889][I][MQTT] Upload stream fill begin bucket=270 max=8 requested=64 internalFree=30900 indexWindow=0 indexed=4508 truncated=0 sessions=52 sessionIndex=12 radioQuiet=1
[148933][I][MQTT] Upload RAM bucket staged bucket=270 records=1 lastEvent=25261 heapFree=20328 psramFree=7433732
[148953][I][MQTT] Upload stream fill done bucket=270 records=8 complete=0 ms=64
[148954][I][MQTT] Upload stream refilled bucket=271 records=8 remaining=2360 ms=66
[149062][I][MQTT] Upload stream buffer drained; refilling remaining=2352 complete=0
[149064][I][MQTT] Upload stream fill begin bucket=271 max=8 requested=64 internalFree=19020 indexWindow=0 indexed=4508 truncated=0 sessions=52 sessionIndex=12 radioQuiet=1
[149105][I][MQTT] Upload RAM bucket staged bucket=271 records=1 lastEvent=25269 heapFree=21868 psramFree=7433732
[149107][I][MQTT] Upload RAM bucket session exhausted bucket=271 session=33e864-5433-035c806d since=25269 idx=12/52
[149108][I][MQTT] Upload bucket session start idx=13 sess=33e864-5475-86d410c7 bucket=1
[149164][I][MQTT] Upload stream fill done bucket=271 records=8 complete=0 ms=101
[149165][I][MQTT] Upload stream refilled bucket=272 records=8 remaining=2352 ms=101
[149166][I][STACK] TaskHardware watermark=10824B min=10824B
[149169][I][HEAP] heap free=7282KB min=7216KB largest=7168KB frag=1% internalFree=25KB internalLargest=16KB psramFree=7257KB core=80/17% owner=WIFI_UPLOAD nets=0 pendingUpload=2352 pendingEnrich=71
[HEALTH] time=2026-08-07 15:08:49 src=ntp
[HEALTH] heap used=1142/8424KB free=7282KB min=7216KB largest=7168KB frag=1%
[HEALTH] internal used=207/232KB free=25KB min=0KB largest=16KB
[HEALTH] psram used=935/8192KB free=7257KB largest=7168KB
[HEALTH] stack free_min: core0=11KB/22KB core1=14KB/18KB
[HEALTH] core usage: core0=80% core1=17%
[HEALTH] power=usb state=usb batt=100% 4672mV trend=-7mV/min runtime=0min cap=1100mAh charging=0
[HEALTH] radio=WIFI_UPLOAD wifi=0 ble=0 gps=0 nets=0 pendingUpload=2352 pendingEnrich=71
[HEALTH] subghz=NONE mode=OFF pkts=0 nodes=0
[149171][I][STORAGE] RAMSpool enq=0 cons=0 inflight=0/1024 high=0 pressure=0 drop[full=0 big=0 noise=0 p3Evict=0 p3Drop=0 p2Drop=0 p1Fail=0] free=1024
[149171][I][STORAGE] RAMSpool enqueue probe[ok=0 drop=0] device[ok=0 drop=0]
[149171][I][STORAGE] RAMSpool worker probe[ok=0 sup=0 drop=0 fail=0 slow=0] device[ok=0 sup=0 drop=0 fail=0 slow=0] slowTotal=0 maxMs=0
[149172][I][STORAGE] RAMSpool prioEnq p0=0 p1=0 p2=0 p3=0
[149172][I][STORAGE] RAMSpool lanes p1=0/0 p2=0/0 p3=0/0
[149195][I][STORAGE] Segment lifecycle seg=240 partially_uploaded->fully_uploaded trust=trusted pending=0
[149208][I][STORAGE] Segment lifecycle seg=241 indexed->partially_uploaded trust=trusted pending=435
[149284][I][MQTT] Upload stream buffer drained; refilling remaining=2344 complete=0
[149285][I][MQTT] Upload stream fill begin bucket=272 max=8 requested=64 internalFree=30852 indexWindow=0 indexed=4508 truncated=0 sessions=52 sessionIndex=13 radioQuiet=1
[149328][I][MQTT] Upload RAM bucket staged bucket=272 records=1 lastEvent=24880 heapFree=20332 psramFree=7433748
[149348][I][MQTT] Upload stream fill done bucket=272 records=8 complete=0 ms=63
[149349][I][MQTT] Upload stream refilled bucket=273 records=8 remaining=2344 ms=64
[149460][I][MQTT] Upload stream buffer drained; refilling remaining=2336 complete=0
[149462][I][MQTT] Upload stream fill begin bucket=273 max=8 requested=64 internalFree=30852 indexWindow=0 indexed=4508 truncated=0 sessions=52 sessionIndex=13 radioQuiet=1
[149506][I][MQTT] Upload RAM bucket staged bucket=273 records=1 lastEvent=24888 heapFree=20140 psramFree=7433732
[149525][I][MQTT] Upload stream fill done bucket=273 records=8 complete=0 ms=64
[149526][I][MQTT] Upload stream refilled bucket=274 records=8 remaining=2336 ms=65
[149588][I][MQTT] Dump progress pub=2176 fail=0 session=13/52 since=24895 leaseMaxEvents=4508
[149640][I][MQTT] Upload stream buffer drained; refilling remaining=2328 complete=0
[149641][I][MQTT] Upload stream fill begin bucket=274 max=8 requested=64 internalFree=30852 indexWindow=0 indexed=4508 truncated=0 sessions=52 sessionIndex=13 radioQuiet=1
[149684][I][MQTT] Upload RAM bucket staged bucket=274 records=1 lastEvent=24896 heapFree=20480 psramFree=7433716
[149704][I][MQTT] Upload stream fill done bucket=274 records=8 complete=0 ms=63
[149705][I][MQTT] Upload stream refilled bucket=275 records=8 remaining=2328 ms=64
[149820][I][MQTT] Upload stream buffer drained; refilling remaining=2320 complete=0
[149821][I][MQTT] Upload stream fill begin bucket=275 max=8 requested=64 internalFree=30844 indexWindow=0 indexed=4508 truncated=0 sessions=52 sessionIndex=13 radioQuiet=1
[149865][I][MQTT] Upload RAM bucket staged bucket=275 records=1 lastEvent=24904 heapFree=20324 psramFree=7433716
[149886][I][MQTT] Upload stream fill done bucket=275 records=8 complete=0 ms=65
[149887][I][MQTT] Upload stream refilled bucket=276 records=8 remaining=2320 ms=66
[149998][I][MQTT] Upload stream buffer drained; refilling remaining=2312 complete=0
[149999][I][MQTT] Upload stream fill begin bucket=276 max=8 requested=64 internalFree=30844 indexWindow=0 indexed=4508 truncated=0 sessions=52 sessionIndex=13 radioQuiet=1
[150042][I][MQTT] Upload RAM bucket staged bucket=276 records=1 lastEvent=24912 heapFree=20404 psramFree=7433716
[150062][I][MQTT] Upload stream fill done bucket=276 records=8 complete=0 ms=63
[150063][I][MQTT] Upload stream refilled bucket=277 records=8 remaining=2312 ms=64
[150175][I][MQTT] Upload stream buffer drained; refilling remaining=2304 complete=0
[150176][I][MQTT] Upload stream fill begin bucket=277 max=8 requested=64 internalFree=30844 indexWindow=0 indexed=4508 truncated=0 sessions=52 sessionIndex=13 radioQuiet=1
[150219][I][MQTT] Upload RAM bucket staged bucket=277 records=1 lastEvent=24920 heapFree=20480 psramFree=7433716
[150239][I][MQTT] Upload stream fill done bucket=277 records=8 complete=0 ms=63
[150240][I][MQTT] Upload stream refilled bucket=278 records=8 remaining=2304 ms=64
[150352][I][MQTT] Upload stream buffer drained; refilling remaining=2296 complete=0
[150353][I][MQTT] Upload stream fill begin bucket=278 max=8 requested=64 internalFree=30844 indexWindow=0 indexed=4508 truncated=0 sessions=52 sessionIndex=13 radioQuiet=1
[150397][I][MQTT] Upload RAM bucket staged bucket=278 records=1 lastEvent=24928 heapFree=20324 psramFree=7433716
[150417][I][MQTT] Upload stream fill done bucket=278 records=8 complete=0 ms=64
[150418][I][MQTT] Upload stream refilled bucket=279 records=8 remaining=2296 ms=65
[150531][I][MQTT] Upload stream buffer drained; refilling remaining=2288 complete=0
[150532][I][MQTT] Upload stream fill begin bucket=279 max=8 requested=64 internalFree=30852 indexWindow=0 indexed=4508 truncated=0 sessions=52 sessionIndex=13 radioQuiet=1
[150576][I][MQTT] Upload RAM bucket staged bucket=279 records=1 lastEvent=24936 heapFree=20328 psramFree=7433716
[150596][I][MQTT] Upload stream fill done bucket=279 records=8 complete=0 ms=64
[150597][I][MQTT] Upload stream refilled bucket=280 records=8 remaining=2288 ms=65
[150707][I][MQTT] Upload stream buffer drained; refilling remaining=2280 complete=0
[150709][I][MQTT] Upload stream fill begin bucket=280 max=8 requested=64 internalFree=30852 indexWindow=0 indexed=4508 truncated=0 sessions=52 sessionIndex=13 radioQuiet=1
[150754][I][MQTT] Upload RAM bucket staged bucket=280 records=1 lastEvent=24944 heapFree=20244 psramFree=7433708
[150774][I][MQTT] Upload stream fill done bucket=280 records=8 complete=0 ms=66
[150775][I][MQTT] Upload stream refilled bucket=281 records=8 remaining=2280 ms=66
[150887][I][MQTT] Upload stream buffer drained; refilling remaining=2272 complete=0
[150888][I][MQTT] Upload stream fill begin bucket=281 max=8 requested=64 internalFree=30852 indexWindow=0 indexed=4508 truncated=0 sessions=52 sessionIndex=13 radioQuiet=1
[150931][I][MQTT] Upload RAM bucket staged bucket=281 records=1 lastEvent=24952 heapFree=20276 psramFree=7433732
[150952][I][MQTT] Upload stream fill done bucket=281 records=8 complete=0 ms=64
[150953][I][MQTT] Upload stream refilled bucket=282 records=8 remaining=2272 ms=64
[151015][I][MQTT] Dump progress pub=2240 fail=0 session=13/52 since=24959 leaseMaxEvents=4508
[151065][I][MQTT] Upload stream buffer drained; refilling remaining=2264 complete=0
[151066][I][MQTT] Upload stream fill begin bucket=282 max=8 requested=64 internalFree=30852 indexWindow=0 indexed=4508 truncated=0 sessions=52 sessionIndex=13 radioQuiet=1
[151110][I][MQTT] Upload RAM bucket staged bucket=282 records=1 lastEvent=24960 heapFree=20324 psramFree=7433716
[151132][I][MQTT] Upload stream fill done bucket=282 records=8 complete=0 ms=66
[151133][I][MQTT] Upload stream refilled bucket=283 records=8 remaining=2264 ms=67
[151221][I][MQTT] Upload checkpoint deferred until radio quiet pub=2250
[151249][I][MQTT] Upload stream buffer drained; refilling remaining=2256 complete=0
[151251][I][MQTT] Upload stream fill begin bucket=283 max=8 requested=64 internalFree=30852 indexWindow=0 indexed=4508 truncated=0 sessions=52 sessionIndex=13 radioQuiet=1
[151294][I][MQTT] Upload RAM bucket staged bucket=283 records=1 lastEvent=24968 heapFree=20284 psramFree=7433732
[151314][I][MQTT] Upload stream fill done bucket=283 records=8 complete=0 ms=64
[151315][I][MQTT] Upload stream refilled bucket=284 records=8 remaining=2256 ms=64
[151431][I][MQTT] Upload stream buffer drained; refilling remaining=2248 complete=0
[151432][I][MQTT] Upload stream fill begin bucket=284 max=8 requested=64 internalFree=30852 indexWindow=0 indexed=4508 truncated=0 sessions=52 sessionIndex=13 radioQuiet=1
[151475][I][MQTT] Upload RAM bucket staged bucket=284 records=1 lastEvent=24976 heapFree=20392 psramFree=7433716
[151499][I][MQTT] Upload stream fill done bucket=284 records=8 complete=0 ms=67
[151500][I][MQTT] Upload stream refilled bucket=285 records=8 remaining=2248 ms=68
[151611][I][MQTT] Upload stream buffer drained; refilling remaining=2240 complete=0
[151612][I][MQTT] Upload stream fill begin bucket=285 max=8 requested=64 internalFree=30852 indexWindow=0 indexed=4508 truncated=0 sessions=52 sessionIndex=13 radioQuiet=1
[151655][I][MQTT] Upload RAM bucket staged bucket=285 records=1 lastEvent=24984 heapFree=20244 psramFree=7433716
[151676][I][MQTT] Upload stream fill done bucket=285 records=8 complete=0 ms=64
[151677][I][MQTT] Upload stream refilled bucket=286 records=8 remaining=2240 ms=65
[151789][I][MQTT] Upload stream buffer drained; refilling remaining=2232 complete=0
[151791][I][MQTT] Upload stream fill begin bucket=286 max=8 requested=64 internalFree=30852 indexWindow=0 indexed=4508 truncated=0 sessions=52 sessionIndex=13 radioQuiet=1
[151835][I][MQTT] Upload RAM bucket staged bucket=286 records=1 lastEvent=24992 heapFree=20232 psramFree=7433732
[151855][I][MQTT] Upload stream fill done bucket=286 records=8 complete=0 ms=64
[151856][I][MQTT] Upload stream refilled bucket=287 records=8 remaining=2232 ms=65
[151970][I][MQTT] Upload stream buffer drained; refilling remaining=2224 complete=0
[151971][I][MQTT] Upload stream fill begin bucket=287 max=8 requested=64 internalFree=30852 indexWindow=0 indexed=4508 truncated=0 sessions=52 sessionIndex=13 radioQuiet=1
[152016][I][MQTT] Upload RAM bucket staged bucket=287 records=1 lastEvent=25000 heapFree=20400 psramFree=7433716
[152035][I][MQTT] Upload stream fill done bucket=287 records=8 complete=0 ms=64
[152036][I][MQTT] Upload stream refilled bucket=288 records=8 remaining=2224 ms=65
[152149][I][MQTT] Upload stream buffer drained; refilling remaining=2216 complete=0
[153338][I][STORAGE] worker ui refresh serviced uiRefreshServiceCount=8 uiDeferred=1 uiFlush=2 pressure=0 usedPct=19 pending=2216
[154570][I][MQTT] Upload stream fill begin bucket=288 max=8 requested=64 internalFree=30844 indexWindow=0 indexed=4508 truncated=0 sessions=52 sessionIndex=13 radioQuiet=1
[154616][I][MQTT] Upload RAM bucket staged bucket=288 records=1 lastEvent=25008 heapFree=20280 psramFree=7433716
[154636][I][MQTT] Upload stream fill done bucket=288 records=8 complete=0 ms=66
[154637][I][MQTT] Upload stream refilled bucket=289 records=8 remaining=2216 ms=66
[154756][I][MQTT] Upload stream buffer drained; refilling remaining=2208 complete=0
[154757][I][MQTT] Upload stream fill begin bucket=289 max=8 requested=64 internalFree=30844 indexWindow=0 indexed=4508 truncated=0 sessions=52 sessionIndex=13 radioQuiet=1
[154803][I][MQTT] Upload RAM bucket staged bucket=289 records=1 lastEvent=25016 heapFree=20172 psramFree=7433716
[154823][I][MQTT] Upload stream fill done bucket=289 records=8 complete=0 ms=66
[154824][I][MQTT] Upload stream refilled bucket=290 records=8 remaining=2208 ms=66
[154887][I][MQTT] Dump progress pub=2304 fail=0 session=13/52 since=25023 leaseMaxEvents=4508
[154941][I][MQTT] Upload stream buffer drained; refilling remaining=2200 complete=0
[154942][I][MQTT] Upload stream fill begin bucket=290 max=8 requested=64 internalFree=30844 indexWindow=0 indexed=4508 truncated=0 sessions=52 sessionIndex=13 radioQuiet=1
[154988][I][MQTT] Upload RAM bucket staged bucket=290 records=1 lastEvent=25024 heapFree=20476 psramFree=7433716
[155007][I][MQTT] Upload stream fill done bucket=290 records=8 complete=0 ms=65
[155008][I][MQTT] Upload stream refilled bucket=291 records=8 remaining=2200 ms=65
[155121][I][MQTT] Upload stream buffer drained; refilling remaining=2192 complete=0
[155123][I][MQTT] Upload stream fill begin bucket=291 max=8 requested=64 internalFree=30844 indexWindow=0 indexed=4508 truncated=0 sessions=52 sessionIndex=13 radioQuiet=1
[155168][I][MQTT] Upload RAM bucket staged bucket=291 records=1 lastEvent=25032 heapFree=20308 psramFree=7433732
[155189][I][MQTT] Upload stream fill done bucket=291 records=8 complete=0 ms=67
[155190][I][MQTT] Upload stream refilled bucket=292 records=8 remaining=2192 ms=67
[155305][I][MQTT] Upload stream buffer drained; refilling remaining=2184 complete=0
[155306][I][MQTT] Upload stream fill begin bucket=292 max=8 requested=64 internalFree=30844 indexWindow=0 indexed=4508 truncated=0 sessions=52 sessionIndex=13 radioQuiet=1
[155351][I][MQTT] Upload RAM bucket staged bucket=292 records=1 lastEvent=25040 heapFree=20388 psramFree=7433716
[155371][I][MQTT] Upload stream fill done bucket=292 records=8 complete=0 ms=65
[155372][I][MQTT] Upload stream refilled bucket=293 records=8 remaining=2184 ms=66
[155484][I][MQTT] Upload stream buffer drained; refilling remaining=2176 complete=0
[155485][I][MQTT] Upload stream fill begin bucket=293 max=8 requested=64 internalFree=26812 indexWindow=0 indexed=4508 truncated=0 sessions=52 sessionIndex=13 radioQuiet=1
[155532][I][MQTT] Upload RAM bucket staged bucket=293 records=1 lastEvent=25048 heapFree=20420 psramFree=7433716
[155552][I][MQTT] Upload stream fill done bucket=293 records=8 complete=0 ms=67
[155553][I][MQTT] Upload stream refilled bucket=294 records=8 remaining=2176 ms=68
[155664][I][MQTT] Upload stream buffer drained; refilling remaining=2168 complete=0
[155665][I][MQTT] Upload stream fill begin bucket=294 max=8 requested=64 internalFree=30844 indexWindow=0 indexed=4508 truncated=0 sessions=52 sessionIndex=13 radioQuiet=1
[155710][I][MQTT] Upload RAM bucket staged bucket=294 records=1 lastEvent=25056 heapFree=20216 psramFree=7433732
[155730][I][MQTT] Upload stream fill done bucket=294 records=8 complete=0 ms=65
[155731][I][MQTT] Upload stream refilled bucket=295 records=8 remaining=2168 ms=65
[155844][I][MQTT] Upload stream buffer drained; refilling remaining=2160 complete=0
[155846][I][MQTT] Upload stream fill begin bucket=295 max=8 requested=64 internalFree=30844 indexWindow=0 indexed=4508 truncated=0 sessions=52 sessionIndex=13 radioQuiet=1
[155891][I][MQTT] Upload RAM bucket staged bucket=295 records=1 lastEvent=25064 heapFree=20256 psramFree=7433732
[155911][I][MQTT] Upload stream fill done bucket=295 records=8 complete=0 ms=66
[155912][I][MQTT] Upload stream refilled bucket=296 records=8 remaining=2160 ms=66
[156024][I][MQTT] Upload stream buffer drained; refilling remaining=2152 complete=0
[156025][I][MQTT] Upload stream fill begin bucket=296 max=8 requested=64 internalFree=30844 indexWindow=0 indexed=4508 truncated=0 sessions=52 sessionIndex=13 radioQuiet=1
[156071][I][MQTT] Upload RAM bucket staged bucket=296 records=1 lastEvent=25072 heapFree=20436 psramFree=7433716
[156091][I][MQTT] Upload stream fill done bucket=296 records=8 complete=0 ms=66
[156092][I][MQTT] Upload stream refilled bucket=297 records=8 remaining=2152 ms=68
[156201][I][MQTT] Upload stream buffer drained; refilling remaining=2144 complete=0
[156203][I][MQTT] Upload stream fill begin bucket=297 max=8 requested=64 internalFree=30844 indexWindow=0 indexed=4508 truncated=0 sessions=52 sessionIndex=13 radioQuiet=1
[156248][I][MQTT] Upload RAM bucket staged bucket=297 records=1 lastEvent=25080 heapFree=20456 psramFree=7433716
[156268][I][MQTT] Upload stream fill done bucket=297 records=8 complete=0 ms=65
[156269][I][MQTT] Upload stream refilled bucket=298 records=8 remaining=2144 ms=66
[156330][I][MQTT] Dump progress pub=2368 fail=0 session=13/52 since=25087 leaseMaxEvents=4508
[156381][I][MQTT] Upload stream buffer drained; refilling remaining=2136 complete=0
[156382][I][MQTT] Upload stream fill begin bucket=298 max=8 requested=64 internalFree=30844 indexWindow=0 indexed=4508 truncated=0 sessions=52 sessionIndex=13 radioQuiet=1
[156428][I][MQTT] Upload RAM bucket staged bucket=298 records=1 lastEvent=25088 heapFree=20424 psramFree=7433716
[156449][I][MQTT] Upload stream fill done bucket=298 records=8 complete=0 ms=67
[156450][I][MQTT] Upload stream refilled bucket=299 records=8 remaining=2136 ms=67
[156561][I][MQTT] Upload stream buffer drained; refilling remaining=2128 complete=0
[156562][I][MQTT] Upload stream fill begin bucket=299 max=8 requested=64 internalFree=30844 indexWindow=0 indexed=4508 truncated=0 sessions=52 sessionIndex=13 radioQuiet=1
[156607][I][MQTT] Upload RAM bucket staged bucket=299 records=1 lastEvent=25096 heapFree=20364 psramFree=7433716
[156627][I][MQTT] Upload stream fill done bucket=299 records=8 complete=0 ms=65
[156628][I][MQTT] Upload stream refilled bucket=300 records=8 remaining=2128 ms=66
[156742][I][MQTT] Upload stream buffer drained; refilling remaining=2120 complete=0
[156743][I][MQTT] Upload stream fill begin bucket=300 max=8 requested=64 internalFree=30844 indexWindow=0 indexed=4508 truncated=0 sessions=52 sessionIndex=13 radioQuiet=1
[156788][I][MQTT] Upload RAM bucket staged bucket=300 records=1 lastEvent=25104 heapFree=20504 psramFree=7433716
[156810][I][MQTT] Upload stream fill done bucket=300 records=8 complete=0 ms=67
[156811][I][MQTT] Upload stream refilled bucket=301 records=8 remaining=2120 ms=68
[156925][I][MQTT] Upload stream buffer drained; refilling remaining=2112 complete=0
[156926][I][MQTT] Upload stream fill begin bucket=301 max=8 requested=64 internalFree=30844 indexWindow=0 indexed=4508 truncated=0 sessions=52 sessionIndex=13 radioQuiet=1
[156971][I][MQTT] Upload RAM bucket staged bucket=301 records=1 lastEvent=25112 heapFree=20344 psramFree=7433716
[156991][I][MQTT] Upload stream fill done bucket=301 records=8 complete=0 ms=65
[156992][I][MQTT] Upload stream refilled bucket=302 records=8 remaining=2112 ms=66
[157105][I][MQTT] Upload stream buffer drained; refilling remaining=2104 complete=0
[157106][I][MQTT] Upload stream fill begin bucket=302 max=8 requested=64 internalFree=30844 indexWindow=0 indexed=4508 truncated=0 sessions=52 sessionIndex=13 radioQuiet=1
[157152][I][MQTT] Upload RAM bucket staged bucket=302 records=1 lastEvent=25120 heapFree=20268 psramFree=7433716
[157172][I][MQTT] Upload stream fill done bucket=302 records=8 complete=0 ms=66
[157173][I][MQTT] Upload stream refilled bucket=303 records=8 remaining=2104 ms=66
[157284][I][MQTT] Upload stream buffer drained; refilling remaining=2096 complete=0
[157285][I][MQTT] Upload stream fill begin bucket=303 max=8 requested=64 internalFree=30844 indexWindow=0 indexed=4508 truncated=0 sessions=52 sessionIndex=13 radioQuiet=1
[157332][I][MQTT] Upload RAM bucket staged bucket=303 records=1 lastEvent=25128 heapFree=20268 psramFree=7433716
[157352][I][MQTT] Upload stream fill done bucket=303 records=8 complete=0 ms=67
[157353][I][MQTT] Upload stream refilled bucket=304 records=8 remaining=2096 ms=67
[157464][I][MQTT] Upload stream buffer drained; refilling remaining=2088 complete=0
[157465][I][MQTT] Upload stream fill begin bucket=304 max=8 requested=64 internalFree=30836 indexWindow=0 indexed=4508 truncated=0 sessions=52 sessionIndex=13 radioQuiet=1
[157510][I][MQTT] Upload RAM bucket staged bucket=304 records=1 lastEvent=25136 heapFree=20228 psramFree=7433716
[157531][I][MQTT] Upload stream fill done bucket=304 records=8 complete=0 ms=66
[157532][I][MQTT] Upload stream refilled bucket=305 records=8 remaining=2088 ms=67
[157645][I][MQTT] Upload stream buffer drained; refilling remaining=2080 complete=0
[157646][I][MQTT] Upload stream fill begin bucket=305 max=8 requested=64 internalFree=30836 indexWindow=0 indexed=4508 truncated=0 sessions=52 sessionIndex=13 radioQuiet=1
[157692][I][MQTT] Upload RAM bucket staged bucket=305 records=1 lastEvent=25144 heapFree=20396 psramFree=7433732
[157712][I][MQTT] Upload stream fill done bucket=305 records=8 complete=0 ms=66
[157713][I][MQTT] Upload stream refilled bucket=306 records=8 remaining=2080 ms=66
[157776][I][MQTT] Dump progress pub=2432 fail=0 session=13/52 since=25151 leaseMaxEvents=4508
[157827][I][MQTT] Upload stream buffer drained; refilling remaining=2072 complete=0
[157828][I][MQTT] Upload stream fill begin bucket=306 max=8 requested=64 internalFree=30836 indexWindow=0 indexed=4508 truncated=0 sessions=52 sessionIndex=13 radioQuiet=1
[157873][I][MQTT] Upload RAM bucket staged bucket=306 records=1 lastEvent=25152 heapFree=20168 psramFree=7433716
[157893][I][MQTT] Upload stream fill done bucket=306 records=8 complete=0 ms=65
[157894][I][MQTT] Upload stream refilled bucket=307 records=8 remaining=2072 ms=66
[158009][I][MQTT] Upload stream buffer drained; refilling remaining=2064 complete=0
[158010][I][MQTT] Upload stream fill begin bucket=307 max=8 requested=64 internalFree=30836 indexWindow=0 indexed=4508 truncated=0 sessions=52 sessionIndex=13 radioQuiet=1
[158056][I][MQTT] Upload RAM bucket staged bucket=307 records=1 lastEvent=25160 heapFree=20324 psramFree=7433732
[158077][I][MQTT] Upload stream fill done bucket=307 records=8 complete=0 ms=67
[158078][I][MQTT] Upload stream refilled bucket=308 records=8 remaining=2064 ms=68
[158189][I][MQTT] Upload stream buffer drained; refilling remaining=2056 complete=0
[158190][I][MQTT] Upload stream fill begin bucket=308 max=8 requested=64 internalFree=30836 indexWindow=0 indexed=4508 truncated=0 sessions=52 sessionIndex=13 radioQuiet=1
[158235][I][MQTT] Upload RAM bucket staged bucket=308 records=1 lastEvent=25168 heapFree=20144 psramFree=7433716
[158255][I][MQTT] Upload stream fill done bucket=308 records=8 complete=0 ms=65
[158256][I][MQTT] Upload stream refilled bucket=309 records=8 remaining=2056 ms=66
[158366][I][MQTT] Upload stream buffer drained; refilling remaining=2048 complete=0
[158368][I][MQTT] Upload stream fill begin bucket=309 max=8 requested=64 internalFree=29196 indexWindow=0 indexed=4508 truncated=0 sessions=52 sessionIndex=13 radioQuiet=1
[158414][I][MQTT] Upload RAM bucket staged bucket=309 records=1 lastEvent=25176 heapFree=20448 psramFree=7433716
[158435][I][MQTT] Upload stream fill done bucket=309 records=8 complete=0 ms=67
[158436][I][MQTT] Upload stream refilled bucket=310 records=8 remaining=2048 ms=68
[158550][I][MQTT] Upload stream buffer drained; refilling remaining=2040 complete=0
[158551][I][MQTT] Upload stream fill begin bucket=310 max=8 requested=64 internalFree=30836 indexWindow=0 indexed=4508 truncated=0 sessions=52 sessionIndex=13 radioQuiet=1
[158596][I][MQTT] Upload RAM bucket staged bucket=310 records=1 lastEvent=25184 heapFree=20168 psramFree=7433732
[158616][I][MQTT] Upload stream fill done bucket=310 records=8 complete=0 ms=65
[158617][I][MQTT] Upload stream refilled bucket=311 records=8 remaining=2040 ms=65
[158729][I][MQTT] Upload stream buffer drained; refilling remaining=2032 complete=0
[158730][I][MQTT] Upload stream fill begin bucket=311 max=8 requested=64 internalFree=30836 indexWindow=0 indexed=4508 truncated=0 sessions=52 sessionIndex=13 radioQuiet=1
[158776][I][MQTT] Upload RAM bucket staged bucket=311 records=1 lastEvent=25192 heapFree=20324 psramFree=7433716
[158796][I][MQTT] Upload stream fill done bucket=311 records=8 complete=0 ms=66
[158797][I][MQTT] Upload stream refilled bucket=312 records=8 remaining=2032 ms=66
[158909][I][MQTT] Upload stream buffer drained; refilling remaining=2024 complete=0
[158910][I][MQTT] Upload stream fill begin bucket=312 max=8 requested=64 internalFree=30836 indexWindow=0 indexed=4508 truncated=0 sessions=52 sessionIndex=13 radioQuiet=1
[158956][I][MQTT] Upload RAM bucket staged bucket=312 records=1 lastEvent=25200 heapFree=20284 psramFree=7433716
[158976][I][MQTT] Upload stream fill done bucket=312 records=8 complete=0 ms=66
[158977][I][MQTT] Upload stream refilled bucket=313 records=8 remaining=2024 ms=67
[159089][I][MQTT] Upload stream buffer drained; refilling remaining=2016 complete=0
[159094][I][MQTT] Upload stream fill begin bucket=313 max=8 requested=64 internalFree=30836 indexWindow=0 indexed=4508 truncated=0 sessions=52 sessionIndex=13 radioQuiet=1
[159139][I][MQTT] Upload RAM bucket staged bucket=313 records=1 lastEvent=25208 heapFree=20332 psramFree=7433716
[159159][I][MQTT] Upload stream fill done bucket=313 records=8 complete=0 ms=65
[159160][I][MQTT] Upload stream refilled bucket=314 records=8 remaining=2016 ms=68
[159221][I][MQTT] Dump progress pub=2496 fail=0 session=13/52 since=25215 leaseMaxEvents=4508
[159271][I][MQTT] Upload checkpoint deferred until radio quiet pub=2500
[159272][I][MQTT] Upload stream buffer drained; refilling remaining=2008 complete=0
[159273][I][MQTT] Upload stream fill begin bucket=314 max=8 requested=64 internalFree=27048 indexWindow=0 indexed=4508 truncated=0 sessions=52 sessionIndex=13 radioQuiet=1
[159321][I][MQTT] Upload RAM bucket staged bucket=314 records=1 lastEvent=25216 heapFree=20084 psramFree=7433700
[159341][I][MQTT] Upload stream fill done bucket=314 records=8 complete=0 ms=69
[159342][I][MQTT] Upload stream refilled bucket=315 records=8 remaining=2008 ms=70
[159454][I][MQTT] Upload stream buffer drained; refilling remaining=2000 complete=0
[159455][I][MQTT] Upload stream fill begin bucket=315 max=8 requested=64 internalFree=30836 indexWindow=0 indexed=4508 truncated=0 sessions=52 sessionIndex=13 radioQuiet=1
[159500][I][MQTT] Upload RAM bucket staged bucket=315 records=1 lastEvent=25224 heapFree=20220 psramFree=7433732
[159520][I][MQTT] Upload stream fill done bucket=315 records=8 complete=0 ms=65
[159521][I][MQTT] Upload stream refilled bucket=316 records=8 remaining=2000 ms=67
[159634][I][MQTT] Upload stream buffer drained; refilling remaining=1992 complete=0
[159635][I][MQTT] Upload stream fill begin bucket=316 max=8 requested=64 internalFree=30836 indexWindow=0 indexed=4508 truncated=0 sessions=52 sessionIndex=13 radioQuiet=1
[159680][I][MQTT] Upload RAM bucket staged bucket=316 records=1 lastEvent=25232 heapFree=20404 psramFree=7433716
[159701][I][MQTT] Upload stream fill done bucket=316 records=8 complete=0 ms=66
[159702][I][MQTT] Upload stream refilled bucket=317 records=8 remaining=1992 ms=67
[159813][I][MQTT] Upload stream buffer drained; refilling remaining=1984 complete=0
[159814][I][MQTT] Upload stream fill begin bucket=317 max=8 requested=64 internalFree=30836 indexWindow=0 indexed=4508 truncated=0 sessions=52 sessionIndex=13 radioQuiet=1
[159859][I][MQTT] Upload RAM bucket staged bucket=317 records=1 lastEvent=25240 heapFree=20388 psramFree=7433716
[159879][I][MQTT] Upload stream fill done bucket=317 records=8 complete=0 ms=65
[159880][I][MQTT] Upload stream refilled bucket=318 records=8 remaining=1984 ms=65
[159995][I][MQTT] Upload stream buffer drained; refilling remaining=1976 complete=0
[159996][I][MQTT] Upload stream fill begin bucket=318 max=8 requested=64 internalFree=30836 indexWindow=0 indexed=4508 truncated=0 sessions=52 sessionIndex=13 radioQuiet=1
[160041][I][MQTT] Upload RAM bucket staged bucket=318 records=1 lastEvent=25248 heapFree=20404 psramFree=7433716
[160062][I][MQTT] Upload stream fill done bucket=318 records=8 complete=0 ms=66
[160063][I][MQTT] Upload stream refilled bucket=319 records=8 remaining=1976 ms=67
[160179][I][MQTT] Upload stream buffer drained; refilling remaining=1968 complete=0
[160180][I][MQTT] Upload stream fill begin bucket=319 max=8 requested=64 internalFree=30836 indexWindow=0 indexed=4508 truncated=0 sessions=52 sessionIndex=13 radioQuiet=1
[160225][I][MQTT] Upload RAM bucket staged bucket=319 records=1 lastEvent=25256 heapFree=20404 psramFree=7433716
[160245][I][MQTT] Upload stream fill done bucket=319 records=8 complete=0 ms=65
[160246][I][MQTT] Upload stream refilled bucket=320 records=8 remaining=1968 ms=67
[160360][I][MQTT] Upload stream buffer drained; refilling remaining=1960 complete=0
[161710][I][MQTT] Upload stream fill begin bucket=320 max=8 requested=64 internalFree=30836 indexWindow=0 indexed=4508 truncated=0 sessions=52 sessionIndex=13 radioQuiet=1
[161757][I][MQTT] Upload RAM bucket staged bucket=320 records=1 lastEvent=25264 heapFree=20284 psramFree=7433716
[161777][I][MQTT] Upload stream fill done bucket=320 records=8 complete=0 ms=67
[161778][I][MQTT] Upload stream refilled bucket=321 records=8 remaining=1960 ms=68
[161788][W][CORE] TaskHardware loop gap=1532ms owner=WIFI_UPLOAD pendingUpload=1960 maintPending=1 suppressed=1
[161894][I][MQTT] Upload stream buffer drained; refilling remaining=1952 complete=0
[161895][I][MQTT] Upload stream fill begin bucket=321 max=8 requested=64 internalFree=30836 indexWindow=0 indexed=4508 truncated=0 sessions=52 sessionIndex=13 radioQuiet=1
[161942][I][MQTT] Upload RAM bucket staged bucket=321 records=1 lastEvent=25272 heapFree=20124 psramFree=7433692
[161962][I][MQTT] Upload stream fill done bucket=321 records=8 complete=0 ms=68
[161963][I][MQTT] Upload stream refilled bucket=322 records=8 remaining=1952 ms=68
[162024][I][MQTT] Dump progress pub=2560 fail=0 session=13/52 since=25279 leaseMaxEvents=4508
[162077][I][MQTT] Upload stream buffer drained; refilling remaining=1944 complete=0
[162078][I][MQTT] Upload stream fill begin bucket=322 max=8 requested=64 internalFree=30836 indexWindow=0 indexed=4508 truncated=0 sessions=52 sessionIndex=13 radioQuiet=1
[162123][I][MQTT] Upload RAM bucket staged bucket=322 records=1 lastEvent=25280 heapFree=20440 psramFree=7433716
[162143][I][MQTT] Upload stream fill done bucket=322 records=8 complete=0 ms=65
[162144][I][MQTT] Upload stream refilled bucket=323 records=8 remaining=1944 ms=67
[162257][I][MQTT] Upload stream buffer drained; refilling remaining=1936 complete=0
[162259][I][MQTT] Upload stream fill begin bucket=323 max=8 requested=64 internalFree=30836 indexWindow=0 indexed=4508 truncated=0 sessions=52 sessionIndex=13 radioQuiet=1
[162305][I][MQTT] Upload RAM bucket staged bucket=323 records=1 lastEvent=25288 heapFree=20324 psramFree=7433732
[162325][I][MQTT] Upload stream fill done bucket=323 records=8 complete=0 ms=67
[162326][I][MQTT] Upload stream refilled bucket=324 records=8 remaining=1936 ms=67
[162443][I][MQTT] Upload stream buffer drained; refilling remaining=1928 complete=0
[162445][I][MQTT] Upload stream fill begin bucket=324 max=8 requested=64 internalFree=30836 indexWindow=0 indexed=4508 truncated=0 sessions=52 sessionIndex=13 radioQuiet=1
[162491][I][MQTT] Upload RAM bucket staged bucket=324 records=1 lastEvent=25296 heapFree=20440 psramFree=7433716
[162511][I][MQTT] Upload stream fill done bucket=324 records=8 complete=0 ms=66
[162512][I][MQTT] Upload stream refilled bucket=325 records=8 remaining=1928 ms=67
[162626][I][MQTT] Upload stream buffer drained; refilling remaining=1920 complete=0
[162627][I][MQTT] Upload stream fill begin bucket=325 max=8 requested=64 internalFree=30836 indexWindow=0 indexed=4508 truncated=0 sessions=52 sessionIndex=13 radioQuiet=1
[162673][I][MQTT] Upload RAM bucket staged bucket=325 records=1 lastEvent=25304 heapFree=20356 psramFree=7433716
[162683][I][MQTT] Upload RAM bucket session exhausted bucket=325 session=33e864-5475-86d410c7 since=25308 idx=13/52
[162684][I][MQTT] Upload bucket session start idx=14 sess=33e864-5425-67f3b696 bucket=5
[162725][I][MQTT] Upload RAM bucket session exhausted bucket=325 session=33e864-5425-67f3b696 since=24874 idx=14/52
[162726][I][MQTT] Upload bucket session start idx=15 sess=33e864-5465-88674d29 bucket=7
[162763][I][MQTT] Upload stream fill done bucket=325 records=8 complete=0 ms=136
[162763][I][MQTT] Upload stream refilled bucket=326 records=8 remaining=1920 ms=137
[162838][I][STORAGE] Segment lifecycle seg=241 partially_uploaded->fully_uploaded trust=trusted pending=0
[162851][I][STORAGE] Segment lifecycle seg=243 indexed->partially_uploaded trust=trusted pending=1
[162864][I][STORAGE] Segment lifecycle seg=243 partially_uploaded->fully_uploaded trust=trusted pending=0
[162877][I][STORAGE] Segment lifecycle seg=244 indexed->partially_uploaded trust=trusted pending=52
[162878][I][MQTT] Upload stream buffer drained; refilling remaining=1912 complete=0
[162879][I][MQTT] Upload stream fill begin bucket=326 max=8 requested=64 internalFree=30728 indexWindow=0 indexed=4508 truncated=0 sessions=52 sessionIndex=15 radioQuiet=1
[162923][I][MQTT] Upload RAM bucket staged bucket=326 records=1 lastEvent=24874 heapFree=20300 psramFree=7433732
[162941][I][MQTT] Upload stream fill done bucket=326 records=8 complete=0 ms=62
[162942][I][MQTT] Upload stream refilled bucket=327 records=8 remaining=1912 ms=63
[163055][I][MQTT] Upload stream buffer drained; refilling remaining=1904 complete=0
[163056][I][MQTT] Upload stream fill begin bucket=327 max=8 requested=64 internalFree=30728 indexWindow=0 indexed=4508 truncated=0 sessions=52 sessionIndex=15 radioQuiet=1
[163101][I][MQTT] Upload RAM bucket staged bucket=327 records=1 lastEvent=24882 heapFree=20296 psramFree=7433756
[163121][I][MQTT] Upload stream fill done bucket=327 records=8 complete=0 ms=65
[163122][I][MQTT] Upload stream refilled bucket=328 records=8 remaining=1904 ms=66
[163232][I][MQTT] Upload stream buffer drained; refilling remaining=1896 complete=0
[163233][I][MQTT] Upload stream fill begin bucket=328 max=8 requested=64 internalFree=30728 indexWindow=0 indexed=4508 truncated=0 sessions=52 sessionIndex=15 radioQuiet=1
[163278][I][MQTT] Upload RAM bucket staged bucket=328 records=1 lastEvent=24890 heapFree=20132 psramFree=7433732
[163298][I][MQTT] Upload stream fill done bucket=328 records=8 complete=0 ms=65
[163299][I][MQTT] Upload stream refilled bucket=329 records=8 remaining=1896 ms=66
[163409][I][MQTT] Upload stream buffer drained; refilling remaining=1888 complete=0
[163411][I][MQTT] Upload stream fill begin bucket=329 max=8 requested=64 internalFree=30728 indexWindow=0 indexed=4508 truncated=0 sessions=52 sessionIndex=15 radioQuiet=1
[163456][I][MQTT] Upload RAM bucket staged bucket=329 records=1 lastEvent=24898 heapFree=20292 psramFree=7433716
[163475][I][MQTT] Upload stream fill done bucket=329 records=8 complete=0 ms=65
[163476][I][MQTT] Upload stream refilled bucket=330 records=8 remaining=1888 ms=65
[163538][I][MQTT] Dump progress pub=2624 fail=0 session=15/52 since=24905 leaseMaxEvents=4508
[163591][I][MQTT] Upload stream buffer drained; refilling remaining=1880 complete=0
[163592][I][MQTT] Upload stream fill begin bucket=330 max=8 requested=64 internalFree=30728 indexWindow=0 indexed=4508 truncated=0 sessions=52 sessionIndex=15 radioQuiet=1
[163637][I][MQTT] Upload RAM bucket staged bucket=330 records=1 lastEvent=24906 heapFree=20132 psramFree=7433732
[163657][I][MQTT] Upload stream fill done bucket=330 records=8 complete=0 ms=65
[163658][I][MQTT] Upload stream refilled bucket=331 records=8 remaining=1880 ms=66
[163773][I][MQTT] Upload stream buffer drained; refilling remaining=1872 complete=0
[163774][I][MQTT] Upload stream fill begin bucket=331 max=8 requested=64 internalFree=30728 indexWindow=0 indexed=4508 truncated=0 sessions=52 sessionIndex=15 radioQuiet=1
[163819][I][MQTT] Upload RAM bucket staged bucket=331 records=1 lastEvent=24914 heapFree=20104 psramFree=7433708
[163839][I][MQTT] Upload stream fill done bucket=331 records=8 complete=0 ms=65
[163840][I][MQTT] Upload stream refilled bucket=332 records=8 remaining=1872 ms=66
[163954][I][MQTT] Upload stream buffer drained; refilling remaining=1864 complete=0
[163955][I][MQTT] Upload stream fill begin bucket=332 max=8 requested=64 internalFree=30728 indexWindow=0 indexed=4508 truncated=0 sessions=52 sessionIndex=15 radioQuiet=1
[164000][I][MQTT] Upload RAM bucket staged bucket=332 records=1 lastEvent=24922 heapFree=20292 psramFree=7433716
[164006][I][MQTT] Upload RAM bucket session exhausted bucket=332 session=33e864-5465-88674d29 since=24925 idx=15/52
[164007][I][MQTT] Upload bucket session start idx=16 sess=33e864-5374-b52ad900 bucket=4
[164053][I][MQTT] Upload stream fill done bucket=332 records=8 complete=0 ms=98
[164054][I][MQTT] Upload stream refilled bucket=333 records=8 remaining=1864 ms=98
[164117][I][STORAGE] Segment lifecycle seg=244 partially_uploaded->fully_uploaded trust=trusted pending=0
[164131][I][STORAGE] Segment lifecycle seg=245 indexed->partially_uploaded trust=trusted pending=435
[164169][I][MQTT] Upload stream buffer drained; refilling remaining=1856 complete=0
[164170][I][MQTT] Upload stream fill begin bucket=333 max=8 requested=64 internalFree=30688 indexWindow=0 indexed=4508 truncated=0 sessions=52 sessionIndex=16 radioQuiet=1
[164215][I][MQTT] Upload RAM bucket staged bucket=333 records=1 lastEvent=24877 heapFree=20484 psramFree=7433748
[164234][I][MQTT] Upload stream fill done bucket=333 records=8 complete=0 ms=64
[164235][I][MQTT] Upload stream refilled bucket=334 records=8 remaining=1856 ms=64
[164347][I][MQTT] Upload stream buffer drained; refilling remaining=1848 complete=0
[164348][I][MQTT] Upload stream fill begin bucket=334 max=8 requested=64 internalFree=30688 indexWindow=0 indexed=4508 truncated=0 sessions=52 sessionIndex=16 radioQuiet=1
[164392][I][MQTT] Upload RAM bucket staged bucket=334 records=1 lastEvent=24885 heapFree=20168 psramFree=7433716
[164414][I][MQTT] Upload stream fill done bucket=334 records=8 complete=0 ms=66
[164415][I][MQTT] Upload stream refilled bucket=335 records=8 remaining=1848 ms=67
[164528][I][MQTT] Upload stream buffer drained; refilling remaining=1840 complete=0
[164529][I][MQTT] Upload stream fill begin bucket=335 max=8 requested=64 internalFree=30688 indexWindow=0 indexed=4508 truncated=0 sessions=52 sessionIndex=16 radioQuiet=1
[164575][I][MQTT] Upload RAM bucket staged bucket=335 records=1 lastEvent=24893 heapFree=20232 psramFree=7433716
[164595][I][MQTT] Upload stream fill done bucket=335 records=8 complete=0 ms=66
[164595][I][MQTT] Upload stream refilled bucket=336 records=8 remaining=1840 ms=66
[164708][I][MQTT] Upload stream buffer drained; refilling remaining=1832 complete=0
[164709][I][MQTT] Upload stream fill begin bucket=336 max=8 requested=64 internalFree=30688 indexWindow=0 indexed=4508 truncated=0 sessions=52 sessionIndex=16 radioQuiet=1
[164754][I][MQTT] Upload RAM bucket staged bucket=336 records=1 lastEvent=24901 heapFree=20180 psramFree=7433716
[164774][I][MQTT] Upload stream fill done bucket=336 records=8 complete=0 ms=65
[164774][I][MQTT] Upload stream refilled bucket=337 records=8 remaining=1832 ms=66
[164886][I][MQTT] Upload stream buffer drained; refilling remaining=1824 complete=0
[164887][I][MQTT] Upload stream fill begin bucket=337 max=8 requested=64 internalFree=30688 indexWindow=0 indexed=4508 truncated=0 sessions=52 sessionIndex=16 radioQuiet=1
[164934][I][MQTT] Upload RAM bucket staged bucket=337 records=1 lastEvent=24909 heapFree=20248 psramFree=7433716
[164955][I][MQTT] Upload stream fill done bucket=337 records=8 complete=0 ms=68
[164955][I][MQTT] Upload stream refilled bucket=338 records=8 remaining=1824 ms=69
[165018][I][MQTT] Dump progress pub=2688 fail=0 session=16/52 since=24916 leaseMaxEvents=4508
[165069][I][MQTT] Upload stream buffer drained; refilling remaining=1816 complete=0
[165070][I][MQTT] Upload stream fill begin bucket=338 max=8 requested=64 internalFree=30688 indexWindow=0 indexed=4508 truncated=0 sessions=52 sessionIndex=16 radioQuiet=1
[165117][I][MQTT] Upload RAM bucket staged bucket=338 records=1 lastEvent=24917 heapFree=20188 psramFree=7433716
[165137][I][MQTT] Upload stream fill done bucket=338 records=8 complete=0 ms=67
[165137][I][MQTT] Upload stream refilled bucket=339 records=8 remaining=1816 ms=67
[165254][I][MQTT] Upload stream buffer drained; refilling remaining=1808 complete=0
[165255][I][MQTT] Upload stream fill begin bucket=339 max=8 requested=64 internalFree=30688 indexWindow=0 indexed=4508 truncated=0 sessions=52 sessionIndex=16 radioQuiet=1
[165302][I][MQTT] Upload RAM bucket staged bucket=339 records=1 lastEvent=24925 heapFree=20188 psramFree=7433732
[165322][I][MQTT] Upload stream fill done bucket=339 records=8 complete=0 ms=67
[165322][I][MQTT] Upload stream refilled bucket=340 records=8 remaining=1808 ms=67
[165435][I][MQTT] Upload stream buffer drained; refilling remaining=1800 complete=0
[165436][I][MQTT] Upload stream fill begin bucket=340 max=8 requested=64 internalFree=30688 indexWindow=0 indexed=4508 truncated=0 sessions=52 sessionIndex=16 radioQuiet=1
[165481][I][MQTT] Upload RAM bucket staged bucket=340 records=1 lastEvent=24933 heapFree=20084 psramFree=7433732
[165501][I][MQTT] Upload stream fill done bucket=340 records=8 complete=0 ms=65
[165501][I][MQTT] Upload stream refilled bucket=341 records=8 remaining=1800 ms=66
[165614][I][MQTT] Upload stream buffer drained; refilling remaining=1792 complete=0
[165615][I][MQTT] Upload stream fill begin bucket=341 max=8 requested=64 internalFree=30688 indexWindow=0 indexed=4508 truncated=0 sessions=52 sessionIndex=16 radioQuiet=1
[165660][I][MQTT] Upload RAM bucket staged bucket=341 records=1 lastEvent=24941 heapFree=20096 psramFree=7433732
[165681][I][MQTT] Upload stream fill done bucket=341 records=8 complete=0 ms=66
[165681][I][MQTT] Upload stream refilled bucket=342 records=8 remaining=1792 ms=67
[165793][I][MQTT] Upload stream buffer drained; refilling remaining=1784 complete=0
[165794][I][MQTT] Upload stream fill begin bucket=342 max=8 requested=64 internalFree=30696 indexWindow=0 indexed=4508 truncated=0 sessions=52 sessionIndex=16 radioQuiet=1
[165840][I][MQTT] Upload RAM bucket staged bucket=342 records=1 lastEvent=24949 heapFree=20188 psramFree=7433716
[165860][I][MQTT] Upload stream fill done bucket=342 records=8 complete=0 ms=66
[165860][I][MQTT] Upload stream refilled bucket=343 records=8 remaining=1784 ms=66
[165978][I][MQTT] Upload stream buffer drained; refilling remaining=1776 complete=0
[165980][I][MQTT] Upload stream fill begin bucket=343 max=8 requested=64 internalFree=30696 indexWindow=0 indexed=4508 truncated=0 sessions=52 sessionIndex=16 radioQuiet=1
[166025][I][MQTT] Upload RAM bucket staged bucket=343 records=1 lastEvent=24957 heapFree=20172 psramFree=7433732
[166045][I][MQTT] Upload stream fill done bucket=343 records=8 complete=0 ms=66
[166046][I][MQTT] Upload stream refilled bucket=344 records=8 remaining=1776 ms=66
[166158][I][MQTT] Upload stream buffer drained; refilling remaining=1768 complete=0
[166159][I][MQTT] Upload stream fill begin bucket=344 max=8 requested=64 internalFree=30696 indexWindow=0 indexed=4508 truncated=0 sessions=52 sessionIndex=16 radioQuiet=1
[166205][I][MQTT] Upload RAM bucket staged bucket=344 records=1 lastEvent=24965 heapFree=20200 psramFree=7433716
[166225][I][MQTT] Upload stream fill done bucket=344 records=8 complete=0 ms=66
[166226][I][MQTT] Upload stream refilled bucket=345 records=8 remaining=1768 ms=67
[166340][I][MQTT] Upload stream buffer drained; refilling remaining=1760 complete=0
[166341][I][MQTT] Upload stream fill begin bucket=345 max=8 requested=64 internalFree=30688 indexWindow=0 indexed=4508 truncated=0 sessions=52 sessionIndex=16 radioQuiet=1
[166386][I][MQTT] Upload RAM bucket staged bucket=345 records=1 lastEvent=24973 heapFree=20188 psramFree=7433732
[166406][I][MQTT] Upload stream fill done bucket=345 records=8 complete=0 ms=65
[166406][I][MQTT] Upload stream refilled bucket=346 records=8 remaining=1760 ms=66
[166444][I][MQTT] Upload checkpoint deferred until radio quiet pub=2750
[166470][I][MQTT] Dump progress pub=2752 fail=0 session=16/52 since=24980 leaseMaxEvents=4508
[166521][I][MQTT] Upload stream buffer drained; refilling remaining=1752 complete=0
[166523][I][MQTT] Upload stream fill begin bucket=346 max=8 requested=64 internalFree=30688 indexWindow=0 indexed=4508 truncated=0 sessions=52 sessionIndex=16 radioQuiet=1
[166569][I][MQTT] Upload RAM bucket staged bucket=346 records=1 lastEvent=24981 heapFree=20028 psramFree=7433732
[166589][I][MQTT] Upload stream fill done bucket=346 records=8 complete=0 ms=67
[166590][I][MQTT] Upload stream refilled bucket=347 records=8 remaining=1752 ms=67
[166703][I][MQTT] Upload stream buffer drained; refilling remaining=1744 complete=0
[166704][I][MQTT] Upload stream fill begin bucket=347 max=8 requested=64 internalFree=30688 indexWindow=0 indexed=4508 truncated=0 sessions=52 sessionIndex=16 radioQuiet=1
[166750][I][MQTT] Upload RAM bucket staged bucket=347 records=1 lastEvent=24989 heapFree=20176 psramFree=7433732
[166770][I][MQTT] Upload stream fill done bucket=347 records=8 complete=0 ms=66
[166770][I][MQTT] Upload stream refilled bucket=348 records=8 remaining=1744 ms=66
[166884][I][MQTT] Upload stream buffer drained; refilling remaining=1736 complete=0
[166885][I][MQTT] Upload stream fill begin bucket=348 max=8 requested=64 internalFree=30688 indexWindow=0 indexed=4508 truncated=0 sessions=52 sessionIndex=16 radioQuiet=1
[166930][I][MQTT] Upload RAM bucket staged bucket=348 records=1 lastEvent=24997 heapFree=20096 psramFree=7433732
[166951][I][MQTT] Upload stream fill done bucket=348 records=8 complete=0 ms=66
[166952][I][MQTT] Upload stream refilled bucket=349 records=8 remaining=1736 ms=68
[167066][I][MQTT] Upload stream buffer drained; refilling remaining=1728 complete=0
[167067][I][MQTT] Upload stream fill begin bucket=349 max=8 requested=64 internalFree=30688 indexWindow=0 indexed=4508 truncated=0 sessions=52 sessionIndex=16 radioQuiet=1
[167113][I][MQTT] Upload RAM bucket staged bucket=349 records=1 lastEvent=25005 heapFree=20132 psramFree=7433732
[167133][I][MQTT] Upload stream fill done bucket=349 records=8 complete=0 ms=66
[167134][I][MQTT] Upload stream refilled bucket=350 records=8 remaining=1728 ms=67
[167246][I][MQTT] Upload stream buffer drained; refilling remaining=1720 complete=0
[167247][I][MQTT] Upload stream fill begin bucket=350 max=8 requested=64 internalFree=30688 indexWindow=0 indexed=4508 truncated=0 sessions=52 sessionIndex=16 radioQuiet=1
[167294][I][MQTT] Upload RAM bucket staged bucket=350 records=1 lastEvent=25013 heapFree=20064 psramFree=7433716
[167315][I][MQTT] Upload stream fill done bucket=350 records=8 complete=0 ms=68
[167316][I][MQTT] Upload stream refilled bucket=351 records=8 remaining=1720 ms=68
[167431][I][MQTT] Upload stream buffer drained; refilling remaining=1712 complete=0
[167432][I][MQTT] Upload stream fill begin bucket=351 max=8 requested=64 internalFree=30688 indexWindow=0 indexed=4508 truncated=0 sessions=52 sessionIndex=16 radioQuiet=1
[167477][I][MQTT] Upload RAM bucket staged bucket=351 records=1 lastEvent=25021 heapFree=20144 psramFree=7433732
[167497][I][MQTT] Upload stream fill done bucket=351 records=8 complete=0 ms=65
[167498][I][MQTT] Upload stream refilled bucket=352 records=8 remaining=1712 ms=66
[167611][I][MQTT] Upload stream buffer drained; refilling remaining=1704 complete=0
[169043][I][STORAGE] worker ui refresh serviced uiRefreshServiceCount=9 uiDeferred=1 uiFlush=2 pressure=0 usedPct=19 pending=1704
[170264][I][MQTT] Upload stream fill begin bucket=352 max=8 requested=64 internalFree=30688 indexWindow=0 indexed=4508 truncated=0 sessions=52 sessionIndex=16 radioQuiet=1
[170308][I][MQTT] Upload RAM bucket staged bucket=352 records=1 lastEvent=25029 heapFree=20288 psramFree=7433716
[170328][I][MQTT] Upload stream fill done bucket=352 records=8 complete=0 ms=64
[170329][I][MQTT] Upload stream refilled bucket=353 records=8 remaining=1704 ms=64
[170439][I][MQTT] Upload stream buffer drained; refilling remaining=1696 complete=0
[170440][I][MQTT] Upload stream fill begin bucket=353 max=8 requested=64 internalFree=30688 indexWindow=0 indexed=4508 truncated=0 sessions=52 sessionIndex=16 radioQuiet=1
[170485][I][MQTT] Upload RAM bucket staged bucket=353 records=1 lastEvent=25037 heapFree=20188 psramFree=7433716
[170505][I][MQTT] Upload stream fill done bucket=353 records=8 complete=0 ms=65
[170506][I][MQTT] Upload stream refilled bucket=354 records=8 remaining=1696 ms=65
[170565][I][MQTT] Dump progress pub=2816 fail=0 session=16/52 since=25044 leaseMaxEvents=4508
[170613][I][MQTT] Upload stream buffer drained; refilling remaining=1688 complete=0
[170615][I][MQTT] Upload stream fill begin bucket=354 max=8 requested=64 internalFree=30688 indexWindow=0 indexed=4508 truncated=0 sessions=52 sessionIndex=16 radioQuiet=1
[170658][I][MQTT] Upload RAM bucket staged bucket=354 records=1 lastEvent=25045 heapFree=20096 psramFree=7433716
[170678][I][MQTT] Upload stream fill done bucket=354 records=8 complete=0 ms=64
[170679][I][MQTT] Upload stream refilled bucket=355 records=8 remaining=1688 ms=65
[170786][I][MQTT] Upload stream buffer drained; refilling remaining=1680 complete=0
[170787][I][MQTT] Upload stream fill begin bucket=355 max=8 requested=64 internalFree=30688 indexWindow=0 indexed=4508 truncated=0 sessions=52 sessionIndex=16 radioQuiet=1
[170832][I][MQTT] Upload RAM bucket staged bucket=355 records=1 lastEvent=25053 heapFree=20304 psramFree=7433716
[170853][I][MQTT] Upload stream fill done bucket=355 records=8 complete=0 ms=66
[170854][I][MQTT] Upload stream refilled bucket=356 records=8 remaining=1680 ms=67
[170961][I][MQTT] Upload stream buffer drained; refilling remaining=1672 complete=0
[170962][I][MQTT] Upload stream fill begin bucket=356 max=8 requested=64 internalFree=30688 indexWindow=0 indexed=4508 truncated=0 sessions=52 sessionIndex=16 radioQuiet=1
[171005][I][MQTT] Upload RAM bucket staged bucket=356 records=1 lastEvent=25061 heapFree=20260 psramFree=7433716
[171025][I][MQTT] Upload stream fill done bucket=356 records=8 complete=0 ms=63
[171026][I][MQTT] Upload stream refilled bucket=357 records=8 remaining=1672 ms=63
[171133][I][MQTT] Upload stream buffer drained; refilling remaining=1664 complete=0
[171134][I][MQTT] Upload stream fill begin bucket=357 max=8 requested=64 internalFree=30688 indexWindow=0 indexed=4508 truncated=0 sessions=52 sessionIndex=16 radioQuiet=1
[171178][I][MQTT] Upload RAM bucket staged bucket=357 records=1 lastEvent=25069 heapFree=20184 psramFree=7433716
[171198][I][MQTT] Upload stream fill done bucket=357 records=8 complete=0 ms=64
[171199][I][MQTT] Upload stream refilled bucket=358 records=8 remaining=1664 ms=65
[171306][I][MQTT] Upload stream buffer drained; refilling remaining=1656 complete=0
[171307][I][MQTT] Upload stream fill begin bucket=358 max=8 requested=64 internalFree=30688 indexWindow=0 indexed=4508 truncated=0 sessions=52 sessionIndex=16 radioQuiet=1
[171351][I][MQTT] Upload RAM bucket staged bucket=358 records=1 lastEvent=25077 heapFree=20140 psramFree=7433716
[171370][I][MQTT] Upload stream fill done bucket=358 records=8 complete=0 ms=63
[171371][I][MQTT] Upload stream refilled bucket=359 records=8 remaining=1656 ms=64
[171481][I][MQTT] Upload stream buffer drained; refilling remaining=1648 complete=0
[171483][I][MQTT] Upload stream fill begin bucket=359 max=8 requested=64 internalFree=30688 indexWindow=0 indexed=4508 truncated=0 sessions=52 sessionIndex=16 radioQuiet=1
[171526][I][MQTT] Upload RAM bucket staged bucket=359 records=1 lastEvent=25085 heapFree=20188 psramFree=7433716
[171548][I][MQTT] Upload stream fill done bucket=359 records=8 complete=0 ms=66
[171549][I][MQTT] Upload stream refilled bucket=360 records=8 remaining=1648 ms=67
[171656][I][MQTT] Upload stream buffer drained; refilling remaining=1640 complete=0
[171657][I][MQTT] Upload stream fill begin bucket=360 max=8 requested=64 internalFree=30688 indexWindow=0 indexed=4508 truncated=0 sessions=52 sessionIndex=16 radioQuiet=1
[171701][I][MQTT] Upload RAM bucket staged bucket=360 records=1 lastEvent=25093 heapFree=20140 psramFree=7433716
[171721][I][MQTT] Upload stream fill done bucket=360 records=8 complete=0 ms=64
[171722][I][MQTT] Upload stream refilled bucket=361 records=8 remaining=1640 ms=65
[171829][I][MQTT] Upload stream buffer drained; refilling remaining=1632 complete=0
[171830][I][MQTT] Upload stream fill begin bucket=361 max=8 requested=64 internalFree=30688 indexWindow=0 indexed=4508 truncated=0 sessions=52 sessionIndex=16 radioQuiet=1
[171873][I][MQTT] Upload RAM bucket staged bucket=361 records=1 lastEvent=25101 heapFree=20264 psramFree=7433716
[171893][I][MQTT] Upload stream fill done bucket=361 records=8 complete=0 ms=63
[171894][I][MQTT] Upload stream refilled bucket=362 records=8 remaining=1632 ms=65
[171953][I][MQTT] Dump progress pub=2880 fail=0 session=16/52 since=25108 leaseMaxEvents=4508
[172002][I][MQTT] Upload stream buffer drained; refilling remaining=1624 complete=0
[172003][I][MQTT] Upload stream fill begin bucket=362 max=8 requested=64 internalFree=27416 indexWindow=0 indexed=4508 truncated=0 sessions=52 sessionIndex=16 radioQuiet=1
[172047][I][MQTT] Upload RAM bucket staged bucket=362 records=1 lastEvent=25109 heapFree=16796 psramFree=7433716
[172068][I][MQTT] Upload stream fill done bucket=362 records=8 complete=0 ms=65
[172069][I][MQTT] Upload stream refilled bucket=363 records=8 remaining=1624 ms=67
[172175][I][MQTT] Upload stream buffer drained; refilling remaining=1616 complete=0
[172177][I][MQTT] Upload stream fill begin bucket=363 max=8 requested=64 internalFree=30688 indexWindow=0 indexed=4508 truncated=0 sessions=52 sessionIndex=16 radioQuiet=1
[172221][I][MQTT] Upload RAM bucket staged bucket=363 records=1 lastEvent=25117 heapFree=20352 psramFree=7433716
[172241][I][MQTT] Upload stream fill done bucket=363 records=8 complete=0 ms=64
[172242][I][MQTT] Upload stream refilled bucket=364 records=8 remaining=1616 ms=65
[172350][I][MQTT] Upload stream buffer drained; refilling remaining=1608 complete=0
[172351][I][MQTT] Upload stream fill begin bucket=364 max=8 requested=64 internalFree=30688 indexWindow=0 indexed=4508 truncated=0 sessions=52 sessionIndex=16 radioQuiet=1
[172396][I][MQTT] Upload RAM bucket staged bucket=364 records=1 lastEvent=25125 heapFree=20188 psramFree=7433732
[172415][I][MQTT] Upload stream fill done bucket=364 records=8 complete=0 ms=64
[172416][I][MQTT] Upload stream refilled bucket=365 records=8 remaining=1608 ms=64
[172527][I][MQTT] Upload stream buffer drained; refilling remaining=1600 complete=0
[172528][I][MQTT] Upload stream fill begin bucket=365 max=8 requested=64 internalFree=30688 indexWindow=0 indexed=4508 truncated=0 sessions=52 sessionIndex=16 radioQuiet=1
[172571][I][MQTT] Upload RAM bucket staged bucket=365 records=1 lastEvent=25133 heapFree=20096 psramFree=7433716
[172591][I][MQTT] Upload stream fill done bucket=365 records=8 complete=0 ms=63
[172592][I][MQTT] Upload stream refilled bucket=366 records=8 remaining=1600 ms=64
[172700][I][MQTT] Upload stream buffer drained; refilling remaining=1592 complete=0
[172702][I][MQTT] Upload stream fill begin bucket=366 max=8 requested=64 internalFree=30688 indexWindow=0 indexed=4508 truncated=0 sessions=52 sessionIndex=16 radioQuiet=1
[172745][I][MQTT] Upload RAM bucket staged bucket=366 records=1 lastEvent=25141 heapFree=20036 psramFree=7433732
[172766][I][MQTT] Upload stream fill done bucket=366 records=8 complete=0 ms=65
[172767][I][MQTT] Upload stream refilled bucket=367 records=8 remaining=1592 ms=66
[172876][I][MQTT] Upload stream buffer drained; refilling remaining=1584 complete=0
[172878][I][MQTT] Upload stream fill begin bucket=367 max=8 requested=64 internalFree=30688 indexWindow=0 indexed=4508 truncated=0 sessions=52 sessionIndex=16 radioQuiet=1
[172921][I][MQTT] Upload RAM bucket staged bucket=367 records=1 lastEvent=25149 heapFree=19956 psramFree=7433732
[172941][I][MQTT] Upload stream fill done bucket=367 records=8 complete=0 ms=64
[172942][I][MQTT] Upload stream refilled bucket=368 records=8 remaining=1584 ms=64
[173050][I][MQTT] Upload stream buffer drained; refilling remaining=1576 complete=0
[173052][I][MQTT] Upload stream fill begin bucket=368 max=8 requested=64 internalFree=30688 indexWindow=0 indexed=4508 truncated=0 sessions=52 sessionIndex=16 radioQuiet=1
[173097][I][MQTT] Upload RAM bucket staged bucket=368 records=1 lastEvent=25157 heapFree=19964 psramFree=7433716
[173117][I][MQTT] Upload stream fill done bucket=368 records=8 complete=0 ms=66
[173118][I][MQTT] Upload stream refilled bucket=369 records=8 remaining=1576 ms=66
[173228][I][MQTT] Upload stream buffer drained; refilling remaining=1568 complete=0
[173229][I][MQTT] Upload stream fill begin bucket=369 max=8 requested=64 internalFree=30688 indexWindow=0 indexed=4508 truncated=0 sessions=52 sessionIndex=16 radioQuiet=1
[173273][I][MQTT] Upload RAM bucket staged bucket=369 records=1 lastEvent=25165 heapFree=20244 psramFree=7433716
[173294][I][MQTT] Upload stream fill done bucket=369 records=8 complete=0 ms=65
[173295][I][MQTT] Upload stream refilled bucket=370 records=8 remaining=1568 ms=66
[173355][I][MQTT] Dump progress pub=2944 fail=0 session=16/52 since=25172 leaseMaxEvents=4508
[173403][I][MQTT] Upload stream buffer drained; refilling remaining=1560 complete=0
[173404][I][MQTT] Upload stream fill begin bucket=370 max=8 requested=64 internalFree=26648 indexWindow=0 indexed=4508 truncated=0 sessions=52 sessionIndex=16 radioQuiet=1
[173450][I][MQTT] Upload RAM bucket staged bucket=370 records=1 lastEvent=25173 heapFree=20196 psramFree=7433716
[173470][I][MQTT] Upload stream fill done bucket=370 records=8 complete=0 ms=66
[173471][I][MQTT] Upload stream refilled bucket=371 records=8 remaining=1560 ms=66
[173583][I][MQTT] Upload stream buffer drained; refilling remaining=1552 complete=0
[173584][I][MQTT] Upload stream fill begin bucket=371 max=8 requested=64 internalFree=30688 indexWindow=0 indexed=4508 truncated=0 sessions=52 sessionIndex=16 radioQuiet=1
[173629][I][MQTT] Upload RAM bucket staged bucket=371 records=1 lastEvent=25181 heapFree=20060 psramFree=7433716
[173649][I][MQTT] Upload stream fill done bucket=371 records=8 complete=0 ms=65
[173650][I][MQTT] Upload stream refilled bucket=372 records=8 remaining=1552 ms=65
[173760][I][MQTT] Upload stream buffer drained; refilling remaining=1544 complete=0
[173761][I][MQTT] Upload stream fill begin bucket=372 max=8 requested=64 internalFree=30688 indexWindow=0 indexed=4508 truncated=0 sessions=52 sessionIndex=16 radioQuiet=1
[173805][I][MQTT] Upload RAM bucket staged bucket=372 records=1 lastEvent=25189 heapFree=19888 psramFree=7433708
[173825][I][MQTT] Upload stream fill done bucket=372 records=8 complete=0 ms=64
[173826][I][MQTT] Upload stream refilled bucket=373 records=8 remaining=1544 ms=65
[173936][I][MQTT] Upload stream buffer drained; refilling remaining=1536 complete=0
[173937][I][MQTT] Upload stream fill begin bucket=373 max=8 requested=64 internalFree=30688 indexWindow=0 indexed=4508 truncated=0 sessions=52 sessionIndex=16 radioQuiet=1
[173981][I][MQTT] Upload RAM bucket staged bucket=373 records=1 lastEvent=25197 heapFree=20244 psramFree=7433716
[174001][I][MQTT] Upload stream fill done bucket=373 records=8 complete=0 ms=64
[174002][I][MQTT] Upload stream refilled bucket=374 records=8 remaining=1536 ms=66
[174108][I][MQTT] Upload stream buffer drained; refilling remaining=1528 complete=0
[174110][I][MQTT] Upload stream fill begin bucket=374 max=8 requested=64 internalFree=30688 indexWindow=0 indexed=4508 truncated=0 sessions=52 sessionIndex=16 radioQuiet=1
[174153][I][MQTT] Upload RAM bucket staged bucket=374 records=1 lastEvent=25205 heapFree=20024 psramFree=7433732
[174173][I][MQTT] Upload stream fill done bucket=374 records=8 complete=0 ms=64
[174174][I][MQTT] Upload stream refilled bucket=375 records=8 remaining=1528 ms=65
[174287][I][MQTT] Upload stream buffer drained; refilling remaining=1520 complete=0
[174288][I][MQTT] Upload stream fill begin bucket=375 max=8 requested=64 internalFree=30688 indexWindow=0 indexed=4508 truncated=0 sessions=52 sessionIndex=16 radioQuiet=1
[174332][I][MQTT] Upload RAM bucket staged bucket=375 records=1 lastEvent=25213 heapFree=20248 psramFree=7433716
[174353][I][MQTT] Upload stream fill done bucket=375 records=8 complete=0 ms=65
[174354][I][MQTT] Upload stream refilled bucket=376 records=8 remaining=1520 ms=65
[174461][I][MQTT] Upload stream buffer drained; refilling remaining=1512 complete=0
[174462][I][MQTT] Upload stream fill begin bucket=376 max=8 requested=64 internalFree=30688 indexWindow=0 indexed=4508 truncated=0 sessions=52 sessionIndex=16 radioQuiet=1
[174505][I][MQTT] Upload RAM bucket staged bucket=376 records=1 lastEvent=25221 heapFree=20288 psramFree=7433716
[174526][I][MQTT] Upload stream fill done bucket=376 records=8 complete=0 ms=64
[174527][I][MQTT] Upload stream refilled bucket=377 records=8 remaining=1512 ms=65
[174590][I][MQTT] Upload checkpoint deferred until radio quiet pub=3000
[174640][I][MQTT] Upload stream buffer drained; refilling remaining=1504 complete=0
[174641][I][MQTT] Upload stream fill begin bucket=377 max=8 requested=64 internalFree=30688 indexWindow=0 indexed=4508 truncated=0 sessions=52 sessionIndex=16 radioQuiet=1
[174684][I][MQTT] Upload RAM bucket staged bucket=377 records=1 lastEvent=25229 heapFree=20312 psramFree=7433716
[174705][I][MQTT] Upload stream fill done bucket=377 records=8 complete=0 ms=64
[174706][I][MQTT] Upload stream refilled bucket=378 records=8 remaining=1504 ms=65
[174765][I][MQTT] Dump progress pub=3008 fail=0 session=16/52 since=25236 leaseMaxEvents=4508
[174815][I][MQTT] Upload stream buffer drained; refilling remaining=1496 complete=0
[174816][I][MQTT] Upload stream fill begin bucket=378 max=8 requested=64 internalFree=30688 indexWindow=0 indexed=4508 truncated=0 sessions=52 sessionIndex=16 radioQuiet=1
[174860][I][MQTT] Upload RAM bucket staged bucket=378 records=1 lastEvent=25237 heapFree=20260 psramFree=7433716
[174880][I][MQTT] Upload stream fill done bucket=378 records=8 complete=0 ms=64
[174881][I][MQTT] Upload stream refilled bucket=379 records=8 remaining=1496 ms=64
[174990][I][MQTT] Upload stream buffer drained; refilling remaining=1488 complete=0
[174991][I][MQTT] Upload stream fill begin bucket=379 max=8 requested=64 internalFree=30688 indexWindow=0 indexed=4508 truncated=0 sessions=52 sessionIndex=16 radioQuiet=1
[175035][I][MQTT] Upload RAM bucket staged bucket=379 records=1 lastEvent=25245 heapFree=20132 psramFree=7433716
[175056][I][MQTT] Upload stream fill done bucket=379 records=8 complete=0 ms=65
[175057][I][MQTT] Upload stream refilled bucket=380 records=8 remaining=1488 ms=65
[175166][I][MQTT] Upload stream buffer drained; refilling remaining=1480 complete=0
[175167][I][MQTT] Upload stream fill begin bucket=380 max=8 requested=64 internalFree=30688 indexWindow=0 indexed=4508 truncated=0 sessions=52 sessionIndex=16 radioQuiet=1
[175211][I][MQTT] Upload RAM bucket staged bucket=380 records=1 lastEvent=25253 heapFree=20200 psramFree=7433716
[175231][I][MQTT] Upload stream fill done bucket=380 records=8 complete=0 ms=64
[175232][I][MQTT] Upload stream refilled bucket=381 records=8 remaining=1480 ms=64
[175342][I][MQTT] Upload stream buffer drained; refilling remaining=1472 complete=0
[175344][I][MQTT] Upload stream fill begin bucket=381 max=8 requested=64 internalFree=30688 indexWindow=0 indexed=4508 truncated=0 sessions=52 sessionIndex=16 radioQuiet=1
[175388][I][MQTT] Upload RAM bucket staged bucket=381 records=1 lastEvent=25261 heapFree=20232 psramFree=7433716
[175408][I][MQTT] Upload stream fill done bucket=381 records=8 complete=0 ms=64
[175409][I][MQTT] Upload stream refilled bucket=382 records=8 remaining=1472 ms=65
[175516][I][MQTT] Upload stream buffer drained; refilling remaining=1464 complete=0
[175517][I][MQTT] Upload stream fill begin bucket=382 max=8 requested=64 internalFree=30688 indexWindow=0 indexed=4508 truncated=0 sessions=52 sessionIndex=16 radioQuiet=1
[175562][I][MQTT] Upload RAM bucket staged bucket=382 records=1 lastEvent=25269 heapFree=20312 psramFree=7433716
[175582][I][MQTT] Upload stream fill done bucket=382 records=8 complete=0 ms=65
[175583][I][MQTT] Upload stream refilled bucket=383 records=8 remaining=1464 ms=65
[175693][I][MQTT] Upload stream buffer drained; refilling remaining=1456 complete=0
[175694][I][MQTT] Upload stream fill begin bucket=383 max=8 requested=64 internalFree=30688 indexWindow=0 indexed=4508 truncated=0 sessions=52 sessionIndex=16 radioQuiet=1
[175737][I][MQTT] Upload RAM bucket staged bucket=383 records=1 lastEvent=25277 heapFree=20072 psramFree=7433716
[175758][I][MQTT] Upload stream fill done bucket=383 records=8 complete=0 ms=64
[175759][I][MQTT] Upload stream refilled bucket=384 records=8 remaining=1456 ms=64
[175866][I][MQTT] Upload stream buffer drained; refilling remaining=1448 complete=0
[177287][I][MQTT] Upload stream fill begin bucket=384 max=8 requested=64 internalFree=30688 indexWindow=0 indexed=4508 truncated=0 sessions=52 sessionIndex=16 radioQuiet=1
[177332][I][MQTT] Upload RAM bucket staged bucket=384 records=1 lastEvent=25285 heapFree=20228 psramFree=7433716
[177353][I][MQTT] Upload stream fill done bucket=384 records=8 complete=0 ms=66
[177354][I][MQTT] Upload stream refilled bucket=385 records=8 remaining=1448 ms=66
[177364][W][CORE] TaskHardware loop gap=1595ms owner=WIFI_UPLOAD pendingUpload=1448 maintPending=1 suppressed=2
[177468][I][MQTT] Upload stream buffer drained; refilling remaining=1440 complete=0
[177469][I][MQTT] Upload stream fill begin bucket=385 max=8 requested=64 internalFree=30688 indexWindow=0 indexed=4508 truncated=0 sessions=52 sessionIndex=16 radioQuiet=1
[177513][I][MQTT] Upload RAM bucket staged bucket=385 records=1 lastEvent=25293 heapFree=20180 psramFree=7433732
[177533][I][MQTT] Upload stream fill done bucket=385 records=8 complete=0 ms=64
[177534][I][MQTT] Upload stream refilled bucket=386 records=8 remaining=1440 ms=65
[177593][I][MQTT] Dump progress pub=3072 fail=0 session=16/52 since=25300 leaseMaxEvents=4508
[177643][I][MQTT] Upload stream buffer drained; refilling remaining=1432 complete=0
[177644][I][MQTT] Upload stream fill begin bucket=386 max=8 requested=64 internalFree=30688 indexWindow=0 indexed=4508 truncated=0 sessions=52 sessionIndex=16 radioQuiet=1
[177688][I][MQTT] Upload RAM bucket staged bucket=386 records=1 lastEvent=25301 heapFree=20244 psramFree=7433716
[177708][I][MQTT] Upload stream fill done bucket=386 records=8 complete=0 ms=64
[177709][I][MQTT] Upload stream refilled bucket=387 records=8 remaining=1432 ms=65
[177817][I][STORAGE] Segment lifecycle seg=245 partially_uploaded->fully_uploaded trust=trusted pending=0
[177817][I][MQTT] Upload stream buffer drained; refilling remaining=1424 complete=0
[177818][I][MQTT] Upload stream fill begin bucket=387 max=8 requested=64 internalFree=30688 indexWindow=0 indexed=4508 truncated=0 sessions=52 sessionIndex=16 radioQuiet=1
[177861][I][MQTT] Upload RAM bucket staged bucket=387 records=1 lastEvent=25309 heapFree=20268 psramFree=7433732
[177880][I][MQTT] Upload stream fill done bucket=387 records=8 complete=0 ms=62
[177881][I][MQTT] Upload stream refilled bucket=388 records=8 remaining=1424 ms=62
[177903][I][STORAGE] Segment lifecycle seg=246 indexed->partially_uploaded trust=trusted pending=100
[177991][I][MQTT] Upload stream buffer drained; refilling remaining=1416 complete=0
[177992][I][MQTT] Upload stream fill begin bucket=388 max=8 requested=64 internalFree=30688 indexWindow=0 indexed=4508 truncated=0 sessions=52 sessionIndex=16 radioQuiet=1
[178035][I][MQTT] Upload RAM bucket staged bucket=388 records=1 lastEvent=25317 heapFree=20036 psramFree=7433732
[178056][I][MQTT] Upload stream fill done bucket=388 records=8 complete=0 ms=64
[178057][I][MQTT] Upload stream refilled bucket=389 records=8 remaining=1416 ms=64
[178165][I][MQTT] Upload stream buffer drained; refilling remaining=1408 complete=0
[178166][I][MQTT] Upload stream fill begin bucket=389 max=8 requested=64 internalFree=30688 indexWindow=0 indexed=4508 truncated=0 sessions=52 sessionIndex=16 radioQuiet=1
[178211][I][MQTT] Upload RAM bucket staged bucket=389 records=1 lastEvent=25325 heapFree=20032 psramFree=7433716
[178231][I][MQTT] Upload stream fill done bucket=389 records=8 complete=0 ms=65
[178232][I][MQTT] Upload stream refilled bucket=390 records=8 remaining=1408 ms=65
[178344][I][MQTT] Upload stream buffer drained; refilling remaining=1400 complete=0
[178345][I][MQTT] Upload stream fill begin bucket=390 max=8 requested=64 internalFree=30688 indexWindow=0 indexed=4508 truncated=0 sessions=52 sessionIndex=16 radioQuiet=1
[178389][I][MQTT] Upload RAM bucket staged bucket=390 records=1 lastEvent=25333 heapFree=20244 psramFree=7433716
[178410][I][MQTT] Upload stream fill done bucket=390 records=8 complete=0 ms=65
[178411][I][MQTT] Upload stream refilled bucket=391 records=8 remaining=1400 ms=65
[178520][I][MQTT] Upload stream buffer drained; refilling remaining=1392 complete=0
[178522][I][MQTT] Upload stream fill begin bucket=391 max=8 requested=64 internalFree=26900 indexWindow=0 indexed=4508 truncated=0 sessions=52 sessionIndex=16 radioQuiet=1
[178567][I][MQTT] Upload RAM bucket staged bucket=391 records=1 lastEvent=25341 heapFree=20176 psramFree=7433716
[178588][I][MQTT] Upload stream fill done bucket=391 records=8 complete=0 ms=67
[178589][I][MQTT] Upload stream refilled bucket=392 records=8 remaining=1392 ms=68
[178698][I][MQTT] Upload stream buffer drained; refilling remaining=1384 complete=0
[178699][I][MQTT] Upload stream fill begin bucket=392 max=8 requested=64 internalFree=30688 indexWindow=0 indexed=4508 truncated=0 sessions=52 sessionIndex=16 radioQuiet=1
[178743][I][MQTT] Upload RAM bucket staged bucket=392 records=1 lastEvent=25349 heapFree=20212 psramFree=7433716
[178763][I][MQTT] Upload stream fill done bucket=392 records=8 complete=0 ms=64
[178764][I][MQTT] Upload stream refilled bucket=393 records=8 remaining=1384 ms=65
[178873][I][MQTT] Upload stream buffer drained; refilling remaining=1376 complete=0
[178875][I][MQTT] Upload stream fill begin bucket=393 max=8 requested=64 internalFree=30688 indexWindow=0 indexed=4508 truncated=0 sessions=52 sessionIndex=16 radioQuiet=1
[178918][I][MQTT] Upload RAM bucket staged bucket=393 records=1 lastEvent=25357 heapFree=20136 psramFree=7433732
[178939][I][MQTT] Upload stream fill done bucket=393 records=8 complete=0 ms=65
[178940][I][MQTT] Upload stream refilled bucket=394 records=8 remaining=1376 ms=65
[179000][I][MQTT] Dump progress pub=3136 fail=0 session=16/52 since=25364 leaseMaxEvents=4508
[179049][I][MQTT] Upload stream buffer drained; refilling remaining=1368 complete=0
[179050][I][MQTT] Upload stream fill begin bucket=394 max=8 requested=64 internalFree=30688 indexWindow=0 indexed=4508 truncated=0 sessions=52 sessionIndex=16 radioQuiet=1
[179094][I][MQTT] Upload RAM bucket staged bucket=394 records=1 lastEvent=25365 heapFree=20116 psramFree=7433716
[179114][I][MQTT] Upload stream fill done bucket=394 records=8 complete=0 ms=64
[179115][I][MQTT] Upload stream refilled bucket=395 records=8 remaining=1368 ms=64
[179223][I][MQTT] Upload stream buffer drained; refilling remaining=1360 complete=0
[179224][I][MQTT] Upload stream fill begin bucket=395 max=8 requested=64 internalFree=30688 indexWindow=0 indexed=4508 truncated=0 sessions=52 sessionIndex=16 radioQuiet=1
[179268][I][MQTT] Upload RAM bucket staged bucket=395 records=1 lastEvent=25373 heapFree=20188 psramFree=7433716
[179288][I][MQTT] Upload stream fill done bucket=395 records=8 complete=0 ms=64
[179289][I][MQTT] Upload stream refilled bucket=396 records=8 remaining=1360 ms=66
[179290][I][STACK] TaskHardware watermark=10824B min=10824B
[179293][I][HEAP] heap free=7281KB min=7216KB largest=7168KB frag=1% internalFree=25KB internalLargest=16KB psramFree=7257KB core=79/15% owner=WIFI_UPLOAD nets=0 pendingUpload=1360 pendingEnrich=71
[HEALTH] time=2026-08-07 15:09:19 src=ntp
[HEALTH] heap used=1142/8424KB free=7281KB min=7216KB largest=7168KB frag=1%
[HEALTH] internal used=207/232KB free=25KB min=0KB largest=16KB
[HEALTH] psram used=935/8192KB free=7257KB largest=7168KB
[HEALTH] stack free_min: core0=11KB/22KB core1=14KB/18KB
[HEALTH] core usage: core0=79% core1=15%
[HEALTH] power=usb state=usb batt=100% 4695mV trend=2mV/min runtime=0min cap=1100mAh charging=0
[HEALTH] radio=WIFI_UPLOAD wifi=0 ble=0 gps=0 nets=0 pendingUpload=1360 pendingEnrich=71
[HEALTH] subghz=NONE mode=OFF pkts=0 nodes=0
[179295][I][STORAGE] RAMSpool enq=0 cons=0 inflight=0/1024 high=0 pressure=0 drop[full=0 big=0 noise=0 p3Evict=0 p3Drop=0 p2Drop=0 p1Fail=0] free=1024
[179296][I][STORAGE] RAMSpool enqueue probe[ok=0 drop=0] device[ok=0 drop=0]
[179296][I][STORAGE] RAMSpool worker probe[ok=0 sup=0 drop=0 fail=0 slow=0] device[ok=0 sup=0 drop=0 fail=0 slow=0] slowTotal=0 maxMs=0
[179296][I][STORAGE] RAMSpool prioEnq p0=0 p1=0 p2=0 p3=0
[179296][I][STORAGE] RAMSpool lanes p1=0/0 p2=0/0 p3=0/0
[179405][I][MQTT] Upload stream buffer drained; refilling remaining=1352 complete=0
[179406][I][MQTT] Upload stream fill begin bucket=396 max=8 requested=64 internalFree=30688 indexWindow=0 indexed=4508 truncated=0 sessions=52 sessionIndex=16 radioQuiet=1
[179451][I][MQTT] Upload RAM bucket staged bucket=396 records=1 lastEvent=25381 heapFree=20260 psramFree=7433716
[179471][I][MQTT] Upload stream fill done bucket=396 records=8 complete=0 ms=65
[179472][I][MQTT] Upload stream refilled bucket=397 records=8 remaining=1352 ms=65
[179584][I][MQTT] Upload stream buffer drained; refilling remaining=1344 complete=0
[179585][I][MQTT] Upload stream fill begin bucket=397 max=8 requested=64 internalFree=30688 indexWindow=0 indexed=4508 truncated=0 sessions=52 sessionIndex=16 radioQuiet=1
[179628][I][MQTT] Upload RAM bucket staged bucket=397 records=1 lastEvent=25389 heapFree=20188 psramFree=7433716
[179649][I][MQTT] Upload stream fill done bucket=397 records=8 complete=0 ms=64
[179650][I][MQTT] Upload stream refilled bucket=398 records=8 remaining=1344 ms=65
[179757][I][MQTT] Upload stream buffer drained; refilling remaining=1336 complete=0
[179758][I][MQTT] Upload stream fill begin bucket=398 max=8 requested=64 internalFree=30688 indexWindow=0 indexed=4508 truncated=0 sessions=52 sessionIndex=16 radioQuiet=1
[179803][I][MQTT] Upload RAM bucket staged bucket=398 records=1 lastEvent=25397 heapFree=20216 psramFree=7433716
[179823][I][MQTT] Upload stream fill done bucket=398 records=8 complete=0 ms=65
[179824][I][MQTT] Upload stream refilled bucket=399 records=8 remaining=1336 ms=66
[179935][I][MQTT] Upload stream buffer drained; refilling remaining=1328 complete=0
[179936][I][MQTT] Upload stream fill begin bucket=399 max=8 requested=64 internalFree=30732 indexWindow=0 indexed=4508 truncated=0 sessions=52 sessionIndex=16 radioQuiet=1
[179979][I][MQTT] Upload RAM bucket staged bucket=399 records=1 lastEvent=25405 heapFree=20108 psramFree=7433732
[179989][I][MQTT] Upload RAM bucket session exhausted bucket=399 session=33e864-5374-b52ad900 since=25409 idx=16/52
[179990][I][MQTT] Upload bucket session start idx=17 sess=33e864-5426-6e2f021d bucket=5
[180032][I][MQTT] Upload stream fill done bucket=399 records=8 complete=0 ms=96
[180033][I][MQTT] Upload stream refilled bucket=400 records=8 remaining=1328 ms=97
[180106][I][STORAGE] Segment lifecycle seg=246 partially_uploaded->fully_uploaded trust=trusted pending=0
[180119][I][STORAGE] Segment lifecycle seg=247 indexed->partially_uploaded trust=trusted pending=8
[180145][I][MQTT] Upload stream buffer drained; refilling remaining=1320 complete=0
[180146][I][MQTT] Upload stream fill begin bucket=400 max=8 requested=64 internalFree=30676 indexWindow=0 indexed=4508 truncated=0 sessions=52 sessionIndex=17 radioQuiet=1
[180189][I][MQTT] Upload RAM bucket staged bucket=400 records=1 lastEvent=24876 heapFree=20320 psramFree=7433716
[180202][I][MQTT] Upload RAM bucket session exhausted bucket=400 session=33e864-5426-6e2f021d since=24881 idx=17/52
[180203][I][MQTT] Upload bucket session start idx=18 sess=33e864-5422-18c5f22d bucket=6
[180242][I][MQTT] Upload stream fill done bucket=400 records=8 complete=0 ms=96
[180243][I][MQTT] Upload stream refilled bucket=401 records=8 remaining=1320 ms=97
[180325][I][STORAGE] Segment lifecycle seg=247 partially_uploaded->fully_uploaded trust=trusted pending=0
[180338][I][STORAGE] Segment lifecycle seg=253 indexed->partially_uploaded trust=trusted pending=190
[180350][I][MQTT] Upload stream buffer drained; refilling remaining=1312 complete=0
[180351][I][MQTT] Upload stream fill begin bucket=401 max=8 requested=64 internalFree=30636 indexWindow=0 indexed=4508 truncated=0 sessions=52 sessionIndex=18 radioQuiet=1
[180394][I][MQTT] Upload RAM bucket staged bucket=401 records=1 lastEvent=24875 heapFree=20128 psramFree=7433716
[180414][I][MQTT] Upload stream fill done bucket=401 records=8 complete=0 ms=63
[180415][I][MQTT] Upload stream refilled bucket=402 records=8 remaining=1312 ms=63
[180475][I][MQTT] Dump progress pub=3200 fail=0 session=18/52 since=24882 leaseMaxEvents=4508
[180524][I][MQTT] Upload stream buffer drained; refilling remaining=1304 complete=0
[180526][I][MQTT] Upload stream fill begin bucket=402 max=8 requested=64 internalFree=30636 indexWindow=0 indexed=4508 truncated=0 sessions=52 sessionIndex=18 radioQuiet=1
[180570][I][MQTT] Upload RAM bucket staged bucket=402 records=1 lastEvent=24883 heapFree=19992 psramFree=7433692
[180590][I][MQTT] Upload stream fill done bucket=402 records=8 complete=0 ms=65
[180591][I][MQTT] Upload stream refilled bucket=403 records=8 remaining=1304 ms=65
[180702][I][MQTT] Upload stream buffer drained; refilling remaining=1296 complete=0
[180703][I][MQTT] Upload stream fill begin bucket=403 max=8 requested=64 internalFree=30628 indexWindow=0 indexed=4508 truncated=0 sessions=52 sessionIndex=18 radioQuiet=1
[180747][I][MQTT] Upload RAM bucket staged bucket=403 records=1 lastEvent=24891 heapFree=20272 psramFree=7433716
[180767][I][MQTT] Upload stream fill done bucket=403 records=8 complete=0 ms=64
[180768][I][MQTT] Upload stream refilled bucket=404 records=8 remaining=1296 ms=64
[180876][I][MQTT] Upload stream buffer drained; refilling remaining=1288 complete=0
[180878][I][MQTT] Upload stream fill begin bucket=404 max=8 requested=64 internalFree=30628 indexWindow=0 indexed=4508 truncated=0 sessions=52 sessionIndex=18 radioQuiet=1
[180922][I][MQTT] Upload RAM bucket staged bucket=404 records=1 lastEvent=24899 heapFree=20028 psramFree=7433716
[180942][I][MQTT] Upload stream fill done bucket=404 records=8 complete=0 ms=65
[180943][I][MQTT] Upload stream refilled bucket=405 records=8 remaining=1288 ms=65
[181052][I][MQTT] Upload stream buffer drained; refilling remaining=1280 complete=0
[181053][I][MQTT] Upload stream fill begin bucket=405 max=8 requested=64 internalFree=30628 indexWindow=0 indexed=4508 truncated=0 sessions=52 sessionIndex=18 radioQuiet=1
[181098][I][MQTT] Upload RAM bucket staged bucket=405 records=1 lastEvent=24907 heapFree=20040 psramFree=7433716
[181118][I][MQTT] Upload stream fill done bucket=405 records=8 complete=0 ms=65
[181119][I][MQTT] Upload stream refilled bucket=406 records=8 remaining=1280 ms=65
[181225][I][MQTT] Upload stream buffer drained; refilling remaining=1272 complete=0
[181226][I][MQTT] Upload stream fill begin bucket=406 max=8 requested=64 internalFree=30624 indexWindow=0 indexed=4508 truncated=0 sessions=52 sessionIndex=18 radioQuiet=1
[181270][I][MQTT] Upload RAM bucket staged bucket=406 records=1 lastEvent=24915 heapFree=20096 psramFree=7433716
[181292][I][MQTT] Upload stream fill done bucket=406 records=8 complete=0 ms=66
[181293][I][MQTT] Upload stream refilled bucket=407 records=8 remaining=1272 ms=68
[181404][I][MQTT] Upload stream buffer drained; refilling remaining=1264 complete=0
[181405][I][MQTT] Upload stream fill begin bucket=407 max=8 requested=64 internalFree=30624 indexWindow=0 indexed=4508 truncated=0 sessions=52 sessionIndex=18 radioQuiet=1
[181448][I][MQTT] Upload RAM bucket staged bucket=407 records=1 lastEvent=24923 heapFree=20228 psramFree=7433732
[181469][I][MQTT] Upload stream fill done bucket=407 records=8 complete=0 ms=64
[181470][I][MQTT] Upload stream refilled bucket=408 records=8 remaining=1264 ms=65
[181555][I][MQTT] Upload checkpoint deferred until radio quiet pub=3250
[181580][I][MQTT] Upload stream buffer drained; refilling remaining=1256 complete=0
[181581][I][MQTT] Upload stream fill begin bucket=408 max=8 requested=64 internalFree=30624 indexWindow=0 indexed=4508 truncated=0 sessions=52 sessionIndex=18 radioQuiet=1
[181625][I][MQTT] Upload RAM bucket staged bucket=408 records=1 lastEvent=24931 heapFree=19980 psramFree=7433700
[181645][I][MQTT] Upload stream fill done bucket=408 records=8 complete=0 ms=64
[181646][I][MQTT] Upload stream refilled bucket=409 records=8 remaining=1256 ms=65
[181758][I][MQTT] Upload stream buffer drained; refilling remaining=1248 complete=0
[181759][I][MQTT] Upload stream fill begin bucket=409 max=8 requested=64 internalFree=30624 indexWindow=0 indexed=4508 truncated=0 sessions=52 sessionIndex=18 radioQuiet=1
[181805][I][MQTT] Upload RAM bucket staged bucket=409 records=1 lastEvent=24939 heapFree=20048 psramFree=7433732
[181826][I][MQTT] Upload stream fill done bucket=409 records=8 complete=0 ms=67
[181827][I][MQTT] Upload stream refilled bucket=410 records=8 remaining=1248 ms=67
[181886][I][MQTT] Dump progress pub=3264 fail=0 session=18/52 since=24946 leaseMaxEvents=4508
[181932][I][MQTT] Upload stream buffer drained; refilling remaining=1240 complete=0
[181933][I][MQTT] Upload stream fill begin bucket=410 max=8 requested=64 internalFree=17960 indexWindow=0 indexed=4508 truncated=0 sessions=52 sessionIndex=18 radioQuiet=1
[181982][I][MQTT] Upload RAM bucket staged bucket=410 records=1 lastEvent=24947 heapFree=19976 psramFree=7433708
[182003][I][MQTT] Upload stream fill done bucket=410 records=8 complete=0 ms=70
[182004][I][MQTT] Upload stream refilled bucket=411 records=8 remaining=1240 ms=71
[182115][I][MQTT] Upload stream buffer drained; refilling remaining=1232 complete=0
[182116][I][MQTT] Upload stream fill begin bucket=411 max=8 requested=64 internalFree=30624 indexWindow=0 indexed=4508 truncated=0 sessions=52 sessionIndex=18 radioQuiet=1
[182160][I][MQTT] Upload RAM bucket staged bucket=411 records=1 lastEvent=24955 heapFree=20080 psramFree=7433732
[182180][I][MQTT] Upload stream fill done bucket=411 records=8 complete=0 ms=64
[182181][I][MQTT] Upload stream refilled bucket=412 records=8 remaining=1232 ms=64
[182291][I][MQTT] Upload stream buffer drained; refilling remaining=1224 complete=0
[182292][I][MQTT] Upload stream fill begin bucket=412 max=8 requested=64 internalFree=30624 indexWindow=0 indexed=4508 truncated=0 sessions=52 sessionIndex=18 radioQuiet=1
[182337][I][MQTT] Upload RAM bucket staged bucket=412 records=1 lastEvent=24963 heapFree=20264 psramFree=7433716
[182358][I][MQTT] Upload stream fill done bucket=412 records=8 complete=0 ms=66
[182359][I][MQTT] Upload stream refilled bucket=413 records=8 remaining=1224 ms=66
[182469][I][MQTT] Upload stream buffer drained; refilling remaining=1216 complete=0
[182470][I][MQTT] Upload stream fill begin bucket=413 max=8 requested=64 internalFree=30624 indexWindow=0 indexed=4508 truncated=0 sessions=52 sessionIndex=18 radioQuiet=1
[182514][I][MQTT] Upload RAM bucket staged bucket=413 records=1 lastEvent=24971 heapFree=20048 psramFree=7433716
[182534][I][MQTT] Upload stream fill done bucket=413 records=8 complete=0 ms=64
[182535][I][MQTT] Upload stream refilled bucket=414 records=8 remaining=1216 ms=64
[182644][I][MQTT] Upload stream buffer drained; refilling remaining=1208 complete=0
[182645][I][MQTT] Upload stream fill begin bucket=414 max=8 requested=64 internalFree=30624 indexWindow=0 indexed=4508 truncated=0 sessions=52 sessionIndex=18 radioQuiet=1
[182689][I][MQTT] Upload RAM bucket staged bucket=414 records=1 lastEvent=24979 heapFree=19996 psramFree=7433708
[182710][I][MQTT] Upload stream fill done bucket=414 records=8 complete=0 ms=65
[182711][I][MQTT] Upload stream refilled bucket=415 records=8 remaining=1208 ms=66
[182822][I][MQTT] Upload stream buffer drained; refilling remaining=1200 complete=0
[182823][I][MQTT] Upload stream fill begin bucket=415 max=8 requested=64 internalFree=30632 indexWindow=0 indexed=4508 truncated=0 sessions=52 sessionIndex=18 radioQuiet=1
[182866][I][MQTT] Upload RAM bucket staged bucket=415 records=1 lastEvent=24987 heapFree=20080 psramFree=7433716
[182886][I][MQTT] Upload stream fill done bucket=415 records=8 complete=0 ms=63
[182887][I][MQTT] Upload stream refilled bucket=416 records=8 remaining=1200 ms=64
[182995][I][MQTT] Upload stream buffer drained; refilling remaining=1192 complete=0
[184213][I][STORAGE] worker ui refresh serviced uiRefreshServiceCount=10 uiDeferred=1 uiFlush=2 pressure=0 usedPct=19 pending=1192
[185611][I][MQTT] Upload stream fill begin bucket=416 max=8 requested=64 internalFree=30636 indexWindow=0 indexed=4508 truncated=0 sessions=52 sessionIndex=18 radioQuiet=1
[185654][I][MQTT] Upload RAM bucket staged bucket=416 records=1 lastEvent=24995 heapFree=19988 psramFree=7433716
[185675][I][MQTT] Upload stream fill done bucket=416 records=8 complete=0 ms=64
[185676][I][MQTT] Upload stream refilled bucket=417 records=8 remaining=1192 ms=64
[185785][I][MQTT] Upload stream buffer drained; refilling remaining=1184 complete=0
[185786][I][MQTT] Upload stream fill begin bucket=417 max=8 requested=64 internalFree=30636 indexWindow=0 indexed=4508 truncated=0 sessions=52 sessionIndex=18 radioQuiet=1
[185828][I][MQTT] Upload RAM bucket staged bucket=417 records=1 lastEvent=25003 heapFree=20268 psramFree=7433716
[185848][I][MQTT] Upload stream fill done bucket=417 records=8 complete=0 ms=62
[185849][I][MQTT] Upload stream refilled bucket=418 records=8 remaining=1184 ms=62
[185908][I][MQTT] Dump progress pub=3328 fail=0 session=18/52 since=25010 leaseMaxEvents=4508
[185957][I][MQTT] Upload stream buffer drained; refilling remaining=1176 complete=0
[185958][I][MQTT] Upload stream fill begin bucket=418 max=8 requested=64 internalFree=30636 indexWindow=0 indexed=4508 truncated=0 sessions=52 sessionIndex=18 radioQuiet=1
[186000][I][MQTT] Upload RAM bucket staged bucket=418 records=1 lastEvent=25011 heapFree=19988 psramFree=7433716
[186021][I][MQTT] Upload stream fill done bucket=418 records=8 complete=0 ms=63
[186022][I][MQTT] Upload stream refilled bucket=419 records=8 remaining=1176 ms=64
[186130][I][MQTT] Upload stream buffer drained; refilling remaining=1168 complete=0
[186132][I][MQTT] Upload stream fill begin bucket=419 max=8 requested=64 internalFree=30636 indexWindow=0 indexed=4508 truncated=0 sessions=52 sessionIndex=18 radioQuiet=1
[186174][I][MQTT] Upload RAM bucket staged bucket=419 records=1 lastEvent=25019 heapFree=20116 psramFree=7433716
[186194][I][MQTT] Upload stream fill done bucket=419 records=8 complete=0 ms=63
[186195][I][MQTT] Upload stream refilled bucket=420 records=8 remaining=1168 ms=63
[186302][I][MQTT] Upload stream buffer drained; refilling remaining=1160 complete=0
[186304][I][MQTT] Upload stream fill begin bucket=420 max=8 requested=64 internalFree=30636 indexWindow=0 indexed=4508 truncated=0 sessions=52 sessionIndex=18 radioQuiet=1
[186346][I][MQTT] Upload RAM bucket staged bucket=420 records=1 lastEvent=25027 heapFree=20044 psramFree=7433716
[186366][I][MQTT] Upload stream fill done bucket=420 records=8 complete=0 ms=62
[186367][I][MQTT] Upload stream refilled bucket=421 records=8 remaining=1160 ms=63
[186475][I][MQTT] Upload stream buffer drained; refilling remaining=1152 complete=0
[186476][I][MQTT] Upload stream fill begin bucket=421 max=8 requested=64 internalFree=30636 indexWindow=0 indexed=4508 truncated=0 sessions=52 sessionIndex=18 radioQuiet=1
[186519][I][MQTT] Upload RAM bucket staged bucket=421 records=1 lastEvent=25035 heapFree=19968 psramFree=7433732
[186539][I][MQTT] Upload stream fill done bucket=421 records=8 complete=0 ms=64
[186540][I][MQTT] Upload stream refilled bucket=422 records=8 remaining=1152 ms=65
[186648][I][MQTT] Upload stream buffer drained; refilling remaining=1144 complete=0
[186649][I][MQTT] Upload stream fill begin bucket=422 max=8 requested=64 internalFree=30636 indexWindow=0 indexed=4508 truncated=0 sessions=52 sessionIndex=18 radioQuiet=1
[186691][I][MQTT] Upload RAM bucket staged bucket=422 records=1 lastEvent=25043 heapFree=20080 psramFree=7433732
[186711][I][MQTT] Upload stream fill done bucket=422 records=8 complete=0 ms=62
[186712][I][MQTT] Upload stream refilled bucket=423 records=8 remaining=1144 ms=62
[186822][I][MQTT] Upload stream buffer drained; refilling remaining=1136 complete=0
[186824][I][MQTT] Upload stream fill begin bucket=423 max=8 requested=64 internalFree=30636 indexWindow=0 indexed=4508 truncated=0 sessions=52 sessionIndex=18 radioQuiet=1
[186866][I][MQTT] Upload RAM bucket staged bucket=423 records=1 lastEvent=25051 heapFree=20092 psramFree=7433732
[186887][I][MQTT] Upload stream fill done bucket=423 records=8 complete=0 ms=63
[186888][I][MQTT] Upload stream refilled bucket=424 records=8 remaining=1136 ms=63
[186998][I][MQTT] Upload stream buffer drained; refilling remaining=1128 complete=0
[186999][I][MQTT] Upload stream fill begin bucket=424 max=8 requested=64 internalFree=30636 indexWindow=0 indexed=4508 truncated=0 sessions=52 sessionIndex=18 radioQuiet=1
[187041][I][MQTT] Upload RAM bucket staged bucket=424 records=1 lastEvent=25059 heapFree=20124 psramFree=7433732
[187051][I][MQTT] Upload RAM bucket session exhausted bucket=424 session=33e864-5422-18c5f22d since=25063 idx=18/52
[187052][I][MQTT] Upload bucket session start idx=19 sess=33e864-5580-99115ac0 bucket=5
[187092][I][MQTT] Upload stream fill done bucket=424 records=8 complete=0 ms=93
[187093][I][MQTT] Upload stream refilled bucket=425 records=8 remaining=1128 ms=93
[187168][I][STORAGE] Segment lifecycle seg=253 partially_uploaded->fully_uploaded trust=trusted pending=0
[187181][I][STORAGE] Segment lifecycle seg=255 indexed->partially_uploaded trust=trusted pending=2
[187208][I][STORAGE] Segment lifecycle seg=255 partially_uploaded->fully_uploaded trust=trusted pending=0
[187209][I][MQTT] Upload stream buffer drained; refilling remaining=1120 complete=0
[187209][I][MQTT] Upload stream fill begin bucket=425 max=8 requested=64 internalFree=30588 indexWindow=0 indexed=4508 truncated=0 sessions=52 sessionIndex=19 radioQuiet=1
[187210][I][MQTT] Upload RAM bucket session exhausted bucket=425 session=33e864-5580-99115ac0 since=24875 idx=19/52
[187211][I][MQTT] Upload bucket session start idx=20 sess=33e864-5475-b22d6518 bucket=0
[187253][I][MQTT] Upload RAM bucket staged bucket=425 records=1 lastEvent=24873 heapFree=20140 psramFree=7433716
[187272][I][MQTT] Upload stream fill done bucket=425 records=8 complete=0 ms=63
[187273][I][MQTT] Upload stream refilled bucket=426 records=8 remaining=1120 ms=63
[187296][I][STORAGE] Segment lifecycle seg=256 indexed->partially_uploaded trust=trusted pending=434
[187334][I][MQTT] Dump progress pub=3392 fail=0 session=20/52 since=24880 leaseMaxEvents=4508
[187384][I][MQTT] Upload stream buffer drained; refilling remaining=1112 complete=0
[187385][I][MQTT] Upload stream fill begin bucket=426 max=8 requested=64 internalFree=30540 indexWindow=0 indexed=4508 truncated=0 sessions=52 sessionIndex=20 radioQuiet=1
[187426][I][MQTT] Upload RAM bucket staged bucket=426 records=1 lastEvent=24881 heapFree=19980 psramFree=7433732
[187446][I][MQTT] Upload stream fill done bucket=426 records=8 complete=0 ms=61
[187447][I][MQTT] Upload stream refilled bucket=427 records=8 remaining=1112 ms=61
[187557][I][MQTT] Upload stream buffer drained; refilling remaining=1104 complete=0
[187558][I][MQTT] Upload stream fill begin bucket=427 max=8 requested=64 internalFree=30540 indexWindow=0 indexed=4508 truncated=0 sessions=52 sessionIndex=20 radioQuiet=1
[187601][I][MQTT] Upload RAM bucket staged bucket=427 records=1 lastEvent=24889 heapFree=20136 psramFree=7433700
[187621][I][MQTT] Upload stream fill done bucket=427 records=8 complete=0 ms=63
[187622][I][MQTT] Upload stream refilled bucket=428 records=8 remaining=1104 ms=63
[187730][I][MQTT] Upload stream buffer drained; refilling remaining=1096 complete=0
[187731][I][MQTT] Upload stream fill begin bucket=428 max=8 requested=64 internalFree=30800 indexWindow=0 indexed=4508 truncated=0 sessions=52 sessionIndex=20 radioQuiet=1
[187773][I][MQTT] Upload RAM bucket staged bucket=428 records=1 lastEvent=24897 heapFree=20328 psramFree=7433716
[187793][I][MQTT] Upload stream fill done bucket=428 records=8 complete=0 ms=62
[187794][I][MQTT] Upload stream refilled bucket=429 records=8 remaining=1096 ms=62
[187907][I][MQTT] Upload stream buffer drained; refilling remaining=1088 complete=0
[187908][I][MQTT] Upload stream fill begin bucket=429 max=8 requested=64 internalFree=30800 indexWindow=0 indexed=4508 truncated=0 sessions=52 sessionIndex=20 radioQuiet=1
[187950][I][MQTT] Upload RAM bucket staged bucket=429 records=1 lastEvent=24905 heapFree=20444 psramFree=7433716
[187971][I][MQTT] Upload stream fill done bucket=429 records=8 complete=0 ms=63
[187972][I][MQTT] Upload stream refilled bucket=430 records=8 remaining=1088 ms=63
[188083][I][MQTT] Upload stream buffer drained; refilling remaining=1080 complete=0
[188084][I][MQTT] Upload stream fill begin bucket=430 max=8 requested=64 internalFree=30800 indexWindow=0 indexed=4508 truncated=0 sessions=52 sessionIndex=20 radioQuiet=1
[188126][I][MQTT] Upload RAM bucket staged bucket=430 records=1 lastEvent=24913 heapFree=20356 psramFree=7433716
[188146][I][MQTT] Upload stream fill done bucket=430 records=8 complete=0 ms=62
[188147][I][MQTT] Upload stream refilled bucket=431 records=8 remaining=1080 ms=63
[188253][I][MQTT] Upload stream buffer drained; refilling remaining=1072 complete=0
[188255][I][MQTT] Upload stream fill begin bucket=431 max=8 requested=64 internalFree=30800 indexWindow=0 indexed=4508 truncated=0 sessions=52 sessionIndex=20 radioQuiet=1
[188297][I][MQTT] Upload RAM bucket staged bucket=431 records=1 lastEvent=24921 heapFree=19944 psramFree=7433700
[188319][I][MQTT] Upload stream fill done bucket=431 records=8 complete=0 ms=64
[188320][I][MQTT] Upload stream refilled bucket=432 records=8 remaining=1072 ms=65
[188428][I][MQTT] Upload stream buffer drained; refilling remaining=1064 complete=0
[188430][I][MQTT] Upload stream fill begin bucket=432 max=8 requested=64 internalFree=30800 indexWindow=0 indexed=4508 truncated=0 sessions=52 sessionIndex=20 radioQuiet=1
[188472][I][MQTT] Upload RAM bucket staged bucket=432 records=1 lastEvent=24929 heapFree=20260 psramFree=7433732
[188491][I][MQTT] Upload stream fill done bucket=432 records=8 complete=0 ms=62
[188492][I][MQTT] Upload stream refilled bucket=433 records=8 remaining=1064 ms=62
[188600][I][MQTT] Upload stream buffer drained; refilling remaining=1056 complete=0
[188602][I][MQTT] Upload stream fill begin bucket=433 max=8 requested=64 internalFree=30800 indexWindow=0 indexed=4508 truncated=0 sessions=52 sessionIndex=20 radioQuiet=1
[188644][I][MQTT] Upload RAM bucket staged bucket=433 records=1 lastEvent=24937 heapFree=20200 psramFree=7433732
[188665][I][MQTT] Upload stream fill done bucket=433 records=8 complete=0 ms=64
[188666][I][MQTT] Upload stream refilled bucket=434 records=8 remaining=1056 ms=64
[188726][I][MQTT] Dump progress pub=3456 fail=0 session=20/52 since=24944 leaseMaxEvents=4508
[188775][I][MQTT] Upload stream buffer drained; refilling remaining=1048 complete=0
[188776][I][MQTT] Upload stream fill begin bucket=434 max=8 requested=64 internalFree=30800 indexWindow=0 indexed=4508 truncated=0 sessions=52 sessionIndex=20 radioQuiet=1
[188819][I][MQTT] Upload RAM bucket staged bucket=434 records=1 lastEvent=24945 heapFree=20324 psramFree=7433732
[188839][I][MQTT] Upload stream fill done bucket=434 records=8 complete=0 ms=63
[188840][I][MQTT] Upload stream refilled bucket=435 records=8 remaining=1048 ms=63
[188951][I][MQTT] Upload stream buffer drained; refilling remaining=1040 complete=0
[188952][I][MQTT] Upload stream fill begin bucket=435 max=8 requested=64 internalFree=30800 indexWindow=0 indexed=4508 truncated=0 sessions=52 sessionIndex=20 radioQuiet=1
[188994][I][MQTT] Upload RAM bucket staged bucket=435 records=1 lastEvent=24953 heapFree=20272 psramFree=7433716
[189014][I][MQTT] Upload stream fill done bucket=435 records=8 complete=0 ms=62
[189015][I][MQTT] Upload stream refilled bucket=436 records=8 remaining=1040 ms=64
[189120][I][MQTT] Upload stream buffer drained; refilling remaining=1032 complete=0
[189122][I][MQTT] Upload stream fill begin bucket=436 max=8 requested=64 internalFree=30800 indexWindow=0 indexed=4508 truncated=0 sessions=52 sessionIndex=20 radioQuiet=1
[189164][I][MQTT] Upload RAM bucket staged bucket=436 records=1 lastEvent=24961 heapFree=20236 psramFree=7433716
[189186][I][MQTT] Upload stream fill done bucket=436 records=8 complete=0 ms=65
[189187][I][MQTT] Upload stream refilled bucket=437 records=8 remaining=1032 ms=65
[189294][I][MQTT] Upload stream buffer drained; refilling remaining=1024 complete=0
[189295][I][MQTT] Upload stream fill begin bucket=437 max=8 requested=64 internalFree=30800 indexWindow=0 indexed=4508 truncated=0 sessions=52 sessionIndex=20 radioQuiet=1
[189338][I][MQTT] Upload RAM bucket staged bucket=437 records=1 lastEvent=24969 heapFree=20072 psramFree=7433700
[189358][I][MQTT] Upload stream fill done bucket=437 records=8 complete=0 ms=63
[189359][I][MQTT] Upload stream refilled bucket=438 records=8 remaining=1024 ms=63
[189468][I][MQTT] Upload stream buffer drained; refilling remaining=1016 complete=0
[189469][I][MQTT] Upload stream fill begin bucket=438 max=8 requested=64 internalFree=30800 indexWindow=0 indexed=4508 truncated=0 sessions=52 sessionIndex=20 radioQuiet=1
[189511][I][MQTT] Upload RAM bucket staged bucket=438 records=1 lastEvent=24977 heapFree=20324 psramFree=7433716
[189532][I][MQTT] Upload stream fill done bucket=438 records=8 complete=0 ms=63
[189533][I][MQTT] Upload stream refilled bucket=439 records=8 remaining=1016 ms=64
[189640][I][MQTT] Upload checkpoint deferred until radio quiet pub=3500
[189640][I][MQTT] Upload stream buffer drained; refilling remaining=1008 complete=0
[189641][I][MQTT] Upload stream fill begin bucket=439 max=8 requested=64 internalFree=30800 indexWindow=0 indexed=4508 truncated=0 sessions=52 sessionIndex=20 radioQuiet=1
[189683][I][MQTT] Upload RAM bucket staged bucket=439 records=1 lastEvent=24985 heapFree=20284 psramFree=7433716
[189704][I][MQTT] Upload stream fill done bucket=439 records=8 complete=0 ms=63
[189705][I][MQTT] Upload stream refilled bucket=440 records=8 remaining=1008 ms=63
[189813][I][MQTT] Upload stream buffer drained; refilling remaining=1000 complete=0
[189814][I][MQTT] Upload stream fill begin bucket=440 max=8 requested=64 internalFree=30800 indexWindow=0 indexed=4508 truncated=0 sessions=52 sessionIndex=20 radioQuiet=1
[189856][I][MQTT] Upload RAM bucket staged bucket=440 records=1 lastEvent=24993 heapFree=20148 psramFree=7433708
[189876][I][MQTT] Upload stream fill done bucket=440 records=8 complete=0 ms=63
[189877][I][MQTT] Upload stream refilled bucket=441 records=8 remaining=1000 ms=64
[189987][I][MQTT] Upload stream buffer drained; refilling remaining=992 complete=0
[189988][I][MQTT] Upload stream fill begin bucket=441 max=8 requested=64 internalFree=30800 indexWindow=0 indexed=4508 truncated=0 sessions=52 sessionIndex=20 radioQuiet=1
[190031][I][MQTT] Upload RAM bucket staged bucket=441 records=1 lastEvent=25001 heapFree=20248 psramFree=7433716
[190051][I][MQTT] Upload stream fill done bucket=441 records=8 complete=0 ms=63
[190052][I][MQTT] Upload stream refilled bucket=442 records=8 remaining=992 ms=64
[190111][I][MQTT] Dump progress pub=3520 fail=0 session=20/52 since=25008 leaseMaxEvents=4508
[190161][I][MQTT] Upload stream buffer drained; refilling remaining=984 complete=0
[190163][I][MQTT] Upload stream fill begin bucket=442 max=8 requested=64 internalFree=30800 indexWindow=0 indexed=4508 truncated=0 sessions=52 sessionIndex=20 radioQuiet=1
[190205][I][MQTT] Upload RAM bucket staged bucket=442 records=1 lastEvent=25009 heapFree=20284 psramFree=7433716
[190225][I][MQTT] Upload stream fill done bucket=442 records=8 complete=0 ms=63
[190226][I][MQTT] Upload stream refilled bucket=443 records=8 remaining=984 ms=63
[190334][I][MQTT] Upload stream buffer drained; refilling remaining=976 complete=0
[190335][I][MQTT] Upload stream fill begin bucket=443 max=8 requested=64 internalFree=30800 indexWindow=0 indexed=4508 truncated=0 sessions=52 sessionIndex=20 radioQuiet=1
[190378][I][MQTT] Upload RAM bucket staged bucket=443 records=1 lastEvent=25017 heapFree=20336 psramFree=7433716
[190399][I][MQTT] Upload stream fill done bucket=443 records=8 complete=0 ms=64
[190400][I][MQTT] Upload stream refilled bucket=444 records=8 remaining=976 ms=65
[190508][I][MQTT] Upload stream buffer drained; refilling remaining=968 complete=0
[190509][I][MQTT] Upload stream fill begin bucket=444 max=8 requested=64 internalFree=30800 indexWindow=0 indexed=4508 truncated=0 sessions=52 sessionIndex=20 radioQuiet=1
[190551][I][MQTT] Upload RAM bucket staged bucket=444 records=1 lastEvent=25025 heapFree=20156 psramFree=7433732
[190571][I][MQTT] Upload stream fill done bucket=444 records=8 complete=0 ms=62
[190572][I][MQTT] Upload stream refilled bucket=445 records=8 remaining=968 ms=63
[190679][I][MQTT] Upload stream buffer drained; refilling remaining=960 complete=0
[190680][I][MQTT] Upload stream fill begin bucket=445 max=8 requested=64 internalFree=30800 indexWindow=0 indexed=4508 truncated=0 sessions=52 sessionIndex=20 radioQuiet=1
[190724][I][MQTT] Upload RAM bucket staged bucket=445 records=1 lastEvent=25033 heapFree=20356 psramFree=7433716
[190744][I][MQTT] Upload stream fill done bucket=445 records=8 complete=0 ms=64
[190745][I][MQTT] Upload stream refilled bucket=446 records=8 remaining=960 ms=64
[190852][I][MQTT] Upload stream buffer drained; refilling remaining=952 complete=0
[190853][I][MQTT] Upload stream fill begin bucket=446 max=8 requested=64 internalFree=30800 indexWindow=0 indexed=4508 truncated=0 sessions=52 sessionIndex=20 radioQuiet=1
[190895][I][MQTT] Upload RAM bucket staged bucket=446 records=1 lastEvent=25041 heapFree=19984 psramFree=7433708
[190915][I][MQTT] Upload stream fill done bucket=446 records=8 complete=0 ms=62
[190916][I][MQTT] Upload stream refilled bucket=447 records=8 remaining=952 ms=64
[191026][I][MQTT] Upload stream buffer drained; refilling remaining=944 complete=0
[191027][I][MQTT] Upload stream fill begin bucket=447 max=8 requested=64 internalFree=30800 indexWindow=0 indexed=4508 truncated=0 sessions=52 sessionIndex=20 radioQuiet=1
[191069][I][MQTT] Upload RAM bucket staged bucket=447 records=1 lastEvent=25049 heapFree=20344 psramFree=7433716
[191091][I][MQTT] Upload stream fill done bucket=447 records=8 complete=0 ms=64
[191092][I][MQTT] Upload stream refilled bucket=448 records=8 remaining=944 ms=65
[191200][I][MQTT] Upload stream buffer drained; refilling remaining=936 complete=0
[192424][I][STORAGE] worker ui refresh serviced uiRefreshServiceCount=11 uiDeferred=1 uiFlush=2 pressure=0 usedPct=19 pending=936
[193809][I][MQTT] Upload stream fill begin bucket=448 max=8 requested=64 internalFree=30800 indexWindow=0 indexed=4508 truncated=0 sessions=52 sessionIndex=20 radioQuiet=1
[193852][I][MQTT] Upload RAM bucket staged bucket=448 records=1 lastEvent=25057 heapFree=20260 psramFree=7433716
[193873][I][MQTT] Upload stream fill done bucket=448 records=8 complete=0 ms=65
[193874][I][MQTT] Upload stream refilled bucket=449 records=8 remaining=936 ms=65
[193884][W][CORE] TaskHardware loop gap=2782ms owner=WIFI_UPLOAD pendingUpload=936 maintPending=1 suppressed=1
[194084][I][MQTT] Upload stream buffer drained; refilling remaining=928 complete=0
[194085][I][MQTT] Upload stream fill begin bucket=449 max=8 requested=64 internalFree=30652 indexWindow=0 indexed=4508 truncated=0 sessions=52 sessionIndex=20 radioQuiet=1
[194129][I][MQTT] Upload RAM bucket staged bucket=449 records=1 lastEvent=25065 heapFree=19980 psramFree=7433700
[194150][I][MQTT] Upload stream fill done bucket=449 records=8 complete=0 ms=65
[194151][I][MQTT] Upload stream refilled bucket=450 records=8 remaining=928 ms=66
[194211][I][MQTT] Dump progress pub=3584 fail=0 session=20/52 since=25072 leaseMaxEvents=4508
[194261][I][MQTT] Upload stream buffer drained; refilling remaining=920 complete=0
[194262][I][MQTT] Upload stream fill begin bucket=450 max=8 requested=64 internalFree=30652 indexWindow=0 indexed=4508 truncated=0 sessions=52 sessionIndex=20 radioQuiet=1
[194306][I][MQTT] Upload RAM bucket staged bucket=450 records=1 lastEvent=25073 heapFree=20196 psramFree=7433716
[194326][I][MQTT] Upload stream fill done bucket=450 records=8 complete=0 ms=64
[194327][I][MQTT] Upload stream refilled bucket=451 records=8 remaining=920 ms=65
[194433][I][MQTT] Upload stream buffer drained; refilling remaining=912 complete=0
[194434][I][MQTT] Upload stream fill begin bucket=451 max=8 requested=64 internalFree=30652 indexWindow=0 indexed=4508 truncated=0 sessions=52 sessionIndex=20 radioQuiet=1
[194477][I][MQTT] Upload RAM bucket staged bucket=451 records=1 lastEvent=25081 heapFree=20212 psramFree=7433716
[194499][I][MQTT] Upload stream fill done bucket=451 records=8 complete=0 ms=65
[194500][I][MQTT] Upload stream refilled bucket=452 records=8 remaining=912 ms=65
[194604][I][MQTT] Upload stream buffer drained; refilling remaining=904 complete=0
[194605][I][MQTT] Upload stream fill begin bucket=452 max=8 requested=64 internalFree=26596 indexWindow=0 indexed=4508 truncated=0 sessions=52 sessionIndex=20 radioQuiet=1
[194651][I][MQTT] Upload RAM bucket staged bucket=452 records=1 lastEvent=25089 heapFree=20416 psramFree=7433716
[194671][I][MQTT] Upload stream fill done bucket=452 records=8 complete=0 ms=66
[194672][I][MQTT] Upload stream refilled bucket=453 records=8 remaining=904 ms=67
[194778][I][MQTT] Upload stream buffer drained; refilling remaining=896 complete=0
[194780][I][MQTT] Upload stream fill begin bucket=453 max=8 requested=64 internalFree=30652 indexWindow=0 indexed=4508 truncated=0 sessions=52 sessionIndex=20 radioQuiet=1
[194824][I][MQTT] Upload RAM bucket staged bucket=453 records=1 lastEvent=25097 heapFree=20152 psramFree=7433732
[194844][I][MQTT] Upload stream fill done bucket=453 records=8 complete=0 ms=65
[194845][I][MQTT] Upload stream refilled bucket=454 records=8 remaining=896 ms=65
[194951][I][MQTT] Upload stream buffer drained; refilling remaining=888 complete=0
[194952][I][MQTT] Upload stream fill begin bucket=454 max=8 requested=64 internalFree=30652 indexWindow=0 indexed=4508 truncated=0 sessions=52 sessionIndex=20 radioQuiet=1
[194996][I][MQTT] Upload RAM bucket staged bucket=454 records=1 lastEvent=25105 heapFree=20288 psramFree=7433716
[195017][I][MQTT] Upload stream fill done bucket=454 records=8 complete=0 ms=65
[195018][I][MQTT] Upload stream refilled bucket=455 records=8 remaining=888 ms=65
[195127][I][MQTT] Upload stream buffer drained; refilling remaining=880 complete=0
[195128][I][MQTT] Upload stream fill begin bucket=455 max=8 requested=64 internalFree=30652 indexWindow=0 indexed=4508 truncated=0 sessions=52 sessionIndex=20 radioQuiet=1
[195171][I][MQTT] Upload RAM bucket staged bucket=455 records=1 lastEvent=25113 heapFree=19976 psramFree=7433732
[195191][I][MQTT] Upload stream fill done bucket=455 records=8 complete=0 ms=63
[195192][I][MQTT] Upload stream refilled bucket=456 records=8 remaining=880 ms=63
[195300][I][MQTT] Upload stream buffer drained; refilling remaining=872 complete=0
[195301][I][MQTT] Upload stream fill begin bucket=456 max=8 requested=64 internalFree=30652 indexWindow=0 indexed=4508 truncated=0 sessions=52 sessionIndex=20 radioQuiet=1
[195345][I][MQTT] Upload RAM bucket staged bucket=456 records=1 lastEvent=25121 heapFree=20188 psramFree=7433716
[195366][I][MQTT] Upload stream fill done bucket=456 records=8 complete=0 ms=65
[195367][I][MQTT] Upload stream refilled bucket=457 records=8 remaining=872 ms=65
[195475][I][MQTT] Upload stream buffer drained; refilling remaining=864 complete=0
[195476][I][MQTT] Upload stream fill begin bucket=457 max=8 requested=64 internalFree=30652 indexWindow=0 indexed=4508 truncated=0 sessions=52 sessionIndex=20 radioQuiet=1
[195521][I][MQTT] Upload RAM bucket staged bucket=457 records=1 lastEvent=25129 heapFree=20188 psramFree=7433716
[195541][I][MQTT] Upload stream fill done bucket=457 records=8 complete=0 ms=65
[195542][I][MQTT] Upload stream refilled bucket=458 records=8 remaining=864 ms=67
[195601][I][MQTT] Dump progress pub=3648 fail=0 session=20/52 since=25136 leaseMaxEvents=4508
[195648][I][MQTT] Upload stream buffer drained; refilling remaining=856 complete=0
[195650][I][MQTT] Upload stream fill begin bucket=458 max=8 requested=64 internalFree=30652 indexWindow=0 indexed=4508 truncated=0 sessions=52 sessionIndex=20 radioQuiet=1
[195693][I][MQTT] Upload RAM bucket staged bucket=458 records=1 lastEvent=25137 heapFree=20140 psramFree=7433716
[195713][I][MQTT] Upload stream fill done bucket=458 records=8 complete=0 ms=64
[195714][I][MQTT] Upload stream refilled bucket=459 records=8 remaining=856 ms=65
[195821][I][MQTT] Upload stream buffer drained; refilling remaining=848 complete=0
[195822][I][MQTT] Upload stream fill begin bucket=459 max=8 requested=64 internalFree=30652 indexWindow=0 indexed=4508 truncated=0 sessions=52 sessionIndex=20 radioQuiet=1
[195866][I][MQTT] Upload RAM bucket staged bucket=459 records=1 lastEvent=25145 heapFree=20188 psramFree=7433716
[195886][I][MQTT] Upload stream fill done bucket=459 records=8 complete=0 ms=64
[195887][I][MQTT] Upload stream refilled bucket=460 records=8 remaining=848 ms=64
[195995][I][MQTT] Upload stream buffer drained; refilling remaining=840 complete=0
[195997][I][MQTT] Upload stream fill begin bucket=460 max=8 requested=64 internalFree=30652 indexWindow=0 indexed=4508 truncated=0 sessions=52 sessionIndex=20 radioQuiet=1
[196040][I][MQTT] Upload RAM bucket staged bucket=460 records=1 lastEvent=25153 heapFree=19916 psramFree=7433716
[196060][I][MQTT] Upload stream fill done bucket=460 records=8 complete=0 ms=64
[196061][I][MQTT] Upload stream refilled bucket=461 records=8 remaining=840 ms=64
[196170][I][MQTT] Upload stream buffer drained; refilling remaining=832 complete=0
[196171][I][MQTT] Upload stream fill begin bucket=461 max=8 requested=64 internalFree=30652 indexWindow=0 indexed=4508 truncated=0 sessions=52 sessionIndex=20 radioQuiet=1
[196215][I][MQTT] Upload RAM bucket staged bucket=461 records=1 lastEvent=25161 heapFree=20200 psramFree=7433716
[196237][I][MQTT] Upload stream fill done bucket=461 records=8 complete=0 ms=66
[196238][I][MQTT] Upload stream refilled bucket=462 records=8 remaining=832 ms=66
[196346][I][MQTT] Upload stream buffer drained; refilling remaining=824 complete=0
[196347][I][MQTT] Upload stream fill begin bucket=462 max=8 requested=64 internalFree=30652 indexWindow=0 indexed=4508 truncated=0 sessions=52 sessionIndex=20 radioQuiet=1
[196390][I][MQTT] Upload RAM bucket staged bucket=462 records=1 lastEvent=25169 heapFree=20248 psramFree=7433716
[196410][I][MQTT] Upload stream fill done bucket=462 records=8 complete=0 ms=63
[196411][I][MQTT] Upload stream refilled bucket=463 records=8 remaining=824 ms=63
[196520][I][MQTT] Upload stream buffer drained; refilling remaining=816 complete=0
[196521][I][MQTT] Upload stream fill begin bucket=463 max=8 requested=64 internalFree=30652 indexWindow=0 indexed=4508 truncated=0 sessions=52 sessionIndex=20 radioQuiet=1
[196566][I][MQTT] Upload RAM bucket staged bucket=463 records=1 lastEvent=25177 heapFree=20052 psramFree=7433716
[196587][I][MQTT] Upload stream fill done bucket=463 records=8 complete=0 ms=66
[196588][I][MQTT] Upload stream refilled bucket=464 records=8 remaining=816 ms=66
[196696][I][MQTT] Upload stream buffer drained; refilling remaining=808 complete=0
[196697][I][MQTT] Upload stream fill begin bucket=464 max=8 requested=64 internalFree=30652 indexWindow=0 indexed=4508 truncated=0 sessions=52 sessionIndex=20 radioQuiet=1
[196741][I][MQTT] Upload RAM bucket staged bucket=464 records=1 lastEvent=25185 heapFree=19968 psramFree=7433716
[196763][I][MQTT] Upload stream fill done bucket=464 records=8 complete=0 ms=66
[196764][I][MQTT] Upload stream refilled bucket=465 records=8 remaining=808 ms=67
[196871][I][MQTT] Upload stream buffer drained; refilling remaining=800 complete=0
[196872][I][MQTT] Upload stream fill begin bucket=465 max=8 requested=64 internalFree=30652 indexWindow=0 indexed=4508 truncated=0 sessions=52 sessionIndex=20 radioQuiet=1
[196915][I][MQTT] Upload RAM bucket staged bucket=465 records=1 lastEvent=25193 heapFree=20288 psramFree=7433716
[196936][I][MQTT] Upload stream fill done bucket=465 records=8 complete=0 ms=64
[196937][I][MQTT] Upload stream refilled bucket=466 records=8 remaining=800 ms=65
[196997][I][MQTT] Dump progress pub=3712 fail=0 session=20/52 since=25200 leaseMaxEvents=4508
[197046][I][MQTT] Upload stream buffer drained; refilling remaining=792 complete=0
[197047][I][MQTT] Upload stream fill begin bucket=466 max=8 requested=64 internalFree=30652 indexWindow=0 indexed=4508 truncated=0 sessions=52 sessionIndex=20 radioQuiet=1
[197090][I][MQTT] Upload RAM bucket staged bucket=466 records=1 lastEvent=25201 heapFree=20084 psramFree=7433716
[197110][I][MQTT] Upload stream fill done bucket=466 records=8 complete=0 ms=63
[197111][I][MQTT] Upload stream refilled bucket=467 records=8 remaining=792 ms=64
[197222][I][MQTT] Upload stream buffer drained; refilling remaining=784 complete=0
[197223][I][MQTT] Upload stream fill begin bucket=467 max=8 requested=64 internalFree=30652 indexWindow=0 indexed=4508 truncated=0 sessions=52 sessionIndex=20 radioQuiet=1
[197266][I][MQTT] Upload RAM bucket staged bucket=467 records=1 lastEvent=25209 heapFree=20144 psramFree=7433716
[197286][I][MQTT] Upload stream fill done bucket=467 records=8 complete=0 ms=63
[197287][I][MQTT] Upload stream refilled bucket=468 records=8 remaining=784 ms=64
[197395][I][MQTT] Upload stream buffer drained; refilling remaining=776 complete=0
[197397][I][MQTT] Upload stream fill begin bucket=468 max=8 requested=64 internalFree=30684 indexWindow=0 indexed=4508 truncated=0 sessions=52 sessionIndex=20 radioQuiet=1
[197441][I][MQTT] Upload RAM bucket staged bucket=468 records=1 lastEvent=25217 heapFree=20064 psramFree=7433716
[197461][I][MQTT] Upload stream fill done bucket=468 records=8 complete=0 ms=65
[197462][I][MQTT] Upload stream refilled bucket=469 records=8 remaining=776 ms=66
[197573][I][MQTT] Upload stream buffer drained; refilling remaining=768 complete=0
[197575][I][MQTT] Upload stream fill begin bucket=469 max=8 requested=64 internalFree=30684 indexWindow=0 indexed=4508 truncated=0 sessions=52 sessionIndex=20 radioQuiet=1
[197618][I][MQTT] Upload RAM bucket staged bucket=469 records=1 lastEvent=25225 heapFree=20108 psramFree=7433716
[197638][I][MQTT] Upload stream fill done bucket=469 records=8 complete=0 ms=63
[197639][I][MQTT] Upload stream refilled bucket=470 records=8 remaining=768 ms=63
[197745][I][MQTT] Upload stream buffer drained; refilling remaining=760 complete=0
[197746][I][MQTT] Upload stream fill begin bucket=470 max=8 requested=64 internalFree=30684 indexWindow=0 indexed=4508 truncated=0 sessions=52 sessionIndex=20 radioQuiet=1
[197791][I][MQTT] Upload RAM bucket staged bucket=470 records=1 lastEvent=25233 heapFree=20216 psramFree=7433716
[197811][I][MQTT] Upload stream fill done bucket=470 records=8 complete=0 ms=65
[197812][I][MQTT] Upload stream refilled bucket=471 records=8 remaining=760 ms=66
[197846][I][MQTT] Upload checkpoint deferred until radio quiet pub=3750
[197919][I][MQTT] Upload stream buffer drained; refilling remaining=752 complete=0
[197920][I][MQTT] Upload stream fill begin bucket=471 max=8 requested=64 internalFree=30684 indexWindow=0 indexed=4508 truncated=0 sessions=52 sessionIndex=20 radioQuiet=1
[197963][I][MQTT] Upload RAM bucket staged bucket=471 records=1 lastEvent=25241 heapFree=20272 psramFree=7433716
[197984][I][MQTT] Upload stream fill done bucket=471 records=8 complete=0 ms=64
[197985][I][MQTT] Upload stream refilled bucket=472 records=8 remaining=752 ms=66
[198092][I][MQTT] Upload stream buffer drained; refilling remaining=744 complete=0
[198093][I][MQTT] Upload stream fill begin bucket=472 max=8 requested=64 internalFree=30684 indexWindow=0 indexed=4508 truncated=0 sessions=52 sessionIndex=20 radioQuiet=1
[198137][I][MQTT] Upload RAM bucket staged bucket=472 records=1 lastEvent=25249 heapFree=20156 psramFree=7433716
[198157][I][MQTT] Upload stream fill done bucket=472 records=8 complete=0 ms=64
[198158][I][MQTT] Upload stream refilled bucket=473 records=8 remaining=744 ms=64
[198269][I][MQTT] Upload stream buffer drained; refilling remaining=736 complete=0
[198270][I][MQTT] Upload stream fill begin bucket=473 max=2 requested=64 internalFree=14508 indexWindow=0 indexed=4508 truncated=0 sessions=52 sessionIndex=20 radioQuiet=1
[198315][I][MQTT] Upload RAM bucket staged bucket=473 records=1 lastEvent=25257 heapFree=21624 psramFree=7433716
[198318][I][MQTT] Upload stream fill done bucket=473 records=2 complete=0 ms=48
[198318][I][MQTT] Upload stream refilled bucket=474 records=2 remaining=736 ms=49
[198355][I][MQTT] Upload stream buffer drained; refilling remaining=734 complete=0
[198356][I][MQTT] Upload stream fill begin bucket=474 max=8 requested=64 internalFree=30684 indexWindow=0 indexed=4508 truncated=0 sessions=52 sessionIndex=20 radioQuiet=1
[198399][I][MQTT] Upload RAM bucket staged bucket=474 records=1 lastEvent=25259 heapFree=20040 psramFree=7433716
[198419][I][MQTT] Upload stream fill done bucket=474 records=8 complete=0 ms=63
[198420][I][MQTT] Upload stream refilled bucket=475 records=8 remaining=734 ms=64
[198455][I][MQTT] Dump progress pub=3776 fail=0 session=20/52 since=25266 leaseMaxEvents=4508
[198530][I][MQTT] Upload stream buffer drained; refilling remaining=726 complete=0
[198531][I][MQTT] Upload stream fill begin bucket=475 max=8 requested=64 internalFree=30684 indexWindow=0 indexed=4508 truncated=0 sessions=52 sessionIndex=20 radioQuiet=1
[198576][I][MQTT] Upload RAM bucket staged bucket=475 records=1 lastEvent=25267 heapFree=19936 psramFree=7433708
[198596][I][MQTT] Upload stream fill done bucket=475 records=8 complete=0 ms=65
[198597][I][MQTT] Upload stream refilled bucket=476 records=8 remaining=726 ms=65
[198712][I][MQTT] Upload stream buffer drained; refilling remaining=718 complete=0
[198713][I][MQTT] Upload stream fill begin bucket=476 max=8 requested=64 internalFree=30684 indexWindow=0 indexed=4508 truncated=0 sessions=52 sessionIndex=20 radioQuiet=1
[198756][I][MQTT] Upload RAM bucket staged bucket=476 records=1 lastEvent=25275 heapFree=20084 psramFree=7433716
[198776][I][MQTT] Upload stream fill done bucket=476 records=8 complete=0 ms=63
[198777][I][MQTT] Upload stream refilled bucket=477 records=8 remaining=718 ms=65
[198889][I][MQTT] Upload stream buffer drained; refilling remaining=710 complete=0
[198890][I][MQTT] Upload stream fill begin bucket=477 max=8 requested=64 internalFree=30684 indexWindow=0 indexed=4508 truncated=0 sessions=52 sessionIndex=20 radioQuiet=1
[198933][I][MQTT] Upload RAM bucket staged bucket=477 records=1 lastEvent=25283 heapFree=20220 psramFree=7433716
[198954][I][MQTT] Upload stream fill done bucket=477 records=8 complete=0 ms=64
[198955][I][MQTT] Upload stream refilled bucket=478 records=8 remaining=710 ms=66
[199068][I][MQTT] Upload stream buffer drained; refilling remaining=702 complete=0
[199069][I][MQTT] Upload stream fill begin bucket=478 max=8 requested=64 internalFree=30684 indexWindow=0 indexed=4508 truncated=0 sessions=52 sessionIndex=20 radioQuiet=1
[199112][I][MQTT] Upload RAM bucket staged bucket=478 records=1 lastEvent=25291 heapFree=20008 psramFree=7433732
[199133][I][MQTT] Upload stream fill done bucket=478 records=8 complete=0 ms=64
[199134][I][MQTT] Upload stream refilled bucket=479 records=8 remaining=702 ms=66
[199246][I][MQTT] Upload stream buffer drained; refilling remaining=694 complete=0
[199247][I][MQTT] Upload stream fill begin bucket=479 max=8 requested=64 internalFree=30684 indexWindow=0 indexed=4508 truncated=0 sessions=52 sessionIndex=20 radioQuiet=1
[199291][I][MQTT] Upload RAM bucket staged bucket=479 records=1 lastEvent=25299 heapFree=19944 psramFree=7433708
[199312][I][MQTT] Upload stream fill done bucket=479 records=8 complete=0 ms=65
[199313][I][MQTT] Upload stream refilled bucket=480 records=8 remaining=694 ms=65
[199428][I][MQTT] Upload stream buffer drained; refilling remaining=686 complete=0
[200654][I][MQTT] Upload stream fill begin bucket=480 max=8 requested=64 internalFree=30692 indexWindow=0 indexed=4508 truncated=0 sessions=52 sessionIndex=20 radioQuiet=1
[200729][I][MQTT] Upload RAM bucket staged bucket=480 records=1 lastEvent=25307 heapFree=20064 psramFree=7433716
[200750][I][MQTT] Upload stream fill done bucket=480 records=8 complete=0 ms=96
[200751][I][MQTT] Upload stream refilled bucket=481 records=8 remaining=686 ms=97
[200777][I][STORAGE] Segment lifecycle seg=256 partially_uploaded->fully_uploaded trust=trusted pending=0
[200791][I][STORAGE] Segment lifecycle seg=257 indexed->partially_uploaded trust=trusted pending=84
[200866][I][MQTT] Upload stream buffer drained; refilling remaining=678 complete=0
[200867][I][MQTT] Upload stream fill begin bucket=481 max=8 requested=64 internalFree=30692 indexWindow=0 indexed=4508 truncated=0 sessions=52 sessionIndex=20 radioQuiet=1
[200910][I][MQTT] Upload RAM bucket staged bucket=481 records=1 lastEvent=25315 heapFree=20156 psramFree=7433716
[200930][I][MQTT] Upload stream fill done bucket=481 records=8 complete=0 ms=63
[200931][I][MQTT] Upload stream refilled bucket=482 records=8 remaining=678 ms=63
[201042][I][MQTT] Upload stream buffer drained; refilling remaining=670 complete=0
[201043][I][MQTT] Upload stream fill begin bucket=482 max=8 requested=64 internalFree=30692 indexWindow=0 indexed=4508 truncated=0 sessions=52 sessionIndex=20 radioQuiet=1
[201087][I][MQTT] Upload RAM bucket staged bucket=482 records=1 lastEvent=25323 heapFree=20084 psramFree=7433716
[201107][I][MQTT] Upload stream fill done bucket=482 records=8 complete=0 ms=64
[201108][I][MQTT] Upload stream refilled bucket=483 records=8 remaining=670 ms=65
[201144][I][MQTT] Dump progress pub=3840 fail=0 session=20/52 since=25330 leaseMaxEvents=4508
[201220][I][MQTT] Upload stream buffer drained; refilling remaining=662 complete=0
[201221][I][MQTT] Upload stream fill begin bucket=483 max=8 requested=64 internalFree=30692 indexWindow=0 indexed=4508 truncated=0 sessions=52 sessionIndex=20 radioQuiet=1
[201265][I][MQTT] Upload RAM bucket staged bucket=483 records=1 lastEvent=25331 heapFree=19932 psramFree=7433716
[201286][I][MQTT] Upload stream fill done bucket=483 records=8 complete=0 ms=65
[201287][I][MQTT] Upload stream refilled bucket=484 records=8 remaining=662 ms=67
[201396][I][MQTT] Upload stream buffer drained; refilling remaining=654 complete=0
[201397][I][MQTT] Upload stream fill begin bucket=484 max=8 requested=64 internalFree=30692 indexWindow=0 indexed=4508 truncated=0 sessions=52 sessionIndex=20 radioQuiet=1
[201441][I][MQTT] Upload RAM bucket staged bucket=484 records=1 lastEvent=25339 heapFree=20112 psramFree=7433716
[201463][I][MQTT] Upload stream fill done bucket=484 records=8 complete=0 ms=66
[201464][I][MQTT] Upload stream refilled bucket=485 records=8 remaining=654 ms=68
[201572][I][MQTT] Upload stream buffer drained; refilling remaining=646 complete=0
[201573][I][MQTT] Upload stream fill begin bucket=485 max=8 requested=64 internalFree=30692 indexWindow=0 indexed=4508 truncated=0 sessions=52 sessionIndex=20 radioQuiet=1
[201617][I][MQTT] Upload RAM bucket staged bucket=485 records=1 lastEvent=25347 heapFree=20128 psramFree=7433732
[201638][I][MQTT] Upload stream fill done bucket=485 records=8 complete=0 ms=65
[201639][I][MQTT] Upload stream refilled bucket=486 records=8 remaining=646 ms=66
[201751][I][MQTT] Upload stream buffer drained; refilling remaining=638 complete=0
[201752][I][MQTT] Upload stream fill begin bucket=486 max=8 requested=64 internalFree=30692 indexWindow=0 indexed=4508 truncated=0 sessions=52 sessionIndex=20 radioQuiet=1
[201797][I][MQTT] Upload RAM bucket staged bucket=486 records=1 lastEvent=25355 heapFree=20088 psramFree=7433716
[201818][I][MQTT] Upload stream fill done bucket=486 records=8 complete=0 ms=66
[201819][I][MQTT] Upload stream refilled bucket=487 records=8 remaining=638 ms=66
[201932][I][MQTT] Upload stream buffer drained; refilling remaining=630 complete=0
[201933][I][MQTT] Upload stream fill begin bucket=487 max=8 requested=64 internalFree=30692 indexWindow=0 indexed=4508 truncated=0 sessions=52 sessionIndex=20 radioQuiet=1
[201978][I][MQTT] Upload RAM bucket staged bucket=487 records=1 lastEvent=25363 heapFree=20308 psramFree=7433716
[201999][I][MQTT] Upload stream fill done bucket=487 records=8 complete=0 ms=66
[202000][I][MQTT] Upload stream refilled bucket=488 records=8 remaining=630 ms=67
[202111][I][MQTT] Upload stream buffer drained; refilling remaining=622 complete=0
[202112][I][MQTT] Upload stream fill begin bucket=488 max=8 requested=64 internalFree=30692 indexWindow=0 indexed=4508 truncated=0 sessions=52 sessionIndex=20 radioQuiet=1
[202156][I][MQTT] Upload RAM bucket staged bucket=488 records=1 lastEvent=25371 heapFree=20088 psramFree=7433732
[202178][I][MQTT] Upload stream fill done bucket=488 records=8 complete=0 ms=66
[202179][I][MQTT] Upload stream refilled bucket=489 records=8 remaining=622 ms=67
[202288][I][MQTT] Upload stream buffer drained; refilling remaining=614 complete=0
[202289][I][MQTT] Upload stream fill begin bucket=489 max=8 requested=64 internalFree=30692 indexWindow=0 indexed=4508 truncated=0 sessions=52 sessionIndex=20 radioQuiet=1
[202334][I][MQTT] Upload RAM bucket staged bucket=489 records=1 lastEvent=25379 heapFree=20004 psramFree=7433716
[202354][I][MQTT] Upload stream fill done bucket=489 records=8 complete=0 ms=65
[202355][I][MQTT] Upload stream refilled bucket=490 records=8 remaining=614 ms=65
[202464][I][MQTT] Upload stream buffer drained; refilling remaining=606 complete=0
[202465][I][MQTT] Upload stream fill begin bucket=490 max=8 requested=64 internalFree=30692 indexWindow=0 indexed=4508 truncated=0 sessions=52 sessionIndex=20 radioQuiet=1
[202510][I][MQTT] Upload RAM bucket staged bucket=490 records=1 lastEvent=25387 heapFree=20152 psramFree=7433716
[202523][I][MQTT] Upload RAM bucket session exhausted bucket=490 session=33e864-5475-b22d6518 since=25392 idx=20/52
[202524][I][MQTT] Upload bucket session start idx=21 sess=33e864-5599-341fbee5 bucket=6
[202562][I][MQTT] Upload stream fill done bucket=490 records=8 complete=0 ms=97
[202563][I][MQTT] Upload stream refilled bucket=491 records=8 remaining=606 ms=98
[202598][I][MQTT] Dump progress pub=3904 fail=0 session=21/52 since=24874 leaseMaxEvents=4508
[202647][I][STORAGE] Segment lifecycle seg=257 partially_uploaded->fully_uploaded trust=trusted pending=0
[202659][I][STORAGE] Segment lifecycle seg=258 indexed->partially_uploaded trust=trusted pending=225
[202673][I][MQTT] Upload stream buffer drained; refilling remaining=598 complete=0
[202674][I][MQTT] Upload stream fill begin bucket=491 max=8 requested=64 internalFree=30644 indexWindow=0 indexed=4508 truncated=0 sessions=52 sessionIndex=21 radioQuiet=1
[202716][I][MQTT] Upload RAM bucket staged bucket=491 records=1 lastEvent=24875 heapFree=20296 psramFree=7433756
[202734][I][MQTT] Upload stream fill done bucket=491 records=8 complete=0 ms=60
[202735][I][MQTT] Upload stream refilled bucket=492 records=8 remaining=598 ms=60
[202848][I][MQTT] Upload stream buffer drained; refilling remaining=590 complete=0
[202849][I][MQTT] Upload stream fill begin bucket=492 max=8 requested=64 internalFree=30644 indexWindow=0 indexed=4508 truncated=0 sessions=52 sessionIndex=21 radioQuiet=1
[202893][I][MQTT] Upload RAM bucket staged bucket=492 records=1 lastEvent=24883 heapFree=20204 psramFree=7433716
[202913][I][MQTT] Upload stream fill done bucket=492 records=8 complete=0 ms=64
[202914][I][MQTT] Upload stream refilled bucket=493 records=8 remaining=590 ms=65
[203027][I][MQTT] Upload stream buffer drained; refilling remaining=582 complete=0
[203028][I][MQTT] Upload stream fill begin bucket=493 max=8 requested=64 internalFree=30644 indexWindow=0 indexed=4508 truncated=0 sessions=52 sessionIndex=21 radioQuiet=1
[203072][I][MQTT] Upload RAM bucket staged bucket=493 records=1 lastEvent=24891 heapFree=20116 psramFree=7433732
[203092][I][MQTT] Upload stream fill done bucket=493 records=8 complete=0 ms=64
[203093][I][MQTT] Upload stream refilled bucket=494 records=8 remaining=582 ms=64
[203206][I][MQTT] Upload stream buffer drained; refilling remaining=574 complete=0
[203208][I][MQTT] Upload stream fill begin bucket=494 max=8 requested=64 internalFree=30644 indexWindow=0 indexed=4508 truncated=0 sessions=52 sessionIndex=21 radioQuiet=1
[203252][I][MQTT] Upload RAM bucket staged bucket=494 records=1 lastEvent=24899 heapFree=20272 psramFree=7433716
[203272][I][MQTT] Upload stream fill done bucket=494 records=8 complete=0 ms=64
[203273][I][MQTT] Upload stream refilled bucket=495 records=8 remaining=574 ms=66
[203382][I][MQTT] Upload stream buffer drained; refilling remaining=566 complete=0
[203384][I][MQTT] Upload stream fill begin bucket=495 max=8 requested=64 internalFree=30644 indexWindow=0 indexed=4508 truncated=0 sessions=52 sessionIndex=21 radioQuiet=1
[203429][I][MQTT] Upload RAM bucket staged bucket=495 records=1 lastEvent=24907 heapFree=20068 psramFree=7433716
[203449][I][MQTT] Upload stream fill done bucket=495 records=8 complete=0 ms=66
[203450][I][MQTT] Upload stream refilled bucket=496 records=8 remaining=566 ms=66
[203566][I][MQTT] Upload stream buffer drained; refilling remaining=558 complete=0
[203567][I][MQTT] Upload stream fill begin bucket=496 max=8 requested=64 internalFree=30644 indexWindow=0 indexed=4508 truncated=0 sessions=52 sessionIndex=21 radioQuiet=1
[203611][I][MQTT] Upload RAM bucket staged bucket=496 records=1 lastEvent=24915 heapFree=19932 psramFree=7433700
[203632][I][MQTT] Upload stream fill done bucket=496 records=8 complete=0 ms=65
[203633][I][MQTT] Upload stream refilled bucket=497 records=8 remaining=558 ms=67
[203745][I][MQTT] Upload stream buffer drained; refilling remaining=550 complete=0
[203746][I][MQTT] Upload stream fill begin bucket=497 max=8 requested=64 internalFree=30644 indexWindow=0 indexed=4508 truncated=0 sessions=52 sessionIndex=21 radioQuiet=1
[203789][I][MQTT] Upload RAM bucket staged bucket=497 records=1 lastEvent=24923 heapFree=20048 psramFree=7433732
[203810][I][MQTT] Upload stream fill done bucket=497 records=8 complete=0 ms=64
[203811][I][MQTT] Upload stream refilled bucket=498 records=8 remaining=550 ms=65
[203918][I][MQTT] Upload stream buffer drained; refilling remaining=542 complete=0
[203919][I][MQTT] Upload stream fill begin bucket=498 max=8 requested=64 internalFree=26804 indexWindow=0 indexed=4508 truncated=0 sessions=52 sessionIndex=21 radioQuiet=1
[203964][I][MQTT] Upload RAM bucket staged bucket=498 records=1 lastEvent=24931 heapFree=20004 psramFree=7433716
[203984][I][MQTT] Upload stream fill done bucket=498 records=8 complete=0 ms=65
[203985][I][MQTT] Upload stream refilled bucket=499 records=8 remaining=542 ms=65
[204022][I][MQTT] Dump progress pub=3968 fail=0 session=21/52 since=24938 leaseMaxEvents=4508
[204099][I][MQTT] Upload stream buffer drained; refilling remaining=534 complete=0
[204100][I][MQTT] Upload stream fill begin bucket=499 max=8 requested=64 internalFree=30644 indexWindow=0 indexed=4508 truncated=0 sessions=52 sessionIndex=21 radioQuiet=1
[204145][I][MQTT] Upload RAM bucket staged bucket=499 records=1 lastEvent=24939 heapFree=20200 psramFree=7433700
[204165][I][MQTT] Upload stream fill done bucket=499 records=8 complete=0 ms=65
[204166][I][MQTT] Upload stream refilled bucket=500 records=8 remaining=534 ms=66
[204276][I][MQTT] Upload stream buffer drained; refilling remaining=526 complete=0
[204277][I][MQTT] Upload stream fill begin bucket=500 max=8 requested=64 internalFree=30644 indexWindow=0 indexed=4508 truncated=0 sessions=52 sessionIndex=21 radioQuiet=1
[204322][I][MQTT] Upload RAM bucket staged bucket=500 records=1 lastEvent=24947 heapFree=20092 psramFree=7433716
[204342][I][MQTT] Upload stream fill done bucket=500 records=8 complete=0 ms=65
[204343][I][MQTT] Upload stream refilled bucket=501 records=8 remaining=526 ms=65
[204449][I][MQTT] Upload stream buffer drained; refilling remaining=518 complete=0
[204450][I][MQTT] Upload stream fill begin bucket=501 max=8 requested=64 internalFree=30644 indexWindow=0 indexed=4508 truncated=0 sessions=52 sessionIndex=21 radioQuiet=1
[204493][I][MQTT] Upload RAM bucket staged bucket=501 records=1 lastEvent=24955 heapFree=19964 psramFree=7433732
[204513][I][MQTT] Upload stream fill done bucket=501 records=8 complete=0 ms=63
[204514][I][MQTT] Upload stream refilled bucket=502 records=8 remaining=518 ms=64
[204620][I][MQTT] Upload stream buffer drained; refilling remaining=510 complete=0
[204621][I][MQTT] Upload stream fill begin bucket=502 max=8 requested=64 internalFree=30644 indexWindow=0 indexed=4508 truncated=0 sessions=52 sessionIndex=21 radioQuiet=1
[204666][I][MQTT] Upload RAM bucket staged bucket=502 records=1 lastEvent=24963 heapFree=20120 psramFree=7433716
[204686][I][MQTT] Upload stream fill done bucket=502 records=8 complete=0 ms=65
[204687][I][MQTT] Upload stream refilled bucket=503 records=8 remaining=510 ms=65
[204722][I][MQTT] Upload checkpoint deferred until radio quiet pub=4000
[204795][I][MQTT] Upload stream buffer drained; refilling remaining=502 complete=0
[204797][I][MQTT] Upload stream fill begin bucket=503 max=8 requested=64 internalFree=30644 indexWindow=0 indexed=4508 truncated=0 sessions=52 sessionIndex=21 radioQuiet=1
[204840][I][MQTT] Upload RAM bucket staged bucket=503 records=1 lastEvent=24971 heapFree=20052 psramFree=7433732
[204860][I][MQTT] Upload stream fill done bucket=503 records=8 complete=0 ms=64
[204861][I][MQTT] Upload stream refilled bucket=504 records=8 remaining=502 ms=64
[204969][I][MQTT] Upload stream buffer drained; refilling remaining=494 complete=0
[204970][I][MQTT] Upload stream fill begin bucket=504 max=8 requested=64 internalFree=30644 indexWindow=0 indexed=4508 truncated=0 sessions=52 sessionIndex=21 radioQuiet=1
[205014][I][MQTT] Upload RAM bucket staged bucket=504 records=1 lastEvent=24979 heapFree=19964 psramFree=7433732
[205035][I][MQTT] Upload stream fill done bucket=504 records=8 complete=0 ms=65
[205036][I][MQTT] Upload stream refilled bucket=505 records=8 remaining=494 ms=65
[205147][I][MQTT] Upload stream buffer drained; refilling remaining=486 complete=0
[205148][I][MQTT] Upload stream fill begin bucket=505 max=8 requested=64 internalFree=26592 indexWindow=0 indexed=4508 truncated=0 sessions=52 sessionIndex=21 radioQuiet=1
[205193][I][MQTT] Upload RAM bucket staged bucket=505 records=1 lastEvent=24987 heapFree=20004 psramFree=7433716
[205213][I][MQTT] Upload stream fill done bucket=505 records=8 complete=0 ms=65
[205214][I][MQTT] Upload stream refilled bucket=506 records=8 remaining=486 ms=65
[205321][I][MQTT] Upload stream buffer drained; refilling remaining=478 complete=0
[205322][I][MQTT] Upload stream fill begin bucket=506 max=8 requested=64 internalFree=30644 indexWindow=0 indexed=4508 truncated=0 sessions=52 sessionIndex=21 radioQuiet=1
[205367][I][MQTT] Upload RAM bucket staged bucket=506 records=1 lastEvent=24995 heapFree=19836 psramFree=7433732
[205389][I][MQTT] Upload stream fill done bucket=506 records=8 complete=0 ms=67
[205390][I][MQTT] Upload stream refilled bucket=507 records=8 remaining=478 ms=68
[205425][I][MQTT] Dump progress pub=4032 fail=0 session=21/52 since=25002 leaseMaxEvents=4508
[205499][I][MQTT] Upload stream buffer drained; refilling remaining=470 complete=0
[205500][I][MQTT] Upload stream fill begin bucket=507 max=8 requested=64 internalFree=30644 indexWindow=0 indexed=4508 truncated=0 sessions=52 sessionIndex=21 radioQuiet=1
[205543][I][MQTT] Upload RAM bucket staged bucket=507 records=1 lastEvent=25003 heapFree=20068 psramFree=7433732
[205563][I][MQTT] Upload stream fill done bucket=507 records=8 complete=0 ms=63
[205564][I][MQTT] Upload stream refilled bucket=508 records=8 remaining=470 ms=64
[205673][I][MQTT] Upload stream buffer drained; refilling remaining=462 complete=0
[205674][I][MQTT] Upload stream fill begin bucket=508 max=8 requested=64 internalFree=30644 indexWindow=0 indexed=4508 truncated=0 sessions=52 sessionIndex=21 radioQuiet=1
[205717][I][MQTT] Upload RAM bucket staged bucket=508 records=1 lastEvent=25011 heapFree=19792 psramFree=7433708
[205737][I][MQTT] Upload stream fill done bucket=508 records=8 complete=0 ms=63
[205738][I][MQTT] Upload stream refilled bucket=509 records=8 remaining=462 ms=64
[205845][I][MQTT] Upload stream buffer drained; refilling remaining=454 complete=0
[205846][I][MQTT] Upload stream fill begin bucket=509 max=8 requested=64 internalFree=30644 indexWindow=0 indexed=4508 truncated=0 sessions=52 sessionIndex=21 radioQuiet=1
[205891][I][MQTT] Upload RAM bucket staged bucket=509 records=1 lastEvent=25019 heapFree=19852 psramFree=7433700
[205911][I][MQTT] Upload stream fill done bucket=509 records=8 complete=0 ms=65
[205912][I][MQTT] Upload stream refilled bucket=510 records=8 remaining=454 ms=66
[206019][I][MQTT] Upload stream buffer drained; refilling remaining=446 complete=0
[206020][I][MQTT] Upload stream fill begin bucket=510 max=8 requested=64 internalFree=30644 indexWindow=0 indexed=4508 truncated=0 sessions=52 sessionIndex=21 radioQuiet=1
[206064][I][MQTT] Upload RAM bucket staged bucket=510 records=1 lastEvent=25027 heapFree=20316 psramFree=7433716
[206084][I][MQTT] Upload stream fill done bucket=510 records=8 complete=0 ms=64
[206085][I][MQTT] Upload stream refilled bucket=511 records=8 remaining=446 ms=65
[206195][I][MQTT] Upload stream buffer drained; refilling remaining=438 complete=0
[206196][I][MQTT] Upload stream fill begin bucket=511 max=8 requested=64 internalFree=30644 indexWindow=0 indexed=4508 truncated=0 sessions=52 sessionIndex=21 radioQuiet=1
[206241][I][MQTT] Upload RAM bucket staged bucket=511 records=1 lastEvent=25035 heapFree=20044 psramFree=7433716
[206262][I][MQTT] Upload stream fill done bucket=511 records=8 complete=0 ms=66
[206263][I][MQTT] Upload stream refilled bucket=512 records=8 remaining=438 ms=66
[206370][I][MQTT] Upload stream buffer drained; refilling remaining=430 complete=0
[207671][I][STORAGE] worker ui refresh serviced uiRefreshServiceCount=12 uiDeferred=1 uiFlush=2 pressure=0 usedPct=19 pending=430
[209297][I][MQTT] Upload stream fill begin bucket=512 max=8 requested=64 internalFree=30644 indexWindow=0 indexed=4508 truncated=0 sessions=52 sessionIndex=21 radioQuiet=1
[209339][I][MQTT] Upload RAM bucket staged bucket=512 records=1 lastEvent=25043 heapFree=20096 psramFree=7433716
[209359][I][MQTT] Upload stream fill done bucket=512 records=8 complete=0 ms=62
[209360][I][MQTT] Upload stream refilled bucket=513 records=8 remaining=430 ms=63
[209361][I][STACK] TaskHardware watermark=10824B min=10824B
[209364][I][HEAP] heap free=7281KB min=7214KB largest=7168KB frag=1% internalFree=25KB internalLargest=16KB psramFree=7257KB core=79/16% owner=WIFI_UPLOAD nets=0 pendingUpload=430 pendingEnrich=71
[HEALTH] time=2026-08-07 15:09:47 src=ntp
[HEALTH] heap used=1143/8424KB free=7281KB min=7214KB largest=7168KB frag=1%
[HEALTH] internal used=207/232KB free=25KB min=0KB largest=16KB
[HEALTH] psram used=935/8192KB free=7257KB largest=7168KB
[HEALTH] stack free_min: core0=11KB/22KB core1=14KB/18KB
[HEALTH] core usage: core0=79% core1=16%
[HEALTH] power=usb state=usb batt=100% 4695mV trend=2mV/min runtime=0min cap=1100mAh charging=0
[HEALTH] radio=WIFI_UPLOAD wifi=0 ble=0 gps=0 nets=0 pendingUpload=430 pendingEnrich=71
[HEALTH] subghz=NONE mode=OFF pkts=0 nodes=0
[209366][I][STORAGE] RAMSpool enq=0 cons=0 inflight=0/1024 high=0 pressure=0 drop[full=0 big=0 noise=0 p3Evict=0 p3Drop=0 p2Drop=0 p1Fail=0] free=1024
[209366][I][STORAGE] RAMSpool enqueue probe[ok=0 drop=0] device[ok=0 drop=0]
[209366][I][STORAGE] RAMSpool worker probe[ok=0 sup=0 drop=0 fail=0 slow=0] device[ok=0 sup=0 drop=0 fail=0 slow=0] slowTotal=0 maxMs=0
[209367][I][STORAGE] RAMSpool prioEnq p0=0 p1=0 p2=0 p3=0
[209367][I][STORAGE] RAMSpool lanes p1=0/0 p2=0/0 p3=0/0
[209377][W][CORE] TaskHardware loop gap=3104ms owner=WIFI_UPLOAD pendingUpload=430 maintPending=1 suppressed=2
[209477][I][MQTT] Upload stream buffer drained; refilling remaining=422 complete=0
[209478][I][MQTT] Upload stream fill begin bucket=513 max=8 requested=64 internalFree=30644 indexWindow=0 indexed=4508 truncated=0 sessions=52 sessionIndex=21 radioQuiet=1
[209519][I][MQTT] Upload RAM bucket staged bucket=513 records=1 lastEvent=25051 heapFree=20196 psramFree=7433732
[209541][I][MQTT] Upload stream fill done bucket=513 records=8 complete=0 ms=63
[209542][I][MQTT] Upload stream refilled bucket=514 records=8 remaining=422 ms=63
[209649][I][MQTT] Upload stream buffer drained; refilling remaining=414 complete=0
[209650][I][MQTT] Upload stream fill begin bucket=514 max=8 requested=64 internalFree=30644 indexWindow=0 indexed=4508 truncated=0 sessions=52 sessionIndex=21 radioQuiet=1
[209691][I][MQTT] Upload RAM bucket staged bucket=514 records=1 lastEvent=25059 heapFree=20196 psramFree=7433716
[209712][I][MQTT] Upload stream fill done bucket=514 records=8 complete=0 ms=62
[209713][I][MQTT] Upload stream refilled bucket=515 records=8 remaining=414 ms=63
[209748][I][MQTT] Dump progress pub=4096 fail=0 session=21/52 since=25066 leaseMaxEvents=4508
[209821][I][MQTT] Upload stream buffer drained; refilling remaining=406 complete=0
[209822][I][MQTT] Upload stream fill begin bucket=515 max=8 requested=64 internalFree=30644 indexWindow=0 indexed=4508 truncated=0 sessions=52 sessionIndex=21 radioQuiet=1
[209864][I][MQTT] Upload RAM bucket staged bucket=515 records=1 lastEvent=25067 heapFree=19984 psramFree=7433692
[209884][I][MQTT] Upload stream fill done bucket=515 records=8 complete=0 ms=62
[209885][I][MQTT] Upload stream refilled bucket=516 records=8 remaining=406 ms=63
[209990][I][MQTT] Upload stream buffer drained; refilling remaining=398 complete=0
[209992][I][MQTT] Upload stream fill begin bucket=516 max=8 requested=64 internalFree=30644 indexWindow=0 indexed=4508 truncated=0 sessions=52 sessionIndex=21 radioQuiet=1
[210033][I][MQTT] Upload RAM bucket staged bucket=516 records=1 lastEvent=25075 heapFree=20044 psramFree=7433716
[210054][I][MQTT] Upload stream fill done bucket=516 records=8 complete=0 ms=63
[210055][I][MQTT] Upload stream refilled bucket=517 records=8 remaining=398 ms=64
[210164][I][MQTT] Upload stream buffer drained; refilling remaining=390 complete=0
[210165][I][MQTT] Upload stream fill begin bucket=517 max=8 requested=64 internalFree=30644 indexWindow=0 indexed=4508 truncated=0 sessions=52 sessionIndex=21 radioQuiet=1
[210206][I][MQTT] Upload RAM bucket staged bucket=517 records=1 lastEvent=25083 heapFree=20116 psramFree=7433732
[210226][I][MQTT] Upload stream fill done bucket=517 records=8 complete=0 ms=61
[210227][I][MQTT] Upload stream refilled bucket=518 records=8 remaining=390 ms=62
[210336][I][MQTT] Upload stream buffer drained; refilling remaining=382 complete=0
[210337][I][MQTT] Upload stream fill begin bucket=518 max=8 requested=64 internalFree=30644 indexWindow=0 indexed=4508 truncated=0 sessions=52 sessionIndex=21 radioQuiet=1
[210378][I][MQTT] Upload RAM bucket staged bucket=518 records=1 lastEvent=25091 heapFree=20144 psramFree=7433716
[210398][I][MQTT] Upload stream fill done bucket=518 records=8 complete=0 ms=61
[210399][I][MQTT] Upload stream refilled bucket=519 records=8 remaining=382 ms=62
[210511][I][STORAGE] Segment lifecycle seg=258 partially_uploaded->fully_uploaded trust=trusted pending=0
[210511][I][MQTT] Upload stream buffer drained; refilling remaining=374 complete=0
[210512][I][MQTT] Upload stream fill begin bucket=519 max=8 requested=64 internalFree=30644 indexWindow=0 indexed=4508 truncated=0 sessions=52 sessionIndex=21 radioQuiet=1
[210513][I][MQTT] Upload RAM bucket session exhausted bucket=519 session=33e864-5599-341fbee5 since=25098 idx=21/52
[210513][I][MQTT] Upload bucket session start idx=22 sess=33e864-5526-0bc314e9 bucket=0
[210553][I][MQTT] Upload RAM bucket staged bucket=519 records=1 lastEvent=24873 heapFree=20348 psramFree=7433748
[210572][I][MQTT] Upload stream fill done bucket=519 records=8 complete=0 ms=60
[210573][I][MQTT] Upload stream refilled bucket=520 records=8 remaining=374 ms=60
[210595][I][STORAGE] Segment lifecycle seg=259 indexed->partially_uploaded trust=trusted pending=54
[210678][I][MQTT] Upload stream buffer drained; refilling remaining=366 complete=0
[210680][I][MQTT] Upload stream fill begin bucket=520 max=8 requested=64 internalFree=26804 indexWindow=0 indexed=4508 truncated=0 sessions=52 sessionIndex=22 radioQuiet=1
[210721][I][MQTT] Upload RAM bucket staged bucket=520 records=1 lastEvent=24881 heapFree=20028 psramFree=7433732
[210742][I][MQTT] Upload stream fill done bucket=520 records=8 complete=0 ms=63
[210743][I][MQTT] Upload stream refilled bucket=521 records=8 remaining=366 ms=64
[210851][I][MQTT] Upload stream buffer drained; refilling remaining=358 complete=0
[210852][I][MQTT] Upload stream fill begin bucket=521 max=8 requested=64 internalFree=30596 indexWindow=0 indexed=4508 truncated=0 sessions=52 sessionIndex=22 radioQuiet=1
[210893][I][MQTT] Upload RAM bucket staged bucket=521 records=1 lastEvent=24889 heapFree=19888 psramFree=7433700
[210914][I][MQTT] Upload stream fill done bucket=521 records=8 complete=0 ms=62
[210915][I][MQTT] Upload stream refilled bucket=522 records=8 remaining=358 ms=63
[211024][I][MQTT] Upload stream buffer drained; refilling remaining=350 complete=0
[211025][I][MQTT] Upload stream fill begin bucket=522 max=8 requested=64 internalFree=30596 indexWindow=0 indexed=4508 truncated=0 sessions=52 sessionIndex=22 radioQuiet=1
[211066][I][MQTT] Upload RAM bucket staged bucket=522 records=1 lastEvent=25417 heapFree=20064 psramFree=7433716
[211086][I][MQTT] Upload stream fill done bucket=522 records=8 complete=0 ms=61
[211087][I][MQTT] Upload stream refilled bucket=523 records=8 remaining=350 ms=62
[211121][I][MQTT] Dump progress pub=4160 fail=0 session=22/52 since=25424 leaseMaxEvents=4508
[211195][I][MQTT] Upload stream buffer drained; refilling remaining=342 complete=0
[211196][I][MQTT] Upload stream fill begin bucket=523 max=8 requested=64 internalFree=30596 indexWindow=0 indexed=4508 truncated=0 sessions=52 sessionIndex=22 radioQuiet=1
[211237][I][MQTT] Upload RAM bucket staged bucket=523 records=1 lastEvent=25425 heapFree=19952 psramFree=7433732
[211258][I][MQTT] Upload stream fill done bucket=523 records=8 complete=0 ms=62
[211259][I][MQTT] Upload stream refilled bucket=524 records=8 remaining=342 ms=62
[211364][I][MQTT] Upload stream buffer drained; refilling remaining=334 complete=0
[211365][I][MQTT] Upload stream fill begin bucket=524 max=8 requested=64 internalFree=30596 indexWindow=0 indexed=4508 truncated=0 sessions=52 sessionIndex=22 radioQuiet=1
[211406][I][MQTT] Upload RAM bucket staged bucket=524 records=1 lastEvent=25433 heapFree=20000 psramFree=7433716
[211426][I][MQTT] Upload stream fill done bucket=524 records=8 complete=0 ms=61
[211427][I][MQTT] Upload stream refilled bucket=525 records=8 remaining=334 ms=61
[211539][I][MQTT] Upload stream buffer drained; refilling remaining=326 complete=0
[211540][I][MQTT] Upload stream fill begin bucket=525 max=8 requested=64 internalFree=30596 indexWindow=0 indexed=4508 truncated=0 sessions=52 sessionIndex=22 radioQuiet=1
[211581][I][MQTT] Upload RAM bucket staged bucket=525 records=1 lastEvent=25441 heapFree=20048 psramFree=7433732
[211598][I][MQTT] Upload RAM bucket session exhausted bucket=525 session=33e864-5526-0bc314e9 since=25447 idx=22/52
[211599][I][MQTT] Upload bucket session start idx=23 sess=33e864-5931-1d616a76 bucket=7
[211632][I][MQTT] Upload stream fill done bucket=525 records=8 complete=0 ms=92
[211633][I][MQTT] Upload stream refilled bucket=526 records=8 remaining=326 ms=92
[211730][I][STORAGE] Segment lifecycle seg=259 partially_uploaded->fully_uploaded trust=trusted pending=0
[211743][I][STORAGE] Segment lifecycle seg=260 indexed->partially_uploaded trust=trusted pending=14
[211744][I][MQTT] Upload stream buffer drained; refilling remaining=318 complete=0
[211745][I][MQTT] Upload stream fill begin bucket=526 max=8 requested=64 internalFree=30548 indexWindow=0 indexed=4508 truncated=0 sessions=52 sessionIndex=23 radioQuiet=1
[211785][I][MQTT] Upload RAM bucket staged bucket=526 records=1 lastEvent=25449 heapFree=19900 psramFree=7433700
[211807][I][MQTT] Upload stream fill done bucket=526 records=8 complete=0 ms=62
[211808][I][MQTT] Upload stream refilled bucket=527 records=8 remaining=318 ms=63
[211917][I][MQTT] Upload stream buffer drained; refilling remaining=310 complete=0
[211918][I][MQTT] Upload stream fill begin bucket=527 max=8 requested=64 internalFree=30548 indexWindow=0 indexed=4508 truncated=0 sessions=52 sessionIndex=23 radioQuiet=1
[211958][I][MQTT] Upload RAM bucket staged bucket=527 records=1 lastEvent=25457 heapFree=20016 psramFree=7433732
[211971][I][MQTT] Upload RAM bucket session exhausted bucket=527 session=33e864-5931-1d616a76 since=25462 idx=23/52
[211972][I][MQTT] Upload bucket session start idx=24 sess=33e864-5682-5a56c9a2 bucket=6
[212016][I][MQTT] Upload stream fill done bucket=527 records=8 complete=0 ms=98
[212017][I][MQTT] Upload stream refilled bucket=528 records=8 remaining=310 ms=99
[212100][I][STORAGE] Segment lifecycle seg=260 partially_uploaded->fully_uploaded trust=trusted pending=0
[212111][I][STORAGE] Segment lifecycle seg=261 indexed->partially_uploaded trust=trusted pending=12
[212125][I][MQTT] Upload stream buffer drained; refilling remaining=302 complete=0
[212126][I][MQTT] Upload stream fill begin bucket=528 max=8 requested=64 internalFree=30492 indexWindow=0 indexed=4508 truncated=0 sessions=52 sessionIndex=24 radioQuiet=1
[212173][I][MQTT] Upload RAM bucket staged bucket=528 records=1 lastEvent=25465 heapFree=20000 psramFree=7433732
[212193][I][MQTT] Upload stream fill done bucket=528 records=8 complete=0 ms=67
[212194][I][MQTT] Upload stream refilled bucket=529 records=8 remaining=302 ms=68
[212301][I][MQTT] Upload stream buffer drained; refilling remaining=294 complete=0
[212302][I][MQTT] Upload stream fill begin bucket=529 max=8 requested=64 internalFree=30492 indexWindow=0 indexed=4508 truncated=0 sessions=52 sessionIndex=24 radioQuiet=1
[212346][I][MQTT] Upload RAM bucket staged bucket=529 records=1 lastEvent=25473 heapFree=21268 psramFree=7433716
[212350][I][MQTT] Upload RAM bucket session exhausted bucket=529 session=33e864-5682-5a56c9a2 since=25475 idx=24/52
[212351][I][MQTT] Upload bucket session start idx=25 sess=33e864-5892-ae047ca6 bucket=3
[212406][I][MQTT] Upload stream fill done bucket=529 records=8 complete=0 ms=105
[212407][I][MQTT] Upload stream refilled bucket=530 records=8 remaining=294 ms=105
[212454][I][STORAGE] Segment lifecycle seg=261 partially_uploaded->fully_uploaded trust=trusted pending=0
[212466][I][STORAGE] Segment lifecycle seg=264 indexed->partially_uploaded trust=trusted pending=4
[212515][I][STORAGE] Segment lifecycle seg=264 partially_uploaded->fully_uploaded trust=trusted pending=0
[212515][I][MQTT] Upload stream buffer drained; refilling remaining=286 complete=0
[212516][I][MQTT] Upload stream fill begin bucket=530 max=8 requested=64 internalFree=30444 indexWindow=0 indexed=4508 truncated=0 sessions=52 sessionIndex=25 radioQuiet=1
[212517][I][MQTT] Upload RAM bucket session exhausted bucket=530 session=33e864-5892-ae047ca6 since=25480 idx=25/52
[212517][I][MQTT] Upload bucket session start idx=26 sess=33e864-5840-1ee04a0e bucket=0
[212564][I][MQTT] Upload RAM bucket staged bucket=530 records=1 lastEvent=25481 heapFree=19992 psramFree=7433716
[212577][I][MQTT] Upload RAM bucket session exhausted bucket=530 session=33e864-5840-1ee04a0e since=25486 idx=26/52
[212578][I][MQTT] Upload bucket session start idx=27 sess=33e864-5778-ef96caef bucket=6
[212621][I][MQTT] Upload stream fill done bucket=530 records=8 complete=0 ms=105
[212622][I][MQTT] Upload stream refilled bucket=531 records=8 remaining=286 ms=105
[212647][I][STORAGE] Segment lifecycle seg=265 indexed->partially_uploaded trust=trusted pending=5
[212659][I][MQTT] Dump progress pub=4224 fail=0 session=27/52 since=25488 leaseMaxEvents=4508
[212708][I][STORAGE] Segment lifecycle seg=265 partially_uploaded->fully_uploaded trust=trusted pending=0
[212721][I][STORAGE] Segment lifecycle seg=266 indexed->partially_uploaded trust=trusted pending=8
[212735][I][MQTT] Upload stream buffer drained; refilling remaining=278 complete=0
[212736][I][MQTT] Upload stream fill begin bucket=531 max=8 requested=64 internalFree=30348 indexWindow=0 indexed=4508 truncated=0 sessions=52 sessionIndex=27 radioQuiet=1
[212783][I][MQTT] Upload RAM bucket staged bucket=531 records=1 lastEvent=25489 heapFree=19820 psramFree=7433732
[212800][I][MQTT] Upload RAM bucket session exhausted bucket=531 session=33e864-5778-ef96caef since=25495 idx=27/52
[212801][I][MQTT] Upload bucket session start idx=28 sess=33e864-5866-d2256c0e bucket=7
[212841][I][MQTT] Upload stream fill done bucket=531 records=8 complete=0 ms=105
[212842][I][MQTT] Upload stream refilled bucket=532 records=8 remaining=278 ms=105
[212936][I][STORAGE] Segment lifecycle seg=266 partially_uploaded->fully_uploaded trust=trusted pending=0
[212948][I][STORAGE] Segment lifecycle seg=267 indexed->partially_uploaded trust=trusted pending=13
[212950][I][MQTT] Upload stream buffer drained; refilling remaining=270 complete=0
[212951][I][MQTT] Upload stream fill begin bucket=532 max=8 requested=64 internalFree=29636 indexWindow=0 indexed=4508 truncated=0 sessions=52 sessionIndex=28 radioQuiet=1
[212998][I][MQTT] Upload RAM bucket staged bucket=532 records=1 lastEvent=25497 heapFree=19192 psramFree=7433732
[213018][I][MQTT] Upload stream fill done bucket=532 records=8 complete=0 ms=67
[213019][I][MQTT] Upload stream refilled bucket=533 records=8 remaining=270 ms=68
[213127][I][MQTT] Upload stream buffer drained; refilling remaining=262 complete=0
[213129][I][MQTT] Upload stream fill begin bucket=533 max=8 requested=64 internalFree=29628 indexWindow=0 indexed=4508 truncated=0 sessions=52 sessionIndex=28 radioQuiet=1
[213175][I][MQTT] Upload RAM bucket staged bucket=533 records=1 lastEvent=25505 heapFree=19024 psramFree=7433732
[213185][I][MQTT] Upload RAM bucket session exhausted bucket=533 session=33e864-5866-d2256c0e since=25509 idx=28/52
[213186][I][MQTT] Upload bucket session start idx=29 sess=33e864-6036-340ecd38 bucket=5
[213232][I][MQTT] Upload stream fill done bucket=533 records=8 complete=0 ms=104
[213233][I][MQTT] Upload stream refilled bucket=534 records=8 remaining=262 ms=104
[213291][I][MQTT] Upload checkpoint deferred until radio quiet pub=4250
[213304][I][STORAGE] Segment lifecycle seg=267 partially_uploaded->fully_uploaded trust=trusted pending=0
[213316][I][STORAGE] Segment lifecycle seg=268 indexed->partially_uploaded trust=trusted pending=10
[213340][I][MQTT] Upload stream buffer drained; refilling remaining=254 complete=0
[213341][I][MQTT] Upload stream fill begin bucket=534 max=8 requested=64 internalFree=25780 indexWindow=0 indexed=4508 truncated=0 sessions=52 sessionIndex=29 radioQuiet=1
[213389][I][MQTT] Upload RAM bucket staged bucket=534 records=1 lastEvent=25513 heapFree=19040 psramFree=7433700
[213409][I][MQTT] Upload stream fill done bucket=534 records=8 complete=0 ms=68
[213410][I][MQTT] Upload stream refilled bucket=535 records=8 remaining=254 ms=68
[213518][I][STORAGE] Segment lifecycle seg=268 partially_uploaded->fully_uploaded trust=trusted pending=0
[213520][I][MQTT] Upload stream buffer drained; refilling remaining=246 complete=0
[213521][I][MQTT] Upload stream fill begin bucket=535 max=8 requested=64 internalFree=29580 indexWindow=0 indexed=4508 truncated=0 sessions=52 sessionIndex=29 radioQuiet=1
[213521][I][MQTT] Upload RAM bucket session exhausted bucket=535 session=33e864-6036-340ecd38 since=25520 idx=29/52
[213522][I][MQTT] Upload bucket session start idx=30 sess=33e864-6475-69edfb2d bucket=0
[213568][I][MQTT] Upload RAM bucket staged bucket=535 records=1 lastEvent=25521 heapFree=19092 psramFree=7433716
[213588][I][MQTT] Upload stream fill done bucket=535 records=8 complete=0 ms=68
[213589][I][MQTT] Upload stream refilled bucket=536 records=8 remaining=246 ms=68
[213612][I][STORAGE] Segment lifecycle seg=272 indexed->partially_uploaded trust=trusted pending=12
[213698][I][MQTT] Upload stream buffer drained; refilling remaining=238 complete=0
[213699][I][MQTT] Upload stream fill begin bucket=536 max=8 requested=64 internalFree=22184 indexWindow=0 indexed=4508 truncated=0 sessions=52 sessionIndex=30 radioQuiet=1
[213748][I][MQTT] Upload RAM bucket staged bucket=536 records=1 lastEvent=25529 heapFree=18984 psramFree=7433732
[213758][I][MQTT] Upload RAM bucket session exhausted bucket=536 session=33e864-6475-69edfb2d since=25533 idx=30/52
[213759][I][MQTT] Upload bucket session start idx=31 sess=33e864-5992-1a6886e5 bucket=5
[213804][I][MQTT] Upload stream fill done bucket=536 records=8 complete=0 ms=105
[213805][I][MQTT] Upload stream refilled bucket=537 records=8 remaining=238 ms=105
[213882][I][STORAGE] Segment lifecycle seg=272 partially_uploaded->fully_uploaded trust=trusted pending=0
[213895][I][STORAGE] Segment lifecycle seg=274 indexed->partially_uploaded trust=trusted pending=9
[213919][I][MQTT] Upload stream buffer drained; refilling remaining=230 complete=0
[213920][I][MQTT] Upload stream fill begin bucket=537 max=8 requested=64 internalFree=29480 indexWindow=0 indexed=4508 truncated=0 sessions=52 sessionIndex=31 radioQuiet=1
[213968][I][MQTT] Upload RAM bucket staged bucket=537 records=1 lastEvent=25537 heapFree=18780 psramFree=7433700
[213985][I][MQTT] Upload RAM bucket session exhausted bucket=537 session=33e864-5992-1a6886e5 since=25543 idx=31/52
[213986][I][MQTT] Upload bucket session start idx=32 sess=33e864-6242-61da583b bucket=7
[214024][I][MQTT] Upload stream fill done bucket=537 records=8 complete=0 ms=104
[214025][I][MQTT] Upload stream refilled bucket=538 records=8 remaining=230 ms=104
[214122][I][STORAGE] Segment lifecycle seg=274 partially_uploaded->fully_uploaded trust=trusted pending=0
[214135][I][STORAGE] Segment lifecycle seg=277 indexed->partially_uploaded trust=trusted pending=21
[214136][I][MQTT] Upload stream buffer drained; refilling remaining=222 complete=0
[214137][I][MQTT] Upload stream fill begin bucket=538 max=8 requested=64 internalFree=29424 indexWindow=0 indexed=4508 truncated=0 sessions=52 sessionIndex=32 radioQuiet=1
[214183][I][MQTT] Upload RAM bucket staged bucket=538 records=1 lastEvent=25545 heapFree=18900 psramFree=7433700
[214203][I][MQTT] Upload stream fill done bucket=538 records=8 complete=0 ms=66
[214204][I][MQTT] Upload stream refilled bucket=539 records=8 remaining=222 ms=66
[214239][I][MQTT] Dump progress pub=4288 fail=0 session=32/52 since=25552 leaseMaxEvents=4508
[214312][I][MQTT] Upload stream buffer drained; refilling remaining=214 complete=0
[214313][I][MQTT] Upload stream fill begin bucket=539 max=8 requested=64 internalFree=29432 indexWindow=0 indexed=4508 truncated=0 sessions=52 sessionIndex=32 radioQuiet=1
[214359][I][MQTT] Upload RAM bucket staged bucket=539 records=1 lastEvent=25553 heapFree=18892 psramFree=7433732
[214378][I][MQTT] Upload stream fill done bucket=539 records=8 complete=0 ms=65
[214379][I][MQTT] Upload stream refilled bucket=540 records=8 remaining=214 ms=66
[214486][I][MQTT] Upload stream buffer drained; refilling remaining=206 complete=0
[214487][I][MQTT] Upload stream fill begin bucket=540 max=8 requested=64 internalFree=29424 indexWindow=0 indexed=4508 truncated=0 sessions=52 sessionIndex=32 radioQuiet=1
[214533][I][MQTT] Upload RAM bucket staged bucket=540 records=1 lastEvent=25561 heapFree=18752 psramFree=7433700
[214543][I][MQTT] Upload RAM bucket session exhausted bucket=540 session=33e864-6242-61da583b since=25565 idx=32/52
[214544][I][MQTT] Upload bucket session start idx=33 sess=33e864-6688-158027d6 bucket=5
[214590][I][MQTT] Upload stream fill done bucket=540 records=8 complete=0 ms=103
[214591][I][MQTT] Upload stream refilled bucket=541 records=8 remaining=206 ms=105
[214663][I][STORAGE] Segment lifecycle seg=277 partially_uploaded->fully_uploaded trust=trusted pending=0
[214675][I][STORAGE] Segment lifecycle seg=279 indexed->partially_uploaded trust=trusted pending=10
[214700][I][MQTT] Upload stream buffer drained; refilling remaining=198 complete=0
[214701][I][MQTT] Upload stream fill begin bucket=541 max=8 requested=64 internalFree=29376 indexWindow=0 indexed=4508 truncated=0 sessions=52 sessionIndex=33 radioQuiet=1
[214747][I][MQTT] Upload RAM bucket staged bucket=541 records=1 lastEvent=25569 heapFree=18856 psramFree=7433700
[214767][I][MQTT] Upload stream fill done bucket=541 records=8 complete=0 ms=66
[214768][I][MQTT] Upload stream refilled bucket=542 records=8 remaining=198 ms=66
[214876][I][STORAGE] Segment lifecycle seg=279 partially_uploaded->fully_uploaded trust=trusted pending=0
[214877][I][MQTT] Upload stream buffer drained; refilling remaining=190 complete=0
[214879][I][MQTT] Upload stream fill begin bucket=542 max=8 requested=64 internalFree=26084 indexWindow=0 indexed=4508 truncated=0 sessions=52 sessionIndex=33 radioQuiet=1
[214880][I][MQTT] Upload RAM bucket session exhausted bucket=542 session=33e864-6688-158027d6 since=25576 idx=33/52
[214880][I][MQTT] Upload bucket session start idx=34 sess=33e864-6157-9cd578d0 bucket=0
[214931][I][MQTT] Upload RAM bucket staged bucket=542 records=1 lastEvent=25577 heapFree=18928 psramFree=7433716
[214950][I][MQTT] Upload stream fill done bucket=542 records=8 complete=0 ms=72
[214951][I][MQTT] Upload stream refilled bucket=543 records=8 remaining=190 ms=73
[214977][I][STORAGE] Segment lifecycle seg=291 indexed->partially_uploaded trust=trusted pending=10
[215061][I][MQTT] Upload stream buffer drained; refilling remaining=182 complete=0
[215062][I][MQTT] Upload stream fill begin bucket=543 max=8 requested=64 internalFree=29336 indexWindow=0 indexed=4508 truncated=0 sessions=52 sessionIndex=34 radioQuiet=1
[215112][I][MQTT] Upload RAM bucket staged bucket=543 records=1 lastEvent=25585 heapFree=20068 psramFree=7433732
[215116][I][MQTT] Upload RAM bucket session exhausted bucket=543 session=33e864-6157-9cd578d0 since=25587 idx=34/52
[215117][I][MQTT] Upload bucket session start idx=35 sess=33e864-6539-c6a581ea bucket=3
[215176][I][MQTT] Upload stream fill done bucket=543 records=8 complete=0 ms=114
[215177][I][MQTT] Upload stream refilled bucket=544 records=8 remaining=182 ms=115
[215224][I][STORAGE] Segment lifecycle seg=291 partially_uploaded->fully_uploaded trust=trusted pending=0
[215236][I][STORAGE] Segment lifecycle seg=293 indexed->partially_uploaded trust=trusted pending=10
[215285][I][MQTT] Upload stream buffer drained; refilling remaining=174 complete=0
[216550][I][STORAGE] worker ui refresh serviced uiRefreshServiceCount=13 uiDeferred=1 uiFlush=2 pressure=0 usedPct=19 pending=174
[217741][I][MQTT] Upload stream fill begin bucket=544 max=8 requested=64 internalFree=29288 indexWindow=0 indexed=4508 truncated=0 sessions=52 sessionIndex=35 radioQuiet=1
[217793][I][MQTT] Upload RAM bucket staged bucket=544 records=1 lastEvent=25593 heapFree=18904 psramFree=7433716
[217806][I][MQTT] Upload RAM bucket session exhausted bucket=544 session=33e864-6539-c6a581ea since=25598 idx=35/52
[217807][I][MQTT] Upload bucket session start idx=36 sess=33e864-6704-ddc06d74 bucket=6
[217863][I][MQTT] Upload stream fill done bucket=544 records=8 complete=0 ms=122
[217864][I][MQTT] Upload stream refilled bucket=545 records=8 remaining=174 ms=123
[217951][I][STORAGE] Segment lifecycle seg=293 partially_uploaded->fully_uploaded trust=trusted pending=0
[217963][I][STORAGE] Segment lifecycle seg=296 indexed->partially_uploaded trust=trusted pending=24
[217976][I][MQTT] Upload stream buffer drained; refilling remaining=166 complete=0
[217977][I][MQTT] Upload stream fill begin bucket=545 max=8 requested=64 internalFree=29240 indexWindow=0 indexed=4508 truncated=0 sessions=52 sessionIndex=36 radioQuiet=1
[218037][I][MQTT] Upload RAM bucket staged bucket=545 records=1 lastEvent=25601 heapFree=18712 psramFree=7433732
[218058][I][MQTT] Upload stream fill done bucket=545 records=8 complete=0 ms=81
[218059][I][MQTT] Upload stream refilled bucket=546 records=8 remaining=166 ms=82
[218166][I][MQTT] Upload stream buffer drained; refilling remaining=158 complete=0
[218167][I][MQTT] Upload stream fill begin bucket=546 max=8 requested=64 internalFree=29240 indexWindow=0 indexed=4508 truncated=0 sessions=52 sessionIndex=36 radioQuiet=1
[218226][I][MQTT] Upload RAM bucket staged bucket=546 records=1 lastEvent=25609 heapFree=18804 psramFree=7433732
[218246][I][MQTT] Upload stream fill done bucket=546 records=8 complete=0 ms=79
[218247][I][MQTT] Upload stream refilled bucket=547 records=8 remaining=158 ms=80
[218281][I][MQTT] Dump progress pub=4352 fail=0 session=36/52 since=25616 leaseMaxEvents=4508
[218355][I][MQTT] Upload stream buffer drained; refilling remaining=150 complete=0
[218356][I][MQTT] Upload stream fill begin bucket=547 max=8 requested=64 internalFree=29240 indexWindow=0 indexed=4508 truncated=0 sessions=52 sessionIndex=36 radioQuiet=1
[218416][I][MQTT] Upload RAM bucket staged bucket=547 records=1 lastEvent=25617 heapFree=18652 psramFree=7433732
[218433][I][MQTT] Upload RAM bucket session exhausted bucket=547 session=33e864-6704-ddc06d74 since=25623 idx=36/52
[218434][I][MQTT] Upload bucket session start idx=37 sess=33e864-6815-87d710e4 bucket=7
[218487][I][MQTT] Upload stream fill done bucket=547 records=8 complete=0 ms=131
[218487][I][MQTT] Upload stream refilled bucket=548 records=8 remaining=150 ms=131
[218583][I][STORAGE] Segment lifecycle seg=296 partially_uploaded->fully_uploaded trust=trusted pending=0
[218596][I][STORAGE] Segment lifecycle seg=298 indexed->partially_uploaded trust=trusted pending=9
[218596][I][MQTT] Upload stream buffer drained; refilling remaining=142 complete=0
[218597][I][MQTT] Upload stream fill begin bucket=548 max=8 requested=64 internalFree=29184 indexWindow=0 indexed=4508 truncated=0 sessions=52 sessionIndex=37 radioQuiet=1
[218657][I][MQTT] Upload RAM bucket staged bucket=548 records=1 lastEvent=25625 heapFree=18588 psramFree=7433700
[218677][I][MQTT] Upload stream fill done bucket=548 records=8 complete=0 ms=80
[218678][I][MQTT] Upload stream refilled bucket=549 records=8 remaining=142 ms=80
[218786][I][MQTT] Upload stream buffer drained; refilling remaining=134 complete=0
[218788][I][MQTT] Upload stream fill begin bucket=549 max=8 requested=64 internalFree=29184 indexWindow=0 indexed=4508 truncated=0 sessions=52 sessionIndex=37 radioQuiet=1
[218840][I][MQTT] Upload RAM bucket staged bucket=549 records=1 lastEvent=25633 heapFree=19996 psramFree=7433700
[218842][I][MQTT] Upload RAM bucket session exhausted bucket=549 session=33e864-6815-87d710e4 since=25633 idx=37/52
[218842][I][MQTT] Upload bucket session start idx=38 sess=33e864-6549-6d7f8253 bucket=1
[218918][I][MQTT] Upload stream fill done bucket=549 records=8 complete=0 ms=131
[218919][I][MQTT] Upload stream refilled bucket=550 records=8 remaining=134 ms=131
[218944][I][STORAGE] Segment lifecycle seg=298 partially_uploaded->fully_uploaded trust=trusted pending=0
[218956][I][STORAGE] Segment lifecycle seg=300 indexed->partially_uploaded trust=trusted pending=8
[219031][I][MQTT] Upload stream buffer drained; refilling remaining=126 complete=0
[219032][I][MQTT] Upload stream fill begin bucket=550 max=8 requested=64 internalFree=29136 indexWindow=0 indexed=4508 truncated=0 sessions=52 sessionIndex=38 radioQuiet=1
[219087][I][MQTT] Upload RAM bucket staged bucket=550 records=1 lastEvent=25641 heapFree=20000 psramFree=7433716
[219090][I][MQTT] Upload RAM bucket session exhausted bucket=550 session=33e864-6549-6d7f8253 since=25642 idx=38/52
[219091][I][MQTT] Upload bucket session start idx=39 sess=33e864-7303-180f5f5d bucket=2
[219161][I][MQTT] Upload stream fill done bucket=550 records=8 complete=0 ms=129
[219161][I][MQTT] Upload stream refilled bucket=551 records=8 remaining=126 ms=129
[219196][I][STORAGE] Segment lifecycle seg=300 partially_uploaded->fully_uploaded trust=trusted pending=0
[219209][I][STORAGE] Segment lifecycle seg=303 indexed->partially_uploaded trust=trusted pending=10
[219269][I][MQTT] Upload stream buffer drained; refilling remaining=118 complete=0
[219270][I][MQTT] Upload stream fill begin bucket=551 max=8 requested=64 internalFree=29088 indexWindow=0 indexed=4508 truncated=0 sessions=52 sessionIndex=39 radioQuiet=1
[219330][I][MQTT] Upload RAM bucket staged bucket=551 records=1 lastEvent=25649 heapFree=18696 psramFree=7433716
[219340][I][MQTT] Upload RAM bucket session exhausted bucket=551 session=33e864-7303-180f5f5d since=25653 idx=39/52
[219341][I][MQTT] Upload bucket session start idx=40 sess=33e864-6682-f2d572a6 bucket=5
[219400][I][MQTT] Upload stream fill done bucket=551 records=8 complete=0 ms=130
[219401][I][MQTT] Upload stream refilled bucket=552 records=8 remaining=118 ms=130
[219472][I][STORAGE] Segment lifecycle seg=303 partially_uploaded->fully_uploaded trust=trusted pending=0
[219484][I][STORAGE] Segment lifecycle seg=304 indexed->partially_uploaded trust=trusted pending=6
[219510][I][MQTT] Upload stream buffer drained; refilling remaining=110 complete=0
[219511][I][MQTT] Upload stream fill begin bucket=552 max=8 requested=64 internalFree=29040 indexWindow=0 indexed=4508 truncated=0 sessions=52 sessionIndex=40 radioQuiet=1
[219570][I][MQTT] Upload RAM bucket staged bucket=552 records=1 lastEvent=25657 heapFree=18656 psramFree=7433716
[219575][I][MQTT] Upload RAM bucket session exhausted bucket=552 session=33e864-6682-f2d572a6 since=25660 idx=40/52
[219576][I][MQTT] Upload bucket session start idx=41 sess=33e864-6827-f259be51 bucket=4
[219639][I][MQTT] Upload stream fill done bucket=552 records=8 complete=0 ms=128
[219640][I][MQTT] Upload stream refilled bucket=553 records=8 remaining=110 ms=129
[219700][I][STORAGE] Segment lifecycle seg=304 partially_uploaded->fully_uploaded trust=trusted pending=0
[219713][I][STORAGE] Segment lifecycle seg=305 indexed->partially_uploaded trust=trusted pending=8
[219749][I][MQTT] Upload stream buffer drained; refilling remaining=102 complete=0
[219751][I][MQTT] Upload stream fill begin bucket=553 max=8 requested=64 internalFree=28992 indexWindow=0 indexed=4508 truncated=0 sessions=52 sessionIndex=41 radioQuiet=1
[219810][I][MQTT] Upload RAM bucket staged bucket=553 records=1 lastEvent=25665 heapFree=18424 psramFree=7433732
[219820][I][MQTT] Upload RAM bucket session exhausted bucket=553 session=33e864-6827-f259be51 since=25669 idx=41/52
[219821][I][MQTT] Upload bucket session start idx=42 sess=33e864-6929-39215cc8 bucket=5
[219880][I][MQTT] Upload stream fill done bucket=553 records=8 complete=0 ms=130
[219881][I][MQTT] Upload stream refilled bucket=554 records=8 remaining=102 ms=130
[219952][I][STORAGE] Segment lifecycle seg=305 partially_uploaded->fully_uploaded trust=trusted pending=0
[219965][I][STORAGE] Segment lifecycle seg=307 indexed->partially_uploaded trust=trusted pending=15
[219991][I][MQTT] Upload stream buffer drained; refilling remaining=94 complete=0
[219992][I][MQTT] Upload stream fill begin bucket=554 max=8 requested=64 internalFree=25656 indexWindow=0 indexed=4508 truncated=0 sessions=52 sessionIndex=42 radioQuiet=1
[220052][I][MQTT] Upload RAM bucket staged bucket=554 records=1 lastEvent=25673 heapFree=18324 psramFree=7433700
[220072][I][MQTT] Upload stream fill done bucket=554 records=8 complete=0 ms=80
[220073][I][MQTT] Upload stream refilled bucket=555 records=8 remaining=94 ms=81
[220111][I][MQTT] Dump progress pub=4416 fail=0 session=42/52 since=25680 leaseMaxEvents=4508
[220183][I][MQTT] Upload stream buffer drained; refilling remaining=86 complete=0
[220185][I][MQTT] Upload stream fill begin bucket=555 max=8 requested=64 internalFree=28944 indexWindow=0 indexed=4508 truncated=0 sessions=52 sessionIndex=42 radioQuiet=1
[220244][I][MQTT] Upload RAM bucket staged bucket=555 records=1 lastEvent=25681 heapFree=18388 psramFree=7433732
[220254][I][MQTT] Upload RAM bucket session exhausted bucket=555 session=33e864-6929-39215cc8 since=25685 idx=42/52
[220255][I][MQTT] Upload bucket session start idx=43 sess=33e864-7044-d3d231ad bucket=5
[220310][I][MQTT] Upload RAM bucket session exhausted bucket=555 session=33e864-7044-d3d231ad since=25687 idx=43/52
[220311][I][MQTT] Upload bucket session start idx=44 sess=33e864-16642-05626385 bucket=7
[220362][I][MQTT] Upload stream fill done bucket=555 records=8 complete=0 ms=178
[220363][I][MQTT] Upload stream refilled bucket=556 records=8 remaining=86 ms=178
[220373][W][CORE] TaskHardware loop gap=290ms owner=WIFI_UPLOAD pendingUpload=86 maintPending=1 suppressed=1
[220434][I][STORAGE] Segment lifecycle seg=307 partially_uploaded->fully_uploaded trust=trusted pending=0
[220446][I][STORAGE] Segment lifecycle seg=308 indexed->partially_uploaded trust=trusted pending=1
[220458][I][STORAGE] Segment lifecycle seg=308 partially_uploaded->fully_uploaded trust=trusted pending=0
[220471][I][STORAGE] Segment lifecycle seg=315 indexed->partially_uploaded trust=trusted pending=10
[220472][I][MQTT] Upload stream buffer drained; refilling remaining=78 complete=0
[220473][I][MQTT] Upload stream fill begin bucket=556 max=8 requested=64 internalFree=28848 indexWindow=0 indexed=4508 truncated=0 sessions=52 sessionIndex=44 radioQuiet=1
[220532][I][MQTT] Upload RAM bucket staged bucket=556 records=1 lastEvent=26261 heapFree=18104 psramFree=7433700
[220552][I][MQTT] Upload stream fill done bucket=556 records=8 complete=0 ms=80
[220552][I][MQTT] Upload stream refilled bucket=557 records=8 remaining=78 ms=80
[220661][I][MQTT] Upload stream buffer drained; refilling remaining=70 complete=0
[220662][I][MQTT] Upload stream fill begin bucket=557 max=8 requested=64 internalFree=28848 indexWindow=0 indexed=4508 truncated=0 sessions=52 sessionIndex=44 radioQuiet=1
[220717][I][MQTT] Upload RAM bucket staged bucket=557 records=1 lastEvent=26269 heapFree=19700 psramFree=7433716
[220719][I][MQTT] Upload RAM bucket session exhausted bucket=557 session=33e864-16642-05626385 since=26270 idx=44/52
[220720][I][MQTT] Upload bucket session start idx=45 sess=33e864-6810-8695a2bc bucket=2
[220796][I][MQTT] Upload stream fill done bucket=557 records=8 complete=0 ms=134
[220797][I][MQTT] Upload stream refilled bucket=558 records=8 remaining=70 ms=135
[220832][I][STORAGE] Segment lifecycle seg=315 partially_uploaded->fully_uploaded trust=trusted pending=0
[220846][I][STORAGE] Segment lifecycle seg=329 indexed->partially_uploaded trust=trusted pending=16
[220906][I][MQTT] Upload stream buffer drained; refilling remaining=62 complete=0
[220907][I][MQTT] Upload stream fill begin bucket=558 max=8 requested=64 internalFree=28800 indexWindow=0 indexed=4508 truncated=0 sessions=52 sessionIndex=45 radioQuiet=1
[220972][I][MQTT] Upload RAM bucket staged bucket=558 records=1 lastEvent=27045 heapFree=18380 psramFree=7433716
[220992][I][MQTT] Upload stream fill done bucket=558 records=8 complete=0 ms=85
[220992][I][MQTT] Upload stream refilled bucket=559 records=8 remaining=62 ms=85
[221101][I][MQTT] Upload stream buffer drained; refilling remaining=54 complete=0
[221102][I][MQTT] Upload stream fill begin bucket=559 max=8 requested=64 internalFree=28800 indexWindow=0 indexed=4508 truncated=0 sessions=52 sessionIndex=45 radioQuiet=1
[221165][I][MQTT] Upload RAM bucket staged bucket=559 records=1 lastEvent=27053 heapFree=19348 psramFree=7433692
[221169][I][MQTT] Upload RAM bucket session exhausted bucket=559 session=33e864-6810-8695a2bc since=27055 idx=45/52
[221170][I][MQTT] Upload bucket session start idx=46 sess=33e864-6806-185f449c bucket=3
[221242][I][MQTT] Upload stream fill done bucket=559 records=8 complete=0 ms=140
[221243][I][MQTT] Upload stream refilled bucket=560 records=8 remaining=54 ms=141
[221291][I][STORAGE] Segment lifecycle seg=329 partially_uploaded->fully_uploaded trust=trusted pending=0
[221304][I][STORAGE] Segment lifecycle seg=332 indexed->partially_uploaded trust=trusted pending=18
[221352][I][MQTT] Upload stream buffer drained; refilling remaining=46 complete=0
[221353][I][MQTT] Upload stream fill begin bucket=560 max=8 requested=64 internalFree=28752 indexWindow=0 indexed=4508 truncated=0 sessions=52 sessionIndex=46 radioQuiet=1
[221418][I][MQTT] Upload RAM bucket staged bucket=560 records=1 lastEvent=27108 heapFree=18084 psramFree=7433700
[221438][I][MQTT] Upload stream fill done bucket=560 records=8 complete=0 ms=85
[221438][I][MQTT] Upload stream refilled bucket=561 records=8 remaining=46 ms=85
[221547][I][MQTT] Upload stream buffer drained; refilling remaining=38 complete=0
[221548][I][MQTT] Upload stream fill begin bucket=561 max=8 requested=64 internalFree=28752 indexWindow=0 indexed=4508 truncated=0 sessions=52 sessionIndex=46 radioQuiet=1
[221612][I][MQTT] Upload RAM bucket staged bucket=561 records=1 lastEvent=27116 heapFree=17984 psramFree=7433732
[221626][I][MQTT] Upload RAM bucket session exhausted bucket=561 session=33e864-6806-185f449c since=27121 idx=46/52
[221627][I][MQTT] Upload bucket session start idx=47 sess=33e864-6986-28d65486 bucket=6
[221688][I][MQTT] Upload stream fill done bucket=561 records=8 complete=0 ms=140
[221689][I][MQTT] Upload stream refilled bucket=562 records=8 remaining=38 ms=141
[221771][I][STORAGE] Segment lifecycle seg=332 partially_uploaded->fully_uploaded trust=trusted pending=0
[221784][I][STORAGE] Segment lifecycle seg=334 indexed->partially_uploaded trust=trusted pending=8
[221796][I][MQTT] Upload stream buffer drained; refilling remaining=30 complete=0
[221797][I][MQTT] Upload stream fill begin bucket=562 max=8 requested=64 internalFree=28704 indexWindow=0 indexed=4508 truncated=0 sessions=52 sessionIndex=47 radioQuiet=1
[221862][I][MQTT] Upload RAM bucket staged bucket=562 records=1 lastEvent=27124 heapFree=18008 psramFree=7433700
[221880][I][MQTT] Upload RAM bucket session exhausted bucket=562 session=33e864-6986-28d65486 since=27130 idx=47/52
[221881][I][MQTT] Upload bucket session start idx=48 sess=33e864-7148-0f47bd59 bucket=7
[221939][I][MQTT] Upload stream fill done bucket=562 records=8 complete=0 ms=142
[221940][I][MQTT] Upload stream refilled bucket=563 records=8 remaining=30 ms=142
[221975][I][MQTT] Dump progress pub=4480 fail=0 session=48/52 since=27131 leaseMaxEvents=4508
[222037][I][STORAGE] Segment lifecycle seg=334 partially_uploaded->fully_uploaded trust=trusted pending=0
[222050][I][STORAGE] Segment lifecycle seg=335 indexed->partially_uploaded trust=trusted pending=2
[222051][I][MQTT] Upload stream buffer drained; refilling remaining=22 complete=0
[222052][I][MQTT] Upload stream fill begin bucket=563 max=8 requested=64 internalFree=28656 indexWindow=0 indexed=4508 truncated=0 sessions=52 sessionIndex=48 radioQuiet=1
[222111][I][MQTT] Upload RAM bucket staged bucket=563 records=1 lastEvent=27132 heapFree=19480 psramFree=7433700
[222114][I][MQTT] Upload RAM bucket session exhausted bucket=563 session=33e864-7148-0f47bd59 since=27133 idx=48/52
[222115][I][MQTT] Upload bucket session start idx=49 sess=33e864-8919-dfa0fb3c bucket=2
[222187][I][MQTT] Upload RAM bucket session exhausted bucket=563 session=33e864-8919-dfa0fb3c since=28034 idx=49/52
[222188][I][MQTT] Upload bucket session start idx=50 sess=33e864-7816-c5647d95 bucket=7
[222244][I][MQTT] Upload stream fill done bucket=563 records=8 complete=0 ms=193
[222245][I][MQTT] Upload stream refilled bucket=564 records=8 remaining=22 ms=193
[222283][I][STORAGE] Segment lifecycle seg=335 partially_uploaded->fully_uploaded trust=trusted pending=0
[222295][I][STORAGE] Segment lifecycle seg=351 indexed->partially_uploaded trust=trusted pending=4
[222346][I][STORAGE] Segment lifecycle seg=351 partially_uploaded->fully_uploaded trust=trusted pending=0
[222359][I][STORAGE] Segment lifecycle seg=352 indexed->partially_uploaded trust=trusted pending=8
[222360][I][MQTT] Upload stream buffer drained; refilling remaining=14 complete=0
[222361][I][MQTT] Upload stream fill begin bucket=564 max=8 requested=64 internalFree=28560 indexWindow=0 indexed=4508 truncated=0 sessions=52 sessionIndex=50 radioQuiet=1
[222424][I][MQTT] Upload RAM bucket staged bucket=564 records=1 lastEvent=28036 heapFree=18092 psramFree=7433732
[222444][I][MQTT] Upload stream fill done bucket=564 records=8 complete=0 ms=83
[222445][I][MQTT] Upload stream refilled bucket=565 records=8 remaining=14 ms=84
[222526][I][MQTT] Upload checkpoint deferred until radio quiet pub=4500
[222551][I][STORAGE] Segment lifecycle seg=352 partially_uploaded->fully_uploaded trust=trusted pending=0
[222551][I][MQTT] Upload stream buffer drained; refilling remaining=6 complete=0
[222552][I][MQTT] Upload stream fill begin bucket=565 max=8 requested=64 internalFree=28560 indexWindow=0 indexed=4508 truncated=0 sessions=52 sessionIndex=50 radioQuiet=1
[222553][I][MQTT] Upload RAM bucket session exhausted bucket=565 session=33e864-7816-c5647d95 since=28043 idx=50/52
[222553][I][MQTT] Upload bucket session start idx=51 sess=33e864-8186-19fa428f bucket=0
[222615][I][MQTT] Upload RAM bucket staged bucket=565 records=1 lastEvent=28580 heapFree=18116 psramFree=7433716
[222628][I][MQTT] Upload RAM bucket session exhausted bucket=565 session=33e864-8186-19fa428f since=28585 idx=51/52
[222629][I][MQTT] Upload stream fill done bucket=565 records=6 complete=1 ms=77
[222629][I][MQTT] Upload stream refilled bucket=566 records=6 remaining=6 ms=77
[222652][I][STORAGE] Segment lifecycle seg=362 indexed->partially_uploaded trust=trusted pending=5
[222713][I][STORAGE] Segment lifecycle seg=362 partially_uploaded->fully_uploaded trust=trusted pending=0
[222723][I][MQTT] Census publish begin
[223765][I][MQTT] Census publish end
[224488][I][STORAGE] Segment lifecycle seg=207 delete_pending->delete_pending
[224557][I][STORAGE] Segment lifecycle seg=210 delete_pending->delete_pending
[224626][I][STORAGE] Segment lifecycle seg=211 delete_pending->delete_pending
[224699][I][STORAGE] Segment lifecycle seg=214 delete_pending->delete_pending
[224755][I][STORAGE] Segment lifecycle seg=219 delete_pending->delete_pending
[224812][I][STORAGE] Segment lifecycle seg=220 delete_pending->delete_pending
[224869][I][STORAGE] Segment lifecycle seg=221 delete_pending->delete_pending
[224927][I][STORAGE] Segment lifecycle seg=222 delete_pending->delete_pending
[224985][I][STORAGE] Segment lifecycle seg=223 delete_pending->delete_pending
[225045][I][STORAGE] Segment lifecycle seg=226 delete_pending->delete_pending
[225105][I][STORAGE] Segment lifecycle seg=227 delete_pending->delete_pending
[225389][I][STORAGE] Segment lifecycle seg=228 delete_pending->delete_pending
[225436][I][STORAGE] Segment lifecycle seg=229 delete_pending->delete_pending
[225485][I][STORAGE] Segment lifecycle seg=230 delete_pending->delete_pending
[225535][I][STORAGE] Segment lifecycle seg=232 delete_pending->delete_pending
[225585][I][STORAGE] Segment lifecycle seg=233 delete_pending->delete_pending
[225639][I][STORAGE] Segment lifecycle seg=234 delete_pending->delete_pending
[225695][I][STORAGE] Segment lifecycle seg=235 delete_pending->delete_pending
[225752][I][STORAGE] Segment lifecycle seg=236 delete_pending->delete_pending
[225809][I][STORAGE] Segment lifecycle seg=238 delete_pending->delete_pending
[225867][I][STORAGE] Segment lifecycle seg=240 delete_pending->delete_pending
[225930][I][STORAGE] Segment lifecycle seg=241 delete_pending->delete_pending
[225980][I][STORAGE] Segment lifecycle seg=243 delete_pending->delete_pending
[226033][I][STORAGE] Segment lifecycle seg=244 delete_pending->delete_pending
[226085][I][STORAGE] Segment lifecycle seg=245 delete_pending->delete_pending
[226137][I][STORAGE] Segment lifecycle seg=246 delete_pending->delete_pending
[226190][I][STORAGE] Segment lifecycle seg=247 delete_pending->delete_pending
[226244][I][STORAGE] Segment lifecycle seg=253 delete_pending->delete_pending
[226298][I][STORAGE] Segment lifecycle seg=255 delete_pending->delete_pending
[226353][I][STORAGE] Segment lifecycle seg=256 delete_pending->delete_pending
[226408][I][STORAGE] Segment lifecycle seg=257 delete_pending->delete_pending
[226466][I][STORAGE] Segment lifecycle seg=258 delete_pending->delete_pending
[226523][I][STORAGE] Segment lifecycle seg=259 delete_pending->delete_pending
[226581][I][STORAGE] Segment lifecycle seg=260 delete_pending->delete_pending
[226648][I][STORAGE] Segment lifecycle seg=261 delete_pending->delete_pending
[226705][I][STORAGE] Segment lifecycle seg=264 delete_pending->delete_pending
[226766][I][STORAGE] Segment lifecycle seg=265 delete_pending->delete_pending
[226809][I][STORAGE] Segment lifecycle seg=266 delete_pending->delete_pending
[226854][I][STORAGE] Segment lifecycle seg=267 delete_pending->delete_pending
[226900][I][STORAGE] Segment lifecycle seg=268 delete_pending->delete_pending
[226946][I][STORAGE] Segment lifecycle seg=272 delete_pending->delete_pending
[226992][I][STORAGE] Segment lifecycle seg=274 delete_pending->delete_pending
[227040][I][STORAGE] Segment lifecycle seg=277 delete_pending->delete_pending
[227088][I][STORAGE] Segment lifecycle seg=279 delete_pending->delete_pending
[227143][I][STORAGE] Segment lifecycle seg=291 delete_pending->delete_pending
[227191][I][STORAGE] Segment lifecycle seg=293 delete_pending->delete_pending
[227246][I][STORAGE] Segment lifecycle seg=296 delete_pending->delete_pending
[227300][I][STORAGE] Segment lifecycle seg=298 delete_pending->delete_pending
[227358][I][STORAGE] Segment lifecycle seg=300 delete_pending->delete_pending
[227407][I][STORAGE] Segment lifecycle seg=303 delete_pending->delete_pending
[227456][I][STORAGE] Segment lifecycle seg=304 delete_pending->delete_pending
[227508][I][STORAGE] Segment lifecycle seg=305 delete_pending->delete_pending
[227560][I][STORAGE] Segment lifecycle seg=307 delete_pending->delete_pending
[227612][I][STORAGE] Segment lifecycle seg=308 delete_pending->delete_pending
[227664][I][STORAGE] Segment lifecycle seg=315 delete_pending->delete_pending
[227726][I][STORAGE] Segment lifecycle seg=329 delete_pending->delete_pending
[227773][I][STORAGE] Segment lifecycle seg=332 delete_pending->delete_pending
[227820][I][STORAGE] Segment lifecycle seg=334 delete_pending->delete_pending
[227868][I][STORAGE] Segment lifecycle seg=335 delete_pending->delete_pending
[227916][I][STORAGE] Segment lifecycle seg=351 delete_pending->delete_pending
[227965][I][STORAGE] Segment lifecycle seg=352 delete_pending->delete_pending
[228014][I][STORAGE] Segment lifecycle seg=359 delete_pending->delete_pending
[228055][I][STORAGE] Segment lifecycle seg=362 delete_pending->delete_pending
[228080][W][STORAGE] Spool segment remove retry seg=362 attempt=1 path=/spool/seg_000362.bin
[228090][W][STORAGE] Spool segment remove retry seg=362 attempt=2 path=/spool/seg_000362.bin
[228100][W][STORAGE] Spool segment remove retry seg=362 attempt=3 path=/spool/seg_000362.bin
[228110][W][STORAGE] Spool segment remove retry seg=362 attempt=4 path=/spool/seg_000362.bin
[228112][W][STORAGE] Spool compact remove_failed seg=362 path=/spool/seg_000362.bin
[228112][W][STORAGE] Counter trust=repair_required reason=compact_remove_failed since=228112
[228113][I][STORAGE] Maintenance requested reason=counter_untrusted source=compact_remove_failed flags=dirty_spool_index|dirty_summary|snapshot_lagged|upload_enrich_cursor_dirty|counter_untrusted|segment_audit|de
[228113][W][STORAGE] Spool compact skipped prune scanFailed=0 removeFailed=1
[228114][E][STORAGE] Contract violation: spool_index reason=compact
[228655][I][STORAGE] Spool compact removed=62 remaining=2
[228830][I][STORAGE] Spool diag[compact] validSegments=2 untrustedSegments=0 invalidSegments=0 activeSegment=363 totalRecords=6 storedEvents=6 pendingUpload=unknown nextEventId=28592 backlog=unknown
[229034][I][STORAGE] Spool compact request session=33e864-6752-501b8b58 result=1 pendingUpload=0
[229035][I][MQTT] Compacted uploaded event files for 52 session(s)
[229274][I][MQTT] Transient files purged after successful dump
[229306][I][STORAGE] Maintenance requested reason=fs_audit source=post_upload flags=dirty_spool_index|dirty_summary|snapshot_lagged|upload_enrich_cursor_dirty|counter_untrusted|segment_audit|delete_drained|fs_aud
[229307][I][MQTT] upload_session_summary pub=4508 failed=0 remain=0 leaseMs=1200000
[229317][I][MQTT] Dump complete
=== send: spool count ===
[229500][I][STORAGE] Upload batch closed ??? maintenance queued dirty=1 sidecar=0 flags=dirty_spool_index|dirty_summary|snapshot_lagged|upload_enrich_cursor_dirty|counter_untrusted|segment_audit|delete_drained|fs
[229504][I][STORAGE] Upload index released reason=upload_batch_end indexed=4508 sessions=52
[229550][I][STORAGE] Segment lifecycle seg=362 delete_pending->delete_pending
[229613][I][STORAGE] Spool compact pruned sessions=56 watermarks=56 scannedSegs=1 retainedSessions=0 ms=24
[229710][I][STORAGE] Spool compact removed=1 remaining=1
[229918][I][STORAGE] Spool diag[compact] validSegments=1 untrustedSegments=0 invalidSegments=0 activeSegment=363 totalRecords=0 storedEvents=0 pendingUpload=unknown nextEventId=28592 backlog=unknown
[229919][W][STORAGE] Counter trust=trusted reason=compact since=229919
[229925][I][STORAGE] RAMSpool worker resumed
[229926][I][STORAGE] Exclusive window end kind=upload result=done reason=upload_stream
[230084][I][WIFI] Radio suspended
[230085][I][STACK] TaskHardware upload watermark result=done before=10824B after=10824B drop=0B
spool count
[230098][I][STORAGE] RAMSpool worker paused inflight=0 lastInflight=0
[230099][I][STORAGE] Exclusive window begin kind=maintenance reason=manual_spool_count workerPaused=1 displaySuspended=1
[SPOOL] count starting...
[230146][I][STORAGE] Spool audit[manual_count] scannedSegs=1 scannedRecords=0 validEvents=0 uploadedRetained=0 validEnrichDeltas=0 invalidRecords=0 skippedRecords=0 quarantined=0 unreadable=0 pendingUpload=0->0 n
[SPOOL] totalRecords=0 validEvents=0 uploadedRetained=0 validEnrichDeltas=0 scannedRecords=0 ok=1 fatal=0
[SPOOL] validSegments=1 untrustedSegments=0 invalidSegments=0 active=363 oldest=363
[SPOOL] indexedTotalRecords=0 storedEvents=0 uploadedRetainedEstimate=0
=== upload/resume session closing 2026-08-07T15:10:16.1379658-05:00 ===
